domain,severity,issue_type,fund_id,field,source_column,db_column,source_value,db_value,difference,recommendation,asset_id,asset_code,db_api_enrichment_status,db_building_ledger_source,source_asset_name,db_asset_candidates_for_fund,db_asset_name,relation_type,source_rows,db_rows
fund_master,review,field_change_candidate,112051,maturity_date,만기일,maturity_date,2028-06-26,2026-12-26,,Review before update. Do not apply automatically.,,,,,,,,,,
fund_master,review,field_change_candidate,112065,termination_date,해지일,termination_date,2026-04-30,,,Review before update. Do not apply automatically.,,,,,,,,,,
fund_master,review,field_change_candidate,112174,termination_date,해지일,termination_date,2026-04-30,,,Review before update. Do not apply automatically.,,,,,,,,,,
fund_master,review,field_change_candidate,112201,termination_date,해지일,termination_date,2026-04-30,,,Review before update. Do not apply automatically.,,,,,,,,,,
fund_master,review,field_change_candidate,112242,maturity_date,만기일,maturity_date,2999-12-31,,,Review before update. Do not apply automatically.,,,,,,,,,,
fund_master,review,field_change_candidate,112243,maturity_date,만기일,maturity_date,2999-12-31,,,Review before update. Do not apply automatically.,,,,,,,,,,
fund_master,review,field_change_candidate,112244,maturity_date,만기일,maturity_date,2999-12-31,,,Review before update. Do not apply automatically.,,,,,,,,,,
fund_master,review,field_change_candidate,112254,maturity_date,만기일,maturity_date,2999-12-31,,,Review before update. Do not apply automatically.,,,,,,,,,,
fund_master,review,field_change_candidate,112260,maturity_date,만기일,maturity_date,2999-12-31,,,Review before update. Do not apply automatically.,,,,,,,,,,
fund_master,review,field_change_candidate,112261,maturity_date,만기일,maturity_date,2999-12-31,,,Review before update. Do not apply automatically.,,,,,,,,,,
fund_master,review,field_change_candidate,112262,maturity_date,만기일,maturity_date,2999-12-31,,,Review before update. Do not apply automatically.,,,,,,,,,,
fund_master,review,field_change_candidate,112263,maturity_date,만기일,maturity_date,2999-12-31,,,Review before update. Do not apply automatically.,,,,,,,,,,
fund_master,review,field_change_candidate,112349,maturity_date,만기일,maturity_date,9999-12-31,,,Review before update. Do not apply automatically.,,,,,,,,,,
fund_master,review,field_change_candidate,112425,maturity_date,만기일,maturity_date,2999-12-31,,,Review before update. Do not apply automatically.,,,,,,,,,,
fund_master,review,field_change_candidate,112426,maturity_date,만기일,maturity_date,2999-12-31,,,Review before update. Do not apply automatically.,,,,,,,,,,
fund_master,review,field_change_candidate,112427,maturity_date,만기일,maturity_date,2999-12-31,,,Review before update. Do not apply automatically.,,,,,,,,,,
fund_master,review,field_change_candidate,112429,maturity_date,만기일,maturity_date,2999-12-31,,,Review before update. Do not apply automatically.,,,,,,,,,,
fund_master,review,field_change_candidate,112430,maturity_date,만기일,maturity_date,2999-12-31,,,Review before update. Do not apply automatically.,,,,,,,,,,
fund_master,review,field_change_candidate,112432,maturity_date,만기일,maturity_date,2999-12-31,,,Review before update. Do not apply automatically.,,,,,,,,,,
fund_master,review,field_change_candidate,112434,maturity_date,만기일,maturity_date,2999-12-31,,,Review before update. Do not apply automatically.,,,,,,,,,,
fund_master,review,field_change_candidate,112435,maturity_date,만기일,maturity_date,2999-12-31,,,Review before update. Do not apply automatically.,,,,,,,,,,
fund_master,review,field_change_candidate,112436,maturity_date,만기일,maturity_date,2999-12-31,,,Review before update. Do not apply automatically.,,,,,,,,,,
fund_master,review,field_change_candidate,112437,maturity_date,만기일,maturity_date,2999-12-31,,,Review before update. Do not apply automatically.,,,,,,,,,,
fund_master,review,field_change_candidate,112438,maturity_date,만기일,maturity_date,2999-12-31,,,Review before update. Do not apply automatically.,,,,,,,,,,
fund_master,review,field_change_candidate,112439,maturity_date,만기일,maturity_date,2999-12-31,,,Review before update. Do not apply automatically.,,,,,,,,,,
fund_master,review,field_change_candidate,112440,maturity_date,만기일,maturity_date,2999-12-31,,,Review before update. Do not apply automatically.,,,,,,,,,,
fund_master,review,field_change_candidate,112441,maturity_date,만기일,maturity_date,2999-12-31,,,Review before update. Do not apply automatically.,,,,,,,,,,
fund_master,review,field_change_candidate,112442,status,운용상태,status,청산,운용,,Review before update. Do not apply automatically.,,,,,,,,,,
fund_master,review,field_change_candidate,112442,termination_date,해지일,termination_date,2026-05-22,,,Review before update. Do not apply automatically.,,,,,,,,,,
fund_master,review,field_change_candidate,112474,status,운용상태,status,청산,운용,,Review before update. Do not apply automatically.,,,,,,,,,,
fund_master,review,field_change_candidate,112474,maturity_date,만기일,maturity_date,2026-05-28,2028-12-10,,Review before update. Do not apply automatically.,,,,,,,,,,
fund_master,review,field_change_candidate,112474,termination_date,해지일,termination_date,2026-05-28,,,Review before update. Do not apply automatically.,,,,,,,,,,
fund_master,review,field_change_candidate,112535,fund_name,펀드명,fund_name,이지스일반사모부동산투자신탁제407호,이지스제407호전문투자형사모부동산투자신탁,,Review before update. Do not apply automatically.,,,,,,,,,,
fund_master,review,field_change_candidate,112535,maturity_date,만기일,maturity_date,2029-06-09,2026-06-09,,Review before update. Do not apply automatically.,,,,,,,,,,
fund_master,review,field_change_candidate,112536,maturity_date,만기일,maturity_date,2026-07-09,2026-06-09,,Review before update. Do not apply automatically.,,,,,,,,,,
fund_master,review,field_change_candidate,112537,maturity_date,만기일,maturity_date,2026-07-09,2026-06-09,,Review before update. Do not apply automatically.,,,,,,,,,,
fund_master,review,field_change_candidate,112538,maturity_date,만기일,maturity_date,2026-07-09,2026-06-09,,Review before update. Do not apply automatically.,,,,,,,,,,
fund_master,review,field_change_candidate,112557,status,운용상태,status,청산,운용,,Review before update. Do not apply automatically.,,,,,,,,,,
fund_master,review,field_change_candidate,112557,maturity_date,만기일,maturity_date,2026-05-28,2031-06-01,,Review before update. Do not apply automatically.,,,,,,,,,,
fund_master,review,field_change_candidate,112557,termination_date,해지일,termination_date,2026-05-28,,,Review before update. Do not apply automatically.,,,,,,,,,,
fund_master,review,field_change_candidate,112587,maturity_date,만기일,maturity_date,2999-12-31,,,Review before update. Do not apply automatically.,,,,,,,,,,
fund_master,review,field_change_candidate,112594,status,운용상태,status,청산,운용,,Review before update. Do not apply automatically.,,,,,,,,,,
fund_master,review,field_change_candidate,112594,termination_date,해지일,termination_date,2026-05-22,,,Review before update. Do not apply automatically.,,,,,,,,,,
fund_master,review,field_change_candidate,112595,status,운용상태,status,청산,운용,,Review before update. Do not apply automatically.,,,,,,,,,,
fund_master,review,field_change_candidate,112595,termination_date,해지일,termination_date,2026-05-22,,,Review before update. Do not apply automatically.,,,,,,,,,,
fund_master,review,field_change_candidate,112626,maturity_date,만기일,maturity_date,2999-12-31,,,Review before update. Do not apply automatically.,,,,,,,,,,
fund_master,review,field_change_candidate,112629,maturity_date,만기일,maturity_date,2999-12-31,,,Review before update. Do not apply automatically.,,,,,,,,,,
fund_master,review,field_change_candidate,112630,status,운용상태,status,청산,운용,,Review before update. Do not apply automatically.,,,,,,,,,,
fund_master,review,field_change_candidate,112630,maturity_date,만기일,maturity_date,2026-05-28,2031-12-23,,Review before update. Do not apply automatically.,,,,,,,,,,
fund_master,review,field_change_candidate,112630,termination_date,해지일,termination_date,2026-05-28,,,Review before update. Do not apply automatically.,,,,,,,,,,
fund_master,review,field_change_candidate,112632,maturity_date,만기일,maturity_date,2999-12-31,,,Review before update. Do not apply automatically.,,,,,,,,,,
fund_master,review,field_change_candidate,112634,maturity_date,만기일,maturity_date,2999-12-31,,,Review before update. Do not apply automatically.,,,,,,,,,,
fund_master,review,field_change_candidate,112664,maturity_date,만기일,maturity_date,2999-12-31,,,Review before update. Do not apply automatically.,,,,,,,,,,
fund_master,review,field_change_candidate,112699,status,운용상태,status,청산,운용,,Review before update. Do not apply automatically.,,,,,,,,,,
fund_master,review,field_change_candidate,112699,maturity_date,만기일,maturity_date,2026-05-29,2030-07-15,,Review before update. Do not apply automatically.,,,,,,,,,,
fund_master,review,field_change_candidate,112699,termination_date,해지일,termination_date,2026-05-29,,,Review before update. Do not apply automatically.,,,,,,,,,,
fund_master,review,field_change_candidate,112744,maturity_date,만기일,maturity_date,2999-12-31,,,Review before update. Do not apply automatically.,,,,,,,,,,
fund_master,review,field_change_candidate,112756,maturity_date,만기일,maturity_date,2999-12-31,,,Review before update. Do not apply automatically.,,,,,,,,,,
fund_master,review,field_change_candidate,112759,maturity_date,만기일,maturity_date,2999-12-31,,,Review before update. Do not apply automatically.,,,,,,,,,,
fund_master,review,field_change_candidate,112760,maturity_date,만기일,maturity_date,2999-12-31,,,Review before update. Do not apply automatically.,,,,,,,,,,
fund_master,review,field_change_candidate,112778,manager,담당자(운용),manager,박채연,박동민,,Review before update. Do not apply automatically.,,,,,,,,,,
fund_master,review,field_change_candidate,112779,manager,담당자(운용),manager,박채연,박동민,,Review before update. Do not apply automatically.,,,,,,,,,,
fund_master,review,field_change_candidate,112780,manager,담당자(운용),manager,박채연,박동민,,Review before update. Do not apply automatically.,,,,,,,,,,
fund_master,review,field_change_candidate,120123,status,운용상태,status,운용,설정예정,,Review before update. Do not apply automatically.,,,,,,,,,,
fund_master,review,field_change_candidate,120123,location,국내/해외,location,국내,,,Review before update. Do not apply automatically.,,,,,,,,,,
fund_master,review,field_change_candidate,120123,setup_date,최초 설정일,setup_date,2026-06-01,2026-05-29,,Review before update. Do not apply automatically.,,,,,,,,,,
fund_master,review,field_change_candidate,120123,maturity_date,만기일,maturity_date,2033-06-01,,,Review before update. Do not apply automatically.,,,,,,,,,,
fund_master,update_candidate,new_source_fund_not_in_supabase,120124,,,,이지스부동산대출일반사모부동산투자신탁제2호(1종),,,New fund candidate. Verify whether it should be inserted.,,,,,,,,,,
fund_master,update_candidate,new_source_fund_not_in_supabase,120125,,,,이지스부동산대출일반사모부동산투자신탁제2호(2종),,,New fund candidate. Verify whether it should be inserted.,,,,,,,,,,
fund_master,update_candidate,new_source_fund_not_in_supabase,120126,,,,이지스 NPL 리스트럭처링일반사모부동산투자신탁,,,New fund candidate. Verify whether it should be inserted.,,,,,,,,,,
fund_master,review,field_change_candidate,190017,manager,담당자(운용),manager,강창원,양진수,,Review before update. Do not apply automatically.,,,,,,,,,,
fund_master,review,field_change_candidate,190018,manager,담당자(운용),manager,강창원,양진수,,Review before update. Do not apply automatically.,,,,,,,,,,
fund_master,review,field_change_candidate,190019,manager,담당자(운용),manager,강창원,양진수,,Review before update. Do not apply automatically.,,,,,,,,,,
fund_master,update_candidate,new_source_fund_not_in_supabase,200046,,,,이지스글로벌인프라일반사모투자신탁제7호,,,New fund candidate. Verify whether it should be inserted.,,,,,,,,,,
fund_master,review,field_change_candidate,300011,termination_date,해지일,termination_date,2026-04-28,,,Review before update. Do not apply automatically.,,,,,,,,,,
fund_master,review,field_change_candidate,300016,status,운용상태,status,청산,운용,,Review before update. Do not apply automatically.,,,,,,,,,,
fund_master,review,field_change_candidate,300016,maturity_date,만기일,maturity_date,2026-05-26,2027-02-28,,Review before update. Do not apply automatically.,,,,,,,,,,
fund_master,review,field_change_candidate,300016,termination_date,해지일,termination_date,2026-05-26,,,Review before update. Do not apply automatically.,,,,,,,,,,
fund_master,review,field_change_candidate,300017,maturity_date,만기일,maturity_date,2999-12-31,,,Review before update. Do not apply automatically.,,,,,,,,,,
fund_master,review,field_change_candidate,300038,maturity_date,만기일,maturity_date,2999-12-31,,,Review before update. Do not apply automatically.,,,,,,,,,,
fund_master,review,field_change_candidate,300046,maturity_date,만기일,maturity_date,2999-12-31,,,Review before update. Do not apply automatically.,,,,,,,,,,
fund_master,review,field_change_candidate,300051,status,운용상태,status,청산,운용,,Review before update. Do not apply automatically.,,,,,,,,,,
fund_master,review,field_change_candidate,300051,termination_date,해지일,termination_date,2026-05-14,,,Review before update. Do not apply automatically.,,,,,,,,,,
fund_master,review,field_change_candidate,300063,maturity_date,만기일,maturity_date,2999-12-31,,,Review before update. Do not apply automatically.,,,,,,,,,,
fund_master,review,field_change_candidate,300064,maturity_date,만기일,maturity_date,2999-12-31,,,Review before update. Do not apply automatically.,,,,,,,,,,
fund_master,review,field_change_candidate,300065,maturity_date,만기일,maturity_date,2999-12-31,,,Review before update. Do not apply automatically.,,,,,,,,,,
fund_master,review,field_change_candidate,300067,maturity_date,만기일,maturity_date,2999-12-31,,,Review before update. Do not apply automatically.,,,,,,,,,,
fund_master,review,field_change_candidate,300068,maturity_date,만기일,maturity_date,2999-12-31,,,Review before update. Do not apply automatically.,,,,,,,,,,
fund_master,review,field_change_candidate,300070,maturity_date,만기일,maturity_date,2999-12-31,,,Review before update. Do not apply automatically.,,,,,,,,,,
fund_master,review,field_change_candidate,300071,maturity_date,만기일,maturity_date,2999-12-31,,,Review before update. Do not apply automatically.,,,,,,,,,,
fund_master,review,field_change_candidate,300073,maturity_date,만기일,maturity_date,2999-12-31,,,Review before update. Do not apply automatically.,,,,,,,,,,
fund_master,review,field_change_candidate,300076,status,운용상태,status,청산,운용,,Review before update. Do not apply automatically.,,,,,,,,,,
fund_master,review,field_change_candidate,300076,maturity_date,만기일,maturity_date,2026-05-22,2027-07-28,,Review before update. Do not apply automatically.,,,,,,,,,,
fund_master,review,field_change_candidate,300076,termination_date,해지일,termination_date,2026-05-22,,,Review before update. Do not apply automatically.,,,,,,,,,,
fund_master,review,field_change_candidate,300077,status,운용상태,status,청산,운용,,Review before update. Do not apply automatically.,,,,,,,,,,
fund_master,review,field_change_candidate,300077,maturity_date,만기일,maturity_date,2026-05-22,2027-07-28,,Review before update. Do not apply automatically.,,,,,,,,,,
fund_master,review,field_change_candidate,300077,termination_date,해지일,termination_date,2026-05-22,,,Review before update. Do not apply automatically.,,,,,,,,,,
fund_master,review,field_change_candidate,300078,status,운용상태,status,청산,운용,,Review before update. Do not apply automatically.,,,,,,,,,,
fund_master,review,field_change_candidate,300078,maturity_date,만기일,maturity_date,2026-05-22,2027-07-28,,Review before update. Do not apply automatically.,,,,,,,,,,
fund_master,review,field_change_candidate,300078,termination_date,해지일,termination_date,2026-05-22,,,Review before update. Do not apply automatically.,,,,,,,,,,
fund_master,review,field_change_candidate,300080,maturity_date,만기일,maturity_date,2999-12-31,,,Review before update. Do not apply automatically.,,,,,,,,,,
fund_master,review,field_change_candidate,300083,maturity_date,만기일,maturity_date,2999-12-31,,,Review before update. Do not apply automatically.,,,,,,,,,,
fund_master,review,field_change_candidate,300084,maturity_date,만기일,maturity_date,2999-12-31,,,Review before update. Do not apply automatically.,,,,,,,,,,
fund_master,update_candidate,new_source_fund_not_in_supabase,300086,,,,이지스 멀티플러스 일반사모투자신탁 제3호,,,New fund candidate. Verify whether it should be inserted.,,,,,,,,,,
fund_master,update_candidate,new_source_fund_not_in_supabase,300087,,,,이지스 멀티플러스 일반사모투자신탁 제3호(Class A),,,New fund candidate. Verify whether it should be inserted.,,,,,,,,,,
fund_master,update_candidate,new_source_fund_not_in_supabase,300088,,,,이지스 멀티플러스 일반사모투자신탁 제3호(Class C),,,New fund candidate. Verify whether it should be inserted.,,,,,,,,,,
fund_master,update_candidate,new_source_fund_not_in_supabase,300089,,,,이지스 멀티플러스 일반사모투자신탁 제3호(Class C-S),,,New fund candidate. Verify whether it should be inserted.,,,,,,,,,,
fund_master,update_candidate,new_source_fund_not_in_supabase,300090,,,,이지스그린ON 일반사모투자신탁제5호,,,New fund candidate. Verify whether it should be inserted.,,,,,,,,,,
fund_master,review,field_change_candidate,P00003,primary_region,주요투자지역,primary_region,대한민국,,,Review before update. Do not apply automatically.,,,,,,,,,,
fund_master,review,field_change_candidate,P00004,primary_region,주요투자지역,primary_region,대한민국,,,Review before update. Do not apply automatically.,,,,,,,,,,
fund_master,review,field_change_candidate,P00013,primary_region,주요투자지역,primary_region,대한민국,,,Review before update. Do not apply automatically.,,,,,,,,,,
fund_master,review,field_change_candidate,P00020,primary_region,주요투자지역,primary_region,대한민국,,,Review before update. Do not apply automatically.,,,,,,,,,,
fund_master,review,field_change_candidate,P00036,termination_date,해지일,termination_date,2026-04-14,,,Review before update. Do not apply automatically.,,,,,,,,,,
fund_master,review,field_change_candidate,P00039,fund_name,펀드명,fund_name,용산라이프시티피에프브이(주),용산라이프시티PFV,,Review before update. Do not apply automatically.,,,,,,,,,,
fund_master,review,field_change_candidate,P00039,primary_region,주요투자지역,primary_region,대한민국,,,Review before update. Do not apply automatically.,,,,,,,,,,
fund_master,review,field_change_candidate,P00039,setup_date,최초 설정일,setup_date,2026-05-14,,,Review before update. Do not apply automatically.,,,,,,,,,,
fund_master,review,field_change_candidate,P00039,maturity_date,만기일,maturity_date,2027-02-20,,,Review before update. Do not apply automatically.,,,,,,,,,,
fund_master,review,field_change_candidate,R00001,recruitment_type,모집형태,recruitment_type,,일반사모(전문투자자),,Review before update. Do not apply automatically.,,,,,,,,,,
fund_master,review,field_change_candidate,R00001,primary_region,주요투자지역,primary_region,대한민국,,,Review before update. Do not apply automatically.,,,,,,,,,,
fund_master,review,field_change_candidate,R00001,setup_date,최초 설정일,setup_date,2019-10-19,2019-08-26,,Review before update. Do not apply automatically.,,,,,,,,,,
fund_master,review,field_change_candidate,R00001,maturity_date,만기일,maturity_date,9999-12-31,,,Review before update. Do not apply automatically.,,,,,,,,,,
fund_master,review,field_change_candidate,R00002,location,국내/해외,location,국내,,,Review before update. Do not apply automatically.,,,,,,,,,,
fund_master,review,field_change_candidate,R00002,primary_region,주요투자지역,primary_region,대한민국,,,Review before update. Do not apply automatically.,,,,,,,,,,
fund_master,review,field_change_candidate,R00004,recruitment_type,모집형태,recruitment_type,,일반사모(일반투자자),,Review before update. Do not apply automatically.,,,,,,,,,,
fund_master,review,field_change_candidate,R00004,primary_region,주요투자지역,primary_region,대한민국,,,Review before update. Do not apply automatically.,,,,,,,,,,
fund_master,review,field_change_candidate,R00004,setup_date,최초 설정일,setup_date,2020-09-24,2020-07-17,,Review before update. Do not apply automatically.,,,,,,,,,,
fund_master,review,field_change_candidate,R00004,maturity_date,만기일,maturity_date,9999-12-31,,,Review before update. Do not apply automatically.,,,,,,,,,,
fund_master,review,field_change_candidate,R00005,primary_region,주요투자지역,primary_region,글로벌,,,Review before update. Do not apply automatically.,,,,,,,,,,
fund_master,review,field_change_candidate,R00006,primary_region,주요투자지역,primary_region,글로벌,,,Review before update. Do not apply automatically.,,,,,,,,,,
fund_master,review,field_change_candidate,R00006,setup_date,최초 설정일,setup_date,2021-11-25,2020-11-25,,Review before update. Do not apply automatically.,,,,,,,,,,
fund_master,review,field_change_candidate,R00006,maturity_date,만기일,maturity_date,9999-12-31,,,Review before update. Do not apply automatically.,,,,,,,,,,
fund_master,review,field_change_candidate,R00007,primary_region,주요투자지역,primary_region,대한민국,,,Review before update. Do not apply automatically.,,,,,,,,,,
fund_master,review,field_change_candidate,R00007,setup_date,최초 설정일,setup_date,2021-07-09,2021-01-14,,Review before update. Do not apply automatically.,,,,,,,,,,
fund_master,review,field_change_candidate,R00007,maturity_date,만기일,maturity_date,2022-10-22,2022-11-29,,Review before update. Do not apply automatically.,,,,,,,,,,
fund_master,review,field_change_candidate,R00007,termination_date,해지일,termination_date,2022-10-22,2022-11-29,,Review before update. Do not apply automatically.,,,,,,,,,,
fund_master,review,field_change_candidate,R00008,primary_region,주요투자지역,primary_region,대한민국,,,Review before update. Do not apply automatically.,,,,,,,,,,
fund_master,review,field_change_candidate,R00008,manager,담당자(운용),manager,강민수,임수빈,,Review before update. Do not apply automatically.,,,,,,,,,,
fund_master,review,field_change_candidate,R00008,setup_date,최초 설정일,setup_date,2020-06-03,2020-02-03,,Review before update. Do not apply automatically.,,,,,,,,,,
fund_master,review,field_change_candidate,R00008,maturity_date,만기일,maturity_date,9999-12-31,,,Review before update. Do not apply automatically.,,,,,,,,,,
fund_master,review,field_change_candidate,R00010,recruitment_type,모집형태,recruitment_type,,일반사모(전문투자자),,Review before update. Do not apply automatically.,,,,,,,,,,
fund_master,review,field_change_candidate,R00010,primary_region,주요투자지역,primary_region,글로벌,,,Review before update. Do not apply automatically.,,,,,,,,,,
fund_master,review,field_change_candidate,R00010,manager,담당자(운용),manager,강민수,임수빈,,Review before update. Do not apply automatically.,,,,,,,,,,
fund_master,review,field_change_candidate,R00010,setup_date,최초 설정일,setup_date,2022-06-30,2021-12-14,,Review before update. Do not apply automatically.,,,,,,,,,,
fund_master,review,field_change_candidate,R00010,maturity_date,만기일,maturity_date,9999-12-31,,,Review before update. Do not apply automatically.,,,,,,,,,,
fund_master,review,field_change_candidate,R00011,primary_region,주요투자지역,primary_region,대한민국,,,Review before update. Do not apply automatically.,,,,,,,,,,
fund_master,review,field_change_candidate,R00011,setup_date,최초 설정일,setup_date,2020-06-20,2019-07-16,,Review before update. Do not apply automatically.,,,,,,,,,,
fund_master,review,field_change_candidate,R00011,maturity_date,만기일,maturity_date,9999-12-31,,,Review before update. Do not apply automatically.,,,,,,,,,,
fund_master,review,field_change_candidate,R00012,primary_region,주요투자지역,primary_region,대한민국,,,Review before update. Do not apply automatically.,,,,,,,,,,
fund_master,review,field_change_candidate,R00012,setup_date,최초 설정일,setup_date,2019-05-25,2019-01-29,,Review before update. Do not apply automatically.,,,,,,,,,,
fund_master,review,field_change_candidate,R00012,maturity_date,만기일,maturity_date,9999-12-31,2031-05-31,,Review before update. Do not apply automatically.,,,,,,,,,,
fund_master,review,field_change_candidate,R00013,recruitment_type,모집형태,recruitment_type,,일반사모(전문투자자),,Review before update. Do not apply automatically.,,,,,,,,,,
fund_master,review,field_change_candidate,R00013,primary_region,주요투자지역,primary_region,대한민국,,,Review before update. Do not apply automatically.,,,,,,,,,,
fund_master,review,field_change_candidate,R00013,setup_date,최초 설정일,setup_date,2024-12-28,2024-12-30,,Review before update. Do not apply automatically.,,,,,,,,,,
fund_master,review,field_change_candidate,R00014,sector,투자섹터,sector,리테일,,,Review before update. Do not apply automatically.,,,,,,,,,,
fund_master,review,field_change_candidate,R00014,primary_region,주요투자지역,primary_region,대한민국,,,Review before update. Do not apply automatically.,,,,,,,,,,
fund_master,review,field_change_candidate,R00014,setup_date,최초 설정일,setup_date,2025-02-17,,,Review before update. Do not apply automatically.,,,,,,,,,,
fund_master,review,field_change_candidate,R00014,maturity_date,만기일,maturity_date,2044-10-15,,,Review before update. Do not apply automatically.,,,,,,,,,,
fund_master,review,field_change_candidate,R00016,sector,투자섹터,sector,주거,,,Review before update. Do not apply automatically.,,,,,,,,,,
fund_master,review,field_change_candidate,R00016,primary_region,주요투자지역,primary_region,대한민국,,,Review before update. Do not apply automatically.,,,,,,,,,,
fund_master,review,field_change_candidate,R00016,setup_date,최초 설정일,setup_date,2025-11-22,,,Review before update. Do not apply automatically.,,,,,,,,,,
fund_master,review,field_change_candidate,R00016,maturity_date,만기일,maturity_date,9999-12-31,,,Review before update. Do not apply automatically.,,,,,,,,,,
fund_master,info,supabase_fund_not_in_today_source,R00003,,,,,이지스레지던스위탁관리부동산투자회사,,Likely inactive/old/out-of-scope for today's workbook; do not delete without lifecycle review.,,,,,,,,,,
fund_aum,review,field_change_candidate,112005,aum_base_date,기준일자,aum_base_date,2026-05-31,2026-04-30,,Review before update. Do not apply automatically.,,,,,,,,,,
fund_aum,review,field_change_candidate,112006,aum_base_date,기준일자,aum_base_date,2026-05-31,2026-04-30,,Review before update. Do not apply automatically.,,,,,,,,,,
fund_aum,review,field_change_candidate,112008,aum_base_date,기준일자,aum_base_date,2026-05-31,2026-04-30,,Review before update. Do not apply automatically.,,,,,,,,,,
fund_aum,review,numeric_change_candidate,112008,equity_won,Equity 총액(원),equity_won,363210387716,362228633469,981754247,Likely update candidate if the new workbook is the authoritative period.,,,,,,,,,,
fund_aum,review,numeric_change_candidate,112008,benchmark_aum,AUM(원),benchmark_aum,978754387716,977772633469,981754247,Likely update candidate if the new workbook is the authoritative period.,,,,,,,,,,
fund_aum,review,numeric_change_candidate,112008,invested_equity_won,Equity 총액(원).1,invested_equity_won,363210387716,362228633469,981754247,Likely update candidate if the new workbook is the authoritative period.,,,,,,,,,,
fund_aum,review,numeric_change_candidate,112008,invested_aum,AUM(원).1,invested_aum,978754387716,977772633469,981754247,Likely update candidate if the new workbook is the authoritative period.,,,,,,,,,,
fund_aum,review,field_change_candidate,112011,aum_base_date,기준일자,aum_base_date,2026-05-31,2026-04-30,,Review before update. Do not apply automatically.,,,,,,,,,,
fund_aum,review,field_change_candidate,112012,aum_base_date,기준일자,aum_base_date,2026-05-31,2026-04-30,,Review before update. Do not apply automatically.,,,,,,,,,,
fund_aum,review,field_change_candidate,112016,aum_base_date,기준일자,aum_base_date,2026-05-31,2026-04-30,,Review before update. Do not apply automatically.,,,,,,,,,,
fund_aum,review,field_change_candidate,112017,aum_base_date,기준일자,aum_base_date,2026-05-31,2026-04-30,,Review before update. Do not apply automatically.,,,,,,,,,,
fund_aum,review,field_change_candidate,112018,aum_base_date,기준일자,aum_base_date,2026-05-31,2026-04-30,,Review before update. Do not apply automatically.,,,,,,,,,,
fund_aum,review,field_change_candidate,112024,aum_base_date,기준일자,aum_base_date,2026-05-31,2026-04-30,,Review before update. Do not apply automatically.,,,,,,,,,,
fund_aum,review,field_change_candidate,112026,aum_base_date,기준일자,aum_base_date,2026-05-31,2026-04-30,,Review before update. Do not apply automatically.,,,,,,,,,,
fund_aum,review,numeric_change_candidate,112026,equity_won,Equity 총액(원),equity_won,30173079000,29680833000,492246000,Likely update candidate if the new workbook is the authoritative period.,,,,,,,,,,
fund_aum,review,numeric_change_candidate,112026,benchmark_aum,AUM(원),benchmark_aum,30173079000,29680833000,492246000,Likely update candidate if the new workbook is the authoritative period.,,,,,,,,,,
fund_aum,review,field_change_candidate,112029,aum_base_date,기준일자,aum_base_date,2026-05-31,2026-04-30,,Review before update. Do not apply automatically.,,,,,,,,,,
fund_aum,review,field_change_candidate,112030,aum_base_date,기준일자,aum_base_date,2026-05-31,2026-04-30,,Review before update. Do not apply automatically.,,,,,,,,,,
fund_aum,review,numeric_change_candidate,112030,equity_won,Equity 총액(원),equity_won,75395000000,74165000000,1230000000,Likely update candidate if the new workbook is the authoritative period.,,,,,,,,,,
fund_aum,review,numeric_change_candidate,112030,benchmark_aum,AUM(원),benchmark_aum,75395000000,74165000000,1230000000,Likely update candidate if the new workbook is the authoritative period.,,,,,,,,,,
fund_aum,review,field_change_candidate,112032,aum_base_date,기준일자,aum_base_date,2026-05-31,2026-04-30,,Review before update. Do not apply automatically.,,,,,,,,,,
fund_aum,review,numeric_change_candidate,112032,equity_won,Equity 총액(원),equity_won,22633579000,22264333000,369246000,Likely update candidate if the new workbook is the authoritative period.,,,,,,,,,,
fund_aum,review,numeric_change_candidate,112032,benchmark_aum,AUM(원),benchmark_aum,22633579000,22264333000,369246000,Likely update candidate if the new workbook is the authoritative period.,,,,,,,,,,
fund_aum,review,field_change_candidate,112033,aum_base_date,기준일자,aum_base_date,2026-05-31,2026-04-30,,Review before update. Do not apply automatically.,,,,,,,,,,
fund_aum,review,field_change_candidate,112034,aum_base_date,기준일자,aum_base_date,2026-05-31,2026-04-30,,Review before update. Do not apply automatically.,,,,,,,,,,
fund_aum,review,field_change_candidate,112035,aum_base_date,기준일자,aum_base_date,2026-05-31,2026-04-30,,Review before update. Do not apply automatically.,,,,,,,,,,
fund_aum,review,numeric_change_candidate,112035,loan_won,Loan 총액(원),loan_won,366908413500,362919214500,3989199000,Likely update candidate if the new workbook is the authoritative period.,,,,,,,,,,
fund_aum,review,numeric_change_candidate,112035,benchmark_aum,AUM(원),benchmark_aum,517247693068,513258494068,3989199000,Likely update candidate if the new workbook is the authoritative period.,,,,,,,,,,
fund_aum,review,numeric_change_candidate,112035,invested_loan_won,Loan 총액(원).1,invested_loan_won,366908413500,362919214500,3989199000,Likely update candidate if the new workbook is the authoritative period.,,,,,,,,,,
fund_aum,review,numeric_change_candidate,112035,invested_aum,AUM(원).1,invested_aum,517247693068,513258494068,3989199000,Likely update candidate if the new workbook is the authoritative period.,,,,,,,,,,
fund_aum,review,field_change_candidate,112036,aum_base_date,기준일자,aum_base_date,2026-05-31,2026-04-30,,Review before update. Do not apply automatically.,,,,,,,,,,
fund_aum,review,field_change_candidate,112037,aum_base_date,기준일자,aum_base_date,2026-05-31,2026-04-30,,Review before update. Do not apply automatically.,,,,,,,,,,
fund_aum,review,field_change_candidate,112038,aum_base_date,기준일자,aum_base_date,2026-05-31,2026-04-30,,Review before update. Do not apply automatically.,,,,,,,,,,
fund_aum,review,field_change_candidate,112039,aum_base_date,기준일자,aum_base_date,2026-05-31,2026-04-30,,Review before update. Do not apply automatically.,,,,,,,,,,
fund_aum,review,field_change_candidate,112048,aum_base_date,기준일자,aum_base_date,2026-05-31,2026-04-30,,Review before update. Do not apply automatically.,,,,,,,,,,
fund_aum,review,field_change_candidate,112049,aum_base_date,기준일자,aum_base_date,2026-05-31,2026-04-30,,Review before update. Do not apply automatically.,,,,,,,,,,
fund_aum,review,numeric_change_candidate,112049,equity_won,Equity 총액(원),equity_won,419251285834,412411587159,6839698675,Likely update candidate if the new workbook is the authoritative period.,,,,,,,,,,
fund_aum,review,numeric_change_candidate,112049,loan_won,Loan 총액(원),loan_won,187431970000,184374190000,3057780000,Likely update candidate if the new workbook is the authoritative period.,,,,,,,,,,
fund_aum,review,numeric_change_candidate,112049,benchmark_aum,AUM(원),benchmark_aum,606683255834,596785777159,9897478675,Likely update candidate if the new workbook is the authoritative period.,,,,,,,,,,
fund_aum,review,numeric_change_candidate,112049,invested_loan_won,Loan 총액(원).1,invested_loan_won,160707826228,158086026025,2621800203,Likely update candidate if the new workbook is the authoritative period.,,,,,,,,,,
fund_aum,review,numeric_change_candidate,112049,invested_aum,AUM(원).1,invested_aum,656929067385,654307267182,2621800203,Likely update candidate if the new workbook is the authoritative period.,,,,,,,,,,
fund_aum,review,field_change_candidate,112051,aum_base_date,기준일자,aum_base_date,2026-05-31,2026-04-30,,Review before update. Do not apply automatically.,,,,,,,,,,
fund_aum,review,numeric_change_candidate,112051,equity_won,Equity 총액(원),equity_won,43933316300,43285057100,648259200,Likely update candidate if the new workbook is the authoritative period.,,,,,,,,,,
fund_aum,review,numeric_change_candidate,112051,benchmark_aum,AUM(원),benchmark_aum,43933316300,43285057100,648259200,Likely update candidate if the new workbook is the authoritative period.,,,,,,,,,,
fund_aum,review,field_change_candidate,112057,aum_base_date,기준일자,aum_base_date,2026-05-31,2026-04-30,,Review before update. Do not apply automatically.,,,,,,,,,,
fund_aum,review,numeric_change_candidate,112057,equity_won,Equity 총액(원),equity_won,226185000000,222495000000,3690000000,Likely update candidate if the new workbook is the authoritative period.,,,,,,,,,,
fund_aum,review,numeric_change_candidate,112057,benchmark_aum,AUM(원),benchmark_aum,226185000000,222495000000,3690000000,Likely update candidate if the new workbook is the authoritative period.,,,,,,,,,,
fund_aum,review,numeric_change_candidate,112057,invested_equity_won,Equity 총액(원).1,invested_equity_won,84287513234,86159144031,-1871630797,Likely update candidate if the new workbook is the authoritative period.,,,,,,,,,,
fund_aum,review,numeric_change_candidate,112057,invested_aum,AUM(원).1,invested_aum,84287513234,86159144031,-1871630797,Likely update candidate if the new workbook is the authoritative period.,,,,,,,,,,
fund_aum,review,field_change_candidate,112058,aum_base_date,기준일자,aum_base_date,2026-05-31,2026-04-30,,Review before update. Do not apply automatically.,,,,,,,,,,
fund_aum,review,numeric_change_candidate,112058,loan_won,Loan 총액(원),loan_won,267091199925,263150128725,3941071200,Likely update candidate if the new workbook is the authoritative period.,,,,,,,,,,
fund_aum,review,numeric_change_candidate,112058,benchmark_aum,AUM(원),benchmark_aum,425053452015,421112380815,3941071200,Likely update candidate if the new workbook is the authoritative period.,,,,,,,,,,
fund_aum,review,numeric_change_candidate,112058,invested_loan_won,Loan 총액(원).1,invested_loan_won,267091199925,263150128725,3941071200,Likely update candidate if the new workbook is the authoritative period.,,,,,,,,,,
fund_aum,review,numeric_change_candidate,112058,invested_aum,AUM(원).1,invested_aum,425053452015,421112380815,3941071200,Likely update candidate if the new workbook is the authoritative period.,,,,,,,,,,
fund_aum,review,field_change_candidate,112064,aum_base_date,기준일자,aum_base_date,2026-05-31,2026-04-30,,Review before update. Do not apply automatically.,,,,,,,,,,
fund_aum,review,numeric_change_candidate,112064,deposit_won,기준일자 임대보증금(원),deposit_won,1442934000,1436934000,6000000,Likely update candidate if the new workbook is the authoritative period.,,,,,,,,,,
fund_aum,review,numeric_change_candidate,112064,benchmark_aum,AUM(원),benchmark_aum,96442934000,96436934000,6000000,Likely update candidate if the new workbook is the authoritative period.,,,,,,,,,,
fund_aum,review,numeric_change_candidate,112064,invested_deposit_won,기준일자 임대보증금(원).1,invested_deposit_won,1442934000,1436934000,6000000,Likely update candidate if the new workbook is the authoritative period.,,,,,,,,,,
fund_aum,review,numeric_change_candidate,112064,invested_aum,AUM(원).1,invested_aum,96442934000,96436934000,6000000,Likely update candidate if the new workbook is the authoritative period.,,,,,,,,,,
fund_aum,review,field_change_candidate,112067,aum_base_date,기준일자,aum_base_date,2026-05-31,2026-04-30,,Review before update. Do not apply automatically.,,,,,,,,,,
fund_aum,review,numeric_change_candidate,112067,equity_won,Equity 총액(원),equity_won,126423723268,124361236636,2062486632,Likely update candidate if the new workbook is the authoritative period.,,,,,,,,,,
fund_aum,review,numeric_change_candidate,112067,benchmark_aum,AUM(원),benchmark_aum,197723723268,195661236636,2062486632,Likely update candidate if the new workbook is the authoritative period.,,,,,,,,,,
fund_aum,review,field_change_candidate,112068,aum_base_date,기준일자,aum_base_date,2026-05-31,2026-04-30,,Review before update. Do not apply automatically.,,,,,,,,,,
fund_aum,review,field_change_candidate,112069,aum_base_date,기준일자,aum_base_date,2026-05-31,2026-04-30,,Review before update. Do not apply automatically.,,,,,,,,,,
fund_aum,review,field_change_candidate,112074,aum_base_date,기준일자,aum_base_date,2026-05-31,2026-04-30,,Review before update. Do not apply automatically.,,,,,,,,,,
fund_aum,review,numeric_change_candidate,112074,equity_won,Equity 총액(원),equity_won,52698900000,51921300000,777600000,Likely update candidate if the new workbook is the authoritative period.,,,,,,,,,,
fund_aum,review,numeric_change_candidate,112074,benchmark_aum,AUM(원),benchmark_aum,52698900000,51921300000,777600000,Likely update candidate if the new workbook is the authoritative period.,,,,,,,,,,
fund_aum,review,field_change_candidate,112077,aum_base_date,기준일자,aum_base_date,2026-05-31,2026-04-30,,Review before update. Do not apply automatically.,,,,,,,,,,
fund_aum,review,field_change_candidate,112080,aum_base_date,기준일자,aum_base_date,2026-05-31,2026-04-30,,Review before update. Do not apply automatically.,,,,,,,,,,
fund_aum,review,numeric_change_candidate,112080,deposit_won,기준일자 임대보증금(원),deposit_won,10763519476,11513519476,-750000000,Likely update candidate if the new workbook is the authoritative period.,,,,,,,,,,
fund_aum,review,numeric_change_candidate,112080,benchmark_aum,AUM(원),benchmark_aum,255952047476,256702047476,-750000000,Likely update candidate if the new workbook is the authoritative period.,,,,,,,,,,
fund_aum,review,numeric_change_candidate,112080,invested_deposit_won,기준일자 임대보증금(원).1,invested_deposit_won,10763519476,11513519476,-750000000,Likely update candidate if the new workbook is the authoritative period.,,,,,,,,,,
fund_aum,review,numeric_change_candidate,112080,invested_aum,AUM(원).1,invested_aum,187671176486,188421176486,-750000000,Likely update candidate if the new workbook is the authoritative period.,,,,,,,,,,
fund_aum,review,field_change_candidate,112085,aum_base_date,기준일자,aum_base_date,2026-05-31,2026-04-30,,Review before update. Do not apply automatically.,,,,,,,,,,
fund_aum,review,numeric_change_candidate,112085,invested_equity_won,Equity 총액(원).1,invested_equity_won,405632192000,406100141000,-467949000,Likely update candidate if the new workbook is the authoritative period.,,,,,,,,,,
fund_aum,review,numeric_change_candidate,112085,invested_aum,AUM(원).1,invested_aum,887920872080,888388821080,-467949000,Likely update candidate if the new workbook is the authoritative period.,,,,,,,,,,
fund_aum,review,field_change_candidate,112086,aum_base_date,기준일자,aum_base_date,2026-05-31,2026-04-30,,Review before update. Do not apply automatically.,,,,,,,,,,
fund_aum,review,field_change_candidate,112092,aum_base_date,기준일자,aum_base_date,2026-05-31,2026-04-30,,Review before update. Do not apply automatically.,,,,,,,,,,
fund_aum,review,field_change_candidate,112093,aum_base_date,기준일자,aum_base_date,2026-05-31,2026-04-30,,Review before update. Do not apply automatically.,,,,,,,,,,
fund_aum,review,numeric_change_candidate,112093,equity_won,Equity 총액(원),equity_won,737326000000,732142000000,5184000000,Likely update candidate if the new workbook is the authoritative period.,,,,,,,,,,
fund_aum,review,numeric_change_candidate,112093,loan_won,Loan 총액(원),loan_won,271915784220,267903523740,4012260480,Likely update candidate if the new workbook is the authoritative period.,,,,,,,,,,
fund_aum,review,numeric_change_candidate,112093,benchmark_aum,AUM(원),benchmark_aum,1009241784220,1000045523740,9196260480,Likely update candidate if the new workbook is the authoritative period.,,,,,,,,,,
fund_aum,review,numeric_change_candidate,112093,invested_loan_won,Loan 총액(원).1,invested_loan_won,271915784220,267903523740,4012260480,Likely update candidate if the new workbook is the authoritative period.,,,,,,,,,,
fund_aum,review,numeric_change_candidate,112093,invested_aum,AUM(원).1,invested_aum,826584835286,822572574806,4012260480,Likely update candidate if the new workbook is the authoritative period.,,,,,,,,,,
fund_aum,review,field_change_candidate,112095,aum_base_date,기준일자,aum_base_date,2026-05-31,2026-04-30,,Review before update. Do not apply automatically.,,,,,,,,,,
fund_aum,review,field_change_candidate,112100,aum_base_date,기준일자,aum_base_date,2026-05-31,2026-04-30,,Review before update. Do not apply automatically.,,,,,,,,,,
fund_aum,review,field_change_candidate,112104,aum_base_date,기준일자,aum_base_date,2026-05-31,2026-04-30,,Review before update. Do not apply automatically.,,,,,,,,,,
fund_aum,review,field_change_candidate,112109,aum_base_date,기준일자,aum_base_date,2026-05-31,2026-04-30,,Review before update. Do not apply automatically.,,,,,,,,,,
fund_aum,review,field_change_candidate,112114,aum_base_date,기준일자,aum_base_date,2026-05-31,2026-04-30,,Review before update. Do not apply automatically.,,,,,,,,,,
fund_aum,review,field_change_candidate,112115,aum_base_date,기준일자,aum_base_date,2026-05-31,2026-04-30,,Review before update. Do not apply automatically.,,,,,,,,,,
fund_aum,review,field_change_candidate,112127,aum_base_date,기준일자,aum_base_date,2026-05-31,2026-04-30,,Review before update. Do not apply automatically.,,,,,,,,,,
fund_aum,review,field_change_candidate,112132,aum_base_date,기준일자,aum_base_date,2026-05-31,2026-04-30,,Review before update. Do not apply automatically.,,,,,,,,,,
fund_aum,review,field_change_candidate,112143,aum_base_date,기준일자,aum_base_date,2026-05-31,2026-04-30,,Review before update. Do not apply automatically.,,,,,,,,,,
fund_aum,review,numeric_change_candidate,112143,equity_won,Equity 총액(원),equity_won,30158000000,29666000000,492000000,Likely update candidate if the new workbook is the authoritative period.,,,,,,,,,,
fund_aum,review,numeric_change_candidate,112143,benchmark_aum,AUM(원),benchmark_aum,30158000000,29666000000,492000000,Likely update candidate if the new workbook is the authoritative period.,,,,,,,,,,
fund_aum,review,field_change_candidate,112144,aum_base_date,기준일자,aum_base_date,2026-05-31,2026-04-30,,Review before update. Do not apply automatically.,,,,,,,,,,
fund_aum,review,field_change_candidate,112147,aum_base_date,기준일자,aum_base_date,2026-05-31,2026-04-30,,Review before update. Do not apply automatically.,,,,,,,,,,
fund_aum,review,numeric_change_candidate,112147,equity_won,Equity 총액(원),equity_won,120632000000,118664000000,1968000000,Likely update candidate if the new workbook is the authoritative period.,,,,,,,,,,
fund_aum,review,numeric_change_candidate,112147,benchmark_aum,AUM(원),benchmark_aum,120632000000,118664000000,1968000000,Likely update candidate if the new workbook is the authoritative period.,,,,,,,,,,
fund_aum,review,field_change_candidate,112153,aum_base_date,기준일자,aum_base_date,2026-05-31,2026-04-30,,Review before update. Do not apply automatically.,,,,,,,,,,
fund_aum,review,field_change_candidate,112158,aum_base_date,기준일자,aum_base_date,2026-05-31,2026-04-30,,Review before update. Do not apply automatically.,,,,,,,,,,
fund_aum,review,numeric_change_candidate,112158,equity_won,Equity 총액(원),equity_won,105553000000,103831000000,1722000000,Likely update candidate if the new workbook is the authoritative period.,,,,,,,,,,
fund_aum,review,numeric_change_candidate,112158,benchmark_aum,AUM(원),benchmark_aum,105553000000,103831000000,1722000000,Likely update candidate if the new workbook is the authoritative period.,,,,,,,,,,
fund_aum,review,field_change_candidate,112159,aum_base_date,기준일자,aum_base_date,2026-05-31,2026-04-30,,Review before update. Do not apply automatically.,,,,,,,,,,
fund_aum,review,field_change_candidate,112160,aum_base_date,기준일자,aum_base_date,2026-05-31,2026-04-30,,Review before update. Do not apply automatically.,,,,,,,,,,
fund_aum,review,field_change_candidate,112162,aum_base_date,기준일자,aum_base_date,2026-05-31,2026-04-30,,Review before update. Do not apply automatically.,,,,,,,,,,
fund_aum,review,numeric_change_candidate,112162,equity_won,Equity 총액(원),equity_won,37697500000,37082500000,615000000,Likely update candidate if the new workbook is the authoritative period.,,,,,,,,,,
fund_aum,review,numeric_change_candidate,112162,benchmark_aum,AUM(원),benchmark_aum,37697500000,37082500000,615000000,Likely update candidate if the new workbook is the authoritative period.,,,,,,,,,,
fund_aum,review,field_change_candidate,112165,aum_base_date,기준일자,aum_base_date,2026-05-31,2026-04-30,,Review before update. Do not apply automatically.,,,,,,,,,,
fund_aum,review,field_change_candidate,112170,aum_base_date,기준일자,aum_base_date,2026-05-31,2026-04-30,,Review before update. Do not apply automatically.,,,,,,,,,,
fund_aum,review,numeric_change_candidate,112170,loan_won,Loan 총액(원),loan_won,14403822696,14168837592,234985104,Likely update candidate if the new workbook is the authoritative period.,,,,,,,,,,
fund_aum,review,numeric_change_candidate,112170,benchmark_aum,AUM(원),benchmark_aum,28922965409,28687980305,234985104,Likely update candidate if the new workbook is the authoritative period.,,,,,,,,,,
fund_aum,review,numeric_change_candidate,112170,invested_loan_won,Loan 총액(원).1,invested_loan_won,14403822696,14168837592,234985104,Likely update candidate if the new workbook is the authoritative period.,,,,,,,,,,
fund_aum,review,numeric_change_candidate,112170,invested_aum,AUM(원).1,invested_aum,28922965409,28687980305,234985104,Likely update candidate if the new workbook is the authoritative period.,,,,,,,,,,
fund_aum,review,field_change_candidate,112171,aum_base_date,기준일자,aum_base_date,2026-05-31,2026-04-30,,Review before update. Do not apply automatically.,,,,,,,,,,
fund_aum,review,numeric_change_candidate,112171,loan_won,Loan 총액(원),loan_won,9602548464,9445891728,156656736,Likely update candidate if the new workbook is the authoritative period.,,,,,,,,,,
fund_aum,review,numeric_change_candidate,112171,benchmark_aum,AUM(원),benchmark_aum,19281979520,19125322784,156656736,Likely update candidate if the new workbook is the authoritative period.,,,,,,,,,,
fund_aum,review,numeric_change_candidate,112171,invested_loan_won,Loan 총액(원).1,invested_loan_won,9602548464,9445891728,156656736,Likely update candidate if the new workbook is the authoritative period.,,,,,,,,,,
fund_aum,review,numeric_change_candidate,112171,invested_aum,AUM(원).1,invested_aum,19281979520,19125322784,156656736,Likely update candidate if the new workbook is the authoritative period.,,,,,,,,,,
fund_aum,review,field_change_candidate,112172,aum_base_date,기준일자,aum_base_date,2026-05-31,2026-04-30,,Review before update. Do not apply automatically.,,,,,,,,,,
fund_aum,review,numeric_change_candidate,112172,deposit_won,기준일자 임대보증금(원),deposit_won,441669798271,440345975151,1323823120,Likely update candidate if the new workbook is the authoritative period.,,,,,,,,,,
fund_aum,review,numeric_change_candidate,112172,benchmark_aum,AUM(원),benchmark_aum,1230639798271,1229315975151,1323823120,Likely update candidate if the new workbook is the authoritative period.,,,,,,,,,,
fund_aum,review,numeric_change_candidate,112172,invested_deposit_won,기준일자 임대보증금(원).1,invested_deposit_won,441669798271,440345975151,1323823120,Likely update candidate if the new workbook is the authoritative period.,,,,,,,,,,
fund_aum,review,numeric_change_candidate,112172,invested_aum,AUM(원).1,invested_aum,995705666116,994381842996,1323823120,Likely update candidate if the new workbook is the authoritative period.,,,,,,,,,,
fund_aum,review,field_change_candidate,112173,aum_base_date,기준일자,aum_base_date,2026-05-31,2026-04-30,,Review before update. Do not apply automatically.,,,,,,,,,,
fund_aum,review,numeric_change_candidate,112173,equity_won,Equity 총액(원),equity_won,216768142000,213569614000,3198528000,Likely update candidate if the new workbook is the authoritative period.,,,,,,,,,,
fund_aum,review,numeric_change_candidate,112173,benchmark_aum,AUM(원),benchmark_aum,216768142000,213569614000,3198528000,Likely update candidate if the new workbook is the authoritative period.,,,,,,,,,,
fund_aum,review,numeric_change_candidate,112173,invested_equity_won,Equity 총액(원).1,invested_equity_won,142254417283,142515404804,-260987521,Likely update candidate if the new workbook is the authoritative period.,,,,,,,,,,
fund_aum,review,numeric_change_candidate,112173,invested_aum,AUM(원).1,invested_aum,142254417283,142515404804,-260987521,Likely update candidate if the new workbook is the authoritative period.,,,,,,,,,,
fund_aum,review,field_change_candidate,112180,aum_base_date,기준일자,aum_base_date,2026-05-31,2026-04-30,,Review before update. Do not apply automatically.,,,,,,,,,,
fund_aum,review,numeric_change_candidate,112180,equity_won,Equity 총액(원),equity_won,22618500000,22249500000,369000000,Likely update candidate if the new workbook is the authoritative period.,,,,,,,,,,
fund_aum,review,numeric_change_candidate,112180,benchmark_aum,AUM(원),benchmark_aum,22618500000,22249500000,369000000,Likely update candidate if the new workbook is the authoritative period.,,,,,,,,,,
fund_aum,review,field_change_candidate,112182,aum_base_date,기준일자,aum_base_date,2026-05-31,2026-04-30,,Review before update. Do not apply automatically.,,,,,,,,,,
fund_aum,review,numeric_change_candidate,112182,equity_won,Equity 총액(원),equity_won,83091420000,81945470000,1145950000,Likely update candidate if the new workbook is the authoritative period.,,,,,,,,,,
fund_aum,review,numeric_change_candidate,112182,benchmark_aum,AUM(원),benchmark_aum,83091420000,81945470000,1145950000,Likely update candidate if the new workbook is the authoritative period.,,,,,,,,,,
fund_aum,review,field_change_candidate,112183,aum_base_date,기준일자,aum_base_date,2026-05-31,2026-04-30,,Review before update. Do not apply automatically.,,,,,,,,,,
fund_aum,review,field_change_candidate,112191,aum_base_date,기준일자,aum_base_date,2026-05-31,2026-04-30,,Review before update. Do not apply automatically.,,,,,,,,,,
fund_aum,review,numeric_change_candidate,112191,loan_won,Loan 총액(원),loan_won,77195105350,76056050950,1139054400,Likely update candidate if the new workbook is the authoritative period.,,,,,,,,,,
fund_aum,review,numeric_change_candidate,112191,benchmark_aum,AUM(원),benchmark_aum,132129767860,130990713460,1139054400,Likely update candidate if the new workbook is the authoritative period.,,,,,,,,,,
fund_aum,review,numeric_change_candidate,112191,invested_loan_won,Loan 총액(원).1,invested_loan_won,77195105350,76056050950,1139054400,Likely update candidate if the new workbook is the authoritative period.,,,,,,,,,,
fund_aum,review,numeric_change_candidate,112191,invested_aum,AUM(원).1,invested_aum,132129767860,130990713460,1139054400,Likely update candidate if the new workbook is the authoritative period.,,,,,,,,,,
fund_aum,review,field_change_candidate,112200,aum_base_date,기준일자,aum_base_date,2026-05-31,2026-04-30,,Review before update. Do not apply automatically.,,,,,,,,,,
fund_aum,review,field_change_candidate,112205,aum_base_date,기준일자,aum_base_date,2026-05-31,2026-04-30,,Review before update. Do not apply automatically.,,,,,,,,,,
fund_aum,review,field_change_candidate,112206,aum_base_date,기준일자,aum_base_date,2026-05-31,2026-04-30,,Review before update. Do not apply automatically.,,,,,,,,,,
fund_aum,review,numeric_change_candidate,112206,equity_won,Equity 총액(원),equity_won,150790000000,148330000000,2460000000,Likely update candidate if the new workbook is the authoritative period.,,,,,,,,,,
fund_aum,review,numeric_change_candidate,112206,benchmark_aum,AUM(원),benchmark_aum,150790000000,148330000000,2460000000,Likely update candidate if the new workbook is the authoritative period.,,,,,,,,,,
fund_aum,review,numeric_change_candidate,112206,invested_equity_won,Equity 총액(원).1,invested_equity_won,128375126145,129753138052,-1378011907,Likely update candidate if the new workbook is the authoritative period.,,,,,,,,,,
fund_aum,review,numeric_change_candidate,112206,invested_aum,AUM(원).1,invested_aum,128375126145,129753138052,-1378011907,Likely update candidate if the new workbook is the authoritative period.,,,,,,,,,,
fund_aum,review,field_change_candidate,112208,aum_base_date,기준일자,aum_base_date,2026-05-31,2026-04-30,,Review before update. Do not apply automatically.,,,,,,,,,,
fund_aum,review,field_change_candidate,112209,aum_base_date,기준일자,aum_base_date,2026-05-31,2026-04-30,,Review before update. Do not apply automatically.,,,,,,,,,,
fund_aum,review,numeric_change_candidate,112209,deposit_won,기준일자 임대보증금(원),deposit_won,81441701744,80100872048,1340829696,Likely update candidate if the new workbook is the authoritative period.,,,,,,,,,,
fund_aum,review,numeric_change_candidate,112209,benchmark_aum,AUM(원),benchmark_aum,2201441701744,2200100872048,1340829696,Likely update candidate if the new workbook is the authoritative period.,,,,,,,,,,
fund_aum,review,numeric_change_candidate,112209,invested_deposit_won,기준일자 임대보증금(원).1,invested_deposit_won,81441701744,80100872048,1340829696,Likely update candidate if the new workbook is the authoritative period.,,,,,,,,,,
fund_aum,review,numeric_change_candidate,112209,invested_aum,AUM(원).1,invested_aum,1929808436744,1928467607048,1340829696,Likely update candidate if the new workbook is the authoritative period.,,,,,,,,,,
fund_aum,review,field_change_candidate,112214,aum_base_date,기준일자,aum_base_date,2026-05-31,2026-04-30,,Review before update. Do not apply automatically.,,,,,,,,,,
fund_aum,review,numeric_change_candidate,112214,deposit_won,기준일자 임대보증금(원),deposit_won,4518751825,4492751825,26000000,Likely update candidate if the new workbook is the authoritative period.,,,,,,,,,,
fund_aum,review,numeric_change_candidate,112214,benchmark_aum,AUM(원),benchmark_aum,158726644825,158700644825,26000000,Likely update candidate if the new workbook is the authoritative period.,,,,,,,,,,
fund_aum,review,numeric_change_candidate,112214,invested_deposit_won,기준일자 임대보증금(원).1,invested_deposit_won,4518751825,4492751825,26000000,Likely update candidate if the new workbook is the authoritative period.,,,,,,,,,,
fund_aum,review,numeric_change_candidate,112214,invested_aum,AUM(원).1,invested_aum,158726644825,158700644825,26000000,Likely update candidate if the new workbook is the authoritative period.,,,,,,,,,,
fund_aum,review,field_change_candidate,112223,aum_base_date,기준일자,aum_base_date,2026-05-31,2026-04-30,,Review before update. Do not apply automatically.,,,,,,,,,,
fund_aum,review,field_change_candidate,112234,aum_base_date,기준일자,aum_base_date,2026-05-31,2026-04-30,,Review before update. Do not apply automatically.,,,,,,,,,,
fund_aum,review,numeric_change_candidate,112234,invested_equity_won,Equity 총액(원).1,invested_equity_won,40187520350,40461768041,-274247691,Likely update candidate if the new workbook is the authoritative period.,,,,,,,,,,
fund_aum,review,numeric_change_candidate,112234,invested_aum,AUM(원).1,invested_aum,40187520350,40461768041,-274247691,Likely update candidate if the new workbook is the authoritative period.,,,,,,,,,,
fund_aum,review,field_change_candidate,112235,aum_base_date,기준일자,aum_base_date,2026-05-31,2026-04-30,,Review before update. Do not apply automatically.,,,,,,,,,,
fund_aum,review,field_change_candidate,112242,aum_base_date,기준일자,aum_base_date,2026-05-31,2026-04-30,,Review before update. Do not apply automatically.,,,,,,,,,,
fund_aum,review,numeric_change_candidate,112242,equity_won,Equity 총액(원),equity_won,186910799003,186910807001,-7998,Likely update candidate if the new workbook is the authoritative period.,,,,,,,,,,
fund_aum,review,numeric_change_candidate,112242,loan_won,Loan 총액(원),loan_won,299587275715,295166707817,4420567898,Likely update candidate if the new workbook is the authoritative period.,,,,,,,,,,
fund_aum,review,numeric_change_candidate,112242,benchmark_aum,AUM(원),benchmark_aum,486498074718,482077514818,4420559900,Likely update candidate if the new workbook is the authoritative period.,,,,,,,,,,
fund_aum,review,numeric_change_candidate,112242,invested_equity_won,Equity 총액(원).1,invested_equity_won,186910799003,186910807001,-7998,Likely update candidate if the new workbook is the authoritative period.,,,,,,,,,,
fund_aum,review,numeric_change_candidate,112242,invested_loan_won,Loan 총액(원).1,invested_loan_won,299587275363,295166707471,4420567892,Likely update candidate if the new workbook is the authoritative period.,,,,,,,,,,
fund_aum,review,numeric_change_candidate,112242,invested_aum,AUM(원).1,invested_aum,486498074366,482077514472,4420559894,Likely update candidate if the new workbook is the authoritative period.,,,,,,,,,,
fund_aum,review,field_change_candidate,112247,aum_base_date,기준일자,aum_base_date,2026-05-31,2026-04-30,,Review before update. Do not apply automatically.,,,,,,,,,,
fund_aum,review,numeric_change_candidate,112247,equity_won,Equity 총액(원),equity_won,45146526000,44410002000,736524000,Likely update candidate if the new workbook is the authoritative period.,,,,,,,,,,
fund_aum,review,numeric_change_candidate,112247,benchmark_aum,AUM(원),benchmark_aum,45146526000,44410002000,736524000,Likely update candidate if the new workbook is the authoritative period.,,,,,,,,,,
fund_aum,review,field_change_candidate,112250,aum_base_date,기준일자,aum_base_date,2026-05-31,2026-04-30,,Review before update. Do not apply automatically.,,,,,,,,,,
fund_aum,review,numeric_change_candidate,112250,equity_won,Equity 총액(원),equity_won,149243284800,147041121600,2202163200,Likely update candidate if the new workbook is the authoritative period.,,,,,,,,,,
fund_aum,review,numeric_change_candidate,112250,benchmark_aum,AUM(원),benchmark_aum,149243284800,147041121600,2202163200,Likely update candidate if the new workbook is the authoritative period.,,,,,,,,,,
fund_aum,review,field_change_candidate,112254,aum_base_date,기준일자,aum_base_date,2026-05-31,2026-04-30,,Review before update. Do not apply automatically.,,,,,,,,,,
fund_aum,review,numeric_change_candidate,112254,loan_won,Loan 총액(원),loan_won,293654853387,289321821502,4333031885,Likely update candidate if the new workbook is the authoritative period.,,,,,,,,,,
fund_aum,review,numeric_change_candidate,112254,benchmark_aum,AUM(원),benchmark_aum,477225314387,472892282502,4333031885,Likely update candidate if the new workbook is the authoritative period.,,,,,,,,,,
fund_aum,review,numeric_change_candidate,112254,invested_loan_won,Loan 총액(원).1,invested_loan_won,293654854090,289321822195,4333031895,Likely update candidate if the new workbook is the authoritative period.,,,,,,,,,,
fund_aum,review,numeric_change_candidate,112254,invested_aum,AUM(원).1,invested_aum,477225315090,472892283195,4333031895,Likely update candidate if the new workbook is the authoritative period.,,,,,,,,,,
fund_aum,review,field_change_candidate,112256,aum_base_date,기준일자,aum_base_date,2026-05-31,2026-04-30,,Review before update. Do not apply automatically.,,,,,,,,,,
fund_aum,review,field_change_candidate,112260,aum_base_date,기준일자,aum_base_date,2026-05-31,2026-04-30,,Review before update. Do not apply automatically.,,,,,,,,,,
fund_aum,review,numeric_change_candidate,112260,equity_won,Equity 총액(원),equity_won,5814115748,5825106596,-10990848,Likely update candidate if the new workbook is the authoritative period.,,,,,,,,,,
fund_aum,review,numeric_change_candidate,112260,benchmark_aum,AUM(원),benchmark_aum,5814115748,5825106596,-10990848,Likely update candidate if the new workbook is the authoritative period.,,,,,,,,,,
fund_aum,review,numeric_change_candidate,112260,invested_equity_won,Equity 총액(원).1,invested_equity_won,5814115748,5825106596,-10990848,Likely update candidate if the new workbook is the authoritative period.,,,,,,,,,,
fund_aum,review,numeric_change_candidate,112260,invested_aum,AUM(원).1,invested_aum,5814115748,5825106596,-10990848,Likely update candidate if the new workbook is the authoritative period.,,,,,,,,,,
fund_aum,review,field_change_candidate,112267,aum_base_date,기준일자,aum_base_date,2026-05-31,2026-04-30,,Review before update. Do not apply automatically.,,,,,,,,,,
fund_aum,review,numeric_change_candidate,112267,equity_won,Equity 총액(원),equity_won,86576702000,84640674000,1936028000,Likely update candidate if the new workbook is the authoritative period.,,,,,,,,,,
fund_aum,review,numeric_change_candidate,112267,benchmark_aum,AUM(원),benchmark_aum,86576702000,84640674000,1936028000,Likely update candidate if the new workbook is the authoritative period.,,,,,,,,,,
fund_aum,review,field_change_candidate,112268,aum_base_date,기준일자,aum_base_date,2026-05-31,2026-04-30,,Review before update. Do not apply automatically.,,,,,,,,,,
fund_aum,review,numeric_change_candidate,112268,loan_won,Loan 총액(원),loan_won,44082808038,43234853496,847954542,Likely update candidate if the new workbook is the authoritative period.,,,,,,,,,,
fund_aum,review,numeric_change_candidate,112268,benchmark_aum,AUM(원),benchmark_aum,55048825687,54200871145,847954542,Likely update candidate if the new workbook is the authoritative period.,,,,,,,,,,
fund_aum,review,field_change_candidate,112269,aum_base_date,기준일자,aum_base_date,2026-05-31,2026-04-30,,Review before update. Do not apply automatically.,,,,,,,,,,
fund_aum,review,numeric_change_candidate,112269,equity_won,Equity 총액(원),equity_won,21503839200,21022970400,480868800,Likely update candidate if the new workbook is the authoritative period.,,,,,,,,,,
fund_aum,review,numeric_change_candidate,112269,benchmark_aum,AUM(원),benchmark_aum,21503839200,21022970400,480868800,Likely update candidate if the new workbook is the authoritative period.,,,,,,,,,,
fund_aum,review,field_change_candidate,112270,aum_base_date,기준일자,aum_base_date,2026-05-31,2026-04-30,,Review before update. Do not apply automatically.,,,,,,,,,,
fund_aum,review,field_change_candidate,112273,aum_base_date,기준일자,aum_base_date,2026-05-31,2026-04-30,,Review before update. Do not apply automatically.,,,,,,,,,,
fund_aum,review,numeric_change_candidate,112273,equity_won,Equity 총액(원),equity_won,88765956000,87541746000,1224210000,Likely update candidate if the new workbook is the authoritative period.,,,,,,,,,,
fund_aum,review,numeric_change_candidate,112273,benchmark_aum,AUM(원),benchmark_aum,88765956000,87541746000,1224210000,Likely update candidate if the new workbook is the authoritative period.,,,,,,,,,,
fund_aum,review,field_change_candidate,112278,aum_base_date,기준일자,aum_base_date,2026-05-31,2026-04-30,,Review before update. Do not apply automatically.,,,,,,,,,,
fund_aum,review,numeric_change_candidate,112278,loan_won,Loan 총액(원),loan_won,74287882700,73191725900,1096156800,Likely update candidate if the new workbook is the authoritative period.,,,,,,,,,,
fund_aum,review,numeric_change_candidate,112278,benchmark_aum,AUM(원),benchmark_aum,154991448700,153895291900,1096156800,Likely update candidate if the new workbook is the authoritative period.,,,,,,,,,,
fund_aum,review,numeric_change_candidate,112278,invested_loan_won,Loan 총액(원).1,invested_loan_won,74287882700,73191725900,1096156800,Likely update candidate if the new workbook is the authoritative period.,,,,,,,,,,
fund_aum,review,numeric_change_candidate,112278,invested_aum,AUM(원).1,invested_aum,154991448700,153895291900,1096156800,Likely update candidate if the new workbook is the authoritative period.,,,,,,,,,,
fund_aum,review,field_change_candidate,112287,aum_base_date,기준일자,aum_base_date,2026-05-31,2026-04-30,,Review before update. Do not apply automatically.,,,,,,,,,,
fund_aum,review,field_change_candidate,112290,aum_base_date,기준일자,aum_base_date,2026-05-31,2026-04-30,,Review before update. Do not apply automatically.,,,,,,,,,,
fund_aum,review,numeric_change_candidate,112290,deposit_won,기준일자 임대보증금(원),deposit_won,11553011475,11555011475,-2000000,Likely update candidate if the new workbook is the authoritative period.,,,,,,,,,,
fund_aum,review,numeric_change_candidate,112290,benchmark_aum,AUM(원),benchmark_aum,296122833619,296124833619,-2000000,Likely update candidate if the new workbook is the authoritative period.,,,,,,,,,,
fund_aum,review,numeric_change_candidate,112290,invested_deposit_won,기준일자 임대보증금(원).1,invested_deposit_won,11553011475,11555011475,-2000000,Likely update candidate if the new workbook is the authoritative period.,,,,,,,,,,
fund_aum,review,numeric_change_candidate,112290,invested_aum,AUM(원).1,invested_aum,296122833619,296124833619,-2000000,Likely update candidate if the new workbook is the authoritative period.,,,,,,,,,,
fund_aum,review,field_change_candidate,112299,aum_base_date,기준일자,aum_base_date,2026-05-31,2026-04-30,,Review before update. Do not apply automatically.,,,,,,,,,,
fund_aum,review,field_change_candidate,112303,aum_base_date,기준일자,aum_base_date,2026-05-31,2026-04-30,,Review before update. Do not apply automatically.,,,,,,,,,,
fund_aum,review,numeric_change_candidate,112303,equity_won,Equity 총액(원),equity_won,75748000000,73890400000,1857600000,Likely update candidate if the new workbook is the authoritative period.,,,,,,,,,,
fund_aum,review,numeric_change_candidate,112303,benchmark_aum,AUM(원),benchmark_aum,75748000000,73890400000,1857600000,Likely update candidate if the new workbook is the authoritative period.,,,,,,,,,,
fund_aum,review,numeric_change_candidate,112303,invested_equity_won,Equity 총액(원).1,invested_equity_won,7231767973,7195006844,36761129,Likely update candidate if the new workbook is the authoritative period.,,,,,,,,,,
fund_aum,review,numeric_change_candidate,112303,invested_aum,AUM(원).1,invested_aum,7231767973,7195006844,36761129,Likely update candidate if the new workbook is the authoritative period.,,,,,,,,,,
fund_aum,review,field_change_candidate,112305,aum_base_date,기준일자,aum_base_date,2026-05-31,2026-04-30,,Review before update. Do not apply automatically.,,,,,,,,,,
fund_aum,review,field_change_candidate,112310,aum_base_date,기준일자,aum_base_date,2026-05-31,2026-04-30,,Review before update. Do not apply automatically.,,,,,,,,,,
fund_aum,review,field_change_candidate,112324,aum_base_date,기준일자,aum_base_date,2026-05-31,2026-04-30,,Review before update. Do not apply automatically.,,,,,,,,,,
fund_aum,review,numeric_change_candidate,112324,loan_won,Loan 총액(원),loan_won,49287656516,48575479959,712176557,Likely update candidate if the new workbook is the authoritative period.,,,,,,,,,,
fund_aum,review,numeric_change_candidate,112324,benchmark_aum,AUM(원),benchmark_aum,84967238516,84255061959,712176557,Likely update candidate if the new workbook is the authoritative period.,,,,,,,,,,
fund_aum,review,numeric_change_candidate,112324,invested_loan_won,Loan 총액(원).1,invested_loan_won,49287656516,48575479959,712176557,Likely update candidate if the new workbook is the authoritative period.,,,,,,,,,,
fund_aum,review,numeric_change_candidate,112324,invested_aum,AUM(원).1,invested_aum,84967238516,84255061959,712176557,Likely update candidate if the new workbook is the authoritative period.,,,,,,,,,,
fund_aum,review,field_change_candidate,112325,aum_base_date,기준일자,aum_base_date,2026-05-31,2026-04-30,,Review before update. Do not apply automatically.,,,,,,,,,,
fund_aum,review,numeric_change_candidate,112325,loan_won,Loan 총액(원),loan_won,379300661014,373819997942,5480663072,Likely update candidate if the new workbook is the authoritative period.,,,,,,,,,,
fund_aum,review,numeric_change_candidate,112325,benchmark_aum,AUM(원),benchmark_aum,602955955014,597475291942,5480663072,Likely update candidate if the new workbook is the authoritative period.,,,,,,,,,,
fund_aum,review,numeric_change_candidate,112325,invested_loan_won,Loan 총액(원).1,invested_loan_won,379300661014,373819997942,5480663072,Likely update candidate if the new workbook is the authoritative period.,,,,,,,,,,
fund_aum,review,numeric_change_candidate,112325,invested_aum,AUM(원).1,invested_aum,602955955014,597475291942,5480663072,Likely update candidate if the new workbook is the authoritative period.,,,,,,,,,,
fund_aum,review,field_change_candidate,112333,aum_base_date,기준일자,aum_base_date,2026-05-31,2026-04-30,,Review before update. Do not apply automatically.,,,,,,,,,,
fund_aum,review,numeric_change_candidate,112333,equity_won,Equity 총액(원),equity_won,153750940277,125277366581,28473573696,Likely update candidate if the new workbook is the authoritative period.,,,,,,,,,,
fund_aum,review,numeric_change_candidate,112333,loan_won,Loan 총액(원),loan_won,158631080000,156043160000,2587920000,Likely update candidate if the new workbook is the authoritative period.,,,,,,,,,,
fund_aum,review,numeric_change_candidate,112333,benchmark_aum,AUM(원),benchmark_aum,312382020277,281320526581,31061493696,Likely update candidate if the new workbook is the authoritative period.,,,,,,,,,,
fund_aum,review,numeric_change_candidate,112333,invested_equity_won,Equity 총액(원).1,invested_equity_won,153750940277,125277366581,28473573696,Likely update candidate if the new workbook is the authoritative period.,,,,,,,,,,
fund_aum,review,numeric_change_candidate,112333,invested_loan_won,Loan 총액(원).1,invested_loan_won,158631080000,156043160000,2587920000,Likely update candidate if the new workbook is the authoritative period.,,,,,,,,,,
fund_aum,review,numeric_change_candidate,112333,invested_aum,AUM(원).1,invested_aum,312382020277,281320526581,31061493696,Likely update candidate if the new workbook is the authoritative period.,,,,,,,,,,
fund_aum,review,field_change_candidate,112338,aum_base_date,기준일자,aum_base_date,2026-05-31,2026-04-30,,Review before update. Do not apply automatically.,,,,,,,,,,
fund_aum,review,numeric_change_candidate,112338,loan_won,Loan 총액(원),loan_won,113622000000,110835600000,2786400000,Likely update candidate if the new workbook is the authoritative period.,,,,,,,,,,
fund_aum,review,numeric_change_candidate,112338,benchmark_aum,AUM(원),benchmark_aum,256882000000,254095600000,2786400000,Likely update candidate if the new workbook is the authoritative period.,,,,,,,,,,
fund_aum,review,numeric_change_candidate,112338,invested_loan_won,Loan 총액(원).1,invested_loan_won,113622000000,110835600000,2786400000,Likely update candidate if the new workbook is the authoritative period.,,,,,,,,,,
fund_aum,review,numeric_change_candidate,112338,invested_aum,AUM(원).1,invested_aum,256882000000,254095600000,2786400000,Likely update candidate if the new workbook is the authoritative period.,,,,,,,,,,
fund_aum,review,field_change_candidate,112341,aum_base_date,기준일자,aum_base_date,2026-05-31,2026-04-30,,Review before update. Do not apply automatically.,,,,,,,,,,
fund_aum,review,field_change_candidate,112347,aum_base_date,기준일자,aum_base_date,2026-05-31,2026-04-30,,Review before update. Do not apply automatically.,,,,,,,,,,
fund_aum,review,numeric_change_candidate,112347,equity_won,Equity 총액(원),equity_won,87831500000,86535500000,1296000000,Likely update candidate if the new workbook is the authoritative period.,,,,,,,,,,
fund_aum,review,numeric_change_candidate,112347,benchmark_aum,AUM(원),benchmark_aum,87831500000,86535500000,1296000000,Likely update candidate if the new workbook is the authoritative period.,,,,,,,,,,
fund_aum,review,field_change_candidate,112350,aum_base_date,기준일자,aum_base_date,2026-05-31,2026-04-30,,Review before update. Do not apply automatically.,,,,,,,,,,
fund_aum,review,field_change_candidate,112355,aum_base_date,기준일자,aum_base_date,2026-05-31,2026-04-30,,Review before update. Do not apply automatically.,,,,,,,,,,
fund_aum,review,numeric_change_candidate,112355,equity_won,Equity 총액(원),equity_won,690851840000,685239680000,5612160000,Likely update candidate if the new workbook is the authoritative period.,,,,,,,,,,
fund_aum,review,numeric_change_candidate,112355,benchmark_aum,AUM(원),benchmark_aum,690851840000,685239680000,5612160000,Likely update candidate if the new workbook is the authoritative period.,,,,,,,,,,
fund_aum,review,field_change_candidate,112361,aum_base_date,기준일자,aum_base_date,2026-05-31,2026-04-30,,Review before update. Do not apply automatically.,,,,,,,,,,
fund_aum,review,numeric_change_candidate,112361,loan_won,Loan 총액(원),loan_won,108736254000,106069669200,2666584800,Likely update candidate if the new workbook is the authoritative period.,,,,,,,,,,
fund_aum,review,numeric_change_candidate,112361,benchmark_aum,AUM(원),benchmark_aum,165414410771,162747825971,2666584800,Likely update candidate if the new workbook is the authoritative period.,,,,,,,,,,
fund_aum,review,numeric_change_candidate,112361,invested_loan_won,Loan 총액(원).1,invested_loan_won,108736254000,106069669200,2666584800,Likely update candidate if the new workbook is the authoritative period.,,,,,,,,,,
fund_aum,review,numeric_change_candidate,112361,invested_aum,AUM(원).1,invested_aum,165414410771,162747825971,2666584800,Likely update candidate if the new workbook is the authoritative period.,,,,,,,,,,
fund_aum,review,field_change_candidate,112362,aum_base_date,기준일자,aum_base_date,2026-05-31,2026-04-30,,Review before update. Do not apply automatically.,,,,,,,,,,
fund_aum,review,numeric_change_candidate,112362,loan_won,Loan 총액(원),loan_won,53430745500,52120440900,1310304600,Likely update candidate if the new workbook is the authoritative period.,,,,,,,,,,
fund_aum,review,numeric_change_candidate,112362,benchmark_aum,AUM(원),benchmark_aum,85491541000,84181236400,1310304600,Likely update candidate if the new workbook is the authoritative period.,,,,,,,,,,
fund_aum,review,numeric_change_candidate,112362,invested_loan_won,Loan 총액(원).1,invested_loan_won,53430745500,52120440900,1310304600,Likely update candidate if the new workbook is the authoritative period.,,,,,,,,,,
fund_aum,review,numeric_change_candidate,112362,invested_aum,AUM(원).1,invested_aum,85491541000,84181236400,1310304600,Likely update candidate if the new workbook is the authoritative period.,,,,,,,,,,
fund_aum,review,field_change_candidate,112365,aum_base_date,기준일자,aum_base_date,2026-05-31,2026-04-30,,Review before update. Do not apply automatically.,,,,,,,,,,
fund_aum,review,field_change_candidate,112368,aum_base_date,기준일자,aum_base_date,2026-05-31,2026-04-30,,Review before update. Do not apply automatically.,,,,,,,,,,
fund_aum,review,field_change_candidate,112374,aum_base_date,기준일자,aum_base_date,2026-05-31,2026-04-30,,Review before update. Do not apply automatically.,,,,,,,,,,
fund_aum,review,field_change_candidate,112375,aum_base_date,기준일자,aum_base_date,2026-05-31,2026-04-30,,Review before update. Do not apply automatically.,,,,,,,,,,
fund_aum,review,field_change_candidate,112380,aum_base_date,기준일자,aum_base_date,2026-05-31,2026-04-30,,Review before update. Do not apply automatically.,,,,,,,,,,
fund_aum,review,field_change_candidate,112383,aum_base_date,기준일자,aum_base_date,2026-05-31,2026-04-30,,Review before update. Do not apply automatically.,,,,,,,,,,
fund_aum,review,field_change_candidate,112408,aum_base_date,기준일자,aum_base_date,2026-05-31,2026-04-30,,Review before update. Do not apply automatically.,,,,,,,,,,
fund_aum,review,numeric_change_candidate,112408,equity_won,Equity 총액(원),equity_won,45237000000,44499000000,738000000,Likely update candidate if the new workbook is the authoritative period.,,,,,,,,,,
fund_aum,review,numeric_change_candidate,112408,benchmark_aum,AUM(원),benchmark_aum,45237000000,44499000000,738000000,Likely update candidate if the new workbook is the authoritative period.,,,,,,,,,,
fund_aum,review,field_change_candidate,112409,aum_base_date,기준일자,aum_base_date,2026-05-31,2026-04-30,,Review before update. Do not apply automatically.,,,,,,,,,,
fund_aum,review,numeric_change_candidate,112409,equity_won,Equity 총액(원),equity_won,150790000000,148330000000,2460000000,Likely update candidate if the new workbook is the authoritative period.,,,,,,,,,,
fund_aum,review,numeric_change_candidate,112409,benchmark_aum,AUM(원),benchmark_aum,150790000000,148330000000,2460000000,Likely update candidate if the new workbook is the authoritative period.,,,,,,,,,,
fund_aum,review,field_change_candidate,112410,aum_base_date,기준일자,aum_base_date,2026-05-31,2026-04-30,,Review before update. Do not apply automatically.,,,,,,,,,,
fund_aum,review,field_change_candidate,112411,aum_base_date,기준일자,aum_base_date,2026-05-31,2026-04-30,,Review before update. Do not apply automatically.,,,,,,,,,,
fund_aum,review,numeric_change_candidate,112411,equity_won,Equity 총액(원),equity_won,241264000000,237328000000,3936000000,Likely update candidate if the new workbook is the authoritative period.,,,,,,,,,,
fund_aum,review,numeric_change_candidate,112411,benchmark_aum,AUM(원),benchmark_aum,241264000000,237328000000,3936000000,Likely update candidate if the new workbook is the authoritative period.,,,,,,,,,,
fund_aum,review,field_change_candidate,112413,aum_base_date,기준일자,aum_base_date,2026-05-31,2026-04-30,,Review before update. Do not apply automatically.,,,,,,,,,,
fund_aum,review,numeric_change_candidate,112413,equity_won,Equity 총액(원),equity_won,150790000000,148330000000,2460000000,Likely update candidate if the new workbook is the authoritative period.,,,,,,,,,,
fund_aum,review,numeric_change_candidate,112413,benchmark_aum,AUM(원),benchmark_aum,150790000000,148330000000,2460000000,Likely update candidate if the new workbook is the authoritative period.,,,,,,,,,,
fund_aum,review,field_change_candidate,112421,aum_base_date,기준일자,aum_base_date,2026-05-31,2026-04-30,,Review before update. Do not apply automatically.,,,,,,,,,,
fund_aum,review,field_change_candidate,112425,aum_base_date,기준일자,aum_base_date,2026-05-31,2026-04-30,,Review before update. Do not apply automatically.,,,,,,,,,,
fund_aum,review,numeric_change_candidate,112425,equity_won,Equity 총액(원),equity_won,7774876440,8004787878,-229911438,Likely update candidate if the new workbook is the authoritative period.,,,,,,,,,,
fund_aum,review,numeric_change_candidate,112425,benchmark_aum,AUM(원),benchmark_aum,7774876440,8004787878,-229911438,Likely update candidate if the new workbook is the authoritative period.,,,,,,,,,,
fund_aum,review,numeric_change_candidate,112425,invested_equity_won,Equity 총액(원).1,invested_equity_won,7774876440,8004787878,-229911438,Likely update candidate if the new workbook is the authoritative period.,,,,,,,,,,
fund_aum,review,numeric_change_candidate,112425,invested_aum,AUM(원).1,invested_aum,7774876440,8004787878,-229911438,Likely update candidate if the new workbook is the authoritative period.,,,,,,,,,,
fund_aum,review,field_change_candidate,112445,aum_base_date,기준일자,aum_base_date,2026-05-31,2026-04-30,,Review before update. Do not apply automatically.,,,,,,,,,,
fund_aum,review,field_change_candidate,112448,aum_base_date,기준일자,aum_base_date,2026-05-31,2026-04-30,,Review before update. Do not apply automatically.,,,,,,,,,,
fund_aum,review,field_change_candidate,112450,aum_base_date,기준일자,aum_base_date,2026-05-31,2026-04-30,,Review before update. Do not apply automatically.,,,,,,,,,,
fund_aum,review,field_change_candidate,112451,aum_base_date,기준일자,aum_base_date,2026-05-31,2026-04-30,,Review before update. Do not apply automatically.,,,,,,,,,,
fund_aum,review,field_change_candidate,112466,aum_base_date,기준일자,aum_base_date,2026-05-31,2026-04-30,,Review before update. Do not apply automatically.,,,,,,,,,,
fund_aum,review,field_change_candidate,112471,aum_base_date,기준일자,aum_base_date,2026-05-31,2026-04-30,,Review before update. Do not apply automatically.,,,,,,,,,,
fund_aum,review,field_change_candidate,112475,aum_base_date,기준일자,aum_base_date,2026-05-31,2026-04-30,,Review before update. Do not apply automatically.,,,,,,,,,,
fund_aum,review,field_change_candidate,112478,aum_base_date,기준일자,aum_base_date,2026-05-31,2026-04-30,,Review before update. Do not apply automatically.,,,,,,,,,,
fund_aum,review,field_change_candidate,112482,aum_base_date,기준일자,aum_base_date,2026-05-31,2026-04-30,,Review before update. Do not apply automatically.,,,,,,,,,,
fund_aum,review,numeric_change_candidate,112482,equity_won,Equity 총액(원),equity_won,78872687000,77708879000,1163808000,Likely update candidate if the new workbook is the authoritative period.,,,,,,,,,,
fund_aum,review,numeric_change_candidate,112482,benchmark_aum,AUM(원),benchmark_aum,78872687000,77708879000,1163808000,Likely update candidate if the new workbook is the authoritative period.,,,,,,,,,,
fund_aum,review,field_change_candidate,112483,aum_base_date,기준일자,aum_base_date,2026-05-31,2026-04-30,,Review before update. Do not apply automatically.,,,,,,,,,,
fund_aum,review,numeric_change_candidate,112483,loan_won,Loan 총액(원),loan_won,384212920000,377944840000,6268080000,Likely update candidate if the new workbook is the authoritative period.,,,,,,,,,,
fund_aum,review,numeric_change_candidate,112483,benchmark_aum,AUM(원),benchmark_aum,561705307666,555437227666,6268080000,Likely update candidate if the new workbook is the authoritative period.,,,,,,,,,,
fund_aum,review,numeric_change_candidate,112483,invested_loan_won,Loan 총액(원).1,invested_loan_won,384212920000,377944840000,6268080000,Likely update candidate if the new workbook is the authoritative period.,,,,,,,,,,
fund_aum,review,numeric_change_candidate,112483,invested_aum,AUM(원).1,invested_aum,561705307666,555437227666,6268080000,Likely update candidate if the new workbook is the authoritative period.,,,,,,,,,,
fund_aum,review,field_change_candidate,112486,aum_base_date,기준일자,aum_base_date,2026-05-31,2026-04-30,,Review before update. Do not apply automatically.,,,,,,,,,,
fund_aum,review,numeric_change_candidate,112486,equity_won,Equity 총액(원),equity_won,60316000000,59332000000,984000000,Likely update candidate if the new workbook is the authoritative period.,,,,,,,,,,
fund_aum,review,numeric_change_candidate,112486,benchmark_aum,AUM(원),benchmark_aum,60316000000,59332000000,984000000,Likely update candidate if the new workbook is the authoritative period.,,,,,,,,,,
fund_aum,review,field_change_candidate,112490,aum_base_date,기준일자,aum_base_date,2026-05-31,2026-04-30,,Review before update. Do not apply automatically.,,,,,,,,,,
fund_aum,review,field_change_candidate,112493,aum_base_date,기준일자,aum_base_date,2026-05-31,2026-04-30,,Review before update. Do not apply automatically.,,,,,,,,,,
fund_aum,review,field_change_candidate,112494,aum_base_date,기준일자,aum_base_date,2026-05-31,2026-04-30,,Review before update. Do not apply automatically.,,,,,,,,,,
fund_aum,review,numeric_change_candidate,112494,equity_won,Equity 총액(원),equity_won,193229300000,190378100000,2851200000,Likely update candidate if the new workbook is the authoritative period.,,,,,,,,,,
fund_aum,review,numeric_change_candidate,112494,benchmark_aum,AUM(원),benchmark_aum,193229300000,190378100000,2851200000,Likely update candidate if the new workbook is the authoritative period.,,,,,,,,,,
fund_aum,review,field_change_candidate,112495,aum_base_date,기준일자,aum_base_date,2026-05-31,2026-04-30,,Review before update. Do not apply automatically.,,,,,,,,,,
fund_aum,review,field_change_candidate,112496,aum_base_date,기준일자,aum_base_date,2026-05-31,2026-04-30,,Review before update. Do not apply automatically.,,,,,,,,,,
fund_aum,review,field_change_candidate,112497,aum_base_date,기준일자,aum_base_date,2026-05-31,2026-04-30,,Review before update. Do not apply automatically.,,,,,,,,,,
fund_aum,review,field_change_candidate,112499,aum_base_date,기준일자,aum_base_date,2026-05-31,2026-04-30,,Review before update. Do not apply automatically.,,,,,,,,,,
fund_aum,review,field_change_candidate,112501,aum_base_date,기준일자,aum_base_date,2026-05-31,2026-04-30,,Review before update. Do not apply automatically.,,,,,,,,,,
fund_aum,review,numeric_change_candidate,112501,equity_won,Equity 총액(원),equity_won,152297900000,149813300000,2484600000,Likely update candidate if the new workbook is the authoritative period.,,,,,,,,,,
fund_aum,review,numeric_change_candidate,112501,benchmark_aum,AUM(원),benchmark_aum,152297900000,149813300000,2484600000,Likely update candidate if the new workbook is the authoritative period.,,,,,,,,,,
fund_aum,review,field_change_candidate,112504,aum_base_date,기준일자,aum_base_date,2026-05-31,2026-04-30,,Review before update. Do not apply automatically.,,,,,,,,,,
fund_aum,review,field_change_candidate,112505,aum_base_date,기준일자,aum_base_date,2026-05-31,2026-04-30,,Review before update. Do not apply automatically.,,,,,,,,,,
fund_aum,review,field_change_candidate,112514,aum_base_date,기준일자,aum_base_date,2026-05-31,2026-04-30,,Review before update. Do not apply automatically.,,,,,,,,,,
fund_aum,review,field_change_candidate,112518,aum_base_date,기준일자,aum_base_date,2026-05-31,2026-04-30,,Review before update. Do not apply automatically.,,,,,,,,,,
fund_aum,review,numeric_change_candidate,112518,deposit_won,기준일자 임대보증금(원),deposit_won,1633071800,1635504900,-2433100,Likely update candidate if the new workbook is the authoritative period.,,,,,,,,,,
fund_aum,review,numeric_change_candidate,112518,benchmark_aum,AUM(원),benchmark_aum,74133071800,74135504900,-2433100,Likely update candidate if the new workbook is the authoritative period.,,,,,,,,,,
fund_aum,review,numeric_change_candidate,112518,invested_deposit_won,기준일자 임대보증금(원).1,invested_deposit_won,1633071800,1635504900,-2433100,Likely update candidate if the new workbook is the authoritative period.,,,,,,,,,,
fund_aum,review,numeric_change_candidate,112518,invested_aum,AUM(원).1,invested_aum,74133071800,74135504900,-2433100,Likely update candidate if the new workbook is the authoritative period.,,,,,,,,,,
fund_aum,review,field_change_candidate,112519,aum_base_date,기준일자,aum_base_date,2026-05-31,2026-04-30,,Review before update. Do not apply automatically.,,,,,,,,,,
fund_aum,review,field_change_candidate,112521,aum_base_date,기준일자,aum_base_date,2026-05-31,2026-04-30,,Review before update. Do not apply automatically.,,,,,,,,,,
fund_aum,review,numeric_change_candidate,112521,equity_won,Equity 총액(원),equity_won,301580000000,296660000000,4920000000,Likely update candidate if the new workbook is the authoritative period.,,,,,,,,,,
fund_aum,review,numeric_change_candidate,112521,benchmark_aum,AUM(원),benchmark_aum,301580000000,296660000000,4920000000,Likely update candidate if the new workbook is the authoritative period.,,,,,,,,,,
fund_aum,review,field_change_candidate,112524,aum_base_date,기준일자,aum_base_date,2026-05-31,2026-04-30,,Review before update. Do not apply automatically.,,,,,,,,,,
fund_aum,review,field_change_candidate,112527,aum_base_date,기준일자,aum_base_date,2026-05-31,2026-04-30,,Review before update. Do not apply automatically.,,,,,,,,,,
fund_aum,review,field_change_candidate,112528,aum_base_date,기준일자,aum_base_date,2026-05-31,2026-04-30,,Review before update. Do not apply automatically.,,,,,,,,,,
fund_aum,review,field_change_candidate,112535,aum_base_date,기준일자,aum_base_date,2026-05-31,2026-04-30,,Review before update. Do not apply automatically.,,,,,,,,,,
fund_aum,review,field_change_candidate,112536,aum_base_date,기준일자,aum_base_date,2026-05-31,2026-04-30,,Review before update. Do not apply automatically.,,,,,,,,,,
fund_aum,review,field_change_candidate,112540,aum_base_date,기준일자,aum_base_date,2026-05-31,2026-04-30,,Review before update. Do not apply automatically.,,,,,,,,,,
fund_aum,review,numeric_change_candidate,112540,loan_won,Loan 총액(원),loan_won,170019758633,167246042828,2773715805,Likely update candidate if the new workbook is the authoritative period.,,,,,,,,,,
fund_aum,review,numeric_change_candidate,112540,benchmark_aum,AUM(원),benchmark_aum,321973515553,319199799748,2773715805,Likely update candidate if the new workbook is the authoritative period.,,,,,,,,,,
fund_aum,review,numeric_change_candidate,112540,invested_loan_won,Loan 총액(원).1,invested_loan_won,170019758633,167246042828,2773715805,Likely update candidate if the new workbook is the authoritative period.,,,,,,,,,,
fund_aum,review,numeric_change_candidate,112540,invested_aum,AUM(원).1,invested_aum,321973515553,319199799748,2773715805,Likely update candidate if the new workbook is the authoritative period.,,,,,,,,,,
fund_aum,review,field_change_candidate,112541,aum_base_date,기준일자,aum_base_date,2026-05-31,2026-04-30,,Review before update. Do not apply automatically.,,,,,,,,,,
fund_aum,review,numeric_change_candidate,112541,loan_won,Loan 총액(원),loan_won,217887516368,214332882173,3554634195,Likely update candidate if the new workbook is the authoritative period.,,,,,,,,,,
fund_aum,review,numeric_change_candidate,112541,benchmark_aum,AUM(원),benchmark_aum,435179043839,431624409644,3554634195,Likely update candidate if the new workbook is the authoritative period.,,,,,,,,,,
fund_aum,review,numeric_change_candidate,112541,invested_loan_won,Loan 총액(원).1,invested_loan_won,217887516368,214332882173,3554634195,Likely update candidate if the new workbook is the authoritative period.,,,,,,,,,,
fund_aum,review,numeric_change_candidate,112541,invested_aum,AUM(원).1,invested_aum,435179043839,431624409644,3554634195,Likely update candidate if the new workbook is the authoritative period.,,,,,,,,,,
fund_aum,review,field_change_candidate,112543,aum_base_date,기준일자,aum_base_date,2026-05-31,2026-04-30,,Review before update. Do not apply automatically.,,,,,,,,,,
fund_aum,review,field_change_candidate,112547,aum_base_date,기준일자,aum_base_date,2026-05-31,2026-04-30,,Review before update. Do not apply automatically.,,,,,,,,,,
fund_aum,review,field_change_candidate,112558,aum_base_date,기준일자,aum_base_date,2026-05-31,2026-04-30,,Review before update. Do not apply automatically.,,,,,,,,,,
fund_aum,review,numeric_change_candidate,112558,equity_won,Equity 총액(원),equity_won,175663000000,173071000000,2592000000,Likely update candidate if the new workbook is the authoritative period.,,,,,,,,,,
fund_aum,review,numeric_change_candidate,112558,benchmark_aum,AUM(원),benchmark_aum,175663000000,173071000000,2592000000,Likely update candidate if the new workbook is the authoritative period.,,,,,,,,,,
fund_aum,review,numeric_change_candidate,112558,invested_equity_won,Equity 총액(원).1,invested_equity_won,148706451527,147024498707,1681952820,Likely update candidate if the new workbook is the authoritative period.,,,,,,,,,,
fund_aum,review,numeric_change_candidate,112558,invested_aum,AUM(원).1,invested_aum,148706451527,147024498707,1681952820,Likely update candidate if the new workbook is the authoritative period.,,,,,,,,,,
fund_aum,review,field_change_candidate,112559,aum_base_date,기준일자,aum_base_date,2026-05-31,2026-04-30,,Review before update. Do not apply automatically.,,,,,,,,,,
fund_aum,review,field_change_candidate,112568,aum_base_date,기준일자,aum_base_date,2026-05-31,2026-04-30,,Review before update. Do not apply automatically.,,,,,,,,,,
fund_aum,review,numeric_change_candidate,112568,equity_won,Equity 총액(원),equity_won,60150081600,59320525600,829556000,Likely update candidate if the new workbook is the authoritative period.,,,,,,,,,,
fund_aum,review,numeric_change_candidate,112568,benchmark_aum,AUM(원),benchmark_aum,60150081600,59320525600,829556000,Likely update candidate if the new workbook is the authoritative period.,,,,,,,,,,
fund_aum,review,field_change_candidate,112573,aum_base_date,기준일자,aum_base_date,2026-05-31,2026-04-30,,Review before update. Do not apply automatically.,,,,,,,,,,
fund_aum,review,field_change_candidate,112576,aum_base_date,기준일자,aum_base_date,2026-05-31,2026-04-30,,Review before update. Do not apply automatically.,,,,,,,,,,
fund_aum,review,numeric_change_candidate,112576,equity_won,Equity 총액(원),equity_won,52776500000,51915500000,861000000,Likely update candidate if the new workbook is the authoritative period.,,,,,,,,,,
fund_aum,review,numeric_change_candidate,112576,benchmark_aum,AUM(원),benchmark_aum,52776500000,51915500000,861000000,Likely update candidate if the new workbook is the authoritative period.,,,,,,,,,,
fund_aum,review,field_change_candidate,112577,aum_base_date,기준일자,aum_base_date,2026-05-31,2026-04-30,,Review before update. Do not apply automatically.,,,,,,,,,,
fund_aum,review,numeric_change_candidate,112577,equity_won,Equity 총액(원),equity_won,52776500000,51915500000,861000000,Likely update candidate if the new workbook is the authoritative period.,,,,,,,,,,
fund_aum,review,numeric_change_candidate,112577,benchmark_aum,AUM(원),benchmark_aum,52776500000,51915500000,861000000,Likely update candidate if the new workbook is the authoritative period.,,,,,,,,,,
fund_aum,review,field_change_candidate,112578,aum_base_date,기준일자,aum_base_date,2026-05-31,2026-04-30,,Review before update. Do not apply automatically.,,,,,,,,,,
fund_aum,review,numeric_change_candidate,112578,equity_won,Equity 총액(원),equity_won,52776500000,51915500000,861000000,Likely update candidate if the new workbook is the authoritative period.,,,,,,,,,,
fund_aum,review,numeric_change_candidate,112578,benchmark_aum,AUM(원),benchmark_aum,52776500000,51915500000,861000000,Likely update candidate if the new workbook is the authoritative period.,,,,,,,,,,
fund_aum,review,field_change_candidate,112579,aum_base_date,기준일자,aum_base_date,2026-05-31,2026-04-30,,Review before update. Do not apply automatically.,,,,,,,,,,
fund_aum,review,field_change_candidate,112582,aum_base_date,기준일자,aum_base_date,2026-05-31,2026-04-30,,Review before update. Do not apply automatically.,,,,,,,,,,
fund_aum,review,field_change_candidate,112583,aum_base_date,기준일자,aum_base_date,2026-05-31,2026-04-30,,Review before update. Do not apply automatically.,,,,,,,,,,
fund_aum,review,field_change_candidate,112584,aum_base_date,기준일자,aum_base_date,2026-05-31,2026-04-30,,Review before update. Do not apply automatically.,,,,,,,,,,
fund_aum,review,field_change_candidate,112585,aum_base_date,기준일자,aum_base_date,2026-05-31,2026-04-30,,Review before update. Do not apply automatically.,,,,,,,,,,
fund_aum,review,numeric_change_candidate,112585,equity_won,Equity 총액(원),equity_won,45237000000,44499000000,738000000,Likely update candidate if the new workbook is the authoritative period.,,,,,,,,,,
fund_aum,review,numeric_change_candidate,112585,benchmark_aum,AUM(원),benchmark_aum,45237000000,44499000000,738000000,Likely update candidate if the new workbook is the authoritative period.,,,,,,,,,,
fund_aum,review,field_change_candidate,112586,aum_base_date,기준일자,aum_base_date,2026-05-31,2026-04-30,,Review before update. Do not apply automatically.,,,,,,,,,,
fund_aum,review,field_change_candidate,112587,aum_base_date,기준일자,aum_base_date,2026-05-31,2026-04-30,,Review before update. Do not apply automatically.,,,,,,,,,,
fund_aum,review,numeric_change_candidate,112587,equity_won,Equity 총액(원),equity_won,232263947114,218126975278,14136971836,Likely update candidate if the new workbook is the authoritative period.,,,,,,,,,,
fund_aum,review,numeric_change_candidate,112587,benchmark_aum,AUM(원),benchmark_aum,232263947114,218126975278,14136971836,Likely update candidate if the new workbook is the authoritative period.,,,,,,,,,,
fund_aum,review,numeric_change_candidate,112587,invested_equity_won,Equity 총액(원).1,invested_equity_won,232263947114,218126975278,14136971836,Likely update candidate if the new workbook is the authoritative period.,,,,,,,,,,
fund_aum,review,numeric_change_candidate,112587,invested_aum,AUM(원).1,invested_aum,232263947114,218126975278,14136971836,Likely update candidate if the new workbook is the authoritative period.,,,,,,,,,,
fund_aum,review,field_change_candidate,112588,aum_base_date,기준일자,aum_base_date,2026-05-31,2026-04-30,,Review before update. Do not apply automatically.,,,,,,,,,,
fund_aum,review,numeric_change_candidate,112588,equity_won,Equity 총액(원),equity_won,355264000000,352378000000,2886000000,Likely update candidate if the new workbook is the authoritative period.,,,,,,,,,,
fund_aum,review,numeric_change_candidate,112588,benchmark_aum,AUM(원),benchmark_aum,355264000000,352378000000,2886000000,Likely update candidate if the new workbook is the authoritative period.,,,,,,,,,,
fund_aum,review,field_change_candidate,112589,aum_base_date,기준일자,aum_base_date,2026-05-31,2026-04-30,,Review before update. Do not apply automatically.,,,,,,,,,,
fund_aum,review,numeric_change_candidate,112589,deposit_won,기준일자 임대보증금(원),deposit_won,45014569360,44901316240,113253120,Likely update candidate if the new workbook is the authoritative period.,,,,,,,,,,
fund_aum,review,numeric_change_candidate,112589,benchmark_aum,AUM(원),benchmark_aum,2765014569360,2764901316240,113253120,Likely update candidate if the new workbook is the authoritative period.,,,,,,,,,,
fund_aum,review,numeric_change_candidate,112589,invested_loan_won,Loan 총액(원).1,invested_loan_won,1850000000000,1830000000000,20000000000,Likely update candidate if the new workbook is the authoritative period.,,,,,,,,,,
fund_aum,review,numeric_change_candidate,112589,invested_deposit_won,기준일자 임대보증금(원).1,invested_deposit_won,45014569360,44901316240,113253120,Likely update candidate if the new workbook is the authoritative period.,,,,,,,,,,
fund_aum,review,numeric_change_candidate,112589,invested_aum,AUM(원).1,invested_aum,2839742519501,2819629266381,20113253120,Likely update candidate if the new workbook is the authoritative period.,,,,,,,,,,
fund_aum,review,field_change_candidate,112596,aum_base_date,기준일자,aum_base_date,2026-05-31,2026-04-30,,Review before update. Do not apply automatically.,,,,,,,,,,
fund_aum,review,field_change_candidate,112597,aum_base_date,기준일자,aum_base_date,2026-05-31,2026-04-30,,Review before update. Do not apply automatically.,,,,,,,,,,
fund_aum,review,numeric_change_candidate,112597,deposit_won,기준일자 임대보증금(원),deposit_won,1769222062,1824877062,-55655000,Likely update candidate if the new workbook is the authoritative period.,,,,,,,,,,
fund_aum,review,numeric_change_candidate,112597,benchmark_aum,AUM(원),benchmark_aum,63469222062,63524877062,-55655000,Likely update candidate if the new workbook is the authoritative period.,,,,,,,,,,
fund_aum,review,numeric_change_candidate,112597,invested_deposit_won,기준일자 임대보증금(원).1,invested_deposit_won,1769222062,1824877062,-55655000,Likely update candidate if the new workbook is the authoritative period.,,,,,,,,,,
fund_aum,review,numeric_change_candidate,112597,invested_aum,AUM(원).1,invested_aum,63469222062,63524877062,-55655000,Likely update candidate if the new workbook is the authoritative period.,,,,,,,,,,
fund_aum,review,field_change_candidate,112598,aum_base_date,기준일자,aum_base_date,2026-05-31,2026-04-30,,Review before update. Do not apply automatically.,,,,,,,,,,
fund_aum,review,numeric_change_candidate,112598,loan_won,Loan 총액(원),loan_won,127113708150,125039965050,2073743100,Likely update candidate if the new workbook is the authoritative period.,,,,,,,,,,
fund_aum,review,numeric_change_candidate,112598,benchmark_aum,AUM(원),benchmark_aum,203053385581,200979642481,2073743100,Likely update candidate if the new workbook is the authoritative period.,,,,,,,,,,
fund_aum,review,numeric_change_candidate,112598,invested_loan_won,Loan 총액(원).1,invested_loan_won,127113708150,125039965050,2073743100,Likely update candidate if the new workbook is the authoritative period.,,,,,,,,,,
fund_aum,review,numeric_change_candidate,112598,invested_aum,AUM(원).1,invested_aum,203053385581,200979642481,2073743100,Likely update candidate if the new workbook is the authoritative period.,,,,,,,,,,
fund_aum,review,field_change_candidate,112599,aum_base_date,기준일자,aum_base_date,2026-05-31,2026-04-30,,Review before update. Do not apply automatically.,,,,,,,,,,
fund_aum,review,numeric_change_candidate,112599,loan_won,Loan 총액(원),loan_won,127113708150,125039965050,2073743100,Likely update candidate if the new workbook is the authoritative period.,,,,,,,,,,
fund_aum,review,numeric_change_candidate,112599,benchmark_aum,AUM(원),benchmark_aum,203053385582,200979642482,2073743100,Likely update candidate if the new workbook is the authoritative period.,,,,,,,,,,
fund_aum,review,numeric_change_candidate,112599,invested_loan_won,Loan 총액(원).1,invested_loan_won,127113708150,125039965050,2073743100,Likely update candidate if the new workbook is the authoritative period.,,,,,,,,,,
fund_aum,review,numeric_change_candidate,112599,invested_aum,AUM(원).1,invested_aum,203053385582,200979642482,2073743100,Likely update candidate if the new workbook is the authoritative period.,,,,,,,,,,
fund_aum,review,field_change_candidate,112600,aum_base_date,기준일자,aum_base_date,2026-05-31,2026-04-30,,Review before update. Do not apply automatically.,,,,,,,,,,
fund_aum,review,numeric_change_candidate,112600,loan_won,Loan 총액(원),loan_won,98993635000,97378645000,1614990000,Likely update candidate if the new workbook is the authoritative period.,,,,,,,,,,
fund_aum,review,numeric_change_candidate,112600,benchmark_aum,AUM(원),benchmark_aum,157615499612,156000509612,1614990000,Likely update candidate if the new workbook is the authoritative period.,,,,,,,,,,
fund_aum,review,numeric_change_candidate,112600,invested_loan_won,Loan 총액(원).1,invested_loan_won,98993635000,97378645000,1614990000,Likely update candidate if the new workbook is the authoritative period.,,,,,,,,,,
fund_aum,review,numeric_change_candidate,112600,invested_aum,AUM(원).1,invested_aum,157615499612,156000509612,1614990000,Likely update candidate if the new workbook is the authoritative period.,,,,,,,,,,
fund_aum,review,field_change_candidate,112601,aum_base_date,기준일자,aum_base_date,2026-05-31,2026-04-30,,Review before update. Do not apply automatically.,,,,,,,,,,
fund_aum,review,numeric_change_candidate,112601,equity_won,Equity 총액(원),equity_won,60692975000,59702825000,990150000,Likely update candidate if the new workbook is the authoritative period.,,,,,,,,,,
fund_aum,review,numeric_change_candidate,112601,benchmark_aum,AUM(원),benchmark_aum,60692975000,59702825000,990150000,Likely update candidate if the new workbook is the authoritative period.,,,,,,,,,,
fund_aum,review,field_change_candidate,112602,aum_base_date,기준일자,aum_base_date,2026-05-31,2026-04-30,,Review before update. Do not apply automatically.,,,,,,,,,,
fund_aum,review,numeric_change_candidate,112602,invested_equity_won,Equity 총액(원).1,invested_equity_won,59166310912,59447401920,-281091008,Likely update candidate if the new workbook is the authoritative period.,,,,,,,,,,
fund_aum,review,numeric_change_candidate,112602,invested_aum,AUM(원).1,invested_aum,59166310912,59447401920,-281091008,Likely update candidate if the new workbook is the authoritative period.,,,,,,,,,,
fund_aum,review,field_change_candidate,112604,aum_base_date,기준일자,aum_base_date,2026-05-31,2026-04-30,,Review before update. Do not apply automatically.,,,,,,,,,,
fund_aum,review,field_change_candidate,112606,aum_base_date,기준일자,aum_base_date,2026-05-31,2026-04-30,,Review before update. Do not apply automatically.,,,,,,,,,,
fund_aum,review,field_change_candidate,112607,aum_base_date,기준일자,aum_base_date,2026-05-31,2026-04-30,,Review before update. Do not apply automatically.,,,,,,,,,,
fund_aum,review,numeric_change_candidate,112607,equity_won,Equity 총액(원),equity_won,105553000000,103831000000,1722000000,Likely update candidate if the new workbook is the authoritative period.,,,,,,,,,,
fund_aum,review,numeric_change_candidate,112607,benchmark_aum,AUM(원),benchmark_aum,105553000000,103831000000,1722000000,Likely update candidate if the new workbook is the authoritative period.,,,,,,,,,,
fund_aum,review,field_change_candidate,112608,aum_base_date,기준일자,aum_base_date,2026-05-31,2026-04-30,,Review before update. Do not apply automatically.,,,,,,,,,,
fund_aum,review,field_change_candidate,112611,aum_base_date,기준일자,aum_base_date,2026-05-31,2026-04-30,,Review before update. Do not apply automatically.,,,,,,,,,,
fund_aum,review,field_change_candidate,112614,aum_base_date,기준일자,aum_base_date,2026-05-31,2026-04-30,,Review before update. Do not apply automatically.,,,,,,,,,,
fund_aum,review,field_change_candidate,112617,aum_base_date,기준일자,aum_base_date,2026-05-31,2026-04-30,,Review before update. Do not apply automatically.,,,,,,,,,,
fund_aum,review,numeric_change_candidate,112617,equity_won,Equity 총액(원),equity_won,75395000000,74165000000,1230000000,Likely update candidate if the new workbook is the authoritative period.,,,,,,,,,,
fund_aum,review,numeric_change_candidate,112617,benchmark_aum,AUM(원),benchmark_aum,75395000000,74165000000,1230000000,Likely update candidate if the new workbook is the authoritative period.,,,,,,,,,,
fund_aum,review,field_change_candidate,112619,aum_base_date,기준일자,aum_base_date,2026-05-31,2026-04-30,,Review before update. Do not apply automatically.,,,,,,,,,,
fund_aum,review,numeric_change_candidate,112619,equity_won,Equity 총액(원),equity_won,98013500000,96414500000,1599000000,Likely update candidate if the new workbook is the authoritative period.,,,,,,,,,,
fund_aum,review,numeric_change_candidate,112619,benchmark_aum,AUM(원),benchmark_aum,98013500000,96414500000,1599000000,Likely update candidate if the new workbook is the authoritative period.,,,,,,,,,,
fund_aum,review,field_change_candidate,112621,aum_base_date,기준일자,aum_base_date,2026-05-31,2026-04-30,,Review before update. Do not apply automatically.,,,,,,,,,,
fund_aum,review,numeric_change_candidate,112621,equity_won,Equity 총액(원),equity_won,116002747000,114110269000,1892478000,Likely update candidate if the new workbook is the authoritative period.,,,,,,,,,,
fund_aum,review,numeric_change_candidate,112621,benchmark_aum,AUM(원),benchmark_aum,116002747000,114110269000,1892478000,Likely update candidate if the new workbook is the authoritative period.,,,,,,,,,,
fund_aum,review,numeric_change_candidate,112621,invested_equity_won,Equity 총액(원).1,invested_equity_won,87541989682,88075982169,-533992487,Likely update candidate if the new workbook is the authoritative period.,,,,,,,,,,
fund_aum,review,numeric_change_candidate,112621,invested_aum,AUM(원).1,invested_aum,87541989682,88075982169,-533992487,Likely update candidate if the new workbook is the authoritative period.,,,,,,,,,,
fund_aum,review,field_change_candidate,112622,aum_base_date,기준일자,aum_base_date,2026-05-31,2026-04-30,,Review before update. Do not apply automatically.,,,,,,,,,,
fund_aum,review,numeric_change_candidate,112622,equity_won,Equity 총액(원),equity_won,49715463000,48904401000,811062000,Likely update candidate if the new workbook is the authoritative period.,,,,,,,,,,
fund_aum,review,numeric_change_candidate,112622,benchmark_aum,AUM(원),benchmark_aum,49715463000,48904401000,811062000,Likely update candidate if the new workbook is the authoritative period.,,,,,,,,,,
fund_aum,review,field_change_candidate,112623,aum_base_date,기준일자,aum_base_date,2026-05-31,2026-04-30,,Review before update. Do not apply automatically.,,,,,,,,,,
fund_aum,review,field_change_candidate,112624,aum_base_date,기준일자,aum_base_date,2026-05-31,2026-04-30,,Review before update. Do not apply automatically.,,,,,,,,,,
fund_aum,review,field_change_candidate,112625,aum_base_date,기준일자,aum_base_date,2026-05-31,2026-04-30,,Review before update. Do not apply automatically.,,,,,,,,,,
fund_aum,review,numeric_change_candidate,112625,equity_won,Equity 총액(원),equity_won,45237000000,44499000000,738000000,Likely update candidate if the new workbook is the authoritative period.,,,,,,,,,,
fund_aum,review,numeric_change_candidate,112625,benchmark_aum,AUM(원),benchmark_aum,45237000000,44499000000,738000000,Likely update candidate if the new workbook is the authoritative period.,,,,,,,,,,
fund_aum,review,field_change_candidate,112626,aum_base_date,기준일자,aum_base_date,2026-05-31,2026-04-30,,Review before update. Do not apply automatically.,,,,,,,,,,
fund_aum,review,field_change_candidate,112629,aum_base_date,기준일자,aum_base_date,2026-05-31,2026-04-30,,Review before update. Do not apply automatically.,,,,,,,,,,
fund_aum,review,field_change_candidate,112641,aum_base_date,기준일자,aum_base_date,2026-05-31,2026-04-30,,Review before update. Do not apply automatically.,,,,,,,,,,
fund_aum,review,field_change_candidate,112642,aum_base_date,기준일자,aum_base_date,2026-05-31,2026-04-30,,Review before update. Do not apply automatically.,,,,,,,,,,
fund_aum,review,field_change_candidate,112645,aum_base_date,기준일자,aum_base_date,2026-05-31,2026-04-30,,Review before update. Do not apply automatically.,,,,,,,,,,
fund_aum,review,numeric_change_candidate,112645,equity_won,Equity 총액(원),equity_won,45237000000,44499000000,738000000,Likely update candidate if the new workbook is the authoritative period.,,,,,,,,,,
fund_aum,review,numeric_change_candidate,112645,benchmark_aum,AUM(원),benchmark_aum,45237000000,44499000000,738000000,Likely update candidate if the new workbook is the authoritative period.,,,,,,,,,,
fund_aum,review,field_change_candidate,112646,aum_base_date,기준일자,aum_base_date,2026-05-31,2026-04-30,,Review before update. Do not apply automatically.,,,,,,,,,,
fund_aum,review,field_change_candidate,112648,aum_base_date,기준일자,aum_base_date,2026-05-31,2026-04-30,,Review before update. Do not apply automatically.,,,,,,,,,,
fund_aum,review,numeric_change_candidate,112648,equity_won,Equity 총액(원),equity_won,131730300000,129913550000,1816750000,Likely update candidate if the new workbook is the authoritative period.,,,,,,,,,,
fund_aum,review,numeric_change_candidate,112648,benchmark_aum,AUM(원),benchmark_aum,131730300000,129913550000,1816750000,Likely update candidate if the new workbook is the authoritative period.,,,,,,,,,,
fund_aum,review,field_change_candidate,112649,aum_base_date,기준일자,aum_base_date,2026-05-31,2026-04-30,,Review before update. Do not apply automatically.,,,,,,,,,,
fund_aum,review,field_change_candidate,112653,aum_base_date,기준일자,aum_base_date,2026-05-31,2026-04-30,,Review before update. Do not apply automatically.,,,,,,,,,,
fund_aum,review,field_change_candidate,112656,aum_base_date,기준일자,aum_base_date,2026-05-31,2026-04-30,,Review before update. Do not apply automatically.,,,,,,,,,,
fund_aum,review,field_change_candidate,112657,aum_base_date,기준일자,aum_base_date,2026-05-31,2026-04-30,,Review before update. Do not apply automatically.,,,,,,,,,,
fund_aum,review,numeric_change_candidate,112657,equity_won,Equity 총액(원),equity_won,71825726813,70653956218,1171770595,Likely update candidate if the new workbook is the authoritative period.,,,,,,,,,,
fund_aum,review,numeric_change_candidate,112657,loan_won,Loan 총액(원),loan_won,107658405375,105902057625,1756347750,Likely update candidate if the new workbook is the authoritative period.,,,,,,,,,,
fund_aum,review,numeric_change_candidate,112657,benchmark_aum,AUM(원),benchmark_aum,179484132188,176556013843,2928118345,Likely update candidate if the new workbook is the authoritative period.,,,,,,,,,,
fund_aum,review,numeric_change_candidate,112657,invested_loan_won,Loan 총액(원).1,invested_loan_won,107658405375,105902057625,1756347750,Likely update candidate if the new workbook is the authoritative period.,,,,,,,,,,
fund_aum,review,numeric_change_candidate,112657,invested_aum,AUM(원).1,invested_aum,177367718964,175611371214,1756347750,Likely update candidate if the new workbook is the authoritative period.,,,,,,,,,,
fund_aum,review,field_change_candidate,112658,aum_base_date,기준일자,aum_base_date,2026-05-31,2026-04-30,,Review before update. Do not apply automatically.,,,,,,,,,,
fund_aum,review,numeric_change_candidate,112658,equity_won,Equity 총액(원),equity_won,74641050000,73423350000,1217700000,Likely update candidate if the new workbook is the authoritative period.,,,,,,,,,,
fund_aum,review,numeric_change_candidate,112658,benchmark_aum,AUM(원),benchmark_aum,74641050000,73423350000,1217700000,Likely update candidate if the new workbook is the authoritative period.,,,,,,,,,,
fund_aum,review,field_change_candidate,112659,aum_base_date,기준일자,aum_base_date,2026-05-31,2026-04-30,,Review before update. Do not apply automatically.,,,,,,,,,,
fund_aum,review,numeric_change_candidate,112659,equity_won,Equity 총액(원),equity_won,16888480000,16612960000,275520000,Likely update candidate if the new workbook is the authoritative period.,,,,,,,,,,
fund_aum,review,numeric_change_candidate,112659,benchmark_aum,AUM(원),benchmark_aum,16888480000,16612960000,275520000,Likely update candidate if the new workbook is the authoritative period.,,,,,,,,,,
fund_aum,review,numeric_change_candidate,112659,invested_equity_won,Equity 총액(원).1,invested_equity_won,15018380898,15110044656,-91663758,Likely update candidate if the new workbook is the authoritative period.,,,,,,,,,,
fund_aum,review,numeric_change_candidate,112659,invested_aum,AUM(원).1,invested_aum,15018380898,15110044656,-91663758,Likely update candidate if the new workbook is the authoritative period.,,,,,,,,,,
fund_aum,review,field_change_candidate,112660,aum_base_date,기준일자,aum_base_date,2026-05-31,2026-04-30,,Review before update. Do not apply automatically.,,,,,,,,,,
fund_aum,review,numeric_change_candidate,112660,equity_won,Equity 총액(원),equity_won,7237920000,7119840000,118080000,Likely update candidate if the new workbook is the authoritative period.,,,,,,,,,,
fund_aum,review,numeric_change_candidate,112660,benchmark_aum,AUM(원),benchmark_aum,7237920000,7119840000,118080000,Likely update candidate if the new workbook is the authoritative period.,,,,,,,,,,
fund_aum,review,field_change_candidate,112661,aum_base_date,기준일자,aum_base_date,2026-05-31,2026-04-30,,Review before update. Do not apply automatically.,,,,,,,,,,
fund_aum,review,field_change_candidate,112662,aum_base_date,기준일자,aum_base_date,2026-05-31,2026-04-30,,Review before update. Do not apply automatically.,,,,,,,,,,
fund_aum,review,numeric_change_candidate,112662,equity_won,Equity 총액(원),equity_won,150790000000,148330000000,2460000000,Likely update candidate if the new workbook is the authoritative period.,,,,,,,,,,
fund_aum,review,numeric_change_candidate,112662,benchmark_aum,AUM(원),benchmark_aum,150790000000,148330000000,2460000000,Likely update candidate if the new workbook is the authoritative period.,,,,,,,,,,
fund_aum,review,field_change_candidate,112663,aum_base_date,기준일자,aum_base_date,2026-05-31,2026-04-30,,Review before update. Do not apply automatically.,,,,,,,,,,
fund_aum,review,numeric_change_candidate,112663,equity_won,Equity 총액(원),equity_won,45237000000,44499000000,738000000,Likely update candidate if the new workbook is the authoritative period.,,,,,,,,,,
fund_aum,review,numeric_change_candidate,112663,benchmark_aum,AUM(원),benchmark_aum,45237000000,44499000000,738000000,Likely update candidate if the new workbook is the authoritative period.,,,,,,,,,,
fund_aum,review,field_change_candidate,112664,aum_base_date,기준일자,aum_base_date,2026-05-31,2026-04-30,,Review before update. Do not apply automatically.,,,,,,,,,,
fund_aum,review,numeric_change_candidate,112664,equity_won,Equity 총액(원),equity_won,42053012653,41218204491,834808162,Likely update candidate if the new workbook is the authoritative period.,,,,,,,,,,
fund_aum,review,numeric_change_candidate,112664,benchmark_aum,AUM(원),benchmark_aum,42053012653,41218204491,834808162,Likely update candidate if the new workbook is the authoritative period.,,,,,,,,,,
fund_aum,review,numeric_change_candidate,112664,invested_equity_won,Equity 총액(원).1,invested_equity_won,42053012653,41218204491,834808162,Likely update candidate if the new workbook is the authoritative period.,,,,,,,,,,
fund_aum,review,numeric_change_candidate,112664,invested_aum,AUM(원).1,invested_aum,42053012653,41218204491,834808162,Likely update candidate if the new workbook is the authoritative period.,,,,,,,,,,
fund_aum,review,field_change_candidate,112665,aum_base_date,기준일자,aum_base_date,2026-05-31,2026-04-30,,Review before update. Do not apply automatically.,,,,,,,,,,
fund_aum,review,numeric_change_candidate,112665,equity_won,Equity 총액(원),equity_won,582736338,74274518578,-73691782240,Likely update candidate if the new workbook is the authoritative period.,,,,,,,,,,
fund_aum,review,numeric_change_candidate,112665,benchmark_aum,AUM(원),benchmark_aum,582736338,74274518578,-73691782240,Likely update candidate if the new workbook is the authoritative period.,,,,,,,,,,
fund_aum,review,numeric_change_candidate,112665,invested_equity_won,Equity 총액(원).1,invested_equity_won,582736338,74274518578,-73691782240,Likely update candidate if the new workbook is the authoritative period.,,,,,,,,,,
fund_aum,review,numeric_change_candidate,112665,invested_aum,AUM(원).1,invested_aum,582736338,74274518578,-73691782240,Likely update candidate if the new workbook is the authoritative period.,,,,,,,,,,
fund_aum,review,field_change_candidate,112666,aum_base_date,기준일자,aum_base_date,2026-05-31,2026-04-30,,Review before update. Do not apply automatically.,,,,,,,,,,
fund_aum,review,field_change_candidate,112667,aum_base_date,기준일자,aum_base_date,2026-05-31,2026-04-30,,Review before update. Do not apply automatically.,,,,,,,,,,
fund_aum,review,numeric_change_candidate,112667,equity_won,Equity 총액(원),equity_won,70931700000,69953450000,978250000,Likely update candidate if the new workbook is the authoritative period.,,,,,,,,,,
fund_aum,review,numeric_change_candidate,112667,benchmark_aum,AUM(원),benchmark_aum,70931700000,69953450000,978250000,Likely update candidate if the new workbook is the authoritative period.,,,,,,,,,,
fund_aum,review,field_change_candidate,112668,aum_base_date,기준일자,aum_base_date,2026-05-31,2026-04-30,,Review before update. Do not apply automatically.,,,,,,,,,,
fund_aum,review,numeric_change_candidate,112668,equity_won,Equity 총액(원),equity_won,40937724000,40373134000,564590000,Likely update candidate if the new workbook is the authoritative period.,,,,,,,,,,
fund_aum,review,numeric_change_candidate,112668,benchmark_aum,AUM(원),benchmark_aum,40937724000,40373134000,564590000,Likely update candidate if the new workbook is the authoritative period.,,,,,,,,,,
fund_aum,review,field_change_candidate,112669,aum_base_date,기준일자,aum_base_date,2026-05-31,2026-04-30,,Review before update. Do not apply automatically.,,,,,,,,,,
fund_aum,review,field_change_candidate,112683,aum_base_date,기준일자,aum_base_date,2026-05-31,2026-04-30,,Review before update. Do not apply automatically.,,,,,,,,,,
fund_aum,review,field_change_candidate,112684,aum_base_date,기준일자,aum_base_date,2026-05-31,2026-04-30,,Review before update. Do not apply automatically.,,,,,,,,,,
fund_aum,review,numeric_change_candidate,112684,equity_won,Equity 총액(원),equity_won,75470395000,74239165000,1231230000,Likely update candidate if the new workbook is the authoritative period.,,,,,,,,,,
fund_aum,review,numeric_change_candidate,112684,benchmark_aum,AUM(원),benchmark_aum,75470395000,74239165000,1231230000,Likely update candidate if the new workbook is the authoritative period.,,,,,,,,,,
fund_aum,review,field_change_candidate,112685,aum_base_date,기준일자,aum_base_date,2026-05-31,2026-04-30,,Review before update. Do not apply automatically.,,,,,,,,,,
fund_aum,review,numeric_change_candidate,112685,equity_won,Equity 총액(원),equity_won,21189764750,20844073250,345691500,Likely update candidate if the new workbook is the authoritative period.,,,,,,,,,,
fund_aum,review,numeric_change_candidate,112685,benchmark_aum,AUM(원),benchmark_aum,21189764750,20844073250,345691500,Likely update candidate if the new workbook is the authoritative period.,,,,,,,,,,
fund_aum,review,numeric_change_candidate,112685,invested_equity_won,Equity 총액(원).1,invested_equity_won,19543454857,19675827924,-132373067,Likely update candidate if the new workbook is the authoritative period.,,,,,,,,,,
fund_aum,review,numeric_change_candidate,112685,invested_aum,AUM(원).1,invested_aum,19543454857,19675827924,-132373067,Likely update candidate if the new workbook is the authoritative period.,,,,,,,,,,
fund_aum,review,field_change_candidate,112686,aum_base_date,기준일자,aum_base_date,2026-05-31,2026-04-30,,Review before update. Do not apply automatically.,,,,,,,,,,
fund_aum,review,numeric_change_candidate,112686,equity_won,Equity 총액(원),equity_won,9081327750,8933174250,148153500,Likely update candidate if the new workbook is the authoritative period.,,,,,,,,,,
fund_aum,review,numeric_change_candidate,112686,benchmark_aum,AUM(원),benchmark_aum,9081327750,8933174250,148153500,Likely update candidate if the new workbook is the authoritative period.,,,,,,,,,,
fund_aum,review,field_change_candidate,112687,aum_base_date,기준일자,aum_base_date,2026-05-31,2026-04-30,,Review before update. Do not apply automatically.,,,,,,,,,,
fund_aum,review,field_change_candidate,112690,aum_base_date,기준일자,aum_base_date,2026-05-31,2026-04-30,,Review before update. Do not apply automatically.,,,,,,,,,,
fund_aum,review,field_change_candidate,112700,aum_base_date,기준일자,aum_base_date,2026-05-31,2026-04-30,,Review before update. Do not apply automatically.,,,,,,,,,,
fund_aum,review,numeric_change_candidate,112700,invested_loan_won,Loan 총액(원).1,invested_loan_won,441000000000,453200000000,-12200000000,Likely update candidate if the new workbook is the authoritative period.,,,,,,,,,,
fund_aum,review,numeric_change_candidate,112700,invested_aum,AUM(원).1,invested_aum,766904224941,779104224941,-12200000000,Likely update candidate if the new workbook is the authoritative period.,,,,,,,,,,
fund_aum,review,field_change_candidate,112703,aum_base_date,기준일자,aum_base_date,2026-05-31,2026-04-30,,Review before update. Do not apply automatically.,,,,,,,,,,
fund_aum,review,field_change_candidate,112704,aum_base_date,기준일자,aum_base_date,2026-05-31,2026-04-30,,Review before update. Do not apply automatically.,,,,,,,,,,
fund_aum,review,field_change_candidate,112715,aum_base_date,기준일자,aum_base_date,2026-05-31,2026-04-30,,Review before update. Do not apply automatically.,,,,,,,,,,
fund_aum,review,field_change_candidate,112719,aum_base_date,기준일자,aum_base_date,2026-05-31,2026-04-30,,Review before update. Do not apply automatically.,,,,,,,,,,
fund_aum,review,field_change_candidate,112721,aum_base_date,기준일자,aum_base_date,2026-05-31,2026-04-30,,Review before update. Do not apply automatically.,,,,,,,,,,
fund_aum,review,field_change_candidate,112739,aum_base_date,기준일자,aum_base_date,2026-05-31,2026-04-30,,Review before update. Do not apply automatically.,,,,,,,,,,
fund_aum,review,numeric_change_candidate,112739,equity_won,Equity 총액(원),equity_won,53050226000,52267442000,782784000,Likely update candidate if the new workbook is the authoritative period.,,,,,,,,,,
fund_aum,review,numeric_change_candidate,112739,benchmark_aum,AUM(원),benchmark_aum,53050226000,52267442000,782784000,Likely update candidate if the new workbook is the authoritative period.,,,,,,,,,,
fund_aum,review,field_change_candidate,112744,aum_base_date,기준일자,aum_base_date,2026-05-31,2026-04-30,,Review before update. Do not apply automatically.,,,,,,,,,,
fund_aum,review,numeric_change_candidate,112744,equity_won,Equity 총액(원),equity_won,9145675683,8957557243,188118440,Likely update candidate if the new workbook is the authoritative period.,,,,,,,,,,
fund_aum,review,numeric_change_candidate,112744,benchmark_aum,AUM(원),benchmark_aum,9145675683,8957557243,188118440,Likely update candidate if the new workbook is the authoritative period.,,,,,,,,,,
fund_aum,review,numeric_change_candidate,112744,invested_equity_won,Equity 총액(원).1,invested_equity_won,9145675683,8957557243,188118440,Likely update candidate if the new workbook is the authoritative period.,,,,,,,,,,
fund_aum,review,numeric_change_candidate,112744,invested_aum,AUM(원).1,invested_aum,9145675683,8957557243,188118440,Likely update candidate if the new workbook is the authoritative period.,,,,,,,,,,
fund_aum,review,field_change_candidate,112745,aum_base_date,기준일자,aum_base_date,2026-05-31,2026-04-30,,Review before update. Do not apply automatically.,,,,,,,,,,
fund_aum,review,field_change_candidate,112748,aum_base_date,기준일자,aum_base_date,2026-05-31,2026-04-30,,Review before update. Do not apply automatically.,,,,,,,,,,
fund_aum,review,field_change_candidate,112751,aum_base_date,기준일자,aum_base_date,2026-05-31,2026-04-30,,Review before update. Do not apply automatically.,,,,,,,,,,
fund_aum,review,field_change_candidate,112755,aum_base_date,기준일자,aum_base_date,2026-05-31,2026-04-30,,Review before update. Do not apply automatically.,,,,,,,,,,
fund_aum,review,field_change_candidate,112756,aum_base_date,기준일자,aum_base_date,2026-05-31,2026-04-30,,Review before update. Do not apply automatically.,,,,,,,,,,
fund_aum,review,field_change_candidate,112778,aum_base_date,기준일자,aum_base_date,2026-05-31,2026-04-30,,Review before update. Do not apply automatically.,,,,,,,,,,
fund_aum,review,numeric_change_candidate,112778,deposit_won,기준일자 임대보증금(원),deposit_won,1388309000,1438309000,-50000000,Likely update candidate if the new workbook is the authoritative period.,,,,,,,,,,
fund_aum,review,numeric_change_candidate,112778,benchmark_aum,AUM(원),benchmark_aum,38588309000,38638309000,-50000000,Likely update candidate if the new workbook is the authoritative period.,,,,,,,,,,
fund_aum,review,numeric_change_candidate,112778,invested_deposit_won,기준일자 임대보증금(원).1,invested_deposit_won,1388309000,1438309000,-50000000,Likely update candidate if the new workbook is the authoritative period.,,,,,,,,,,
fund_aum,review,numeric_change_candidate,112778,invested_aum,AUM(원).1,invested_aum,38588309000,38638309000,-50000000,Likely update candidate if the new workbook is the authoritative period.,,,,,,,,,,
fund_aum,review,field_change_candidate,112785,aum_base_date,기준일자,aum_base_date,2026-05-31,2026-04-30,,Review before update. Do not apply automatically.,,,,,,,,,,
fund_aum,review,field_change_candidate,112789,aum_base_date,기준일자,aum_base_date,2026-05-31,2026-04-30,,Review before update. Do not apply automatically.,,,,,,,,,,
fund_aum,review,numeric_change_candidate,112789,deposit_won,기준일자 임대보증금(원),deposit_won,15230000000,11230000000,4000000000,Likely update candidate if the new workbook is the authoritative period.,,,,,,,,,,
fund_aum,review,numeric_change_candidate,112789,benchmark_aum,AUM(원),benchmark_aum,70128483000,66128483000,4000000000,Likely update candidate if the new workbook is the authoritative period.,,,,,,,,,,
fund_aum,review,numeric_change_candidate,112789,invested_deposit_won,기준일자 임대보증금(원).1,invested_deposit_won,15230000000,11230000000,4000000000,Likely update candidate if the new workbook is the authoritative period.,,,,,,,,,,
fund_aum,review,numeric_change_candidate,112789,invested_aum,AUM(원).1,invested_aum,70128483000,66128483000,4000000000,Likely update candidate if the new workbook is the authoritative period.,,,,,,,,,,
fund_aum,review,field_change_candidate,112790,aum_base_date,기준일자,aum_base_date,2026-05-31,2026-04-30,,Review before update. Do not apply automatically.,,,,,,,,,,
fund_aum,review,numeric_change_candidate,112790,equity_won,Equity 총액(원),equity_won,165869000000,163163000000,2706000000,Likely update candidate if the new workbook is the authoritative period.,,,,,,,,,,
fund_aum,review,numeric_change_candidate,112790,benchmark_aum,AUM(원),benchmark_aum,165869000000,163163000000,2706000000,Likely update candidate if the new workbook is the authoritative period.,,,,,,,,,,
fund_aum,review,field_change_candidate,112795,aum_base_date,기준일자,aum_base_date,2026-05-31,2026-04-30,,Review before update. Do not apply automatically.,,,,,,,,,,
fund_aum,review,numeric_change_candidate,112795,equity_won,Equity 총액(원),equity_won,82934500000,81581500000,1353000000,Likely update candidate if the new workbook is the authoritative period.,,,,,,,,,,
fund_aum,review,numeric_change_candidate,112795,benchmark_aum,AUM(원),benchmark_aum,82934500000,81581500000,1353000000,Likely update candidate if the new workbook is the authoritative period.,,,,,,,,,,
fund_aum,review,field_change_candidate,112803,aum_base_date,기준일자,aum_base_date,2026-05-31,2026-04-30,,Review before update. Do not apply automatically.,,,,,,,,,,
fund_aum,review,numeric_change_candidate,112803,equity_won,Equity 총액(원),equity_won,87831500000,86535500000,1296000000,Likely update candidate if the new workbook is the authoritative period.,,,,,,,,,,
fund_aum,review,numeric_change_candidate,112803,benchmark_aum,AUM(원),benchmark_aum,87831500000,86535500000,1296000000,Likely update candidate if the new workbook is the authoritative period.,,,,,,,,,,
fund_aum,review,field_change_candidate,120001,aum_base_date,기준일자,aum_base_date,2026-05-31,2026-04-30,,Review before update. Do not apply automatically.,,,,,,,,,,
fund_aum,review,field_change_candidate,120008,aum_base_date,기준일자,aum_base_date,2026-05-31,2026-04-30,,Review before update. Do not apply automatically.,,,,,,,,,,
fund_aum,review,numeric_change_candidate,120008,invested_loan_won,Loan 총액(원).1,invested_loan_won,204000000000,202700000000,1300000000,Likely update candidate if the new workbook is the authoritative period.,,,,,,,,,,
fund_aum,review,numeric_change_candidate,120008,invested_aum,AUM(원).1,invested_aum,285452510010,284152510010,1300000000,Likely update candidate if the new workbook is the authoritative period.,,,,,,,,,,
fund_aum,review,field_change_candidate,120015,aum_base_date,기준일자,aum_base_date,2026-05-31,2026-04-30,,Review before update. Do not apply automatically.,,,,,,,,,,
fund_aum,review,field_change_candidate,120017,aum_base_date,기준일자,aum_base_date,2026-05-31,2026-04-30,,Review before update. Do not apply automatically.,,,,,,,,,,
fund_aum,review,field_change_candidate,120023,aum_base_date,기준일자,aum_base_date,2026-05-31,2026-04-30,,Review before update. Do not apply automatically.,,,,,,,,,,
fund_aum,review,field_change_candidate,120028,aum_base_date,기준일자,aum_base_date,2026-05-31,2026-04-30,,Review before update. Do not apply automatically.,,,,,,,,,,
fund_aum,review,field_change_candidate,120031,aum_base_date,기준일자,aum_base_date,2026-05-31,2026-04-30,,Review before update. Do not apply automatically.,,,,,,,,,,
fund_aum,review,field_change_candidate,120045,aum_base_date,기준일자,aum_base_date,2026-05-31,2026-04-30,,Review before update. Do not apply automatically.,,,,,,,,,,
fund_aum,review,field_change_candidate,120048,aum_base_date,기준일자,aum_base_date,2026-05-31,2026-04-30,,Review before update. Do not apply automatically.,,,,,,,,,,
fund_aum,review,field_change_candidate,120053,aum_base_date,기준일자,aum_base_date,2026-05-31,2026-04-30,,Review before update. Do not apply automatically.,,,,,,,,,,
fund_aum,review,field_change_candidate,120056,aum_base_date,기준일자,aum_base_date,2026-05-31,2026-04-30,,Review before update. Do not apply automatically.,,,,,,,,,,
fund_aum,review,field_change_candidate,120058,aum_base_date,기준일자,aum_base_date,2026-05-31,2026-04-30,,Review before update. Do not apply automatically.,,,,,,,,,,
fund_aum,review,field_change_candidate,120062,aum_base_date,기준일자,aum_base_date,2026-05-31,2026-04-30,,Review before update. Do not apply automatically.,,,,,,,,,,
fund_aum,review,field_change_candidate,120063,aum_base_date,기준일자,aum_base_date,2026-05-31,2026-04-30,,Review before update. Do not apply automatically.,,,,,,,,,,
fund_aum,review,field_change_candidate,120074,aum_base_date,기준일자,aum_base_date,2026-05-31,2026-04-30,,Review before update. Do not apply automatically.,,,,,,,,,,
fund_aum,review,field_change_candidate,120085,aum_base_date,기준일자,aum_base_date,2026-05-31,2026-04-30,,Review before update. Do not apply automatically.,,,,,,,,,,
fund_aum,review,field_change_candidate,120091,aum_base_date,기준일자,aum_base_date,2026-05-31,2026-04-30,,Review before update. Do not apply automatically.,,,,,,,,,,
fund_aum,review,field_change_candidate,120094,aum_base_date,기준일자,aum_base_date,2026-05-31,2026-04-30,,Review before update. Do not apply automatically.,,,,,,,,,,
fund_aum,review,field_change_candidate,120099,aum_base_date,기준일자,aum_base_date,2026-05-31,2026-04-30,,Review before update. Do not apply automatically.,,,,,,,,,,
fund_aum,review,field_change_candidate,120104,aum_base_date,기준일자,aum_base_date,2026-05-31,2026-04-30,,Review before update. Do not apply automatically.,,,,,,,,,,
fund_aum,review,field_change_candidate,120119,aum_base_date,기준일자,aum_base_date,2026-05-31,2026-04-30,,Review before update. Do not apply automatically.,,,,,,,,,,
fund_aum,review,numeric_change_candidate,120119,invested_equity_won,Equity 총액(원).1,invested_equity_won,7599264117,3000000000,4599264117,Likely update candidate if the new workbook is the authoritative period.,,,,,,,,,,
fund_aum,review,numeric_change_candidate,120119,invested_aum,AUM(원).1,invested_aum,7599264117,3000000000,4599264117,Likely update candidate if the new workbook is the authoritative period.,,,,,,,,,,
fund_aum,review,field_change_candidate,190001,aum_base_date,기준일자,aum_base_date,2026-05-31,2026-04-30,,Review before update. Do not apply automatically.,,,,,,,,,,
fund_aum,review,field_change_candidate,190002,aum_base_date,기준일자,aum_base_date,2026-05-31,2026-04-30,,Review before update. Do not apply automatically.,,,,,,,,,,
fund_aum,review,field_change_candidate,190005,aum_base_date,기준일자,aum_base_date,2026-05-31,2026-04-30,,Review before update. Do not apply automatically.,,,,,,,,,,
fund_aum,review,field_change_candidate,190008,aum_base_date,기준일자,aum_base_date,2026-05-31,2026-04-30,,Review before update. Do not apply automatically.,,,,,,,,,,
fund_aum,review,field_change_candidate,190009,aum_base_date,기준일자,aum_base_date,2026-05-31,2026-04-30,,Review before update. Do not apply automatically.,,,,,,,,,,
fund_aum,review,field_change_candidate,190010,aum_base_date,기준일자,aum_base_date,2026-05-31,2026-04-30,,Review before update. Do not apply automatically.,,,,,,,,,,
fund_aum,review,field_change_candidate,190013,aum_base_date,기준일자,aum_base_date,2026-05-31,2026-04-30,,Review before update. Do not apply automatically.,,,,,,,,,,
fund_aum,review,field_change_candidate,190014,aum_base_date,기준일자,aum_base_date,2026-05-31,2026-04-30,,Review before update. Do not apply automatically.,,,,,,,,,,
fund_aum,review,field_change_candidate,190017,aum_base_date,기준일자,aum_base_date,2026-05-31,2026-04-30,,Review before update. Do not apply automatically.,,,,,,,,,,
fund_aum,review,field_change_candidate,200001,aum_base_date,기준일자,aum_base_date,2026-05-31,2026-04-30,,Review before update. Do not apply automatically.,,,,,,,,,,
fund_aum,review,numeric_change_candidate,200001,equity_won,Equity 총액(원),equity_won,24678894870,24314744790,364150080,Likely update candidate if the new workbook is the authoritative period.,,,,,,,,,,
fund_aum,review,numeric_change_candidate,200001,benchmark_aum,AUM(원),benchmark_aum,24678894870,24314744790,364150080,Likely update candidate if the new workbook is the authoritative period.,,,,,,,,,,
fund_aum,review,field_change_candidate,200002,aum_base_date,기준일자,aum_base_date,2026-05-31,2026-04-30,,Review before update. Do not apply automatically.,,,,,,,,,,
fund_aum,review,numeric_change_candidate,200002,equity_won,Equity 총액(원),equity_won,10576669230,10420604910,156064320,Likely update candidate if the new workbook is the authoritative period.,,,,,,,,,,
fund_aum,review,numeric_change_candidate,200002,benchmark_aum,AUM(원),benchmark_aum,10576669230,10420604910,156064320,Likely update candidate if the new workbook is the authoritative period.,,,,,,,,,,
fund_aum,review,field_change_candidate,200004,aum_base_date,기준일자,aum_base_date,2026-05-31,2026-04-30,,Review before update. Do not apply automatically.,,,,,,,,,,
fund_aum,review,numeric_change_candidate,200004,equity_won,Equity 총액(원),equity_won,75395000000,74165000000,1230000000,Likely update candidate if the new workbook is the authoritative period.,,,,,,,,,,
fund_aum,review,numeric_change_candidate,200004,benchmark_aum,AUM(원),benchmark_aum,75395000000,74165000000,1230000000,Likely update candidate if the new workbook is the authoritative period.,,,,,,,,,,
fund_aum,review,field_change_candidate,200005,aum_base_date,기준일자,aum_base_date,2026-05-31,2026-04-30,,Review before update. Do not apply automatically.,,,,,,,,,,
fund_aum,review,numeric_change_candidate,200005,equity_won,Equity 총액(원),equity_won,22618500000,22249500000,369000000,Likely update candidate if the new workbook is the authoritative period.,,,,,,,,,,
fund_aum,review,numeric_change_candidate,200005,benchmark_aum,AUM(원),benchmark_aum,22618500000,22249500000,369000000,Likely update candidate if the new workbook is the authoritative period.,,,,,,,,,,
fund_aum,review,field_change_candidate,200006,aum_base_date,기준일자,aum_base_date,2026-05-31,2026-04-30,,Review before update. Do not apply automatically.,,,,,,,,,,
fund_aum,review,numeric_change_candidate,200006,equity_won,Equity 총액(원),equity_won,151996320000,149516640000,2479680000,Likely update candidate if the new workbook is the authoritative period.,,,,,,,,,,
fund_aum,review,numeric_change_candidate,200006,benchmark_aum,AUM(원),benchmark_aum,151996320000,149516640000,2479680000,Likely update candidate if the new workbook is the authoritative period.,,,,,,,,,,
fund_aum,review,numeric_change_candidate,200006,invested_equity_won,Equity 총액(원).1,invested_equity_won,43893016746,45683658345,-1790641599,Likely update candidate if the new workbook is the authoritative period.,,,,,,,,,,
fund_aum,review,numeric_change_candidate,200006,invested_aum,AUM(원).1,invested_aum,43893016746,45683658345,-1790641599,Likely update candidate if the new workbook is the authoritative period.,,,,,,,,,,
fund_aum,review,field_change_candidate,200007,aum_base_date,기준일자,aum_base_date,2026-05-31,2026-04-30,,Review before update. Do not apply automatically.,,,,,,,,,,
fund_aum,review,numeric_change_candidate,200007,equity_won,Equity 총액(원),equity_won,45237000000,44499000000,738000000,Likely update candidate if the new workbook is the authoritative period.,,,,,,,,,,
fund_aum,review,numeric_change_candidate,200007,benchmark_aum,AUM(원),benchmark_aum,45237000000,44499000000,738000000,Likely update candidate if the new workbook is the authoritative period.,,,,,,,,,,
fund_aum,review,numeric_change_candidate,200007,invested_equity_won,Equity 총액(원).1,invested_equity_won,15862671967,17284232811,-1421560844,Likely update candidate if the new workbook is the authoritative period.,,,,,,,,,,
fund_aum,review,numeric_change_candidate,200007,invested_aum,AUM(원).1,invested_aum,15862671967,17284232811,-1421560844,Likely update candidate if the new workbook is the authoritative period.,,,,,,,,,,
fund_aum,review,field_change_candidate,200008,aum_base_date,기준일자,aum_base_date,2026-05-31,2026-04-30,,Review before update. Do not apply automatically.,,,,,,,,,,
fund_aum,review,numeric_change_candidate,200008,equity_won,Equity 총액(원),equity_won,948609536000,940903472000,7706064000,Likely update candidate if the new workbook is the authoritative period.,,,,,,,,,,
fund_aum,review,numeric_change_candidate,200008,benchmark_aum,AUM(원),benchmark_aum,948609536000,940903472000,7706064000,Likely update candidate if the new workbook is the authoritative period.,,,,,,,,,,
fund_aum,review,numeric_change_candidate,200008,invested_equity_won,Equity 총액(원).1,invested_equity_won,399047489303,386855746746,12191742557,Likely update candidate if the new workbook is the authoritative period.,,,,,,,,,,
fund_aum,review,numeric_change_candidate,200008,invested_aum,AUM(원).1,invested_aum,399047489303,386855746746,12191742557,Likely update candidate if the new workbook is the authoritative period.,,,,,,,,,,
fund_aum,review,field_change_candidate,200009,aum_base_date,기준일자,aum_base_date,2026-05-31,2026-04-30,,Review before update. Do not apply automatically.,,,,,,,,,,
fund_aum,review,numeric_change_candidate,200009,equity_won,Equity 총액(원),equity_won,105884738000,104157326000,1727412000,Likely update candidate if the new workbook is the authoritative period.,,,,,,,,,,
fund_aum,review,numeric_change_candidate,200009,benchmark_aum,AUM(원),benchmark_aum,105884738000,104157326000,1727412000,Likely update candidate if the new workbook is the authoritative period.,,,,,,,,,,
fund_aum,review,numeric_change_candidate,200009,invested_equity_won,Equity 총액(원).1,invested_equity_won,87097347836,81247472998,5849874838,Likely update candidate if the new workbook is the authoritative period.,,,,,,,,,,
fund_aum,review,numeric_change_candidate,200009,invested_aum,AUM(원).1,invested_aum,87097347836,81247472998,5849874838,Likely update candidate if the new workbook is the authoritative period.,,,,,,,,,,
fund_aum,review,field_change_candidate,200010,aum_base_date,기준일자,aum_base_date,2026-05-31,2026-04-30,,Review before update. Do not apply automatically.,,,,,,,,,,
fund_aum,review,numeric_change_candidate,200010,equity_won,Equity 총액(원),equity_won,52776500000,51915500000,861000000,Likely update candidate if the new workbook is the authoritative period.,,,,,,,,,,
fund_aum,review,numeric_change_candidate,200010,benchmark_aum,AUM(원),benchmark_aum,52776500000,51915500000,861000000,Likely update candidate if the new workbook is the authoritative period.,,,,,,,,,,
fund_aum,review,field_change_candidate,200011,aum_base_date,기준일자,aum_base_date,2026-05-31,2026-04-30,,Review before update. Do not apply automatically.,,,,,,,,,,
fund_aum,review,numeric_change_candidate,200011,equity_won,Equity 총액(원),equity_won,60798600000,59960100000,838500000,Likely update candidate if the new workbook is the authoritative period.,,,,,,,,,,
fund_aum,review,numeric_change_candidate,200011,benchmark_aum,AUM(원),benchmark_aum,60798600000,59960100000,838500000,Likely update candidate if the new workbook is the authoritative period.,,,,,,,,,,
fund_aum,review,numeric_change_candidate,200011,invested_equity_won,Equity 총액(원).1,invested_equity_won,27621979168,27672919005,-50939837,Likely update candidate if the new workbook is the authoritative period.,,,,,,,,,,
fund_aum,review,numeric_change_candidate,200011,invested_aum,AUM(원).1,invested_aum,27621979168,27672919005,-50939837,Likely update candidate if the new workbook is the authoritative period.,,,,,,,,,,
fund_aum,review,field_change_candidate,200012,aum_base_date,기준일자,aum_base_date,2026-05-31,2026-04-30,,Review before update. Do not apply automatically.,,,,,,,,,,
fund_aum,review,numeric_change_candidate,200012,equity_won,Equity 총액(원),equity_won,46292530000,45537310000,755220000,Likely update candidate if the new workbook is the authoritative period.,,,,,,,,,,
fund_aum,review,numeric_change_candidate,200012,benchmark_aum,AUM(원),benchmark_aum,46292530000,45537310000,755220000,Likely update candidate if the new workbook is the authoritative period.,,,,,,,,,,
fund_aum,review,field_change_candidate,200013,aum_base_date,기준일자,aum_base_date,2026-05-31,2026-04-30,,Review before update. Do not apply automatically.,,,,,,,,,,
fund_aum,review,numeric_change_candidate,200013,equity_won,Equity 총액(원),equity_won,30308790000,29814330000,494460000,Likely update candidate if the new workbook is the authoritative period.,,,,,,,,,,
fund_aum,review,numeric_change_candidate,200013,benchmark_aum,AUM(원),benchmark_aum,30308790000,29814330000,494460000,Likely update candidate if the new workbook is the authoritative period.,,,,,,,,,,
fund_aum,review,field_change_candidate,200014,aum_base_date,기준일자,aum_base_date,2026-05-31,2026-04-30,,Review before update. Do not apply automatically.,,,,,,,,,,
fund_aum,review,numeric_change_candidate,200014,equity_won,Equity 총액(원),equity_won,35132600000,34614200000,518400000,Likely update candidate if the new workbook is the authoritative period.,,,,,,,,,,
fund_aum,review,numeric_change_candidate,200014,benchmark_aum,AUM(원),benchmark_aum,35132600000,34614200000,518400000,Likely update candidate if the new workbook is the authoritative period.,,,,,,,,,,
fund_aum,review,field_change_candidate,200016,aum_base_date,기준일자,aum_base_date,2026-05-31,2026-04-30,,Review before update. Do not apply automatically.,,,,,,,,,,
fund_aum,review,numeric_change_candidate,200016,equity_won,Equity 총액(원),equity_won,43915750000,43267750000,648000000,Likely update candidate if the new workbook is the authoritative period.,,,,,,,,,,
fund_aum,review,numeric_change_candidate,200016,benchmark_aum,AUM(원),benchmark_aum,43915750000,43267750000,648000000,Likely update candidate if the new workbook is the authoritative period.,,,,,,,,,,
fund_aum,review,field_change_candidate,200017,aum_base_date,기준일자,aum_base_date,2026-05-31,2026-04-30,,Review before update. Do not apply automatically.,,,,,,,,,,
fund_aum,review,numeric_change_candidate,200017,equity_won,Equity 총액(원),equity_won,306627606000,302398771000,4228835000,Likely update candidate if the new workbook is the authoritative period.,,,,,,,,,,
fund_aum,review,numeric_change_candidate,200017,benchmark_aum,AUM(원),benchmark_aum,306627606000,302398771000,4228835000,Likely update candidate if the new workbook is the authoritative period.,,,,,,,,,,
fund_aum,review,field_change_candidate,200018,aum_base_date,기준일자,aum_base_date,2026-05-31,2026-04-30,,Review before update. Do not apply automatically.,,,,,,,,,,
fund_aum,review,numeric_change_candidate,200018,equity_won,Equity 총액(원),equity_won,30158000000,29666000000,492000000,Likely update candidate if the new workbook is the authoritative period.,,,,,,,,,,
fund_aum,review,numeric_change_candidate,200018,benchmark_aum,AUM(원),benchmark_aum,30158000000,29666000000,492000000,Likely update candidate if the new workbook is the authoritative period.,,,,,,,,,,
fund_aum,review,field_change_candidate,200019,aum_base_date,기준일자,aum_base_date,2026-05-31,2026-04-30,,Review before update. Do not apply automatically.,,,,,,,,,,
fund_aum,review,numeric_change_candidate,200019,equity_won,Equity 총액(원),equity_won,5594309000,5503043000,91266000,Likely update candidate if the new workbook is the authoritative period.,,,,,,,,,,
fund_aum,review,numeric_change_candidate,200019,benchmark_aum,AUM(원),benchmark_aum,5594309000,5503043000,91266000,Likely update candidate if the new workbook is the authoritative period.,,,,,,,,,,
fund_aum,review,field_change_candidate,200020,aum_base_date,기준일자,aum_base_date,2026-05-31,2026-04-30,,Review before update. Do not apply automatically.,,,,,,,,,,
fund_aum,review,numeric_change_candidate,200020,equity_won,Equity 총액(원),equity_won,70265200000,69228400000,1036800000,Likely update candidate if the new workbook is the authoritative period.,,,,,,,,,,
fund_aum,review,numeric_change_candidate,200020,benchmark_aum,AUM(원),benchmark_aum,70265200000,69228400000,1036800000,Likely update candidate if the new workbook is the authoritative period.,,,,,,,,,,
fund_aum,review,field_change_candidate,200021,aum_base_date,기준일자,aum_base_date,2026-05-31,2026-04-30,,Review before update. Do not apply automatically.,,,,,,,,,,
fund_aum,review,numeric_change_candidate,200021,equity_won,Equity 총액(원),equity_won,7539500000,7416500000,123000000,Likely update candidate if the new workbook is the authoritative period.,,,,,,,,,,
fund_aum,review,numeric_change_candidate,200021,benchmark_aum,AUM(원),benchmark_aum,7539500000,7416500000,123000000,Likely update candidate if the new workbook is the authoritative period.,,,,,,,,,,
fund_aum,review,field_change_candidate,200022,aum_base_date,기준일자,aum_base_date,2026-05-31,2026-04-30,,Review before update. Do not apply automatically.,,,,,,,,,,
fund_aum,review,field_change_candidate,200023,aum_base_date,기준일자,aum_base_date,2026-05-31,2026-04-30,,Review before update. Do not apply automatically.,,,,,,,,,,
fund_aum,review,numeric_change_candidate,200023,equity_won,Equity 총액(원),equity_won,337121920025,332472524646,4649395379,Likely update candidate if the new workbook is the authoritative period.,,,,,,,,,,
fund_aum,review,numeric_change_candidate,200023,benchmark_aum,AUM(원),benchmark_aum,337121920025,332472524646,4649395379,Likely update candidate if the new workbook is the authoritative period.,,,,,,,,,,
fund_aum,review,field_change_candidate,200024,aum_base_date,기준일자,aum_base_date,2026-05-31,2026-04-30,,Review before update. Do not apply automatically.,,,,,,,,,,
fund_aum,review,numeric_change_candidate,200024,equity_won,Equity 총액(원),equity_won,87831500000,86535500000,1296000000,Likely update candidate if the new workbook is the authoritative period.,,,,,,,,,,
fund_aum,review,numeric_change_candidate,200024,benchmark_aum,AUM(원),benchmark_aum,87831500000,86535500000,1296000000,Likely update candidate if the new workbook is the authoritative period.,,,,,,,,,,
fund_aum,review,field_change_candidate,200025,aum_base_date,기준일자,aum_base_date,2026-05-31,2026-04-30,,Review before update. Do not apply automatically.,,,,,,,,,,
fund_aum,review,numeric_change_candidate,200025,equity_won,Equity 총액(원),equity_won,52776500000,51915500000,861000000,Likely update candidate if the new workbook is the authoritative period.,,,,,,,,,,
fund_aum,review,numeric_change_candidate,200025,benchmark_aum,AUM(원),benchmark_aum,52776500000,51915500000,861000000,Likely update candidate if the new workbook is the authoritative period.,,,,,,,,,,
fund_aum,review,field_change_candidate,200026,aum_base_date,기준일자,aum_base_date,2026-05-31,2026-04-30,,Review before update. Do not apply automatically.,,,,,,,,,,
fund_aum,review,numeric_change_candidate,200026,equity_won,Equity 총액(원),equity_won,52776500000,51915500000,861000000,Likely update candidate if the new workbook is the authoritative period.,,,,,,,,,,
fund_aum,review,numeric_change_candidate,200026,benchmark_aum,AUM(원),benchmark_aum,52776500000,51915500000,861000000,Likely update candidate if the new workbook is the authoritative period.,,,,,,,,,,
fund_aum,review,field_change_candidate,200027,aum_base_date,기준일자,aum_base_date,2026-05-31,2026-04-30,,Review before update. Do not apply automatically.,,,,,,,,,,
fund_aum,review,numeric_change_candidate,200027,equity_won,Equity 총액(원),equity_won,17917626000,17653242000,264384000,Likely update candidate if the new workbook is the authoritative period.,,,,,,,,,,
fund_aum,review,numeric_change_candidate,200027,benchmark_aum,AUM(원),benchmark_aum,17917626000,17653242000,264384000,Likely update candidate if the new workbook is the authoritative period.,,,,,,,,,,
fund_aum,review,numeric_change_candidate,200027,invested_equity_won,Equity 총액(원).1,invested_equity_won,9208392031,8171582818,1036809213,Likely update candidate if the new workbook is the authoritative period.,,,,,,,,,,
fund_aum,review,numeric_change_candidate,200027,invested_aum,AUM(원).1,invested_aum,9208392031,8171582818,1036809213,Likely update candidate if the new workbook is the authoritative period.,,,,,,,,,,
fund_aum,review,field_change_candidate,200028,aum_base_date,기준일자,aum_base_date,2026-05-31,2026-04-30,,Review before update. Do not apply automatically.,,,,,,,,,,
fund_aum,review,numeric_change_candidate,200028,equity_won,Equity 총액(원),equity_won,310175030000,305114810000,5060220000,Likely update candidate if the new workbook is the authoritative period.,,,,,,,,,,
fund_aum,review,numeric_change_candidate,200028,benchmark_aum,AUM(원),benchmark_aum,310175030000,305114810000,5060220000,Likely update candidate if the new workbook is the authoritative period.,,,,,,,,,,
fund_aum,review,field_change_candidate,200029,aum_base_date,기준일자,aum_base_date,2026-05-31,2026-04-30,,Review before update. Do not apply automatically.,,,,,,,,,,
fund_aum,review,numeric_change_candidate,200029,equity_won,Equity 총액(원),equity_won,15181537200,14933864400,247672800,Likely update candidate if the new workbook is the authoritative period.,,,,,,,,,,
fund_aum,review,numeric_change_candidate,200029,benchmark_aum,AUM(원),benchmark_aum,15181537200,14933864400,247672800,Likely update candidate if the new workbook is the authoritative period.,,,,,,,,,,
fund_aum,review,field_change_candidate,200030,aum_base_date,기준일자,aum_base_date,2026-05-31,2026-04-30,,Review before update. Do not apply automatically.,,,,,,,,,,
fund_aum,review,field_change_candidate,200031,aum_base_date,기준일자,aum_base_date,2026-05-31,2026-04-30,,Review before update. Do not apply automatically.,,,,,,,,,,
fund_aum,review,numeric_change_candidate,200031,equity_won,Equity 총액(원),equity_won,301580000000,296660000000,4920000000,Likely update candidate if the new workbook is the authoritative period.,,,,,,,,,,
fund_aum,review,numeric_change_candidate,200031,benchmark_aum,AUM(원),benchmark_aum,301580000000,296660000000,4920000000,Likely update candidate if the new workbook is the authoritative period.,,,,,,,,,,
fund_aum,review,field_change_candidate,200033,aum_base_date,기준일자,aum_base_date,2026-05-31,2026-04-30,,Review before update. Do not apply automatically.,,,,,,,,,,
fund_aum,review,numeric_change_candidate,200033,equity_won,Equity 총액(원),equity_won,32497655000,32018135000,479520000,Likely update candidate if the new workbook is the authoritative period.,,,,,,,,,,
fund_aum,review,numeric_change_candidate,200033,benchmark_aum,AUM(원),benchmark_aum,32497655000,32018135000,479520000,Likely update candidate if the new workbook is the authoritative period.,,,,,,,,,,
fund_aum,review,field_change_candidate,200034,aum_base_date,기준일자,aum_base_date,2026-05-31,2026-04-30,,Review before update. Do not apply automatically.,,,,,,,,,,
fund_aum,review,numeric_change_candidate,200034,equity_won,Equity 총액(원),equity_won,150790000000,148330000000,2460000000,Likely update candidate if the new workbook is the authoritative period.,,,,,,,,,,
fund_aum,review,numeric_change_candidate,200034,benchmark_aum,AUM(원),benchmark_aum,150790000000,148330000000,2460000000,Likely update candidate if the new workbook is the authoritative period.,,,,,,,,,,
fund_aum,review,field_change_candidate,200035,aum_base_date,기준일자,aum_base_date,2026-05-31,2026-04-30,,Review before update. Do not apply automatically.,,,,,,,,,,
fund_aum,review,numeric_change_candidate,200035,equity_won,Equity 총액(원),equity_won,150790000000,148330000000,2460000000,Likely update candidate if the new workbook is the authoritative period.,,,,,,,,,,
fund_aum,review,numeric_change_candidate,200035,benchmark_aum,AUM(원),benchmark_aum,150790000000,148330000000,2460000000,Likely update candidate if the new workbook is the authoritative period.,,,,,,,,,,
fund_aum,review,field_change_candidate,200036,aum_base_date,기준일자,aum_base_date,2026-05-31,2026-04-30,,Review before update. Do not apply automatically.,,,,,,,,,,
fund_aum,review,numeric_change_candidate,200036,equity_won,Equity 총액(원),equity_won,150790000000,148330000000,2460000000,Likely update candidate if the new workbook is the authoritative period.,,,,,,,,,,
fund_aum,review,numeric_change_candidate,200036,benchmark_aum,AUM(원),benchmark_aum,150790000000,148330000000,2460000000,Likely update candidate if the new workbook is the authoritative period.,,,,,,,,,,
fund_aum,review,field_change_candidate,200037,aum_base_date,기준일자,aum_base_date,2026-05-31,2026-04-30,,Review before update. Do not apply automatically.,,,,,,,,,,
fund_aum,review,numeric_change_candidate,200037,equity_won,Equity 총액(원),equity_won,60316000000,59332000000,984000000,Likely update candidate if the new workbook is the authoritative period.,,,,,,,,,,
fund_aum,review,numeric_change_candidate,200037,benchmark_aum,AUM(원),benchmark_aum,60316000000,59332000000,984000000,Likely update candidate if the new workbook is the authoritative period.,,,,,,,,,,
fund_aum,review,numeric_change_candidate,200037,invested_equity_won,Equity 총액(원).1,invested_equity_won,59339958273,58360586500,979371773,Likely update candidate if the new workbook is the authoritative period.,,,,,,,,,,
fund_aum,review,numeric_change_candidate,200037,invested_aum,AUM(원).1,invested_aum,59339958273,58360586500,979371773,Likely update candidate if the new workbook is the authoritative period.,,,,,,,,,,
fund_aum,review,field_change_candidate,200038,aum_base_date,기준일자,aum_base_date,2026-05-31,2026-04-30,,Review before update. Do not apply automatically.,,,,,,,,,,
fund_aum,review,numeric_change_candidate,200038,equity_won,Equity 총액(원),equity_won,87831500000,86535500000,1296000000,Likely update candidate if the new workbook is the authoritative period.,,,,,,,,,,
fund_aum,review,numeric_change_candidate,200038,benchmark_aum,AUM(원),benchmark_aum,87831500000,86535500000,1296000000,Likely update candidate if the new workbook is the authoritative period.,,,,,,,,,,
fund_aum,review,field_change_candidate,200039,aum_base_date,기준일자,aum_base_date,2026-05-31,2026-04-30,,Review before update. Do not apply automatically.,,,,,,,,,,
fund_aum,review,numeric_change_candidate,200039,equity_won,Equity 총액(원),equity_won,87831500000,86535500000,1296000000,Likely update candidate if the new workbook is the authoritative period.,,,,,,,,,,
fund_aum,review,numeric_change_candidate,200039,benchmark_aum,AUM(원),benchmark_aum,87831500000,86535500000,1296000000,Likely update candidate if the new workbook is the authoritative period.,,,,,,,,,,
fund_aum,review,field_change_candidate,200040,aum_base_date,기준일자,aum_base_date,2026-05-31,2026-04-30,,Review before update. Do not apply automatically.,,,,,,,,,,
fund_aum,review,numeric_change_candidate,200040,equity_won,Equity 총액(원),equity_won,75395000000,74165000000,1230000000,Likely update candidate if the new workbook is the authoritative period.,,,,,,,,,,
fund_aum,review,numeric_change_candidate,200040,benchmark_aum,AUM(원),benchmark_aum,75395000000,74165000000,1230000000,Likely update candidate if the new workbook is the authoritative period.,,,,,,,,,,
fund_aum,review,field_change_candidate,200041,aum_base_date,기준일자,aum_base_date,2026-05-31,2026-04-30,,Review before update. Do not apply automatically.,,,,,,,,,,
fund_aum,review,numeric_change_candidate,200041,equity_won,Equity 총액(원),equity_won,105553000000,103831000000,1722000000,Likely update candidate if the new workbook is the authoritative period.,,,,,,,,,,
fund_aum,review,numeric_change_candidate,200041,benchmark_aum,AUM(원),benchmark_aum,105553000000,103831000000,1722000000,Likely update candidate if the new workbook is the authoritative period.,,,,,,,,,,
fund_aum,review,field_change_candidate,200042,aum_base_date,기준일자,aum_base_date,2026-05-31,2026-04-30,,Review before update. Do not apply automatically.,,,,,,,,,,
fund_aum,review,numeric_change_candidate,200042,equity_won,Equity 총액(원),equity_won,153880788000,151610196000,2270592000,Likely update candidate if the new workbook is the authoritative period.,,,,,,,,,,
fund_aum,review,numeric_change_candidate,200042,benchmark_aum,AUM(원),benchmark_aum,153880788000,151610196000,2270592000,Likely update candidate if the new workbook is the authoritative period.,,,,,,,,,,
fund_aum,review,field_change_candidate,200044,aum_base_date,기준일자,aum_base_date,2026-05-31,2026-04-30,,Review before update. Do not apply automatically.,,,,,,,,,,
fund_aum,review,numeric_change_candidate,200044,equity_won,Equity 총액(원),equity_won,135711000000,133497000000,2214000000,Likely update candidate if the new workbook is the authoritative period.,,,,,,,,,,
fund_aum,review,numeric_change_candidate,200044,benchmark_aum,AUM(원),benchmark_aum,135711000000,133497000000,2214000000,Likely update candidate if the new workbook is the authoritative period.,,,,,,,,,,
fund_aum,review,field_change_candidate,200045,aum_base_date,기준일자,aum_base_date,2026-05-31,2026-04-30,,Review before update. Do not apply automatically.,,,,,,,,,,
fund_aum,review,numeric_change_candidate,200045,equity_won,Equity 총액(원),equity_won,46387527700,45630757900,756769800,Likely update candidate if the new workbook is the authoritative period.,,,,,,,,,,
fund_aum,review,numeric_change_candidate,200045,benchmark_aum,AUM(원),benchmark_aum,46387527700,45630757900,756769800,Likely update candidate if the new workbook is the authoritative period.,,,,,,,,,,
fund_aum,review,numeric_change_candidate,200045,invested_equity_won,Equity 총액(원).1,invested_equity_won,44080909000,0,44080909000,Likely update candidate if the new workbook is the authoritative period.,,,,,,,,,,
fund_aum,review,numeric_change_candidate,200045,invested_aum,AUM(원).1,invested_aum,44080909000,0,44080909000,Likely update candidate if the new workbook is the authoritative period.,,,,,,,,,,
fund_aum,update_candidate,aum_source_fund_not_in_supabase,200046,,,,이지스글로벌인프라일반사모투자신탁제7호,,,AUM exists for a source fund missing in Supabase funds.,,,,,,,,,,
fund_aum,review,field_change_candidate,300001,aum_base_date,기준일자,aum_base_date,2026-05-31,2026-04-30,,Review before update. Do not apply automatically.,,,,,,,,,,
fund_aum,review,field_change_candidate,300015,aum_base_date,기준일자,aum_base_date,2026-05-31,2026-04-30,,Review before update. Do not apply automatically.,,,,,,,,,,
fund_aum,review,field_change_candidate,300017,aum_base_date,기준일자,aum_base_date,2026-05-31,2026-04-30,,Review before update. Do not apply automatically.,,,,,,,,,,
fund_aum,review,field_change_candidate,300018,aum_base_date,기준일자,aum_base_date,2026-05-31,2026-04-30,,Review before update. Do not apply automatically.,,,,,,,,,,
fund_aum,review,field_change_candidate,300019,aum_base_date,기준일자,aum_base_date,2026-05-31,2026-04-30,,Review before update. Do not apply automatically.,,,,,,,,,,
fund_aum,review,field_change_candidate,300037,aum_base_date,기준일자,aum_base_date,2026-05-31,2026-04-30,,Review before update. Do not apply automatically.,,,,,,,,,,
fund_aum,review,field_change_candidate,300038,aum_base_date,기준일자,aum_base_date,2026-05-31,2026-04-30,,Review before update. Do not apply automatically.,,,,,,,,,,
fund_aum,review,field_change_candidate,300039,aum_base_date,기준일자,aum_base_date,2026-05-31,2026-04-30,,Review before update. Do not apply automatically.,,,,,,,,,,
fund_aum,review,field_change_candidate,300044,aum_base_date,기준일자,aum_base_date,2026-05-31,2026-04-30,,Review before update. Do not apply automatically.,,,,,,,,,,
fund_aum,review,field_change_candidate,300046,aum_base_date,기준일자,aum_base_date,2026-05-31,2026-04-30,,Review before update. Do not apply automatically.,,,,,,,,,,
fund_aum,review,field_change_candidate,300050,aum_base_date,기준일자,aum_base_date,2026-05-31,2026-04-30,,Review before update. Do not apply automatically.,,,,,,,,,,
fund_aum,review,field_change_candidate,300052,aum_base_date,기준일자,aum_base_date,2026-05-31,2026-04-30,,Review before update. Do not apply automatically.,,,,,,,,,,
fund_aum,review,field_change_candidate,300053,aum_base_date,기준일자,aum_base_date,2026-05-31,2026-04-30,,Review before update. Do not apply automatically.,,,,,,,,,,
fund_aum,review,numeric_change_candidate,300053,equity_won,Equity 총액(원),equity_won,150790000000,148330000000,2460000000,Likely update candidate if the new workbook is the authoritative period.,,,,,,,,,,
fund_aum,review,numeric_change_candidate,300053,benchmark_aum,AUM(원),benchmark_aum,150790000000,148330000000,2460000000,Likely update candidate if the new workbook is the authoritative period.,,,,,,,,,,
fund_aum,review,numeric_change_candidate,300053,invested_equity_won,Equity 총액(원).1,invested_equity_won,84471658148,134654826713,-50183168565,Likely update candidate if the new workbook is the authoritative period.,,,,,,,,,,
fund_aum,review,numeric_change_candidate,300053,invested_aum,AUM(원).1,invested_aum,84471658148,134654826713,-50183168565,Likely update candidate if the new workbook is the authoritative period.,,,,,,,,,,
fund_aum,review,field_change_candidate,300057,aum_base_date,기준일자,aum_base_date,2026-05-31,2026-04-30,,Review before update. Do not apply automatically.,,,,,,,,,,
fund_aum,review,field_change_candidate,300061,aum_base_date,기준일자,aum_base_date,2026-05-31,2026-04-30,,Review before update. Do not apply automatically.,,,,,,,,,,
fund_aum,review,field_change_candidate,300063,aum_base_date,기준일자,aum_base_date,2026-05-31,2026-04-30,,Review before update. Do not apply automatically.,,,,,,,,,,
fund_aum,review,field_change_candidate,300066,aum_base_date,기준일자,aum_base_date,2026-05-31,2026-04-30,,Review before update. Do not apply automatically.,,,,,,,,,,
fund_aum,review,numeric_change_candidate,300066,equity_won,Equity 총액(원),equity_won,150790000000,148330000000,2460000000,Likely update candidate if the new workbook is the authoritative period.,,,,,,,,,,
fund_aum,review,numeric_change_candidate,300066,benchmark_aum,AUM(원),benchmark_aum,150790000000,148330000000,2460000000,Likely update candidate if the new workbook is the authoritative period.,,,,,,,,,,
fund_aum,review,field_change_candidate,300067,aum_base_date,기준일자,aum_base_date,2026-05-31,2026-04-30,,Review before update. Do not apply automatically.,,,,,,,,,,
fund_aum,review,numeric_change_candidate,300067,equity_won,Equity 총액(원),equity_won,20274485743,21260566107,-986080364,Likely update candidate if the new workbook is the authoritative period.,,,,,,,,,,
fund_aum,review,numeric_change_candidate,300067,benchmark_aum,AUM(원),benchmark_aum,20274485743,21260566107,-986080364,Likely update candidate if the new workbook is the authoritative period.,,,,,,,,,,
fund_aum,review,numeric_change_candidate,300067,invested_equity_won,Equity 총액(원).1,invested_equity_won,20274485743,21260566107,-986080364,Likely update candidate if the new workbook is the authoritative period.,,,,,,,,,,
fund_aum,review,numeric_change_candidate,300067,invested_aum,AUM(원).1,invested_aum,20274485743,21260566107,-986080364,Likely update candidate if the new workbook is the authoritative period.,,,,,,,,,,
fund_aum,review,field_change_candidate,300073,aum_base_date,기준일자,aum_base_date,2026-05-31,2026-04-30,,Review before update. Do not apply automatically.,,,,,,,,,,
fund_aum,review,field_change_candidate,300074,aum_base_date,기준일자,aum_base_date,2026-05-31,2026-04-30,,Review before update. Do not apply automatically.,,,,,,,,,,
fund_aum,review,field_change_candidate,300075,aum_base_date,기준일자,aum_base_date,2026-05-31,2026-04-30,,Review before update. Do not apply automatically.,,,,,,,,,,
fund_aum,review,field_change_candidate,300079,aum_base_date,기준일자,aum_base_date,2026-05-31,2026-04-30,,Review before update. Do not apply automatically.,,,,,,,,,,
fund_aum,review,field_change_candidate,300080,aum_base_date,기준일자,aum_base_date,2026-05-31,2026-04-30,,Review before update. Do not apply automatically.,,,,,,,,,,
fund_aum,review,numeric_change_candidate,300080,equity_won,Equity 총액(원),equity_won,11494929023,10989697593,505231430,Likely update candidate if the new workbook is the authoritative period.,,,,,,,,,,
fund_aum,review,numeric_change_candidate,300080,benchmark_aum,AUM(원),benchmark_aum,11494929023,10989697593,505231430,Likely update candidate if the new workbook is the authoritative period.,,,,,,,,,,
fund_aum,review,numeric_change_candidate,300080,invested_equity_won,Equity 총액(원).1,invested_equity_won,11494929023,10989697593,505231430,Likely update candidate if the new workbook is the authoritative period.,,,,,,,,,,
fund_aum,review,numeric_change_candidate,300080,invested_aum,AUM(원).1,invested_aum,11494929023,10989697593,505231430,Likely update candidate if the new workbook is the authoritative period.,,,,,,,,,,
fund_aum,review,field_change_candidate,300085,aum_base_date,기준일자,aum_base_date,2026-05-31,2026-04-30,,Review before update. Do not apply automatically.,,,,,,,,,,
fund_aum,update_candidate,aum_source_fund_not_in_supabase,300086,,,,이지스 멀티플러스 일반사모투자신탁 제3호,,,AUM exists for a source fund missing in Supabase funds.,,,,,,,,,,
fund_aum,update_candidate,aum_source_fund_not_in_supabase,300090,,,,이지스그린ON 일반사모투자신탁제5호,,,AUM exists for a source fund missing in Supabase funds.,,,,,,,,,,
fund_aum,review,numeric_change_candidate,P00006,invested_loan_won,Loan 총액(원).1,invested_loan_won,389000000000,372000000000,17000000000,Likely update candidate if the new workbook is the authoritative period.,,,,,,,,,,
fund_aum,review,numeric_change_candidate,P00006,invested_aum,AUM(원).1,invested_aum,394111750000,377111750000,17000000000,Likely update candidate if the new workbook is the authoritative period.,,,,,,,,,,
fund_aum,review,numeric_change_candidate,P00007,deposit_won,기준일자 임대보증금(원),deposit_won,1896275320,1586975320,309300000,Likely update candidate if the new workbook is the authoritative period.,,,,,,,,,,
fund_aum,review,numeric_change_candidate,P00007,benchmark_aum,AUM(원),benchmark_aum,341406275320,341096975320,309300000,Likely update candidate if the new workbook is the authoritative period.,,,,,,,,,,
fund_aum,review,numeric_change_candidate,P00007,invested_deposit_won,기준일자 임대보증금(원).1,invested_deposit_won,1896275320,1586975320,309300000,Likely update candidate if the new workbook is the authoritative period.,,,,,,,,,,
fund_aum,review,numeric_change_candidate,P00007,invested_aum,AUM(원).1,invested_aum,341406275320,341096975320,309300000,Likely update candidate if the new workbook is the authoritative period.,,,,,,,,,,
fund_aum,review,numeric_change_candidate,P00009,equity_won,Equity 총액(원),equity_won,0,12000000000,-12000000000,Likely update candidate if the new workbook is the authoritative period.,,,,,,,,,,
fund_aum,review,numeric_change_candidate,P00009,benchmark_aum,AUM(원),benchmark_aum,0,12000000000,-12000000000,Likely update candidate if the new workbook is the authoritative period.,,,,,,,,,,
fund_aum,review,numeric_change_candidate,P00009,invested_equity_won,Equity 총액(원).1,invested_equity_won,0,12000000000,-12000000000,Likely update candidate if the new workbook is the authoritative period.,,,,,,,,,,
fund_aum,review,numeric_change_candidate,P00009,invested_aum,AUM(원).1,invested_aum,0,12000000000,-12000000000,Likely update candidate if the new workbook is the authoritative period.,,,,,,,,,,
fund_aum,review,numeric_change_candidate,P00039,equity_won,Equity 총액(원),equity_won,0,,,Likely update candidate if the new workbook is the authoritative period.,,,,,,,,,,
fund_aum,review,numeric_change_candidate,P00039,loan_won,Loan 총액(원),loan_won,0,,,Likely update candidate if the new workbook is the authoritative period.,,,,,,,,,,
fund_aum,review,numeric_change_candidate,P00039,deposit_won,기준일자 임대보증금(원),deposit_won,0,,,Likely update candidate if the new workbook is the authoritative period.,,,,,,,,,,
fund_aum,review,numeric_change_candidate,P00039,benchmark_aum,AUM(원),benchmark_aum,0,,,Likely update candidate if the new workbook is the authoritative period.,,,,,,,,,,
fund_aum,review,numeric_change_candidate,P00039,invested_equity_won,Equity 총액(원).1,invested_equity_won,0,,,Likely update candidate if the new workbook is the authoritative period.,,,,,,,,,,
fund_aum,review,numeric_change_candidate,P00039,invested_loan_won,Loan 총액(원).1,invested_loan_won,0,,,Likely update candidate if the new workbook is the authoritative period.,,,,,,,,,,
fund_aum,review,numeric_change_candidate,P00039,invested_deposit_won,기준일자 임대보증금(원).1,invested_deposit_won,0,,,Likely update candidate if the new workbook is the authoritative period.,,,,,,,,,,
fund_aum,review,numeric_change_candidate,P00039,invested_aum,AUM(원).1,invested_aum,0,,,Likely update candidate if the new workbook is the authoritative period.,,,,,,,,,,
fund_aum,review,numeric_change_candidate,P00040,equity_won,Equity 총액(원),equity_won,103700000000,0,103700000000,Likely update candidate if the new workbook is the authoritative period.,,,,,,,,,,
fund_aum,review,numeric_change_candidate,P00040,benchmark_aum,AUM(원),benchmark_aum,103700000000,0,103700000000,Likely update candidate if the new workbook is the authoritative period.,,,,,,,,,,
fund_aum,review,numeric_change_candidate,P00040,invested_equity_won,Equity 총액(원).1,invested_equity_won,8700000000,0,8700000000,Likely update candidate if the new workbook is the authoritative period.,,,,,,,,,,
fund_aum,review,numeric_change_candidate,P00040,invested_aum,AUM(원).1,invested_aum,8700000000,0,8700000000,Likely update candidate if the new workbook is the authoritative period.,,,,,,,,,,
fund_aum,review,numeric_change_candidate,R00010,loan_won,Loan 총액(원),loan_won,50000000000,,,Likely update candidate if the new workbook is the authoritative period.,,,,,,,,,,
fund_aum,review,numeric_change_candidate,R00010,benchmark_aum,AUM(원),benchmark_aum,176872731464,126872731464,50000000000,Likely update candidate if the new workbook is the authoritative period.,,,,,,,,,,
fund_aum,review,numeric_change_candidate,R00010,invested_loan_won,Loan 총액(원).1,invested_loan_won,50000000000,,,Likely update candidate if the new workbook is the authoritative period.,,,,,,,,,,
fund_aum,review,numeric_change_candidate,R00010,invested_aum,AUM(원).1,invested_aum,176872731464,126872731464,50000000000,Likely update candidate if the new workbook is the authoritative period.,,,,,,,,,,
fund_aum,review,numeric_change_candidate,R00012,deposit_won,기준일자 임대보증금(원),deposit_won,48834700000,48238200000,596500000,Likely update candidate if the new workbook is the authoritative period.,,,,,,,,,,
fund_aum,review,numeric_change_candidate,R00012,benchmark_aum,AUM(원),benchmark_aum,214034700000,213438200000,596500000,Likely update candidate if the new workbook is the authoritative period.,,,,,,,,,,
fund_aum,review,numeric_change_candidate,R00012,invested_deposit_won,기준일자 임대보증금(원).1,invested_deposit_won,48834700000,48238200000,596500000,Likely update candidate if the new workbook is the authoritative period.,,,,,,,,,,
fund_aum,review,numeric_change_candidate,R00012,invested_aum,AUM(원).1,invested_aum,214034700000,213438200000,596500000,Likely update candidate if the new workbook is the authoritative period.,,,,,,,,,,
fund_aum,review,numeric_change_candidate,R00014,equity_won,Equity 총액(원),equity_won,137343378000,,,Likely update candidate if the new workbook is the authoritative period.,,,,,,,,,,
fund_aum,review,numeric_change_candidate,R00014,loan_won,Loan 총액(원),loan_won,490000000000,,,Likely update candidate if the new workbook is the authoritative period.,,,,,,,,,,
fund_aum,review,numeric_change_candidate,R00014,deposit_won,기준일자 임대보증금(원),deposit_won,0,,,Likely update candidate if the new workbook is the authoritative period.,,,,,,,,,,
fund_aum,review,numeric_change_candidate,R00014,benchmark_aum,AUM(원),benchmark_aum,627343378000,,,Likely update candidate if the new workbook is the authoritative period.,,,,,,,,,,
fund_aum,review,numeric_change_candidate,R00014,invested_equity_won,Equity 총액(원).1,invested_equity_won,137343378000,,,Likely update candidate if the new workbook is the authoritative period.,,,,,,,,,,
fund_aum,review,numeric_change_candidate,R00014,invested_loan_won,Loan 총액(원).1,invested_loan_won,314000000000,,,Likely update candidate if the new workbook is the authoritative period.,,,,,,,,,,
fund_aum,review,numeric_change_candidate,R00014,invested_deposit_won,기준일자 임대보증금(원).1,invested_deposit_won,0,,,Likely update candidate if the new workbook is the authoritative period.,,,,,,,,,,
fund_aum,review,numeric_change_candidate,R00014,invested_aum,AUM(원).1,invested_aum,451343378000,,,Likely update candidate if the new workbook is the authoritative period.,,,,,,,,,,
fund_aum,review,numeric_change_candidate,R00016,equity_won,Equity 총액(원),equity_won,0,,,Likely update candidate if the new workbook is the authoritative period.,,,,,,,,,,
fund_aum,review,numeric_change_candidate,R00016,loan_won,Loan 총액(원),loan_won,0,,,Likely update candidate if the new workbook is the authoritative period.,,,,,,,,,,
fund_aum,review,numeric_change_candidate,R00016,deposit_won,기준일자 임대보증금(원),deposit_won,0,,,Likely update candidate if the new workbook is the authoritative period.,,,,,,,,,,
fund_aum,review,numeric_change_candidate,R00016,benchmark_aum,AUM(원),benchmark_aum,0,,,Likely update candidate if the new workbook is the authoritative period.,,,,,,,,,,
fund_aum,review,numeric_change_candidate,R00016,invested_equity_won,Equity 총액(원).1,invested_equity_won,0,,,Likely update candidate if the new workbook is the authoritative period.,,,,,,,,,,
fund_aum,review,numeric_change_candidate,R00016,invested_loan_won,Loan 총액(원).1,invested_loan_won,0,,,Likely update candidate if the new workbook is the authoritative period.,,,,,,,,,,
fund_aum,review,numeric_change_candidate,R00016,invested_deposit_won,기준일자 임대보증금(원).1,invested_deposit_won,0,,,Likely update candidate if the new workbook is the authoritative period.,,,,,,,,,,
fund_aum,review,numeric_change_candidate,R00016,invested_aum,AUM(원).1,invested_aum,0,,,Likely update candidate if the new workbook is the authoritative period.,,,,,,,,,,
asset_master,review,asset_field_change_candidate,,business_stage,사업단계,business_stage,운영/실물,,,Review. Some address/physical fields may intentionally differ after geocode/API cleanup.,ast_d052165ba593,A112001001,found,BldRgstHubService.getBrTitleInfo,,,,,,
asset_master,review,asset_field_change_candidate,,portfolio_region,투자지역,portfolio_region,대한민국,,,Review. Some address/physical fields may intentionally differ after geocode/API cleanup.,ast_d052165ba593,A112001001,found,BldRgstHubService.getBrTitleInfo,,,,,,
asset_master,review,asset_field_change_candidate,,country_code,국내/해외,country_code,KR,,,Review. Some address/physical fields may intentionally differ after geocode/API cleanup.,ast_d052165ba593,A112001001,found,BldRgstHubService.getBrTitleInfo,,,,,,
asset_master,review,asset_field_change_candidate,,site_area,토지면적(㎡),site_area,,11214,,Physical fields may be API-enriched. Review provenance before overwriting.,ast_d052165ba593,A112001001,found,BldRgstHubService.getBrTitleInfo,,,,,,
asset_master,review,asset_field_change_candidate,,parking,주차대수,parking,,옥내 931 / 옥외 0,,Review. Some address/physical fields may intentionally differ after geocode/API cleanup.,ast_d052165ba593,A112001001,found,BldRgstHubService.getBrTitleInfo,,,,,,
asset_master,review,asset_field_change_candidate,,canonical_name,자산(건물)명,canonical_name,2001아울렛(안양),2001아울렛(안양) (투자),,Review. Some address/physical fields may intentionally differ after geocode/API cleanup.,ast_d2b8095c4603,A112001002,found,BldRgstHubService.getBrTitleInfo,,,,,,
asset_master,review,asset_field_change_candidate,,asset_type,기초자산,asset_type,리테일,,,Review. Some address/physical fields may intentionally differ after geocode/API cleanup.,ast_d2b8095c4603,A112001002,found,BldRgstHubService.getBrTitleInfo,,,,,,
asset_master,review,asset_field_change_candidate,,business_stage,사업단계,business_stage,운영/실물,,,Review. Some address/physical fields may intentionally differ after geocode/API cleanup.,ast_d2b8095c4603,A112001002,found,BldRgstHubService.getBrTitleInfo,,,,,,
asset_master,review,asset_field_change_candidate,,portfolio_region,투자지역,portfolio_region,대한민국,,,Review. Some address/physical fields may intentionally differ after geocode/API cleanup.,ast_d2b8095c4603,A112001002,found,BldRgstHubService.getBrTitleInfo,,,,,,
asset_master,review,asset_field_change_candidate,,site_area,토지면적(㎡),site_area,,3799,,Physical fields may be API-enriched. Review provenance before overwriting.,ast_d2b8095c4603,A112001002,found,BldRgstHubService.getBrTitleInfo,,,,,,
asset_master,review,asset_field_change_candidate,,parking,주차대수,parking,,옥내 127 / 옥외 6,,Review. Some address/physical fields may intentionally differ after geocode/API cleanup.,ast_d2b8095c4603,A112001002,found,BldRgstHubService.getBrTitleInfo,,,,,,
asset_master,review,asset_field_change_candidate,,business_stage,사업단계,business_stage,운영/실물,,,Review. Some address/physical fields may intentionally differ after geocode/API cleanup.,ast_4b461cc661b2,A112002001,found,BldRgstHubService.getBrTitleInfo,,,,,,
asset_master,review,asset_field_change_candidate,,portfolio_region,투자지역,portfolio_region,대한민국,,,Review. Some address/physical fields may intentionally differ after geocode/API cleanup.,ast_4b461cc661b2,A112002001,found,BldRgstHubService.getBrTitleInfo,,,,,,
asset_master,review,asset_field_change_candidate,,country_code,국내/해외,country_code,KR,,,Review. Some address/physical fields may intentionally differ after geocode/API cleanup.,ast_4b461cc661b2,A112002001,found,BldRgstHubService.getBrTitleInfo,,,,,,
asset_master,review,asset_field_change_candidate,,site_area,토지면적(㎡),site_area,,2874,,Physical fields may be API-enriched. Review provenance before overwriting.,ast_4b461cc661b2,A112002001,found,BldRgstHubService.getBrTitleInfo,,,,,,
asset_master,review,asset_field_change_candidate,,parking,주차대수,parking,,옥내 264 / 옥외 0,,Review. Some address/physical fields may intentionally differ after geocode/API cleanup.,ast_4b461cc661b2,A112002001,found,BldRgstHubService.getBrTitleInfo,,,,,,
asset_master,review,asset_field_change_candidate,,business_stage,사업단계,business_stage,운영/실물,,,Review. Some address/physical fields may intentionally differ after geocode/API cleanup.,ast_790533b0da44,A112003001,found,BldRgstHubService.getBrTitleInfo,,,,,,
asset_master,review,asset_field_change_candidate,,portfolio_region,투자지역,portfolio_region,대한민국,,,Review. Some address/physical fields may intentionally differ after geocode/API cleanup.,ast_790533b0da44,A112003001,found,BldRgstHubService.getBrTitleInfo,,,,,,
asset_master,review,asset_field_change_candidate,,country_code,국내/해외,country_code,KR,,,Review. Some address/physical fields may intentionally differ after geocode/API cleanup.,ast_790533b0da44,A112003001,found,BldRgstHubService.getBrTitleInfo,,,,,,
asset_master,review,asset_field_change_candidate,,site_area,토지면적(㎡),site_area,,3729,,Physical fields may be API-enriched. Review provenance before overwriting.,ast_790533b0da44,A112003001,found,BldRgstHubService.getBrTitleInfo,,,,,,
asset_master,review,asset_field_change_candidate,,parking,주차대수,parking,,옥내 147 / 옥외 18,,Review. Some address/physical fields may intentionally differ after geocode/API cleanup.,ast_790533b0da44,A112003001,found,BldRgstHubService.getBrTitleInfo,,,,,,
asset_master,review,asset_field_change_candidate,,business_stage,사업단계,business_stage,운영/실물,,,Review. Some address/physical fields may intentionally differ after geocode/API cleanup.,ast_7773542720e0,A112003002,found,BldRgstHubService.getBrTitleInfo,,,,,,
asset_master,review,asset_field_change_candidate,,portfolio_region,투자지역,portfolio_region,대한민국,,,Review. Some address/physical fields may intentionally differ after geocode/API cleanup.,ast_7773542720e0,A112003002,found,BldRgstHubService.getBrTitleInfo,,,,,,
asset_master,review,asset_field_change_candidate,,country_code,국내/해외,country_code,KR,,,Review. Some address/physical fields may intentionally differ after geocode/API cleanup.,ast_7773542720e0,A112003002,found,BldRgstHubService.getBrTitleInfo,,,,,,
asset_master,review,asset_field_change_candidate,,site_area,토지면적(㎡),site_area,,2310,,Physical fields may be API-enriched. Review provenance before overwriting.,ast_7773542720e0,A112003002,found,BldRgstHubService.getBrTitleInfo,,,,,,
asset_master,review,asset_field_change_candidate,,parking,주차대수,parking,,옥내 108 / 옥외 0,,Review. Some address/physical fields may intentionally differ after geocode/API cleanup.,ast_7773542720e0,A112003002,found,BldRgstHubService.getBrTitleInfo,,,,,,
asset_master,review,asset_field_change_candidate,,address_text,"전체주소(시/도, 구/군 포함)",address_text,강원도 원주시 단계동 1123,강원특별자치도 원주시 단계동 1123,,Review. Some address/physical fields may intentionally differ after geocode/API cleanup.,ast_58e37903d5ef,A112004001,found,BldRgstHubService.getBrTitleInfo,,,,,,
asset_master,review,asset_field_change_candidate,,asset_type,기초자산,asset_type,리테일,,,Review. Some address/physical fields may intentionally differ after geocode/API cleanup.,ast_58e37903d5ef,A112004001,found,BldRgstHubService.getBrTitleInfo,,,,,,
asset_master,review,asset_field_change_candidate,,business_stage,사업단계,business_stage,운영/실물,,,Review. Some address/physical fields may intentionally differ after geocode/API cleanup.,ast_58e37903d5ef,A112004001,found,BldRgstHubService.getBrTitleInfo,,,,,,
asset_master,review,asset_field_change_candidate,,portfolio_region,투자지역,portfolio_region,대한민국,,,Review. Some address/physical fields may intentionally differ after geocode/API cleanup.,ast_58e37903d5ef,A112004001,found,BldRgstHubService.getBrTitleInfo,,,,,,
asset_master,review,asset_field_change_candidate,,site_area,토지면적(㎡),site_area,,14047,,Physical fields may be API-enriched. Review provenance before overwriting.,ast_58e37903d5ef,A112004001,found,BldRgstHubService.getBrTitleInfo,,,,,,
asset_master,review,asset_field_change_candidate,,parking,주차대수,parking,,옥내 921 / 옥외 0,,Review. Some address/physical fields may intentionally differ after geocode/API cleanup.,ast_58e37903d5ef,A112004001,found,BldRgstHubService.getBrTitleInfo,,,,,,
asset_master,review,asset_field_change_candidate,,canonical_name,자산(건물)명,canonical_name,더피나클강남,더피나클강남 (투자),,Review. Some address/physical fields may intentionally differ after geocode/API cleanup.,ast_edd6f6c3e3e5,A112005001,found,BldRgstHubService.getBrTitleInfo,,,,,,
asset_master,review,asset_field_change_candidate,,business_stage,사업단계,business_stage,운영/실물,,,Review. Some address/physical fields may intentionally differ after geocode/API cleanup.,ast_edd6f6c3e3e5,A112005001,found,BldRgstHubService.getBrTitleInfo,,,,,,
asset_master,review,asset_field_change_candidate,,portfolio_region,투자지역,portfolio_region,대한민국,,,Review. Some address/physical fields may intentionally differ after geocode/API cleanup.,ast_edd6f6c3e3e5,A112005001,found,BldRgstHubService.getBrTitleInfo,,,,,,
asset_master,review,asset_field_change_candidate,,site_area,토지면적(㎡),site_area,,2987,,Physical fields may be API-enriched. Review provenance before overwriting.,ast_edd6f6c3e3e5,A112005001,found,BldRgstHubService.getBrTitleInfo,,,,,,
asset_master,review,asset_field_change_candidate,,parking,주차대수,parking,,옥내 181 / 옥외 0,,Review. Some address/physical fields may intentionally differ after geocode/API cleanup.,ast_edd6f6c3e3e5,A112005001,found,BldRgstHubService.getBrTitleInfo,,,,,,
asset_master,review,asset_field_change_candidate,,business_stage,사업단계,business_stage,운영/실물,,,Review. Some address/physical fields may intentionally differ after geocode/API cleanup.,ast_fe9e7fc006fb,A112006001,found,BldRgstHubService.getBrTitleInfo,,,,,,
asset_master,review,asset_field_change_candidate,,portfolio_region,투자지역,portfolio_region,대한민국,,,Review. Some address/physical fields may intentionally differ after geocode/API cleanup.,ast_fe9e7fc006fb,A112006001,found,BldRgstHubService.getBrTitleInfo,,,,,,
asset_master,review,asset_field_change_candidate,,country_code,국내/해외,country_code,KR,,,Review. Some address/physical fields may intentionally differ after geocode/API cleanup.,ast_fe9e7fc006fb,A112006001,found,BldRgstHubService.getBrTitleInfo,,,,,,
asset_master,review,asset_field_change_candidate,,site_area,토지면적(㎡),site_area,,3306,,Physical fields may be API-enriched. Review provenance before overwriting.,ast_fe9e7fc006fb,A112006001,found,BldRgstHubService.getBrTitleInfo,,,,,,
asset_master,review,asset_field_change_candidate,,parking,주차대수,parking,,옥내 103 / 옥외 0,,Review. Some address/physical fields may intentionally differ after geocode/API cleanup.,ast_fe9e7fc006fb,A112006001,found,BldRgstHubService.getBrTitleInfo,,,,,,
asset_master,review,asset_field_change_candidate,,address_text,"전체주소(시/도, 구/군 포함)",address_text,전라남도 나주시 송월동 1106-2 외 2필지,전라남도 나주시 송월동 1106-2,,Review. Some address/physical fields may intentionally differ after geocode/API cleanup.,ast_668935b47b6b,A112007001,found,BldRgstHubService.getBrTitleInfo,,,,,,
asset_master,review,asset_field_change_candidate,,asset_type,기초자산,asset_type,리테일,,,Review. Some address/physical fields may intentionally differ after geocode/API cleanup.,ast_668935b47b6b,A112007001,found,BldRgstHubService.getBrTitleInfo,,,,,,
asset_master,review,asset_field_change_candidate,,business_stage,사업단계,business_stage,운영/실물,,,Review. Some address/physical fields may intentionally differ after geocode/API cleanup.,ast_668935b47b6b,A112007001,found,BldRgstHubService.getBrTitleInfo,,,,,,
asset_master,review,asset_field_change_candidate,,portfolio_region,투자지역,portfolio_region,대한민국,,,Review. Some address/physical fields may intentionally differ after geocode/API cleanup.,ast_668935b47b6b,A112007001,found,BldRgstHubService.getBrTitleInfo,,,,,,
asset_master,review,asset_field_change_candidate,,site_area,토지면적(㎡),site_area,,5481,,Physical fields may be API-enriched. Review provenance before overwriting.,ast_668935b47b6b,A112007001,found,BldRgstHubService.getBrTitleInfo,,,,,,
asset_master,review,asset_field_change_candidate,,parking,주차대수,parking,,옥내 83 / 옥외 0,,Review. Some address/physical fields may intentionally differ after geocode/API cleanup.,ast_668935b47b6b,A112007001,found,BldRgstHubService.getBrTitleInfo,,,,,,
asset_master,review,asset_field_change_candidate,,business_stage,사업단계,business_stage,운영/실물,,,Review. Some address/physical fields may intentionally differ after geocode/API cleanup.,ast_122d47e0ef63,A112008001,found,BldRgstHubService.getBrTitleInfo,,,,,,
asset_master,review,asset_field_change_candidate,,portfolio_region,투자지역,portfolio_region,대한민국,,,Review. Some address/physical fields may intentionally differ after geocode/API cleanup.,ast_122d47e0ef63,A112008001,found,BldRgstHubService.getBrTitleInfo,,,,,,
asset_master,review,asset_field_change_candidate,,country_code,국내/해외,country_code,KR,,,Review. Some address/physical fields may intentionally differ after geocode/API cleanup.,ast_122d47e0ef63,A112008001,found,BldRgstHubService.getBrTitleInfo,,,,,,
asset_master,review,asset_field_change_candidate,,site_area,토지면적(㎡),site_area,,15996,,Physical fields may be API-enriched. Review provenance before overwriting.,ast_122d47e0ef63,A112008001,found,BldRgstHubService.getBrTitleInfo,,,,,,
asset_master,review,asset_field_change_candidate,,parking,주차대수,parking,,옥내 1071 / 옥외 0,,Review. Some address/physical fields may intentionally differ after geocode/API cleanup.,ast_122d47e0ef63,A112008001,found,BldRgstHubService.getBrTitleInfo,,,,,,
asset_master,review,asset_field_change_candidate,,business_stage,사업단계,business_stage,운영/실물,,,Review. Some address/physical fields may intentionally differ after geocode/API cleanup.,ast_f0700d6e9655,A112008002,found,BldRgstHubService.getBrTitleInfo,,,,,,
asset_master,review,asset_field_change_candidate,,portfolio_region,투자지역,portfolio_region,대한민국,,,Review. Some address/physical fields may intentionally differ after geocode/API cleanup.,ast_f0700d6e9655,A112008002,found,BldRgstHubService.getBrTitleInfo,,,,,,
asset_master,review,asset_field_change_candidate,,site_area,토지면적(㎡),site_area,,12151,,Physical fields may be API-enriched. Review provenance before overwriting.,ast_f0700d6e9655,A112008002,found,BldRgstHubService.getBrTitleInfo,,,,,,
asset_master,review,asset_field_change_candidate,,parking,주차대수,parking,,옥내 830 / 옥외 0,,Review. Some address/physical fields may intentionally differ after geocode/API cleanup.,ast_f0700d6e9655,A112008002,found,BldRgstHubService.getBrTitleInfo,,,,,,
asset_master,review,asset_field_change_candidate,,business_stage,사업단계,business_stage,운영/실물,,,Review. Some address/physical fields may intentionally differ after geocode/API cleanup.,ast_ecd738fc0c31,A112008003,found,BldRgstHubService.getBrTitleInfo,,,,,,
asset_master,review,asset_field_change_candidate,,portfolio_region,투자지역,portfolio_region,대한민국,,,Review. Some address/physical fields may intentionally differ after geocode/API cleanup.,ast_ecd738fc0c31,A112008003,found,BldRgstHubService.getBrTitleInfo,,,,,,
asset_master,review,asset_field_change_candidate,,site_area,토지면적(㎡),site_area,,17290,,Physical fields may be API-enriched. Review provenance before overwriting.,ast_ecd738fc0c31,A112008003,found,BldRgstHubService.getBrTitleInfo,,,,,,
asset_master,review,asset_field_change_candidate,,parking,주차대수,parking,,옥내 1021 / 옥외 0,,Review. Some address/physical fields may intentionally differ after geocode/API cleanup.,ast_ecd738fc0c31,A112008003,found,BldRgstHubService.getBrTitleInfo,,,,,,
asset_master,review,asset_field_change_candidate,,business_stage,사업단계,business_stage,운영/실물,,,Review. Some address/physical fields may intentionally differ after geocode/API cleanup.,ast_55647389ae80,A112008004,found,BldRgstHubService.getBrTitleInfo,,,,,,
asset_master,review,asset_field_change_candidate,,portfolio_region,투자지역,portfolio_region,대한민국,,,Review. Some address/physical fields may intentionally differ after geocode/API cleanup.,ast_55647389ae80,A112008004,found,BldRgstHubService.getBrTitleInfo,,,,,,
asset_master,review,asset_field_change_candidate,,country_code,국내/해외,country_code,KR,,,Review. Some address/physical fields may intentionally differ after geocode/API cleanup.,ast_55647389ae80,A112008004,found,BldRgstHubService.getBrTitleInfo,,,,,,
asset_master,review,asset_field_change_candidate,,site_area,토지면적(㎡),site_area,,17190,,Physical fields may be API-enriched. Review provenance before overwriting.,ast_55647389ae80,A112008004,found,BldRgstHubService.getBrTitleInfo,,,,,,
asset_master,review,asset_field_change_candidate,,parking,주차대수,parking,,옥내 812 / 옥외 0,,Review. Some address/physical fields may intentionally differ after geocode/API cleanup.,ast_55647389ae80,A112008004,found,BldRgstHubService.getBrTitleInfo,,,,,,
asset_master,review,asset_field_change_candidate,,business_stage,사업단계,business_stage,운영/실물,,,Review. Some address/physical fields may intentionally differ after geocode/API cleanup.,ast_8e254bfe7df1,A112010001,not_checked,,,,,,,
asset_master,review,asset_field_change_candidate,,portfolio_region,투자지역,portfolio_region,유럽,,,Review. Some address/physical fields may intentionally differ after geocode/API cleanup.,ast_8e254bfe7df1,A112010001,not_checked,,,,,,,
asset_master,review,asset_field_change_candidate,,country_code,국내/해외,country_code,OVERSEAS,,,Review. Some address/physical fields may intentionally differ after geocode/API cleanup.,ast_8e254bfe7df1,A112010001,not_checked,,,,,,,
asset_master,review,asset_field_change_candidate,,address_text,"전체주소(시/도, 구/군 포함)",address_text,울산광역시 남구 달동 1247-1 외 2필지,울산광역시 남구 달동 1247-1,,Review. Some address/physical fields may intentionally differ after geocode/API cleanup.,ast_74fc8d406c81,A112011001,found,BldRgstHubService.getBrTitleInfo,,,,,,
asset_master,review,asset_field_change_candidate,,business_stage,사업단계,business_stage,운영/실물,,,Review. Some address/physical fields may intentionally differ after geocode/API cleanup.,ast_74fc8d406c81,A112011001,found,BldRgstHubService.getBrTitleInfo,,,,,,
asset_master,review,asset_field_change_candidate,,portfolio_region,투자지역,portfolio_region,대한민국,,,Review. Some address/physical fields may intentionally differ after geocode/API cleanup.,ast_74fc8d406c81,A112011001,found,BldRgstHubService.getBrTitleInfo,,,,,,
asset_master,review,asset_field_change_candidate,,site_area,토지면적(㎡),site_area,,1304,,Physical fields may be API-enriched. Review provenance before overwriting.,ast_74fc8d406c81,A112011001,found,BldRgstHubService.getBrTitleInfo,,,,,,
asset_master,review,asset_field_change_candidate,,parking,주차대수,parking,,옥내 65 / 옥외 0,,Review. Some address/physical fields may intentionally differ after geocode/API cleanup.,ast_74fc8d406c81,A112011001,found,BldRgstHubService.getBrTitleInfo,,,,,,
asset_master,review,asset_field_change_candidate,,canonical_name,자산(건물)명,canonical_name,동일타워,동일타워 (투자),,Review. Some address/physical fields may intentionally differ after geocode/API cleanup.,ast_0eebe3722ecd,A112012001,found,BldRgstHubService.getBrTitleInfo,,,,,,
asset_master,review,asset_field_change_candidate,,business_stage,사업단계,business_stage,운영/실물,,,Review. Some address/physical fields may intentionally differ after geocode/API cleanup.,ast_0eebe3722ecd,A112012001,found,BldRgstHubService.getBrTitleInfo,,,,,,
asset_master,review,asset_field_change_candidate,,portfolio_region,투자지역,portfolio_region,대한민국,,,Review. Some address/physical fields may intentionally differ after geocode/API cleanup.,ast_0eebe3722ecd,A112012001,found,BldRgstHubService.getBrTitleInfo,,,,,,
asset_master,review,asset_field_change_candidate,,site_area,토지면적(㎡),site_area,,5432,,Physical fields may be API-enriched. Review provenance before overwriting.,ast_0eebe3722ecd,A112012001,found,BldRgstHubService.getBrTitleInfo,,,,,,
asset_master,review,asset_field_change_candidate,,parking,주차대수,parking,,옥내 351 / 옥외 0,,Review. Some address/physical fields may intentionally differ after geocode/API cleanup.,ast_0eebe3722ecd,A112012001,found,BldRgstHubService.getBrTitleInfo,,,,,,
asset_master,review,asset_field_change_candidate,,business_stage,사업단계,business_stage,운영/실물,,,Review. Some address/physical fields may intentionally differ after geocode/API cleanup.,ast_526e7318eac3,A112013001,found,BldRgstHubService.getBrTitleInfo,,,,,,
asset_master,review,asset_field_change_candidate,,portfolio_region,투자지역,portfolio_region,대한민국,,,Review. Some address/physical fields may intentionally differ after geocode/API cleanup.,ast_526e7318eac3,A112013001,found,BldRgstHubService.getBrTitleInfo,,,,,,
asset_master,review,asset_field_change_candidate,,country_code,국내/해외,country_code,KR,,,Review. Some address/physical fields may intentionally differ after geocode/API cleanup.,ast_526e7318eac3,A112013001,found,BldRgstHubService.getBrTitleInfo,,,,,,
asset_master,review,asset_field_change_candidate,,gross_floor_area,연면적(m²),gross_floor_area,,202570,,Physical fields may be API-enriched. Review provenance before overwriting.,ast_526e7318eac3,A112013001,found,BldRgstHubService.getBrTitleInfo,,,,,,
asset_master,review,asset_field_change_candidate,,site_area,토지면적(㎡),site_area,,0,,Physical fields may be API-enriched. Review provenance before overwriting.,ast_526e7318eac3,A112013001,found,BldRgstHubService.getBrTitleInfo,,,,,,
asset_master,review,asset_field_change_candidate,,business_stage,사업단계,business_stage,운영/실물,,,Review. Some address/physical fields may intentionally differ after geocode/API cleanup.,ast_a87124d2b233,A112015001,found,BldRgstHubService.getBrTitleInfo,,,,,,
asset_master,review,asset_field_change_candidate,,portfolio_region,투자지역,portfolio_region,대한민국,,,Review. Some address/physical fields may intentionally differ after geocode/API cleanup.,ast_a87124d2b233,A112015001,found,BldRgstHubService.getBrTitleInfo,,,,,,
asset_master,review,asset_field_change_candidate,,country_code,국내/해외,country_code,KR,,,Review. Some address/physical fields may intentionally differ after geocode/API cleanup.,ast_a87124d2b233,A112015001,found,BldRgstHubService.getBrTitleInfo,,,,,,
asset_master,review,asset_field_change_candidate,,gross_floor_area,연면적(m²),gross_floor_area,,58668,,Physical fields may be API-enriched. Review provenance before overwriting.,ast_a87124d2b233,A112015001,found,BldRgstHubService.getBrTitleInfo,,,,,,
asset_master,review,asset_field_change_candidate,,site_area,토지면적(㎡),site_area,,6107,,Physical fields may be API-enriched. Review provenance before overwriting.,ast_a87124d2b233,A112015001,found,BldRgstHubService.getBrTitleInfo,,,,,,
asset_master,review,asset_field_change_candidate,,parking,주차대수,parking,,옥내 296 / 옥외 34,,Review. Some address/physical fields may intentionally differ after geocode/API cleanup.,ast_a87124d2b233,A112015001,found,BldRgstHubService.getBrTitleInfo,,,,,,
asset_master,review,asset_field_change_candidate,,business_stage,사업단계,business_stage,운영/실물,,,Review. Some address/physical fields may intentionally differ after geocode/API cleanup.,ast_21ccb7c9f7bd,A112017001,found,BldRgstHubService.getBrTitleInfo,,,,,,
asset_master,review,asset_field_change_candidate,,portfolio_region,투자지역,portfolio_region,대한민국,,,Review. Some address/physical fields may intentionally differ after geocode/API cleanup.,ast_21ccb7c9f7bd,A112017001,found,BldRgstHubService.getBrTitleInfo,,,,,,
asset_master,review,asset_field_change_candidate,,country_code,국내/해외,country_code,KR,,,Review. Some address/physical fields may intentionally differ after geocode/API cleanup.,ast_21ccb7c9f7bd,A112017001,found,BldRgstHubService.getBrTitleInfo,,,,,,
asset_master,review,asset_field_change_candidate,,site_area,토지면적(㎡),site_area,,12339,,Physical fields may be API-enriched. Review provenance before overwriting.,ast_21ccb7c9f7bd,A112017001,found,BldRgstHubService.getBrTitleInfo,,,,,,
asset_master,review,asset_field_change_candidate,,parking,주차대수,parking,,옥내 716 / 옥외 0,,Review. Some address/physical fields may intentionally differ after geocode/API cleanup.,ast_21ccb7c9f7bd,A112017001,found,BldRgstHubService.getBrTitleInfo,,,,,,
asset_master,review,asset_field_change_candidate,,canonical_name,자산(건물)명,canonical_name,홈플러스삼천포점,홈플러스삼천포점 (투자),,Review. Some address/physical fields may intentionally differ after geocode/API cleanup.,ast_93fedc1f0d0f,A112018001,found,BldRgstHubService.getBrTitleInfo,,,,,,
asset_master,review,asset_field_change_candidate,,business_stage,사업단계,business_stage,운영/실물,,,Review. Some address/physical fields may intentionally differ after geocode/API cleanup.,ast_93fedc1f0d0f,A112018001,found,BldRgstHubService.getBrTitleInfo,,,,,,
asset_master,review,asset_field_change_candidate,,portfolio_region,투자지역,portfolio_region,대한민국,,,Review. Some address/physical fields may intentionally differ after geocode/API cleanup.,ast_93fedc1f0d0f,A112018001,found,BldRgstHubService.getBrTitleInfo,,,,,,
asset_master,review,asset_field_change_candidate,,site_area,토지면적(㎡),site_area,,5565,,Physical fields may be API-enriched. Review provenance before overwriting.,ast_93fedc1f0d0f,A112018001,found,BldRgstHubService.getBrTitleInfo,,,,,,
asset_master,review,asset_field_change_candidate,,parking,주차대수,parking,,옥내 222 / 옥외 0,,Review. Some address/physical fields may intentionally differ after geocode/API cleanup.,ast_93fedc1f0d0f,A112018001,found,BldRgstHubService.getBrTitleInfo,,,,,,
asset_master,review,asset_field_change_candidate,,canonical_name,자산(건물)명,canonical_name,홈플러스진주점,홈플러스진주점 (투자),,Review. Some address/physical fields may intentionally differ after geocode/API cleanup.,ast_282ed30bb789,A112018002,found,BldRgstHubService.getBrTitleInfo,,,,,,
asset_master,review,asset_field_change_candidate,,business_stage,사업단계,business_stage,운영/실물,,,Review. Some address/physical fields may intentionally differ after geocode/API cleanup.,ast_282ed30bb789,A112018002,found,BldRgstHubService.getBrTitleInfo,,,,,,
asset_master,review,asset_field_change_candidate,,portfolio_region,투자지역,portfolio_region,대한민국,,,Review. Some address/physical fields may intentionally differ after geocode/API cleanup.,ast_282ed30bb789,A112018002,found,BldRgstHubService.getBrTitleInfo,,,,,,
asset_master,review,asset_field_change_candidate,,site_area,토지면적(㎡),site_area,,7104,,Physical fields may be API-enriched. Review provenance before overwriting.,ast_282ed30bb789,A112018002,found,BldRgstHubService.getBrTitleInfo,,,,,,
asset_master,review,asset_field_change_candidate,,parking,주차대수,parking,,옥내 628 / 옥외 0,,Review. Some address/physical fields may intentionally differ after geocode/API cleanup.,ast_282ed30bb789,A112018002,found,BldRgstHubService.getBrTitleInfo,,,,,,
asset_master,review,asset_field_change_candidate,,canonical_name,자산(건물)명,canonical_name,홈플러스죽도점,홈플러스죽도점 (투자),,Review. Some address/physical fields may intentionally differ after geocode/API cleanup.,ast_1f446ce9025d,A112018003,found,BldRgstHubService.getBrTitleInfo,,,,,,
asset_master,review,asset_field_change_candidate,,business_stage,사업단계,business_stage,운영/실물,,,Review. Some address/physical fields may intentionally differ after geocode/API cleanup.,ast_1f446ce9025d,A112018003,found,BldRgstHubService.getBrTitleInfo,,,,,,
asset_master,review,asset_field_change_candidate,,portfolio_region,투자지역,portfolio_region,대한민국,,,Review. Some address/physical fields may intentionally differ after geocode/API cleanup.,ast_1f446ce9025d,A112018003,found,BldRgstHubService.getBrTitleInfo,,,,,,
asset_master,review,asset_field_change_candidate,,site_area,토지면적(㎡),site_area,,5089,,Physical fields may be API-enriched. Review provenance before overwriting.,ast_1f446ce9025d,A112018003,found,BldRgstHubService.getBrTitleInfo,,,,,,
asset_master,review,asset_field_change_candidate,,parking,주차대수,parking,,옥내 205 / 옥외 82,,Review. Some address/physical fields may intentionally differ after geocode/API cleanup.,ast_1f446ce9025d,A112018003,found,BldRgstHubService.getBrTitleInfo,,,,,,
asset_master,review,asset_field_change_candidate,,business_stage,사업단계,business_stage,운영/실물,,,Review. Some address/physical fields may intentionally differ after geocode/API cleanup.,ast_f5fc5bbdb980,A112019001,not_checked,,,,,,,
asset_master,review,asset_field_change_candidate,,portfolio_region,투자지역,portfolio_region,유럽,,,Review. Some address/physical fields may intentionally differ after geocode/API cleanup.,ast_f5fc5bbdb980,A112019001,not_checked,,,,,,,
asset_master,review,asset_field_change_candidate,,country_code,국내/해외,country_code,OVERSEAS,,,Review. Some address/physical fields may intentionally differ after geocode/API cleanup.,ast_f5fc5bbdb980,A112019001,not_checked,,,,,,,
asset_master,review,asset_field_change_candidate,,business_stage,사업단계,business_stage,운영/실물,,,Review. Some address/physical fields may intentionally differ after geocode/API cleanup.,ast_b79d97794e21,A112024001,found,BldRgstHubService.getBrTitleInfo,,,,,,
asset_master,review,asset_field_change_candidate,,portfolio_region,투자지역,portfolio_region,대한민국,,,Review. Some address/physical fields may intentionally differ after geocode/API cleanup.,ast_b79d97794e21,A112024001,found,BldRgstHubService.getBrTitleInfo,,,,,,
asset_master,review,asset_field_change_candidate,,country_code,국내/해외,country_code,KR,,,Review. Some address/physical fields may intentionally differ after geocode/API cleanup.,ast_b79d97794e21,A112024001,found,BldRgstHubService.getBrTitleInfo,,,,,,
asset_master,review,asset_field_change_candidate,,site_area,토지면적(㎡),site_area,,4430,,Physical fields may be API-enriched. Review provenance before overwriting.,ast_b79d97794e21,A112024001,found,BldRgstHubService.getBrTitleInfo,,,,,,
asset_master,review,asset_field_change_candidate,,parking,주차대수,parking,,옥내 226 / 옥외 0,,Review. Some address/physical fields may intentionally differ after geocode/API cleanup.,ast_b79d97794e21,A112024001,found,BldRgstHubService.getBrTitleInfo,,,,,,
asset_master,review,asset_field_change_candidate,,canonical_name,자산(건물)명,canonical_name,서영빌딩,서영빌딩 (투자),,Review. Some address/physical fields may intentionally differ after geocode/API cleanup.,ast_19e5bba5f247,A112025001,found,BldRgstHubService.getBrTitleInfo,,,,,,
asset_master,review,asset_field_change_candidate,,asset_type,기초자산,asset_type,오피스,,,Review. Some address/physical fields may intentionally differ after geocode/API cleanup.,ast_19e5bba5f247,A112025001,found,BldRgstHubService.getBrTitleInfo,,,,,,
asset_master,review,asset_field_change_candidate,,business_stage,사업단계,business_stage,운영/실물,,,Review. Some address/physical fields may intentionally differ after geocode/API cleanup.,ast_19e5bba5f247,A112025001,found,BldRgstHubService.getBrTitleInfo,,,,,,
asset_master,review,asset_field_change_candidate,,portfolio_region,투자지역,portfolio_region,대한민국,,,Review. Some address/physical fields may intentionally differ after geocode/API cleanup.,ast_19e5bba5f247,A112025001,found,BldRgstHubService.getBrTitleInfo,,,,,,
asset_master,review,asset_field_change_candidate,,site_area,토지면적(㎡),site_area,,1234,,Physical fields may be API-enriched. Review provenance before overwriting.,ast_19e5bba5f247,A112025001,found,BldRgstHubService.getBrTitleInfo,,,,,,
asset_master,review,asset_field_change_candidate,,parking,주차대수,parking,,옥내 111 / 옥외 11,,Review. Some address/physical fields may intentionally differ after geocode/API cleanup.,ast_19e5bba5f247,A112025001,found,BldRgstHubService.getBrTitleInfo,,,,,,
asset_master,review,asset_field_change_candidate,,business_stage,사업단계,business_stage,운영/실물,,,Review. Some address/physical fields may intentionally differ after geocode/API cleanup.,ast_7418f76af537,A112025002,found,BldRgstHubService.getBrTitleInfo,,,,,,
asset_master,review,asset_field_change_candidate,,portfolio_region,투자지역,portfolio_region,대한민국,,,Review. Some address/physical fields may intentionally differ after geocode/API cleanup.,ast_7418f76af537,A112025002,found,BldRgstHubService.getBrTitleInfo,,,,,,
asset_master,review,asset_field_change_candidate,,country_code,국내/해외,country_code,KR,,,Review. Some address/physical fields may intentionally differ after geocode/API cleanup.,ast_7418f76af537,A112025002,found,BldRgstHubService.getBrTitleInfo,,,,,,
asset_master,review,asset_field_change_candidate,,site_area,토지면적(㎡),site_area,,1349,,Physical fields may be API-enriched. Review provenance before overwriting.,ast_7418f76af537,A112025002,found,BldRgstHubService.getBrTitleInfo,,,,,,
asset_master,review,asset_field_change_candidate,,parking,주차대수,parking,,옥내 85 / 옥외 10,,Review. Some address/physical fields may intentionally differ after geocode/API cleanup.,ast_7418f76af537,A112025002,found,BldRgstHubService.getBrTitleInfo,,,,,,
asset_master,review,asset_field_change_candidate,,business_stage,사업단계,business_stage,운영/실물,,,Review. Some address/physical fields may intentionally differ after geocode/API cleanup.,ast_07e0f0bb366d,A112025003,found,BldRgstHubService.getBrTitleInfo,,,,,,
asset_master,review,asset_field_change_candidate,,portfolio_region,투자지역,portfolio_region,대한민국,,,Review. Some address/physical fields may intentionally differ after geocode/API cleanup.,ast_07e0f0bb366d,A112025003,found,BldRgstHubService.getBrTitleInfo,,,,,,
asset_master,review,asset_field_change_candidate,,country_code,국내/해외,country_code,KR,,,Review. Some address/physical fields may intentionally differ after geocode/API cleanup.,ast_07e0f0bb366d,A112025003,found,BldRgstHubService.getBrTitleInfo,,,,,,
asset_master,review,asset_field_change_candidate,,site_area,토지면적(㎡),site_area,,2246,,Physical fields may be API-enriched. Review provenance before overwriting.,ast_07e0f0bb366d,A112025003,found,BldRgstHubService.getBrTitleInfo,,,,,,
asset_master,review,asset_field_change_candidate,,parking,주차대수,parking,,옥내 27 / 옥외 0,,Review. Some address/physical fields may intentionally differ after geocode/API cleanup.,ast_07e0f0bb366d,A112025003,found,BldRgstHubService.getBrTitleInfo,,,,,,
asset_master,review,asset_field_change_candidate,,business_stage,사업단계,business_stage,운영/실물,,,Review. Some address/physical fields may intentionally differ after geocode/API cleanup.,ast_47df51a6036d,A112025004,pending,,,,,,,
asset_master,review,asset_field_change_candidate,,portfolio_region,투자지역,portfolio_region,대한민국,,,Review. Some address/physical fields may intentionally differ after geocode/API cleanup.,ast_47df51a6036d,A112025004,pending,,,,,,,
asset_master,review,asset_field_change_candidate,,business_stage,사업단계,business_stage,운영/실물,,,Review. Some address/physical fields may intentionally differ after geocode/API cleanup.,ast_a69271e859b5,A112026001,not_checked,,,,,,,
asset_master,review,asset_field_change_candidate,,portfolio_region,투자지역,portfolio_region,글로벌,,,Review. Some address/physical fields may intentionally differ after geocode/API cleanup.,ast_a69271e859b5,A112026001,not_checked,,,,,,,
asset_master,review,asset_field_change_candidate,,country_code,국내/해외,country_code,OVERSEAS,,,Review. Some address/physical fields may intentionally differ after geocode/API cleanup.,ast_a69271e859b5,A112026001,not_checked,,,,,,,
asset_master,review,asset_field_change_candidate,,business_stage,사업단계,business_stage,운영/실물,,,Review. Some address/physical fields may intentionally differ after geocode/API cleanup.,ast_855b77ffc374,A112028001,found,BldRgstHubService.getBrTitleInfo,,,,,,
asset_master,review,asset_field_change_candidate,,portfolio_region,투자지역,portfolio_region,대한민국,,,Review. Some address/physical fields may intentionally differ after geocode/API cleanup.,ast_855b77ffc374,A112028001,found,BldRgstHubService.getBrTitleInfo,,,,,,
asset_master,review,asset_field_change_candidate,,country_code,국내/해외,country_code,KR,,,Review. Some address/physical fields may intentionally differ after geocode/API cleanup.,ast_855b77ffc374,A112028001,found,BldRgstHubService.getBrTitleInfo,,,,,,
asset_master,review,asset_field_change_candidate,,site_area,토지면적(㎡),site_area,,2890,,Physical fields may be API-enriched. Review provenance before overwriting.,ast_855b77ffc374,A112028001,found,BldRgstHubService.getBrTitleInfo,,,,,,
asset_master,review,asset_field_change_candidate,,parking,주차대수,parking,,옥내 95 / 옥외 0,,Review. Some address/physical fields may intentionally differ after geocode/API cleanup.,ast_855b77ffc374,A112028001,found,BldRgstHubService.getBrTitleInfo,,,,,,
asset_master,review,asset_field_change_candidate,,business_stage,사업단계,business_stage,운영/실물,,,Review. Some address/physical fields may intentionally differ after geocode/API cleanup.,ast_99bb7e6dd0fa,A112029001,found,BldRgstHubService.getBrTitleInfo,,,,,,
asset_master,review,asset_field_change_candidate,,portfolio_region,투자지역,portfolio_region,대한민국,,,Review. Some address/physical fields may intentionally differ after geocode/API cleanup.,ast_99bb7e6dd0fa,A112029001,found,BldRgstHubService.getBrTitleInfo,,,,,,
asset_master,review,asset_field_change_candidate,,country_code,국내/해외,country_code,KR,,,Review. Some address/physical fields may intentionally differ after geocode/API cleanup.,ast_99bb7e6dd0fa,A112029001,found,BldRgstHubService.getBrTitleInfo,,,,,,
asset_master,review,asset_field_change_candidate,,site_area,토지면적(㎡),site_area,,4235,,Physical fields may be API-enriched. Review provenance before overwriting.,ast_99bb7e6dd0fa,A112029001,found,BldRgstHubService.getBrTitleInfo,,,,,,
asset_master,review,asset_field_change_candidate,,parking,주차대수,parking,,옥내 148 / 옥외 28,,Review. Some address/physical fields may intentionally differ after geocode/API cleanup.,ast_99bb7e6dd0fa,A112029001,found,BldRgstHubService.getBrTitleInfo,,,,,,
asset_master,review,asset_field_change_candidate,,canonical_name,자산(건물)명,canonical_name,대구시티센터,대구시티센터 (투자),,Review. Some address/physical fields may intentionally differ after geocode/API cleanup.,ast_1c2b0c57e8b7,A112033001,found,BldRgstHubService.getBrTitleInfo,,,,,,
asset_master,review,asset_field_change_candidate,,business_stage,사업단계,business_stage,운영/실물,,,Review. Some address/physical fields may intentionally differ after geocode/API cleanup.,ast_1c2b0c57e8b7,A112033001,found,BldRgstHubService.getBrTitleInfo,,,,,,
asset_master,review,asset_field_change_candidate,,portfolio_region,투자지역,portfolio_region,대한민국,,,Review. Some address/physical fields may intentionally differ after geocode/API cleanup.,ast_1c2b0c57e8b7,A112033001,found,BldRgstHubService.getBrTitleInfo,,,,,,
asset_master,review,asset_field_change_candidate,,site_area,토지면적(㎡),site_area,,7616,,Physical fields may be API-enriched. Review provenance before overwriting.,ast_1c2b0c57e8b7,A112033001,found,BldRgstHubService.getBrTitleInfo,,,,,,
asset_master,review,asset_field_change_candidate,,parking,주차대수,parking,,옥내 440 / 옥외 0,,Review. Some address/physical fields may intentionally differ after geocode/API cleanup.,ast_1c2b0c57e8b7,A112033001,found,BldRgstHubService.getBrTitleInfo,,,,,,
asset_master,review,asset_field_change_candidate,,address_text,"전체주소(시/도, 구/군 포함)",address_text,제주특별자치도 제주시 연동 274-16 외 2필지,제주특별자치도 제주시 연동 274-16,,Review. Some address/physical fields may intentionally differ after geocode/API cleanup.,ast_dd6e846e65f4,A112034001,found,BldRgstHubService.getBrTitleInfo,,,,,,
asset_master,review,asset_field_change_candidate,,business_stage,사업단계,business_stage,운영/실물,,,Review. Some address/physical fields may intentionally differ after geocode/API cleanup.,ast_dd6e846e65f4,A112034001,found,BldRgstHubService.getBrTitleInfo,,,,,,
asset_master,review,asset_field_change_candidate,,portfolio_region,투자지역,portfolio_region,대한민국,,,Review. Some address/physical fields may intentionally differ after geocode/API cleanup.,ast_dd6e846e65f4,A112034001,found,BldRgstHubService.getBrTitleInfo,,,,,,
asset_master,review,asset_field_change_candidate,,site_area,토지면적(㎡),site_area,,2632,,Physical fields may be API-enriched. Review provenance before overwriting.,ast_dd6e846e65f4,A112034001,found,BldRgstHubService.getBrTitleInfo,,,,,,
asset_master,review,asset_field_change_candidate,,parking,주차대수,parking,,옥내 82 / 옥외 4,,Review. Some address/physical fields may intentionally differ after geocode/API cleanup.,ast_dd6e846e65f4,A112034001,found,BldRgstHubService.getBrTitleInfo,,,,,,
asset_master,review,asset_field_change_candidate,,business_stage,사업단계,business_stage,운영/실물,,,Review. Some address/physical fields may intentionally differ after geocode/API cleanup.,ast_bc4589571b0d,A112035001,not_checked,,,,,,,
asset_master,review,asset_field_change_candidate,,portfolio_region,투자지역,portfolio_region,유럽,,,Review. Some address/physical fields may intentionally differ after geocode/API cleanup.,ast_bc4589571b0d,A112035001,not_checked,,,,,,,
asset_master,review,asset_field_change_candidate,,country_code,국내/해외,country_code,OVERSEAS,,,Review. Some address/physical fields may intentionally differ after geocode/API cleanup.,ast_bc4589571b0d,A112035001,not_checked,,,,,,,
asset_master,review,asset_field_change_candidate,,business_stage,사업단계,business_stage,운영/실물,,,Review. Some address/physical fields may intentionally differ after geocode/API cleanup.,ast_40cc5cccfb6c,A112035002,not_checked,,,,,,,
asset_master,review,asset_field_change_candidate,,portfolio_region,투자지역,portfolio_region,북미,,,Review. Some address/physical fields may intentionally differ after geocode/API cleanup.,ast_40cc5cccfb6c,A112035002,not_checked,,,,,,,
asset_master,review,asset_field_change_candidate,,country_code,국내/해외,country_code,OVERSEAS,,,Review. Some address/physical fields may intentionally differ after geocode/API cleanup.,ast_40cc5cccfb6c,A112035002,not_checked,,,,,,,
asset_master,review,asset_field_change_candidate,,business_stage,사업단계,business_stage,운영/실물,,,Review. Some address/physical fields may intentionally differ after geocode/API cleanup.,ast_0546ff4ee9db,A112035003,not_checked,,,,,,,
asset_master,review,asset_field_change_candidate,,portfolio_region,투자지역,portfolio_region,북미,,,Review. Some address/physical fields may intentionally differ after geocode/API cleanup.,ast_0546ff4ee9db,A112035003,not_checked,,,,,,,
asset_master,review,asset_field_change_candidate,,country_code,국내/해외,country_code,OVERSEAS,,,Review. Some address/physical fields may intentionally differ after geocode/API cleanup.,ast_0546ff4ee9db,A112035003,not_checked,,,,,,,
asset_master,review,asset_field_change_candidate,,business_stage,사업단계,business_stage,운영/실물,,,Review. Some address/physical fields may intentionally differ after geocode/API cleanup.,ast_39ccf4397829,A112036001,not_checked,,,,,,,
asset_master,review,asset_field_change_candidate,,portfolio_region,투자지역,portfolio_region,유럽,,,Review. Some address/physical fields may intentionally differ after geocode/API cleanup.,ast_39ccf4397829,A112036001,not_checked,,,,,,,
asset_master,review,asset_field_change_candidate,,country_code,국내/해외,country_code,OVERSEAS,,,Review. Some address/physical fields may intentionally differ after geocode/API cleanup.,ast_39ccf4397829,A112036001,not_checked,,,,,,,
asset_master,review,asset_field_change_candidate,,canonical_name,자산(건물)명,canonical_name,Bell 본사(몬트리올) 대출,Bell 본사(몬트리올) (대출),,Review. Some address/physical fields may intentionally differ after geocode/API cleanup.,ast_a838dff2176d,A112036002,not_checked,,,,,,,
asset_master,review,asset_field_change_candidate,,business_stage,사업단계,business_stage,운영/실물,,,Review. Some address/physical fields may intentionally differ after geocode/API cleanup.,ast_a838dff2176d,A112036002,not_checked,,,,,,,
asset_master,review,asset_field_change_candidate,,portfolio_region,투자지역,portfolio_region,북미,,,Review. Some address/physical fields may intentionally differ after geocode/API cleanup.,ast_a838dff2176d,A112036002,not_checked,,,,,,,
asset_master,review,asset_field_change_candidate,,country_code,국내/해외,country_code,OVERSEAS,,,Review. Some address/physical fields may intentionally differ after geocode/API cleanup.,ast_a838dff2176d,A112036002,not_checked,,,,,,,
asset_master,review,asset_field_change_candidate,,parking,주차대수,parking,2164,,,Review. Some address/physical fields may intentionally differ after geocode/API cleanup.,ast_a838dff2176d,A112036002,not_checked,,,,,,,
asset_master,review,asset_field_change_candidate,,canonical_name,자산(건물)명,canonical_name,OJP사옥(워싱턴) 대출,OJP사옥(워싱턴) (대출),,Review. Some address/physical fields may intentionally differ after geocode/API cleanup.,ast_5a6aabdecd80,A112036003,not_checked,,,,,,,
asset_master,review,asset_field_change_candidate,,business_stage,사업단계,business_stage,운영/실물,,,Review. Some address/physical fields may intentionally differ after geocode/API cleanup.,ast_5a6aabdecd80,A112036003,not_checked,,,,,,,
asset_master,review,asset_field_change_candidate,,portfolio_region,투자지역,portfolio_region,북미,,,Review. Some address/physical fields may intentionally differ after geocode/API cleanup.,ast_5a6aabdecd80,A112036003,not_checked,,,,,,,
asset_master,review,asset_field_change_candidate,,country_code,국내/해외,country_code,OVERSEAS,,,Review. Some address/physical fields may intentionally differ after geocode/API cleanup.,ast_5a6aabdecd80,A112036003,not_checked,,,,,,,
asset_master,review,asset_field_change_candidate,,parking,주차대수,parking,230,,,Review. Some address/physical fields may intentionally differ after geocode/API cleanup.,ast_5a6aabdecd80,A112036003,not_checked,,,,,,,
asset_master,review,asset_field_change_candidate,,business_stage,사업단계,business_stage,개발,,,Review. Some address/physical fields may intentionally differ after geocode/API cleanup.,ast_e0a9abed71bf,A112037001,not_checked,,,,,,,
asset_master,review,asset_field_change_candidate,,portfolio_region,투자지역,portfolio_region,대한민국,,,Review. Some address/physical fields may intentionally differ after geocode/API cleanup.,ast_e0a9abed71bf,A112037001,not_checked,,,,,,,
asset_master,review,asset_field_change_candidate,,country_code,국내/해외,country_code,KR,,,Review. Some address/physical fields may intentionally differ after geocode/API cleanup.,ast_e0a9abed71bf,A112037001,not_checked,,,,,,,
asset_master,review,asset_field_change_candidate,,business_stage,사업단계,business_stage,운영/실물,,,Review. Some address/physical fields may intentionally differ after geocode/API cleanup.,ast_3e4a7ba7841a,A112038001,found,BldRgstHubService.getBrTitleInfo,,,,,,
asset_master,review,asset_field_change_candidate,,portfolio_region,투자지역,portfolio_region,대한민국,,,Review. Some address/physical fields may intentionally differ after geocode/API cleanup.,ast_3e4a7ba7841a,A112038001,found,BldRgstHubService.getBrTitleInfo,,,,,,
asset_master,review,asset_field_change_candidate,,country_code,국내/해외,country_code,KR,,,Review. Some address/physical fields may intentionally differ after geocode/API cleanup.,ast_3e4a7ba7841a,A112038001,found,BldRgstHubService.getBrTitleInfo,,,,,,
asset_master,review,asset_field_change_candidate,,site_area,토지면적(㎡),site_area,,8267,,Physical fields may be API-enriched. Review provenance before overwriting.,ast_3e4a7ba7841a,A112038001,found,BldRgstHubService.getBrTitleInfo,,,,,,
asset_master,review,asset_field_change_candidate,,parking,주차대수,parking,,옥내 334 / 옥외 4,,Review. Some address/physical fields may intentionally differ after geocode/API cleanup.,ast_3e4a7ba7841a,A112038001,found,BldRgstHubService.getBrTitleInfo,,,,,,
asset_master,review,asset_field_change_candidate,,business_stage,사업단계,business_stage,운영/실물,,,Review. Some address/physical fields may intentionally differ after geocode/API cleanup.,ast_a60a75cb3e01,A112039001,found,BldRgstHubService.getBrTitleInfo,,,,,,
asset_master,review,asset_field_change_candidate,,portfolio_region,투자지역,portfolio_region,대한민국,,,Review. Some address/physical fields may intentionally differ after geocode/API cleanup.,ast_a60a75cb3e01,A112039001,found,BldRgstHubService.getBrTitleInfo,,,,,,
asset_master,review,asset_field_change_candidate,,country_code,국내/해외,country_code,KR,,,Review. Some address/physical fields may intentionally differ after geocode/API cleanup.,ast_a60a75cb3e01,A112039001,found,BldRgstHubService.getBrTitleInfo,,,,,,
asset_master,review,asset_field_change_candidate,,site_area,토지면적(㎡),site_area,1271,4200,-2929,Physical fields may be API-enriched. Review provenance before overwriting.,ast_a60a75cb3e01,A112039001,found,BldRgstHubService.getBrTitleInfo,,,,,,
asset_master,review,asset_field_change_candidate,,parking,주차대수,parking,170,옥내 170 / 옥외 0,,Review. Some address/physical fields may intentionally differ after geocode/API cleanup.,ast_a60a75cb3e01,A112039001,found,BldRgstHubService.getBrTitleInfo,,,,,,
asset_master,review,asset_field_change_candidate,,business_stage,사업단계,business_stage,운영/실물,,,Review. Some address/physical fields may intentionally differ after geocode/API cleanup.,ast_1ce55ba1b6ee,A112041001,not_checked,,,,,,,
asset_master,review,asset_field_change_candidate,,portfolio_region,투자지역,portfolio_region,유럽,,,Review. Some address/physical fields may intentionally differ after geocode/API cleanup.,ast_1ce55ba1b6ee,A112041001,not_checked,,,,,,,
asset_master,review,asset_field_change_candidate,,country_code,국내/해외,country_code,OVERSEAS,,,Review. Some address/physical fields may intentionally differ after geocode/API cleanup.,ast_1ce55ba1b6ee,A112041001,not_checked,,,,,,,
asset_master,review,asset_field_change_candidate,,business_stage,사업단계,business_stage,운영/실물,,,Review. Some address/physical fields may intentionally differ after geocode/API cleanup.,ast_8237a62aef6a,A112042001,not_checked,,,,,,,
asset_master,review,asset_field_change_candidate,,portfolio_region,투자지역,portfolio_region,대한민국,,,Review. Some address/physical fields may intentionally differ after geocode/API cleanup.,ast_8237a62aef6a,A112042001,not_checked,,,,,,,
asset_master,review,asset_field_change_candidate,,business_stage,사업단계,business_stage,운영/실물,,,Review. Some address/physical fields may intentionally differ after geocode/API cleanup.,ast_a71132d3cc09,A112043001,not_checked,,,,,,,
asset_master,review,asset_field_change_candidate,,portfolio_region,투자지역,portfolio_region,대한민국,,,Review. Some address/physical fields may intentionally differ after geocode/API cleanup.,ast_a71132d3cc09,A112043001,not_checked,,,,,,,
asset_master,review,asset_field_change_candidate,,country_code,국내/해외,country_code,KR,,,Review. Some address/physical fields may intentionally differ after geocode/API cleanup.,ast_a71132d3cc09,A112043001,not_checked,,,,,,,
asset_master,review,asset_field_change_candidate,,business_stage,사업단계,business_stage,운영/실물,,,Review. Some address/physical fields may intentionally differ after geocode/API cleanup.,ast_9fb48d4d8ce0,A112045001,found,BldRgstHubService.getBrTitleInfo,,,,,,
asset_master,review,asset_field_change_candidate,,portfolio_region,투자지역,portfolio_region,대한민국,,,Review. Some address/physical fields may intentionally differ after geocode/API cleanup.,ast_9fb48d4d8ce0,A112045001,found,BldRgstHubService.getBrTitleInfo,,,,,,
asset_master,review,asset_field_change_candidate,,country_code,국내/해외,country_code,KR,,,Review. Some address/physical fields may intentionally differ after geocode/API cleanup.,ast_9fb48d4d8ce0,A112045001,found,BldRgstHubService.getBrTitleInfo,,,,,,
asset_master,review,asset_field_change_candidate,,site_area,토지면적(㎡),site_area,,2335,,Physical fields may be API-enriched. Review provenance before overwriting.,ast_9fb48d4d8ce0,A112045001,found,BldRgstHubService.getBrTitleInfo,,,,,,
asset_master,review,asset_field_change_candidate,,parking,주차대수,parking,,옥내 91 / 옥외 0,,Review. Some address/physical fields may intentionally differ after geocode/API cleanup.,ast_9fb48d4d8ce0,A112045001,found,BldRgstHubService.getBrTitleInfo,,,,,,
asset_master,review,asset_field_change_candidate,,business_stage,사업단계,business_stage,운영/실물,,,Review. Some address/physical fields may intentionally differ after geocode/API cleanup.,ast_230b908af3f7,A112046001,not_checked,,,,,,,
asset_master,review,asset_field_change_candidate,,portfolio_region,투자지역,portfolio_region,유럽,,,Review. Some address/physical fields may intentionally differ after geocode/API cleanup.,ast_230b908af3f7,A112046001,not_checked,,,,,,,
asset_master,review,asset_field_change_candidate,,country_code,국내/해외,country_code,OVERSEAS,,,Review. Some address/physical fields may intentionally differ after geocode/API cleanup.,ast_230b908af3f7,A112046001,not_checked,,,,,,,
asset_master,review,asset_field_change_candidate,,canonical_name,자산(건물)명,canonical_name,남악신도시 복합쇼핑몰,남악신도시 복합쇼핑몰 (투자),,Review. Some address/physical fields may intentionally differ after geocode/API cleanup.,ast_e2fd03212beb,A112047001,found,BldRgstHubService.getBrTitleInfo,,,,,,
asset_master,review,asset_field_change_candidate,,asset_type,기초자산,asset_type,오피스복합,,,Review. Some address/physical fields may intentionally differ after geocode/API cleanup.,ast_e2fd03212beb,A112047001,found,BldRgstHubService.getBrTitleInfo,,,,,,
asset_master,review,asset_field_change_candidate,,business_stage,사업단계,business_stage,운영/실물,,,Review. Some address/physical fields may intentionally differ after geocode/API cleanup.,ast_e2fd03212beb,A112047001,found,BldRgstHubService.getBrTitleInfo,,,,,,
asset_master,review,asset_field_change_candidate,,portfolio_region,투자지역,portfolio_region,대한민국,,,Review. Some address/physical fields may intentionally differ after geocode/API cleanup.,ast_e2fd03212beb,A112047001,found,BldRgstHubService.getBrTitleInfo,,,,,,
asset_master,review,asset_field_change_candidate,,site_area,토지면적(㎡),site_area,,64923,,Physical fields may be API-enriched. Review provenance before overwriting.,ast_e2fd03212beb,A112047001,found,BldRgstHubService.getBrTitleInfo,,,,,,
asset_master,review,asset_field_change_candidate,,parking,주차대수,parking,,옥내 0 / 옥외 1010,,Review. Some address/physical fields may intentionally differ after geocode/API cleanup.,ast_e2fd03212beb,A112047001,found,BldRgstHubService.getBrTitleInfo,,,,,,
asset_master,review,asset_field_change_candidate,,business_stage,사업단계,business_stage,운영/실물,,,Review. Some address/physical fields may intentionally differ after geocode/API cleanup.,ast_39df6f35071a,A112048001,found,BldRgstHubService.getBrTitleInfo,,,,,,
asset_master,review,asset_field_change_candidate,,portfolio_region,투자지역,portfolio_region,대한민국,,,Review. Some address/physical fields may intentionally differ after geocode/API cleanup.,ast_39df6f35071a,A112048001,found,BldRgstHubService.getBrTitleInfo,,,,,,
asset_master,review,asset_field_change_candidate,,site_area,토지면적(㎡),site_area,,2776,,Physical fields may be API-enriched. Review provenance before overwriting.,ast_39df6f35071a,A112048001,found,BldRgstHubService.getBrTitleInfo,,,,,,
asset_master,review,asset_field_change_candidate,,parking,주차대수,parking,,옥내 112 / 옥외 0,,Review. Some address/physical fields may intentionally differ after geocode/API cleanup.,ast_39df6f35071a,A112048001,found,BldRgstHubService.getBrTitleInfo,,,,,,
asset_master,review,asset_field_change_candidate,,business_stage,사업단계,business_stage,운영/실물,,,Review. Some address/physical fields may intentionally differ after geocode/API cleanup.,ast_5524410f1c09,A112049000,not_checked,,,,,,,
asset_master,review,asset_field_change_candidate,,portfolio_region,투자지역,portfolio_region,북미,,,Review. Some address/physical fields may intentionally differ after geocode/API cleanup.,ast_5524410f1c09,A112049000,not_checked,,,,,,,
asset_master,review,asset_field_change_candidate,,country_code,국내/해외,country_code,OVERSEAS,,,Review. Some address/physical fields may intentionally differ after geocode/API cleanup.,ast_5524410f1c09,A112049000,not_checked,,,,,,,
asset_master,review,asset_field_change_candidate,,parking,주차대수,parking,2459,,,Review. Some address/physical fields may intentionally differ after geocode/API cleanup.,ast_5524410f1c09,A112049000,not_checked,,,,,,,
asset_master,review,asset_field_change_candidate,,business_stage,사업단계,business_stage,운영/실물,,,Review. Some address/physical fields may intentionally differ after geocode/API cleanup.,ast_2dabc46c306b,A112049001,not_checked,,,,,,,
asset_master,review,asset_field_change_candidate,,portfolio_region,투자지역,portfolio_region,북미,,,Review. Some address/physical fields may intentionally differ after geocode/API cleanup.,ast_2dabc46c306b,A112049001,not_checked,,,,,,,
asset_master,review,asset_field_change_candidate,,country_code,국내/해외,country_code,OVERSEAS,,,Review. Some address/physical fields may intentionally differ after geocode/API cleanup.,ast_2dabc46c306b,A112049001,not_checked,,,,,,,
asset_master,review,asset_field_change_candidate,,business_stage,사업단계,business_stage,운영/실물,,,Review. Some address/physical fields may intentionally differ after geocode/API cleanup.,ast_6459d1f7f3f6,A112049002,not_checked,,,,,,,
asset_master,review,asset_field_change_candidate,,portfolio_region,투자지역,portfolio_region,북미,,,Review. Some address/physical fields may intentionally differ after geocode/API cleanup.,ast_6459d1f7f3f6,A112049002,not_checked,,,,,,,
asset_master,review,asset_field_change_candidate,,country_code,국내/해외,country_code,OVERSEAS,,,Review. Some address/physical fields may intentionally differ after geocode/API cleanup.,ast_6459d1f7f3f6,A112049002,not_checked,,,,,,,
asset_master,review,asset_field_change_candidate,,business_stage,사업단계,business_stage,운영/실물,,,Review. Some address/physical fields may intentionally differ after geocode/API cleanup.,ast_d0735c2d17ab,A112049003,not_checked,,,,,,,
asset_master,review,asset_field_change_candidate,,portfolio_region,투자지역,portfolio_region,북미,,,Review. Some address/physical fields may intentionally differ after geocode/API cleanup.,ast_d0735c2d17ab,A112049003,not_checked,,,,,,,
asset_master,review,asset_field_change_candidate,,country_code,국내/해외,country_code,OVERSEAS,,,Review. Some address/physical fields may intentionally differ after geocode/API cleanup.,ast_d0735c2d17ab,A112049003,not_checked,,,,,,,
asset_master,review,asset_field_change_candidate,,business_stage,사업단계,business_stage,운영/실물,,,Review. Some address/physical fields may intentionally differ after geocode/API cleanup.,ast_2b86e2fb0350,A112050001,not_checked,,,,,,,
asset_master,review,asset_field_change_candidate,,portfolio_region,투자지역,portfolio_region,유럽,,,Review. Some address/physical fields may intentionally differ after geocode/API cleanup.,ast_2b86e2fb0350,A112050001,not_checked,,,,,,,
asset_master,review,asset_field_change_candidate,,country_code,국내/해외,country_code,OVERSEAS,,,Review. Some address/physical fields may intentionally differ after geocode/API cleanup.,ast_2b86e2fb0350,A112050001,not_checked,,,,,,,
asset_master,review,asset_field_change_candidate,,business_stage,사업단계,business_stage,운영/실물,,,Review. Some address/physical fields may intentionally differ after geocode/API cleanup.,ast_b15d07c78d56,A112051001,not_checked,,,,,,,
asset_master,review,asset_field_change_candidate,,portfolio_region,투자지역,portfolio_region,유럽,,,Review. Some address/physical fields may intentionally differ after geocode/API cleanup.,ast_b15d07c78d56,A112051001,not_checked,,,,,,,
asset_master,review,asset_field_change_candidate,,country_code,국내/해외,country_code,OVERSEAS,,,Review. Some address/physical fields may intentionally differ after geocode/API cleanup.,ast_b15d07c78d56,A112051001,not_checked,,,,,,,
asset_master,review,asset_field_change_candidate,,business_stage,사업단계,business_stage,운영/실물,,,Review. Some address/physical fields may intentionally differ after geocode/API cleanup.,ast_f11894da692a,A112052001,found,BldRgstHubService.getBrTitleInfo,,,,,,
asset_master,review,asset_field_change_candidate,,portfolio_region,투자지역,portfolio_region,대한민국,,,Review. Some address/physical fields may intentionally differ after geocode/API cleanup.,ast_f11894da692a,A112052001,found,BldRgstHubService.getBrTitleInfo,,,,,,
asset_master,review,asset_field_change_candidate,,country_code,국내/해외,country_code,KR,,,Review. Some address/physical fields may intentionally differ after geocode/API cleanup.,ast_f11894da692a,A112052001,found,BldRgstHubService.getBrTitleInfo,,,,,,
asset_master,review,asset_field_change_candidate,,site_area,토지면적(㎡),site_area,,2954,,Physical fields may be API-enriched. Review provenance before overwriting.,ast_f11894da692a,A112052001,found,BldRgstHubService.getBrTitleInfo,,,,,,
asset_master,review,asset_field_change_candidate,,parking,주차대수,parking,,옥내 269 / 옥외 0,,Review. Some address/physical fields may intentionally differ after geocode/API cleanup.,ast_f11894da692a,A112052001,found,BldRgstHubService.getBrTitleInfo,,,,,,
asset_master,review,asset_field_change_candidate,,business_stage,사업단계,business_stage,운영/실물,,,Review. Some address/physical fields may intentionally differ after geocode/API cleanup.,ast_16a56a088f89,A112053001,found,BldRgstHubService.getBrTitleInfo,,,,,,
asset_master,review,asset_field_change_candidate,,portfolio_region,투자지역,portfolio_region,대한민국,,,Review. Some address/physical fields may intentionally differ after geocode/API cleanup.,ast_16a56a088f89,A112053001,found,BldRgstHubService.getBrTitleInfo,,,,,,
asset_master,review,asset_field_change_candidate,,country_code,국내/해외,country_code,KR,,,Review. Some address/physical fields may intentionally differ after geocode/API cleanup.,ast_16a56a088f89,A112053001,found,BldRgstHubService.getBrTitleInfo,,,,,,
asset_master,review,asset_field_change_candidate,,gross_floor_area,연면적(m²),gross_floor_area,,32055,,Physical fields may be API-enriched. Review provenance before overwriting.,ast_16a56a088f89,A112053001,found,BldRgstHubService.getBrTitleInfo,,,,,,
asset_master,review,asset_field_change_candidate,,site_area,토지면적(㎡),site_area,,2525,,Physical fields may be API-enriched. Review provenance before overwriting.,ast_16a56a088f89,A112053001,found,BldRgstHubService.getBrTitleInfo,,,,,,
asset_master,review,asset_field_change_candidate,,parking,주차대수,parking,,옥내 305 / 옥외 0,,Review. Some address/physical fields may intentionally differ after geocode/API cleanup.,ast_16a56a088f89,A112053001,found,BldRgstHubService.getBrTitleInfo,,,,,,
asset_master,review,asset_field_change_candidate,,business_stage,사업단계,business_stage,운영/실물,,,Review. Some address/physical fields may intentionally differ after geocode/API cleanup.,ast_7de62416869e,A112054001,found,BldRgstHubService.getBrTitleInfo,,,,,,
asset_master,review,asset_field_change_candidate,,portfolio_region,투자지역,portfolio_region,대한민국,,,Review. Some address/physical fields may intentionally differ after geocode/API cleanup.,ast_7de62416869e,A112054001,found,BldRgstHubService.getBrTitleInfo,,,,,,
asset_master,review,asset_field_change_candidate,,site_area,토지면적(㎡),site_area,,33140,,Physical fields may be API-enriched. Review provenance before overwriting.,ast_7de62416869e,A112054001,found,BldRgstHubService.getBrTitleInfo,,,,,,
asset_master,review,asset_field_change_candidate,,parking,주차대수,parking,,옥내 689 / 옥외 144,,Review. Some address/physical fields may intentionally differ after geocode/API cleanup.,ast_7de62416869e,A112054001,found,BldRgstHubService.getBrTitleInfo,,,,,,
asset_master,review,asset_field_change_candidate,,canonical_name,자산(건물)명,canonical_name,롯데마트(제주),이지스리테일제55호사모부동산투자유한회사,,Review. Some address/physical fields may intentionally differ after geocode/API cleanup.,ast_8f63f7ec9170,A112054002,found,BldRgstHubService.getBrTitleInfo,,,,,,
asset_master,review,asset_field_change_candidate,,address_text,"전체주소(시/도, 구/군 포함)",address_text,제주시 노형동 708,제주특별자치도 제주시 노형동 708,,Review. Some address/physical fields may intentionally differ after geocode/API cleanup.,ast_8f63f7ec9170,A112054002,found,BldRgstHubService.getBrTitleInfo,,,,,,
asset_master,review,asset_field_change_candidate,,asset_type,기초자산,asset_type,리테일,,,Review. Some address/physical fields may intentionally differ after geocode/API cleanup.,ast_8f63f7ec9170,A112054002,found,BldRgstHubService.getBrTitleInfo,,,,,,
asset_master,review,asset_field_change_candidate,,business_stage,사업단계,business_stage,운영/실물,,,Review. Some address/physical fields may intentionally differ after geocode/API cleanup.,ast_8f63f7ec9170,A112054002,found,BldRgstHubService.getBrTitleInfo,,,,,,
asset_master,review,asset_field_change_candidate,,portfolio_region,투자지역,portfolio_region,대한민국,,,Review. Some address/physical fields may intentionally differ after geocode/API cleanup.,ast_8f63f7ec9170,A112054002,found,BldRgstHubService.getBrTitleInfo,,,,,,
asset_master,review,asset_field_change_candidate,,site_area,토지면적(㎡),site_area,,4365,,Physical fields may be API-enriched. Review provenance before overwriting.,ast_8f63f7ec9170,A112054002,found,BldRgstHubService.getBrTitleInfo,,,,,,
asset_master,review,asset_field_change_candidate,,parking,주차대수,parking,,옥내 173 / 옥외 0,,Review. Some address/physical fields may intentionally differ after geocode/API cleanup.,ast_8f63f7ec9170,A112054002,found,BldRgstHubService.getBrTitleInfo,,,,,,
asset_master,review,asset_field_change_candidate,,canonical_name,자산(건물)명,canonical_name,롯데팩토리아울렛(인천),이지스리테일제55호사모부동산투자유한회사,,Review. Some address/physical fields may intentionally differ after geocode/API cleanup.,ast_44e362fded27,A112054003,found,BldRgstHubService.getBrTitleInfo,,,,,,
asset_master,review,asset_field_change_candidate,,address_text,"전체주소(시/도, 구/군 포함)",address_text,인천시 중구 항동7가 76-2,인천광역시 중구 항동7가 76-2,,Review. Some address/physical fields may intentionally differ after geocode/API cleanup.,ast_44e362fded27,A112054003,found,BldRgstHubService.getBrTitleInfo,,,,,,
asset_master,review,asset_field_change_candidate,,asset_type,기초자산,asset_type,리테일,,,Review. Some address/physical fields may intentionally differ after geocode/API cleanup.,ast_44e362fded27,A112054003,found,BldRgstHubService.getBrTitleInfo,,,,,,
asset_master,review,asset_field_change_candidate,,business_stage,사업단계,business_stage,운영/실물,,,Review. Some address/physical fields may intentionally differ after geocode/API cleanup.,ast_44e362fded27,A112054003,found,BldRgstHubService.getBrTitleInfo,,,,,,
asset_master,review,asset_field_change_candidate,,portfolio_region,투자지역,portfolio_region,대한민국,,,Review. Some address/physical fields may intentionally differ after geocode/API cleanup.,ast_44e362fded27,A112054003,found,BldRgstHubService.getBrTitleInfo,,,,,,
asset_master,review,asset_field_change_candidate,,site_area,토지면적(㎡),site_area,,20486,,Physical fields may be API-enriched. Review provenance before overwriting.,ast_44e362fded27,A112054003,found,BldRgstHubService.getBrTitleInfo,,,,,,
asset_master,review,asset_field_change_candidate,,parking,주차대수,parking,,옥내 625 / 옥외 7,,Review. Some address/physical fields may intentionally differ after geocode/API cleanup.,ast_44e362fded27,A112054003,found,BldRgstHubService.getBrTitleInfo,,,,,,
asset_master,review,asset_field_change_candidate,,business_stage,사업단계,business_stage,운영/실물,,,Review. Some address/physical fields may intentionally differ after geocode/API cleanup.,ast_30a89c098710,A112055001,found,BldRgstHubService.getBrTitleInfo,,,,,,
asset_master,review,asset_field_change_candidate,,portfolio_region,투자지역,portfolio_region,대한민국,,,Review. Some address/physical fields may intentionally differ after geocode/API cleanup.,ast_30a89c098710,A112055001,found,BldRgstHubService.getBrTitleInfo,,,,,,
asset_master,review,asset_field_change_candidate,,site_area,토지면적(㎡),site_area,,1388,,Physical fields may be API-enriched. Review provenance before overwriting.,ast_30a89c098710,A112055001,found,BldRgstHubService.getBrTitleInfo,,,,,,
asset_master,review,asset_field_change_candidate,,parking,주차대수,parking,,옥내 117 / 옥외 0,,Review. Some address/physical fields may intentionally differ after geocode/API cleanup.,ast_30a89c098710,A112055001,found,BldRgstHubService.getBrTitleInfo,,,,,,
asset_master,review,asset_field_change_candidate,,canonical_name,자산(건물)명,canonical_name,롯데마트(포항),롯데마트(포항) (투자),,Review. Some address/physical fields may intentionally differ after geocode/API cleanup.,ast_2599313d9083,A112056001,found,BldRgstHubService.getBrTitleInfo,,,,,,
asset_master,review,asset_field_change_candidate,,asset_type,기초자산,asset_type,리테일,,,Review. Some address/physical fields may intentionally differ after geocode/API cleanup.,ast_2599313d9083,A112056001,found,BldRgstHubService.getBrTitleInfo,,,,,,
asset_master,review,asset_field_change_candidate,,business_stage,사업단계,business_stage,운영/실물,,,Review. Some address/physical fields may intentionally differ after geocode/API cleanup.,ast_2599313d9083,A112056001,found,BldRgstHubService.getBrTitleInfo,,,,,,
asset_master,review,asset_field_change_candidate,,portfolio_region,투자지역,portfolio_region,대한민국,,,Review. Some address/physical fields may intentionally differ after geocode/API cleanup.,ast_2599313d9083,A112056001,found,BldRgstHubService.getBrTitleInfo,,,,,,
asset_master,review,asset_field_change_candidate,,site_area,토지면적(㎡),site_area,,9668,,Physical fields may be API-enriched. Review provenance before overwriting.,ast_2599313d9083,A112056001,found,BldRgstHubService.getBrTitleInfo,,,,,,
asset_master,review,asset_field_change_candidate,,parking,주차대수,parking,,옥내 0 / 옥외 72,,Review. Some address/physical fields may intentionally differ after geocode/API cleanup.,ast_2599313d9083,A112056001,found,BldRgstHubService.getBrTitleInfo,,,,,,
asset_master,review,asset_field_change_candidate,,business_stage,사업단계,business_stage,운영/실물,,,Review. Some address/physical fields may intentionally differ after geocode/API cleanup.,ast_699a38d90c72,A112057001,not_checked,,,,,,,
asset_master,review,asset_field_change_candidate,,portfolio_region,투자지역,portfolio_region,글로벌,,,Review. Some address/physical fields may intentionally differ after geocode/API cleanup.,ast_699a38d90c72,A112057001,not_checked,,,,,,,
asset_master,review,asset_field_change_candidate,,country_code,국내/해외,country_code,OVERSEAS,,,Review. Some address/physical fields may intentionally differ after geocode/API cleanup.,ast_699a38d90c72,A112057001,not_checked,,,,,,,
asset_master,review,asset_field_change_candidate,,business_stage,사업단계,business_stage,운영/실물,,,Review. Some address/physical fields may intentionally differ after geocode/API cleanup.,ast_ebd723e072c4,A112058001,not_checked,,,,,,,
asset_master,review,asset_field_change_candidate,,portfolio_region,투자지역,portfolio_region,유럽,,,Review. Some address/physical fields may intentionally differ after geocode/API cleanup.,ast_ebd723e072c4,A112058001,not_checked,,,,,,,
asset_master,review,asset_field_change_candidate,,country_code,국내/해외,country_code,OVERSEAS,,,Review. Some address/physical fields may intentionally differ after geocode/API cleanup.,ast_ebd723e072c4,A112058001,not_checked,,,,,,,
asset_master,review,asset_field_change_candidate,,business_stage,사업단계,business_stage,운영/실물,,,Review. Some address/physical fields may intentionally differ after geocode/API cleanup.,ast_97638ebe48e2,A112059001,found,BldRgstHubService.getBrTitleInfo,,,,,,
asset_master,review,asset_field_change_candidate,,portfolio_region,투자지역,portfolio_region,대한민국,,,Review. Some address/physical fields may intentionally differ after geocode/API cleanup.,ast_97638ebe48e2,A112059001,found,BldRgstHubService.getBrTitleInfo,,,,,,
asset_master,review,asset_field_change_candidate,,country_code,국내/해외,country_code,KR,,,Review. Some address/physical fields may intentionally differ after geocode/API cleanup.,ast_97638ebe48e2,A112059001,found,BldRgstHubService.getBrTitleInfo,,,,,,
asset_master,review,asset_field_change_candidate,,site_area,토지면적(㎡),site_area,,5275,,Physical fields may be API-enriched. Review provenance before overwriting.,ast_97638ebe48e2,A112059001,found,BldRgstHubService.getBrTitleInfo,,,,,,
asset_master,review,asset_field_change_candidate,,parking,주차대수,parking,,옥내 309 / 옥외 4,,Review. Some address/physical fields may intentionally differ after geocode/API cleanup.,ast_97638ebe48e2,A112059001,found,BldRgstHubService.getBrTitleInfo,,,,,,
asset_master,review,asset_field_change_candidate,,business_stage,사업단계,business_stage,운영/실물,,,Review. Some address/physical fields may intentionally differ after geocode/API cleanup.,ast_7a41b6b1cb32,A112063001,not_checked,,,,,,,
asset_master,review,asset_field_change_candidate,,portfolio_region,투자지역,portfolio_region,북미,,,Review. Some address/physical fields may intentionally differ after geocode/API cleanup.,ast_7a41b6b1cb32,A112063001,not_checked,,,,,,,
asset_master,review,asset_field_change_candidate,,country_code,국내/해외,country_code,OVERSEAS,,,Review. Some address/physical fields may intentionally differ after geocode/API cleanup.,ast_7a41b6b1cb32,A112063001,not_checked,,,,,,,
asset_master,review,asset_field_change_candidate,,business_stage,사업단계,business_stage,운영/실물,,,Review. Some address/physical fields may intentionally differ after geocode/API cleanup.,ast_7cf20a80bc30,A112064001,found,BldRgstHubService.getBrTitleInfo,,,,,,
asset_master,review,asset_field_change_candidate,,portfolio_region,투자지역,portfolio_region,대한민국,,,Review. Some address/physical fields may intentionally differ after geocode/API cleanup.,ast_7cf20a80bc30,A112064001,found,BldRgstHubService.getBrTitleInfo,,,,,,
asset_master,review,asset_field_change_candidate,,site_area,토지면적(㎡),site_area,,1503,,Physical fields may be API-enriched. Review provenance before overwriting.,ast_7cf20a80bc30,A112064001,found,BldRgstHubService.getBrTitleInfo,,,,,,
asset_master,review,asset_field_change_candidate,,parking,주차대수,parking,,옥내 1 / 옥외 0,,Review. Some address/physical fields may intentionally differ after geocode/API cleanup.,ast_7cf20a80bc30,A112064001,found,BldRgstHubService.getBrTitleInfo,,,,,,
asset_master,review,asset_field_change_candidate,,business_stage,사업단계,business_stage,운영/실물,,,Review. Some address/physical fields may intentionally differ after geocode/API cleanup.,ast_9fa9d0943be6,A112065001,not_checked,,,,,,,
asset_master,review,asset_field_change_candidate,,portfolio_region,투자지역,portfolio_region,북미,,,Review. Some address/physical fields may intentionally differ after geocode/API cleanup.,ast_9fa9d0943be6,A112065001,not_checked,,,,,,,
asset_master,review,asset_field_change_candidate,,country_code,국내/해외,country_code,OVERSEAS,,,Review. Some address/physical fields may intentionally differ after geocode/API cleanup.,ast_9fa9d0943be6,A112065001,not_checked,,,,,,,
asset_master,review,asset_field_change_candidate,,parking,주차대수,parking,996,,,Review. Some address/physical fields may intentionally differ after geocode/API cleanup.,ast_9fa9d0943be6,A112065001,not_checked,,,,,,,
asset_master,review,asset_field_change_candidate,,business_stage,사업단계,business_stage,운영/실물,,,Review. Some address/physical fields may intentionally differ after geocode/API cleanup.,ast_814387955675,A112066001,not_checked,,,,,,,
asset_master,review,asset_field_change_candidate,,portfolio_region,투자지역,portfolio_region,대한민국,,,Review. Some address/physical fields may intentionally differ after geocode/API cleanup.,ast_814387955675,A112066001,not_checked,,,,,,,
asset_master,review,asset_field_change_candidate,,business_stage,사업단계,business_stage,운영/실물,,,Review. Some address/physical fields may intentionally differ after geocode/API cleanup.,ast_e342ebe1ccdf,A112067001,not_checked,,,,,,,
asset_master,review,asset_field_change_candidate,,portfolio_region,투자지역,portfolio_region,북미,,,Review. Some address/physical fields may intentionally differ after geocode/API cleanup.,ast_e342ebe1ccdf,A112067001,not_checked,,,,,,,
asset_master,review,asset_field_change_candidate,,country_code,국내/해외,country_code,OVERSEAS,,,Review. Some address/physical fields may intentionally differ after geocode/API cleanup.,ast_e342ebe1ccdf,A112067001,not_checked,,,,,,,
asset_master,review,asset_field_change_candidate,,business_stage,사업단계,business_stage,운영/실물,,,Review. Some address/physical fields may intentionally differ after geocode/API cleanup.,ast_953c098ae44b,A112068001,not_checked,,,,,,,
asset_master,review,asset_field_change_candidate,,portfolio_region,투자지역,portfolio_region,북미,,,Review. Some address/physical fields may intentionally differ after geocode/API cleanup.,ast_953c098ae44b,A112068001,not_checked,,,,,,,
asset_master,review,asset_field_change_candidate,,country_code,국내/해외,country_code,OVERSEAS,,,Review. Some address/physical fields may intentionally differ after geocode/API cleanup.,ast_953c098ae44b,A112068001,not_checked,,,,,,,
asset_master,review,asset_field_change_candidate,,parking,주차대수,parking,80,,,Review. Some address/physical fields may intentionally differ after geocode/API cleanup.,ast_953c098ae44b,A112068001,not_checked,,,,,,,
asset_master,review,asset_field_change_candidate,,business_stage,사업단계,business_stage,운영/실물,,,Review. Some address/physical fields may intentionally differ after geocode/API cleanup.,ast_20f01c104a7a,A112071001,found,BldRgstHubService.getBrTitleInfo,,,,,,
asset_master,review,asset_field_change_candidate,,portfolio_region,투자지역,portfolio_region,대한민국,,,Review. Some address/physical fields may intentionally differ after geocode/API cleanup.,ast_20f01c104a7a,A112071001,found,BldRgstHubService.getBrTitleInfo,,,,,,
asset_master,review,asset_field_change_candidate,,site_area,토지면적(㎡),site_area,,5008,,Physical fields may be API-enriched. Review provenance before overwriting.,ast_20f01c104a7a,A112071001,found,BldRgstHubService.getBrTitleInfo,,,,,,
asset_master,review,asset_field_change_candidate,,parking,주차대수,parking,,옥내 271 / 옥외 2,,Review. Some address/physical fields may intentionally differ after geocode/API cleanup.,ast_20f01c104a7a,A112071001,found,BldRgstHubService.getBrTitleInfo,,,,,,
asset_master,review,asset_field_change_candidate,,business_stage,사업단계,business_stage,운영/실물,,,Review. Some address/physical fields may intentionally differ after geocode/API cleanup.,ast_9b78a5e73c6b,A112072001,not_checked,,,,,,,
asset_master,review,asset_field_change_candidate,,portfolio_region,투자지역,portfolio_region,유럽,,,Review. Some address/physical fields may intentionally differ after geocode/API cleanup.,ast_9b78a5e73c6b,A112072001,not_checked,,,,,,,
asset_master,review,asset_field_change_candidate,,country_code,국내/해외,country_code,OVERSEAS,,,Review. Some address/physical fields may intentionally differ after geocode/API cleanup.,ast_9b78a5e73c6b,A112072001,not_checked,,,,,,,
asset_master,review,asset_field_change_candidate,,business_stage,사업단계,business_stage,운영/실물,,,Review. Some address/physical fields may intentionally differ after geocode/API cleanup.,ast_07a74d2ee7e4,A112073001,not_checked,,,,,,,
asset_master,review,asset_field_change_candidate,,portfolio_region,투자지역,portfolio_region,북미,,,Review. Some address/physical fields may intentionally differ after geocode/API cleanup.,ast_07a74d2ee7e4,A112073001,not_checked,,,,,,,
asset_master,review,asset_field_change_candidate,,country_code,국내/해외,country_code,OVERSEAS,,,Review. Some address/physical fields may intentionally differ after geocode/API cleanup.,ast_07a74d2ee7e4,A112073001,not_checked,,,,,,,
asset_master,review,asset_field_change_candidate,,parking,주차대수,parking,2109,,,Review. Some address/physical fields may intentionally differ after geocode/API cleanup.,ast_07a74d2ee7e4,A112073001,not_checked,,,,,,,
asset_master,review,asset_field_change_candidate,,business_stage,사업단계,business_stage,운영/실물,,,Review. Some address/physical fields may intentionally differ after geocode/API cleanup.,ast_5a5178267eeb,A112074001,not_checked,,,,,,,
asset_master,review,asset_field_change_candidate,,portfolio_region,투자지역,portfolio_region,유럽,,,Review. Some address/physical fields may intentionally differ after geocode/API cleanup.,ast_5a5178267eeb,A112074001,not_checked,,,,,,,
asset_master,review,asset_field_change_candidate,,country_code,국내/해외,country_code,OVERSEAS,,,Review. Some address/physical fields may intentionally differ after geocode/API cleanup.,ast_5a5178267eeb,A112074001,not_checked,,,,,,,
asset_master,review,asset_field_change_candidate,,business_stage,사업단계,business_stage,운영/실물,,,Review. Some address/physical fields may intentionally differ after geocode/API cleanup.,ast_d7cf5a8a230f,A112075001,found,BldRgstHubService.getBrTitleInfo,,,,,,
asset_master,review,asset_field_change_candidate,,portfolio_region,투자지역,portfolio_region,대한민국,,,Review. Some address/physical fields may intentionally differ after geocode/API cleanup.,ast_d7cf5a8a230f,A112075001,found,BldRgstHubService.getBrTitleInfo,,,,,,
asset_master,review,asset_field_change_candidate,,site_area,토지면적(㎡),site_area,,799,,Physical fields may be API-enriched. Review provenance before overwriting.,ast_d7cf5a8a230f,A112075001,found,BldRgstHubService.getBrTitleInfo,,,,,,
asset_master,review,asset_field_change_candidate,,parking,주차대수,parking,,옥내 42 / 옥외 2,,Review. Some address/physical fields may intentionally differ after geocode/API cleanup.,ast_d7cf5a8a230f,A112075001,found,BldRgstHubService.getBrTitleInfo,,,,,,
asset_master,review,asset_field_change_candidate,,business_stage,사업단계,business_stage,운영/실물,,,Review. Some address/physical fields may intentionally differ after geocode/API cleanup.,ast_d8e5a4d52634,A112076001,not_checked,,,,,,,
asset_master,review,asset_field_change_candidate,,portfolio_region,투자지역,portfolio_region,북미,,,Review. Some address/physical fields may intentionally differ after geocode/API cleanup.,ast_d8e5a4d52634,A112076001,not_checked,,,,,,,
asset_master,review,asset_field_change_candidate,,country_code,국내/해외,country_code,OVERSEAS,,,Review. Some address/physical fields may intentionally differ after geocode/API cleanup.,ast_d8e5a4d52634,A112076001,not_checked,,,,,,,
asset_master,review,asset_field_change_candidate,,portfolio_region,투자지역,portfolio_region,북미,,,Review. Some address/physical fields may intentionally differ after geocode/API cleanup.,ast_72454765bf79,A112077001,not_checked,,,,,,,
asset_master,review,asset_field_change_candidate,,country_code,국내/해외,country_code,OVERSEAS,,,Review. Some address/physical fields may intentionally differ after geocode/API cleanup.,ast_72454765bf79,A112077001,not_checked,,,,,,,
asset_master,review,asset_field_change_candidate,,parking,주차대수,parking,322,,,Review. Some address/physical fields may intentionally differ after geocode/API cleanup.,ast_72454765bf79,A112077001,not_checked,,,,,,,
asset_master,review,asset_field_change_candidate,,business_stage,사업단계,business_stage,운영/실물,,,Review. Some address/physical fields may intentionally differ after geocode/API cleanup.,ast_d4a56bde92c8,A112078001,found,BldRgstHubService.getBrTitleInfo,,,,,,
asset_master,review,asset_field_change_candidate,,portfolio_region,투자지역,portfolio_region,대한민국,,,Review. Some address/physical fields may intentionally differ after geocode/API cleanup.,ast_d4a56bde92c8,A112078001,found,BldRgstHubService.getBrTitleInfo,,,,,,
asset_master,review,asset_field_change_candidate,,site_area,토지면적(㎡),site_area,,1828,,Physical fields may be API-enriched. Review provenance before overwriting.,ast_d4a56bde92c8,A112078001,found,BldRgstHubService.getBrTitleInfo,,,,,,
asset_master,review,asset_field_change_candidate,,parking,주차대수,parking,,옥내 96 / 옥외 0,,Review. Some address/physical fields may intentionally differ after geocode/API cleanup.,ast_d4a56bde92c8,A112078001,found,BldRgstHubService.getBrTitleInfo,,,,,,
asset_master,review,asset_field_change_candidate,,canonical_name,자산(건물)명,canonical_name,업스퀘어,업스퀘어 (투자),,Review. Some address/physical fields may intentionally differ after geocode/API cleanup.,ast_a422589fe744,A112080001,found,BldRgstHubService.getBrTitleInfo,,,,,,
asset_master,review,asset_field_change_candidate,,asset_type,기초자산,asset_type,오피스복합,리테일,,Review. Some address/physical fields may intentionally differ after geocode/API cleanup.,ast_a422589fe744,A112080001,found,BldRgstHubService.getBrTitleInfo,,,,,,
asset_master,review,asset_field_change_candidate,,business_stage,사업단계,business_stage,운영/실물,,,Review. Some address/physical fields may intentionally differ after geocode/API cleanup.,ast_a422589fe744,A112080001,found,BldRgstHubService.getBrTitleInfo,,,,,,
asset_master,review,asset_field_change_candidate,,portfolio_region,투자지역,portfolio_region,대한민국,,,Review. Some address/physical fields may intentionally differ after geocode/API cleanup.,ast_a422589fe744,A112080001,found,BldRgstHubService.getBrTitleInfo,,,,,,
asset_master,review,asset_field_change_candidate,,site_area,토지면적(㎡),site_area,,7115,,Physical fields may be API-enriched. Review provenance before overwriting.,ast_a422589fe744,A112080001,found,BldRgstHubService.getBrTitleInfo,,,,,,
asset_master,review,asset_field_change_candidate,,parking,주차대수,parking,,옥내 495 / 옥외 0,,Review. Some address/physical fields may intentionally differ after geocode/API cleanup.,ast_a422589fe744,A112080001,found,BldRgstHubService.getBrTitleInfo,,,,,,
asset_master,review,asset_field_change_candidate,,business_stage,사업단계,business_stage,운영/실물,,,Review. Some address/physical fields may intentionally differ after geocode/API cleanup.,ast_12056ec44b17,A112081001,pending,,,,,,,
asset_master,review,asset_field_change_candidate,,portfolio_region,투자지역,portfolio_region,대한민국,,,Review. Some address/physical fields may intentionally differ after geocode/API cleanup.,ast_12056ec44b17,A112081001,pending,,,,,,,
asset_master,review,asset_field_change_candidate,,country_code,국내/해외,country_code,KR,,,Review. Some address/physical fields may intentionally differ after geocode/API cleanup.,ast_12056ec44b17,A112081001,pending,,,,,,,
asset_master,review,asset_field_change_candidate,,asset_type,기초자산,asset_type,리테일,,,Review. Some address/physical fields may intentionally differ after geocode/API cleanup.,ast_223bae23bf93,A112081002,found,BldRgstHubService.getBrTitleInfo,,,,,,
asset_master,review,asset_field_change_candidate,,business_stage,사업단계,business_stage,운영/실물,,,Review. Some address/physical fields may intentionally differ after geocode/API cleanup.,ast_223bae23bf93,A112081002,found,BldRgstHubService.getBrTitleInfo,,,,,,
asset_master,review,asset_field_change_candidate,,portfolio_region,투자지역,portfolio_region,대한민국,,,Review. Some address/physical fields may intentionally differ after geocode/API cleanup.,ast_223bae23bf93,A112081002,found,BldRgstHubService.getBrTitleInfo,,,,,,
asset_master,review,asset_field_change_candidate,,gross_floor_area,연면적(m²),gross_floor_area,,70155,,Physical fields may be API-enriched. Review provenance before overwriting.,ast_223bae23bf93,A112081002,found,BldRgstHubService.getBrTitleInfo,,,,,,
asset_master,review,asset_field_change_candidate,,site_area,토지면적(㎡),site_area,,5746,,Physical fields may be API-enriched. Review provenance before overwriting.,ast_223bae23bf93,A112081002,found,BldRgstHubService.getBrTitleInfo,,,,,,
asset_master,review,asset_field_change_candidate,,parking,주차대수,parking,,옥내 600 / 옥외 4,,Review. Some address/physical fields may intentionally differ after geocode/API cleanup.,ast_223bae23bf93,A112081002,found,BldRgstHubService.getBrTitleInfo,,,,,,
asset_master,review,asset_field_change_candidate,,asset_type,기초자산,asset_type,리테일,,,Review. Some address/physical fields may intentionally differ after geocode/API cleanup.,ast_c9b5f50bc992,A112081003,found,BldRgstHubService.getBrTitleInfo,,,,,,
asset_master,review,asset_field_change_candidate,,business_stage,사업단계,business_stage,운영/실물,,,Review. Some address/physical fields may intentionally differ after geocode/API cleanup.,ast_c9b5f50bc992,A112081003,found,BldRgstHubService.getBrTitleInfo,,,,,,
asset_master,review,asset_field_change_candidate,,portfolio_region,투자지역,portfolio_region,대한민국,,,Review. Some address/physical fields may intentionally differ after geocode/API cleanup.,ast_c9b5f50bc992,A112081003,found,BldRgstHubService.getBrTitleInfo,,,,,,
asset_master,review,asset_field_change_candidate,,gross_floor_area,연면적(m²),gross_floor_area,,60148,,Physical fields may be API-enriched. Review provenance before overwriting.,ast_c9b5f50bc992,A112081003,found,BldRgstHubService.getBrTitleInfo,,,,,,
asset_master,review,asset_field_change_candidate,,site_area,토지면적(㎡),site_area,,5712,,Physical fields may be API-enriched. Review provenance before overwriting.,ast_c9b5f50bc992,A112081003,found,BldRgstHubService.getBrTitleInfo,,,,,,
asset_master,review,asset_field_change_candidate,,parking,주차대수,parking,,옥내 501 / 옥외 24,,Review. Some address/physical fields may intentionally differ after geocode/API cleanup.,ast_c9b5f50bc992,A112081003,found,BldRgstHubService.getBrTitleInfo,,,,,,
asset_master,review,asset_field_change_candidate,,business_stage,사업단계,business_stage,운영/실물,,,Review. Some address/physical fields may intentionally differ after geocode/API cleanup.,ast_9152993b89ea,A112082001,not_checked,,,,,,,
asset_master,review,asset_field_change_candidate,,portfolio_region,투자지역,portfolio_region,대한민국,,,Review. Some address/physical fields may intentionally differ after geocode/API cleanup.,ast_9152993b89ea,A112082001,not_checked,,,,,,,
asset_master,review,asset_field_change_candidate,,address_text,"전체주소(시/도, 구/군 포함)",address_text,경기도 안양시 동안구 호계동 1039 외 2필지,경기도 안양시 동안구 호계동 1039,,Review. Some address/physical fields may intentionally differ after geocode/API cleanup.,ast_03b867e56a1e,A112085001,found,BldRgstHubService.getBrTitleInfo,,,,,,
asset_master,review,asset_field_change_candidate,,asset_type,기초자산,asset_type,오피스복합,리테일,,Review. Some address/physical fields may intentionally differ after geocode/API cleanup.,ast_03b867e56a1e,A112085001,found,BldRgstHubService.getBrTitleInfo,,,,,,
asset_master,review,asset_field_change_candidate,,business_stage,사업단계,business_stage,운영/실물,,,Review. Some address/physical fields may intentionally differ after geocode/API cleanup.,ast_03b867e56a1e,A112085001,found,BldRgstHubService.getBrTitleInfo,,,,,,
asset_master,review,asset_field_change_candidate,,portfolio_region,투자지역,portfolio_region,대한민국,,,Review. Some address/physical fields may intentionally differ after geocode/API cleanup.,ast_03b867e56a1e,A112085001,found,BldRgstHubService.getBrTitleInfo,,,,,,
asset_master,review,asset_field_change_candidate,,site_area,토지면적(㎡),site_area,,13468,,Physical fields may be API-enriched. Review provenance before overwriting.,ast_03b867e56a1e,A112085001,found,BldRgstHubService.getBrTitleInfo,,,,,,
asset_master,review,asset_field_change_candidate,,parking,주차대수,parking,,옥내 1379 / 옥외 56,,Review. Some address/physical fields may intentionally differ after geocode/API cleanup.,ast_03b867e56a1e,A112085001,found,BldRgstHubService.getBrTitleInfo,,,,,,
asset_master,review,asset_field_change_candidate,,business_stage,사업단계,business_stage,운영/실물,,,Review. Some address/physical fields may intentionally differ after geocode/API cleanup.,ast_11888bd81598,A112086001,found,BldRgstHubService.getBrTitleInfo,,,,,,
asset_master,review,asset_field_change_candidate,,portfolio_region,투자지역,portfolio_region,대한민국,,,Review. Some address/physical fields may intentionally differ after geocode/API cleanup.,ast_11888bd81598,A112086001,found,BldRgstHubService.getBrTitleInfo,,,,,,
asset_master,review,asset_field_change_candidate,,country_code,국내/해외,country_code,KR,,,Review. Some address/physical fields may intentionally differ after geocode/API cleanup.,ast_11888bd81598,A112086001,found,BldRgstHubService.getBrTitleInfo,,,,,,
asset_master,review,asset_field_change_candidate,,site_area,토지면적(㎡),site_area,,16529,,Physical fields may be API-enriched. Review provenance before overwriting.,ast_11888bd81598,A112086001,found,BldRgstHubService.getBrTitleInfo,,,,,,
asset_master,review,asset_field_change_candidate,,parking,주차대수,parking,,옥내 1272 / 옥외 429,,Review. Some address/physical fields may intentionally differ after geocode/API cleanup.,ast_11888bd81598,A112086001,found,BldRgstHubService.getBrTitleInfo,,,,,,
asset_master,review,asset_field_change_candidate,,portfolio_region,투자지역,portfolio_region,북미,,,Review. Some address/physical fields may intentionally differ after geocode/API cleanup.,ast_e5daaa392be6,A112092001,not_checked,,,,,,,
asset_master,review,asset_field_change_candidate,,country_code,국내/해외,country_code,OVERSEAS,,,Review. Some address/physical fields may intentionally differ after geocode/API cleanup.,ast_e5daaa392be6,A112092001,not_checked,,,,,,,
asset_master,review,asset_field_change_candidate,,business_stage,사업단계,business_stage,운영/실물,,,Review. Some address/physical fields may intentionally differ after geocode/API cleanup.,ast_46a7ecc290e9,A112093001,not_checked,,,,,,,
asset_master,review,asset_field_change_candidate,,portfolio_region,투자지역,portfolio_region,유럽,,,Review. Some address/physical fields may intentionally differ after geocode/API cleanup.,ast_46a7ecc290e9,A112093001,not_checked,,,,,,,
asset_master,review,asset_field_change_candidate,,country_code,국내/해외,country_code,OVERSEAS,,,Review. Some address/physical fields may intentionally differ after geocode/API cleanup.,ast_46a7ecc290e9,A112093001,not_checked,,,,,,,
asset_master,review,asset_field_change_candidate,,business_stage,사업단계,business_stage,운영/실물,,,Review. Some address/physical fields may intentionally differ after geocode/API cleanup.,ast_2f6ea0226f48,A112093002,not_checked,,,,,,,
asset_master,review,asset_field_change_candidate,,portfolio_region,투자지역,portfolio_region,유럽,,,Review. Some address/physical fields may intentionally differ after geocode/API cleanup.,ast_2f6ea0226f48,A112093002,not_checked,,,,,,,
asset_master,review,asset_field_change_candidate,,country_code,국내/해외,country_code,OVERSEAS,,,Review. Some address/physical fields may intentionally differ after geocode/API cleanup.,ast_2f6ea0226f48,A112093002,not_checked,,,,,,,
asset_master,review,asset_field_change_candidate,,portfolio_region,투자지역,portfolio_region,유럽,,,Review. Some address/physical fields may intentionally differ after geocode/API cleanup.,ast_6edbffb304dc,A112093003,not_checked,,,,,,,
asset_master,review,asset_field_change_candidate,,country_code,국내/해외,country_code,OVERSEAS,,,Review. Some address/physical fields may intentionally differ after geocode/API cleanup.,ast_6edbffb304dc,A112093003,not_checked,,,,,,,
asset_master,review,asset_field_change_candidate,,business_stage,사업단계,business_stage,운영/실물,,,Review. Some address/physical fields may intentionally differ after geocode/API cleanup.,ast_cf0bf50af6cc,A112093004,not_checked,,,,,,,
asset_master,review,asset_field_change_candidate,,portfolio_region,투자지역,portfolio_region,유럽,,,Review. Some address/physical fields may intentionally differ after geocode/API cleanup.,ast_cf0bf50af6cc,A112093004,not_checked,,,,,,,
asset_master,review,asset_field_change_candidate,,country_code,국내/해외,country_code,OVERSEAS,,,Review. Some address/physical fields may intentionally differ after geocode/API cleanup.,ast_cf0bf50af6cc,A112093004,not_checked,,,,,,,
asset_master,review,asset_field_change_candidate,,business_stage,사업단계,business_stage,운영/실물,,,Review. Some address/physical fields may intentionally differ after geocode/API cleanup.,ast_fff6be9d38b9,A112093005,not_checked,,,,,,,
asset_master,review,asset_field_change_candidate,,portfolio_region,투자지역,portfolio_region,유럽,,,Review. Some address/physical fields may intentionally differ after geocode/API cleanup.,ast_fff6be9d38b9,A112093005,not_checked,,,,,,,
asset_master,review,asset_field_change_candidate,,country_code,국내/해외,country_code,OVERSEAS,,,Review. Some address/physical fields may intentionally differ after geocode/API cleanup.,ast_fff6be9d38b9,A112093005,not_checked,,,,,,,
asset_master,review,asset_field_change_candidate,,business_stage,사업단계,business_stage,운영/실물,,,Review. Some address/physical fields may intentionally differ after geocode/API cleanup.,ast_564945797e16,A112094001,not_checked,,,,,,,
asset_master,review,asset_field_change_candidate,,portfolio_region,투자지역,portfolio_region,북미,,,Review. Some address/physical fields may intentionally differ after geocode/API cleanup.,ast_564945797e16,A112094001,not_checked,,,,,,,
asset_master,review,asset_field_change_candidate,,country_code,국내/해외,country_code,OVERSEAS,,,Review. Some address/physical fields may intentionally differ after geocode/API cleanup.,ast_564945797e16,A112094001,not_checked,,,,,,,
asset_master,review,asset_field_change_candidate,,business_stage,사업단계,business_stage,운영/실물,,,Review. Some address/physical fields may intentionally differ after geocode/API cleanup.,ast_33e54322817d,A112095001,not_checked,,,,,,,
asset_master,review,asset_field_change_candidate,,portfolio_region,투자지역,portfolio_region,북미,,,Review. Some address/physical fields may intentionally differ after geocode/API cleanup.,ast_33e54322817d,A112095001,not_checked,,,,,,,
asset_master,review,asset_field_change_candidate,,country_code,국내/해외,country_code,OVERSEAS,,,Review. Some address/physical fields may intentionally differ after geocode/API cleanup.,ast_33e54322817d,A112095001,not_checked,,,,,,,
asset_master,review,asset_field_change_candidate,,parking,주차대수,parking,0,,,Review. Some address/physical fields may intentionally differ after geocode/API cleanup.,ast_33e54322817d,A112095001,not_checked,,,,,,,
asset_master,review,asset_field_change_candidate,,business_stage,사업단계,business_stage,운영/실물,,,Review. Some address/physical fields may intentionally differ after geocode/API cleanup.,ast_61465a8dd9a1,A112096001,found,BldRgstHubService.getBrTitleInfo,,,,,,
asset_master,review,asset_field_change_candidate,,portfolio_region,투자지역,portfolio_region,대한민국,,,Review. Some address/physical fields may intentionally differ after geocode/API cleanup.,ast_61465a8dd9a1,A112096001,found,BldRgstHubService.getBrTitleInfo,,,,,,
asset_master,review,asset_field_change_candidate,,country_code,국내/해외,country_code,KR,,,Review. Some address/physical fields may intentionally differ after geocode/API cleanup.,ast_61465a8dd9a1,A112096001,found,BldRgstHubService.getBrTitleInfo,,,,,,
asset_master,review,asset_field_change_candidate,,site_area,토지면적(㎡),site_area,,5346,,Physical fields may be API-enriched. Review provenance before overwriting.,ast_61465a8dd9a1,A112096001,found,BldRgstHubService.getBrTitleInfo,,,,,,
asset_master,review,asset_field_change_candidate,,parking,주차대수,parking,,옥내 587 / 옥외 0,,Review. Some address/physical fields may intentionally differ after geocode/API cleanup.,ast_61465a8dd9a1,A112096001,found,BldRgstHubService.getBrTitleInfo,,,,,,
asset_master,review,asset_field_change_candidate,,asset_type,기초자산,asset_type,주거,,,Review. Some address/physical fields may intentionally differ after geocode/API cleanup.,ast_288840e4c692,A112099001,found,BldRgstHubService.getBrTitleInfo,,,,,,
asset_master,review,asset_field_change_candidate,,business_stage,사업단계,business_stage,운영/실물,,,Review. Some address/physical fields may intentionally differ after geocode/API cleanup.,ast_288840e4c692,A112099001,found,BldRgstHubService.getBrTitleInfo,,,,,,
asset_master,review,asset_field_change_candidate,,portfolio_region,투자지역,portfolio_region,대한민국,,,Review. Some address/physical fields may intentionally differ after geocode/API cleanup.,ast_288840e4c692,A112099001,found,BldRgstHubService.getBrTitleInfo,,,,,,
asset_master,review,asset_field_change_candidate,,gross_floor_area,연면적(m²),gross_floor_area,,49689,,Physical fields may be API-enriched. Review provenance before overwriting.,ast_288840e4c692,A112099001,found,BldRgstHubService.getBrTitleInfo,,,,,,
asset_master,review,asset_field_change_candidate,,site_area,토지면적(㎡),site_area,,3638,,Physical fields may be API-enriched. Review provenance before overwriting.,ast_288840e4c692,A112099001,found,BldRgstHubService.getBrTitleInfo,,,,,,
asset_master,review,asset_field_change_candidate,,parking,주차대수,parking,,옥내 627 / 옥외 0,,Review. Some address/physical fields may intentionally differ after geocode/API cleanup.,ast_288840e4c692,A112099001,found,BldRgstHubService.getBrTitleInfo,,,,,,
asset_master,review,asset_field_change_candidate,,business_stage,사업단계,business_stage,운영/실물,,,Review. Some address/physical fields may intentionally differ after geocode/API cleanup.,ast_a81bf18a93d4,A112100001,found,BldRgstHubService.getBrTitleInfo,,,,,,
asset_master,review,asset_field_change_candidate,,portfolio_region,투자지역,portfolio_region,대한민국,,,Review. Some address/physical fields may intentionally differ after geocode/API cleanup.,ast_a81bf18a93d4,A112100001,found,BldRgstHubService.getBrTitleInfo,,,,,,
asset_master,review,asset_field_change_candidate,,country_code,국내/해외,country_code,KR,,,Review. Some address/physical fields may intentionally differ after geocode/API cleanup.,ast_a81bf18a93d4,A112100001,found,BldRgstHubService.getBrTitleInfo,,,,,,
asset_master,review,asset_field_change_candidate,,site_area,토지면적(㎡),site_area,,91000,,Physical fields may be API-enriched. Review provenance before overwriting.,ast_a81bf18a93d4,A112100001,found,BldRgstHubService.getBrTitleInfo,,,,,,
asset_master,review,asset_field_change_candidate,,parking,주차대수,parking,,옥내 4218 / 옥외 0,,Review. Some address/physical fields may intentionally differ after geocode/API cleanup.,ast_a81bf18a93d4,A112100001,found,BldRgstHubService.getBrTitleInfo,,,,,,
asset_master,review,asset_field_change_candidate,,business_stage,사업단계,business_stage,운영/실물,,,Review. Some address/physical fields may intentionally differ after geocode/API cleanup.,ast_14f3dd9eb1f9,A112101001,not_checked,,,,,,,
asset_master,review,asset_field_change_candidate,,portfolio_region,투자지역,portfolio_region,대한민국,,,Review. Some address/physical fields may intentionally differ after geocode/API cleanup.,ast_14f3dd9eb1f9,A112101001,not_checked,,,,,,,
asset_master,review,asset_field_change_candidate,,business_stage,사업단계,business_stage,운영/실물,,,Review. Some address/physical fields may intentionally differ after geocode/API cleanup.,ast_2b8d6d15574a,A112104001,found,BldRgstHubService.getBrTitleInfo,,,,,,
asset_master,review,asset_field_change_candidate,,portfolio_region,투자지역,portfolio_region,대한민국,,,Review. Some address/physical fields may intentionally differ after geocode/API cleanup.,ast_2b8d6d15574a,A112104001,found,BldRgstHubService.getBrTitleInfo,,,,,,
asset_master,review,asset_field_change_candidate,,country_code,국내/해외,country_code,KR,,,Review. Some address/physical fields may intentionally differ after geocode/API cleanup.,ast_2b8d6d15574a,A112104001,found,BldRgstHubService.getBrTitleInfo,,,,,,
asset_master,review,asset_field_change_candidate,,site_area,토지면적(㎡),site_area,,2893,,Physical fields may be API-enriched. Review provenance before overwriting.,ast_2b8d6d15574a,A112104001,found,BldRgstHubService.getBrTitleInfo,,,,,,
asset_master,review,asset_field_change_candidate,,parking,주차대수,parking,,옥내 334 / 옥외 3,,Review. Some address/physical fields may intentionally differ after geocode/API cleanup.,ast_2b8d6d15574a,A112104001,found,BldRgstHubService.getBrTitleInfo,,,,,,
asset_master,review,asset_field_change_candidate,,business_stage,사업단계,business_stage,운영/실물,,,Review. Some address/physical fields may intentionally differ after geocode/API cleanup.,ast_511ba5b81207,A112107001,not_checked,,,,,,,
asset_master,review,asset_field_change_candidate,,portfolio_region,투자지역,portfolio_region,대한민국,,,Review. Some address/physical fields may intentionally differ after geocode/API cleanup.,ast_511ba5b81207,A112107001,not_checked,,,,,,,
asset_master,review,asset_field_change_candidate,,country_code,국내/해외,country_code,KR,,,Review. Some address/physical fields may intentionally differ after geocode/API cleanup.,ast_511ba5b81207,A112107001,not_checked,,,,,,,
asset_master,review,asset_field_change_candidate,,business_stage,사업단계,business_stage,운영/실물,,,Review. Some address/physical fields may intentionally differ after geocode/API cleanup.,ast_5db71e381d95,A112108001,not_checked,,,,,,,
asset_master,review,asset_field_change_candidate,,portfolio_region,투자지역,portfolio_region,북미,,,Review. Some address/physical fields may intentionally differ after geocode/API cleanup.,ast_5db71e381d95,A112108001,not_checked,,,,,,,
asset_master,review,asset_field_change_candidate,,country_code,국내/해외,country_code,OVERSEAS,,,Review. Some address/physical fields may intentionally differ after geocode/API cleanup.,ast_5db71e381d95,A112108001,not_checked,,,,,,,
asset_master,review,asset_field_change_candidate,,canonical_name,자산(건물)명,canonical_name,부산송정물류센터,부산송정물류센터 (투자),,Review. Some address/physical fields may intentionally differ after geocode/API cleanup.,ast_afb26eedbbe3,A112109001,found,BldRgstHubService.getBrTitleInfo,,,,,,
asset_master,review,asset_field_change_candidate,,business_stage,사업단계,business_stage,특수상황,,,Review. Some address/physical fields may intentionally differ after geocode/API cleanup.,ast_afb26eedbbe3,A112109001,found,BldRgstHubService.getBrTitleInfo,,,,,,
asset_master,review,asset_field_change_candidate,,portfolio_region,투자지역,portfolio_region,대한민국,,,Review. Some address/physical fields may intentionally differ after geocode/API cleanup.,ast_afb26eedbbe3,A112109001,found,BldRgstHubService.getBrTitleInfo,,,,,,
asset_master,review,asset_field_change_candidate,,site_area,토지면적(㎡),site_area,,0,,Physical fields may be API-enriched. Review provenance before overwriting.,ast_afb26eedbbe3,A112109001,found,BldRgstHubService.getBrTitleInfo,,,,,,
asset_master,review,asset_field_change_candidate,,parking,주차대수,parking,,옥내 0 / 옥외 99,,Review. Some address/physical fields may intentionally differ after geocode/API cleanup.,ast_afb26eedbbe3,A112109001,found,BldRgstHubService.getBrTitleInfo,,,,,,
asset_master,review,asset_field_change_candidate,,business_stage,사업단계,business_stage,운영/실물,,,Review. Some address/physical fields may intentionally differ after geocode/API cleanup.,ast_af5f71776ae0,A112110001,found,BldRgstHubService.getBrTitleInfo,,,,,,
asset_master,review,asset_field_change_candidate,,portfolio_region,투자지역,portfolio_region,대한민국,,,Review. Some address/physical fields may intentionally differ after geocode/API cleanup.,ast_af5f71776ae0,A112110001,found,BldRgstHubService.getBrTitleInfo,,,,,,
asset_master,review,asset_field_change_candidate,,country_code,국내/해외,country_code,KR,,,Review. Some address/physical fields may intentionally differ after geocode/API cleanup.,ast_af5f71776ae0,A112110001,found,BldRgstHubService.getBrTitleInfo,,,,,,
asset_master,review,asset_field_change_candidate,,site_area,토지면적(㎡),site_area,,915,,Physical fields may be API-enriched. Review provenance before overwriting.,ast_af5f71776ae0,A112110001,found,BldRgstHubService.getBrTitleInfo,,,,,,
asset_master,review,asset_field_change_candidate,,parking,주차대수,parking,,옥내 61 / 옥외 0,,Review. Some address/physical fields may intentionally differ after geocode/API cleanup.,ast_af5f71776ae0,A112110001,found,BldRgstHubService.getBrTitleInfo,,,,,,
asset_master,review,asset_field_change_candidate,,business_stage,사업단계,business_stage,운영/실물,,,Review. Some address/physical fields may intentionally differ after geocode/API cleanup.,ast_3b7fc78aeb9e,A112113001,not_checked,,,,,,,
asset_master,review,asset_field_change_candidate,,portfolio_region,투자지역,portfolio_region,아시아,,,Review. Some address/physical fields may intentionally differ after geocode/API cleanup.,ast_3b7fc78aeb9e,A112113001,not_checked,,,,,,,
asset_master,review,asset_field_change_candidate,,country_code,국내/해외,country_code,OVERSEAS,,,Review. Some address/physical fields may intentionally differ after geocode/API cleanup.,ast_3b7fc78aeb9e,A112113001,not_checked,,,,,,,
asset_master,review,asset_field_change_candidate,,business_stage,사업단계,business_stage,운영/실물,,,Review. Some address/physical fields may intentionally differ after geocode/API cleanup.,ast_97eee497ab45,A112114001,found,BldRgstHubService.getBrTitleInfo,,,,,,
asset_master,review,asset_field_change_candidate,,portfolio_region,투자지역,portfolio_region,대한민국,,,Review. Some address/physical fields may intentionally differ after geocode/API cleanup.,ast_97eee497ab45,A112114001,found,BldRgstHubService.getBrTitleInfo,,,,,,
asset_master,review,asset_field_change_candidate,,country_code,국내/해외,country_code,KR,,,Review. Some address/physical fields may intentionally differ after geocode/API cleanup.,ast_97eee497ab45,A112114001,found,BldRgstHubService.getBrTitleInfo,,,,,,
asset_master,review,asset_field_change_candidate,,gross_floor_area,연면적(m²),gross_floor_area,,45284,,Physical fields may be API-enriched. Review provenance before overwriting.,ast_97eee497ab45,A112114001,found,BldRgstHubService.getBrTitleInfo,,,,,,
asset_master,review,asset_field_change_candidate,,site_area,토지면적(㎡),site_area,,5853,,Physical fields may be API-enriched. Review provenance before overwriting.,ast_97eee497ab45,A112114001,found,BldRgstHubService.getBrTitleInfo,,,,,,
asset_master,review,asset_field_change_candidate,,parking,주차대수,parking,,옥내 120 / 옥외 2,,Review. Some address/physical fields may intentionally differ after geocode/API cleanup.,ast_97eee497ab45,A112114001,found,BldRgstHubService.getBrTitleInfo,,,,,,
asset_master,review,asset_field_change_candidate,,business_stage,사업단계,business_stage,운영/실물,,,Review. Some address/physical fields may intentionally differ after geocode/API cleanup.,ast_f40e9a6c4433,A112115001,found,BldRgstHubService.getBrTitleInfo,,,,,,
asset_master,review,asset_field_change_candidate,,portfolio_region,투자지역,portfolio_region,대한민국,,,Review. Some address/physical fields may intentionally differ after geocode/API cleanup.,ast_f40e9a6c4433,A112115001,found,BldRgstHubService.getBrTitleInfo,,,,,,
asset_master,review,asset_field_change_candidate,,country_code,국내/해외,country_code,KR,,,Review. Some address/physical fields may intentionally differ after geocode/API cleanup.,ast_f40e9a6c4433,A112115001,found,BldRgstHubService.getBrTitleInfo,,,,,,
asset_master,review,asset_field_change_candidate,,gross_floor_area,연면적(m²),gross_floor_area,,45284,,Physical fields may be API-enriched. Review provenance before overwriting.,ast_f40e9a6c4433,A112115001,found,BldRgstHubService.getBrTitleInfo,,,,,,
asset_master,review,asset_field_change_candidate,,site_area,토지면적(㎡),site_area,,5853,,Physical fields may be API-enriched. Review provenance before overwriting.,ast_f40e9a6c4433,A112115001,found,BldRgstHubService.getBrTitleInfo,,,,,,
asset_master,review,asset_field_change_candidate,,parking,주차대수,parking,,옥내 120 / 옥외 2,,Review. Some address/physical fields may intentionally differ after geocode/API cleanup.,ast_f40e9a6c4433,A112115001,found,BldRgstHubService.getBrTitleInfo,,,,,,
asset_master,review,asset_field_change_candidate,,business_stage,사업단계,business_stage,운영/실물,,,Review. Some address/physical fields may intentionally differ after geocode/API cleanup.,ast_31d5292aa061,A112116001,not_checked,,,,,,,
asset_master,review,asset_field_change_candidate,,portfolio_region,투자지역,portfolio_region,북미,,,Review. Some address/physical fields may intentionally differ after geocode/API cleanup.,ast_31d5292aa061,A112116001,not_checked,,,,,,,
asset_master,review,asset_field_change_candidate,,country_code,국내/해외,country_code,OVERSEAS,,,Review. Some address/physical fields may intentionally differ after geocode/API cleanup.,ast_31d5292aa061,A112116001,not_checked,,,,,,,
asset_master,review,asset_field_change_candidate,,site_area,토지면적(㎡),site_area,0,,,Physical fields may be API-enriched. Review provenance before overwriting.,ast_31d5292aa061,A112116001,not_checked,,,,,,,
asset_master,review,asset_field_change_candidate,,business_stage,사업단계,business_stage,운영/실물,,,Review. Some address/physical fields may intentionally differ after geocode/API cleanup.,ast_a5d1e84522ed,A112117001,pending,,,,,,,
asset_master,review,asset_field_change_candidate,,portfolio_region,투자지역,portfolio_region,대한민국,,,Review. Some address/physical fields may intentionally differ after geocode/API cleanup.,ast_a5d1e84522ed,A112117001,pending,,,,,,,
asset_master,review,asset_field_change_candidate,,country_code,국내/해외,country_code,KR,,,Review. Some address/physical fields may intentionally differ after geocode/API cleanup.,ast_a5d1e84522ed,A112117001,pending,,,,,,,
asset_master,review,asset_field_change_candidate,,business_stage,사업단계,business_stage,운영/실물,,,Review. Some address/physical fields may intentionally differ after geocode/API cleanup.,ast_23c79539e93e,A112118001,found,BldRgstHubService.getBrTitleInfo,,,,,,
asset_master,review,asset_field_change_candidate,,portfolio_region,투자지역,portfolio_region,대한민국,,,Review. Some address/physical fields may intentionally differ after geocode/API cleanup.,ast_23c79539e93e,A112118001,found,BldRgstHubService.getBrTitleInfo,,,,,,
asset_master,review,asset_field_change_candidate,,country_code,국내/해외,country_code,KR,,,Review. Some address/physical fields may intentionally differ after geocode/API cleanup.,ast_23c79539e93e,A112118001,found,BldRgstHubService.getBrTitleInfo,,,,,,
asset_master,review,asset_field_change_candidate,,gross_floor_area,연면적(m²),gross_floor_area,,105492,,Physical fields may be API-enriched. Review provenance before overwriting.,ast_23c79539e93e,A112118001,found,BldRgstHubService.getBrTitleInfo,,,,,,
asset_master,review,asset_field_change_candidate,,site_area,토지면적(㎡),site_area,,11703,,Physical fields may be API-enriched. Review provenance before overwriting.,ast_23c79539e93e,A112118001,found,BldRgstHubService.getBrTitleInfo,,,,,,
asset_master,review,asset_field_change_candidate,,parking,주차대수,parking,,옥내 484 / 옥외 101,,Review. Some address/physical fields may intentionally differ after geocode/API cleanup.,ast_23c79539e93e,A112118001,found,BldRgstHubService.getBrTitleInfo,,,,,,
asset_master,review,asset_field_change_candidate,,business_stage,사업단계,business_stage,운영/실물,,,Review. Some address/physical fields may intentionally differ after geocode/API cleanup.,ast_30937d64ae67,A112124001,not_checked,,,,,,,
asset_master,review,asset_field_change_candidate,,portfolio_region,투자지역,portfolio_region,대한민국,,,Review. Some address/physical fields may intentionally differ after geocode/API cleanup.,ast_30937d64ae67,A112124001,not_checked,,,,,,,
asset_master,review,asset_field_change_candidate,,country_code,국내/해외,country_code,KR,,,Review. Some address/physical fields may intentionally differ after geocode/API cleanup.,ast_30937d64ae67,A112124001,not_checked,,,,,,,
asset_master,review,asset_field_change_candidate,,business_stage,사업단계,business_stage,운영/실물,,,Review. Some address/physical fields may intentionally differ after geocode/API cleanup.,ast_2ae45eda2604,A112125001,not_checked,,,,,,,
asset_master,review,asset_field_change_candidate,,portfolio_region,투자지역,portfolio_region,유럽,,,Review. Some address/physical fields may intentionally differ after geocode/API cleanup.,ast_2ae45eda2604,A112125001,not_checked,,,,,,,
asset_master,review,asset_field_change_candidate,,country_code,국내/해외,country_code,OVERSEAS,,,Review. Some address/physical fields may intentionally differ after geocode/API cleanup.,ast_2ae45eda2604,A112125001,not_checked,,,,,,,
asset_master,review,asset_field_change_candidate,,business_stage,사업단계,business_stage,운영/실물,,,Review. Some address/physical fields may intentionally differ after geocode/API cleanup.,ast_e45b98ccfc65,A112126001,not_checked,,,,,,,
asset_master,review,asset_field_change_candidate,,portfolio_region,투자지역,portfolio_region,대한민국,,,Review. Some address/physical fields may intentionally differ after geocode/API cleanup.,ast_e45b98ccfc65,A112126001,not_checked,,,,,,,
asset_master,review,asset_field_change_candidate,,business_stage,사업단계,business_stage,운영/실물,,,Review. Some address/physical fields may intentionally differ after geocode/API cleanup.,ast_3aee5443a745,A112127001,not_checked,,,,,,,
asset_master,review,asset_field_change_candidate,,portfolio_region,투자지역,portfolio_region,대한민국,,,Review. Some address/physical fields may intentionally differ after geocode/API cleanup.,ast_3aee5443a745,A112127001,not_checked,,,,,,,
asset_master,review,asset_field_change_candidate,,country_code,국내/해외,country_code,KR,,,Review. Some address/physical fields may intentionally differ after geocode/API cleanup.,ast_3aee5443a745,A112127001,not_checked,,,,,,,
asset_master,review,asset_field_change_candidate,,business_stage,사업단계,business_stage,운영/실물,,,Review. Some address/physical fields may intentionally differ after geocode/API cleanup.,ast_55e5cc352c17,A112131001,not_checked,,,,,,,
asset_master,review,asset_field_change_candidate,,portfolio_region,투자지역,portfolio_region,대한민국,,,Review. Some address/physical fields may intentionally differ after geocode/API cleanup.,ast_55e5cc352c17,A112131001,not_checked,,,,,,,
asset_master,review,asset_field_change_candidate,,country_code,국내/해외,country_code,KR,,,Review. Some address/physical fields may intentionally differ after geocode/API cleanup.,ast_55e5cc352c17,A112131001,not_checked,,,,,,,
asset_master,review,asset_field_change_candidate,,address_text,"전체주소(시/도, 구/군 포함)",address_text,전라북도 전주시 완산구 효자동1가 431-5 외 14필지,전북특별자치도 전주시 완산구 효자동1가 431-5,,Review. Some address/physical fields may intentionally differ after geocode/API cleanup.,ast_db8fd17c8890,A112132001,found,BldRgstHubService.getBrTitleInfo,,,,,,
asset_master,review,asset_field_change_candidate,,asset_type,기초자산,asset_type,리테일,,,Review. Some address/physical fields may intentionally differ after geocode/API cleanup.,ast_db8fd17c8890,A112132001,found,BldRgstHubService.getBrTitleInfo,,,,,,
asset_master,review,asset_field_change_candidate,,business_stage,사업단계,business_stage,운영/실물,,,Review. Some address/physical fields may intentionally differ after geocode/API cleanup.,ast_db8fd17c8890,A112132001,found,BldRgstHubService.getBrTitleInfo,,,,,,
asset_master,review,asset_field_change_candidate,,portfolio_region,투자지역,portfolio_region,대한민국,,,Review. Some address/physical fields may intentionally differ after geocode/API cleanup.,ast_db8fd17c8890,A112132001,found,BldRgstHubService.getBrTitleInfo,,,,,,
asset_master,review,asset_field_change_candidate,,site_area,토지면적(㎡),site_area,,9703,,Physical fields may be API-enriched. Review provenance before overwriting.,ast_db8fd17c8890,A112132001,found,BldRgstHubService.getBrTitleInfo,,,,,,
asset_master,review,asset_field_change_candidate,,parking,주차대수,parking,,옥내 677 / 옥외 0,,Review. Some address/physical fields may intentionally differ after geocode/API cleanup.,ast_db8fd17c8890,A112132001,found,BldRgstHubService.getBrTitleInfo,,,,,,
asset_master,review,asset_field_change_candidate,,portfolio_region,투자지역,portfolio_region,글로벌,,,Review. Some address/physical fields may intentionally differ after geocode/API cleanup.,ast_307e1f83e0d2,A112135001,not_checked,,,,,,,
asset_master,review,asset_field_change_candidate,,country_code,국내/해외,country_code,OVERSEAS,,,Review. Some address/physical fields may intentionally differ after geocode/API cleanup.,ast_307e1f83e0d2,A112135001,not_checked,,,,,,,
asset_master,review,asset_field_change_candidate,,canonical_name,자산(건물)명,canonical_name,광명 역세권지구 복합시설 신축,광명 역세권지구 복합시설 신축 (투자),,Review. Some address/physical fields may intentionally differ after geocode/API cleanup.,ast_5eda17cd5cf3,A112136001,found,BldRgstHubService.getBrTitleInfo,,,,,,
asset_master,review,asset_field_change_candidate,,asset_type,기초자산,asset_type,호텔,,,Review. Some address/physical fields may intentionally differ after geocode/API cleanup.,ast_5eda17cd5cf3,A112136001,found,BldRgstHubService.getBrTitleInfo,,,,,,
asset_master,review,asset_field_change_candidate,,business_stage,사업단계,business_stage,운영/실물,,,Review. Some address/physical fields may intentionally differ after geocode/API cleanup.,ast_5eda17cd5cf3,A112136001,found,BldRgstHubService.getBrTitleInfo,,,,,,
asset_master,review,asset_field_change_candidate,,portfolio_region,투자지역,portfolio_region,대한민국,,,Review. Some address/physical fields may intentionally differ after geocode/API cleanup.,ast_5eda17cd5cf3,A112136001,found,BldRgstHubService.getBrTitleInfo,,,,,,
asset_master,review,asset_field_change_candidate,,gross_floor_area,연면적(m²),gross_floor_area,,21739,,Physical fields may be API-enriched. Review provenance before overwriting.,ast_5eda17cd5cf3,A112136001,found,BldRgstHubService.getBrTitleInfo,,,,,,
asset_master,review,asset_field_change_candidate,,site_area,토지면적(㎡),site_area,,2090,,Physical fields may be API-enriched. Review provenance before overwriting.,ast_5eda17cd5cf3,A112136001,found,BldRgstHubService.getBrTitleInfo,,,,,,
asset_master,review,asset_field_change_candidate,,parking,주차대수,parking,,옥내 125 / 옥외 0,,Review. Some address/physical fields may intentionally differ after geocode/API cleanup.,ast_5eda17cd5cf3,A112136001,found,BldRgstHubService.getBrTitleInfo,,,,,,
asset_master,review,asset_field_change_candidate,,business_stage,사업단계,business_stage,운영/실물,,,Review. Some address/physical fields may intentionally differ after geocode/API cleanup.,ast_3e58fbce109d,A112138001,not_checked,,,,,,,
asset_master,review,asset_field_change_candidate,,portfolio_region,투자지역,portfolio_region,아시아,,,Review. Some address/physical fields may intentionally differ after geocode/API cleanup.,ast_3e58fbce109d,A112138001,not_checked,,,,,,,
asset_master,review,asset_field_change_candidate,,country_code,국내/해외,country_code,OVERSEAS,,,Review. Some address/physical fields may intentionally differ after geocode/API cleanup.,ast_3e58fbce109d,A112138001,not_checked,,,,,,,
asset_master,review,asset_field_change_candidate,,business_stage,사업단계,business_stage,운영/실물,,,Review. Some address/physical fields may intentionally differ after geocode/API cleanup.,ast_15f689589eb3,A112139001,found,BldRgstHubService.getBrTitleInfo,,,,,,
asset_master,review,asset_field_change_candidate,,portfolio_region,투자지역,portfolio_region,대한민국,,,Review. Some address/physical fields may intentionally differ after geocode/API cleanup.,ast_15f689589eb3,A112139001,found,BldRgstHubService.getBrTitleInfo,,,,,,
asset_master,review,asset_field_change_candidate,,country_code,국내/해외,country_code,KR,,,Review. Some address/physical fields may intentionally differ after geocode/API cleanup.,ast_15f689589eb3,A112139001,found,BldRgstHubService.getBrTitleInfo,,,,,,
asset_master,review,asset_field_change_candidate,,site_area,토지면적(㎡),site_area,,6938,,Physical fields may be API-enriched. Review provenance before overwriting.,ast_15f689589eb3,A112139001,found,BldRgstHubService.getBrTitleInfo,,,,,,
asset_master,review,asset_field_change_candidate,,parking,주차대수,parking,,옥내 436 / 옥외 0,,Review. Some address/physical fields may intentionally differ after geocode/API cleanup.,ast_15f689589eb3,A112139001,found,BldRgstHubService.getBrTitleInfo,,,,,,
asset_master,review,asset_field_change_candidate,,business_stage,사업단계,business_stage,운영/실물,,,Review. Some address/physical fields may intentionally differ after geocode/API cleanup.,ast_02870a4cfd6e,A112140001,found,BldRgstHubService.getBrTitleInfo,,,,,,
asset_master,review,asset_field_change_candidate,,portfolio_region,투자지역,portfolio_region,대한민국,,,Review. Some address/physical fields may intentionally differ after geocode/API cleanup.,ast_02870a4cfd6e,A112140001,found,BldRgstHubService.getBrTitleInfo,,,,,,
asset_master,review,asset_field_change_candidate,,country_code,국내/해외,country_code,KR,,,Review. Some address/physical fields may intentionally differ after geocode/API cleanup.,ast_02870a4cfd6e,A112140001,found,BldRgstHubService.getBrTitleInfo,,,,,,
asset_master,review,asset_field_change_candidate,,gross_floor_area,연면적(m²),gross_floor_area,,99997,,Physical fields may be API-enriched. Review provenance before overwriting.,ast_02870a4cfd6e,A112140001,found,BldRgstHubService.getBrTitleInfo,,,,,,
asset_master,review,asset_field_change_candidate,,site_area,토지면적(㎡),site_area,,6938,,Physical fields may be API-enriched. Review provenance before overwriting.,ast_02870a4cfd6e,A112140001,found,BldRgstHubService.getBrTitleInfo,,,,,,
asset_master,review,asset_field_change_candidate,,completion_date,준공(예정)일,completion_date,,2011-06-29,,Review. Some address/physical fields may intentionally differ after geocode/API cleanup.,ast_02870a4cfd6e,A112140001,found,BldRgstHubService.getBrTitleInfo,,,,,,
asset_master,review,asset_field_change_candidate,,parking,주차대수,parking,,옥내 436 / 옥외 0,,Review. Some address/physical fields may intentionally differ after geocode/API cleanup.,ast_02870a4cfd6e,A112140001,found,BldRgstHubService.getBrTitleInfo,,,,,,
asset_master,review,asset_field_change_candidate,,portfolio_region,투자지역,portfolio_region,대한민국,,,Review. Some address/physical fields may intentionally differ after geocode/API cleanup.,ast_6a798e5e30ee,A112142001,not_checked,,,,,,,
asset_master,review,asset_field_change_candidate,,country_code,국내/해외,country_code,KR,,,Review. Some address/physical fields may intentionally differ after geocode/API cleanup.,ast_6a798e5e30ee,A112142001,not_checked,,,,,,,
asset_master,review,asset_field_change_candidate,,business_stage,사업단계,business_stage,운영/실물,,,Review. Some address/physical fields may intentionally differ after geocode/API cleanup.,ast_4409771035d2,A112143001,not_checked,,,,,,,
asset_master,review,asset_field_change_candidate,,portfolio_region,투자지역,portfolio_region,글로벌,,,Review. Some address/physical fields may intentionally differ after geocode/API cleanup.,ast_4409771035d2,A112143001,not_checked,,,,,,,
asset_master,review,asset_field_change_candidate,,country_code,국내/해외,country_code,OVERSEAS,,,Review. Some address/physical fields may intentionally differ after geocode/API cleanup.,ast_4409771035d2,A112143001,not_checked,,,,,,,
asset_master,review,asset_field_change_candidate,,business_stage,사업단계,business_stage,운영/실물,,,Review. Some address/physical fields may intentionally differ after geocode/API cleanup.,ast_7e9acc299d06,A112144001,found,BldRgstHubService.getBrTitleInfo,,,,,,
asset_master,review,asset_field_change_candidate,,portfolio_region,투자지역,portfolio_region,대한민국,,,Review. Some address/physical fields may intentionally differ after geocode/API cleanup.,ast_7e9acc299d06,A112144001,found,BldRgstHubService.getBrTitleInfo,,,,,,
asset_master,review,asset_field_change_candidate,,country_code,국내/해외,country_code,KR,,,Review. Some address/physical fields may intentionally differ after geocode/API cleanup.,ast_7e9acc299d06,A112144001,found,BldRgstHubService.getBrTitleInfo,,,,,,
asset_master,review,asset_field_change_candidate,,site_area,토지면적(㎡),site_area,,1691,,Physical fields may be API-enriched. Review provenance before overwriting.,ast_7e9acc299d06,A112144001,found,BldRgstHubService.getBrTitleInfo,,,,,,
asset_master,review,asset_field_change_candidate,,parking,주차대수,parking,,옥내 200 / 옥외 3,,Review. Some address/physical fields may intentionally differ after geocode/API cleanup.,ast_7e9acc299d06,A112144001,found,BldRgstHubService.getBrTitleInfo,,,,,,
asset_master,review,asset_field_change_candidate,,business_stage,사업단계,business_stage,운영/실물,,,Review. Some address/physical fields may intentionally differ after geocode/API cleanup.,ast_89a1de3b387b,A112147001,not_checked,,,,,,,
asset_master,review,asset_field_change_candidate,,portfolio_region,투자지역,portfolio_region,북미,,,Review. Some address/physical fields may intentionally differ after geocode/API cleanup.,ast_89a1de3b387b,A112147001,not_checked,,,,,,,
asset_master,review,asset_field_change_candidate,,country_code,국내/해외,country_code,OVERSEAS,,,Review. Some address/physical fields may intentionally differ after geocode/API cleanup.,ast_89a1de3b387b,A112147001,not_checked,,,,,,,
asset_master,review,asset_field_change_candidate,,canonical_name,자산(건물)명,canonical_name,판교 알파돔시티 비즈니스호텔,판교 알파돔시티 비즈니스호텔 (투자),,Review. Some address/physical fields may intentionally differ after geocode/API cleanup.,ast_eb058774b3aa,A112148001,found,BldRgstHubService.getBrTitleInfo,,,,,,
asset_master,review,asset_field_change_candidate,,asset_type,기초자산,asset_type,호텔,,,Review. Some address/physical fields may intentionally differ after geocode/API cleanup.,ast_eb058774b3aa,A112148001,found,BldRgstHubService.getBrTitleInfo,,,,,,
asset_master,review,asset_field_change_candidate,,business_stage,사업단계,business_stage,운영/실물,,,Review. Some address/physical fields may intentionally differ after geocode/API cleanup.,ast_eb058774b3aa,A112148001,found,BldRgstHubService.getBrTitleInfo,,,,,,
asset_master,review,asset_field_change_candidate,,portfolio_region,투자지역,portfolio_region,대한민국,,,Review. Some address/physical fields may intentionally differ after geocode/API cleanup.,ast_eb058774b3aa,A112148001,found,BldRgstHubService.getBrTitleInfo,,,,,,
asset_master,review,asset_field_change_candidate,,site_area,토지면적(㎡),site_area,,2996,,Physical fields may be API-enriched. Review provenance before overwriting.,ast_eb058774b3aa,A112148001,found,BldRgstHubService.getBrTitleInfo,,,,,,
asset_master,review,asset_field_change_candidate,,parking,주차대수,parking,,옥내 752 / 옥외 0,,Review. Some address/physical fields may intentionally differ after geocode/API cleanup.,ast_eb058774b3aa,A112148001,found,BldRgstHubService.getBrTitleInfo,,,,,,
asset_master,review,asset_field_change_candidate,,address_text,"전체주소(시/도, 구/군 포함)",address_text,인천광역시 부평구 열우물로 90,십정동 630,,Review. Some address/physical fields may intentionally differ after geocode/API cleanup.,ast_b5b13984b5c2,A112149001,found,BldRgstHubService.getBrTitleInfo,,,,,,
asset_master,review,asset_field_change_candidate,,business_stage,사업단계,business_stage,운영/실물,,,Review. Some address/physical fields may intentionally differ after geocode/API cleanup.,ast_b5b13984b5c2,A112149001,found,BldRgstHubService.getBrTitleInfo,,,,,,
asset_master,review,asset_field_change_candidate,,portfolio_region,투자지역,portfolio_region,대한민국,,,Review. Some address/physical fields may intentionally differ after geocode/API cleanup.,ast_b5b13984b5c2,A112149001,found,BldRgstHubService.getBrTitleInfo,,,,,,
asset_master,review,asset_field_change_candidate,,site_area,토지면적(㎡),site_area,,161812,,Physical fields may be API-enriched. Review provenance before overwriting.,ast_b5b13984b5c2,A112149001,found,BldRgstHubService.getBrTitleInfo,,,,,,
asset_master,review,asset_field_change_candidate,,parking,주차대수,parking,,옥내 0 / 옥외 0,,Review. Some address/physical fields may intentionally differ after geocode/API cleanup.,ast_b5b13984b5c2,A112149001,found,BldRgstHubService.getBrTitleInfo,,,,,,
asset_master,review,asset_field_change_candidate,,business_stage,사업단계,business_stage,운영/실물,,,Review. Some address/physical fields may intentionally differ after geocode/API cleanup.,ast_00df26953973,A112150001,not_checked,,,,,,,
asset_master,review,asset_field_change_candidate,,portfolio_region,투자지역,portfolio_region,북미,,,Review. Some address/physical fields may intentionally differ after geocode/API cleanup.,ast_00df26953973,A112150001,not_checked,,,,,,,
asset_master,review,asset_field_change_candidate,,country_code,국내/해외,country_code,OVERSEAS,,,Review. Some address/physical fields may intentionally differ after geocode/API cleanup.,ast_00df26953973,A112150001,not_checked,,,,,,,
asset_master,review,asset_field_change_candidate,,business_stage,사업단계,business_stage,운영/실물,,,Review. Some address/physical fields may intentionally differ after geocode/API cleanup.,ast_5f1f6f6aa534,A112152001,not_checked,,,,,,,
asset_master,review,asset_field_change_candidate,,portfolio_region,투자지역,portfolio_region,대한민국,,,Review. Some address/physical fields may intentionally differ after geocode/API cleanup.,ast_5f1f6f6aa534,A112152001,not_checked,,,,,,,
asset_master,review,asset_field_change_candidate,,country_code,국내/해외,country_code,KR,,,Review. Some address/physical fields may intentionally differ after geocode/API cleanup.,ast_5f1f6f6aa534,A112152001,not_checked,,,,,,,
asset_master,review,asset_field_change_candidate,,address_text,"전체주소(시/도, 구/군 포함)",address_text,서울특별시 강남구 신사동 545-18 외 1필지,서울특별시 강남구 신사동 545-18,,Review. Some address/physical fields may intentionally differ after geocode/API cleanup.,ast_9a70bf0b0afd,A112153001,found,BldRgstHubService.getBrTitleInfo,,,,,,
asset_master,review,asset_field_change_candidate,,asset_type,기초자산,asset_type,리테일,,,Review. Some address/physical fields may intentionally differ after geocode/API cleanup.,ast_9a70bf0b0afd,A112153001,found,BldRgstHubService.getBrTitleInfo,,,,,,
asset_master,review,asset_field_change_candidate,,business_stage,사업단계,business_stage,운영/실물,,,Review. Some address/physical fields may intentionally differ after geocode/API cleanup.,ast_9a70bf0b0afd,A112153001,found,BldRgstHubService.getBrTitleInfo,,,,,,
asset_master,review,asset_field_change_candidate,,portfolio_region,투자지역,portfolio_region,대한민국,,,Review. Some address/physical fields may intentionally differ after geocode/API cleanup.,ast_9a70bf0b0afd,A112153001,found,BldRgstHubService.getBrTitleInfo,,,,,,
asset_master,review,asset_field_change_candidate,,site_area,토지면적(㎡),site_area,,726,,Physical fields may be API-enriched. Review provenance before overwriting.,ast_9a70bf0b0afd,A112153001,found,BldRgstHubService.getBrTitleInfo,,,,,,
asset_master,review,asset_field_change_candidate,,parking,주차대수,parking,,옥내 0 / 옥외 1,,Review. Some address/physical fields may intentionally differ after geocode/API cleanup.,ast_9a70bf0b0afd,A112153001,found,BldRgstHubService.getBrTitleInfo,,,,,,
asset_master,review,asset_field_change_candidate,,business_stage,사업단계,business_stage,운영/실물,,,Review. Some address/physical fields may intentionally differ after geocode/API cleanup.,ast_2769c1d0b916,A112154001,not_checked,,,,,,,
asset_master,review,asset_field_change_candidate,,portfolio_region,투자지역,portfolio_region,대한민국,,,Review. Some address/physical fields may intentionally differ after geocode/API cleanup.,ast_2769c1d0b916,A112154001,not_checked,,,,,,,
asset_master,review,asset_field_change_candidate,,country_code,국내/해외,country_code,KR,,,Review. Some address/physical fields may intentionally differ after geocode/API cleanup.,ast_2769c1d0b916,A112154001,not_checked,,,,,,,
asset_master,review,asset_field_change_candidate,,business_stage,사업단계,business_stage,운영/실물,,,Review. Some address/physical fields may intentionally differ after geocode/API cleanup.,ast_25028177c0ce,A112154002,found,BldRgstHubService.getBrTitleInfo,,,,,,
asset_master,review,asset_field_change_candidate,,portfolio_region,투자지역,portfolio_region,대한민국,,,Review. Some address/physical fields may intentionally differ after geocode/API cleanup.,ast_25028177c0ce,A112154002,found,BldRgstHubService.getBrTitleInfo,,,,,,
asset_master,review,asset_field_change_candidate,,country_code,국내/해외,country_code,KR,,,Review. Some address/physical fields may intentionally differ after geocode/API cleanup.,ast_25028177c0ce,A112154002,found,BldRgstHubService.getBrTitleInfo,,,,,,
asset_master,review,asset_field_change_candidate,,gross_floor_area,연면적(m²),gross_floor_area,,8544,,Physical fields may be API-enriched. Review provenance before overwriting.,ast_25028177c0ce,A112154002,found,BldRgstHubService.getBrTitleInfo,,,,,,
asset_master,review,asset_field_change_candidate,,site_area,토지면적(㎡),site_area,,906,,Physical fields may be API-enriched. Review provenance before overwriting.,ast_25028177c0ce,A112154002,found,BldRgstHubService.getBrTitleInfo,,,,,,
asset_master,review,asset_field_change_candidate,,parking,주차대수,parking,,옥내 0 / 옥외 132,,Review. Some address/physical fields may intentionally differ after geocode/API cleanup.,ast_25028177c0ce,A112154002,found,BldRgstHubService.getBrTitleInfo,,,,,,
asset_master,review,asset_field_change_candidate,,business_stage,사업단계,business_stage,운영/실물,,,Review. Some address/physical fields may intentionally differ after geocode/API cleanup.,ast_2ca6ba796227,A112157001,not_checked,,,,,,,
asset_master,review,asset_field_change_candidate,,portfolio_region,투자지역,portfolio_region,대한민국,,,Review. Some address/physical fields may intentionally differ after geocode/API cleanup.,ast_2ca6ba796227,A112157001,not_checked,,,,,,,
asset_master,review,asset_field_change_candidate,,country_code,국내/해외,country_code,KR,,,Review. Some address/physical fields may intentionally differ after geocode/API cleanup.,ast_2ca6ba796227,A112157001,not_checked,,,,,,,
asset_master,review,asset_field_change_candidate,,business_stage,사업단계,business_stage,운영/실물,,,Review. Some address/physical fields may intentionally differ after geocode/API cleanup.,ast_b439b42b3d44,A112158001,not_checked,,,,,,,
asset_master,review,asset_field_change_candidate,,portfolio_region,투자지역,portfolio_region,아시아,,,Review. Some address/physical fields may intentionally differ after geocode/API cleanup.,ast_b439b42b3d44,A112158001,not_checked,,,,,,,
asset_master,review,asset_field_change_candidate,,country_code,국내/해외,country_code,OVERSEAS,,,Review. Some address/physical fields may intentionally differ after geocode/API cleanup.,ast_b439b42b3d44,A112158001,not_checked,,,,,,,
asset_master,review,asset_field_change_candidate,,business_stage,사업단계,business_stage,운영/실물,,,Review. Some address/physical fields may intentionally differ after geocode/API cleanup.,ast_4b71eb552741,A112159001,not_checked,,,,,,,
asset_master,review,asset_field_change_candidate,,portfolio_region,투자지역,portfolio_region,대한민국,,,Review. Some address/physical fields may intentionally differ after geocode/API cleanup.,ast_4b71eb552741,A112159001,not_checked,,,,,,,
asset_master,review,asset_field_change_candidate,,country_code,국내/해외,country_code,KR,,,Review. Some address/physical fields may intentionally differ after geocode/API cleanup.,ast_4b71eb552741,A112159001,not_checked,,,,,,,
asset_master,review,asset_field_change_candidate,,business_stage,사업단계,business_stage,운영/실물,,,Review. Some address/physical fields may intentionally differ after geocode/API cleanup.,ast_9855c32af978,A112160001,found,BldRgstHubService.getBrTitleInfo,,,,,,
asset_master,review,asset_field_change_candidate,,portfolio_region,투자지역,portfolio_region,대한민국,,,Review. Some address/physical fields may intentionally differ after geocode/API cleanup.,ast_9855c32af978,A112160001,found,BldRgstHubService.getBrTitleInfo,,,,,,
asset_master,review,asset_field_change_candidate,,country_code,국내/해외,country_code,KR,,,Review. Some address/physical fields may intentionally differ after geocode/API cleanup.,ast_9855c32af978,A112160001,found,BldRgstHubService.getBrTitleInfo,,,,,,
asset_master,review,asset_field_change_candidate,,site_area,토지면적(㎡),site_area,,8247,,Physical fields may be API-enriched. Review provenance before overwriting.,ast_9855c32af978,A112160001,found,BldRgstHubService.getBrTitleInfo,,,,,,
asset_master,review,asset_field_change_candidate,,parking,주차대수,parking,,옥내 273 / 옥외 14,,Review. Some address/physical fields may intentionally differ after geocode/API cleanup.,ast_9855c32af978,A112160001,found,BldRgstHubService.getBrTitleInfo,,,,,,
asset_master,review,asset_field_change_candidate,,business_stage,사업단계,business_stage,운영/실물,,,Review. Some address/physical fields may intentionally differ after geocode/API cleanup.,ast_36740c106490,A112161001,not_checked,,,,,,,
asset_master,review,asset_field_change_candidate,,portfolio_region,투자지역,portfolio_region,대한민국,,,Review. Some address/physical fields may intentionally differ after geocode/API cleanup.,ast_36740c106490,A112161001,not_checked,,,,,,,
asset_master,review,asset_field_change_candidate,,business_stage,사업단계,business_stage,운영/실물,,,Review. Some address/physical fields may intentionally differ after geocode/API cleanup.,ast_f9fbc117a7ce,A112162001,not_checked,,,,,,,
asset_master,review,asset_field_change_candidate,,portfolio_region,투자지역,portfolio_region,북미,,,Review. Some address/physical fields may intentionally differ after geocode/API cleanup.,ast_f9fbc117a7ce,A112162001,not_checked,,,,,,,
asset_master,review,asset_field_change_candidate,,country_code,국내/해외,country_code,OVERSEAS,,,Review. Some address/physical fields may intentionally differ after geocode/API cleanup.,ast_f9fbc117a7ce,A112162001,not_checked,,,,,,,
asset_master,review,asset_field_change_candidate,,canonical_name,자산(건물)명,canonical_name,부산 수영구 광안동 98-1외 7필지 오피스텔 PF대출,부산 수영구 광안동 98-1외 7필지 오피스텔 PF,,Review. Some address/physical fields may intentionally differ after geocode/API cleanup.,ast_25e1a4cc6c6f,A112163001,found,BldRgstHubService.getBrTitleInfo,,,,,,
asset_master,review,asset_field_change_candidate,,address_text,"전체주소(시/도, 구/군 포함)",address_text,부산광역시 수영구 광안동 98-1 외 6필지,부산광역시 수영구 광안동 98-1,,Review. Some address/physical fields may intentionally differ after geocode/API cleanup.,ast_25e1a4cc6c6f,A112163001,found,BldRgstHubService.getBrTitleInfo,,,,,,
asset_master,review,asset_field_change_candidate,,asset_type,기초자산,asset_type,주거,,,Review. Some address/physical fields may intentionally differ after geocode/API cleanup.,ast_25e1a4cc6c6f,A112163001,found,BldRgstHubService.getBrTitleInfo,,,,,,
asset_master,review,asset_field_change_candidate,,business_stage,사업단계,business_stage,운영/실물,,,Review. Some address/physical fields may intentionally differ after geocode/API cleanup.,ast_25e1a4cc6c6f,A112163001,found,BldRgstHubService.getBrTitleInfo,,,,,,
asset_master,review,asset_field_change_candidate,,portfolio_region,투자지역,portfolio_region,대한민국,,,Review. Some address/physical fields may intentionally differ after geocode/API cleanup.,ast_25e1a4cc6c6f,A112163001,found,BldRgstHubService.getBrTitleInfo,,,,,,
asset_master,review,asset_field_change_candidate,,gross_floor_area,연면적(m²),gross_floor_area,,32799,,Physical fields may be API-enriched. Review provenance before overwriting.,ast_25e1a4cc6c6f,A112163001,found,BldRgstHubService.getBrTitleInfo,,,,,,
asset_master,review,asset_field_change_candidate,,site_area,토지면적(㎡),site_area,,2127,,Physical fields may be API-enriched. Review provenance before overwriting.,ast_25e1a4cc6c6f,A112163001,found,BldRgstHubService.getBrTitleInfo,,,,,,
asset_master,review,asset_field_change_candidate,,parking,주차대수,parking,,옥내 148 / 옥외 0,,Review. Some address/physical fields may intentionally differ after geocode/API cleanup.,ast_25e1a4cc6c6f,A112163001,found,BldRgstHubService.getBrTitleInfo,,,,,,
asset_master,review,asset_field_change_candidate,,business_stage,사업단계,business_stage,운영/실물,,,Review. Some address/physical fields may intentionally differ after geocode/API cleanup.,ast_a08672efd868,A112163002,not_checked,,,,,,,
asset_master,review,asset_field_change_candidate,,portfolio_region,투자지역,portfolio_region,대한민국,,,Review. Some address/physical fields may intentionally differ after geocode/API cleanup.,ast_a08672efd868,A112163002,not_checked,,,,,,,
asset_master,review,asset_field_change_candidate,,country_code,국내/해외,country_code,KR,,,Review. Some address/physical fields may intentionally differ after geocode/API cleanup.,ast_a08672efd868,A112163002,not_checked,,,,,,,
asset_master,review,asset_field_change_candidate,,business_stage,사업단계,business_stage,운영/실물,,,Review. Some address/physical fields may intentionally differ after geocode/API cleanup.,ast_225077ef8c95,A112164001,not_checked,,,,,,,
asset_master,review,asset_field_change_candidate,,portfolio_region,투자지역,portfolio_region,북미,,,Review. Some address/physical fields may intentionally differ after geocode/API cleanup.,ast_225077ef8c95,A112164001,not_checked,,,,,,,
asset_master,review,asset_field_change_candidate,,country_code,국내/해외,country_code,OVERSEAS,,,Review. Some address/physical fields may intentionally differ after geocode/API cleanup.,ast_225077ef8c95,A112164001,not_checked,,,,,,,
asset_master,review,asset_field_change_candidate,,business_stage,사업단계,business_stage,운영/실물,,,Review. Some address/physical fields may intentionally differ after geocode/API cleanup.,ast_6943582c5ffa,A112165001,found,BldRgstHubService.getBrTitleInfo,,,,,,
asset_master,review,asset_field_change_candidate,,portfolio_region,투자지역,portfolio_region,대한민국,,,Review. Some address/physical fields may intentionally differ after geocode/API cleanup.,ast_6943582c5ffa,A112165001,found,BldRgstHubService.getBrTitleInfo,,,,,,
asset_master,review,asset_field_change_candidate,,site_area,토지면적(㎡),site_area,,496,,Physical fields may be API-enriched. Review provenance before overwriting.,ast_6943582c5ffa,A112165001,found,BldRgstHubService.getBrTitleInfo,,,,,,
asset_master,review,asset_field_change_candidate,,business_stage,사업단계,business_stage,운영/실물,,,Review. Some address/physical fields may intentionally differ after geocode/API cleanup.,ast_73f09d84ccfa,A112166001,not_checked,,,,,,,
asset_master,review,asset_field_change_candidate,,portfolio_region,투자지역,portfolio_region,대한민국,,,Review. Some address/physical fields may intentionally differ after geocode/API cleanup.,ast_73f09d84ccfa,A112166001,not_checked,,,,,,,
asset_master,review,asset_field_change_candidate,,business_stage,사업단계,business_stage,운영/실물,,,Review. Some address/physical fields may intentionally differ after geocode/API cleanup.,ast_cb61fdbd9aa4,A112170001,not_checked,,,,,,,
asset_master,review,asset_field_change_candidate,,portfolio_region,투자지역,portfolio_region,아시아,,,Review. Some address/physical fields may intentionally differ after geocode/API cleanup.,ast_cb61fdbd9aa4,A112170001,not_checked,,,,,,,
asset_master,review,asset_field_change_candidate,,country_code,국내/해외,country_code,OVERSEAS,,,Review. Some address/physical fields may intentionally differ after geocode/API cleanup.,ast_cb61fdbd9aa4,A112170001,not_checked,,,,,,,
asset_master,review,asset_field_change_candidate,,business_stage,사업단계,business_stage,운영/실물,,,Review. Some address/physical fields may intentionally differ after geocode/API cleanup.,ast_15470fbdefbf,A112173001,not_checked,,,,,,,
asset_master,review,asset_field_change_candidate,,portfolio_region,투자지역,portfolio_region,유럽,,,Review. Some address/physical fields may intentionally differ after geocode/API cleanup.,ast_15470fbdefbf,A112173001,not_checked,,,,,,,
asset_master,review,asset_field_change_candidate,,country_code,국내/해외,country_code,OVERSEAS,,,Review. Some address/physical fields may intentionally differ after geocode/API cleanup.,ast_15470fbdefbf,A112173001,not_checked,,,,,,,
asset_master,review,asset_field_change_candidate,,business_stage,사업단계,business_stage,운영/실물,,,Review. Some address/physical fields may intentionally differ after geocode/API cleanup.,ast_0d9b6bc27220,A112174001,not_checked,,,,,,,
asset_master,review,asset_field_change_candidate,,portfolio_region,투자지역,portfolio_region,북미,,,Review. Some address/physical fields may intentionally differ after geocode/API cleanup.,ast_0d9b6bc27220,A112174001,not_checked,,,,,,,
asset_master,review,asset_field_change_candidate,,country_code,국내/해외,country_code,OVERSEAS,,,Review. Some address/physical fields may intentionally differ after geocode/API cleanup.,ast_0d9b6bc27220,A112174001,not_checked,,,,,,,
asset_master,review,asset_field_change_candidate,,business_stage,사업단계,business_stage,운영/실물,,,Review. Some address/physical fields may intentionally differ after geocode/API cleanup.,ast_14eb09ddf188,A112175001,not_checked,,,,,,,
asset_master,review,asset_field_change_candidate,,portfolio_region,투자지역,portfolio_region,대한민국,,,Review. Some address/physical fields may intentionally differ after geocode/API cleanup.,ast_14eb09ddf188,A112175001,not_checked,,,,,,,
asset_master,review,asset_field_change_candidate,,country_code,국내/해외,country_code,KR,,,Review. Some address/physical fields may intentionally differ after geocode/API cleanup.,ast_14eb09ddf188,A112175001,not_checked,,,,,,,
asset_master,review,asset_field_change_candidate,,business_stage,사업단계,business_stage,운영/실물,,,Review. Some address/physical fields may intentionally differ after geocode/API cleanup.,ast_8a2bc4422178,A112180001,not_checked,,,,,,,
asset_master,review,asset_field_change_candidate,,portfolio_region,투자지역,portfolio_region,북미,,,Review. Some address/physical fields may intentionally differ after geocode/API cleanup.,ast_8a2bc4422178,A112180001,not_checked,,,,,,,
asset_master,review,asset_field_change_candidate,,country_code,국내/해외,country_code,OVERSEAS,,,Review. Some address/physical fields may intentionally differ after geocode/API cleanup.,ast_8a2bc4422178,A112180001,not_checked,,,,,,,
asset_master,review,asset_field_change_candidate,,business_stage,사업단계,business_stage,운영/실물,,,Review. Some address/physical fields may intentionally differ after geocode/API cleanup.,ast_7ff7300b8ef6,A112182001,not_checked,,,,,,,
asset_master,review,asset_field_change_candidate,,portfolio_region,투자지역,portfolio_region,유럽,,,Review. Some address/physical fields may intentionally differ after geocode/API cleanup.,ast_7ff7300b8ef6,A112182001,not_checked,,,,,,,
asset_master,review,asset_field_change_candidate,,country_code,국내/해외,country_code,OVERSEAS,,,Review. Some address/physical fields may intentionally differ after geocode/API cleanup.,ast_7ff7300b8ef6,A112182001,not_checked,,,,,,,
asset_master,review,asset_field_change_candidate,,business_stage,사업단계,business_stage,운영/실물,,,Review. Some address/physical fields may intentionally differ after geocode/API cleanup.,ast_1b445b832a9b,A112183001,not_checked,,,,,,,
asset_master,review,asset_field_change_candidate,,portfolio_region,투자지역,portfolio_region,북미,,,Review. Some address/physical fields may intentionally differ after geocode/API cleanup.,ast_1b445b832a9b,A112183001,not_checked,,,,,,,
asset_master,review,asset_field_change_candidate,,country_code,국내/해외,country_code,OVERSEAS,,,Review. Some address/physical fields may intentionally differ after geocode/API cleanup.,ast_1b445b832a9b,A112183001,not_checked,,,,,,,
asset_master,review,asset_field_change_candidate,,canonical_name,자산(건물)명,canonical_name,남동테크노타워 지식산업센터 개발사업 PF대출,남동테크노타워 지식산업센터 개발사업 PF,,Review. Some address/physical fields may intentionally differ after geocode/API cleanup.,ast_ed6a011723e2,A112184001,found,BldRgstHubService.getBrTitleInfo,,,,,,
asset_master,review,asset_field_change_candidate,,asset_type,기초자산,asset_type,오피스,,,Review. Some address/physical fields may intentionally differ after geocode/API cleanup.,ast_ed6a011723e2,A112184001,found,BldRgstHubService.getBrTitleInfo,,,,,,
asset_master,review,asset_field_change_candidate,,business_stage,사업단계,business_stage,운영/실물,,,Review. Some address/physical fields may intentionally differ after geocode/API cleanup.,ast_ed6a011723e2,A112184001,found,BldRgstHubService.getBrTitleInfo,,,,,,
asset_master,review,asset_field_change_candidate,,portfolio_region,투자지역,portfolio_region,대한민국,,,Review. Some address/physical fields may intentionally differ after geocode/API cleanup.,ast_ed6a011723e2,A112184001,found,BldRgstHubService.getBrTitleInfo,,,,,,
asset_master,review,asset_field_change_candidate,,gross_floor_area,연면적(m²),gross_floor_area,,39881,,Physical fields may be API-enriched. Review provenance before overwriting.,ast_ed6a011723e2,A112184001,found,BldRgstHubService.getBrTitleInfo,,,,,,
asset_master,review,asset_field_change_candidate,,site_area,토지면적(㎡),site_area,,5056,,Physical fields may be API-enriched. Review provenance before overwriting.,ast_ed6a011723e2,A112184001,found,BldRgstHubService.getBrTitleInfo,,,,,,
asset_master,review,asset_field_change_candidate,,parking,주차대수,parking,,옥내 234 / 옥외 0,,Review. Some address/physical fields may intentionally differ after geocode/API cleanup.,ast_ed6a011723e2,A112184001,found,BldRgstHubService.getBrTitleInfo,,,,,,
asset_master,review,asset_field_change_candidate,,canonical_name,자산(건물)명,canonical_name,와이플러스빌딩,와이플러스빌딩 (투자),,Review. Some address/physical fields may intentionally differ after geocode/API cleanup.,ast_3e8fec277620,A112185001,found,BldRgstHubService.getBrTitleInfo,,,,,,
asset_master,review,asset_field_change_candidate,,asset_type,기초자산,asset_type,리테일,,,Review. Some address/physical fields may intentionally differ after geocode/API cleanup.,ast_3e8fec277620,A112185001,found,BldRgstHubService.getBrTitleInfo,,,,,,
asset_master,review,asset_field_change_candidate,,business_stage,사업단계,business_stage,운영/실물,,,Review. Some address/physical fields may intentionally differ after geocode/API cleanup.,ast_3e8fec277620,A112185001,found,BldRgstHubService.getBrTitleInfo,,,,,,
asset_master,review,asset_field_change_candidate,,portfolio_region,투자지역,portfolio_region,대한민국,,,Review. Some address/physical fields may intentionally differ after geocode/API cleanup.,ast_3e8fec277620,A112185001,found,BldRgstHubService.getBrTitleInfo,,,,,,
asset_master,review,asset_field_change_candidate,,site_area,토지면적(㎡),site_area,,483,,Physical fields may be API-enriched. Review provenance before overwriting.,ast_3e8fec277620,A112185001,found,BldRgstHubService.getBrTitleInfo,,,,,,
asset_master,review,asset_field_change_candidate,,parking,주차대수,parking,,옥내 0 / 옥외 0,,Review. Some address/physical fields may intentionally differ after geocode/API cleanup.,ast_3e8fec277620,A112185001,found,BldRgstHubService.getBrTitleInfo,,,,,,
asset_master,review,asset_field_change_candidate,,business_stage,사업단계,business_stage,운영/실물,,,Review. Some address/physical fields may intentionally differ after geocode/API cleanup.,ast_8058fee6124d,A112188001,not_checked,,,,,,,
asset_master,review,asset_field_change_candidate,,portfolio_region,투자지역,portfolio_region,아시아,,,Review. Some address/physical fields may intentionally differ after geocode/API cleanup.,ast_8058fee6124d,A112188001,not_checked,,,,,,,
asset_master,review,asset_field_change_candidate,,country_code,국내/해외,country_code,OVERSEAS,,,Review. Some address/physical fields may intentionally differ after geocode/API cleanup.,ast_8058fee6124d,A112188001,not_checked,,,,,,,
asset_master,review,asset_field_change_candidate,,business_stage,사업단계,business_stage,운영/실물,,,Review. Some address/physical fields may intentionally differ after geocode/API cleanup.,ast_3fe7501ac3ff,A112188002,not_checked,,,,,,,
asset_master,review,asset_field_change_candidate,,portfolio_region,투자지역,portfolio_region,아시아,,,Review. Some address/physical fields may intentionally differ after geocode/API cleanup.,ast_3fe7501ac3ff,A112188002,not_checked,,,,,,,
asset_master,review,asset_field_change_candidate,,country_code,국내/해외,country_code,OVERSEAS,,,Review. Some address/physical fields may intentionally differ after geocode/API cleanup.,ast_3fe7501ac3ff,A112188002,not_checked,,,,,,,
asset_master,review,asset_field_change_candidate,,business_stage,사업단계,business_stage,운영/실물,,,Review. Some address/physical fields may intentionally differ after geocode/API cleanup.,ast_4b60082f6ba4,A112188003,not_checked,,,,,,,
asset_master,review,asset_field_change_candidate,,portfolio_region,투자지역,portfolio_region,아시아,,,Review. Some address/physical fields may intentionally differ after geocode/API cleanup.,ast_4b60082f6ba4,A112188003,not_checked,,,,,,,
asset_master,review,asset_field_change_candidate,,country_code,국내/해외,country_code,OVERSEAS,,,Review. Some address/physical fields may intentionally differ after geocode/API cleanup.,ast_4b60082f6ba4,A112188003,not_checked,,,,,,,
asset_master,review,asset_field_change_candidate,,business_stage,사업단계,business_stage,운영/실물,,,Review. Some address/physical fields may intentionally differ after geocode/API cleanup.,ast_1a7e1fbe1ed6,A112190001,not_checked,,,,,,,
asset_master,review,asset_field_change_candidate,,portfolio_region,투자지역,portfolio_region,대한민국,,,Review. Some address/physical fields may intentionally differ after geocode/API cleanup.,ast_1a7e1fbe1ed6,A112190001,not_checked,,,,,,,
asset_master,review,asset_field_change_candidate,,country_code,국내/해외,country_code,KR,,,Review. Some address/physical fields may intentionally differ after geocode/API cleanup.,ast_1a7e1fbe1ed6,A112190001,not_checked,,,,,,,
asset_master,review,asset_field_change_candidate,,business_stage,사업단계,business_stage,운영/실물,,,Review. Some address/physical fields may intentionally differ after geocode/API cleanup.,ast_ee72b3682575,A112191001,not_checked,,,,,,,
asset_master,review,asset_field_change_candidate,,portfolio_region,투자지역,portfolio_region,유럽,,,Review. Some address/physical fields may intentionally differ after geocode/API cleanup.,ast_ee72b3682575,A112191001,not_checked,,,,,,,
asset_master,review,asset_field_change_candidate,,country_code,국내/해외,country_code,OVERSEAS,,,Review. Some address/physical fields may intentionally differ after geocode/API cleanup.,ast_ee72b3682575,A112191001,not_checked,,,,,,,
asset_master,review,asset_field_change_candidate,,asset_type,기초자산,asset_type,주거,,,Review. Some address/physical fields may intentionally differ after geocode/API cleanup.,ast_6e943e2850e9,A112194001,found,BldRgstHubService.getBrTitleInfo,,,,,,
asset_master,review,asset_field_change_candidate,,business_stage,사업단계,business_stage,운영/실물,,,Review. Some address/physical fields may intentionally differ after geocode/API cleanup.,ast_6e943e2850e9,A112194001,found,BldRgstHubService.getBrTitleInfo,,,,,,
asset_master,review,asset_field_change_candidate,,portfolio_region,투자지역,portfolio_region,대한민국,,,Review. Some address/physical fields may intentionally differ after geocode/API cleanup.,ast_6e943e2850e9,A112194001,found,BldRgstHubService.getBrTitleInfo,,,,,,
asset_master,review,asset_field_change_candidate,,gross_floor_area,연면적(m²),gross_floor_area,,19707,,Physical fields may be API-enriched. Review provenance before overwriting.,ast_6e943e2850e9,A112194001,found,BldRgstHubService.getBrTitleInfo,,,,,,
asset_master,review,asset_field_change_candidate,,site_area,토지면적(㎡),site_area,,1400,,Physical fields may be API-enriched. Review provenance before overwriting.,ast_6e943e2850e9,A112194001,found,BldRgstHubService.getBrTitleInfo,,,,,,
asset_master,review,asset_field_change_candidate,,parking,주차대수,parking,,옥내 155 / 옥외 0,,Review. Some address/physical fields may intentionally differ after geocode/API cleanup.,ast_6e943e2850e9,A112194001,found,BldRgstHubService.getBrTitleInfo,,,,,,
asset_master,review,asset_field_change_candidate,,canonical_name,자산(건물)명,canonical_name,제주 연동 오피스텔,이지스부동산투자신탁187호,,Review. Some address/physical fields may intentionally differ after geocode/API cleanup.,ast_3ac68d303b60,A112194002,found,BldRgstHubService.getBrTitleInfo,,,,,,
asset_master,review,asset_field_change_candidate,,address_text,"전체주소(시/도, 구/군 포함)",address_text,제주도 제주시 연동 261-23,제주특별자치도 제주시 연동 261-23,,Review. Some address/physical fields may intentionally differ after geocode/API cleanup.,ast_3ac68d303b60,A112194002,found,BldRgstHubService.getBrTitleInfo,,,,,,
asset_master,review,asset_field_change_candidate,,asset_type,기초자산,asset_type,주거,,,Review. Some address/physical fields may intentionally differ after geocode/API cleanup.,ast_3ac68d303b60,A112194002,found,BldRgstHubService.getBrTitleInfo,,,,,,
asset_master,review,asset_field_change_candidate,,business_stage,사업단계,business_stage,운영/실물,,,Review. Some address/physical fields may intentionally differ after geocode/API cleanup.,ast_3ac68d303b60,A112194002,found,BldRgstHubService.getBrTitleInfo,,,,,,
asset_master,review,asset_field_change_candidate,,portfolio_region,투자지역,portfolio_region,대한민국,,,Review. Some address/physical fields may intentionally differ after geocode/API cleanup.,ast_3ac68d303b60,A112194002,found,BldRgstHubService.getBrTitleInfo,,,,,,
asset_master,review,asset_field_change_candidate,,gross_floor_area,연면적(m²),gross_floor_area,,24248,,Physical fields may be API-enriched. Review provenance before overwriting.,ast_3ac68d303b60,A112194002,found,BldRgstHubService.getBrTitleInfo,,,,,,
asset_master,review,asset_field_change_candidate,,site_area,토지면적(㎡),site_area,,1852,,Physical fields may be API-enriched. Review provenance before overwriting.,ast_3ac68d303b60,A112194002,found,BldRgstHubService.getBrTitleInfo,,,,,,
asset_master,review,asset_field_change_candidate,,parking,주차대수,parking,,옥내 83 / 옥외 0,,Review. Some address/physical fields may intentionally differ after geocode/API cleanup.,ast_3ac68d303b60,A112194002,found,BldRgstHubService.getBrTitleInfo,,,,,,
asset_master,review,asset_field_change_candidate,,business_stage,사업단계,business_stage,운영/실물,,,Review. Some address/physical fields may intentionally differ after geocode/API cleanup.,ast_74207a7495b3,A112195001,found,BldRgstHubService.getBrTitleInfo,,,,,,
asset_master,review,asset_field_change_candidate,,portfolio_region,투자지역,portfolio_region,대한민국,,,Review. Some address/physical fields may intentionally differ after geocode/API cleanup.,ast_74207a7495b3,A112195001,found,BldRgstHubService.getBrTitleInfo,,,,,,
asset_master,review,asset_field_change_candidate,,country_code,국내/해외,country_code,KR,,,Review. Some address/physical fields may intentionally differ after geocode/API cleanup.,ast_74207a7495b3,A112195001,found,BldRgstHubService.getBrTitleInfo,,,,,,
asset_master,review,asset_field_change_candidate,,gross_floor_area,연면적(m²),gross_floor_area,,32055,,Physical fields may be API-enriched. Review provenance before overwriting.,ast_74207a7495b3,A112195001,found,BldRgstHubService.getBrTitleInfo,,,,,,
asset_master,review,asset_field_change_candidate,,site_area,토지면적(㎡),site_area,,2525,,Physical fields may be API-enriched. Review provenance before overwriting.,ast_74207a7495b3,A112195001,found,BldRgstHubService.getBrTitleInfo,,,,,,
asset_master,review,asset_field_change_candidate,,completion_date,준공(예정)일,completion_date,,2017-12-29,,Review. Some address/physical fields may intentionally differ after geocode/API cleanup.,ast_74207a7495b3,A112195001,found,BldRgstHubService.getBrTitleInfo,,,,,,
asset_master,review,asset_field_change_candidate,,parking,주차대수,parking,,옥내 305 / 옥외 0,,Review. Some address/physical fields may intentionally differ after geocode/API cleanup.,ast_74207a7495b3,A112195001,found,BldRgstHubService.getBrTitleInfo,,,,,,
asset_master,review,asset_field_change_candidate,,business_stage,사업단계,business_stage,운영/실물,,,Review. Some address/physical fields may intentionally differ after geocode/API cleanup.,ast_95bd0edf061a,A112196001,found,BldRgstHubService.getBrTitleInfo,,,,,,
asset_master,review,asset_field_change_candidate,,portfolio_region,투자지역,portfolio_region,대한민국,,,Review. Some address/physical fields may intentionally differ after geocode/API cleanup.,ast_95bd0edf061a,A112196001,found,BldRgstHubService.getBrTitleInfo,,,,,,
asset_master,review,asset_field_change_candidate,,country_code,국내/해외,country_code,KR,,,Review. Some address/physical fields may intentionally differ after geocode/API cleanup.,ast_95bd0edf061a,A112196001,found,BldRgstHubService.getBrTitleInfo,,,,,,
asset_master,review,asset_field_change_candidate,,gross_floor_area,연면적(m²),gross_floor_area,,28603,,Physical fields may be API-enriched. Review provenance before overwriting.,ast_95bd0edf061a,A112196001,found,BldRgstHubService.getBrTitleInfo,,,,,,
asset_master,review,asset_field_change_candidate,,site_area,토지면적(㎡),site_area,,0,,Physical fields may be API-enriched. Review provenance before overwriting.,ast_95bd0edf061a,A112196001,found,BldRgstHubService.getBrTitleInfo,,,,,,
asset_master,review,asset_field_change_candidate,,business_stage,사업단계,business_stage,운영/실물,,,Review. Some address/physical fields may intentionally differ after geocode/API cleanup.,ast_74aec6939fcf,A112197001,found,BldRgstHubService.getBrTitleInfo,,,,,,
asset_master,review,asset_field_change_candidate,,portfolio_region,투자지역,portfolio_region,대한민국,,,Review. Some address/physical fields may intentionally differ after geocode/API cleanup.,ast_74aec6939fcf,A112197001,found,BldRgstHubService.getBrTitleInfo,,,,,,
asset_master,review,asset_field_change_candidate,,country_code,국내/해외,country_code,KR,,,Review. Some address/physical fields may intentionally differ after geocode/API cleanup.,ast_74aec6939fcf,A112197001,found,BldRgstHubService.getBrTitleInfo,,,,,,
asset_master,review,asset_field_change_candidate,,site_area,토지면적(㎡),site_area,,1546,,Physical fields may be API-enriched. Review provenance before overwriting.,ast_74aec6939fcf,A112197001,found,BldRgstHubService.getBrTitleInfo,,,,,,
asset_master,review,asset_field_change_candidate,,parking,주차대수,parking,,옥내 20 / 옥외 1,,Review. Some address/physical fields may intentionally differ after geocode/API cleanup.,ast_74aec6939fcf,A112197001,found,BldRgstHubService.getBrTitleInfo,,,,,,
asset_master,review,asset_field_change_candidate,,business_stage,사업단계,business_stage,운영/실물,,,Review. Some address/physical fields may intentionally differ after geocode/API cleanup.,ast_72434a85fc8f,A112199001,not_checked,,,,,,,
asset_master,review,asset_field_change_candidate,,portfolio_region,투자지역,portfolio_region,대한민국,,,Review. Some address/physical fields may intentionally differ after geocode/API cleanup.,ast_72434a85fc8f,A112199001,not_checked,,,,,,,
asset_master,review,asset_field_change_candidate,,business_stage,사업단계,business_stage,운영/실물,,,Review. Some address/physical fields may intentionally differ after geocode/API cleanup.,ast_5e6798e4e6be,A112199002,not_checked,,,,,,,
asset_master,review,asset_field_change_candidate,,portfolio_region,투자지역,portfolio_region,대한민국,,,Review. Some address/physical fields may intentionally differ after geocode/API cleanup.,ast_5e6798e4e6be,A112199002,not_checked,,,,,,,
asset_master,review,asset_field_change_candidate,,country_code,국내/해외,country_code,KR,,,Review. Some address/physical fields may intentionally differ after geocode/API cleanup.,ast_5e6798e4e6be,A112199002,not_checked,,,,,,,
asset_master,review,asset_field_change_candidate,,business_stage,사업단계,business_stage,운영/실물,,,Review. Some address/physical fields may intentionally differ after geocode/API cleanup.,ast_7384f101a20f,A112200001,not_checked,,,,,,,
asset_master,review,asset_field_change_candidate,,portfolio_region,투자지역,portfolio_region,북미,,,Review. Some address/physical fields may intentionally differ after geocode/API cleanup.,ast_7384f101a20f,A112200001,not_checked,,,,,,,
asset_master,review,asset_field_change_candidate,,country_code,국내/해외,country_code,OVERSEAS,,,Review. Some address/physical fields may intentionally differ after geocode/API cleanup.,ast_7384f101a20f,A112200001,not_checked,,,,,,,
asset_master,review,asset_field_change_candidate,,business_stage,사업단계,business_stage,운영/실물,,,Review. Some address/physical fields may intentionally differ after geocode/API cleanup.,ast_6147631e29d1,A112201001,not_checked,,,,,,,
asset_master,review,asset_field_change_candidate,,portfolio_region,투자지역,portfolio_region,북미,,,Review. Some address/physical fields may intentionally differ after geocode/API cleanup.,ast_6147631e29d1,A112201001,not_checked,,,,,,,
asset_master,review,asset_field_change_candidate,,country_code,국내/해외,country_code,OVERSEAS,,,Review. Some address/physical fields may intentionally differ after geocode/API cleanup.,ast_6147631e29d1,A112201001,not_checked,,,,,,,
asset_master,review,asset_field_change_candidate,,business_stage,사업단계,business_stage,운영/실물,,,Review. Some address/physical fields may intentionally differ after geocode/API cleanup.,ast_5853b093d79c,A112202001,not_checked,,,,,,,
asset_master,review,asset_field_change_candidate,,portfolio_region,투자지역,portfolio_region,대한민국,,,Review. Some address/physical fields may intentionally differ after geocode/API cleanup.,ast_5853b093d79c,A112202001,not_checked,,,,,,,
asset_master,review,asset_field_change_candidate,,country_code,국내/해외,country_code,KR,,,Review. Some address/physical fields may intentionally differ after geocode/API cleanup.,ast_5853b093d79c,A112202001,not_checked,,,,,,,
asset_master,review,asset_field_change_candidate,,business_stage,사업단계,business_stage,부실,,,Review. Some address/physical fields may intentionally differ after geocode/API cleanup.,ast_86b73cdb75eb,A112205001,found,BldRgstHubService.getBrTitleInfo,,,,,,
asset_master,review,asset_field_change_candidate,,portfolio_region,투자지역,portfolio_region,대한민국,,,Review. Some address/physical fields may intentionally differ after geocode/API cleanup.,ast_86b73cdb75eb,A112205001,found,BldRgstHubService.getBrTitleInfo,,,,,,
asset_master,review,asset_field_change_candidate,,country_code,국내/해외,country_code,KR,,,Review. Some address/physical fields may intentionally differ after geocode/API cleanup.,ast_86b73cdb75eb,A112205001,found,BldRgstHubService.getBrTitleInfo,,,,,,
asset_master,review,asset_field_change_candidate,,site_area,토지면적(㎡),site_area,,2982,,Physical fields may be API-enriched. Review provenance before overwriting.,ast_86b73cdb75eb,A112205001,found,BldRgstHubService.getBrTitleInfo,,,,,,
asset_master,review,asset_field_change_candidate,,parking,주차대수,parking,,옥내 168 / 옥외 0,,Review. Some address/physical fields may intentionally differ after geocode/API cleanup.,ast_86b73cdb75eb,A112205001,found,BldRgstHubService.getBrTitleInfo,,,,,,
asset_master,review,asset_field_change_candidate,,business_stage,사업단계,business_stage,운영/실물,,,Review. Some address/physical fields may intentionally differ after geocode/API cleanup.,ast_a01ce9c12e6b,A112206001,not_checked,,,,,,,
asset_master,review,asset_field_change_candidate,,portfolio_region,투자지역,portfolio_region,북미,,,Review. Some address/physical fields may intentionally differ after geocode/API cleanup.,ast_a01ce9c12e6b,A112206001,not_checked,,,,,,,
asset_master,review,asset_field_change_candidate,,country_code,국내/해외,country_code,OVERSEAS,,,Review. Some address/physical fields may intentionally differ after geocode/API cleanup.,ast_a01ce9c12e6b,A112206001,not_checked,,,,,,,
asset_master,review,asset_field_change_candidate,,business_stage,사업단계,business_stage,운영/실물,,,Review. Some address/physical fields may intentionally differ after geocode/API cleanup.,ast_c26748845c6b,A112207001,not_checked,,,,,,,
asset_master,review,asset_field_change_candidate,,portfolio_region,투자지역,portfolio_region,대한민국,,,Review. Some address/physical fields may intentionally differ after geocode/API cleanup.,ast_c26748845c6b,A112207001,not_checked,,,,,,,
asset_master,review,asset_field_change_candidate,,country_code,국내/해외,country_code,KR,,,Review. Some address/physical fields may intentionally differ after geocode/API cleanup.,ast_c26748845c6b,A112207001,not_checked,,,,,,,
asset_master,review,asset_field_change_candidate,,business_stage,사업단계,business_stage,운영/실물,,,Review. Some address/physical fields may intentionally differ after geocode/API cleanup.,ast_78dab1be1bf0,A112208001,not_checked,,,,,,,
asset_master,review,asset_field_change_candidate,,portfolio_region,투자지역,portfolio_region,북미,,,Review. Some address/physical fields may intentionally differ after geocode/API cleanup.,ast_78dab1be1bf0,A112208001,not_checked,,,,,,,
asset_master,review,asset_field_change_candidate,,country_code,국내/해외,country_code,OVERSEAS,,,Review. Some address/physical fields may intentionally differ after geocode/API cleanup.,ast_78dab1be1bf0,A112208001,not_checked,,,,,,,
asset_master,review,asset_field_change_candidate,,business_stage,사업단계,business_stage,운영/실물,,,Review. Some address/physical fields may intentionally differ after geocode/API cleanup.,ast_b3db1f189553,A112209001,found,BldRgstHubService.getBrTitleInfo,,,,,,
asset_master,review,asset_field_change_candidate,,portfolio_region,투자지역,portfolio_region,대한민국,,,Review. Some address/physical fields may intentionally differ after geocode/API cleanup.,ast_b3db1f189553,A112209001,found,BldRgstHubService.getBrTitleInfo,,,,,,
asset_master,review,asset_field_change_candidate,,country_code,국내/해외,country_code,KR,,,Review. Some address/physical fields may intentionally differ after geocode/API cleanup.,ast_b3db1f189553,A112209001,found,BldRgstHubService.getBrTitleInfo,,,,,,
asset_master,review,asset_field_change_candidate,,site_area,토지면적(㎡),site_area,,18490,,Physical fields may be API-enriched. Review provenance before overwriting.,ast_b3db1f189553,A112209001,found,BldRgstHubService.getBrTitleInfo,,,,,,
asset_master,review,asset_field_change_candidate,,parking,주차대수,parking,,옥내 889 / 옥외 0,,Review. Some address/physical fields may intentionally differ after geocode/API cleanup.,ast_b3db1f189553,A112209001,found,BldRgstHubService.getBrTitleInfo,,,,,,
asset_master,review,asset_field_change_candidate,,canonical_name,자산(건물)명,canonical_name,인천 가좌동 오피스텔 선순위 PF대출채권,인천 가좌동 오피스텔 선순위 PF,,Review. Some address/physical fields may intentionally differ after geocode/API cleanup.,ast_f341642853ae,A112213001,found,BldRgstHubService.getBrTitleInfo,,,,,,
asset_master,review,asset_field_change_candidate,,asset_type,기초자산,asset_type,주거,,,Review. Some address/physical fields may intentionally differ after geocode/API cleanup.,ast_f341642853ae,A112213001,found,BldRgstHubService.getBrTitleInfo,,,,,,
asset_master,review,asset_field_change_candidate,,business_stage,사업단계,business_stage,운영/실물,,,Review. Some address/physical fields may intentionally differ after geocode/API cleanup.,ast_f341642853ae,A112213001,found,BldRgstHubService.getBrTitleInfo,,,,,,
asset_master,review,asset_field_change_candidate,,portfolio_region,투자지역,portfolio_region,대한민국,,,Review. Some address/physical fields may intentionally differ after geocode/API cleanup.,ast_f341642853ae,A112213001,found,BldRgstHubService.getBrTitleInfo,,,,,,
asset_master,review,asset_field_change_candidate,,gross_floor_area,연면적(m²),gross_floor_area,,14904,,Physical fields may be API-enriched. Review provenance before overwriting.,ast_f341642853ae,A112213001,found,BldRgstHubService.getBrTitleInfo,,,,,,
asset_master,review,asset_field_change_candidate,,site_area,토지면적(㎡),site_area,,2171,,Physical fields may be API-enriched. Review provenance before overwriting.,ast_f341642853ae,A112213001,found,BldRgstHubService.getBrTitleInfo,,,,,,
asset_master,review,asset_field_change_candidate,,completion_date,준공(예정)일,completion_date,,2020-03-13,,Review. Some address/physical fields may intentionally differ after geocode/API cleanup.,ast_f341642853ae,A112213001,found,BldRgstHubService.getBrTitleInfo,,,,,,
asset_master,review,asset_field_change_candidate,,parking,주차대수,parking,,옥내 133 / 옥외 0,,Review. Some address/physical fields may intentionally differ after geocode/API cleanup.,ast_f341642853ae,A112213001,found,BldRgstHubService.getBrTitleInfo,,,,,,
asset_master,review,asset_field_change_candidate,,business_stage,사업단계,business_stage,운영/실물,,,Review. Some address/physical fields may intentionally differ after geocode/API cleanup.,ast_3660f9bb2ed5,A112214001,not_checked,,,,,,,
asset_master,review,asset_field_change_candidate,,portfolio_region,투자지역,portfolio_region,글로벌,,,Review. Some address/physical fields may intentionally differ after geocode/API cleanup.,ast_3660f9bb2ed5,A112214001,not_checked,,,,,,,
asset_master,review,asset_field_change_candidate,,country_code,국내/해외,country_code,KR,,,Review. Some address/physical fields may intentionally differ after geocode/API cleanup.,ast_3660f9bb2ed5,A112214001,not_checked,,,,,,,
asset_master,review,asset_field_change_candidate,,business_stage,사업단계,business_stage,운영/실물,,,Review. Some address/physical fields may intentionally differ after geocode/API cleanup.,ast_f541715b8374,A112216001,not_checked,,,,,,,
asset_master,review,asset_field_change_candidate,,portfolio_region,투자지역,portfolio_region,유럽,,,Review. Some address/physical fields may intentionally differ after geocode/API cleanup.,ast_f541715b8374,A112216001,not_checked,,,,,,,
asset_master,review,asset_field_change_candidate,,country_code,국내/해외,country_code,OVERSEAS,,,Review. Some address/physical fields may intentionally differ after geocode/API cleanup.,ast_f541715b8374,A112216001,not_checked,,,,,,,
asset_master,review,asset_field_change_candidate,,business_stage,사업단계,business_stage,운영/실물,,,Review. Some address/physical fields may intentionally differ after geocode/API cleanup.,ast_791b962e0c10,A112217001,found,BldRgstHubService.getBrTitleInfo,,,,,,
asset_master,review,asset_field_change_candidate,,portfolio_region,투자지역,portfolio_region,대한민국,,,Review. Some address/physical fields may intentionally differ after geocode/API cleanup.,ast_791b962e0c10,A112217001,found,BldRgstHubService.getBrTitleInfo,,,,,,
asset_master,review,asset_field_change_candidate,,country_code,국내/해외,country_code,KR,,,Review. Some address/physical fields may intentionally differ after geocode/API cleanup.,ast_791b962e0c10,A112217001,found,BldRgstHubService.getBrTitleInfo,,,,,,
asset_master,review,asset_field_change_candidate,,site_area,토지면적(㎡),site_area,,1877,,Physical fields may be API-enriched. Review provenance before overwriting.,ast_791b962e0c10,A112217001,found,BldRgstHubService.getBrTitleInfo,,,,,,
asset_master,review,asset_field_change_candidate,,completion_date,준공(예정)일,completion_date,,1970-06-05,,Review. Some address/physical fields may intentionally differ after geocode/API cleanup.,ast_791b962e0c10,A112217001,found,BldRgstHubService.getBrTitleInfo,,,,,,
asset_master,review,asset_field_change_candidate,,parking,주차대수,parking,,옥내 50 / 옥외 2,,Review. Some address/physical fields may intentionally differ after geocode/API cleanup.,ast_791b962e0c10,A112217001,found,BldRgstHubService.getBrTitleInfo,,,,,,
asset_master,review,asset_field_change_candidate,,business_stage,사업단계,business_stage,운영/실물,,,Review. Some address/physical fields may intentionally differ after geocode/API cleanup.,ast_b3f61c8578bc,A112223000,not_checked,,,,,,,
asset_master,review,asset_field_change_candidate,,portfolio_region,투자지역,portfolio_region,북미,,,Review. Some address/physical fields may intentionally differ after geocode/API cleanup.,ast_b3f61c8578bc,A112223000,not_checked,,,,,,,
asset_master,review,asset_field_change_candidate,,country_code,국내/해외,country_code,OVERSEAS,,,Review. Some address/physical fields may intentionally differ after geocode/API cleanup.,ast_b3f61c8578bc,A112223000,not_checked,,,,,,,
asset_master,review,asset_field_change_candidate,,business_stage,사업단계,business_stage,운영/실물,,,Review. Some address/physical fields may intentionally differ after geocode/API cleanup.,ast_9de000745f5e,A112223001,not_checked,,,,,,,
asset_master,review,asset_field_change_candidate,,portfolio_region,투자지역,portfolio_region,북미,,,Review. Some address/physical fields may intentionally differ after geocode/API cleanup.,ast_9de000745f5e,A112223001,not_checked,,,,,,,
asset_master,review,asset_field_change_candidate,,country_code,국내/해외,country_code,OVERSEAS,,,Review. Some address/physical fields may intentionally differ after geocode/API cleanup.,ast_9de000745f5e,A112223001,not_checked,,,,,,,
asset_master,review,asset_field_change_candidate,,business_stage,사업단계,business_stage,운영/실물,,,Review. Some address/physical fields may intentionally differ after geocode/API cleanup.,ast_e2de71b1eff9,A112223002,not_checked,,,,,,,
asset_master,review,asset_field_change_candidate,,portfolio_region,투자지역,portfolio_region,북미,,,Review. Some address/physical fields may intentionally differ after geocode/API cleanup.,ast_e2de71b1eff9,A112223002,not_checked,,,,,,,
asset_master,review,asset_field_change_candidate,,country_code,국내/해외,country_code,OVERSEAS,,,Review. Some address/physical fields may intentionally differ after geocode/API cleanup.,ast_e2de71b1eff9,A112223002,not_checked,,,,,,,
asset_master,review,asset_field_change_candidate,,parking,주차대수,parking,175,,,Review. Some address/physical fields may intentionally differ after geocode/API cleanup.,ast_e2de71b1eff9,A112223002,not_checked,,,,,,,
asset_master,review,asset_field_change_candidate,,business_stage,사업단계,business_stage,운영/실물,,,Review. Some address/physical fields may intentionally differ after geocode/API cleanup.,ast_b48f4cef1665,A112223003,not_checked,,,,,,,
asset_master,review,asset_field_change_candidate,,portfolio_region,투자지역,portfolio_region,북미,,,Review. Some address/physical fields may intentionally differ after geocode/API cleanup.,ast_b48f4cef1665,A112223003,not_checked,,,,,,,
asset_master,review,asset_field_change_candidate,,country_code,국내/해외,country_code,OVERSEAS,,,Review. Some address/physical fields may intentionally differ after geocode/API cleanup.,ast_b48f4cef1665,A112223003,not_checked,,,,,,,
asset_master,review,asset_field_change_candidate,,parking,주차대수,parking,187,,,Review. Some address/physical fields may intentionally differ after geocode/API cleanup.,ast_b48f4cef1665,A112223003,not_checked,,,,,,,
asset_master,review,asset_field_change_candidate,,business_stage,사업단계,business_stage,운영/실물,,,Review. Some address/physical fields may intentionally differ after geocode/API cleanup.,ast_f06831738e17,A112223004,not_checked,,,,,,,
asset_master,review,asset_field_change_candidate,,portfolio_region,투자지역,portfolio_region,북미,,,Review. Some address/physical fields may intentionally differ after geocode/API cleanup.,ast_f06831738e17,A112223004,not_checked,,,,,,,
asset_master,review,asset_field_change_candidate,,country_code,국내/해외,country_code,OVERSEAS,,,Review. Some address/physical fields may intentionally differ after geocode/API cleanup.,ast_f06831738e17,A112223004,not_checked,,,,,,,
asset_master,review,asset_field_change_candidate,,parking,주차대수,parking,182,,,Review. Some address/physical fields may intentionally differ after geocode/API cleanup.,ast_f06831738e17,A112223004,not_checked,,,,,,,
asset_master,review,asset_field_change_candidate,,business_stage,사업단계,business_stage,운영/실물,,,Review. Some address/physical fields may intentionally differ after geocode/API cleanup.,ast_d0789172de8b,A112223005,not_checked,,,,,,,
asset_master,review,asset_field_change_candidate,,portfolio_region,투자지역,portfolio_region,북미,,,Review. Some address/physical fields may intentionally differ after geocode/API cleanup.,ast_d0789172de8b,A112223005,not_checked,,,,,,,
asset_master,review,asset_field_change_candidate,,country_code,국내/해외,country_code,OVERSEAS,,,Review. Some address/physical fields may intentionally differ after geocode/API cleanup.,ast_d0789172de8b,A112223005,not_checked,,,,,,,
asset_master,review,asset_field_change_candidate,,parking,주차대수,parking,172,,,Review. Some address/physical fields may intentionally differ after geocode/API cleanup.,ast_d0789172de8b,A112223005,not_checked,,,,,,,
asset_master,review,asset_field_change_candidate,,business_stage,사업단계,business_stage,운영/실물,,,Review. Some address/physical fields may intentionally differ after geocode/API cleanup.,ast_8e5fe1b9981e,A112223006,not_checked,,,,,,,
asset_master,review,asset_field_change_candidate,,portfolio_region,투자지역,portfolio_region,북미,,,Review. Some address/physical fields may intentionally differ after geocode/API cleanup.,ast_8e5fe1b9981e,A112223006,not_checked,,,,,,,
asset_master,review,asset_field_change_candidate,,country_code,국내/해외,country_code,OVERSEAS,,,Review. Some address/physical fields may intentionally differ after geocode/API cleanup.,ast_8e5fe1b9981e,A112223006,not_checked,,,,,,,
asset_master,review,asset_field_change_candidate,,parking,주차대수,parking,172,,,Review. Some address/physical fields may intentionally differ after geocode/API cleanup.,ast_8e5fe1b9981e,A112223006,not_checked,,,,,,,
asset_master,review,asset_field_change_candidate,,business_stage,사업단계,business_stage,운영/실물,,,Review. Some address/physical fields may intentionally differ after geocode/API cleanup.,ast_db4799e88a26,A112223007,not_checked,,,,,,,
asset_master,review,asset_field_change_candidate,,portfolio_region,투자지역,portfolio_region,북미,,,Review. Some address/physical fields may intentionally differ after geocode/API cleanup.,ast_db4799e88a26,A112223007,not_checked,,,,,,,
asset_master,review,asset_field_change_candidate,,country_code,국내/해외,country_code,OVERSEAS,,,Review. Some address/physical fields may intentionally differ after geocode/API cleanup.,ast_db4799e88a26,A112223007,not_checked,,,,,,,
asset_master,review,asset_field_change_candidate,,parking,주차대수,parking,180,,,Review. Some address/physical fields may intentionally differ after geocode/API cleanup.,ast_db4799e88a26,A112223007,not_checked,,,,,,,
asset_master,review,asset_field_change_candidate,,business_stage,사업단계,business_stage,운영/실물,,,Review. Some address/physical fields may intentionally differ after geocode/API cleanup.,ast_1fd14a31b02a,A112223008,not_checked,,,,,,,
asset_master,review,asset_field_change_candidate,,portfolio_region,투자지역,portfolio_region,북미,,,Review. Some address/physical fields may intentionally differ after geocode/API cleanup.,ast_1fd14a31b02a,A112223008,not_checked,,,,,,,
asset_master,review,asset_field_change_candidate,,country_code,국내/해외,country_code,OVERSEAS,,,Review. Some address/physical fields may intentionally differ after geocode/API cleanup.,ast_1fd14a31b02a,A112223008,not_checked,,,,,,,
asset_master,review,asset_field_change_candidate,,parking,주차대수,parking,172,,,Review. Some address/physical fields may intentionally differ after geocode/API cleanup.,ast_1fd14a31b02a,A112223008,not_checked,,,,,,,
asset_master,review,asset_field_change_candidate,,business_stage,사업단계,business_stage,운영/실물,,,Review. Some address/physical fields may intentionally differ after geocode/API cleanup.,ast_dcc6905b8a09,A112223009,not_checked,,,,,,,
asset_master,review,asset_field_change_candidate,,portfolio_region,투자지역,portfolio_region,북미,,,Review. Some address/physical fields may intentionally differ after geocode/API cleanup.,ast_dcc6905b8a09,A112223009,not_checked,,,,,,,
asset_master,review,asset_field_change_candidate,,country_code,국내/해외,country_code,OVERSEAS,,,Review. Some address/physical fields may intentionally differ after geocode/API cleanup.,ast_dcc6905b8a09,A112223009,not_checked,,,,,,,
asset_master,review,asset_field_change_candidate,,parking,주차대수,parking,132,,,Review. Some address/physical fields may intentionally differ after geocode/API cleanup.,ast_dcc6905b8a09,A112223009,not_checked,,,,,,,
asset_master,review,asset_field_change_candidate,,business_stage,사업단계,business_stage,운영/실물,,,Review. Some address/physical fields may intentionally differ after geocode/API cleanup.,ast_6fad3e601ab5,A112223010,not_checked,,,,,,,
asset_master,review,asset_field_change_candidate,,portfolio_region,투자지역,portfolio_region,북미,,,Review. Some address/physical fields may intentionally differ after geocode/API cleanup.,ast_6fad3e601ab5,A112223010,not_checked,,,,,,,
asset_master,review,asset_field_change_candidate,,country_code,국내/해외,country_code,OVERSEAS,,,Review. Some address/physical fields may intentionally differ after geocode/API cleanup.,ast_6fad3e601ab5,A112223010,not_checked,,,,,,,
asset_master,review,asset_field_change_candidate,,parking,주차대수,parking,171,,,Review. Some address/physical fields may intentionally differ after geocode/API cleanup.,ast_6fad3e601ab5,A112223010,not_checked,,,,,,,
asset_master,review,asset_field_change_candidate,,business_stage,사업단계,business_stage,운영/실물,,,Review. Some address/physical fields may intentionally differ after geocode/API cleanup.,ast_e534a7538cd4,A112223011,not_checked,,,,,,,
asset_master,review,asset_field_change_candidate,,portfolio_region,투자지역,portfolio_region,북미,,,Review. Some address/physical fields may intentionally differ after geocode/API cleanup.,ast_e534a7538cd4,A112223011,not_checked,,,,,,,
asset_master,review,asset_field_change_candidate,,country_code,국내/해외,country_code,OVERSEAS,,,Review. Some address/physical fields may intentionally differ after geocode/API cleanup.,ast_e534a7538cd4,A112223011,not_checked,,,,,,,
asset_master,review,asset_field_change_candidate,,parking,주차대수,parking,169,,,Review. Some address/physical fields may intentionally differ after geocode/API cleanup.,ast_e534a7538cd4,A112223011,not_checked,,,,,,,
asset_master,review,asset_field_change_candidate,,business_stage,사업단계,business_stage,운영/실물,,,Review. Some address/physical fields may intentionally differ after geocode/API cleanup.,ast_36148ade77b4,A112223012,not_checked,,,,,,,
asset_master,review,asset_field_change_candidate,,portfolio_region,투자지역,portfolio_region,북미,,,Review. Some address/physical fields may intentionally differ after geocode/API cleanup.,ast_36148ade77b4,A112223012,not_checked,,,,,,,
asset_master,review,asset_field_change_candidate,,country_code,국내/해외,country_code,OVERSEAS,,,Review. Some address/physical fields may intentionally differ after geocode/API cleanup.,ast_36148ade77b4,A112223012,not_checked,,,,,,,
asset_master,review,asset_field_change_candidate,,parking,주차대수,parking,169,,,Review. Some address/physical fields may intentionally differ after geocode/API cleanup.,ast_36148ade77b4,A112223012,not_checked,,,,,,,
asset_master,review,asset_field_change_candidate,,business_stage,사업단계,business_stage,운영/실물,,,Review. Some address/physical fields may intentionally differ after geocode/API cleanup.,ast_e2bbe7ecc53c,A112223013,not_checked,,,,,,,
asset_master,review,asset_field_change_candidate,,portfolio_region,투자지역,portfolio_region,북미,,,Review. Some address/physical fields may intentionally differ after geocode/API cleanup.,ast_e2bbe7ecc53c,A112223013,not_checked,,,,,,,
asset_master,review,asset_field_change_candidate,,country_code,국내/해외,country_code,OVERSEAS,,,Review. Some address/physical fields may intentionally differ after geocode/API cleanup.,ast_e2bbe7ecc53c,A112223013,not_checked,,,,,,,
asset_master,review,asset_field_change_candidate,,parking,주차대수,parking,160,,,Review. Some address/physical fields may intentionally differ after geocode/API cleanup.,ast_e2bbe7ecc53c,A112223013,not_checked,,,,,,,
asset_master,review,asset_field_change_candidate,,business_stage,사업단계,business_stage,운영/실물,,,Review. Some address/physical fields may intentionally differ after geocode/API cleanup.,ast_177a1b236451,A112223014,not_checked,,,,,,,
asset_master,review,asset_field_change_candidate,,portfolio_region,투자지역,portfolio_region,북미,,,Review. Some address/physical fields may intentionally differ after geocode/API cleanup.,ast_177a1b236451,A112223014,not_checked,,,,,,,
asset_master,review,asset_field_change_candidate,,country_code,국내/해외,country_code,OVERSEAS,,,Review. Some address/physical fields may intentionally differ after geocode/API cleanup.,ast_177a1b236451,A112223014,not_checked,,,,,,,
asset_master,review,asset_field_change_candidate,,parking,주차대수,parking,173,,,Review. Some address/physical fields may intentionally differ after geocode/API cleanup.,ast_177a1b236451,A112223014,not_checked,,,,,,,
asset_master,review,asset_field_change_candidate,,business_stage,사업단계,business_stage,운영/실물,,,Review. Some address/physical fields may intentionally differ after geocode/API cleanup.,ast_cef2499eacaa,A112223015,not_checked,,,,,,,
asset_master,review,asset_field_change_candidate,,portfolio_region,투자지역,portfolio_region,북미,,,Review. Some address/physical fields may intentionally differ after geocode/API cleanup.,ast_cef2499eacaa,A112223015,not_checked,,,,,,,
asset_master,review,asset_field_change_candidate,,country_code,국내/해외,country_code,OVERSEAS,,,Review. Some address/physical fields may intentionally differ after geocode/API cleanup.,ast_cef2499eacaa,A112223015,not_checked,,,,,,,
asset_master,review,asset_field_change_candidate,,parking,주차대수,parking,147,,,Review. Some address/physical fields may intentionally differ after geocode/API cleanup.,ast_cef2499eacaa,A112223015,not_checked,,,,,,,
asset_master,review,asset_field_change_candidate,,business_stage,사업단계,business_stage,운영/실물,,,Review. Some address/physical fields may intentionally differ after geocode/API cleanup.,ast_7b9428967d1a,A112223016,not_checked,,,,,,,
asset_master,review,asset_field_change_candidate,,portfolio_region,투자지역,portfolio_region,북미,,,Review. Some address/physical fields may intentionally differ after geocode/API cleanup.,ast_7b9428967d1a,A112223016,not_checked,,,,,,,
asset_master,review,asset_field_change_candidate,,country_code,국내/해외,country_code,OVERSEAS,,,Review. Some address/physical fields may intentionally differ after geocode/API cleanup.,ast_7b9428967d1a,A112223016,not_checked,,,,,,,
asset_master,review,asset_field_change_candidate,,parking,주차대수,parking,145,,,Review. Some address/physical fields may intentionally differ after geocode/API cleanup.,ast_7b9428967d1a,A112223016,not_checked,,,,,,,
asset_master,review,asset_field_change_candidate,,business_stage,사업단계,business_stage,운영/실물,,,Review. Some address/physical fields may intentionally differ after geocode/API cleanup.,ast_3c18a81268d7,A112223017,not_checked,,,,,,,
asset_master,review,asset_field_change_candidate,,portfolio_region,투자지역,portfolio_region,북미,,,Review. Some address/physical fields may intentionally differ after geocode/API cleanup.,ast_3c18a81268d7,A112223017,not_checked,,,,,,,
asset_master,review,asset_field_change_candidate,,country_code,국내/해외,country_code,OVERSEAS,,,Review. Some address/physical fields may intentionally differ after geocode/API cleanup.,ast_3c18a81268d7,A112223017,not_checked,,,,,,,
asset_master,review,asset_field_change_candidate,,parking,주차대수,parking,145,,,Review. Some address/physical fields may intentionally differ after geocode/API cleanup.,ast_3c18a81268d7,A112223017,not_checked,,,,,,,
asset_master,review,asset_field_change_candidate,,business_stage,사업단계,business_stage,운영/실물,,,Review. Some address/physical fields may intentionally differ after geocode/API cleanup.,ast_a43bd38945be,A112223018,not_checked,,,,,,,
asset_master,review,asset_field_change_candidate,,portfolio_region,투자지역,portfolio_region,북미,,,Review. Some address/physical fields may intentionally differ after geocode/API cleanup.,ast_a43bd38945be,A112223018,not_checked,,,,,,,
asset_master,review,asset_field_change_candidate,,country_code,국내/해외,country_code,OVERSEAS,,,Review. Some address/physical fields may intentionally differ after geocode/API cleanup.,ast_a43bd38945be,A112223018,not_checked,,,,,,,
asset_master,review,asset_field_change_candidate,,parking,주차대수,parking,145,,,Review. Some address/physical fields may intentionally differ after geocode/API cleanup.,ast_a43bd38945be,A112223018,not_checked,,,,,,,
asset_master,review,asset_field_change_candidate,,business_stage,사업단계,business_stage,운영/실물,,,Review. Some address/physical fields may intentionally differ after geocode/API cleanup.,ast_302a423013bf,A112223019,not_checked,,,,,,,
asset_master,review,asset_field_change_candidate,,portfolio_region,투자지역,portfolio_region,북미,,,Review. Some address/physical fields may intentionally differ after geocode/API cleanup.,ast_302a423013bf,A112223019,not_checked,,,,,,,
asset_master,review,asset_field_change_candidate,,country_code,국내/해외,country_code,OVERSEAS,,,Review. Some address/physical fields may intentionally differ after geocode/API cleanup.,ast_302a423013bf,A112223019,not_checked,,,,,,,
asset_master,review,asset_field_change_candidate,,parking,주차대수,parking,201,,,Review. Some address/physical fields may intentionally differ after geocode/API cleanup.,ast_302a423013bf,A112223019,not_checked,,,,,,,
asset_master,review,asset_field_change_candidate,,business_stage,사업단계,business_stage,운영/실물,,,Review. Some address/physical fields may intentionally differ after geocode/API cleanup.,ast_37a066e39a75,A112223020,not_checked,,,,,,,
asset_master,review,asset_field_change_candidate,,portfolio_region,투자지역,portfolio_region,북미,,,Review. Some address/physical fields may intentionally differ after geocode/API cleanup.,ast_37a066e39a75,A112223020,not_checked,,,,,,,
asset_master,review,asset_field_change_candidate,,country_code,국내/해외,country_code,OVERSEAS,,,Review. Some address/physical fields may intentionally differ after geocode/API cleanup.,ast_37a066e39a75,A112223020,not_checked,,,,,,,
asset_master,review,asset_field_change_candidate,,parking,주차대수,parking,175,,,Review. Some address/physical fields may intentionally differ after geocode/API cleanup.,ast_37a066e39a75,A112223020,not_checked,,,,,,,
asset_master,review,asset_field_change_candidate,,business_stage,사업단계,business_stage,운영/실물,,,Review. Some address/physical fields may intentionally differ after geocode/API cleanup.,ast_d4fbfceea801,A112223021,not_checked,,,,,,,
asset_master,review,asset_field_change_candidate,,portfolio_region,투자지역,portfolio_region,북미,,,Review. Some address/physical fields may intentionally differ after geocode/API cleanup.,ast_d4fbfceea801,A112223021,not_checked,,,,,,,
asset_master,review,asset_field_change_candidate,,country_code,국내/해외,country_code,OVERSEAS,,,Review. Some address/physical fields may intentionally differ after geocode/API cleanup.,ast_d4fbfceea801,A112223021,not_checked,,,,,,,
asset_master,review,asset_field_change_candidate,,parking,주차대수,parking,156,,,Review. Some address/physical fields may intentionally differ after geocode/API cleanup.,ast_d4fbfceea801,A112223021,not_checked,,,,,,,
asset_master,review,asset_field_change_candidate,,business_stage,사업단계,business_stage,운영/실물,,,Review. Some address/physical fields may intentionally differ after geocode/API cleanup.,ast_78c438a9c9a1,A112223022,not_checked,,,,,,,
asset_master,review,asset_field_change_candidate,,portfolio_region,투자지역,portfolio_region,북미,,,Review. Some address/physical fields may intentionally differ after geocode/API cleanup.,ast_78c438a9c9a1,A112223022,not_checked,,,,,,,
asset_master,review,asset_field_change_candidate,,country_code,국내/해외,country_code,OVERSEAS,,,Review. Some address/physical fields may intentionally differ after geocode/API cleanup.,ast_78c438a9c9a1,A112223022,not_checked,,,,,,,
asset_master,review,asset_field_change_candidate,,parking,주차대수,parking,163,,,Review. Some address/physical fields may intentionally differ after geocode/API cleanup.,ast_78c438a9c9a1,A112223022,not_checked,,,,,,,
asset_master,review,asset_field_change_candidate,,business_stage,사업단계,business_stage,운영/실물,,,Review. Some address/physical fields may intentionally differ after geocode/API cleanup.,ast_fabfecf59328,A112223023,not_checked,,,,,,,
asset_master,review,asset_field_change_candidate,,portfolio_region,투자지역,portfolio_region,북미,,,Review. Some address/physical fields may intentionally differ after geocode/API cleanup.,ast_fabfecf59328,A112223023,not_checked,,,,,,,
asset_master,review,asset_field_change_candidate,,country_code,국내/해외,country_code,OVERSEAS,,,Review. Some address/physical fields may intentionally differ after geocode/API cleanup.,ast_fabfecf59328,A112223023,not_checked,,,,,,,
asset_master,review,asset_field_change_candidate,,parking,주차대수,parking,166,,,Review. Some address/physical fields may intentionally differ after geocode/API cleanup.,ast_fabfecf59328,A112223023,not_checked,,,,,,,
asset_master,review,asset_field_change_candidate,,business_stage,사업단계,business_stage,운영/실물,,,Review. Some address/physical fields may intentionally differ after geocode/API cleanup.,ast_0fa1343c8192,A112223024,not_checked,,,,,,,
asset_master,review,asset_field_change_candidate,,portfolio_region,투자지역,portfolio_region,북미,,,Review. Some address/physical fields may intentionally differ after geocode/API cleanup.,ast_0fa1343c8192,A112223024,not_checked,,,,,,,
asset_master,review,asset_field_change_candidate,,country_code,국내/해외,country_code,OVERSEAS,,,Review. Some address/physical fields may intentionally differ after geocode/API cleanup.,ast_0fa1343c8192,A112223024,not_checked,,,,,,,
asset_master,review,asset_field_change_candidate,,parking,주차대수,parking,160,,,Review. Some address/physical fields may intentionally differ after geocode/API cleanup.,ast_0fa1343c8192,A112223024,not_checked,,,,,,,
asset_master,review,asset_field_change_candidate,,business_stage,사업단계,business_stage,운영/실물,,,Review. Some address/physical fields may intentionally differ after geocode/API cleanup.,ast_95fb4c52cddc,A112223025,not_checked,,,,,,,
asset_master,review,asset_field_change_candidate,,portfolio_region,투자지역,portfolio_region,북미,,,Review. Some address/physical fields may intentionally differ after geocode/API cleanup.,ast_95fb4c52cddc,A112223025,not_checked,,,,,,,
asset_master,review,asset_field_change_candidate,,country_code,국내/해외,country_code,OVERSEAS,,,Review. Some address/physical fields may intentionally differ after geocode/API cleanup.,ast_95fb4c52cddc,A112223025,not_checked,,,,,,,
asset_master,review,asset_field_change_candidate,,parking,주차대수,parking,150,,,Review. Some address/physical fields may intentionally differ after geocode/API cleanup.,ast_95fb4c52cddc,A112223025,not_checked,,,,,,,
asset_master,review,asset_field_change_candidate,,business_stage,사업단계,business_stage,운영/실물,,,Review. Some address/physical fields may intentionally differ after geocode/API cleanup.,ast_65a77996a9ee,A112223026,not_checked,,,,,,,
asset_master,review,asset_field_change_candidate,,portfolio_region,투자지역,portfolio_region,북미,,,Review. Some address/physical fields may intentionally differ after geocode/API cleanup.,ast_65a77996a9ee,A112223026,not_checked,,,,,,,
asset_master,review,asset_field_change_candidate,,country_code,국내/해외,country_code,OVERSEAS,,,Review. Some address/physical fields may intentionally differ after geocode/API cleanup.,ast_65a77996a9ee,A112223026,not_checked,,,,,,,
asset_master,review,asset_field_change_candidate,,business_stage,사업단계,business_stage,운영/실물,,,Review. Some address/physical fields may intentionally differ after geocode/API cleanup.,ast_ea5059c477b7,A112223027,not_checked,,,,,,,
asset_master,review,asset_field_change_candidate,,portfolio_region,투자지역,portfolio_region,북미,,,Review. Some address/physical fields may intentionally differ after geocode/API cleanup.,ast_ea5059c477b7,A112223027,not_checked,,,,,,,
asset_master,review,asset_field_change_candidate,,country_code,국내/해외,country_code,OVERSEAS,,,Review. Some address/physical fields may intentionally differ after geocode/API cleanup.,ast_ea5059c477b7,A112223027,not_checked,,,,,,,
asset_master,review,asset_field_change_candidate,,business_stage,사업단계,business_stage,운영/실물,,,Review. Some address/physical fields may intentionally differ after geocode/API cleanup.,ast_c36e38cae9e1,A112223028,not_checked,,,,,,,
asset_master,review,asset_field_change_candidate,,portfolio_region,투자지역,portfolio_region,북미,,,Review. Some address/physical fields may intentionally differ after geocode/API cleanup.,ast_c36e38cae9e1,A112223028,not_checked,,,,,,,
asset_master,review,asset_field_change_candidate,,country_code,국내/해외,country_code,OVERSEAS,,,Review. Some address/physical fields may intentionally differ after geocode/API cleanup.,ast_c36e38cae9e1,A112223028,not_checked,,,,,,,
asset_master,review,asset_field_change_candidate,,parking,주차대수,parking,151,,,Review. Some address/physical fields may intentionally differ after geocode/API cleanup.,ast_c36e38cae9e1,A112223028,not_checked,,,,,,,
asset_master,review,asset_field_change_candidate,,business_stage,사업단계,business_stage,운영/실물,,,Review. Some address/physical fields may intentionally differ after geocode/API cleanup.,ast_9375f251bf8a,A112223029,not_checked,,,,,,,
asset_master,review,asset_field_change_candidate,,portfolio_region,투자지역,portfolio_region,북미,,,Review. Some address/physical fields may intentionally differ after geocode/API cleanup.,ast_9375f251bf8a,A112223029,not_checked,,,,,,,
asset_master,review,asset_field_change_candidate,,country_code,국내/해외,country_code,OVERSEAS,,,Review. Some address/physical fields may intentionally differ after geocode/API cleanup.,ast_9375f251bf8a,A112223029,not_checked,,,,,,,
asset_master,review,asset_field_change_candidate,,parking,주차대수,parking,178,,,Review. Some address/physical fields may intentionally differ after geocode/API cleanup.,ast_9375f251bf8a,A112223029,not_checked,,,,,,,
asset_master,review,asset_field_change_candidate,,business_stage,사업단계,business_stage,운영/실물,,,Review. Some address/physical fields may intentionally differ after geocode/API cleanup.,ast_94cd6c685a31,A112223030,not_checked,,,,,,,
asset_master,review,asset_field_change_candidate,,portfolio_region,투자지역,portfolio_region,북미,,,Review. Some address/physical fields may intentionally differ after geocode/API cleanup.,ast_94cd6c685a31,A112223030,not_checked,,,,,,,
asset_master,review,asset_field_change_candidate,,country_code,국내/해외,country_code,OVERSEAS,,,Review. Some address/physical fields may intentionally differ after geocode/API cleanup.,ast_94cd6c685a31,A112223030,not_checked,,,,,,,
asset_master,review,asset_field_change_candidate,,parking,주차대수,parking,188,,,Review. Some address/physical fields may intentionally differ after geocode/API cleanup.,ast_94cd6c685a31,A112223030,not_checked,,,,,,,
asset_master,review,asset_field_change_candidate,,address_text,"전체주소(시/도, 구/군 포함)",address_text,제주특별자치도 서귀포시 색달동 2785 外,제주특별자치도 서귀포시 색달동 2785,,Review. Some address/physical fields may intentionally differ after geocode/API cleanup.,ast_e3779cfe5ab2,A112226001,found,BldRgstHubService.getBrTitleInfo,,,,,,
asset_master,review,asset_field_change_candidate,,asset_type,기초자산,asset_type,호텔,,,Review. Some address/physical fields may intentionally differ after geocode/API cleanup.,ast_e3779cfe5ab2,A112226001,found,BldRgstHubService.getBrTitleInfo,,,,,,
asset_master,review,asset_field_change_candidate,,business_stage,사업단계,business_stage,운영/실물,,,Review. Some address/physical fields may intentionally differ after geocode/API cleanup.,ast_e3779cfe5ab2,A112226001,found,BldRgstHubService.getBrTitleInfo,,,,,,
asset_master,review,asset_field_change_candidate,,portfolio_region,투자지역,portfolio_region,대한민국,,,Review. Some address/physical fields may intentionally differ after geocode/API cleanup.,ast_e3779cfe5ab2,A112226001,found,BldRgstHubService.getBrTitleInfo,,,,,,
asset_master,review,asset_field_change_candidate,,gross_floor_area,연면적(m²),gross_floor_area,,31750,,Physical fields may be API-enriched. Review provenance before overwriting.,ast_e3779cfe5ab2,A112226001,found,BldRgstHubService.getBrTitleInfo,,,,,,
asset_master,review,asset_field_change_candidate,,site_area,토지면적(㎡),site_area,,33002,,Physical fields may be API-enriched. Review provenance before overwriting.,ast_e3779cfe5ab2,A112226001,found,BldRgstHubService.getBrTitleInfo,,,,,,
asset_master,review,asset_field_change_candidate,,completion_date,준공(예정)일,completion_date,,2014-03-17,,Review. Some address/physical fields may intentionally differ after geocode/API cleanup.,ast_e3779cfe5ab2,A112226001,found,BldRgstHubService.getBrTitleInfo,,,,,,
asset_master,review,asset_field_change_candidate,,parking,주차대수,parking,,옥내 0 / 옥외 269,,Review. Some address/physical fields may intentionally differ after geocode/API cleanup.,ast_e3779cfe5ab2,A112226001,found,BldRgstHubService.getBrTitleInfo,,,,,,
asset_master,review,asset_field_change_candidate,,business_stage,사업단계,business_stage,운영/실물,,,Review. Some address/physical fields may intentionally differ after geocode/API cleanup.,ast_eedc59c97695,A112229001,found,BldRgstHubService.getBrTitleInfo,,,,,,
asset_master,review,asset_field_change_candidate,,portfolio_region,투자지역,portfolio_region,대한민국,,,Review. Some address/physical fields may intentionally differ after geocode/API cleanup.,ast_eedc59c97695,A112229001,found,BldRgstHubService.getBrTitleInfo,,,,,,
asset_master,review,asset_field_change_candidate,,country_code,국내/해외,country_code,KR,,,Review. Some address/physical fields may intentionally differ after geocode/API cleanup.,ast_eedc59c97695,A112229001,found,BldRgstHubService.getBrTitleInfo,,,,,,
asset_master,review,asset_field_change_candidate,,gross_floor_area,연면적(m²),gross_floor_area,,1167,,Physical fields may be API-enriched. Review provenance before overwriting.,ast_eedc59c97695,A112229001,found,BldRgstHubService.getBrTitleInfo,,,,,,
asset_master,review,asset_field_change_candidate,,site_area,토지면적(㎡),site_area,,321,,Physical fields may be API-enriched. Review provenance before overwriting.,ast_eedc59c97695,A112229001,found,BldRgstHubService.getBrTitleInfo,,,,,,
asset_master,review,asset_field_change_candidate,,completion_date,준공(예정)일,completion_date,,2003-03-31,,Review. Some address/physical fields may intentionally differ after geocode/API cleanup.,ast_eedc59c97695,A112229001,found,BldRgstHubService.getBrTitleInfo,,,,,,
asset_master,review,asset_field_change_candidate,,parking,주차대수,parking,,옥내 0 / 옥외 8,,Review. Some address/physical fields may intentionally differ after geocode/API cleanup.,ast_eedc59c97695,A112229001,found,BldRgstHubService.getBrTitleInfo,,,,,,
asset_master,review,asset_field_change_candidate,,business_stage,사업단계,business_stage,운영/실물,,,Review. Some address/physical fields may intentionally differ after geocode/API cleanup.,ast_327f60afc82b,A112230001,not_checked,,,,,,,
asset_master,review,asset_field_change_candidate,,portfolio_region,투자지역,portfolio_region,아시아,,,Review. Some address/physical fields may intentionally differ after geocode/API cleanup.,ast_327f60afc82b,A112230001,not_checked,,,,,,,
asset_master,review,asset_field_change_candidate,,country_code,국내/해외,country_code,OVERSEAS,,,Review. Some address/physical fields may intentionally differ after geocode/API cleanup.,ast_327f60afc82b,A112230001,not_checked,,,,,,,
asset_master,review,asset_field_change_candidate,,canonical_name,자산(건물)명,canonical_name,(주)페트로코너지 발행 지분증권 및 투자대상회사(이지스페트로코너지(주))에 대한 대출채권,(주)페트로코너지 발행 지분증권 및 투자대상회사(이지스페트로코너지(주))에 대한,,Review. Some address/physical fields may intentionally differ after geocode/API cleanup.,ast_96aea8917bf5,A112234001,not_checked,,,,,,,
asset_master,review,asset_field_change_candidate,,portfolio_region,투자지역,portfolio_region,대한민국,,,Review. Some address/physical fields may intentionally differ after geocode/API cleanup.,ast_96aea8917bf5,A112234001,not_checked,,,,,,,
asset_master,review,asset_field_change_candidate,,business_stage,사업단계,business_stage,운영/실물,,,Review. Some address/physical fields may intentionally differ after geocode/API cleanup.,ast_b9718f8cb5fe,A112235001,found,BldRgstHubService.getBrTitleInfo,,,,,,
asset_master,review,asset_field_change_candidate,,portfolio_region,투자지역,portfolio_region,대한민국,,,Review. Some address/physical fields may intentionally differ after geocode/API cleanup.,ast_b9718f8cb5fe,A112235001,found,BldRgstHubService.getBrTitleInfo,,,,,,
asset_master,review,asset_field_change_candidate,,site_area,토지면적(㎡),site_area,,0,,Physical fields may be API-enriched. Review provenance before overwriting.,ast_b9718f8cb5fe,A112235001,found,BldRgstHubService.getBrTitleInfo,,,,,,
asset_master,review,asset_field_change_candidate,,completion_date,준공(예정)일,completion_date,,2021-01-22,,Review. Some address/physical fields may intentionally differ after geocode/API cleanup.,ast_b9718f8cb5fe,A112235001,found,BldRgstHubService.getBrTitleInfo,,,,,,
asset_master,review,asset_field_change_candidate,,parking,주차대수,parking,,옥내 0 / 옥외 0,,Review. Some address/physical fields may intentionally differ after geocode/API cleanup.,ast_b9718f8cb5fe,A112235001,found,BldRgstHubService.getBrTitleInfo,,,,,,
asset_master,review,asset_field_change_candidate,,business_stage,사업단계,business_stage,운영/실물,,,Review. Some address/physical fields may intentionally differ after geocode/API cleanup.,ast_4960a4a8e607,A112236001,not_checked,,,,,,,
asset_master,review,asset_field_change_candidate,,portfolio_region,투자지역,portfolio_region,북미,,,Review. Some address/physical fields may intentionally differ after geocode/API cleanup.,ast_4960a4a8e607,A112236001,not_checked,,,,,,,
asset_master,review,asset_field_change_candidate,,country_code,국내/해외,country_code,OVERSEAS,,,Review. Some address/physical fields may intentionally differ after geocode/API cleanup.,ast_4960a4a8e607,A112236001,not_checked,,,,,,,
asset_master,review,asset_field_change_candidate,,business_stage,사업단계,business_stage,운영/실물,,,Review. Some address/physical fields may intentionally differ after geocode/API cleanup.,ast_8645e842633c,A112237001,found,BldRgstHubService.getBrTitleInfo,,,,,,
asset_master,review,asset_field_change_candidate,,portfolio_region,투자지역,portfolio_region,대한민국,,,Review. Some address/physical fields may intentionally differ after geocode/API cleanup.,ast_8645e842633c,A112237001,found,BldRgstHubService.getBrTitleInfo,,,,,,
asset_master,review,asset_field_change_candidate,,country_code,국내/해외,country_code,KR,,,Review. Some address/physical fields may intentionally differ after geocode/API cleanup.,ast_8645e842633c,A112237001,found,BldRgstHubService.getBrTitleInfo,,,,,,
asset_master,review,asset_field_change_candidate,,site_area,토지면적(㎡),site_area,,3176,,Physical fields may be API-enriched. Review provenance before overwriting.,ast_8645e842633c,A112237001,found,BldRgstHubService.getBrTitleInfo,,,,,,
asset_master,review,asset_field_change_candidate,,parking,주차대수,parking,,옥내 291 / 옥외 0,,Review. Some address/physical fields may intentionally differ after geocode/API cleanup.,ast_8645e842633c,A112237001,found,BldRgstHubService.getBrTitleInfo,,,,,,
asset_master,review,asset_field_change_candidate,,business_stage,사업단계,business_stage,운영/실물,,,Review. Some address/physical fields may intentionally differ after geocode/API cleanup.,ast_1a8c0ab8b13b,A112237002,found,BldRgstHubService.getBrTitleInfo,,,,,,
asset_master,review,asset_field_change_candidate,,portfolio_region,투자지역,portfolio_region,대한민국,,,Review. Some address/physical fields may intentionally differ after geocode/API cleanup.,ast_1a8c0ab8b13b,A112237002,found,BldRgstHubService.getBrTitleInfo,,,,,,
asset_master,review,asset_field_change_candidate,,country_code,국내/해외,country_code,KR,,,Review. Some address/physical fields may intentionally differ after geocode/API cleanup.,ast_1a8c0ab8b13b,A112237002,found,BldRgstHubService.getBrTitleInfo,,,,,,
asset_master,review,asset_field_change_candidate,,site_area,토지면적(㎡),site_area,,4240,,Physical fields may be API-enriched. Review provenance before overwriting.,ast_1a8c0ab8b13b,A112237002,found,BldRgstHubService.getBrTitleInfo,,,,,,
asset_master,review,asset_field_change_candidate,,completion_date,준공(예정)일,completion_date,,1975-10-20,,Review. Some address/physical fields may intentionally differ after geocode/API cleanup.,ast_1a8c0ab8b13b,A112237002,found,BldRgstHubService.getBrTitleInfo,,,,,,
asset_master,review,asset_field_change_candidate,,parking,주차대수,parking,,옥내 98 / 옥외 0,,Review. Some address/physical fields may intentionally differ after geocode/API cleanup.,ast_1a8c0ab8b13b,A112237002,found,BldRgstHubService.getBrTitleInfo,,,,,,
asset_master,review,asset_field_change_candidate,,business_stage,사업단계,business_stage,운영/실물,,,Review. Some address/physical fields may intentionally differ after geocode/API cleanup.,ast_bec58069f5fb,A112237003,found,BldRgstHubService.getBrTitleInfo,,,,,,
asset_master,review,asset_field_change_candidate,,portfolio_region,투자지역,portfolio_region,대한민국,,,Review. Some address/physical fields may intentionally differ after geocode/API cleanup.,ast_bec58069f5fb,A112237003,found,BldRgstHubService.getBrTitleInfo,,,,,,
asset_master,review,asset_field_change_candidate,,country_code,국내/해외,country_code,KR,,,Review. Some address/physical fields may intentionally differ after geocode/API cleanup.,ast_bec58069f5fb,A112237003,found,BldRgstHubService.getBrTitleInfo,,,,,,
asset_master,review,asset_field_change_candidate,,gross_floor_area,연면적(m²),gross_floor_area,,142156,,Physical fields may be API-enriched. Review provenance before overwriting.,ast_bec58069f5fb,A112237003,found,BldRgstHubService.getBrTitleInfo,,,,,,
asset_master,review,asset_field_change_candidate,,site_area,토지면적(㎡),site_area,,0,,Physical fields may be API-enriched. Review provenance before overwriting.,ast_bec58069f5fb,A112237003,found,BldRgstHubService.getBrTitleInfo,,,,,,
asset_master,review,asset_field_change_candidate,,completion_date,준공(예정)일,completion_date,,2010-09-03,,Review. Some address/physical fields may intentionally differ after geocode/API cleanup.,ast_bec58069f5fb,A112237003,found,BldRgstHubService.getBrTitleInfo,,,,,,
asset_master,review,asset_field_change_candidate,,parking,주차대수,parking,,옥내 663 / 옥외 0,,Review. Some address/physical fields may intentionally differ after geocode/API cleanup.,ast_bec58069f5fb,A112237003,found,BldRgstHubService.getBrTitleInfo,,,,,,
asset_master,review,asset_field_change_candidate,,business_stage,사업단계,business_stage,운영/실물,,,Review. Some address/physical fields may intentionally differ after geocode/API cleanup.,ast_3b4b047a6381,A112242001,not_checked,,,,,,,
asset_master,review,asset_field_change_candidate,,portfolio_region,투자지역,portfolio_region,유럽,,,Review. Some address/physical fields may intentionally differ after geocode/API cleanup.,ast_3b4b047a6381,A112242001,not_checked,,,,,,,
asset_master,review,asset_field_change_candidate,,country_code,국내/해외,country_code,OVERSEAS,,,Review. Some address/physical fields may intentionally differ after geocode/API cleanup.,ast_3b4b047a6381,A112242001,not_checked,,,,,,,
asset_master,review,asset_field_change_candidate,,canonical_name,자산(건물)명,canonical_name,도지물류센터,도지물류센터 (투자),,Review. Some address/physical fields may intentionally differ after geocode/API cleanup.,ast_6f4f44b4c3aa,A112245001,found,BldRgstHubService.getBrTitleInfo,,,,,,
asset_master,review,asset_field_change_candidate,,asset_type,기초자산,asset_type,물류센터,,,Review. Some address/physical fields may intentionally differ after geocode/API cleanup.,ast_6f4f44b4c3aa,A112245001,found,BldRgstHubService.getBrTitleInfo,,,,,,
asset_master,review,asset_field_change_candidate,,business_stage,사업단계,business_stage,운영/실물,,,Review. Some address/physical fields may intentionally differ after geocode/API cleanup.,ast_6f4f44b4c3aa,A112245001,found,BldRgstHubService.getBrTitleInfo,,,,,,
asset_master,review,asset_field_change_candidate,,portfolio_region,투자지역,portfolio_region,대한민국,,,Review. Some address/physical fields may intentionally differ after geocode/API cleanup.,ast_6f4f44b4c3aa,A112245001,found,BldRgstHubService.getBrTitleInfo,,,,,,
asset_master,review,asset_field_change_candidate,,site_area,토지면적(㎡),site_area,,0,,Physical fields may be API-enriched. Review provenance before overwriting.,ast_6f4f44b4c3aa,A112245001,found,BldRgstHubService.getBrTitleInfo,,,,,,
asset_master,review,asset_field_change_candidate,,parking,주차대수,parking,,옥내 30 / 옥외 174,,Review. Some address/physical fields may intentionally differ after geocode/API cleanup.,ast_6f4f44b4c3aa,A112245001,found,BldRgstHubService.getBrTitleInfo,,,,,,
asset_master,review,asset_field_change_candidate,,business_stage,사업단계,business_stage,운영/실물,,,Review. Some address/physical fields may intentionally differ after geocode/API cleanup.,ast_55478b8ac17a,A112246001,not_checked,,,,,,,
asset_master,review,asset_field_change_candidate,,portfolio_region,투자지역,portfolio_region,대한민국,,,Review. Some address/physical fields may intentionally differ after geocode/API cleanup.,ast_55478b8ac17a,A112246001,not_checked,,,,,,,
asset_master,review,asset_field_change_candidate,,country_code,국내/해외,country_code,KR,,,Review. Some address/physical fields may intentionally differ after geocode/API cleanup.,ast_55478b8ac17a,A112246001,not_checked,,,,,,,
asset_master,review,asset_field_change_candidate,,business_stage,사업단계,business_stage,운영/실물,,,Review. Some address/physical fields may intentionally differ after geocode/API cleanup.,ast_7045c219d59c,A112247001,not_checked,,,,,,,
asset_master,review,asset_field_change_candidate,,portfolio_region,투자지역,portfolio_region,북미,,,Review. Some address/physical fields may intentionally differ after geocode/API cleanup.,ast_7045c219d59c,A112247001,not_checked,,,,,,,
asset_master,review,asset_field_change_candidate,,country_code,국내/해외,country_code,OVERSEAS,,,Review. Some address/physical fields may intentionally differ after geocode/API cleanup.,ast_7045c219d59c,A112247001,not_checked,,,,,,,
asset_master,review,asset_field_change_candidate,,business_stage,사업단계,business_stage,운영/실물,,,Review. Some address/physical fields may intentionally differ after geocode/API cleanup.,ast_77c2451f5139,A112249001,pending,,,,,,,
asset_master,review,asset_field_change_candidate,,portfolio_region,투자지역,portfolio_region,대한민국,,,Review. Some address/physical fields may intentionally differ after geocode/API cleanup.,ast_77c2451f5139,A112249001,pending,,,,,,,
asset_master,review,asset_field_change_candidate,,business_stage,사업단계,business_stage,운영/실물,,,Review. Some address/physical fields may intentionally differ after geocode/API cleanup.,ast_7a413edaa9cb,A112250001,not_checked,,,,,,,
asset_master,review,asset_field_change_candidate,,portfolio_region,투자지역,portfolio_region,유럽,,,Review. Some address/physical fields may intentionally differ after geocode/API cleanup.,ast_7a413edaa9cb,A112250001,not_checked,,,,,,,
asset_master,review,asset_field_change_candidate,,country_code,국내/해외,country_code,OVERSEAS,,,Review. Some address/physical fields may intentionally differ after geocode/API cleanup.,ast_7a413edaa9cb,A112250001,not_checked,,,,,,,
asset_master,review,asset_field_change_candidate,,business_stage,사업단계,business_stage,운영/실물,,,Review. Some address/physical fields may intentionally differ after geocode/API cleanup.,ast_ede5ff41c84e,A112251001,found,BldRgstHubService.getBrTitleInfo,,,,,,
asset_master,review,asset_field_change_candidate,,portfolio_region,투자지역,portfolio_region,대한민국,,,Review. Some address/physical fields may intentionally differ after geocode/API cleanup.,ast_ede5ff41c84e,A112251001,found,BldRgstHubService.getBrTitleInfo,,,,,,
asset_master,review,asset_field_change_candidate,,country_code,국내/해외,country_code,KR,,,Review. Some address/physical fields may intentionally differ after geocode/API cleanup.,ast_ede5ff41c84e,A112251001,found,BldRgstHubService.getBrTitleInfo,,,,,,
asset_master,review,asset_field_change_candidate,,site_area,토지면적(㎡),site_area,,968,,Physical fields may be API-enriched. Review provenance before overwriting.,ast_ede5ff41c84e,A112251001,found,BldRgstHubService.getBrTitleInfo,,,,,,
asset_master,review,asset_field_change_candidate,,parking,주차대수,parking,,옥내 39 / 옥외 1,,Review. Some address/physical fields may intentionally differ after geocode/API cleanup.,ast_ede5ff41c84e,A112251001,found,BldRgstHubService.getBrTitleInfo,,,,,,
asset_master,review,asset_field_change_candidate,,business_stage,사업단계,business_stage,운영/실물,,,Review. Some address/physical fields may intentionally differ after geocode/API cleanup.,ast_79be067b7ddd,A112252001,found,BldRgstHubService.getBrTitleInfo,,,,,,
asset_master,review,asset_field_change_candidate,,portfolio_region,투자지역,portfolio_region,대한민국,,,Review. Some address/physical fields may intentionally differ after geocode/API cleanup.,ast_79be067b7ddd,A112252001,found,BldRgstHubService.getBrTitleInfo,,,,,,
asset_master,review,asset_field_change_candidate,,country_code,국내/해외,country_code,KR,,,Review. Some address/physical fields may intentionally differ after geocode/API cleanup.,ast_79be067b7ddd,A112252001,found,BldRgstHubService.getBrTitleInfo,,,,,,
asset_master,review,asset_field_change_candidate,,gross_floor_area,연면적(m²),gross_floor_area,,12986,,Physical fields may be API-enriched. Review provenance before overwriting.,ast_79be067b7ddd,A112252001,found,BldRgstHubService.getBrTitleInfo,,,,,,
asset_master,review,asset_field_change_candidate,,site_area,토지면적(㎡),site_area,,1074,,Physical fields may be API-enriched. Review provenance before overwriting.,ast_79be067b7ddd,A112252001,found,BldRgstHubService.getBrTitleInfo,,,,,,
asset_master,review,asset_field_change_candidate,,completion_date,준공(예정)일,completion_date,,2021-04-23,,Review. Some address/physical fields may intentionally differ after geocode/API cleanup.,ast_79be067b7ddd,A112252001,found,BldRgstHubService.getBrTitleInfo,,,,,,
asset_master,review,asset_field_change_candidate,,parking,주차대수,parking,,옥내 185 / 옥외 0,,Review. Some address/physical fields may intentionally differ after geocode/API cleanup.,ast_79be067b7ddd,A112252001,found,BldRgstHubService.getBrTitleInfo,,,,,,
asset_master,review,asset_field_change_candidate,,address_text,"전체주소(시/도, 구/군 포함)",address_text,부산시 사상구 괘법동 564-8번지,부산광역시 사상구 괘법동 564-8,,Review. Some address/physical fields may intentionally differ after geocode/API cleanup.,ast_b6574cf0dc13,A112252002,found,BldRgstHubService.getBrTitleInfo,,,,,,
asset_master,review,asset_field_change_candidate,,asset_type,기초자산,asset_type,오피스복합,,,Review. Some address/physical fields may intentionally differ after geocode/API cleanup.,ast_b6574cf0dc13,A112252002,found,BldRgstHubService.getBrTitleInfo,,,,,,
asset_master,review,asset_field_change_candidate,,business_stage,사업단계,business_stage,운영/실물,,,Review. Some address/physical fields may intentionally differ after geocode/API cleanup.,ast_b6574cf0dc13,A112252002,found,BldRgstHubService.getBrTitleInfo,,,,,,
asset_master,review,asset_field_change_candidate,,portfolio_region,투자지역,portfolio_region,대한민국,,,Review. Some address/physical fields may intentionally differ after geocode/API cleanup.,ast_b6574cf0dc13,A112252002,found,BldRgstHubService.getBrTitleInfo,,,,,,
asset_master,review,asset_field_change_candidate,,gross_floor_area,연면적(m²),gross_floor_area,,22921,,Physical fields may be API-enriched. Review provenance before overwriting.,ast_b6574cf0dc13,A112252002,found,BldRgstHubService.getBrTitleInfo,,,,,,
asset_master,review,asset_field_change_candidate,,site_area,토지면적(㎡),site_area,,1658,,Physical fields may be API-enriched. Review provenance before overwriting.,ast_b6574cf0dc13,A112252002,found,BldRgstHubService.getBrTitleInfo,,,,,,
asset_master,review,asset_field_change_candidate,,completion_date,준공(예정)일,completion_date,,2021-01-25,,Review. Some address/physical fields may intentionally differ after geocode/API cleanup.,ast_b6574cf0dc13,A112252002,found,BldRgstHubService.getBrTitleInfo,,,,,,
asset_master,review,asset_field_change_candidate,,parking,주차대수,parking,,옥내 58 / 옥외 0,,Review. Some address/physical fields may intentionally differ after geocode/API cleanup.,ast_b6574cf0dc13,A112252002,found,BldRgstHubService.getBrTitleInfo,,,,,,
asset_master,review,asset_field_change_candidate,,canonical_name,자산(건물)명,canonical_name,잭니클라우스GC 단독주택부지 담보신탁 1순위 우선수익권 담보부대출,잭니클라우스GC 단독주택부지 담보신탁 1순위 우선수익권 담보부,,Review. Some address/physical fields may intentionally differ after geocode/API cleanup.,ast_bd308f82a818,A112255001,found,BldRgstHubService.getBrTitleInfo,,,,,,
asset_master,review,asset_field_change_candidate,,address_text,"전체주소(시/도, 구/군 포함)",address_text,인천광역시 연수구 송도동 117-91외,인천광역시 연수구 송도동 117-91,,Review. Some address/physical fields may intentionally differ after geocode/API cleanup.,ast_bd308f82a818,A112255001,found,BldRgstHubService.getBrTitleInfo,,,,,,
asset_master,review,asset_field_change_candidate,,asset_type,기초자산,asset_type,주거,,,Review. Some address/physical fields may intentionally differ after geocode/API cleanup.,ast_bd308f82a818,A112255001,found,BldRgstHubService.getBrTitleInfo,,,,,,
asset_master,review,asset_field_change_candidate,,business_stage,사업단계,business_stage,운영/실물,,,Review. Some address/physical fields may intentionally differ after geocode/API cleanup.,ast_bd308f82a818,A112255001,found,BldRgstHubService.getBrTitleInfo,,,,,,
asset_master,review,asset_field_change_candidate,,portfolio_region,투자지역,portfolio_region,대한민국,,,Review. Some address/physical fields may intentionally differ after geocode/API cleanup.,ast_bd308f82a818,A112255001,found,BldRgstHubService.getBrTitleInfo,,,,,,
asset_master,review,asset_field_change_candidate,,gross_floor_area,연면적(m²),gross_floor_area,,454,,Physical fields may be API-enriched. Review provenance before overwriting.,ast_bd308f82a818,A112255001,found,BldRgstHubService.getBrTitleInfo,,,,,,
asset_master,review,asset_field_change_candidate,,site_area,토지면적(㎡),site_area,,460,,Physical fields may be API-enriched. Review provenance before overwriting.,ast_bd308f82a818,A112255001,found,BldRgstHubService.getBrTitleInfo,,,,,,
asset_master,review,asset_field_change_candidate,,completion_date,준공(예정)일,completion_date,,2024-10-22,,Review. Some address/physical fields may intentionally differ after geocode/API cleanup.,ast_bd308f82a818,A112255001,found,BldRgstHubService.getBrTitleInfo,,,,,,
asset_master,review,asset_field_change_candidate,,parking,주차대수,parking,,옥내 3 / 옥외 0,,Review. Some address/physical fields may intentionally differ after geocode/API cleanup.,ast_bd308f82a818,A112255001,found,BldRgstHubService.getBrTitleInfo,,,,,,
asset_master,review,asset_field_change_candidate,,business_stage,사업단계,business_stage,운영/실물,,,Review. Some address/physical fields may intentionally differ after geocode/API cleanup.,ast_403ec12279a7,A112256001,not_checked,,,,,,,
asset_master,review,asset_field_change_candidate,,portfolio_region,투자지역,portfolio_region,북미,,,Review. Some address/physical fields may intentionally differ after geocode/API cleanup.,ast_403ec12279a7,A112256001,not_checked,,,,,,,
asset_master,review,asset_field_change_candidate,,country_code,국내/해외,country_code,OVERSEAS,,,Review. Some address/physical fields may intentionally differ after geocode/API cleanup.,ast_403ec12279a7,A112256001,not_checked,,,,,,,
asset_master,review,asset_field_change_candidate,,business_stage,사업단계,business_stage,운영/실물,,,Review. Some address/physical fields may intentionally differ after geocode/API cleanup.,ast_7bb76c255a79,A112258001,found,BldRgstHubService.getBrTitleInfo,,,,,,
asset_master,review,asset_field_change_candidate,,portfolio_region,투자지역,portfolio_region,대한민국,,,Review. Some address/physical fields may intentionally differ after geocode/API cleanup.,ast_7bb76c255a79,A112258001,found,BldRgstHubService.getBrTitleInfo,,,,,,
asset_master,review,asset_field_change_candidate,,country_code,국내/해외,country_code,KR,,,Review. Some address/physical fields may intentionally differ after geocode/API cleanup.,ast_7bb76c255a79,A112258001,found,BldRgstHubService.getBrTitleInfo,,,,,,
asset_master,review,asset_field_change_candidate,,gross_floor_area,연면적(m²),gross_floor_area,,6102,,Physical fields may be API-enriched. Review provenance before overwriting.,ast_7bb76c255a79,A112258001,found,BldRgstHubService.getBrTitleInfo,,,,,,
asset_master,review,asset_field_change_candidate,,site_area,토지면적(㎡),site_area,,1238,,Physical fields may be API-enriched. Review provenance before overwriting.,ast_7bb76c255a79,A112258001,found,BldRgstHubService.getBrTitleInfo,,,,,,
asset_master,review,asset_field_change_candidate,,completion_date,준공(예정)일,completion_date,,2019-12-30,,Review. Some address/physical fields may intentionally differ after geocode/API cleanup.,ast_7bb76c255a79,A112258001,found,BldRgstHubService.getBrTitleInfo,,,,,,
asset_master,review,asset_field_change_candidate,,parking,주차대수,parking,,옥내 44 / 옥외 4,,Review. Some address/physical fields may intentionally differ after geocode/API cleanup.,ast_7bb76c255a79,A112258001,found,BldRgstHubService.getBrTitleInfo,,,,,,
asset_master,review,asset_field_change_candidate,,business_stage,사업단계,business_stage,운영/실물,,,Review. Some address/physical fields may intentionally differ after geocode/API cleanup.,ast_8fdf7890a11b,A112259001,not_checked,,,,,,,
asset_master,review,asset_field_change_candidate,,portfolio_region,투자지역,portfolio_region,대한민국,,,Review. Some address/physical fields may intentionally differ after geocode/API cleanup.,ast_8fdf7890a11b,A112259001,not_checked,,,,,,,
asset_master,review,asset_field_change_candidate,,country_code,국내/해외,country_code,KR,,,Review. Some address/physical fields may intentionally differ after geocode/API cleanup.,ast_8fdf7890a11b,A112259001,not_checked,,,,,,,
asset_master,review,asset_field_change_candidate,,portfolio_region,투자지역,portfolio_region,글로벌,,,Review. Some address/physical fields may intentionally differ after geocode/API cleanup.,ast_fbe13b6b1e0a,A112260001,not_checked,,,,,,,
asset_master,review,asset_field_change_candidate,,country_code,국내/해외,country_code,OVERSEAS,,,Review. Some address/physical fields may intentionally differ after geocode/API cleanup.,ast_fbe13b6b1e0a,A112260001,not_checked,,,,,,,
asset_master,review,asset_field_change_candidate,,business_stage,사업단계,business_stage,운영/실물,,,Review. Some address/physical fields may intentionally differ after geocode/API cleanup.,ast_1273fe709763,A112264001,not_checked,,,,,,,
asset_master,review,asset_field_change_candidate,,portfolio_region,투자지역,portfolio_region,대한민국,,,Review. Some address/physical fields may intentionally differ after geocode/API cleanup.,ast_1273fe709763,A112264001,not_checked,,,,,,,
asset_master,review,asset_field_change_candidate,,business_stage,사업단계,business_stage,운영/실물,,,Review. Some address/physical fields may intentionally differ after geocode/API cleanup.,ast_fd58b1c03da5,A112267001,not_checked,,,,,,,
asset_master,review,asset_field_change_candidate,,portfolio_region,투자지역,portfolio_region,아시아,,,Review. Some address/physical fields may intentionally differ after geocode/API cleanup.,ast_fd58b1c03da5,A112267001,not_checked,,,,,,,
asset_master,review,asset_field_change_candidate,,country_code,국내/해외,country_code,OVERSEAS,,,Review. Some address/physical fields may intentionally differ after geocode/API cleanup.,ast_fd58b1c03da5,A112267001,not_checked,,,,,,,
asset_master,review,asset_field_change_candidate,,business_stage,사업단계,business_stage,운영/실물,,,Review. Some address/physical fields may intentionally differ after geocode/API cleanup.,ast_dc0316795e8e,A112268001,found,BldRgstHubService.getBrTitleInfo,,,,,,
asset_master,review,asset_field_change_candidate,,portfolio_region,투자지역,portfolio_region,대한민국,,,Review. Some address/physical fields may intentionally differ after geocode/API cleanup.,ast_dc0316795e8e,A112268001,found,BldRgstHubService.getBrTitleInfo,,,,,,
asset_master,review,asset_field_change_candidate,,site_area,토지면적(㎡),site_area,,742,,Physical fields may be API-enriched. Review provenance before overwriting.,ast_dc0316795e8e,A112268001,found,BldRgstHubService.getBrTitleInfo,,,,,,
asset_master,review,asset_field_change_candidate,,business_stage,사업단계,business_stage,운영/실물,,,Review. Some address/physical fields may intentionally differ after geocode/API cleanup.,ast_0e748b87e46f,A112270001,found,BldRgstHubService.getBrTitleInfo,,,,,,
asset_master,review,asset_field_change_candidate,,portfolio_region,투자지역,portfolio_region,대한민국,,,Review. Some address/physical fields may intentionally differ after geocode/API cleanup.,ast_0e748b87e46f,A112270001,found,BldRgstHubService.getBrTitleInfo,,,,,,
asset_master,review,asset_field_change_candidate,,site_area,토지면적(㎡),site_area,,2155,,Physical fields may be API-enriched. Review provenance before overwriting.,ast_0e748b87e46f,A112270001,found,BldRgstHubService.getBrTitleInfo,,,,,,
asset_master,review,asset_field_change_candidate,,completion_date,준공(예정)일,completion_date,,1993-07-29,,Review. Some address/physical fields may intentionally differ after geocode/API cleanup.,ast_0e748b87e46f,A112270001,found,BldRgstHubService.getBrTitleInfo,,,,,,
asset_master,review,asset_field_change_candidate,,parking,주차대수,parking,,옥내 68 / 옥외 12,,Review. Some address/physical fields may intentionally differ after geocode/API cleanup.,ast_0e748b87e46f,A112270001,found,BldRgstHubService.getBrTitleInfo,,,,,,
asset_master,review,asset_field_change_candidate,,business_stage,사업단계,business_stage,운영/실물,,,Review. Some address/physical fields may intentionally differ after geocode/API cleanup.,ast_cbc413cdfd7f,A112274001,not_checked,,,,,,,
asset_master,review,asset_field_change_candidate,,portfolio_region,투자지역,portfolio_region,대한민국,,,Review. Some address/physical fields may intentionally differ after geocode/API cleanup.,ast_cbc413cdfd7f,A112274001,not_checked,,,,,,,
asset_master,review,asset_field_change_candidate,,country_code,국내/해외,country_code,KR,,,Review. Some address/physical fields may intentionally differ after geocode/API cleanup.,ast_cbc413cdfd7f,A112274001,not_checked,,,,,,,
asset_master,review,asset_field_change_candidate,,business_stage,사업단계,business_stage,운영/실물,,,Review. Some address/physical fields may intentionally differ after geocode/API cleanup.,ast_8f71aef30468,A112275001,not_checked,,,,,,,
asset_master,review,asset_field_change_candidate,,portfolio_region,투자지역,portfolio_region,대한민국,,,Review. Some address/physical fields may intentionally differ after geocode/API cleanup.,ast_8f71aef30468,A112275001,not_checked,,,,,,,
asset_master,review,asset_field_change_candidate,,country_code,국내/해외,country_code,KR,,,Review. Some address/physical fields may intentionally differ after geocode/API cleanup.,ast_8f71aef30468,A112275001,not_checked,,,,,,,
asset_master,review,asset_field_change_candidate,,business_stage,사업단계,business_stage,운영/실물,,,Review. Some address/physical fields may intentionally differ after geocode/API cleanup.,ast_3b3e44da06d7,A112276001,found,BldRgstHubService.getBrTitleInfo,,,,,,
asset_master,review,asset_field_change_candidate,,portfolio_region,투자지역,portfolio_region,대한민국,,,Review. Some address/physical fields may intentionally differ after geocode/API cleanup.,ast_3b3e44da06d7,A112276001,found,BldRgstHubService.getBrTitleInfo,,,,,,
asset_master,review,asset_field_change_candidate,,country_code,국내/해외,country_code,KR,,,Review. Some address/physical fields may intentionally differ after geocode/API cleanup.,ast_3b3e44da06d7,A112276001,found,BldRgstHubService.getBrTitleInfo,,,,,,
asset_master,review,asset_field_change_candidate,,gross_floor_area,연면적(m²),gross_floor_area,,516,,Physical fields may be API-enriched. Review provenance before overwriting.,ast_3b3e44da06d7,A112276001,found,BldRgstHubService.getBrTitleInfo,,,,,,
asset_master,review,asset_field_change_candidate,,site_area,토지면적(㎡),site_area,,0,,Physical fields may be API-enriched. Review provenance before overwriting.,ast_3b3e44da06d7,A112276001,found,BldRgstHubService.getBrTitleInfo,,,,,,
asset_master,review,asset_field_change_candidate,,address_text,"전체주소(시/도, 구/군 포함)",address_text,경기도 파주시 와동동 1433번지,경기도 파주시 와동동 1433,,Review. Some address/physical fields may intentionally differ after geocode/API cleanup.,ast_8d2911b657d8,A112277001,found,BldRgstHubService.getBrTitleInfo,,,,,,
asset_master,review,asset_field_change_candidate,,asset_type,기초자산,asset_type,오피스,,,Review. Some address/physical fields may intentionally differ after geocode/API cleanup.,ast_8d2911b657d8,A112277001,found,BldRgstHubService.getBrTitleInfo,,,,,,
asset_master,review,asset_field_change_candidate,,business_stage,사업단계,business_stage,운영/실물,,,Review. Some address/physical fields may intentionally differ after geocode/API cleanup.,ast_8d2911b657d8,A112277001,found,BldRgstHubService.getBrTitleInfo,,,,,,
asset_master,review,asset_field_change_candidate,,portfolio_region,투자지역,portfolio_region,대한민국,,,Review. Some address/physical fields may intentionally differ after geocode/API cleanup.,ast_8d2911b657d8,A112277001,found,BldRgstHubService.getBrTitleInfo,,,,,,
asset_master,review,asset_field_change_candidate,,gross_floor_area,연면적(m²),gross_floor_area,,22922,,Physical fields may be API-enriched. Review provenance before overwriting.,ast_8d2911b657d8,A112277001,found,BldRgstHubService.getBrTitleInfo,,,,,,
asset_master,review,asset_field_change_candidate,,site_area,토지면적(㎡),site_area,,1996,,Physical fields may be API-enriched. Review provenance before overwriting.,ast_8d2911b657d8,A112277001,found,BldRgstHubService.getBrTitleInfo,,,,,,
asset_master,review,asset_field_change_candidate,,completion_date,준공(예정)일,completion_date,,2021-01-08,,Review. Some address/physical fields may intentionally differ after geocode/API cleanup.,ast_8d2911b657d8,A112277001,found,BldRgstHubService.getBrTitleInfo,,,,,,
asset_master,review,asset_field_change_candidate,,parking,주차대수,parking,,옥내 133 / 옥외 0,,Review. Some address/physical fields may intentionally differ after geocode/API cleanup.,ast_8d2911b657d8,A112277001,found,BldRgstHubService.getBrTitleInfo,,,,,,
asset_master,review,asset_field_change_candidate,,business_stage,사업단계,business_stage,운영/실물,,,Review. Some address/physical fields may intentionally differ after geocode/API cleanup.,ast_5264d55d0bc9,A112278001,not_checked,,,,,,,
asset_master,review,asset_field_change_candidate,,portfolio_region,투자지역,portfolio_region,유럽,,,Review. Some address/physical fields may intentionally differ after geocode/API cleanup.,ast_5264d55d0bc9,A112278001,not_checked,,,,,,,
asset_master,review,asset_field_change_candidate,,country_code,국내/해외,country_code,OVERSEAS,,,Review. Some address/physical fields may intentionally differ after geocode/API cleanup.,ast_5264d55d0bc9,A112278001,not_checked,,,,,,,
asset_master,review,asset_field_change_candidate,,business_stage,사업단계,business_stage,운영/실물,,,Review. Some address/physical fields may intentionally differ after geocode/API cleanup.,ast_b37459d7bd24,A112279001,found,BldRgstHubService.getBrTitleInfo,,,,,,
asset_master,review,asset_field_change_candidate,,portfolio_region,투자지역,portfolio_region,대한민국,,,Review. Some address/physical fields may intentionally differ after geocode/API cleanup.,ast_b37459d7bd24,A112279001,found,BldRgstHubService.getBrTitleInfo,,,,,,
asset_master,review,asset_field_change_candidate,,country_code,국내/해외,country_code,KR,,,Review. Some address/physical fields may intentionally differ after geocode/API cleanup.,ast_b37459d7bd24,A112279001,found,BldRgstHubService.getBrTitleInfo,,,,,,
asset_master,review,asset_field_change_candidate,,site_area,토지면적(㎡),site_area,,8693,,Physical fields may be API-enriched. Review provenance before overwriting.,ast_b37459d7bd24,A112279001,found,BldRgstHubService.getBrTitleInfo,,,,,,
asset_master,review,asset_field_change_candidate,,completion_date,준공(예정)일,completion_date,,2013-09-02,,Review. Some address/physical fields may intentionally differ after geocode/API cleanup.,ast_b37459d7bd24,A112279001,found,BldRgstHubService.getBrTitleInfo,,,,,,
asset_master,review,asset_field_change_candidate,,parking,주차대수,parking,,옥내 0 / 옥외 213,,Review. Some address/physical fields may intentionally differ after geocode/API cleanup.,ast_b37459d7bd24,A112279001,found,BldRgstHubService.getBrTitleInfo,,,,,,
asset_master,review,asset_field_change_candidate,,business_stage,사업단계,business_stage,운영/실물,,,Review. Some address/physical fields may intentionally differ after geocode/API cleanup.,ast_d36d4302f996,A112285001,not_checked,,,,,,,
asset_master,review,asset_field_change_candidate,,portfolio_region,투자지역,portfolio_region,대한민국,,,Review. Some address/physical fields may intentionally differ after geocode/API cleanup.,ast_d36d4302f996,A112285001,not_checked,,,,,,,
asset_master,review,asset_field_change_candidate,,address_text,"전체주소(시/도, 구/군 포함)",address_text,서울시 강동구 성내동 87-1번지 일원,성내동 190-11,,Review. Some address/physical fields may intentionally differ after geocode/API cleanup.,ast_021767a7f029,A112287001,found,BldRgstHubService.getBrTitleInfo,,,,,,
asset_master,review,asset_field_change_candidate,,asset_type,기초자산,asset_type,주거,,,Review. Some address/physical fields may intentionally differ after geocode/API cleanup.,ast_021767a7f029,A112287001,found,BldRgstHubService.getBrTitleInfo,,,,,,
asset_master,review,asset_field_change_candidate,,business_stage,사업단계,business_stage,운영/실물,,,Review. Some address/physical fields may intentionally differ after geocode/API cleanup.,ast_021767a7f029,A112287001,found,BldRgstHubService.getBrTitleInfo,,,,,,
asset_master,review,asset_field_change_candidate,,portfolio_region,투자지역,portfolio_region,대한민국,,,Review. Some address/physical fields may intentionally differ after geocode/API cleanup.,ast_021767a7f029,A112287001,found,BldRgstHubService.getBrTitleInfo,,,,,,
asset_master,review,asset_field_change_candidate,,gross_floor_area,연면적(m²),gross_floor_area,,191,,Physical fields may be API-enriched. Review provenance before overwriting.,ast_021767a7f029,A112287001,found,BldRgstHubService.getBrTitleInfo,,,,,,
asset_master,review,asset_field_change_candidate,,site_area,토지면적(㎡),site_area,,0,,Physical fields may be API-enriched. Review provenance before overwriting.,ast_021767a7f029,A112287001,found,BldRgstHubService.getBrTitleInfo,,,,,,
asset_master,review,asset_field_change_candidate,,completion_date,준공(예정)일,completion_date,,1974-12-23,,Review. Some address/physical fields may intentionally differ after geocode/API cleanup.,ast_021767a7f029,A112287001,found,BldRgstHubService.getBrTitleInfo,,,,,,
asset_master,review,asset_field_change_candidate,,parking,주차대수,parking,,옥내 0 / 옥외 0,,Review. Some address/physical fields may intentionally differ after geocode/API cleanup.,ast_021767a7f029,A112287001,found,BldRgstHubService.getBrTitleInfo,,,,,,
asset_master,review,asset_field_change_candidate,,address_text,"전체주소(시/도, 구/군 포함)",address_text,경기도 화성시 반송동 96/98번지,경기도 화성시 동탄구 반송동 96,,Review. Some address/physical fields may intentionally differ after geocode/API cleanup.,ast_75c6cda594b3,A112290001,found,BldRgstHubService.getBrTitleInfo,,,,,,
asset_master,review,asset_field_change_candidate,,business_stage,사업단계,business_stage,운영/실물,,,Review. Some address/physical fields may intentionally differ after geocode/API cleanup.,ast_75c6cda594b3,A112290001,found,BldRgstHubService.getBrTitleInfo,,,,,,
asset_master,review,asset_field_change_candidate,,portfolio_region,투자지역,portfolio_region,대한민국,,,Review. Some address/physical fields may intentionally differ after geocode/API cleanup.,ast_75c6cda594b3,A112290001,found,BldRgstHubService.getBrTitleInfo,,,,,,
asset_master,review,asset_field_change_candidate,,site_area,토지면적(㎡),site_area,,0,,Physical fields may be API-enriched. Review provenance before overwriting.,ast_75c6cda594b3,A112290001,found,BldRgstHubService.getBrTitleInfo,,,,,,
asset_master,review,asset_field_change_candidate,,parking,주차대수,parking,,옥내 663 / 옥외 0,,Review. Some address/physical fields may intentionally differ after geocode/API cleanup.,ast_75c6cda594b3,A112290001,found,BldRgstHubService.getBrTitleInfo,,,,,,
asset_master,review,asset_field_change_candidate,,business_stage,사업단계,business_stage,운영/실물,,,Review. Some address/physical fields may intentionally differ after geocode/API cleanup.,ast_e1d9cebad545,A112291001,not_checked,,,,,,,
asset_master,review,asset_field_change_candidate,,portfolio_region,투자지역,portfolio_region,대한민국,,,Review. Some address/physical fields may intentionally differ after geocode/API cleanup.,ast_e1d9cebad545,A112291001,not_checked,,,,,,,
asset_master,review,asset_field_change_candidate,,country_code,국내/해외,country_code,KR,,,Review. Some address/physical fields may intentionally differ after geocode/API cleanup.,ast_e1d9cebad545,A112291001,not_checked,,,,,,,
asset_master,review,asset_field_change_candidate,,business_stage,사업단계,business_stage,운영/실물,,,Review. Some address/physical fields may intentionally differ after geocode/API cleanup.,ast_762c9fa6b134,A112292001,found,BldRgstHubService.getBrTitleInfo,,,,,,
asset_master,review,asset_field_change_candidate,,portfolio_region,투자지역,portfolio_region,대한민국,,,Review. Some address/physical fields may intentionally differ after geocode/API cleanup.,ast_762c9fa6b134,A112292001,found,BldRgstHubService.getBrTitleInfo,,,,,,
asset_master,review,asset_field_change_candidate,,country_code,국내/해외,country_code,KR,,,Review. Some address/physical fields may intentionally differ after geocode/API cleanup.,ast_762c9fa6b134,A112292001,found,BldRgstHubService.getBrTitleInfo,,,,,,
asset_master,review,asset_field_change_candidate,,site_area,토지면적(㎡),site_area,,2155,,Physical fields may be API-enriched. Review provenance before overwriting.,ast_762c9fa6b134,A112292001,found,BldRgstHubService.getBrTitleInfo,,,,,,
asset_master,review,asset_field_change_candidate,,completion_date,준공(예정)일,completion_date,,1993-07-29,,Review. Some address/physical fields may intentionally differ after geocode/API cleanup.,ast_762c9fa6b134,A112292001,found,BldRgstHubService.getBrTitleInfo,,,,,,
asset_master,review,asset_field_change_candidate,,parking,주차대수,parking,,옥내 68 / 옥외 12,,Review. Some address/physical fields may intentionally differ after geocode/API cleanup.,ast_762c9fa6b134,A112292001,found,BldRgstHubService.getBrTitleInfo,,,,,,
asset_master,review,asset_field_change_candidate,,business_stage,사업단계,business_stage,운영/실물,,,Review. Some address/physical fields may intentionally differ after geocode/API cleanup.,ast_2397942b2f4e,A112293001,not_checked,,,,,,,
asset_master,review,asset_field_change_candidate,,portfolio_region,투자지역,portfolio_region,대한민국,,,Review. Some address/physical fields may intentionally differ after geocode/API cleanup.,ast_2397942b2f4e,A112293001,not_checked,,,,,,,
asset_master,review,asset_field_change_candidate,,country_code,국내/해외,country_code,KR,,,Review. Some address/physical fields may intentionally differ after geocode/API cleanup.,ast_2397942b2f4e,A112293001,not_checked,,,,,,,
asset_master,review,asset_field_change_candidate,,canonical_name,자산(건물)명,canonical_name,수원 이비스 앰배서더 수원 호텔 후순위 담보대출,수원 이비스 앰배서더 수원 호텔 후순위,,Review. Some address/physical fields may intentionally differ after geocode/API cleanup.,ast_90a7471e6e20,A112294001,found,BldRgstHubService.getBrTitleInfo,,,,,,
asset_master,review,asset_field_change_candidate,,asset_type,기초자산,asset_type,호텔,,,Review. Some address/physical fields may intentionally differ after geocode/API cleanup.,ast_90a7471e6e20,A112294001,found,BldRgstHubService.getBrTitleInfo,,,,,,
asset_master,review,asset_field_change_candidate,,business_stage,사업단계,business_stage,운영/실물,,,Review. Some address/physical fields may intentionally differ after geocode/API cleanup.,ast_90a7471e6e20,A112294001,found,BldRgstHubService.getBrTitleInfo,,,,,,
asset_master,review,asset_field_change_candidate,,portfolio_region,투자지역,portfolio_region,대한민국,,,Review. Some address/physical fields may intentionally differ after geocode/API cleanup.,ast_90a7471e6e20,A112294001,found,BldRgstHubService.getBrTitleInfo,,,,,,
asset_master,review,asset_field_change_candidate,,gross_floor_area,연면적(m²),gross_floor_area,,39951,,Physical fields may be API-enriched. Review provenance before overwriting.,ast_90a7471e6e20,A112294001,found,BldRgstHubService.getBrTitleInfo,,,,,,
asset_master,review,asset_field_change_candidate,,site_area,토지면적(㎡),site_area,,3364,,Physical fields may be API-enriched. Review provenance before overwriting.,ast_90a7471e6e20,A112294001,found,BldRgstHubService.getBrTitleInfo,,,,,,
asset_master,review,asset_field_change_candidate,,completion_date,준공(예정)일,completion_date,,1995-08-30,,Review. Some address/physical fields may intentionally differ after geocode/API cleanup.,ast_90a7471e6e20,A112294001,found,BldRgstHubService.getBrTitleInfo,,,,,,
asset_master,review,asset_field_change_candidate,,parking,주차대수,parking,,옥내 330 / 옥외 0,,Review. Some address/physical fields may intentionally differ after geocode/API cleanup.,ast_90a7471e6e20,A112294001,found,BldRgstHubService.getBrTitleInfo,,,,,,
asset_master,review,asset_field_change_candidate,,portfolio_region,투자지역,portfolio_region,북미,,,Review. Some address/physical fields may intentionally differ after geocode/API cleanup.,ast_b4128c33bb53,A112295001,not_checked,,,,,,,
asset_master,review,asset_field_change_candidate,,country_code,국내/해외,country_code,OVERSEAS,,,Review. Some address/physical fields may intentionally differ after geocode/API cleanup.,ast_b4128c33bb53,A112295001,not_checked,,,,,,,
asset_master,review,asset_field_change_candidate,,canonical_name,자산(건물)명,canonical_name,광교 아이파크 주상복합 내 판매시설 선순위 담보 대출채권,광교 아이파크 주상복합 내 판매시설 선순위 담보,,Review. Some address/physical fields may intentionally differ after geocode/API cleanup.,ast_9b294af79693,A112296001,found,BldRgstHubService.getBrTitleInfo,,,,,,
asset_master,review,asset_field_change_candidate,,address_text,"전체주소(시/도, 구/군 포함)",address_text,경기도 수원시 영통구 원천동 593번지 일원,경기도 수원시 영통구 원천동 593,,Review. Some address/physical fields may intentionally differ after geocode/API cleanup.,ast_9b294af79693,A112296001,found,BldRgstHubService.getBrTitleInfo,,,,,,
asset_master,review,asset_field_change_candidate,,asset_type,기초자산,asset_type,리테일,,,Review. Some address/physical fields may intentionally differ after geocode/API cleanup.,ast_9b294af79693,A112296001,found,BldRgstHubService.getBrTitleInfo,,,,,,
asset_master,review,asset_field_change_candidate,,business_stage,사업단계,business_stage,운영/실물,,,Review. Some address/physical fields may intentionally differ after geocode/API cleanup.,ast_9b294af79693,A112296001,found,BldRgstHubService.getBrTitleInfo,,,,,,
asset_master,review,asset_field_change_candidate,,portfolio_region,투자지역,portfolio_region,대한민국,,,Review. Some address/physical fields may intentionally differ after geocode/API cleanup.,ast_9b294af79693,A112296001,found,BldRgstHubService.getBrTitleInfo,,,,,,
asset_master,review,asset_field_change_candidate,,gross_floor_area,연면적(m²),gross_floor_area,,152,,Physical fields may be API-enriched. Review provenance before overwriting.,ast_9b294af79693,A112296001,found,BldRgstHubService.getBrTitleInfo,,,,,,
asset_master,review,asset_field_change_candidate,,site_area,토지면적(㎡),site_area,,0,,Physical fields may be API-enriched. Review provenance before overwriting.,ast_9b294af79693,A112296001,found,BldRgstHubService.getBrTitleInfo,,,,,,
asset_master,review,asset_field_change_candidate,,completion_date,준공(예정)일,completion_date,,2018-09-28,,Review. Some address/physical fields may intentionally differ after geocode/API cleanup.,ast_9b294af79693,A112296001,found,BldRgstHubService.getBrTitleInfo,,,,,,
asset_master,review,asset_field_change_candidate,,parking,주차대수,parking,,옥내 0 / 옥외 0,,Review. Some address/physical fields may intentionally differ after geocode/API cleanup.,ast_9b294af79693,A112296001,found,BldRgstHubService.getBrTitleInfo,,,,,,
asset_master,review,asset_field_change_candidate,,business_stage,사업단계,business_stage,운영/실물,,,Review. Some address/physical fields may intentionally differ after geocode/API cleanup.,ast_854de4d7b05b,A112297001,not_checked,,,,,,,
asset_master,review,asset_field_change_candidate,,portfolio_region,투자지역,portfolio_region,대한민국,,,Review. Some address/physical fields may intentionally differ after geocode/API cleanup.,ast_854de4d7b05b,A112297001,not_checked,,,,,,,
asset_master,review,asset_field_change_candidate,,country_code,국내/해외,country_code,KR,,,Review. Some address/physical fields may intentionally differ after geocode/API cleanup.,ast_854de4d7b05b,A112297001,not_checked,,,,,,,
asset_master,review,asset_field_change_candidate,,address_text,"전체주소(시/도, 구/군 포함)",address_text,서울 송파구 잠실동 183-12외 2필지,서울특별시 송파구 잠실동 183-12,,Review. Some address/physical fields may intentionally differ after geocode/API cleanup.,ast_56e6a7e4b54b,A112298001,found,BldRgstHubService.getBrTitleInfo,,,,,,
asset_master,review,asset_field_change_candidate,,asset_type,기초자산,asset_type,주거,,,Review. Some address/physical fields may intentionally differ after geocode/API cleanup.,ast_56e6a7e4b54b,A112298001,found,BldRgstHubService.getBrTitleInfo,,,,,,
asset_master,review,asset_field_change_candidate,,business_stage,사업단계,business_stage,운영/실물,,,Review. Some address/physical fields may intentionally differ after geocode/API cleanup.,ast_56e6a7e4b54b,A112298001,found,BldRgstHubService.getBrTitleInfo,,,,,,
asset_master,review,asset_field_change_candidate,,portfolio_region,투자지역,portfolio_region,대한민국,,,Review. Some address/physical fields may intentionally differ after geocode/API cleanup.,ast_56e6a7e4b54b,A112298001,found,BldRgstHubService.getBrTitleInfo,,,,,,
asset_master,review,asset_field_change_candidate,,gross_floor_area,연면적(m²),gross_floor_area,,7628,,Physical fields may be API-enriched. Review provenance before overwriting.,ast_56e6a7e4b54b,A112298001,found,BldRgstHubService.getBrTitleInfo,,,,,,
asset_master,review,asset_field_change_candidate,,site_area,토지면적(㎡),site_area,,749,,Physical fields may be API-enriched. Review provenance before overwriting.,ast_56e6a7e4b54b,A112298001,found,BldRgstHubService.getBrTitleInfo,,,,,,
asset_master,review,asset_field_change_candidate,,parking,주차대수,parking,,옥내 0 / 옥외 3,,Review. Some address/physical fields may intentionally differ after geocode/API cleanup.,ast_56e6a7e4b54b,A112298001,found,BldRgstHubService.getBrTitleInfo,,,,,,
asset_master,review,asset_field_change_candidate,,address_text,"전체주소(시/도, 구/군 포함)",address_text,인천광역시 서구 오류동 1549-4 외 1필지,인천광역시 서구 오류동 1549-4,,Review. Some address/physical fields may intentionally differ after geocode/API cleanup.,ast_835e9f381ae3,A112299001,found,BldRgstHubService.getBrTitleInfo,,,,,,
asset_master,review,asset_field_change_candidate,,asset_type,기초자산,asset_type,물류센터,,,Review. Some address/physical fields may intentionally differ after geocode/API cleanup.,ast_835e9f381ae3,A112299001,found,BldRgstHubService.getBrTitleInfo,,,,,,
asset_master,review,asset_field_change_candidate,,business_stage,사업단계,business_stage,운영/실물,,,Review. Some address/physical fields may intentionally differ after geocode/API cleanup.,ast_835e9f381ae3,A112299001,found,BldRgstHubService.getBrTitleInfo,,,,,,
asset_master,review,asset_field_change_candidate,,portfolio_region,투자지역,portfolio_region,대한민국,,,Review. Some address/physical fields may intentionally differ after geocode/API cleanup.,ast_835e9f381ae3,A112299001,found,BldRgstHubService.getBrTitleInfo,,,,,,
asset_master,review,asset_field_change_candidate,,site_area,토지면적(㎡),site_area,,15197,,Physical fields may be API-enriched. Review provenance before overwriting.,ast_835e9f381ae3,A112299001,found,BldRgstHubService.getBrTitleInfo,,,,,,
asset_master,review,asset_field_change_candidate,,parking,주차대수,parking,,옥내 55 / 옥외 33,,Review. Some address/physical fields may intentionally differ after geocode/API cleanup.,ast_835e9f381ae3,A112299001,found,BldRgstHubService.getBrTitleInfo,,,,,,
asset_master,review,asset_field_change_candidate,,business_stage,사업단계,business_stage,운영/실물,,,Review. Some address/physical fields may intentionally differ after geocode/API cleanup.,ast_a26d74763046,A112300001,not_checked,,,,,,,
asset_master,review,asset_field_change_candidate,,portfolio_region,투자지역,portfolio_region,유럽,,,Review. Some address/physical fields may intentionally differ after geocode/API cleanup.,ast_a26d74763046,A112300001,not_checked,,,,,,,
asset_master,review,asset_field_change_candidate,,country_code,국내/해외,country_code,OVERSEAS,,,Review. Some address/physical fields may intentionally differ after geocode/API cleanup.,ast_a26d74763046,A112300001,not_checked,,,,,,,
asset_master,review,asset_field_change_candidate,,business_stage,사업단계,business_stage,운영/실물,,,Review. Some address/physical fields may intentionally differ after geocode/API cleanup.,ast_f02b527b7861,A112301001,not_checked,,,,,,,
asset_master,review,asset_field_change_candidate,,portfolio_region,투자지역,portfolio_region,대한민국,,,Review. Some address/physical fields may intentionally differ after geocode/API cleanup.,ast_f02b527b7861,A112301001,not_checked,,,,,,,
asset_master,review,asset_field_change_candidate,,country_code,국내/해외,country_code,KR,,,Review. Some address/physical fields may intentionally differ after geocode/API cleanup.,ast_f02b527b7861,A112301001,not_checked,,,,,,,
asset_master,review,asset_field_change_candidate,,business_stage,사업단계,business_stage,운영/실물,,,Review. Some address/physical fields may intentionally differ after geocode/API cleanup.,ast_0bb41d4e593f,A112303001,not_checked,,,,,,,
asset_master,review,asset_field_change_candidate,,portfolio_region,투자지역,portfolio_region,아시아,,,Review. Some address/physical fields may intentionally differ after geocode/API cleanup.,ast_0bb41d4e593f,A112303001,not_checked,,,,,,,
asset_master,review,asset_field_change_candidate,,country_code,국내/해외,country_code,OVERSEAS,,,Review. Some address/physical fields may intentionally differ after geocode/API cleanup.,ast_0bb41d4e593f,A112303001,not_checked,,,,,,,
asset_master,review,asset_field_change_candidate,,business_stage,사업단계,business_stage,운영/실물,,,Review. Some address/physical fields may intentionally differ after geocode/API cleanup.,ast_ce621c527b00,A112304001,not_checked,,,,,,,
asset_master,review,asset_field_change_candidate,,portfolio_region,투자지역,portfolio_region,유럽,,,Review. Some address/physical fields may intentionally differ after geocode/API cleanup.,ast_ce621c527b00,A112304001,not_checked,,,,,,,
asset_master,review,asset_field_change_candidate,,country_code,국내/해외,country_code,OVERSEAS,,,Review. Some address/physical fields may intentionally differ after geocode/API cleanup.,ast_ce621c527b00,A112304001,not_checked,,,,,,,
asset_master,review,asset_field_change_candidate,,business_stage,사업단계,business_stage,운영/실물,,,Review. Some address/physical fields may intentionally differ after geocode/API cleanup.,ast_fcd940175c17,A112305001,found,BldRgstHubService.getBrTitleInfo,,,,,,
asset_master,review,asset_field_change_candidate,,portfolio_region,투자지역,portfolio_region,대한민국,,,Review. Some address/physical fields may intentionally differ after geocode/API cleanup.,ast_fcd940175c17,A112305001,found,BldRgstHubService.getBrTitleInfo,,,,,,
asset_master,review,asset_field_change_candidate,,country_code,국내/해외,country_code,KR,,,Review. Some address/physical fields may intentionally differ after geocode/API cleanup.,ast_fcd940175c17,A112305001,found,BldRgstHubService.getBrTitleInfo,,,,,,
asset_master,review,asset_field_change_candidate,,site_area,토지면적(㎡),site_area,,1493,,Physical fields may be API-enriched. Review provenance before overwriting.,ast_fcd940175c17,A112305001,found,BldRgstHubService.getBrTitleInfo,,,,,,
asset_master,review,asset_field_change_candidate,,parking,주차대수,parking,,옥내 120 / 옥외 6,,Review. Some address/physical fields may intentionally differ after geocode/API cleanup.,ast_fcd940175c17,A112305001,found,BldRgstHubService.getBrTitleInfo,,,,,,
asset_master,review,asset_field_change_candidate,,business_stage,사업단계,business_stage,운영/실물,,,Review. Some address/physical fields may intentionally differ after geocode/API cleanup.,ast_088dd044de37,A112306001,found,BldRgstHubService.getBrTitleInfo,,,,,,
asset_master,review,asset_field_change_candidate,,portfolio_region,투자지역,portfolio_region,대한민국,,,Review. Some address/physical fields may intentionally differ after geocode/API cleanup.,ast_088dd044de37,A112306001,found,BldRgstHubService.getBrTitleInfo,,,,,,
asset_master,review,asset_field_change_candidate,,country_code,국내/해외,country_code,KR,,,Review. Some address/physical fields may intentionally differ after geocode/API cleanup.,ast_088dd044de37,A112306001,found,BldRgstHubService.getBrTitleInfo,,,,,,
asset_master,review,asset_field_change_candidate,,gross_floor_area,연면적(m²),gross_floor_area,,34731,,Physical fields may be API-enriched. Review provenance before overwriting.,ast_088dd044de37,A112306001,found,BldRgstHubService.getBrTitleInfo,,,,,,
asset_master,review,asset_field_change_candidate,,site_area,토지면적(㎡),site_area,,2543,,Physical fields may be API-enriched. Review provenance before overwriting.,ast_088dd044de37,A112306001,found,BldRgstHubService.getBrTitleInfo,,,,,,
asset_master,review,asset_field_change_candidate,,parking,주차대수,parking,,옥내 172 / 옥외 0,,Review. Some address/physical fields may intentionally differ after geocode/API cleanup.,ast_088dd044de37,A112306001,found,BldRgstHubService.getBrTitleInfo,,,,,,
asset_master,review,asset_field_change_candidate,,portfolio_region,투자지역,portfolio_region,북미,,,Review. Some address/physical fields may intentionally differ after geocode/API cleanup.,ast_e5211e566e98,A112308001,not_checked,,,,,,,
asset_master,review,asset_field_change_candidate,,country_code,국내/해외,country_code,OVERSEAS,,,Review. Some address/physical fields may intentionally differ after geocode/API cleanup.,ast_e5211e566e98,A112308001,not_checked,,,,,,,
asset_master,review,asset_field_change_candidate,,business_stage,사업단계,business_stage,운영/실물,,,Review. Some address/physical fields may intentionally differ after geocode/API cleanup.,ast_6b047e815c5e,A112309001,pending,,,,,,,
asset_master,review,asset_field_change_candidate,,portfolio_region,투자지역,portfolio_region,대한민국,,,Review. Some address/physical fields may intentionally differ after geocode/API cleanup.,ast_6b047e815c5e,A112309001,pending,,,,,,,
asset_master,review,asset_field_change_candidate,,country_code,국내/해외,country_code,KR,,,Review. Some address/physical fields may intentionally differ after geocode/API cleanup.,ast_6b047e815c5e,A112309001,pending,,,,,,,
asset_master,review,asset_field_change_candidate,,address_text,"전체주소(시/도, 구/군 포함)",address_text,제주시 애월읍 부룡수길 33외 13필지,제주특별자치도 제주시 애월읍 신엄리 2808,,Review. Some address/physical fields may intentionally differ after geocode/API cleanup.,ast_f5e665f7cf35,A112310001,pending,building_cache.json,,,,,,
asset_master,review,asset_field_change_candidate,,business_stage,사업단계,business_stage,운영/실물,,,Review. Some address/physical fields may intentionally differ after geocode/API cleanup.,ast_f5e665f7cf35,A112310001,pending,building_cache.json,,,,,,
asset_master,review,asset_field_change_candidate,,portfolio_region,투자지역,portfolio_region,대한민국,,,Review. Some address/physical fields may intentionally differ after geocode/API cleanup.,ast_f5e665f7cf35,A112310001,pending,building_cache.json,,,,,,
asset_master,review,asset_field_change_candidate,,site_area,토지면적(㎡),site_area,,0,,Physical fields may be API-enriched. Review provenance before overwriting.,ast_f5e665f7cf35,A112310001,pending,building_cache.json,,,,,,
asset_master,review,asset_field_change_candidate,,parking,주차대수,parking,,옥내 0 / 옥외 0,,Review. Some address/physical fields may intentionally differ after geocode/API cleanup.,ast_f5e665f7cf35,A112310001,pending,building_cache.json,,,,,,
asset_master,review,asset_field_change_candidate,,business_stage,사업단계,business_stage,운영/실물,,,Review. Some address/physical fields may intentionally differ after geocode/API cleanup.,ast_755dc2078b8b,A112311001,found,BldRgstHubService.getBrTitleInfo,,,,,,
asset_master,review,asset_field_change_candidate,,portfolio_region,투자지역,portfolio_region,대한민국,,,Review. Some address/physical fields may intentionally differ after geocode/API cleanup.,ast_755dc2078b8b,A112311001,found,BldRgstHubService.getBrTitleInfo,,,,,,
asset_master,review,asset_field_change_candidate,,site_area,토지면적(㎡),site_area,,8531,,Physical fields may be API-enriched. Review provenance before overwriting.,ast_755dc2078b8b,A112311001,found,BldRgstHubService.getBrTitleInfo,,,,,,
asset_master,review,asset_field_change_candidate,,parking,주차대수,parking,,옥내 1039 / 옥외 0,,Review. Some address/physical fields may intentionally differ after geocode/API cleanup.,ast_755dc2078b8b,A112311001,found,BldRgstHubService.getBrTitleInfo,,,,,,
asset_master,review,asset_field_change_candidate,,address_text,"전체주소(시/도, 구/군 포함)",address_text,서울시 종로구 평동 222번지 일대,서울특별시 종로구 평동 234,,Review. Some address/physical fields may intentionally differ after geocode/API cleanup.,ast_d2b291b01082,A112314001,found,BldRgstHubService.getBrTitleInfo,,,,,,
asset_master,review,asset_field_change_candidate,,asset_type,기초자산,asset_type,오피스,,,Review. Some address/physical fields may intentionally differ after geocode/API cleanup.,ast_d2b291b01082,A112314001,found,BldRgstHubService.getBrTitleInfo,,,,,,
asset_master,review,asset_field_change_candidate,,business_stage,사업단계,business_stage,운영/실물,,,Review. Some address/physical fields may intentionally differ after geocode/API cleanup.,ast_d2b291b01082,A112314001,found,BldRgstHubService.getBrTitleInfo,,,,,,
asset_master,review,asset_field_change_candidate,,portfolio_region,투자지역,portfolio_region,대한민국,,,Review. Some address/physical fields may intentionally differ after geocode/API cleanup.,ast_d2b291b01082,A112314001,found,BldRgstHubService.getBrTitleInfo,,,,,,
asset_master,review,asset_field_change_candidate,,gross_floor_area,연면적(m²),gross_floor_area,,1605,,Physical fields may be API-enriched. Review provenance before overwriting.,ast_d2b291b01082,A112314001,found,BldRgstHubService.getBrTitleInfo,,,,,,
asset_master,review,asset_field_change_candidate,,site_area,토지면적(㎡),site_area,,0,,Physical fields may be API-enriched. Review provenance before overwriting.,ast_d2b291b01082,A112314001,found,BldRgstHubService.getBrTitleInfo,,,,,,
asset_master,review,asset_field_change_candidate,,parking,주차대수,parking,,옥내 0 / 옥외 0,,Review. Some address/physical fields may intentionally differ after geocode/API cleanup.,ast_d2b291b01082,A112314001,found,BldRgstHubService.getBrTitleInfo,,,,,,
asset_master,review,asset_field_change_candidate,,portfolio_region,투자지역,portfolio_region,대한민국,,,Review. Some address/physical fields may intentionally differ after geocode/API cleanup.,ast_0bed91ccb4ec,A112318001,not_checked,,,,,,,
asset_master,review,asset_field_change_candidate,,country_code,국내/해외,country_code,KR,,,Review. Some address/physical fields may intentionally differ after geocode/API cleanup.,ast_0bed91ccb4ec,A112318001,not_checked,,,,,,,
asset_master,review,asset_field_change_candidate,,business_stage,사업단계,business_stage,운영/실물,,,Review. Some address/physical fields may intentionally differ after geocode/API cleanup.,ast_446647af6ed1,A112321001,pending,,,,,,,
asset_master,review,asset_field_change_candidate,,portfolio_region,투자지역,portfolio_region,대한민국,,,Review. Some address/physical fields may intentionally differ after geocode/API cleanup.,ast_446647af6ed1,A112321001,pending,,,,,,,
asset_master,review,asset_field_change_candidate,,address_text,"전체주소(시/도, 구/군 포함)",address_text,서울시 강남구 신사동 543,서울특별시 강남구 신사동 543,,Review. Some address/physical fields may intentionally differ after geocode/API cleanup.,ast_4f5ea25eb396,A112322001,found,BldRgstHubService.getBrTitleInfo,,,,,,
asset_master,review,asset_field_change_candidate,,asset_type,기초자산,asset_type,리테일,,,Review. Some address/physical fields may intentionally differ after geocode/API cleanup.,ast_4f5ea25eb396,A112322001,found,BldRgstHubService.getBrTitleInfo,,,,,,
asset_master,review,asset_field_change_candidate,,business_stage,사업단계,business_stage,운영/실물,,,Review. Some address/physical fields may intentionally differ after geocode/API cleanup.,ast_4f5ea25eb396,A112322001,found,BldRgstHubService.getBrTitleInfo,,,,,,
asset_master,review,asset_field_change_candidate,,portfolio_region,투자지역,portfolio_region,대한민국,,,Review. Some address/physical fields may intentionally differ after geocode/API cleanup.,ast_4f5ea25eb396,A112322001,found,BldRgstHubService.getBrTitleInfo,,,,,,
asset_master,review,asset_field_change_candidate,,site_area,토지면적(㎡),site_area,,728,,Physical fields may be API-enriched. Review provenance before overwriting.,ast_4f5ea25eb396,A112322001,found,BldRgstHubService.getBrTitleInfo,,,,,,
asset_master,review,asset_field_change_candidate,,parking,주차대수,parking,,옥내 0 / 옥외 2,,Review. Some address/physical fields may intentionally differ after geocode/API cleanup.,ast_4f5ea25eb396,A112322001,found,BldRgstHubService.getBrTitleInfo,,,,,,
asset_master,review,asset_field_change_candidate,,business_stage,사업단계,business_stage,운영/실물,,,Review. Some address/physical fields may intentionally differ after geocode/API cleanup.,ast_713f8b4e24da,A112324001,not_checked,,,,,,,
asset_master,review,asset_field_change_candidate,,portfolio_region,투자지역,portfolio_region,유럽,,,Review. Some address/physical fields may intentionally differ after geocode/API cleanup.,ast_713f8b4e24da,A112324001,not_checked,,,,,,,
asset_master,review,asset_field_change_candidate,,country_code,국내/해외,country_code,OVERSEAS,,,Review. Some address/physical fields may intentionally differ after geocode/API cleanup.,ast_713f8b4e24da,A112324001,not_checked,,,,,,,
asset_master,review,asset_field_change_candidate,,business_stage,사업단계,business_stage,운영/실물,,,Review. Some address/physical fields may intentionally differ after geocode/API cleanup.,ast_49de163142b2,A112324002,not_checked,,,,,,,
asset_master,review,asset_field_change_candidate,,portfolio_region,투자지역,portfolio_region,유럽,,,Review. Some address/physical fields may intentionally differ after geocode/API cleanup.,ast_49de163142b2,A112324002,not_checked,,,,,,,
asset_master,review,asset_field_change_candidate,,country_code,국내/해외,country_code,OVERSEAS,,,Review. Some address/physical fields may intentionally differ after geocode/API cleanup.,ast_49de163142b2,A112324002,not_checked,,,,,,,
asset_master,review,asset_field_change_candidate,,business_stage,사업단계,business_stage,운영/실물,,,Review. Some address/physical fields may intentionally differ after geocode/API cleanup.,ast_1a7bbfa76876,A112324003,not_checked,,,,,,,
asset_master,review,asset_field_change_candidate,,portfolio_region,투자지역,portfolio_region,유럽,,,Review. Some address/physical fields may intentionally differ after geocode/API cleanup.,ast_1a7bbfa76876,A112324003,not_checked,,,,,,,
asset_master,review,asset_field_change_candidate,,country_code,국내/해외,country_code,OVERSEAS,,,Review. Some address/physical fields may intentionally differ after geocode/API cleanup.,ast_1a7bbfa76876,A112324003,not_checked,,,,,,,
asset_master,review,asset_field_change_candidate,,canonical_name,자산(건물)명,canonical_name,덕평CJ물류센터,덕평CJ물류센터 (투자),,Review. Some address/physical fields may intentionally differ after geocode/API cleanup.,ast_0264aa763175,A112328001,found,BldRgstHubService.getBrTitleInfo,,,,,,
asset_master,review,asset_field_change_candidate,,asset_type,기초자산,asset_type,물류센터,,,Review. Some address/physical fields may intentionally differ after geocode/API cleanup.,ast_0264aa763175,A112328001,found,BldRgstHubService.getBrTitleInfo,,,,,,
asset_master,review,asset_field_change_candidate,,business_stage,사업단계,business_stage,운영/실물,,,Review. Some address/physical fields may intentionally differ after geocode/API cleanup.,ast_0264aa763175,A112328001,found,BldRgstHubService.getBrTitleInfo,,,,,,
asset_master,review,asset_field_change_candidate,,portfolio_region,투자지역,portfolio_region,대한민국,,,Review. Some address/physical fields may intentionally differ after geocode/API cleanup.,ast_0264aa763175,A112328001,found,BldRgstHubService.getBrTitleInfo,,,,,,
asset_master,review,asset_field_change_candidate,,site_area,토지면적(㎡),site_area,,25327,,Physical fields may be API-enriched. Review provenance before overwriting.,ast_0264aa763175,A112328001,found,BldRgstHubService.getBrTitleInfo,,,,,,
asset_master,review,asset_field_change_candidate,,completion_date,준공(예정)일,completion_date,,2006-08-09,,Review. Some address/physical fields may intentionally differ after geocode/API cleanup.,ast_0264aa763175,A112328001,found,BldRgstHubService.getBrTitleInfo,,,,,,
asset_master,review,asset_field_change_candidate,,parking,주차대수,parking,,옥내 0 / 옥외 133,,Review. Some address/physical fields may intentionally differ after geocode/API cleanup.,ast_0264aa763175,A112328001,found,BldRgstHubService.getBrTitleInfo,,,,,,
asset_master,review,asset_field_change_candidate,,business_stage,사업단계,business_stage,운영/실물,,,Review. Some address/physical fields may intentionally differ after geocode/API cleanup.,ast_8a013a44ba44,A112333001,not_checked,,,,,,,
asset_master,review,asset_field_change_candidate,,portfolio_region,투자지역,portfolio_region,북미,,,Review. Some address/physical fields may intentionally differ after geocode/API cleanup.,ast_8a013a44ba44,A112333001,not_checked,,,,,,,
asset_master,review,asset_field_change_candidate,,country_code,국내/해외,country_code,OVERSEAS,,,Review. Some address/physical fields may intentionally differ after geocode/API cleanup.,ast_8a013a44ba44,A112333001,not_checked,,,,,,,
asset_master,review,asset_field_change_candidate,,business_stage,사업단계,business_stage,운영/실물,,,Review. Some address/physical fields may intentionally differ after geocode/API cleanup.,ast_7689cf60369b,A112334001,not_checked,,,,,,,
asset_master,review,asset_field_change_candidate,,portfolio_region,투자지역,portfolio_region,글로벌,,,Review. Some address/physical fields may intentionally differ after geocode/API cleanup.,ast_7689cf60369b,A112334001,not_checked,,,,,,,
asset_master,review,asset_field_change_candidate,,country_code,국내/해외,country_code,OVERSEAS,,,Review. Some address/physical fields may intentionally differ after geocode/API cleanup.,ast_7689cf60369b,A112334001,not_checked,,,,,,,
asset_master,review,asset_field_change_candidate,,business_stage,사업단계,business_stage,운영/실물,,,Review. Some address/physical fields may intentionally differ after geocode/API cleanup.,ast_77132a62be4b,A112338000,not_checked,,,,,,,
asset_master,review,asset_field_change_candidate,,portfolio_region,투자지역,portfolio_region,아시아,,,Review. Some address/physical fields may intentionally differ after geocode/API cleanup.,ast_77132a62be4b,A112338000,not_checked,,,,,,,
asset_master,review,asset_field_change_candidate,,country_code,국내/해외,country_code,OVERSEAS,,,Review. Some address/physical fields may intentionally differ after geocode/API cleanup.,ast_77132a62be4b,A112338000,not_checked,,,,,,,
asset_master,review,asset_field_change_candidate,,parking,주차대수,parking,355,,,Review. Some address/physical fields may intentionally differ after geocode/API cleanup.,ast_77132a62be4b,A112338000,not_checked,,,,,,,
asset_master,review,asset_field_change_candidate,,business_stage,사업단계,business_stage,운영/실물,,,Review. Some address/physical fields may intentionally differ after geocode/API cleanup.,ast_baffca3def0d,A112338001,not_checked,,,,,,,
asset_master,review,asset_field_change_candidate,,portfolio_region,투자지역,portfolio_region,아시아,,,Review. Some address/physical fields may intentionally differ after geocode/API cleanup.,ast_baffca3def0d,A112338001,not_checked,,,,,,,
asset_master,review,asset_field_change_candidate,,country_code,국내/해외,country_code,OVERSEAS,,,Review. Some address/physical fields may intentionally differ after geocode/API cleanup.,ast_baffca3def0d,A112338001,not_checked,,,,,,,
asset_master,review,asset_field_change_candidate,,business_stage,사업단계,business_stage,운영/실물,,,Review. Some address/physical fields may intentionally differ after geocode/API cleanup.,ast_d2047ba66f85,A112338002,not_checked,,,,,,,
asset_master,review,asset_field_change_candidate,,portfolio_region,투자지역,portfolio_region,아시아,,,Review. Some address/physical fields may intentionally differ after geocode/API cleanup.,ast_d2047ba66f85,A112338002,not_checked,,,,,,,
asset_master,review,asset_field_change_candidate,,country_code,국내/해외,country_code,OVERSEAS,,,Review. Some address/physical fields may intentionally differ after geocode/API cleanup.,ast_d2047ba66f85,A112338002,not_checked,,,,,,,
asset_master,review,asset_field_change_candidate,,business_stage,사업단계,business_stage,개발,,,Review. Some address/physical fields may intentionally differ after geocode/API cleanup.,ast_da9f73969f26,A112341001,not_checked,,,,,,,
asset_master,review,asset_field_change_candidate,,portfolio_region,투자지역,portfolio_region,대한민국,,,Review. Some address/physical fields may intentionally differ after geocode/API cleanup.,ast_da9f73969f26,A112341001,not_checked,,,,,,,
asset_master,review,asset_field_change_candidate,,business_stage,사업단계,business_stage,운영/실물,,,Review. Some address/physical fields may intentionally differ after geocode/API cleanup.,ast_9cf4a8abd36c,A112342001,not_checked,,,,,,,
asset_master,review,asset_field_change_candidate,,portfolio_region,투자지역,portfolio_region,대한민국,,,Review. Some address/physical fields may intentionally differ after geocode/API cleanup.,ast_9cf4a8abd36c,A112342001,not_checked,,,,,,,
asset_master,review,asset_field_change_candidate,,country_code,국내/해외,country_code,KR,,,Review. Some address/physical fields may intentionally differ after geocode/API cleanup.,ast_9cf4a8abd36c,A112342001,not_checked,,,,,,,
asset_master,review,asset_field_change_candidate,,business_stage,사업단계,business_stage,운영/실물,,,Review. Some address/physical fields may intentionally differ after geocode/API cleanup.,ast_7658ea6ef139,A112343001,not_checked,,,,,,,
asset_master,review,asset_field_change_candidate,,portfolio_region,투자지역,portfolio_region,유럽,,,Review. Some address/physical fields may intentionally differ after geocode/API cleanup.,ast_7658ea6ef139,A112343001,not_checked,,,,,,,
asset_master,review,asset_field_change_candidate,,country_code,국내/해외,country_code,OVERSEAS,,,Review. Some address/physical fields may intentionally differ after geocode/API cleanup.,ast_7658ea6ef139,A112343001,not_checked,,,,,,,
asset_master,review,asset_field_change_candidate,,business_stage,사업단계,business_stage,운영/실물,,,Review. Some address/physical fields may intentionally differ after geocode/API cleanup.,ast_db35eead7a91,A112344001,not_checked,,,,,,,
asset_master,review,asset_field_change_candidate,,portfolio_region,투자지역,portfolio_region,대한민국,,,Review. Some address/physical fields may intentionally differ after geocode/API cleanup.,ast_db35eead7a91,A112344001,not_checked,,,,,,,
asset_master,review,asset_field_change_candidate,,country_code,국내/해외,country_code,KR,,,Review. Some address/physical fields may intentionally differ after geocode/API cleanup.,ast_db35eead7a91,A112344001,not_checked,,,,,,,
asset_master,review,asset_field_change_candidate,,business_stage,사업단계,business_stage,운영/실물,,,Review. Some address/physical fields may intentionally differ after geocode/API cleanup.,ast_a8ad83130e72,A112344002,found,BldRgstHubService.getBrTitleInfo,,,,,,
asset_master,review,asset_field_change_candidate,,portfolio_region,투자지역,portfolio_region,대한민국,,,Review. Some address/physical fields may intentionally differ after geocode/API cleanup.,ast_a8ad83130e72,A112344002,found,BldRgstHubService.getBrTitleInfo,,,,,,
asset_master,review,asset_field_change_candidate,,country_code,국내/해외,country_code,KR,,,Review. Some address/physical fields may intentionally differ after geocode/API cleanup.,ast_a8ad83130e72,A112344002,found,BldRgstHubService.getBrTitleInfo,,,,,,
asset_master,review,asset_field_change_candidate,,site_area,토지면적(㎡),site_area,,11078,,Physical fields may be API-enriched. Review provenance before overwriting.,ast_a8ad83130e72,A112344002,found,BldRgstHubService.getBrTitleInfo,,,,,,
asset_master,review,asset_field_change_candidate,,parking,주차대수,parking,,옥내 0 / 옥외 0,,Review. Some address/physical fields may intentionally differ after geocode/API cleanup.,ast_a8ad83130e72,A112344002,found,BldRgstHubService.getBrTitleInfo,,,,,,
asset_master,review,asset_field_change_candidate,,canonical_name,자산(건물)명,canonical_name,홈플러스 전주완산점,이지스코어리테일부동산투자신탁302호(운용),,Review. Some address/physical fields may intentionally differ after geocode/API cleanup.,ast_765cc3a1898a,A112344003,found,BldRgstHubService.getBrTitleInfo,,,,,,
asset_master,review,asset_field_change_candidate,,address_text,"전체주소(시/도, 구/군 포함)",address_text,전라북도 전주시 중노송동 495-6,전북특별자치도 전주시 완산구 중노송동 495-6,,Review. Some address/physical fields may intentionally differ after geocode/API cleanup.,ast_765cc3a1898a,A112344003,found,BldRgstHubService.getBrTitleInfo,,,,,,
asset_master,review,asset_field_change_candidate,,asset_type,기초자산,asset_type,리테일,,,Review. Some address/physical fields may intentionally differ after geocode/API cleanup.,ast_765cc3a1898a,A112344003,found,BldRgstHubService.getBrTitleInfo,,,,,,
asset_master,review,asset_field_change_candidate,,business_stage,사업단계,business_stage,운영/실물,,,Review. Some address/physical fields may intentionally differ after geocode/API cleanup.,ast_765cc3a1898a,A112344003,found,BldRgstHubService.getBrTitleInfo,,,,,,
asset_master,review,asset_field_change_candidate,,portfolio_region,투자지역,portfolio_region,대한민국,,,Review. Some address/physical fields may intentionally differ after geocode/API cleanup.,ast_765cc3a1898a,A112344003,found,BldRgstHubService.getBrTitleInfo,,,,,,
asset_master,review,asset_field_change_candidate,,site_area,토지면적(㎡),site_area,,9245,,Physical fields may be API-enriched. Review provenance before overwriting.,ast_765cc3a1898a,A112344003,found,BldRgstHubService.getBrTitleInfo,,,,,,
asset_master,review,asset_field_change_candidate,,parking,주차대수,parking,,옥내 754 / 옥외 0,,Review. Some address/physical fields may intentionally differ after geocode/API cleanup.,ast_765cc3a1898a,A112344003,found,BldRgstHubService.getBrTitleInfo,,,,,,
asset_master,review,asset_field_change_candidate,,business_stage,사업단계,business_stage,운영/실물,,,Review. Some address/physical fields may intentionally differ after geocode/API cleanup.,ast_89fe99414d33,A112347001,not_checked,,,,,,,
asset_master,review,asset_field_change_candidate,,portfolio_region,투자지역,portfolio_region,유럽,,,Review. Some address/physical fields may intentionally differ after geocode/API cleanup.,ast_89fe99414d33,A112347001,not_checked,,,,,,,
asset_master,review,asset_field_change_candidate,,country_code,국내/해외,country_code,OVERSEAS,,,Review. Some address/physical fields may intentionally differ after geocode/API cleanup.,ast_89fe99414d33,A112347001,not_checked,,,,,,,
asset_master,review,asset_field_change_candidate,,business_stage,사업단계,business_stage,운영/실물,,,Review. Some address/physical fields may intentionally differ after geocode/API cleanup.,ast_9c32381fc123,A112347002,not_checked,,,,,,,
asset_master,review,asset_field_change_candidate,,portfolio_region,투자지역,portfolio_region,유럽,,,Review. Some address/physical fields may intentionally differ after geocode/API cleanup.,ast_9c32381fc123,A112347002,not_checked,,,,,,,
asset_master,review,asset_field_change_candidate,,country_code,국내/해외,country_code,OVERSEAS,,,Review. Some address/physical fields may intentionally differ after geocode/API cleanup.,ast_9c32381fc123,A112347002,not_checked,,,,,,,
asset_master,review,asset_field_change_candidate,,business_stage,사업단계,business_stage,운영/실물,,,Review. Some address/physical fields may intentionally differ after geocode/API cleanup.,ast_2aa8ef574b46,A112347003,not_checked,,,,,,,
asset_master,review,asset_field_change_candidate,,portfolio_region,투자지역,portfolio_region,유럽,,,Review. Some address/physical fields may intentionally differ after geocode/API cleanup.,ast_2aa8ef574b46,A112347003,not_checked,,,,,,,
asset_master,review,asset_field_change_candidate,,country_code,국내/해외,country_code,OVERSEAS,,,Review. Some address/physical fields may intentionally differ after geocode/API cleanup.,ast_2aa8ef574b46,A112347003,not_checked,,,,,,,
asset_master,review,asset_field_change_candidate,,business_stage,사업단계,business_stage,운영/실물,,,Review. Some address/physical fields may intentionally differ after geocode/API cleanup.,ast_409a7de0ff61,A112347004,not_checked,,,,,,,
asset_master,review,asset_field_change_candidate,,portfolio_region,투자지역,portfolio_region,유럽,,,Review. Some address/physical fields may intentionally differ after geocode/API cleanup.,ast_409a7de0ff61,A112347004,not_checked,,,,,,,
asset_master,review,asset_field_change_candidate,,country_code,국내/해외,country_code,OVERSEAS,,,Review. Some address/physical fields may intentionally differ after geocode/API cleanup.,ast_409a7de0ff61,A112347004,not_checked,,,,,,,
asset_master,review,asset_field_change_candidate,,business_stage,사업단계,business_stage,운영/실물,,,Review. Some address/physical fields may intentionally differ after geocode/API cleanup.,ast_7cfadd3adb65,A112350001,found,BldRgstHubService.getBrTitleInfo,,,,,,
asset_master,review,asset_field_change_candidate,,portfolio_region,투자지역,portfolio_region,대한민국,,,Review. Some address/physical fields may intentionally differ after geocode/API cleanup.,ast_7cfadd3adb65,A112350001,found,BldRgstHubService.getBrTitleInfo,,,,,,
asset_master,review,asset_field_change_candidate,,country_code,국내/해외,country_code,KR,,,Review. Some address/physical fields may intentionally differ after geocode/API cleanup.,ast_7cfadd3adb65,A112350001,found,BldRgstHubService.getBrTitleInfo,,,,,,
asset_master,review,asset_field_change_candidate,,site_area,토지면적(㎡),site_area,,4240,,Physical fields may be API-enriched. Review provenance before overwriting.,ast_7cfadd3adb65,A112350001,found,BldRgstHubService.getBrTitleInfo,,,,,,
asset_master,review,asset_field_change_candidate,,parking,주차대수,parking,,옥내 98 / 옥외 0,,Review. Some address/physical fields may intentionally differ after geocode/API cleanup.,ast_7cfadd3adb65,A112350001,found,BldRgstHubService.getBrTitleInfo,,,,,,
asset_master,review,asset_field_change_candidate,,business_stage,사업단계,business_stage,운영/실물,,,Review. Some address/physical fields may intentionally differ after geocode/API cleanup.,ast_fe11209bb01f,A112351001,found,BldRgstHubService.getBrTitleInfo,,,,,,
asset_master,review,asset_field_change_candidate,,portfolio_region,투자지역,portfolio_region,대한민국,,,Review. Some address/physical fields may intentionally differ after geocode/API cleanup.,ast_fe11209bb01f,A112351001,found,BldRgstHubService.getBrTitleInfo,,,,,,
asset_master,review,asset_field_change_candidate,,country_code,국내/해외,country_code,KR,,,Review. Some address/physical fields may intentionally differ after geocode/API cleanup.,ast_fe11209bb01f,A112351001,found,BldRgstHubService.getBrTitleInfo,,,,,,
asset_master,review,asset_field_change_candidate,,site_area,토지면적(㎡),site_area,,4240,,Physical fields may be API-enriched. Review provenance before overwriting.,ast_fe11209bb01f,A112351001,found,BldRgstHubService.getBrTitleInfo,,,,,,
asset_master,review,asset_field_change_candidate,,completion_date,준공(예정)일,completion_date,,1975-10-20,,Review. Some address/physical fields may intentionally differ after geocode/API cleanup.,ast_fe11209bb01f,A112351001,found,BldRgstHubService.getBrTitleInfo,,,,,,
asset_master,review,asset_field_change_candidate,,parking,주차대수,parking,,옥내 98 / 옥외 0,,Review. Some address/physical fields may intentionally differ after geocode/API cleanup.,ast_fe11209bb01f,A112351001,found,BldRgstHubService.getBrTitleInfo,,,,,,
asset_master,review,asset_field_change_candidate,,business_stage,사업단계,business_stage,운영/실물,,,Review. Some address/physical fields may intentionally differ after geocode/API cleanup.,ast_5aa554bf9521,A112355001,not_checked,,,,,,,
asset_master,review,asset_field_change_candidate,,portfolio_region,투자지역,portfolio_region,북미,,,Review. Some address/physical fields may intentionally differ after geocode/API cleanup.,ast_5aa554bf9521,A112355001,not_checked,,,,,,,
asset_master,review,asset_field_change_candidate,,country_code,국내/해외,country_code,OVERSEAS,,,Review. Some address/physical fields may intentionally differ after geocode/API cleanup.,ast_5aa554bf9521,A112355001,not_checked,,,,,,,
asset_master,review,asset_field_change_candidate,,business_stage,사업단계,business_stage,운영/실물,,,Review. Some address/physical fields may intentionally differ after geocode/API cleanup.,ast_29998629e2b9,A112356001,not_checked,,,,,,,
asset_master,review,asset_field_change_candidate,,portfolio_region,투자지역,portfolio_region,유럽,,,Review. Some address/physical fields may intentionally differ after geocode/API cleanup.,ast_29998629e2b9,A112356001,not_checked,,,,,,,
asset_master,review,asset_field_change_candidate,,country_code,국내/해외,country_code,OVERSEAS,,,Review. Some address/physical fields may intentionally differ after geocode/API cleanup.,ast_29998629e2b9,A112356001,not_checked,,,,,,,
asset_master,review,asset_field_change_candidate,,business_stage,사업단계,business_stage,운영/실물,,,Review. Some address/physical fields may intentionally differ after geocode/API cleanup.,ast_b78f4cd39988,A112361001,not_checked,,,,,,,
asset_master,review,asset_field_change_candidate,,portfolio_region,투자지역,portfolio_region,아시아,,,Review. Some address/physical fields may intentionally differ after geocode/API cleanup.,ast_b78f4cd39988,A112361001,not_checked,,,,,,,
asset_master,review,asset_field_change_candidate,,country_code,국내/해외,country_code,OVERSEAS,,,Review. Some address/physical fields may intentionally differ after geocode/API cleanup.,ast_b78f4cd39988,A112361001,not_checked,,,,,,,
asset_master,review,asset_field_change_candidate,,business_stage,사업단계,business_stage,운영/실물,,,Review. Some address/physical fields may intentionally differ after geocode/API cleanup.,ast_329735309847,A112362001,not_checked,,,,,,,
asset_master,review,asset_field_change_candidate,,portfolio_region,투자지역,portfolio_region,아시아,,,Review. Some address/physical fields may intentionally differ after geocode/API cleanup.,ast_329735309847,A112362001,not_checked,,,,,,,
asset_master,review,asset_field_change_candidate,,country_code,국내/해외,country_code,OVERSEAS,,,Review. Some address/physical fields may intentionally differ after geocode/API cleanup.,ast_329735309847,A112362001,not_checked,,,,,,,
asset_master,review,asset_field_change_candidate,,portfolio_region,투자지역,portfolio_region,아시아,,,Review. Some address/physical fields may intentionally differ after geocode/API cleanup.,ast_1413056b8256,A112362002,not_checked,,,,,,,
asset_master,review,asset_field_change_candidate,,country_code,국내/해외,country_code,OVERSEAS,,,Review. Some address/physical fields may intentionally differ after geocode/API cleanup.,ast_1413056b8256,A112362002,not_checked,,,,,,,
asset_master,review,asset_field_change_candidate,,portfolio_region,투자지역,portfolio_region,아시아,,,Review. Some address/physical fields may intentionally differ after geocode/API cleanup.,ast_b64b7d2f05cc,A112362003,not_checked,,,,,,,
asset_master,review,asset_field_change_candidate,,country_code,국내/해외,country_code,OVERSEAS,,,Review. Some address/physical fields may intentionally differ after geocode/API cleanup.,ast_b64b7d2f05cc,A112362003,not_checked,,,,,,,
asset_master,review,asset_field_change_candidate,,portfolio_region,투자지역,portfolio_region,아시아,,,Review. Some address/physical fields may intentionally differ after geocode/API cleanup.,ast_53119042a240,A112362004,not_checked,,,,,,,
asset_master,review,asset_field_change_candidate,,country_code,국내/해외,country_code,OVERSEAS,,,Review. Some address/physical fields may intentionally differ after geocode/API cleanup.,ast_53119042a240,A112362004,not_checked,,,,,,,
asset_master,review,asset_field_change_candidate,,portfolio_region,투자지역,portfolio_region,아시아,,,Review. Some address/physical fields may intentionally differ after geocode/API cleanup.,ast_3604f654fa0f,A112362005,not_checked,,,,,,,
asset_master,review,asset_field_change_candidate,,country_code,국내/해외,country_code,OVERSEAS,,,Review. Some address/physical fields may intentionally differ after geocode/API cleanup.,ast_3604f654fa0f,A112362005,not_checked,,,,,,,
asset_master,review,asset_field_change_candidate,,portfolio_region,투자지역,portfolio_region,아시아,,,Review. Some address/physical fields may intentionally differ after geocode/API cleanup.,ast_ba62b631b6c6,A112362006,not_checked,,,,,,,
asset_master,review,asset_field_change_candidate,,country_code,국내/해외,country_code,OVERSEAS,,,Review. Some address/physical fields may intentionally differ after geocode/API cleanup.,ast_ba62b631b6c6,A112362006,not_checked,,,,,,,
asset_master,review,asset_field_change_candidate,,portfolio_region,투자지역,portfolio_region,아시아,,,Review. Some address/physical fields may intentionally differ after geocode/API cleanup.,ast_81f9f27b2736,A112362007,not_checked,,,,,,,
asset_master,review,asset_field_change_candidate,,country_code,국내/해외,country_code,OVERSEAS,,,Review. Some address/physical fields may intentionally differ after geocode/API cleanup.,ast_81f9f27b2736,A112362007,not_checked,,,,,,,
asset_master,review,asset_field_change_candidate,,portfolio_region,투자지역,portfolio_region,아시아,,,Review. Some address/physical fields may intentionally differ after geocode/API cleanup.,ast_56ba3af5aedc,A112362008,not_checked,,,,,,,
asset_master,review,asset_field_change_candidate,,country_code,국내/해외,country_code,OVERSEAS,,,Review. Some address/physical fields may intentionally differ after geocode/API cleanup.,ast_56ba3af5aedc,A112362008,not_checked,,,,,,,
asset_master,review,asset_field_change_candidate,,portfolio_region,투자지역,portfolio_region,아시아,,,Review. Some address/physical fields may intentionally differ after geocode/API cleanup.,ast_b5a8681c1621,A112362009,not_checked,,,,,,,
asset_master,review,asset_field_change_candidate,,country_code,국내/해외,country_code,OVERSEAS,,,Review. Some address/physical fields may intentionally differ after geocode/API cleanup.,ast_b5a8681c1621,A112362009,not_checked,,,,,,,
asset_master,review,asset_field_change_candidate,,portfolio_region,투자지역,portfolio_region,아시아,,,Review. Some address/physical fields may intentionally differ after geocode/API cleanup.,ast_683e8481561e,A112362010,not_checked,,,,,,,
asset_master,review,asset_field_change_candidate,,country_code,국내/해외,country_code,OVERSEAS,,,Review. Some address/physical fields may intentionally differ after geocode/API cleanup.,ast_683e8481561e,A112362010,not_checked,,,,,,,
asset_master,review,asset_field_change_candidate,,portfolio_region,투자지역,portfolio_region,아시아,,,Review. Some address/physical fields may intentionally differ after geocode/API cleanup.,ast_656236266bd0,A112362011,not_checked,,,,,,,
asset_master,review,asset_field_change_candidate,,country_code,국내/해외,country_code,OVERSEAS,,,Review. Some address/physical fields may intentionally differ after geocode/API cleanup.,ast_656236266bd0,A112362011,not_checked,,,,,,,
asset_master,review,asset_field_change_candidate,,business_stage,사업단계,business_stage,부실,,,Review. Some address/physical fields may intentionally differ after geocode/API cleanup.,ast_31da440b4288,A112365001,found,BldRgstHubService.getBrTitleInfo,,,,,,
asset_master,review,asset_field_change_candidate,,portfolio_region,투자지역,portfolio_region,대한민국,,,Review. Some address/physical fields may intentionally differ after geocode/API cleanup.,ast_31da440b4288,A112365001,found,BldRgstHubService.getBrTitleInfo,,,,,,
asset_master,review,asset_field_change_candidate,,country_code,국내/해외,country_code,KR,,,Review. Some address/physical fields may intentionally differ after geocode/API cleanup.,ast_31da440b4288,A112365001,found,BldRgstHubService.getBrTitleInfo,,,,,,
asset_master,review,asset_field_change_candidate,,site_area,토지면적(㎡),site_area,,902,,Physical fields may be API-enriched. Review provenance before overwriting.,ast_31da440b4288,A112365001,found,BldRgstHubService.getBrTitleInfo,,,,,,
asset_master,review,asset_field_change_candidate,,parking,주차대수,parking,,옥내 48 / 옥외 1,,Review. Some address/physical fields may intentionally differ after geocode/API cleanup.,ast_31da440b4288,A112365001,found,BldRgstHubService.getBrTitleInfo,,,,,,
asset_master,review,asset_field_change_candidate,,business_stage,사업단계,business_stage,운영/실물,,,Review. Some address/physical fields may intentionally differ after geocode/API cleanup.,ast_84125d66e5f0,A112368001,found,BldRgstHubService.getBrTitleInfo,,,,,,
asset_master,review,asset_field_change_candidate,,portfolio_region,투자지역,portfolio_region,대한민국,,,Review. Some address/physical fields may intentionally differ after geocode/API cleanup.,ast_84125d66e5f0,A112368001,found,BldRgstHubService.getBrTitleInfo,,,,,,
asset_master,review,asset_field_change_candidate,,country_code,국내/해외,country_code,KR,,,Review. Some address/physical fields may intentionally differ after geocode/API cleanup.,ast_84125d66e5f0,A112368001,found,BldRgstHubService.getBrTitleInfo,,,,,,
asset_master,review,asset_field_change_candidate,,site_area,토지면적(㎡),site_area,,1393,,Physical fields may be API-enriched. Review provenance before overwriting.,ast_84125d66e5f0,A112368001,found,BldRgstHubService.getBrTitleInfo,,,,,,
asset_master,review,asset_field_change_candidate,,completion_date,준공(예정)일,completion_date,,2024-10-31,,Review. Some address/physical fields may intentionally differ after geocode/API cleanup.,ast_84125d66e5f0,A112368001,found,BldRgstHubService.getBrTitleInfo,,,,,,
asset_master,review,asset_field_change_candidate,,parking,주차대수,parking,,옥내 108 / 옥외 0,,Review. Some address/physical fields may intentionally differ after geocode/API cleanup.,ast_84125d66e5f0,A112368001,found,BldRgstHubService.getBrTitleInfo,,,,,,
asset_master,review,asset_field_change_candidate,,business_stage,사업단계,business_stage,운영/실물,,,Review. Some address/physical fields may intentionally differ after geocode/API cleanup.,ast_617613cdf1a8,A112372001,pending,,,,,,,
asset_master,review,asset_field_change_candidate,,portfolio_region,투자지역,portfolio_region,대한민국,,,Review. Some address/physical fields may intentionally differ after geocode/API cleanup.,ast_617613cdf1a8,A112372001,pending,,,,,,,
asset_master,review,asset_field_change_candidate,,canonical_name,자산(건물)명,canonical_name,송도 센토피아더샵 공동주택 및 근린생활시설 개발사업 PF Refinancing 대출채권,송도 센토피아더샵 공동주택 및 근린생활시설 개발사업 PF Refinancing,,Review. Some address/physical fields may intentionally differ after geocode/API cleanup.,ast_701635aba4fc,A112373001,found,BldRgstHubService.getBrTitleInfo,,,,,,
asset_master,review,asset_field_change_candidate,,address_text,"전체주소(시/도, 구/군 포함)",address_text,인천광역시 연수구 송도동 308-1 일원,인천광역시 연수구 송도동 308-1,,Review. Some address/physical fields may intentionally differ after geocode/API cleanup.,ast_701635aba4fc,A112373001,found,BldRgstHubService.getBrTitleInfo,,,,,,
asset_master,review,asset_field_change_candidate,,asset_type,기초자산,asset_type,주거,,,Review. Some address/physical fields may intentionally differ after geocode/API cleanup.,ast_701635aba4fc,A112373001,found,BldRgstHubService.getBrTitleInfo,,,,,,
asset_master,review,asset_field_change_candidate,,business_stage,사업단계,business_stage,운영/실물,,,Review. Some address/physical fields may intentionally differ after geocode/API cleanup.,ast_701635aba4fc,A112373001,found,BldRgstHubService.getBrTitleInfo,,,,,,
asset_master,review,asset_field_change_candidate,,portfolio_region,투자지역,portfolio_region,대한민국,,,Review. Some address/physical fields may intentionally differ after geocode/API cleanup.,ast_701635aba4fc,A112373001,found,BldRgstHubService.getBrTitleInfo,,,,,,
asset_master,review,asset_field_change_candidate,,gross_floor_area,연면적(m²),gross_floor_area,,15887,,Physical fields may be API-enriched. Review provenance before overwriting.,ast_701635aba4fc,A112373001,found,BldRgstHubService.getBrTitleInfo,,,,,,
asset_master,review,asset_field_change_candidate,,site_area,토지면적(㎡),site_area,,0,,Physical fields may be API-enriched. Review provenance before overwriting.,ast_701635aba4fc,A112373001,found,BldRgstHubService.getBrTitleInfo,,,,,,
asset_master,review,asset_field_change_candidate,,completion_date,준공(예정)일,completion_date,,2020-07-13,,Review. Some address/physical fields may intentionally differ after geocode/API cleanup.,ast_701635aba4fc,A112373001,found,BldRgstHubService.getBrTitleInfo,,,,,,
asset_master,review,asset_field_change_candidate,,parking,주차대수,parking,,옥내 0 / 옥외 0,,Review. Some address/physical fields may intentionally differ after geocode/API cleanup.,ast_701635aba4fc,A112373001,found,BldRgstHubService.getBrTitleInfo,,,,,,
asset_master,review,asset_field_change_candidate,,business_stage,사업단계,business_stage,운영/실물,,,Review. Some address/physical fields may intentionally differ after geocode/API cleanup.,ast_ec07f6a9ae3d,A112374001,not_checked,,,,,,,
asset_master,review,asset_field_change_candidate,,portfolio_region,투자지역,portfolio_region,북미,,,Review. Some address/physical fields may intentionally differ after geocode/API cleanup.,ast_ec07f6a9ae3d,A112374001,not_checked,,,,,,,
asset_master,review,asset_field_change_candidate,,country_code,국내/해외,country_code,OVERSEAS,,,Review. Some address/physical fields may intentionally differ after geocode/API cleanup.,ast_ec07f6a9ae3d,A112374001,not_checked,,,,,,,
asset_master,review,asset_field_change_candidate,,business_stage,사업단계,business_stage,운영/실물,,,Review. Some address/physical fields may intentionally differ after geocode/API cleanup.,ast_ac51c5236199,A112374002,not_checked,,,,,,,
asset_master,review,asset_field_change_candidate,,portfolio_region,투자지역,portfolio_region,북미,,,Review. Some address/physical fields may intentionally differ after geocode/API cleanup.,ast_ac51c5236199,A112374002,not_checked,,,,,,,
asset_master,review,asset_field_change_candidate,,country_code,국내/해외,country_code,OVERSEAS,,,Review. Some address/physical fields may intentionally differ after geocode/API cleanup.,ast_ac51c5236199,A112374002,not_checked,,,,,,,
asset_master,review,asset_field_change_candidate,,business_stage,사업단계,business_stage,운영/실물,,,Review. Some address/physical fields may intentionally differ after geocode/API cleanup.,ast_ea8e897db9a1,A112375001,found,BldRgstHubService.getBrTitleInfo,,,,,,
asset_master,review,asset_field_change_candidate,,portfolio_region,투자지역,portfolio_region,대한민국,,,Review. Some address/physical fields may intentionally differ after geocode/API cleanup.,ast_ea8e897db9a1,A112375001,found,BldRgstHubService.getBrTitleInfo,,,,,,
asset_master,review,asset_field_change_candidate,,country_code,국내/해외,country_code,KR,,,Review. Some address/physical fields may intentionally differ after geocode/API cleanup.,ast_ea8e897db9a1,A112375001,found,BldRgstHubService.getBrTitleInfo,,,,,,
asset_master,review,asset_field_change_candidate,,site_area,토지면적(㎡),site_area,,674,,Physical fields may be API-enriched. Review provenance before overwriting.,ast_ea8e897db9a1,A112375001,found,BldRgstHubService.getBrTitleInfo,,,,,,
asset_master,review,asset_field_change_candidate,,parking,주차대수,parking,,옥내 24 / 옥외 1,,Review. Some address/physical fields may intentionally differ after geocode/API cleanup.,ast_ea8e897db9a1,A112375001,found,BldRgstHubService.getBrTitleInfo,,,,,,
asset_master,review,asset_field_change_candidate,,business_stage,사업단계,business_stage,운영/실물,,,Review. Some address/physical fields may intentionally differ after geocode/API cleanup.,ast_a60db5e30056,A112379001,not_checked,,,,,,,
asset_master,review,asset_field_change_candidate,,portfolio_region,투자지역,portfolio_region,대한민국,,,Review. Some address/physical fields may intentionally differ after geocode/API cleanup.,ast_a60db5e30056,A112379001,not_checked,,,,,,,
asset_master,review,asset_field_change_candidate,,country_code,국내/해외,country_code,KR,,,Review. Some address/physical fields may intentionally differ after geocode/API cleanup.,ast_a60db5e30056,A112379001,not_checked,,,,,,,
asset_master,review,asset_field_change_candidate,,business_stage,사업단계,business_stage,운영/실물,,,Review. Some address/physical fields may intentionally differ after geocode/API cleanup.,ast_57891a43269b,A112380001,not_checked,,,,,,,
asset_master,review,asset_field_change_candidate,,portfolio_region,투자지역,portfolio_region,대한민국,,,Review. Some address/physical fields may intentionally differ after geocode/API cleanup.,ast_57891a43269b,A112380001,not_checked,,,,,,,
asset_master,review,asset_field_change_candidate,,country_code,국내/해외,country_code,KR,,,Review. Some address/physical fields may intentionally differ after geocode/API cleanup.,ast_57891a43269b,A112380001,not_checked,,,,,,,
asset_master,review,asset_field_change_candidate,,business_stage,사업단계,business_stage,운영/실물,,,Review. Some address/physical fields may intentionally differ after geocode/API cleanup.,ast_7652b80e18a2,A112380002,not_checked,,,,,,,
asset_master,review,asset_field_change_candidate,,portfolio_region,투자지역,portfolio_region,대한민국,,,Review. Some address/physical fields may intentionally differ after geocode/API cleanup.,ast_7652b80e18a2,A112380002,not_checked,,,,,,,
asset_master,review,asset_field_change_candidate,,business_stage,사업단계,business_stage,운영/실물,,,Review. Some address/physical fields may intentionally differ after geocode/API cleanup.,ast_4f430ef52910,A112383001,not_checked,,,,,,,
asset_master,review,asset_field_change_candidate,,portfolio_region,투자지역,portfolio_region,북미,,,Review. Some address/physical fields may intentionally differ after geocode/API cleanup.,ast_4f430ef52910,A112383001,not_checked,,,,,,,
asset_master,review,asset_field_change_candidate,,country_code,국내/해외,country_code,OVERSEAS,,,Review. Some address/physical fields may intentionally differ after geocode/API cleanup.,ast_4f430ef52910,A112383001,not_checked,,,,,,,
asset_master,review,asset_field_change_candidate,,canonical_name,자산(건물)명,canonical_name,충북 청주시 서원구 잠두봉근린공원 공동주택 개발사업 PF 대출채권,충북 청주시 서원구 잠두봉근린공원 공동주택 개발사업 PF,,Review. Some address/physical fields may intentionally differ after geocode/API cleanup.,ast_3a33a41d444e,A112387001,found,BldRgstHubService.getBrTitleInfo,,,,,,
asset_master,review,asset_field_change_candidate,,address_text,"전체주소(시/도, 구/군 포함)",address_text,충청북도 청주시 서원구 수곡동 산22번지 일원,충청북도 청주시 서원구 수곡동 산 22,,Review. Some address/physical fields may intentionally differ after geocode/API cleanup.,ast_3a33a41d444e,A112387001,found,BldRgstHubService.getBrTitleInfo,,,,,,
asset_master,review,asset_field_change_candidate,,asset_type,기초자산,asset_type,주거,,,Review. Some address/physical fields may intentionally differ after geocode/API cleanup.,ast_3a33a41d444e,A112387001,found,BldRgstHubService.getBrTitleInfo,,,,,,
asset_master,review,asset_field_change_candidate,,business_stage,사업단계,business_stage,운영/실물,,,Review. Some address/physical fields may intentionally differ after geocode/API cleanup.,ast_3a33a41d444e,A112387001,found,BldRgstHubService.getBrTitleInfo,,,,,,
asset_master,review,asset_field_change_candidate,,portfolio_region,투자지역,portfolio_region,대한민국,,,Review. Some address/physical fields may intentionally differ after geocode/API cleanup.,ast_3a33a41d444e,A112387001,found,BldRgstHubService.getBrTitleInfo,,,,,,
asset_master,review,asset_field_change_candidate,,gross_floor_area,연면적(m²),gross_floor_area,,65,,Physical fields may be API-enriched. Review provenance before overwriting.,ast_3a33a41d444e,A112387001,found,BldRgstHubService.getBrTitleInfo,,,,,,
asset_master,review,asset_field_change_candidate,,site_area,토지면적(㎡),site_area,,0,,Physical fields may be API-enriched. Review provenance before overwriting.,ast_3a33a41d444e,A112387001,found,BldRgstHubService.getBrTitleInfo,,,,,,
asset_master,review,asset_field_change_candidate,,completion_date,준공(예정)일,completion_date,,2020-07-30,,Review. Some address/physical fields may intentionally differ after geocode/API cleanup.,ast_3a33a41d444e,A112387001,found,BldRgstHubService.getBrTitleInfo,,,,,,
asset_master,review,asset_field_change_candidate,,parking,주차대수,parking,,옥내 0 / 옥외 0,,Review. Some address/physical fields may intentionally differ after geocode/API cleanup.,ast_3a33a41d444e,A112387001,found,BldRgstHubService.getBrTitleInfo,,,,,,
asset_master,review,asset_field_change_candidate,,business_stage,사업단계,business_stage,운영/실물,,,Review. Some address/physical fields may intentionally differ after geocode/API cleanup.,ast_a36fb8af4acf,A112393001,found,BldRgstHubService.getBrTitleInfo,,,,,,
asset_master,review,asset_field_change_candidate,,portfolio_region,투자지역,portfolio_region,대한민국,,,Review. Some address/physical fields may intentionally differ after geocode/API cleanup.,ast_a36fb8af4acf,A112393001,found,BldRgstHubService.getBrTitleInfo,,,,,,
asset_master,review,asset_field_change_candidate,,country_code,국내/해외,country_code,KR,,,Review. Some address/physical fields may intentionally differ after geocode/API cleanup.,ast_a36fb8af4acf,A112393001,found,BldRgstHubService.getBrTitleInfo,,,,,,
asset_master,review,asset_field_change_candidate,,site_area,토지면적(㎡),site_area,,7942,,Physical fields may be API-enriched. Review provenance before overwriting.,ast_a36fb8af4acf,A112393001,found,BldRgstHubService.getBrTitleInfo,,,,,,
asset_master,review,asset_field_change_candidate,,completion_date,준공(예정)일,completion_date,,1978-08-10,,Review. Some address/physical fields may intentionally differ after geocode/API cleanup.,ast_a36fb8af4acf,A112393001,found,BldRgstHubService.getBrTitleInfo,,,,,,
asset_master,review,asset_field_change_candidate,,parking,주차대수,parking,,옥내 225 / 옥외 90,,Review. Some address/physical fields may intentionally differ after geocode/API cleanup.,ast_a36fb8af4acf,A112393001,found,BldRgstHubService.getBrTitleInfo,,,,,,
asset_master,review,asset_field_change_candidate,,business_stage,사업단계,business_stage,운영/실물,,,Review. Some address/physical fields may intentionally differ after geocode/API cleanup.,ast_6be590f974c1,A112396001,found,BldRgstHubService.getBrTitleInfo,,,,,,
asset_master,review,asset_field_change_candidate,,portfolio_region,투자지역,portfolio_region,대한민국,,,Review. Some address/physical fields may intentionally differ after geocode/API cleanup.,ast_6be590f974c1,A112396001,found,BldRgstHubService.getBrTitleInfo,,,,,,
asset_master,review,asset_field_change_candidate,,country_code,국내/해외,country_code,KR,,,Review. Some address/physical fields may intentionally differ after geocode/API cleanup.,ast_6be590f974c1,A112396001,found,BldRgstHubService.getBrTitleInfo,,,,,,
asset_master,review,asset_field_change_candidate,,site_area,토지면적(㎡),site_area,,3622,,Physical fields may be API-enriched. Review provenance before overwriting.,ast_6be590f974c1,A112396001,found,BldRgstHubService.getBrTitleInfo,,,,,,
asset_master,review,asset_field_change_candidate,,parking,주차대수,parking,,옥내 101 / 옥외 0,,Review. Some address/physical fields may intentionally differ after geocode/API cleanup.,ast_6be590f974c1,A112396001,found,BldRgstHubService.getBrTitleInfo,,,,,,
asset_master,review,asset_field_change_candidate,,business_stage,사업단계,business_stage,운영/실물,,,Review. Some address/physical fields may intentionally differ after geocode/API cleanup.,ast_ff8a69b5d1fd,A112401001,not_checked,,,,,,,
asset_master,review,asset_field_change_candidate,,portfolio_region,투자지역,portfolio_region,유럽,,,Review. Some address/physical fields may intentionally differ after geocode/API cleanup.,ast_ff8a69b5d1fd,A112401001,not_checked,,,,,,,
asset_master,review,asset_field_change_candidate,,country_code,국내/해외,country_code,OVERSEAS,,,Review. Some address/physical fields may intentionally differ after geocode/API cleanup.,ast_ff8a69b5d1fd,A112401001,not_checked,,,,,,,
asset_master,review,asset_field_change_candidate,,business_stage,사업단계,business_stage,운영/실물,,,Review. Some address/physical fields may intentionally differ after geocode/API cleanup.,ast_ead5386059f5,A112401002,not_checked,,,,,,,
asset_master,review,asset_field_change_candidate,,portfolio_region,투자지역,portfolio_region,유럽,,,Review. Some address/physical fields may intentionally differ after geocode/API cleanup.,ast_ead5386059f5,A112401002,not_checked,,,,,,,
asset_master,review,asset_field_change_candidate,,country_code,국내/해외,country_code,OVERSEAS,,,Review. Some address/physical fields may intentionally differ after geocode/API cleanup.,ast_ead5386059f5,A112401002,not_checked,,,,,,,
asset_master,review,asset_field_change_candidate,,business_stage,사업단계,business_stage,운영/실물,,,Review. Some address/physical fields may intentionally differ after geocode/API cleanup.,ast_615cb3a61bf2,A112401003,not_checked,,,,,,,
asset_master,review,asset_field_change_candidate,,portfolio_region,투자지역,portfolio_region,유럽,,,Review. Some address/physical fields may intentionally differ after geocode/API cleanup.,ast_615cb3a61bf2,A112401003,not_checked,,,,,,,
asset_master,review,asset_field_change_candidate,,country_code,국내/해외,country_code,OVERSEAS,,,Review. Some address/physical fields may intentionally differ after geocode/API cleanup.,ast_615cb3a61bf2,A112401003,not_checked,,,,,,,
asset_master,review,asset_field_change_candidate,,business_stage,사업단계,business_stage,운영/실물,,,Review. Some address/physical fields may intentionally differ after geocode/API cleanup.,ast_179a3e793b6f,A112401004,not_checked,,,,,,,
asset_master,review,asset_field_change_candidate,,portfolio_region,투자지역,portfolio_region,유럽,,,Review. Some address/physical fields may intentionally differ after geocode/API cleanup.,ast_179a3e793b6f,A112401004,not_checked,,,,,,,
asset_master,review,asset_field_change_candidate,,country_code,국내/해외,country_code,OVERSEAS,,,Review. Some address/physical fields may intentionally differ after geocode/API cleanup.,ast_179a3e793b6f,A112401004,not_checked,,,,,,,
asset_master,review,asset_field_change_candidate,,business_stage,사업단계,business_stage,운영/실물,,,Review. Some address/physical fields may intentionally differ after geocode/API cleanup.,ast_afa982be63cc,A112401005,not_checked,,,,,,,
asset_master,review,asset_field_change_candidate,,portfolio_region,투자지역,portfolio_region,유럽,,,Review. Some address/physical fields may intentionally differ after geocode/API cleanup.,ast_afa982be63cc,A112401005,not_checked,,,,,,,
asset_master,review,asset_field_change_candidate,,country_code,국내/해외,country_code,OVERSEAS,,,Review. Some address/physical fields may intentionally differ after geocode/API cleanup.,ast_afa982be63cc,A112401005,not_checked,,,,,,,
asset_master,review,asset_field_change_candidate,,business_stage,사업단계,business_stage,운영/실물,,,Review. Some address/physical fields may intentionally differ after geocode/API cleanup.,ast_c70882b2b3ff,A112401006,not_checked,,,,,,,
asset_master,review,asset_field_change_candidate,,portfolio_region,투자지역,portfolio_region,유럽,,,Review. Some address/physical fields may intentionally differ after geocode/API cleanup.,ast_c70882b2b3ff,A112401006,not_checked,,,,,,,
asset_master,review,asset_field_change_candidate,,country_code,국내/해외,country_code,OVERSEAS,,,Review. Some address/physical fields may intentionally differ after geocode/API cleanup.,ast_c70882b2b3ff,A112401006,not_checked,,,,,,,
asset_master,review,asset_field_change_candidate,,business_stage,사업단계,business_stage,운영/실물,,,Review. Some address/physical fields may intentionally differ after geocode/API cleanup.,ast_c7e88869e4e6,A112401007,not_checked,,,,,,,
asset_master,review,asset_field_change_candidate,,portfolio_region,투자지역,portfolio_region,유럽,,,Review. Some address/physical fields may intentionally differ after geocode/API cleanup.,ast_c7e88869e4e6,A112401007,not_checked,,,,,,,
asset_master,review,asset_field_change_candidate,,country_code,국내/해외,country_code,OVERSEAS,,,Review. Some address/physical fields may intentionally differ after geocode/API cleanup.,ast_c7e88869e4e6,A112401007,not_checked,,,,,,,
asset_master,review,asset_field_change_candidate,,business_stage,사업단계,business_stage,운영/실물,,,Review. Some address/physical fields may intentionally differ after geocode/API cleanup.,ast_b487a63c00bc,A112404001,found,BldRgstHubService.getBrTitleInfo,,,,,,
asset_master,review,asset_field_change_candidate,,portfolio_region,투자지역,portfolio_region,대한민국,,,Review. Some address/physical fields may intentionally differ after geocode/API cleanup.,ast_b487a63c00bc,A112404001,found,BldRgstHubService.getBrTitleInfo,,,,,,
asset_master,review,asset_field_change_candidate,,country_code,국내/해외,country_code,KR,,,Review. Some address/physical fields may intentionally differ after geocode/API cleanup.,ast_b487a63c00bc,A112404001,found,BldRgstHubService.getBrTitleInfo,,,,,,
asset_master,review,asset_field_change_candidate,,gross_floor_area,연면적(m²),gross_floor_area,,19994,,Physical fields may be API-enriched. Review provenance before overwriting.,ast_b487a63c00bc,A112404001,found,BldRgstHubService.getBrTitleInfo,,,,,,
asset_master,review,asset_field_change_candidate,,site_area,토지면적(㎡),site_area,,2632,,Physical fields may be API-enriched. Review provenance before overwriting.,ast_b487a63c00bc,A112404001,found,BldRgstHubService.getBrTitleInfo,,,,,,
asset_master,review,asset_field_change_candidate,,completion_date,준공(예정)일,completion_date,,2014-12-23,,Review. Some address/physical fields may intentionally differ after geocode/API cleanup.,ast_b487a63c00bc,A112404001,found,BldRgstHubService.getBrTitleInfo,,,,,,
asset_master,review,asset_field_change_candidate,,parking,주차대수,parking,,옥내 82 / 옥외 4,,Review. Some address/physical fields may intentionally differ after geocode/API cleanup.,ast_b487a63c00bc,A112404001,found,BldRgstHubService.getBrTitleInfo,,,,,,
asset_master,review,asset_field_change_candidate,,business_stage,사업단계,business_stage,운영/실물,,,Review. Some address/physical fields may intentionally differ after geocode/API cleanup.,ast_22f2b5989936,A112408001,not_checked,,,,,,,
asset_master,review,asset_field_change_candidate,,portfolio_region,투자지역,portfolio_region,북미,,,Review. Some address/physical fields may intentionally differ after geocode/API cleanup.,ast_22f2b5989936,A112408001,not_checked,,,,,,,
asset_master,review,asset_field_change_candidate,,country_code,국내/해외,country_code,OVERSEAS,,,Review. Some address/physical fields may intentionally differ after geocode/API cleanup.,ast_22f2b5989936,A112408001,not_checked,,,,,,,
asset_master,review,asset_field_change_candidate,,business_stage,사업단계,business_stage,운영/실물,,,Review. Some address/physical fields may intentionally differ after geocode/API cleanup.,ast_3363b64de849,A112409001,not_checked,,,,,,,
asset_master,review,asset_field_change_candidate,,portfolio_region,투자지역,portfolio_region,북미,,,Review. Some address/physical fields may intentionally differ after geocode/API cleanup.,ast_3363b64de849,A112409001,not_checked,,,,,,,
asset_master,review,asset_field_change_candidate,,country_code,국내/해외,country_code,OVERSEAS,,,Review. Some address/physical fields may intentionally differ after geocode/API cleanup.,ast_3363b64de849,A112409001,not_checked,,,,,,,
asset_master,review,asset_field_change_candidate,,business_stage,사업단계,business_stage,운영/실물,,,Review. Some address/physical fields may intentionally differ after geocode/API cleanup.,ast_ce2d13497cbc,A112410001,not_checked,,,,,,,
asset_master,review,asset_field_change_candidate,,portfolio_region,투자지역,portfolio_region,북미,,,Review. Some address/physical fields may intentionally differ after geocode/API cleanup.,ast_ce2d13497cbc,A112410001,not_checked,,,,,,,
asset_master,review,asset_field_change_candidate,,country_code,국내/해외,country_code,OVERSEAS,,,Review. Some address/physical fields may intentionally differ after geocode/API cleanup.,ast_ce2d13497cbc,A112410001,not_checked,,,,,,,
asset_master,review,asset_field_change_candidate,,portfolio_region,투자지역,portfolio_region,글로벌,,,Review. Some address/physical fields may intentionally differ after geocode/API cleanup.,ast_9bf678a7d2ae,A112411001,not_checked,,,,,,,
asset_master,review,asset_field_change_candidate,,country_code,국내/해외,country_code,OVERSEAS,,,Review. Some address/physical fields may intentionally differ after geocode/API cleanup.,ast_9bf678a7d2ae,A112411001,not_checked,,,,,,,
asset_master,review,asset_field_change_candidate,,business_stage,사업단계,business_stage,운영/실물,,,Review. Some address/physical fields may intentionally differ after geocode/API cleanup.,ast_db5ed66e1434,A112413001,not_checked,,,,,,,
asset_master,review,asset_field_change_candidate,,portfolio_region,투자지역,portfolio_region,글로벌,,,Review. Some address/physical fields may intentionally differ after geocode/API cleanup.,ast_db5ed66e1434,A112413001,not_checked,,,,,,,
asset_master,review,asset_field_change_candidate,,country_code,국내/해외,country_code,OVERSEAS,,,Review. Some address/physical fields may intentionally differ after geocode/API cleanup.,ast_db5ed66e1434,A112413001,not_checked,,,,,,,
asset_master,review,asset_field_change_candidate,,business_stage,사업단계,business_stage,운영/실물,,,Review. Some address/physical fields may intentionally differ after geocode/API cleanup.,ast_740742dbd00f,A112414001,found,BldRgstHubService.getBrTitleInfo,,,,,,
asset_master,review,asset_field_change_candidate,,portfolio_region,투자지역,portfolio_region,대한민국,,,Review. Some address/physical fields may intentionally differ after geocode/API cleanup.,ast_740742dbd00f,A112414001,found,BldRgstHubService.getBrTitleInfo,,,,,,
asset_master,review,asset_field_change_candidate,,country_code,국내/해외,country_code,KR,,,Review. Some address/physical fields may intentionally differ after geocode/API cleanup.,ast_740742dbd00f,A112414001,found,BldRgstHubService.getBrTitleInfo,,,,,,
asset_master,review,asset_field_change_candidate,,site_area,토지면적(㎡),site_area,,5707,,Physical fields may be API-enriched. Review provenance before overwriting.,ast_740742dbd00f,A112414001,found,BldRgstHubService.getBrTitleInfo,,,,,,
asset_master,review,asset_field_change_candidate,,completion_date,준공(예정)일,completion_date,,2019-11-29,,Review. Some address/physical fields may intentionally differ after geocode/API cleanup.,ast_740742dbd00f,A112414001,found,BldRgstHubService.getBrTitleInfo,,,,,,
asset_master,review,asset_field_change_candidate,,parking,주차대수,parking,,옥내 581 / 옥외 0,,Review. Some address/physical fields may intentionally differ after geocode/API cleanup.,ast_740742dbd00f,A112414001,found,BldRgstHubService.getBrTitleInfo,,,,,,
asset_master,review,asset_field_change_candidate,,business_stage,사업단계,business_stage,운영/실물,,,Review. Some address/physical fields may intentionally differ after geocode/API cleanup.,ast_e505ab13fd73,A112418001,not_checked,,,,,,,
asset_master,review,asset_field_change_candidate,,portfolio_region,투자지역,portfolio_region,북미,,,Review. Some address/physical fields may intentionally differ after geocode/API cleanup.,ast_e505ab13fd73,A112418001,not_checked,,,,,,,
asset_master,review,asset_field_change_candidate,,country_code,국내/해외,country_code,OVERSEAS,,,Review. Some address/physical fields may intentionally differ after geocode/API cleanup.,ast_e505ab13fd73,A112418001,not_checked,,,,,,,
asset_master,review,asset_field_change_candidate,,business_stage,사업단계,business_stage,운영/실물,,,Review. Some address/physical fields may intentionally differ after geocode/API cleanup.,ast_8e5fda3d061a,A112421001,found,BldRgstHubService.getBrTitleInfo,,,,,,
asset_master,review,asset_field_change_candidate,,portfolio_region,투자지역,portfolio_region,대한민국,,,Review. Some address/physical fields may intentionally differ after geocode/API cleanup.,ast_8e5fda3d061a,A112421001,found,BldRgstHubService.getBrTitleInfo,,,,,,
asset_master,review,asset_field_change_candidate,,country_code,국내/해외,country_code,KR,,,Review. Some address/physical fields may intentionally differ after geocode/API cleanup.,ast_8e5fda3d061a,A112421001,found,BldRgstHubService.getBrTitleInfo,,,,,,
asset_master,review,asset_field_change_candidate,,site_area,토지면적(㎡),site_area,,2000,,Physical fields may be API-enriched. Review provenance before overwriting.,ast_8e5fda3d061a,A112421001,found,BldRgstHubService.getBrTitleInfo,,,,,,
asset_master,review,asset_field_change_candidate,,parking,주차대수,parking,,옥내 68 / 옥외 0,,Review. Some address/physical fields may intentionally differ after geocode/API cleanup.,ast_8e5fda3d061a,A112421001,found,BldRgstHubService.getBrTitleInfo,,,,,,
asset_master,review,asset_field_change_candidate,,portfolio_region,투자지역,portfolio_region,글로벌,,,Review. Some address/physical fields may intentionally differ after geocode/API cleanup.,ast_c010b7ae021c,A112425001,not_checked,,,,,,,
asset_master,review,asset_field_change_candidate,,country_code,국내/해외,country_code,OVERSEAS,,,Review. Some address/physical fields may intentionally differ after geocode/API cleanup.,ast_c010b7ae021c,A112425001,not_checked,,,,,,,
asset_master,review,asset_field_change_candidate,,business_stage,사업단계,business_stage,운영/실물,,,Review. Some address/physical fields may intentionally differ after geocode/API cleanup.,ast_d3ff3c41d7cb,A112442001,found,BldRgstHubService.getBrTitleInfo,,,,,,
asset_master,review,asset_field_change_candidate,,portfolio_region,투자지역,portfolio_region,대한민국,,,Review. Some address/physical fields may intentionally differ after geocode/API cleanup.,ast_d3ff3c41d7cb,A112442001,found,BldRgstHubService.getBrTitleInfo,,,,,,
asset_master,review,asset_field_change_candidate,,country_code,국내/해외,country_code,KR,,,Review. Some address/physical fields may intentionally differ after geocode/API cleanup.,ast_d3ff3c41d7cb,A112442001,found,BldRgstHubService.getBrTitleInfo,,,,,,
asset_master,review,asset_field_change_candidate,,site_area,토지면적(㎡),site_area,,6638,,Physical fields may be API-enriched. Review provenance before overwriting.,ast_d3ff3c41d7cb,A112442001,found,BldRgstHubService.getBrTitleInfo,,,,,,
asset_master,review,asset_field_change_candidate,,parking,주차대수,parking,,옥내 177 / 옥외 0,,Review. Some address/physical fields may intentionally differ after geocode/API cleanup.,ast_d3ff3c41d7cb,A112442001,found,BldRgstHubService.getBrTitleInfo,,,,,,
asset_master,review,asset_field_change_candidate,,business_stage,사업단계,business_stage,운영/실물,,,Review. Some address/physical fields may intentionally differ after geocode/API cleanup.,ast_64855a473d9f,A112445001,pending,,,,,,,
asset_master,review,asset_field_change_candidate,,portfolio_region,투자지역,portfolio_region,대한민국,,,Review. Some address/physical fields may intentionally differ after geocode/API cleanup.,ast_64855a473d9f,A112445001,pending,,,,,,,
asset_master,review,asset_field_change_candidate,,business_stage,사업단계,business_stage,운영/실물,,,Review. Some address/physical fields may intentionally differ after geocode/API cleanup.,ast_eb73897d66c4,A112445002,found,BldRgstHubService.getBrTitleInfo,,,,,,
asset_master,review,asset_field_change_candidate,,portfolio_region,투자지역,portfolio_region,대한민국,,,Review. Some address/physical fields may intentionally differ after geocode/API cleanup.,ast_eb73897d66c4,A112445002,found,BldRgstHubService.getBrTitleInfo,,,,,,
asset_master,review,asset_field_change_candidate,,country_code,국내/해외,country_code,KR,,,Review. Some address/physical fields may intentionally differ after geocode/API cleanup.,ast_eb73897d66c4,A112445002,found,BldRgstHubService.getBrTitleInfo,,,,,,
asset_master,review,asset_field_change_candidate,,site_area,토지면적(㎡),site_area,,903,,Physical fields may be API-enriched. Review provenance before overwriting.,ast_eb73897d66c4,A112445002,found,BldRgstHubService.getBrTitleInfo,,,,,,
asset_master,review,asset_field_change_candidate,,parking,주차대수,parking,,옥내 39 / 옥외 2,,Review. Some address/physical fields may intentionally differ after geocode/API cleanup.,ast_eb73897d66c4,A112445002,found,BldRgstHubService.getBrTitleInfo,,,,,,
asset_master,review,asset_field_change_candidate,,business_stage,사업단계,business_stage,운영/실물,,,Review. Some address/physical fields may intentionally differ after geocode/API cleanup.,ast_878300cda6ad,A112445003,found,BldRgstHubService.getBrTitleInfo,,,,,,
asset_master,review,asset_field_change_candidate,,portfolio_region,투자지역,portfolio_region,대한민국,,,Review. Some address/physical fields may intentionally differ after geocode/API cleanup.,ast_878300cda6ad,A112445003,found,BldRgstHubService.getBrTitleInfo,,,,,,
asset_master,review,asset_field_change_candidate,,country_code,국내/해외,country_code,KR,,,Review. Some address/physical fields may intentionally differ after geocode/API cleanup.,ast_878300cda6ad,A112445003,found,BldRgstHubService.getBrTitleInfo,,,,,,
asset_master,review,asset_field_change_candidate,,site_area,토지면적(㎡),site_area,,648,,Physical fields may be API-enriched. Review provenance before overwriting.,ast_878300cda6ad,A112445003,found,BldRgstHubService.getBrTitleInfo,,,,,,
asset_master,review,asset_field_change_candidate,,parking,주차대수,parking,,옥내 14 / 옥외 1,,Review. Some address/physical fields may intentionally differ after geocode/API cleanup.,ast_878300cda6ad,A112445003,found,BldRgstHubService.getBrTitleInfo,,,,,,
asset_master,review,asset_field_change_candidate,,business_stage,사업단계,business_stage,운영/실물,,,Review. Some address/physical fields may intentionally differ after geocode/API cleanup.,ast_914c4ba3efd4,A112446001,not_checked,,,,,,,
asset_master,review,asset_field_change_candidate,,portfolio_region,투자지역,portfolio_region,대한민국,,,Review. Some address/physical fields may intentionally differ after geocode/API cleanup.,ast_914c4ba3efd4,A112446001,not_checked,,,,,,,
asset_master,review,asset_field_change_candidate,,country_code,국내/해외,country_code,KR,,,Review. Some address/physical fields may intentionally differ after geocode/API cleanup.,ast_914c4ba3efd4,A112446001,not_checked,,,,,,,
asset_master,review,asset_field_change_candidate,,business_stage,사업단계,business_stage,운영/실물,,,Review. Some address/physical fields may intentionally differ after geocode/API cleanup.,ast_e60d36b43a64,A112449001,pending,,,,,,,
asset_master,review,asset_field_change_candidate,,portfolio_region,투자지역,portfolio_region,대한민국,,,Review. Some address/physical fields may intentionally differ after geocode/API cleanup.,ast_e60d36b43a64,A112449001,pending,,,,,,,
asset_master,review,asset_field_change_candidate,,country_code,국내/해외,country_code,KR,,,Review. Some address/physical fields may intentionally differ after geocode/API cleanup.,ast_e60d36b43a64,A112449001,pending,,,,,,,
asset_master,review,asset_field_change_candidate,,business_stage,사업단계,business_stage,운영/실물,,,Review. Some address/physical fields may intentionally differ after geocode/API cleanup.,ast_1a20ea59c075,A112450001,found,BldRgstHubService.getBrTitleInfo,,,,,,
asset_master,review,asset_field_change_candidate,,portfolio_region,투자지역,portfolio_region,대한민국,,,Review. Some address/physical fields may intentionally differ after geocode/API cleanup.,ast_1a20ea59c075,A112450001,found,BldRgstHubService.getBrTitleInfo,,,,,,
asset_master,review,asset_field_change_candidate,,country_code,국내/해외,country_code,KR,,,Review. Some address/physical fields may intentionally differ after geocode/API cleanup.,ast_1a20ea59c075,A112450001,found,BldRgstHubService.getBrTitleInfo,,,,,,
asset_master,review,asset_field_change_candidate,,gross_floor_area,연면적(m²),gross_floor_area,,46428,,Physical fields may be API-enriched. Review provenance before overwriting.,ast_1a20ea59c075,A112450001,found,BldRgstHubService.getBrTitleInfo,,,,,,
asset_master,review,asset_field_change_candidate,,site_area,토지면적(㎡),site_area,,2954,,Physical fields may be API-enriched. Review provenance before overwriting.,ast_1a20ea59c075,A112450001,found,BldRgstHubService.getBrTitleInfo,,,,,,
asset_master,review,asset_field_change_candidate,,completion_date,준공(예정)일,completion_date,,2026-03-31,,Review. Some address/physical fields may intentionally differ after geocode/API cleanup.,ast_1a20ea59c075,A112450001,found,BldRgstHubService.getBrTitleInfo,,,,,,
asset_master,review,asset_field_change_candidate,,parking,주차대수,parking,,옥내 269 / 옥외 0,,Review. Some address/physical fields may intentionally differ after geocode/API cleanup.,ast_1a20ea59c075,A112450001,found,BldRgstHubService.getBrTitleInfo,,,,,,
asset_master,review,asset_field_change_candidate,,business_stage,사업단계,business_stage,운영/실물,,,Review. Some address/physical fields may intentionally differ after geocode/API cleanup.,ast_efc67c29f4e8,A112451001,not_checked,,,,,,,
asset_master,review,asset_field_change_candidate,,portfolio_region,투자지역,portfolio_region,대한민국,,,Review. Some address/physical fields may intentionally differ after geocode/API cleanup.,ast_efc67c29f4e8,A112451001,not_checked,,,,,,,
asset_master,review,asset_field_change_candidate,,country_code,국내/해외,country_code,KR,,,Review. Some address/physical fields may intentionally differ after geocode/API cleanup.,ast_efc67c29f4e8,A112451001,not_checked,,,,,,,
asset_master,review,asset_field_change_candidate,,business_stage,사업단계,business_stage,운영/실물,,,Review. Some address/physical fields may intentionally differ after geocode/API cleanup.,ast_e2910b24e5e7,A112456001,pending,,,,,,,
asset_master,review,asset_field_change_candidate,,portfolio_region,투자지역,portfolio_region,대한민국,,,Review. Some address/physical fields may intentionally differ after geocode/API cleanup.,ast_e2910b24e5e7,A112456001,pending,,,,,,,
asset_master,review,asset_field_change_candidate,,business_stage,사업단계,business_stage,운영/실물,,,Review. Some address/physical fields may intentionally differ after geocode/API cleanup.,ast_cb763ed28220,A112461001,found,BldRgstHubService.getBrTitleInfo,,,,,,
asset_master,review,asset_field_change_candidate,,portfolio_region,투자지역,portfolio_region,대한민국,,,Review. Some address/physical fields may intentionally differ after geocode/API cleanup.,ast_cb763ed28220,A112461001,found,BldRgstHubService.getBrTitleInfo,,,,,,
asset_master,review,asset_field_change_candidate,,country_code,국내/해외,country_code,KR,,,Review. Some address/physical fields may intentionally differ after geocode/API cleanup.,ast_cb763ed28220,A112461001,found,BldRgstHubService.getBrTitleInfo,,,,,,
asset_master,review,asset_field_change_candidate,,site_area,토지면적(㎡),site_area,,1232,,Physical fields may be API-enriched. Review provenance before overwriting.,ast_cb763ed28220,A112461001,found,BldRgstHubService.getBrTitleInfo,,,,,,
asset_master,review,asset_field_change_candidate,,completion_date,준공(예정)일,completion_date,,1997-09-22,,Review. Some address/physical fields may intentionally differ after geocode/API cleanup.,ast_cb763ed28220,A112461001,found,BldRgstHubService.getBrTitleInfo,,,,,,
asset_master,review,asset_field_change_candidate,,parking,주차대수,parking,,옥내 26 / 옥외 22,,Review. Some address/physical fields may intentionally differ after geocode/API cleanup.,ast_cb763ed28220,A112461001,found,BldRgstHubService.getBrTitleInfo,,,,,,
asset_master,review,asset_field_change_candidate,,portfolio_region,투자지역,portfolio_region,대한민국,,,Review. Some address/physical fields may intentionally differ after geocode/API cleanup.,ast_a56330cfa5d8,A112466001,pending,,,,,,,
asset_master,review,asset_field_change_candidate,,country_code,국내/해외,country_code,KR,,,Review. Some address/physical fields may intentionally differ after geocode/API cleanup.,ast_a56330cfa5d8,A112466001,pending,,,,,,,
asset_master,review,asset_field_change_candidate,,portfolio_region,투자지역,portfolio_region,대한민국,,,Review. Some address/physical fields may intentionally differ after geocode/API cleanup.,ast_e93b7e7a9f50,A112466002,pending,,,,,,,
asset_master,review,asset_field_change_candidate,,country_code,국내/해외,country_code,KR,,,Review. Some address/physical fields may intentionally differ after geocode/API cleanup.,ast_e93b7e7a9f50,A112466002,pending,,,,,,,
asset_master,review,asset_field_change_candidate,,portfolio_region,투자지역,portfolio_region,대한민국,,,Review. Some address/physical fields may intentionally differ after geocode/API cleanup.,ast_47c9c0222e55,A112466003,pending,,,,,,,
asset_master,review,asset_field_change_candidate,,country_code,국내/해외,country_code,KR,,,Review. Some address/physical fields may intentionally differ after geocode/API cleanup.,ast_47c9c0222e55,A112466003,pending,,,,,,,
asset_master,review,asset_field_change_candidate,,portfolio_region,투자지역,portfolio_region,대한민국,,,Review. Some address/physical fields may intentionally differ after geocode/API cleanup.,ast_dcf834c2a811,A112466004,not_checked,,,,,,,
asset_master,review,asset_field_change_candidate,,country_code,국내/해외,country_code,KR,,,Review. Some address/physical fields may intentionally differ after geocode/API cleanup.,ast_dcf834c2a811,A112466004,not_checked,,,,,,,
asset_master,review,asset_field_change_candidate,,portfolio_region,투자지역,portfolio_region,대한민국,,,Review. Some address/physical fields may intentionally differ after geocode/API cleanup.,ast_b455401a3b2c,A112466005,not_checked,,,,,,,
asset_master,review,asset_field_change_candidate,,country_code,국내/해외,country_code,KR,,,Review. Some address/physical fields may intentionally differ after geocode/API cleanup.,ast_b455401a3b2c,A112466005,not_checked,,,,,,,
asset_master,review,asset_field_change_candidate,,portfolio_region,투자지역,portfolio_region,대한민국,,,Review. Some address/physical fields may intentionally differ after geocode/API cleanup.,ast_d4676b749cd2,A112466006,pending,,,,,,,
asset_master,review,asset_field_change_candidate,,country_code,국내/해외,country_code,KR,,,Review. Some address/physical fields may intentionally differ after geocode/API cleanup.,ast_d4676b749cd2,A112466006,pending,,,,,,,
asset_master,review,asset_field_change_candidate,,portfolio_region,투자지역,portfolio_region,대한민국,,,Review. Some address/physical fields may intentionally differ after geocode/API cleanup.,ast_fc9106a89950,A112466007,pending,,,,,,,
asset_master,review,asset_field_change_candidate,,country_code,국내/해외,country_code,KR,,,Review. Some address/physical fields may intentionally differ after geocode/API cleanup.,ast_fc9106a89950,A112466007,pending,,,,,,,
asset_master,review,asset_field_change_candidate,,portfolio_region,투자지역,portfolio_region,대한민국,,,Review. Some address/physical fields may intentionally differ after geocode/API cleanup.,ast_30ea47766ea3,A112466008,pending,,,,,,,
asset_master,review,asset_field_change_candidate,,country_code,국내/해외,country_code,KR,,,Review. Some address/physical fields may intentionally differ after geocode/API cleanup.,ast_30ea47766ea3,A112466008,pending,,,,,,,
asset_master,review,asset_field_change_candidate,,portfolio_region,투자지역,portfolio_region,대한민국,,,Review. Some address/physical fields may intentionally differ after geocode/API cleanup.,ast_5393f66e7bcb,A112466010,not_checked,,,,,,,
asset_master,review,asset_field_change_candidate,,country_code,국내/해외,country_code,KR,,,Review. Some address/physical fields may intentionally differ after geocode/API cleanup.,ast_5393f66e7bcb,A112466010,not_checked,,,,,,,
asset_master,review,asset_field_change_candidate,,portfolio_region,투자지역,portfolio_region,대한민국,,,Review. Some address/physical fields may intentionally differ after geocode/API cleanup.,ast_26e82856c0dc,A112466011,pending,,,,,,,
asset_master,review,asset_field_change_candidate,,country_code,국내/해외,country_code,KR,,,Review. Some address/physical fields may intentionally differ after geocode/API cleanup.,ast_26e82856c0dc,A112466011,pending,,,,,,,
asset_master,review,asset_field_change_candidate,,portfolio_region,투자지역,portfolio_region,대한민국,,,Review. Some address/physical fields may intentionally differ after geocode/API cleanup.,ast_9a719e7b4ca2,A112466012,pending,,,,,,,
asset_master,review,asset_field_change_candidate,,country_code,국내/해외,country_code,KR,,,Review. Some address/physical fields may intentionally differ after geocode/API cleanup.,ast_9a719e7b4ca2,A112466012,pending,,,,,,,
asset_master,review,asset_field_change_candidate,,portfolio_region,투자지역,portfolio_region,대한민국,,,Review. Some address/physical fields may intentionally differ after geocode/API cleanup.,ast_de2b4769c13a,A112466014,not_checked,,,,,,,
asset_master,review,asset_field_change_candidate,,country_code,국내/해외,country_code,KR,,,Review. Some address/physical fields may intentionally differ after geocode/API cleanup.,ast_de2b4769c13a,A112466014,not_checked,,,,,,,
asset_master,review,asset_field_change_candidate,,portfolio_region,투자지역,portfolio_region,대한민국,,,Review. Some address/physical fields may intentionally differ after geocode/API cleanup.,ast_44fa365fae5f,A112466015,not_checked,,,,,,,
asset_master,review,asset_field_change_candidate,,country_code,국내/해외,country_code,KR,,,Review. Some address/physical fields may intentionally differ after geocode/API cleanup.,ast_44fa365fae5f,A112466015,not_checked,,,,,,,
asset_master,review,asset_field_change_candidate,,portfolio_region,투자지역,portfolio_region,대한민국,,,Review. Some address/physical fields may intentionally differ after geocode/API cleanup.,ast_08feb99d7dd1,A112466016,pending,,,,,,,
asset_master,review,asset_field_change_candidate,,country_code,국내/해외,country_code,KR,,,Review. Some address/physical fields may intentionally differ after geocode/API cleanup.,ast_08feb99d7dd1,A112466016,pending,,,,,,,
asset_master,review,asset_field_change_candidate,,portfolio_region,투자지역,portfolio_region,대한민국,,,Review. Some address/physical fields may intentionally differ after geocode/API cleanup.,ast_a6d6041ea653,A112466017,pending,,,,,,,
asset_master,review,asset_field_change_candidate,,country_code,국내/해외,country_code,KR,,,Review. Some address/physical fields may intentionally differ after geocode/API cleanup.,ast_a6d6041ea653,A112466017,pending,,,,,,,
asset_master,review,asset_field_change_candidate,,portfolio_region,투자지역,portfolio_region,대한민국,,,Review. Some address/physical fields may intentionally differ after geocode/API cleanup.,ast_75abb17c6fb9,A112466018,pending,,,,,,,
asset_master,review,asset_field_change_candidate,,country_code,국내/해외,country_code,KR,,,Review. Some address/physical fields may intentionally differ after geocode/API cleanup.,ast_75abb17c6fb9,A112466018,pending,,,,,,,
asset_master,review,asset_field_change_candidate,,portfolio_region,투자지역,portfolio_region,대한민국,,,Review. Some address/physical fields may intentionally differ after geocode/API cleanup.,ast_12910bc887e1,A112466019,not_checked,,,,,,,
asset_master,review,asset_field_change_candidate,,country_code,국내/해외,country_code,KR,,,Review. Some address/physical fields may intentionally differ after geocode/API cleanup.,ast_12910bc887e1,A112466019,not_checked,,,,,,,
asset_master,review,asset_field_change_candidate,,portfolio_region,투자지역,portfolio_region,대한민국,,,Review. Some address/physical fields may intentionally differ after geocode/API cleanup.,ast_f0849461378a,A112466020,not_checked,,,,,,,
asset_master,review,asset_field_change_candidate,,country_code,국내/해외,country_code,KR,,,Review. Some address/physical fields may intentionally differ after geocode/API cleanup.,ast_f0849461378a,A112466020,not_checked,,,,,,,
asset_master,review,asset_field_change_candidate,,portfolio_region,투자지역,portfolio_region,대한민국,,,Review. Some address/physical fields may intentionally differ after geocode/API cleanup.,ast_6e21f7f90ac5,A112466021,pending,,,,,,,
asset_master,review,asset_field_change_candidate,,country_code,국내/해외,country_code,KR,,,Review. Some address/physical fields may intentionally differ after geocode/API cleanup.,ast_6e21f7f90ac5,A112466021,pending,,,,,,,
asset_master,review,asset_field_change_candidate,,portfolio_region,투자지역,portfolio_region,대한민국,,,Review. Some address/physical fields may intentionally differ after geocode/API cleanup.,ast_7f04e40d8fcc,A112466022,pending,,,,,,,
asset_master,review,asset_field_change_candidate,,country_code,국내/해외,country_code,KR,,,Review. Some address/physical fields may intentionally differ after geocode/API cleanup.,ast_7f04e40d8fcc,A112466022,pending,,,,,,,
asset_master,review,asset_field_change_candidate,,portfolio_region,투자지역,portfolio_region,대한민국,,,Review. Some address/physical fields may intentionally differ after geocode/API cleanup.,ast_60cc7b32c8c0,A112466023,pending,,,,,,,
asset_master,review,asset_field_change_candidate,,portfolio_region,투자지역,portfolio_region,대한민국,,,Review. Some address/physical fields may intentionally differ after geocode/API cleanup.,ast_aab359e1cf01,A112466024,not_checked,,,,,,,
asset_master,review,asset_field_change_candidate,,country_code,국내/해외,country_code,KR,,,Review. Some address/physical fields may intentionally differ after geocode/API cleanup.,ast_aab359e1cf01,A112466024,not_checked,,,,,,,
asset_master,review,asset_field_change_candidate,,portfolio_region,투자지역,portfolio_region,대한민국,,,Review. Some address/physical fields may intentionally differ after geocode/API cleanup.,ast_2544de51ae5f,A112466025,pending,,,,,,,
asset_master,review,asset_field_change_candidate,,portfolio_region,투자지역,portfolio_region,대한민국,,,Review. Some address/physical fields may intentionally differ after geocode/API cleanup.,ast_84777620581a,A112466026,not_checked,,,,,,,
asset_master,review,asset_field_change_candidate,,country_code,국내/해외,country_code,KR,,,Review. Some address/physical fields may intentionally differ after geocode/API cleanup.,ast_84777620581a,A112466026,not_checked,,,,,,,
asset_master,review,asset_field_change_candidate,,portfolio_region,투자지역,portfolio_region,대한민국,,,Review. Some address/physical fields may intentionally differ after geocode/API cleanup.,ast_d19640044285,A112466027,pending,,,,,,,
asset_master,review,asset_field_change_candidate,,country_code,국내/해외,country_code,KR,,,Review. Some address/physical fields may intentionally differ after geocode/API cleanup.,ast_d19640044285,A112466027,pending,,,,,,,
asset_master,review,asset_field_change_candidate,,portfolio_region,투자지역,portfolio_region,대한민국,,,Review. Some address/physical fields may intentionally differ after geocode/API cleanup.,ast_67c6580ada7b,A112466028,not_checked,,,,,,,
asset_master,review,asset_field_change_candidate,,country_code,국내/해외,country_code,KR,,,Review. Some address/physical fields may intentionally differ after geocode/API cleanup.,ast_67c6580ada7b,A112466028,not_checked,,,,,,,
asset_master,review,asset_field_change_candidate,,portfolio_region,투자지역,portfolio_region,대한민국,,,Review. Some address/physical fields may intentionally differ after geocode/API cleanup.,ast_3c2f16286fc7,A112466029,pending,,,,,,,
asset_master,review,asset_field_change_candidate,,country_code,국내/해외,country_code,KR,,,Review. Some address/physical fields may intentionally differ after geocode/API cleanup.,ast_3c2f16286fc7,A112466029,pending,,,,,,,
asset_master,review,asset_field_change_candidate,,portfolio_region,투자지역,portfolio_region,대한민국,,,Review. Some address/physical fields may intentionally differ after geocode/API cleanup.,ast_b0af734b18b2,A112466030,pending,,,,,,,
asset_master,review,asset_field_change_candidate,,country_code,국내/해외,country_code,KR,,,Review. Some address/physical fields may intentionally differ after geocode/API cleanup.,ast_b0af734b18b2,A112466030,pending,,,,,,,
asset_master,review,asset_field_change_candidate,,portfolio_region,투자지역,portfolio_region,대한민국,,,Review. Some address/physical fields may intentionally differ after geocode/API cleanup.,ast_879736673d32,A112466031,pending,,,,,,,
asset_master,review,asset_field_change_candidate,,country_code,국내/해외,country_code,KR,,,Review. Some address/physical fields may intentionally differ after geocode/API cleanup.,ast_879736673d32,A112466031,pending,,,,,,,
asset_master,review,asset_field_change_candidate,,portfolio_region,투자지역,portfolio_region,대한민국,,,Review. Some address/physical fields may intentionally differ after geocode/API cleanup.,ast_f111ae69e480,A112466032,pending,,,,,,,
asset_master,review,asset_field_change_candidate,,country_code,국내/해외,country_code,KR,,,Review. Some address/physical fields may intentionally differ after geocode/API cleanup.,ast_f111ae69e480,A112466032,pending,,,,,,,
asset_master,review,asset_field_change_candidate,,portfolio_region,투자지역,portfolio_region,대한민국,,,Review. Some address/physical fields may intentionally differ after geocode/API cleanup.,ast_df3703ad7418,A112466033,pending,,,,,,,
asset_master,review,asset_field_change_candidate,,country_code,국내/해외,country_code,KR,,,Review. Some address/physical fields may intentionally differ after geocode/API cleanup.,ast_df3703ad7418,A112466033,pending,,,,,,,
asset_master,review,asset_field_change_candidate,,business_stage,사업단계,business_stage,운영/실물,,,Review. Some address/physical fields may intentionally differ after geocode/API cleanup.,ast_86f45a70b070,A112470001,not_checked,,,,,,,
asset_master,review,asset_field_change_candidate,,portfolio_region,투자지역,portfolio_region,대한민국,,,Review. Some address/physical fields may intentionally differ after geocode/API cleanup.,ast_86f45a70b070,A112470001,not_checked,,,,,,,
asset_master,review,asset_field_change_candidate,,country_code,국내/해외,country_code,KR,,,Review. Some address/physical fields may intentionally differ after geocode/API cleanup.,ast_86f45a70b070,A112470001,not_checked,,,,,,,
asset_master,review,asset_field_change_candidate,,business_stage,사업단계,business_stage,운영/실물,,,Review. Some address/physical fields may intentionally differ after geocode/API cleanup.,ast_a74111b9d3ac,A112471001,not_checked,,,,,,,
asset_master,review,asset_field_change_candidate,,portfolio_region,투자지역,portfolio_region,대한민국,,,Review. Some address/physical fields may intentionally differ after geocode/API cleanup.,ast_a74111b9d3ac,A112471001,not_checked,,,,,,,
asset_master,review,asset_field_change_candidate,,country_code,국내/해외,country_code,KR,,,Review. Some address/physical fields may intentionally differ after geocode/API cleanup.,ast_a74111b9d3ac,A112471001,not_checked,,,,,,,
asset_master,review,asset_field_change_candidate,,business_stage,사업단계,business_stage,운영/실물,,,Review. Some address/physical fields may intentionally differ after geocode/API cleanup.,ast_eb5a157872a8,A112474001,pending,,,,,,,
asset_master,review,asset_field_change_candidate,,portfolio_region,투자지역,portfolio_region,대한민국,,,Review. Some address/physical fields may intentionally differ after geocode/API cleanup.,ast_eb5a157872a8,A112474001,pending,,,,,,,
asset_master,review,asset_field_change_candidate,,business_stage,사업단계,business_stage,운영/실물,,,Review. Some address/physical fields may intentionally differ after geocode/API cleanup.,ast_a8f90f516d21,A112475001,found,BldRgstHubService.getBrTitleInfo,,,,,,
asset_master,review,asset_field_change_candidate,,portfolio_region,투자지역,portfolio_region,대한민국,,,Review. Some address/physical fields may intentionally differ after geocode/API cleanup.,ast_a8f90f516d21,A112475001,found,BldRgstHubService.getBrTitleInfo,,,,,,
asset_master,review,asset_field_change_candidate,,country_code,국내/해외,country_code,KR,,,Review. Some address/physical fields may intentionally differ after geocode/API cleanup.,ast_a8f90f516d21,A112475001,found,BldRgstHubService.getBrTitleInfo,,,,,,
asset_master,review,asset_field_change_candidate,,site_area,토지면적(㎡),site_area,,6480,,Physical fields may be API-enriched. Review provenance before overwriting.,ast_a8f90f516d21,A112475001,found,BldRgstHubService.getBrTitleInfo,,,,,,
asset_master,review,asset_field_change_candidate,,parking,주차대수,parking,,옥내 373 / 옥외 4,,Review. Some address/physical fields may intentionally differ after geocode/API cleanup.,ast_a8f90f516d21,A112475001,found,BldRgstHubService.getBrTitleInfo,,,,,,
asset_master,review,asset_field_change_candidate,,business_stage,사업단계,business_stage,운영/실물,,,Review. Some address/physical fields may intentionally differ after geocode/API cleanup.,ast_86bf4722d494,A112478001,not_checked,,,,,,,
asset_master,review,asset_field_change_candidate,,portfolio_region,투자지역,portfolio_region,북미,,,Review. Some address/physical fields may intentionally differ after geocode/API cleanup.,ast_86bf4722d494,A112478001,not_checked,,,,,,,
asset_master,review,asset_field_change_candidate,,country_code,국내/해외,country_code,OVERSEAS,,,Review. Some address/physical fields may intentionally differ after geocode/API cleanup.,ast_86bf4722d494,A112478001,not_checked,,,,,,,
asset_master,review,asset_field_change_candidate,,business_stage,사업단계,business_stage,운영/실물,,,Review. Some address/physical fields may intentionally differ after geocode/API cleanup.,ast_d7155e535335,A112482001,not_checked,,,,,,,
asset_master,review,asset_field_change_candidate,,portfolio_region,투자지역,portfolio_region,유럽,,,Review. Some address/physical fields may intentionally differ after geocode/API cleanup.,ast_d7155e535335,A112482001,not_checked,,,,,,,
asset_master,review,asset_field_change_candidate,,country_code,국내/해외,country_code,OVERSEAS,,,Review. Some address/physical fields may intentionally differ after geocode/API cleanup.,ast_d7155e535335,A112482001,not_checked,,,,,,,
asset_master,review,asset_field_change_candidate,,business_stage,사업단계,business_stage,운영/실물,,,Review. Some address/physical fields may intentionally differ after geocode/API cleanup.,ast_5c591e0531aa,A112483001,not_checked,,,,,,,
asset_master,review,asset_field_change_candidate,,portfolio_region,투자지역,portfolio_region,북미,,,Review. Some address/physical fields may intentionally differ after geocode/API cleanup.,ast_5c591e0531aa,A112483001,not_checked,,,,,,,
asset_master,review,asset_field_change_candidate,,country_code,국내/해외,country_code,OVERSEAS,,,Review. Some address/physical fields may intentionally differ after geocode/API cleanup.,ast_5c591e0531aa,A112483001,not_checked,,,,,,,
asset_master,review,asset_field_change_candidate,,business_stage,사업단계,business_stage,운영/실물,,,Review. Some address/physical fields may intentionally differ after geocode/API cleanup.,ast_f4fc6d89a82b,A112486001,not_checked,,,,,,,
asset_master,review,asset_field_change_candidate,,portfolio_region,투자지역,portfolio_region,북미,,,Review. Some address/physical fields may intentionally differ after geocode/API cleanup.,ast_f4fc6d89a82b,A112486001,not_checked,,,,,,,
asset_master,review,asset_field_change_candidate,,country_code,국내/해외,country_code,OVERSEAS,,,Review. Some address/physical fields may intentionally differ after geocode/API cleanup.,ast_f4fc6d89a82b,A112486001,not_checked,,,,,,,
asset_master,review,asset_field_change_candidate,,business_stage,사업단계,business_stage,운영/실물,,,Review. Some address/physical fields may intentionally differ after geocode/API cleanup.,ast_32afdcee5368,A112487001,not_checked,,,,,,,
asset_master,review,asset_field_change_candidate,,portfolio_region,투자지역,portfolio_region,대한민국,,,Review. Some address/physical fields may intentionally differ after geocode/API cleanup.,ast_32afdcee5368,A112487001,not_checked,,,,,,,
asset_master,review,asset_field_change_candidate,,country_code,국내/해외,country_code,KR,,,Review. Some address/physical fields may intentionally differ after geocode/API cleanup.,ast_32afdcee5368,A112487001,not_checked,,,,,,,
asset_master,review,asset_field_change_candidate,,business_stage,사업단계,business_stage,밸류애드,,,Review. Some address/physical fields may intentionally differ after geocode/API cleanup.,ast_af02aac59036,A112490001,found,BldRgstHubService.getBrTitleInfo,,,,,,
asset_master,review,asset_field_change_candidate,,portfolio_region,투자지역,portfolio_region,대한민국,,,Review. Some address/physical fields may intentionally differ after geocode/API cleanup.,ast_af02aac59036,A112490001,found,BldRgstHubService.getBrTitleInfo,,,,,,
asset_master,review,asset_field_change_candidate,,site_area,토지면적(㎡),site_area,,10623,,Physical fields may be API-enriched. Review provenance before overwriting.,ast_af02aac59036,A112490001,found,BldRgstHubService.getBrTitleInfo,,,,,,
asset_master,review,asset_field_change_candidate,,parking,주차대수,parking,,옥내 764 / 옥외 0,,Review. Some address/physical fields may intentionally differ after geocode/API cleanup.,ast_af02aac59036,A112490001,found,BldRgstHubService.getBrTitleInfo,,,,,,
asset_master,review,asset_field_change_candidate,,business_stage,사업단계,business_stage,운영/실물,,,Review. Some address/physical fields may intentionally differ after geocode/API cleanup.,ast_3d2e2d559411,A112493001,found,BldRgstHubService.getBrTitleInfo,,,,,,
asset_master,review,asset_field_change_candidate,,portfolio_region,투자지역,portfolio_region,대한민국,,,Review. Some address/physical fields may intentionally differ after geocode/API cleanup.,ast_3d2e2d559411,A112493001,found,BldRgstHubService.getBrTitleInfo,,,,,,
asset_master,review,asset_field_change_candidate,,country_code,국내/해외,country_code,KR,,,Review. Some address/physical fields may intentionally differ after geocode/API cleanup.,ast_3d2e2d559411,A112493001,found,BldRgstHubService.getBrTitleInfo,,,,,,
asset_master,review,asset_field_change_candidate,,site_area,토지면적(㎡),site_area,,4006,,Physical fields may be API-enriched. Review provenance before overwriting.,ast_3d2e2d559411,A112493001,found,BldRgstHubService.getBrTitleInfo,,,,,,
asset_master,review,asset_field_change_candidate,,completion_date,준공(예정)일,completion_date,,1986-10-15,,Review. Some address/physical fields may intentionally differ after geocode/API cleanup.,ast_3d2e2d559411,A112493001,found,BldRgstHubService.getBrTitleInfo,,,,,,
asset_master,review,asset_field_change_candidate,,parking,주차대수,parking,,옥내 131 / 옥외 10,,Review. Some address/physical fields may intentionally differ after geocode/API cleanup.,ast_3d2e2d559411,A112493001,found,BldRgstHubService.getBrTitleInfo,,,,,,
asset_master,review,asset_field_change_candidate,,portfolio_region,투자지역,portfolio_region,대한민국,,,Review. Some address/physical fields may intentionally differ after geocode/API cleanup.,ast_fb434217c86c,A112495001,not_checked,,,,,,,
asset_master,review,asset_field_change_candidate,,portfolio_region,투자지역,portfolio_region,글로벌,,,Review. Some address/physical fields may intentionally differ after geocode/API cleanup.,ast_3c45f673637a,A112495002,not_checked,,,,,,,
asset_master,review,asset_field_change_candidate,,country_code,국내/해외,country_code,OVERSEAS,,,Review. Some address/physical fields may intentionally differ after geocode/API cleanup.,ast_3c45f673637a,A112495002,not_checked,,,,,,,
asset_master,review,asset_field_change_candidate,,business_stage,사업단계,business_stage,운영/실물,,,Review. Some address/physical fields may intentionally differ after geocode/API cleanup.,ast_373f87c6b8d9,A112496001,not_checked,,,,,,,
asset_master,review,asset_field_change_candidate,,portfolio_region,투자지역,portfolio_region,북미,,,Review. Some address/physical fields may intentionally differ after geocode/API cleanup.,ast_373f87c6b8d9,A112496001,not_checked,,,,,,,
asset_master,review,asset_field_change_candidate,,country_code,국내/해외,country_code,OVERSEAS,,,Review. Some address/physical fields may intentionally differ after geocode/API cleanup.,ast_373f87c6b8d9,A112496001,not_checked,,,,,,,
asset_master,review,asset_field_change_candidate,,business_stage,사업단계,business_stage,운영/실물,,,Review. Some address/physical fields may intentionally differ after geocode/API cleanup.,ast_c4b09711952f,A112496004,not_checked,,,,,,,
asset_master,review,asset_field_change_candidate,,portfolio_region,투자지역,portfolio_region,북미,,,Review. Some address/physical fields may intentionally differ after geocode/API cleanup.,ast_c4b09711952f,A112496004,not_checked,,,,,,,
asset_master,review,asset_field_change_candidate,,country_code,국내/해외,country_code,OVERSEAS,,,Review. Some address/physical fields may intentionally differ after geocode/API cleanup.,ast_c4b09711952f,A112496004,not_checked,,,,,,,
asset_master,review,asset_field_change_candidate,,business_stage,사업단계,business_stage,운영/실물,,,Review. Some address/physical fields may intentionally differ after geocode/API cleanup.,ast_b7500e646006,A112496005,not_checked,,,,,,,
asset_master,review,asset_field_change_candidate,,portfolio_region,투자지역,portfolio_region,북미,,,Review. Some address/physical fields may intentionally differ after geocode/API cleanup.,ast_b7500e646006,A112496005,not_checked,,,,,,,
asset_master,review,asset_field_change_candidate,,country_code,국내/해외,country_code,OVERSEAS,,,Review. Some address/physical fields may intentionally differ after geocode/API cleanup.,ast_b7500e646006,A112496005,not_checked,,,,,,,
asset_master,review,asset_field_change_candidate,,business_stage,사업단계,business_stage,운영/실물,,,Review. Some address/physical fields may intentionally differ after geocode/API cleanup.,ast_5827261360b4,A112499001,found,BldRgstHubService.getBrTitleInfo,,,,,,
asset_master,review,asset_field_change_candidate,,portfolio_region,투자지역,portfolio_region,대한민국,,,Review. Some address/physical fields may intentionally differ after geocode/API cleanup.,ast_5827261360b4,A112499001,found,BldRgstHubService.getBrTitleInfo,,,,,,
asset_master,review,asset_field_change_candidate,,country_code,국내/해외,country_code,KR,,,Review. Some address/physical fields may intentionally differ after geocode/API cleanup.,ast_5827261360b4,A112499001,found,BldRgstHubService.getBrTitleInfo,,,,,,
asset_master,review,asset_field_change_candidate,,site_area,토지면적(㎡),site_area,,1587,,Physical fields may be API-enriched. Review provenance before overwriting.,ast_5827261360b4,A112499001,found,BldRgstHubService.getBrTitleInfo,,,,,,
asset_master,review,asset_field_change_candidate,,parking,주차대수,parking,,옥내 81 / 옥외 0,,Review. Some address/physical fields may intentionally differ after geocode/API cleanup.,ast_5827261360b4,A112499001,found,BldRgstHubService.getBrTitleInfo,,,,,,
asset_master,review,asset_field_change_candidate,,address_text,"전체주소(시/도, 구/군 포함)",address_text,경기도 평택시 도일유통길 64(도일동 1175-3),도일동 1175-3,,Review. Some address/physical fields may intentionally differ after geocode/API cleanup.,ast_2652e06dfeaa,A112500002,found,BldRgstHubService.getBrTitleInfo,,,,,,
asset_master,review,asset_field_change_candidate,,business_stage,사업단계,business_stage,특수상황,,,Review. Some address/physical fields may intentionally differ after geocode/API cleanup.,ast_2652e06dfeaa,A112500002,found,BldRgstHubService.getBrTitleInfo,,,,,,
asset_master,review,asset_field_change_candidate,,portfolio_region,투자지역,portfolio_region,대한민국,,,Review. Some address/physical fields may intentionally differ after geocode/API cleanup.,ast_2652e06dfeaa,A112500002,found,BldRgstHubService.getBrTitleInfo,,,,,,
asset_master,review,asset_field_change_candidate,,site_area,토지면적(㎡),site_area,,63517,,Physical fields may be API-enriched. Review provenance before overwriting.,ast_2652e06dfeaa,A112500002,found,BldRgstHubService.getBrTitleInfo,,,,,,
asset_master,review,asset_field_change_candidate,,parking,주차대수,parking,,옥내 0 / 옥외 143,,Review. Some address/physical fields may intentionally differ after geocode/API cleanup.,ast_2652e06dfeaa,A112500002,found,BldRgstHubService.getBrTitleInfo,,,,,,
asset_master,review,asset_field_change_candidate,,business_stage,사업단계,business_stage,운영/실물,,,Review. Some address/physical fields may intentionally differ after geocode/API cleanup.,ast_d5a492f670ed,A112500003,found,BldRgstHubService.getBrTitleInfo,,,,,,
asset_master,review,asset_field_change_candidate,,portfolio_region,투자지역,portfolio_region,대한민국,,,Review. Some address/physical fields may intentionally differ after geocode/API cleanup.,ast_d5a492f670ed,A112500003,found,BldRgstHubService.getBrTitleInfo,,,,,,
asset_master,review,asset_field_change_candidate,,site_area,토지면적(㎡),site_area,,0,,Physical fields may be API-enriched. Review provenance before overwriting.,ast_d5a492f670ed,A112500003,found,BldRgstHubService.getBrTitleInfo,,,,,,
asset_master,review,asset_field_change_candidate,,completion_date,준공(예정)일,completion_date,,2012-10-05,,Review. Some address/physical fields may intentionally differ after geocode/API cleanup.,ast_d5a492f670ed,A112500003,found,BldRgstHubService.getBrTitleInfo,,,,,,
asset_master,review,asset_field_change_candidate,,parking,주차대수,parking,,옥내 0 / 옥외 0,,Review. Some address/physical fields may intentionally differ after geocode/API cleanup.,ast_d5a492f670ed,A112500003,found,BldRgstHubService.getBrTitleInfo,,,,,,
asset_master,review,asset_field_change_candidate,,business_stage,사업단계,business_stage,운영/실물,,,Review. Some address/physical fields may intentionally differ after geocode/API cleanup.,ast_b7f2420d1edb,A112501001,not_checked,,,,,,,
asset_master,review,asset_field_change_candidate,,portfolio_region,투자지역,portfolio_region,북미,,,Review. Some address/physical fields may intentionally differ after geocode/API cleanup.,ast_b7f2420d1edb,A112501001,not_checked,,,,,,,
asset_master,review,asset_field_change_candidate,,country_code,국내/해외,country_code,OVERSEAS,,,Review. Some address/physical fields may intentionally differ after geocode/API cleanup.,ast_b7f2420d1edb,A112501001,not_checked,,,,,,,
asset_master,review,asset_field_change_candidate,,business_stage,사업단계,business_stage,운영/실물,,,Review. Some address/physical fields may intentionally differ after geocode/API cleanup.,ast_54b1a79581f6,A112502001,not_checked,,,,,,,
asset_master,review,asset_field_change_candidate,,portfolio_region,투자지역,portfolio_region,북미,,,Review. Some address/physical fields may intentionally differ after geocode/API cleanup.,ast_54b1a79581f6,A112502001,not_checked,,,,,,,
asset_master,review,asset_field_change_candidate,,country_code,국내/해외,country_code,OVERSEAS,,,Review. Some address/physical fields may intentionally differ after geocode/API cleanup.,ast_54b1a79581f6,A112502001,not_checked,,,,,,,
asset_master,review,asset_field_change_candidate,,portfolio_region,투자지역,portfolio_region,대한민국,,,Review. Some address/physical fields may intentionally differ after geocode/API cleanup.,ast_2973f4cd4890,A112504001,not_checked,,,,,,,
asset_master,review,asset_field_change_candidate,,country_code,국내/해외,country_code,KR,,,Review. Some address/physical fields may intentionally differ after geocode/API cleanup.,ast_2973f4cd4890,A112504001,not_checked,,,,,,,
asset_master,review,asset_field_change_candidate,,portfolio_region,투자지역,portfolio_region,대한민국,,,Review. Some address/physical fields may intentionally differ after geocode/API cleanup.,ast_85753c049318,A112504002,not_checked,,,,,,,
asset_master,review,asset_field_change_candidate,,country_code,국내/해외,country_code,KR,,,Review. Some address/physical fields may intentionally differ after geocode/API cleanup.,ast_85753c049318,A112504002,not_checked,,,,,,,
asset_master,review,asset_field_change_candidate,,portfolio_region,투자지역,portfolio_region,대한민국,,,Review. Some address/physical fields may intentionally differ after geocode/API cleanup.,ast_92dea7abe14c,A112504003,pending,,,,,,,
asset_master,review,asset_field_change_candidate,,country_code,국내/해외,country_code,KR,,,Review. Some address/physical fields may intentionally differ after geocode/API cleanup.,ast_92dea7abe14c,A112504003,pending,,,,,,,
asset_master,review,asset_field_change_candidate,,portfolio_region,투자지역,portfolio_region,대한민국,,,Review. Some address/physical fields may intentionally differ after geocode/API cleanup.,ast_1aa61ea72a74,A112504004,pending,,,,,,,
asset_master,review,asset_field_change_candidate,,country_code,국내/해외,country_code,KR,,,Review. Some address/physical fields may intentionally differ after geocode/API cleanup.,ast_1aa61ea72a74,A112504004,pending,,,,,,,
asset_master,review,asset_field_change_candidate,,canonical_name,자산(건물)명,canonical_name,새금풍력태양광발전소,이지스일반사모투자신탁392호(태양광),,Review. Some address/physical fields may intentionally differ after geocode/API cleanup.,ast_222407c92192,A112504005,found,BldRgstHubService.getBrTitleInfo,,,,,,
asset_master,review,asset_field_change_candidate,,address_text,"전체주소(시/도, 구/군 포함)",address_text,"강원도 정선군, 삼척시 남양안길",남양동 330-3,,Review. Some address/physical fields may intentionally differ after geocode/API cleanup.,ast_222407c92192,A112504005,found,BldRgstHubService.getBrTitleInfo,,,,,,
asset_master,review,asset_field_change_candidate,,portfolio_region,투자지역,portfolio_region,대한민국,,,Review. Some address/physical fields may intentionally differ after geocode/API cleanup.,ast_222407c92192,A112504005,found,BldRgstHubService.getBrTitleInfo,,,,,,
asset_master,review,asset_field_change_candidate,,gross_floor_area,연면적(m²),gross_floor_area,,135,,Physical fields may be API-enriched. Review provenance before overwriting.,ast_222407c92192,A112504005,found,BldRgstHubService.getBrTitleInfo,,,,,,
asset_master,review,asset_field_change_candidate,,site_area,토지면적(㎡),site_area,,0,,Physical fields may be API-enriched. Review provenance before overwriting.,ast_222407c92192,A112504005,found,BldRgstHubService.getBrTitleInfo,,,,,,
asset_master,review,asset_field_change_candidate,,completion_date,준공(예정)일,completion_date,,1980-11-19,,Review. Some address/physical fields may intentionally differ after geocode/API cleanup.,ast_222407c92192,A112504005,found,BldRgstHubService.getBrTitleInfo,,,,,,
asset_master,review,asset_field_change_candidate,,parking,주차대수,parking,,옥내 0 / 옥외 0,,Review. Some address/physical fields may intentionally differ after geocode/API cleanup.,ast_222407c92192,A112504005,found,BldRgstHubService.getBrTitleInfo,,,,,,
asset_master,review,asset_field_change_candidate,,portfolio_region,투자지역,portfolio_region,대한민국,,,Review. Some address/physical fields may intentionally differ after geocode/API cleanup.,ast_b934e85074e0,A112504006,pending,,,,,,,
asset_master,review,asset_field_change_candidate,,country_code,국내/해외,country_code,KR,,,Review. Some address/physical fields may intentionally differ after geocode/API cleanup.,ast_b934e85074e0,A112504006,pending,,,,,,,
asset_master,review,asset_field_change_candidate,,portfolio_region,투자지역,portfolio_region,대한민국,,,Review. Some address/physical fields may intentionally differ after geocode/API cleanup.,ast_feb123f425d2,A112504007,not_checked,,,,,,,
asset_master,review,asset_field_change_candidate,,country_code,국내/해외,country_code,KR,,,Review. Some address/physical fields may intentionally differ after geocode/API cleanup.,ast_feb123f425d2,A112504007,not_checked,,,,,,,
asset_master,review,asset_field_change_candidate,,portfolio_region,투자지역,portfolio_region,대한민국,,,Review. Some address/physical fields may intentionally differ after geocode/API cleanup.,ast_7c345c8c857a,A112504008,not_checked,,,,,,,
asset_master,review,asset_field_change_candidate,,portfolio_region,투자지역,portfolio_region,대한민국,,,Review. Some address/physical fields may intentionally differ after geocode/API cleanup.,ast_60152580f0fe,A112504009,pending,,,,,,,
asset_master,review,asset_field_change_candidate,,portfolio_region,투자지역,portfolio_region,대한민국,,,Review. Some address/physical fields may intentionally differ after geocode/API cleanup.,ast_d7d1561008f1,A112504010,pending,,,,,,,
asset_master,review,asset_field_change_candidate,,country_code,국내/해외,country_code,KR,,,Review. Some address/physical fields may intentionally differ after geocode/API cleanup.,ast_d7d1561008f1,A112504010,pending,,,,,,,
asset_master,review,asset_field_change_candidate,,portfolio_region,투자지역,portfolio_region,대한민국,,,Review. Some address/physical fields may intentionally differ after geocode/API cleanup.,ast_c2fde5e671a6,A112504011,pending,,,,,,,
asset_master,review,asset_field_change_candidate,,country_code,국내/해외,country_code,KR,,,Review. Some address/physical fields may intentionally differ after geocode/API cleanup.,ast_c2fde5e671a6,A112504011,pending,,,,,,,
asset_master,review,asset_field_change_candidate,,portfolio_region,투자지역,portfolio_region,대한민국,,,Review. Some address/physical fields may intentionally differ after geocode/API cleanup.,ast_f39c0da608b1,A112504012,pending,,,,,,,
asset_master,review,asset_field_change_candidate,,country_code,국내/해외,country_code,KR,,,Review. Some address/physical fields may intentionally differ after geocode/API cleanup.,ast_f39c0da608b1,A112504012,pending,,,,,,,
asset_master,review,asset_field_change_candidate,,portfolio_region,투자지역,portfolio_region,대한민국,,,Review. Some address/physical fields may intentionally differ after geocode/API cleanup.,ast_419a8602469e,A112504013,pending,,,,,,,
asset_master,review,asset_field_change_candidate,,country_code,국내/해외,country_code,KR,,,Review. Some address/physical fields may intentionally differ after geocode/API cleanup.,ast_419a8602469e,A112504013,pending,,,,,,,
asset_master,review,asset_field_change_candidate,,portfolio_region,투자지역,portfolio_region,대한민국,,,Review. Some address/physical fields may intentionally differ after geocode/API cleanup.,ast_eadb0a414753,A112504014,not_checked,,,,,,,
asset_master,review,asset_field_change_candidate,,country_code,국내/해외,country_code,KR,,,Review. Some address/physical fields may intentionally differ after geocode/API cleanup.,ast_eadb0a414753,A112504014,not_checked,,,,,,,
asset_master,review,asset_field_change_candidate,,portfolio_region,투자지역,portfolio_region,대한민국,,,Review. Some address/physical fields may intentionally differ after geocode/API cleanup.,ast_2382027b08d5,A112504015,pending,,,,,,,
asset_master,review,asset_field_change_candidate,,country_code,국내/해외,country_code,KR,,,Review. Some address/physical fields may intentionally differ after geocode/API cleanup.,ast_2382027b08d5,A112504015,pending,,,,,,,
asset_master,review,asset_field_change_candidate,,portfolio_region,투자지역,portfolio_region,대한민국,,,Review. Some address/physical fields may intentionally differ after geocode/API cleanup.,ast_936d6d5e77d1,A112504016,not_checked,,,,,,,
asset_master,review,asset_field_change_candidate,,country_code,국내/해외,country_code,KR,,,Review. Some address/physical fields may intentionally differ after geocode/API cleanup.,ast_936d6d5e77d1,A112504016,not_checked,,,,,,,
asset_master,review,asset_field_change_candidate,,portfolio_region,투자지역,portfolio_region,대한민국,,,Review. Some address/physical fields may intentionally differ after geocode/API cleanup.,ast_950c70c5b87f,A112504017,not_checked,,,,,,,
asset_master,review,asset_field_change_candidate,,portfolio_region,투자지역,portfolio_region,대한민국,,,Review. Some address/physical fields may intentionally differ after geocode/API cleanup.,ast_7cb9a346dc83,A112504018,pending,,,,,,,
asset_master,review,asset_field_change_candidate,,portfolio_region,투자지역,portfolio_region,대한민국,,,Review. Some address/physical fields may intentionally differ after geocode/API cleanup.,ast_fc89234fd6df,A112504019,pending,,,,,,,
asset_master,review,asset_field_change_candidate,,portfolio_region,투자지역,portfolio_region,대한민국,,,Review. Some address/physical fields may intentionally differ after geocode/API cleanup.,ast_40e6cfd14713,A112504020,pending,,,,,,,
asset_master,review,asset_field_change_candidate,,portfolio_region,투자지역,portfolio_region,대한민국,,,Review. Some address/physical fields may intentionally differ after geocode/API cleanup.,ast_a459af6de7b3,A112504021,not_checked,,,,,,,
asset_master,review,asset_field_change_candidate,,portfolio_region,투자지역,portfolio_region,대한민국,,,Review. Some address/physical fields may intentionally differ after geocode/API cleanup.,ast_3ebb4583bf7d,A112504022,not_checked,,,,,,,
asset_master,review,asset_field_change_candidate,,portfolio_region,투자지역,portfolio_region,대한민국,,,Review. Some address/physical fields may intentionally differ after geocode/API cleanup.,ast_211d00ab23dd,A112504023,not_checked,,,,,,,
asset_master,review,asset_field_change_candidate,,portfolio_region,투자지역,portfolio_region,대한민국,,,Review. Some address/physical fields may intentionally differ after geocode/API cleanup.,ast_e47259b95cda,A112504024,pending,,,,,,,
asset_master,review,asset_field_change_candidate,,portfolio_region,투자지역,portfolio_region,대한민국,,,Review. Some address/physical fields may intentionally differ after geocode/API cleanup.,ast_dd6d598a7920,A112504025,pending,,,,,,,
asset_master,review,asset_field_change_candidate,,country_code,국내/해외,country_code,KR,,,Review. Some address/physical fields may intentionally differ after geocode/API cleanup.,ast_dd6d598a7920,A112504025,pending,,,,,,,
asset_master,review,asset_field_change_candidate,,portfolio_region,투자지역,portfolio_region,대한민국,,,Review. Some address/physical fields may intentionally differ after geocode/API cleanup.,ast_3165eca06342,A112504026,pending,,,,,,,
asset_master,review,asset_field_change_candidate,,country_code,국내/해외,country_code,KR,,,Review. Some address/physical fields may intentionally differ after geocode/API cleanup.,ast_3165eca06342,A112504026,pending,,,,,,,
asset_master,review,asset_field_change_candidate,,address_text,"전체주소(시/도, 구/군 포함)",address_text,안성시 양성면 산정리 산11-4번지 외 17필지,입장면 용정리 116-5,,Review. Some address/physical fields may intentionally differ after geocode/API cleanup.,ast_d3958acf9d57,A112505001,found,BldRgstHubService.getBrTitleInfo,,,,,,
asset_master,review,asset_field_change_candidate,,business_stage,사업단계,business_stage,운영/실물,,,Review. Some address/physical fields may intentionally differ after geocode/API cleanup.,ast_d3958acf9d57,A112505001,found,BldRgstHubService.getBrTitleInfo,,,,,,
asset_master,review,asset_field_change_candidate,,portfolio_region,투자지역,portfolio_region,대한민국,,,Review. Some address/physical fields may intentionally differ after geocode/API cleanup.,ast_d3958acf9d57,A112505001,found,BldRgstHubService.getBrTitleInfo,,,,,,
asset_master,review,asset_field_change_candidate,,site_area,토지면적(㎡),site_area,,312,,Physical fields may be API-enriched. Review provenance before overwriting.,ast_d3958acf9d57,A112505001,found,BldRgstHubService.getBrTitleInfo,,,,,,
asset_master,review,asset_field_change_candidate,,completion_date,준공(예정)일,completion_date,,2014-09-17,,Review. Some address/physical fields may intentionally differ after geocode/API cleanup.,ast_d3958acf9d57,A112505001,found,BldRgstHubService.getBrTitleInfo,,,,,,
asset_master,review,asset_field_change_candidate,,parking,주차대수,parking,,옥내 0 / 옥외 1,,Review. Some address/physical fields may intentionally differ after geocode/API cleanup.,ast_d3958acf9d57,A112505001,found,BldRgstHubService.getBrTitleInfo,,,,,,
asset_master,review,asset_field_change_candidate,,business_stage,사업단계,business_stage,운영/실물,,,Review. Some address/physical fields may intentionally differ after geocode/API cleanup.,ast_f5dcfbca1b48,A112510001,found,BldRgstHubService.getBrTitleInfo,,,,,,
asset_master,review,asset_field_change_candidate,,portfolio_region,투자지역,portfolio_region,대한민국,,,Review. Some address/physical fields may intentionally differ after geocode/API cleanup.,ast_f5dcfbca1b48,A112510001,found,BldRgstHubService.getBrTitleInfo,,,,,,
asset_master,review,asset_field_change_candidate,,country_code,국내/해외,country_code,KR,,,Review. Some address/physical fields may intentionally differ after geocode/API cleanup.,ast_f5dcfbca1b48,A112510001,found,BldRgstHubService.getBrTitleInfo,,,,,,
asset_master,review,asset_field_change_candidate,,site_area,토지면적(㎡),site_area,,651,,Physical fields may be API-enriched. Review provenance before overwriting.,ast_f5dcfbca1b48,A112510001,found,BldRgstHubService.getBrTitleInfo,,,,,,
asset_master,review,asset_field_change_candidate,,completion_date,준공(예정)일,completion_date,,2018-04-09,,Review. Some address/physical fields may intentionally differ after geocode/API cleanup.,ast_f5dcfbca1b48,A112510001,found,BldRgstHubService.getBrTitleInfo,,,,,,
asset_master,review,asset_field_change_candidate,,business_stage,사업단계,business_stage,개발,,,Review. Some address/physical fields may intentionally differ after geocode/API cleanup.,ast_146d3e80165b,A112514001,pending,,,,,,,
asset_master,review,asset_field_change_candidate,,portfolio_region,투자지역,portfolio_region,대한민국,,,Review. Some address/physical fields may intentionally differ after geocode/API cleanup.,ast_146d3e80165b,A112514001,pending,,,,,,,
asset_master,review,asset_field_change_candidate,,business_stage,사업단계,business_stage,운영/실물,,,Review. Some address/physical fields may intentionally differ after geocode/API cleanup.,ast_dd22d6a3cb4f,A112517001,found,BldRgstHubService.getBrTitleInfo,,,,,,
asset_master,review,asset_field_change_candidate,,portfolio_region,투자지역,portfolio_region,대한민국,,,Review. Some address/physical fields may intentionally differ after geocode/API cleanup.,ast_dd22d6a3cb4f,A112517001,found,BldRgstHubService.getBrTitleInfo,,,,,,
asset_master,review,asset_field_change_candidate,,site_area,토지면적(㎡),site_area,,1234,,Physical fields may be API-enriched. Review provenance before overwriting.,ast_dd22d6a3cb4f,A112517001,found,BldRgstHubService.getBrTitleInfo,,,,,,
asset_master,review,asset_field_change_candidate,,parking,주차대수,parking,,옥내 120 / 옥외 0,,Review. Some address/physical fields may intentionally differ after geocode/API cleanup.,ast_dd22d6a3cb4f,A112517001,found,BldRgstHubService.getBrTitleInfo,,,,,,
asset_master,review,asset_field_change_candidate,,business_stage,사업단계,business_stage,개발,,,Review. Some address/physical fields may intentionally differ after geocode/API cleanup.,ast_e47c4c7b3344,A112519001,not_checked,,,,,,,
asset_master,review,asset_field_change_candidate,,portfolio_region,투자지역,portfolio_region,대한민국,,,Review. Some address/physical fields may intentionally differ after geocode/API cleanup.,ast_e47c4c7b3344,A112519001,not_checked,,,,,,,
asset_master,review,asset_field_change_candidate,,country_code,국내/해외,country_code,KR,,,Review. Some address/physical fields may intentionally differ after geocode/API cleanup.,ast_e47c4c7b3344,A112519001,not_checked,,,,,,,
asset_master,review,asset_field_change_candidate,,business_stage,사업단계,business_stage,운영/실물,,,Review. Some address/physical fields may intentionally differ after geocode/API cleanup.,ast_162787785646,A112521001,not_checked,,,,,,,
asset_master,review,asset_field_change_candidate,,portfolio_region,투자지역,portfolio_region,글로벌,,,Review. Some address/physical fields may intentionally differ after geocode/API cleanup.,ast_162787785646,A112521001,not_checked,,,,,,,
asset_master,review,asset_field_change_candidate,,country_code,국내/해외,country_code,OVERSEAS,,,Review. Some address/physical fields may intentionally differ after geocode/API cleanup.,ast_162787785646,A112521001,not_checked,,,,,,,
asset_master,review,asset_field_change_candidate,,business_stage,사업단계,business_stage,개발,,,Review. Some address/physical fields may intentionally differ after geocode/API cleanup.,ast_d67f522a279c,A112522001,pending,,,,,,,
asset_master,review,asset_field_change_candidate,,portfolio_region,투자지역,portfolio_region,대한민국,,,Review. Some address/physical fields may intentionally differ after geocode/API cleanup.,ast_d67f522a279c,A112522001,pending,,,,,,,
asset_master,review,asset_field_change_candidate,,country_code,국내/해외,country_code,KR,,,Review. Some address/physical fields may intentionally differ after geocode/API cleanup.,ast_d67f522a279c,A112522001,pending,,,,,,,
asset_master,review,asset_field_change_candidate,,business_stage,사업단계,business_stage,운영/실물,,,Review. Some address/physical fields may intentionally differ after geocode/API cleanup.,ast_287fe9589946,A112523001,not_checked,,,,,,,
asset_master,review,asset_field_change_candidate,,portfolio_region,투자지역,portfolio_region,북미,,,Review. Some address/physical fields may intentionally differ after geocode/API cleanup.,ast_287fe9589946,A112523001,not_checked,,,,,,,
asset_master,review,asset_field_change_candidate,,country_code,국내/해외,country_code,OVERSEAS,,,Review. Some address/physical fields may intentionally differ after geocode/API cleanup.,ast_287fe9589946,A112523001,not_checked,,,,,,,
asset_master,review,asset_field_change_candidate,,parking,주차대수,parking,1092,,,Review. Some address/physical fields may intentionally differ after geocode/API cleanup.,ast_287fe9589946,A112523001,not_checked,,,,,,,
asset_master,review,asset_field_change_candidate,,address_text,"전체주소(시/도, 구/군 포함)",address_text,서울시 강남구 언주로 726(논현동),논현동 105-7,,Review. Some address/physical fields may intentionally differ after geocode/API cleanup.,ast_31a8b3ea9c30,A112524001,found,BldRgstHubService.getBrTitleInfo,,,,,,
asset_master,review,asset_field_change_candidate,,business_stage,사업단계,business_stage,운영/실물,,,Review. Some address/physical fields may intentionally differ after geocode/API cleanup.,ast_31a8b3ea9c30,A112524001,found,BldRgstHubService.getBrTitleInfo,,,,,,
asset_master,review,asset_field_change_candidate,,portfolio_region,투자지역,portfolio_region,대한민국,,,Review. Some address/physical fields may intentionally differ after geocode/API cleanup.,ast_31a8b3ea9c30,A112524001,found,BldRgstHubService.getBrTitleInfo,,,,,,
asset_master,review,asset_field_change_candidate,,site_area,토지면적(㎡),site_area,,3757,,Physical fields may be API-enriched. Review provenance before overwriting.,ast_31a8b3ea9c30,A112524001,found,BldRgstHubService.getBrTitleInfo,,,,,,
asset_master,review,asset_field_change_candidate,,completion_date,준공(예정)일,completion_date,,1987-03-04,,Review. Some address/physical fields may intentionally differ after geocode/API cleanup.,ast_31a8b3ea9c30,A112524001,found,BldRgstHubService.getBrTitleInfo,,,,,,
asset_master,review,asset_field_change_candidate,,parking,주차대수,parking,,옥내 154 / 옥외 52,,Review. Some address/physical fields may intentionally differ after geocode/API cleanup.,ast_31a8b3ea9c30,A112524001,found,BldRgstHubService.getBrTitleInfo,,,,,,
asset_master,review,asset_field_change_candidate,,canonical_name,자산(건물)명,canonical_name,동산물류센터,이지스전문투자형사모부동산투자신탁제404호,,Review. Some address/physical fields may intentionally differ after geocode/API cleanup.,ast_5afa53495f87,A112527001,found,BldRgstHubService.getBrTitleInfo,,,,,,
asset_master,review,asset_field_change_candidate,,address_text,"전체주소(시/도, 구/군 포함)",address_text,경기도 이천시 호법면 매곡리 977-5외 6필지,경기도 이천시 호법면 매곡리 977-5,,Review. Some address/physical fields may intentionally differ after geocode/API cleanup.,ast_5afa53495f87,A112527001,found,BldRgstHubService.getBrTitleInfo,,,,,,
asset_master,review,asset_field_change_candidate,,business_stage,사업단계,business_stage,운영/실물,,,Review. Some address/physical fields may intentionally differ after geocode/API cleanup.,ast_5afa53495f87,A112527001,found,BldRgstHubService.getBrTitleInfo,,,,,,
asset_master,review,asset_field_change_candidate,,portfolio_region,투자지역,portfolio_region,대한민국,,,Review. Some address/physical fields may intentionally differ after geocode/API cleanup.,ast_5afa53495f87,A112527001,found,BldRgstHubService.getBrTitleInfo,,,,,,
asset_master,review,asset_field_change_candidate,,site_area,토지면적(㎡),site_area,,54990,,Physical fields may be API-enriched. Review provenance before overwriting.,ast_5afa53495f87,A112527001,found,BldRgstHubService.getBrTitleInfo,,,,,,
asset_master,review,asset_field_change_candidate,,completion_date,준공(예정)일,completion_date,,2017-09-27,,Review. Some address/physical fields may intentionally differ after geocode/API cleanup.,ast_5afa53495f87,A112527001,found,BldRgstHubService.getBrTitleInfo,,,,,,
asset_master,review,asset_field_change_candidate,,parking,주차대수,parking,,옥내 0 / 옥외 150,,Review. Some address/physical fields may intentionally differ after geocode/API cleanup.,ast_5afa53495f87,A112527001,found,BldRgstHubService.getBrTitleInfo,,,,,,
asset_master,review,asset_field_change_candidate,,canonical_name,자산(건물)명,canonical_name,부국물류센터,이지스전문투자형사모부동산투자신탁제404호,,Review. Some address/physical fields may intentionally differ after geocode/API cleanup.,ast_349f44ccfd1f,A112527002,found,BldRgstHubService.getBrTitleInfo,,,,,,
asset_master,review,asset_field_change_candidate,,address_text,"전체주소(시/도, 구/군 포함)",address_text,경기도 이천시 대월면 도리리 3-2 외 1필지,경기도 이천시 대월면 도리리 3-2,,Review. Some address/physical fields may intentionally differ after geocode/API cleanup.,ast_349f44ccfd1f,A112527002,found,BldRgstHubService.getBrTitleInfo,,,,,,
asset_master,review,asset_field_change_candidate,,business_stage,사업단계,business_stage,운영/실물,,,Review. Some address/physical fields may intentionally differ after geocode/API cleanup.,ast_349f44ccfd1f,A112527002,found,BldRgstHubService.getBrTitleInfo,,,,,,
asset_master,review,asset_field_change_candidate,,portfolio_region,투자지역,portfolio_region,대한민국,,,Review. Some address/physical fields may intentionally differ after geocode/API cleanup.,ast_349f44ccfd1f,A112527002,found,BldRgstHubService.getBrTitleInfo,,,,,,
asset_master,review,asset_field_change_candidate,,site_area,토지면적(㎡),site_area,,22559,,Physical fields may be API-enriched. Review provenance before overwriting.,ast_349f44ccfd1f,A112527002,found,BldRgstHubService.getBrTitleInfo,,,,,,
asset_master,review,asset_field_change_candidate,,completion_date,준공(예정)일,completion_date,,2016-06-03,,Review. Some address/physical fields may intentionally differ after geocode/API cleanup.,ast_349f44ccfd1f,A112527002,found,BldRgstHubService.getBrTitleInfo,,,,,,
asset_master,review,asset_field_change_candidate,,parking,주차대수,parking,,옥내 0 / 옥외 50,,Review. Some address/physical fields may intentionally differ after geocode/API cleanup.,ast_349f44ccfd1f,A112527002,found,BldRgstHubService.getBrTitleInfo,,,,,,
asset_master,review,asset_field_change_candidate,,business_stage,사업단계,business_stage,운영/실물,,,Review. Some address/physical fields may intentionally differ after geocode/API cleanup.,ast_b94e03e88d51,A112527003,found,BldRgstHubService.getBrTitleInfo,,,,,,
asset_master,review,asset_field_change_candidate,,portfolio_region,투자지역,portfolio_region,대한민국,,,Review. Some address/physical fields may intentionally differ after geocode/API cleanup.,ast_b94e03e88d51,A112527003,found,BldRgstHubService.getBrTitleInfo,,,,,,
asset_master,review,asset_field_change_candidate,,site_area,토지면적(㎡),site_area,,19604,,Physical fields may be API-enriched. Review provenance before overwriting.,ast_b94e03e88d51,A112527003,found,BldRgstHubService.getBrTitleInfo,,,,,,
asset_master,review,asset_field_change_candidate,,completion_date,준공(예정)일,completion_date,,2016-11-04,,Review. Some address/physical fields may intentionally differ after geocode/API cleanup.,ast_b94e03e88d51,A112527003,found,BldRgstHubService.getBrTitleInfo,,,,,,
asset_master,review,asset_field_change_candidate,,parking,주차대수,parking,,옥내 0 / 옥외 76,,Review. Some address/physical fields may intentionally differ after geocode/API cleanup.,ast_b94e03e88d51,A112527003,found,BldRgstHubService.getBrTitleInfo,,,,,,
asset_master,review,asset_field_change_candidate,,business_stage,사업단계,business_stage,개발,,,Review. Some address/physical fields may intentionally differ after geocode/API cleanup.,ast_91b68c7952e3,A112528001,pending,,,,,,,
asset_master,review,asset_field_change_candidate,,portfolio_region,투자지역,portfolio_region,대한민국,,,Review. Some address/physical fields may intentionally differ after geocode/API cleanup.,ast_91b68c7952e3,A112528001,pending,,,,,,,
asset_master,review,asset_field_change_candidate,,country_code,국내/해외,country_code,KR,,,Review. Some address/physical fields may intentionally differ after geocode/API cleanup.,ast_91b68c7952e3,A112528001,pending,,,,,,,
asset_master,review,asset_field_change_candidate,,business_stage,사업단계,business_stage,운영/실물,,,Review. Some address/physical fields may intentionally differ after geocode/API cleanup.,ast_46fa23347ee4,A112529001,found,BldRgstHubService.getBrTitleInfo,,,,,,
asset_master,review,asset_field_change_candidate,,portfolio_region,투자지역,portfolio_region,대한민국,,,Review. Some address/physical fields may intentionally differ after geocode/API cleanup.,ast_46fa23347ee4,A112529001,found,BldRgstHubService.getBrTitleInfo,,,,,,
asset_master,review,asset_field_change_candidate,,country_code,국내/해외,country_code,KR,,,Review. Some address/physical fields may intentionally differ after geocode/API cleanup.,ast_46fa23347ee4,A112529001,found,BldRgstHubService.getBrTitleInfo,,,,,,
asset_master,review,asset_field_change_candidate,,gross_floor_area,연면적(m²),gross_floor_area,,11035,,Physical fields may be API-enriched. Review provenance before overwriting.,ast_46fa23347ee4,A112529001,found,BldRgstHubService.getBrTitleInfo,,,,,,
asset_master,review,asset_field_change_candidate,,site_area,토지면적(㎡),site_area,,1049,,Physical fields may be API-enriched. Review provenance before overwriting.,ast_46fa23347ee4,A112529001,found,BldRgstHubService.getBrTitleInfo,,,,,,
asset_master,review,asset_field_change_candidate,,completion_date,준공(예정)일,completion_date,,2022-01-25,,Review. Some address/physical fields may intentionally differ after geocode/API cleanup.,ast_46fa23347ee4,A112529001,found,BldRgstHubService.getBrTitleInfo,,,,,,
asset_master,review,asset_field_change_candidate,,parking,주차대수,parking,,옥내 120 / 옥외 0,,Review. Some address/physical fields may intentionally differ after geocode/API cleanup.,ast_46fa23347ee4,A112529001,found,BldRgstHubService.getBrTitleInfo,,,,,,
asset_master,review,asset_field_change_candidate,,address_text,"전체주소(시/도, 구/군 포함)",address_text,이지스312호,사동 1422-15,,Review. Some address/physical fields may intentionally differ after geocode/API cleanup.,ast_30c376cd6730,A112532001,found,BldRgstHubService.getBrTitleInfo,,,,,,
asset_master,review,asset_field_change_candidate,,asset_type,기초자산,asset_type,오피스복합,,,Review. Some address/physical fields may intentionally differ after geocode/API cleanup.,ast_30c376cd6730,A112532001,found,BldRgstHubService.getBrTitleInfo,,,,,,
asset_master,review,asset_field_change_candidate,,business_stage,사업단계,business_stage,개발,,,Review. Some address/physical fields may intentionally differ after geocode/API cleanup.,ast_30c376cd6730,A112532001,found,BldRgstHubService.getBrTitleInfo,,,,,,
asset_master,review,asset_field_change_candidate,,portfolio_region,투자지역,portfolio_region,대한민국,,,Review. Some address/physical fields may intentionally differ after geocode/API cleanup.,ast_30c376cd6730,A112532001,found,BldRgstHubService.getBrTitleInfo,,,,,,
asset_master,review,asset_field_change_candidate,,site_area,토지면적(㎡),site_area,,252,,Physical fields may be API-enriched. Review provenance before overwriting.,ast_30c376cd6730,A112532001,found,BldRgstHubService.getBrTitleInfo,,,,,,
asset_master,review,asset_field_change_candidate,,parking,주차대수,parking,,옥내 4 / 옥외 4,,Review. Some address/physical fields may intentionally differ after geocode/API cleanup.,ast_30c376cd6730,A112532001,found,BldRgstHubService.getBrTitleInfo,,,,,,
asset_master,review,asset_field_change_candidate,,business_stage,사업단계,business_stage,운영/실물,,,Review. Some address/physical fields may intentionally differ after geocode/API cleanup.,ast_880b26b6e8be,A112535001,found,BldRgstHubService.getBrTitleInfo,,,,,,
asset_master,review,asset_field_change_candidate,,portfolio_region,투자지역,portfolio_region,대한민국,,,Review. Some address/physical fields may intentionally differ after geocode/API cleanup.,ast_880b26b6e8be,A112535001,found,BldRgstHubService.getBrTitleInfo,,,,,,
asset_master,review,asset_field_change_candidate,,site_area,토지면적(㎡),site_area,,0,,Physical fields may be API-enriched. Review provenance before overwriting.,ast_880b26b6e8be,A112535001,found,BldRgstHubService.getBrTitleInfo,,,,,,
asset_master,review,asset_field_change_candidate,,completion_date,준공(예정)일,completion_date,,2021-04-12,,Review. Some address/physical fields may intentionally differ after geocode/API cleanup.,ast_880b26b6e8be,A112535001,found,BldRgstHubService.getBrTitleInfo,,,,,,
asset_master,review,asset_field_change_candidate,,parking,주차대수,parking,,옥내 0 / 옥외 0,,Review. Some address/physical fields may intentionally differ after geocode/API cleanup.,ast_880b26b6e8be,A112535001,found,BldRgstHubService.getBrTitleInfo,,,,,,
asset_master,review,asset_field_change_candidate,,business_stage,사업단계,business_stage,운영/실물,,,Review. Some address/physical fields may intentionally differ after geocode/API cleanup.,ast_0dba05706295,A112536001,found,BldRgstHubService.getBrTitleInfo,,,,,,
asset_master,review,asset_field_change_candidate,,portfolio_region,투자지역,portfolio_region,대한민국,,,Review. Some address/physical fields may intentionally differ after geocode/API cleanup.,ast_0dba05706295,A112536001,found,BldRgstHubService.getBrTitleInfo,,,,,,
asset_master,review,asset_field_change_candidate,,site_area,토지면적(㎡),site_area,,0,,Physical fields may be API-enriched. Review provenance before overwriting.,ast_0dba05706295,A112536001,found,BldRgstHubService.getBrTitleInfo,,,,,,
asset_master,review,asset_field_change_candidate,,parking,주차대수,parking,,옥내 0 / 옥외 0,,Review. Some address/physical fields may intentionally differ after geocode/API cleanup.,ast_0dba05706295,A112536001,found,BldRgstHubService.getBrTitleInfo,,,,,,
asset_master,review,asset_field_change_candidate,,portfolio_region,투자지역,portfolio_region,북미,,,Review. Some address/physical fields may intentionally differ after geocode/API cleanup.,ast_42ffd5c419d7,A112539001,not_checked,,,,,,,
asset_master,review,asset_field_change_candidate,,country_code,국내/해외,country_code,OVERSEAS,,,Review. Some address/physical fields may intentionally differ after geocode/API cleanup.,ast_42ffd5c419d7,A112539001,not_checked,,,,,,,
asset_master,review,asset_field_change_candidate,,portfolio_region,투자지역,portfolio_region,북미,,,Review. Some address/physical fields may intentionally differ after geocode/API cleanup.,ast_20262366f9d0,A112540001,not_checked,,,,,,,
asset_master,review,asset_field_change_candidate,,country_code,국내/해외,country_code,OVERSEAS,,,Review. Some address/physical fields may intentionally differ after geocode/API cleanup.,ast_20262366f9d0,A112540001,not_checked,,,,,,,
asset_master,review,asset_field_change_candidate,,business_stage,사업단계,business_stage,운영/실물,,,Review. Some address/physical fields may intentionally differ after geocode/API cleanup.,ast_4a78efdfb00c,A112542001,not_checked,,,,,,,
asset_master,review,asset_field_change_candidate,,portfolio_region,투자지역,portfolio_region,대한민국,,,Review. Some address/physical fields may intentionally differ after geocode/API cleanup.,ast_4a78efdfb00c,A112542001,not_checked,,,,,,,
asset_master,review,asset_field_change_candidate,,country_code,국내/해외,country_code,KR,,,Review. Some address/physical fields may intentionally differ after geocode/API cleanup.,ast_4a78efdfb00c,A112542001,not_checked,,,,,,,
asset_master,review,asset_field_change_candidate,,portfolio_region,투자지역,portfolio_region,글로벌,,,Review. Some address/physical fields may intentionally differ after geocode/API cleanup.,ast_2c327419d5d5,A112543001,not_checked,,,,,,,
asset_master,review,asset_field_change_candidate,,country_code,국내/해외,country_code,OVERSEAS,,,Review. Some address/physical fields may intentionally differ after geocode/API cleanup.,ast_2c327419d5d5,A112543001,not_checked,,,,,,,
asset_master,review,asset_field_change_candidate,,business_stage,사업단계,business_stage,개발,,,Review. Some address/physical fields may intentionally differ after geocode/API cleanup.,ast_47cfb7af7038,A112546001,found,BldRgstHubService.getBrTitleInfo,,,,,,
asset_master,review,asset_field_change_candidate,,portfolio_region,투자지역,portfolio_region,대한민국,,,Review. Some address/physical fields may intentionally differ after geocode/API cleanup.,ast_47cfb7af7038,A112546001,found,BldRgstHubService.getBrTitleInfo,,,,,,
asset_master,review,asset_field_change_candidate,,country_code,국내/해외,country_code,KR,,,Review. Some address/physical fields may intentionally differ after geocode/API cleanup.,ast_47cfb7af7038,A112546001,found,BldRgstHubService.getBrTitleInfo,,,,,,
asset_master,review,asset_field_change_candidate,,site_area,토지면적(㎡),site_area,,0,,Physical fields may be API-enriched. Review provenance before overwriting.,ast_47cfb7af7038,A112546001,found,BldRgstHubService.getBrTitleInfo,,,,,,
asset_master,review,asset_field_change_candidate,,business_stage,사업단계,business_stage,특수상황,,,Review. Some address/physical fields may intentionally differ after geocode/API cleanup.,ast_7b6e6d2a39c2,A112547001,pending,,,,,,,
asset_master,review,asset_field_change_candidate,,portfolio_region,투자지역,portfolio_region,대한민국,,,Review. Some address/physical fields may intentionally differ after geocode/API cleanup.,ast_7b6e6d2a39c2,A112547001,pending,,,,,,,
asset_master,review,asset_field_change_candidate,,country_code,국내/해외,country_code,KR,,,Review. Some address/physical fields may intentionally differ after geocode/API cleanup.,ast_7b6e6d2a39c2,A112547001,pending,,,,,,,
asset_master,review,asset_field_change_candidate,,business_stage,사업단계,business_stage,운영/실물,,,Review. Some address/physical fields may intentionally differ after geocode/API cleanup.,ast_f8c612d01935,A112551001,found,BldRgstHubService.getBrTitleInfo,,,,,,
asset_master,review,asset_field_change_candidate,,portfolio_region,투자지역,portfolio_region,대한민국,,,Review. Some address/physical fields may intentionally differ after geocode/API cleanup.,ast_f8c612d01935,A112551001,found,BldRgstHubService.getBrTitleInfo,,,,,,
asset_master,review,asset_field_change_candidate,,country_code,국내/해외,country_code,KR,,,Review. Some address/physical fields may intentionally differ after geocode/API cleanup.,ast_f8c612d01935,A112551001,found,BldRgstHubService.getBrTitleInfo,,,,,,
asset_master,review,asset_field_change_candidate,,site_area,토지면적(㎡),site_area,,2116,,Physical fields may be API-enriched. Review provenance before overwriting.,ast_f8c612d01935,A112551001,found,BldRgstHubService.getBrTitleInfo,,,,,,
asset_master,review,asset_field_change_candidate,,parking,주차대수,parking,,옥내 48 / 옥외 0,,Review. Some address/physical fields may intentionally differ after geocode/API cleanup.,ast_f8c612d01935,A112551001,found,BldRgstHubService.getBrTitleInfo,,,,,,
asset_master,review,asset_field_change_candidate,,business_stage,사업단계,business_stage,운영/실물,,,Review. Some address/physical fields may intentionally differ after geocode/API cleanup.,ast_bf0627d6fee0,A112556001,found,BldRgstHubService.getBrTitleInfo,,,,,,
asset_master,review,asset_field_change_candidate,,portfolio_region,투자지역,portfolio_region,대한민국,,,Review. Some address/physical fields may intentionally differ after geocode/API cleanup.,ast_bf0627d6fee0,A112556001,found,BldRgstHubService.getBrTitleInfo,,,,,,
asset_master,review,asset_field_change_candidate,,country_code,국내/해외,country_code,KR,,,Review. Some address/physical fields may intentionally differ after geocode/API cleanup.,ast_bf0627d6fee0,A112556001,found,BldRgstHubService.getBrTitleInfo,,,,,,
asset_master,review,asset_field_change_candidate,,site_area,토지면적(㎡),site_area,,1271,,Physical fields may be API-enriched. Review provenance before overwriting.,ast_bf0627d6fee0,A112556001,found,BldRgstHubService.getBrTitleInfo,,,,,,
asset_master,review,asset_field_change_candidate,,completion_date,준공(예정)일,completion_date,,2023-06-28,,Review. Some address/physical fields may intentionally differ after geocode/API cleanup.,ast_bf0627d6fee0,A112556001,found,BldRgstHubService.getBrTitleInfo,,,,,,
asset_master,review,asset_field_change_candidate,,parking,주차대수,parking,,옥내 77 / 옥외 0,,Review. Some address/physical fields may intentionally differ after geocode/API cleanup.,ast_bf0627d6fee0,A112556001,found,BldRgstHubService.getBrTitleInfo,,,,,,
asset_master,review,asset_field_change_candidate,,business_stage,사업단계,business_stage,운영/실물,,,Review. Some address/physical fields may intentionally differ after geocode/API cleanup.,ast_b939ab49c418,A112556002,found,BldRgstHubService.getBrTitleInfo,,,,,,
asset_master,review,asset_field_change_candidate,,portfolio_region,투자지역,portfolio_region,대한민국,,,Review. Some address/physical fields may intentionally differ after geocode/API cleanup.,ast_b939ab49c418,A112556002,found,BldRgstHubService.getBrTitleInfo,,,,,,
asset_master,review,asset_field_change_candidate,,country_code,국내/해외,country_code,KR,,,Review. Some address/physical fields may intentionally differ after geocode/API cleanup.,ast_b939ab49c418,A112556002,found,BldRgstHubService.getBrTitleInfo,,,,,,
asset_master,review,asset_field_change_candidate,,site_area,토지면적(㎡),site_area,,1271,,Physical fields may be API-enriched. Review provenance before overwriting.,ast_b939ab49c418,A112556002,found,BldRgstHubService.getBrTitleInfo,,,,,,
asset_master,review,asset_field_change_candidate,,completion_date,준공(예정)일,completion_date,,2023-06-28,,Review. Some address/physical fields may intentionally differ after geocode/API cleanup.,ast_b939ab49c418,A112556002,found,BldRgstHubService.getBrTitleInfo,,,,,,
asset_master,review,asset_field_change_candidate,,parking,주차대수,parking,,옥내 77 / 옥외 0,,Review. Some address/physical fields may intentionally differ after geocode/API cleanup.,ast_b939ab49c418,A112556002,found,BldRgstHubService.getBrTitleInfo,,,,,,
asset_master,review,asset_field_change_candidate,,business_stage,사업단계,business_stage,운영/실물,,,Review. Some address/physical fields may intentionally differ after geocode/API cleanup.,ast_f3cb5064d76b,A112556003,found,BldRgstHubService.getBrTitleInfo,,,,,,
asset_master,review,asset_field_change_candidate,,portfolio_region,투자지역,portfolio_region,대한민국,,,Review. Some address/physical fields may intentionally differ after geocode/API cleanup.,ast_f3cb5064d76b,A112556003,found,BldRgstHubService.getBrTitleInfo,,,,,,
asset_master,review,asset_field_change_candidate,,country_code,국내/해외,country_code,KR,,,Review. Some address/physical fields may intentionally differ after geocode/API cleanup.,ast_f3cb5064d76b,A112556003,found,BldRgstHubService.getBrTitleInfo,,,,,,
asset_master,review,asset_field_change_candidate,,site_area,토지면적(㎡),site_area,,1271,,Physical fields may be API-enriched. Review provenance before overwriting.,ast_f3cb5064d76b,A112556003,found,BldRgstHubService.getBrTitleInfo,,,,,,
asset_master,review,asset_field_change_candidate,,completion_date,준공(예정)일,completion_date,,2023-06-28,,Review. Some address/physical fields may intentionally differ after geocode/API cleanup.,ast_f3cb5064d76b,A112556003,found,BldRgstHubService.getBrTitleInfo,,,,,,
asset_master,review,asset_field_change_candidate,,parking,주차대수,parking,,옥내 77 / 옥외 0,,Review. Some address/physical fields may intentionally differ after geocode/API cleanup.,ast_f3cb5064d76b,A112556003,found,BldRgstHubService.getBrTitleInfo,,,,,,
asset_master,review,asset_field_change_candidate,,portfolio_region,투자지역,portfolio_region,유럽,,,Review. Some address/physical fields may intentionally differ after geocode/API cleanup.,ast_07f69f4d8b19,A112558001,not_checked,,,,,,,
asset_master,review,asset_field_change_candidate,,country_code,국내/해외,country_code,OVERSEAS,,,Review. Some address/physical fields may intentionally differ after geocode/API cleanup.,ast_07f69f4d8b19,A112558001,not_checked,,,,,,,
asset_master,review,asset_field_change_candidate,,address_text,"전체주소(시/도, 구/군 포함)",address_text,경기도 성남시 수정구 창업로 18,경기도 성남시 수정구 시흥동 288-2,,Review. Some address/physical fields may intentionally differ after geocode/API cleanup.,ast_ea83005ce057,A112559001,pending,building_cache.json,,,,,,
asset_master,review,asset_field_change_candidate,,business_stage,사업단계,business_stage,운영/실물,,,Review. Some address/physical fields may intentionally differ after geocode/API cleanup.,ast_ea83005ce057,A112559001,pending,building_cache.json,,,,,,
asset_master,review,asset_field_change_candidate,,portfolio_region,투자지역,portfolio_region,대한민국,,,Review. Some address/physical fields may intentionally differ after geocode/API cleanup.,ast_ea83005ce057,A112559001,pending,building_cache.json,,,,,,
asset_master,review,asset_field_change_candidate,,site_area,토지면적(㎡),site_area,,13830,,Physical fields may be API-enriched. Review provenance before overwriting.,ast_ea83005ce057,A112559001,pending,building_cache.json,,,,,,
asset_master,review,asset_field_change_candidate,,parking,주차대수,parking,,옥내 973 / 옥외 0,,Review. Some address/physical fields may intentionally differ after geocode/API cleanup.,ast_ea83005ce057,A112559001,pending,building_cache.json,,,,,,
asset_master,review,asset_field_change_candidate,,portfolio_region,투자지역,portfolio_region,북미,,,Review. Some address/physical fields may intentionally differ after geocode/API cleanup.,ast_834d830d4c5a,A112560001,not_checked,,,,,,,
asset_master,review,asset_field_change_candidate,,country_code,국내/해외,country_code,OVERSEAS,,,Review. Some address/physical fields may intentionally differ after geocode/API cleanup.,ast_834d830d4c5a,A112560001,not_checked,,,,,,,
asset_master,review,asset_field_change_candidate,,business_stage,사업단계,business_stage,개발,,,Review. Some address/physical fields may intentionally differ after geocode/API cleanup.,ast_e7e65d3bc117,A112561001,found,BldRgstHubService.getBrTitleInfo,,,,,,
asset_master,review,asset_field_change_candidate,,portfolio_region,투자지역,portfolio_region,대한민국,,,Review. Some address/physical fields may intentionally differ after geocode/API cleanup.,ast_e7e65d3bc117,A112561001,found,BldRgstHubService.getBrTitleInfo,,,,,,
asset_master,review,asset_field_change_candidate,,country_code,국내/해외,country_code,KR,,,Review. Some address/physical fields may intentionally differ after geocode/API cleanup.,ast_e7e65d3bc117,A112561001,found,BldRgstHubService.getBrTitleInfo,,,,,,
asset_master,review,asset_field_change_candidate,,site_area,토지면적(㎡),site_area,,1452,,Physical fields may be API-enriched. Review provenance before overwriting.,ast_e7e65d3bc117,A112561001,found,BldRgstHubService.getBrTitleInfo,,,,,,
asset_master,review,asset_field_change_candidate,,parking,주차대수,parking,,옥내 106 / 옥외 4,,Review. Some address/physical fields may intentionally differ after geocode/API cleanup.,ast_e7e65d3bc117,A112561001,found,BldRgstHubService.getBrTitleInfo,,,,,,
asset_master,review,asset_field_change_candidate,,canonical_name,자산(건물)명,canonical_name,글로벌 리츠,Global REITs (수협),,Review. Some address/physical fields may intentionally differ after geocode/API cleanup.,ast_f5220c768a13,A112564001,not_checked,,,,,,,
asset_master,review,asset_field_change_candidate,,portfolio_region,투자지역,portfolio_region,글로벌,,,Review. Some address/physical fields may intentionally differ after geocode/API cleanup.,ast_f5220c768a13,A112564001,not_checked,,,,,,,
asset_master,review,asset_field_change_candidate,,country_code,국내/해외,country_code,OVERSEAS,,,Review. Some address/physical fields may intentionally differ after geocode/API cleanup.,ast_f5220c768a13,A112564001,not_checked,,,,,,,
asset_master,review,asset_field_change_candidate,,portfolio_region,투자지역,portfolio_region,유럽,,,Review. Some address/physical fields may intentionally differ after geocode/API cleanup.,ast_a809ac0199e2,A112568001,not_checked,,,,,,,
asset_master,review,asset_field_change_candidate,,country_code,국내/해외,country_code,OVERSEAS,,,Review. Some address/physical fields may intentionally differ after geocode/API cleanup.,ast_a809ac0199e2,A112568001,not_checked,,,,,,,
asset_master,review,asset_field_change_candidate,,business_stage,사업단계,business_stage,운영/실물,,,Review. Some address/physical fields may intentionally differ after geocode/API cleanup.,ast_7a29ef0974d5,A112569001,found,BldRgstHubService.getBrTitleInfo,,,,,,
asset_master,review,asset_field_change_candidate,,portfolio_region,투자지역,portfolio_region,대한민국,,,Review. Some address/physical fields may intentionally differ after geocode/API cleanup.,ast_7a29ef0974d5,A112569001,found,BldRgstHubService.getBrTitleInfo,,,,,,
asset_master,review,asset_field_change_candidate,,country_code,국내/해외,country_code,KR,,,Review. Some address/physical fields may intentionally differ after geocode/API cleanup.,ast_7a29ef0974d5,A112569001,found,BldRgstHubService.getBrTitleInfo,,,,,,
asset_master,review,asset_field_change_candidate,,site_area,토지면적(㎡),site_area,,6638,,Physical fields may be API-enriched. Review provenance before overwriting.,ast_7a29ef0974d5,A112569001,found,BldRgstHubService.getBrTitleInfo,,,,,,
asset_master,review,asset_field_change_candidate,,parking,주차대수,parking,,옥내 177 / 옥외 0,,Review. Some address/physical fields may intentionally differ after geocode/API cleanup.,ast_7a29ef0974d5,A112569001,found,BldRgstHubService.getBrTitleInfo,,,,,,
asset_master,review,asset_field_change_candidate,,business_stage,사업단계,business_stage,운영/실물,,,Review. Some address/physical fields may intentionally differ after geocode/API cleanup.,ast_73e5216b97f6,A112573001,not_checked,,,,,,,
asset_master,review,asset_field_change_candidate,,portfolio_region,투자지역,portfolio_region,대한민국,,,Review. Some address/physical fields may intentionally differ after geocode/API cleanup.,ast_73e5216b97f6,A112573001,not_checked,,,,,,,
asset_master,review,asset_field_change_candidate,,country_code,국내/해외,country_code,KR,,,Review. Some address/physical fields may intentionally differ after geocode/API cleanup.,ast_73e5216b97f6,A112573001,not_checked,,,,,,,
asset_master,review,asset_field_change_candidate,,portfolio_region,투자지역,portfolio_region,북미,,,Review. Some address/physical fields may intentionally differ after geocode/API cleanup.,ast_8037c5fed7e0,A112576001,not_checked,,,,,,,
asset_master,review,asset_field_change_candidate,,country_code,국내/해외,country_code,OVERSEAS,,,Review. Some address/physical fields may intentionally differ after geocode/API cleanup.,ast_8037c5fed7e0,A112576001,not_checked,,,,,,,
asset_master,review,asset_field_change_candidate,,portfolio_region,투자지역,portfolio_region,북미,,,Review. Some address/physical fields may intentionally differ after geocode/API cleanup.,ast_89a55348d21e,A112577001,not_checked,,,,,,,
asset_master,review,asset_field_change_candidate,,country_code,국내/해외,country_code,OVERSEAS,,,Review. Some address/physical fields may intentionally differ after geocode/API cleanup.,ast_89a55348d21e,A112577001,not_checked,,,,,,,
asset_master,review,asset_field_change_candidate,,portfolio_region,투자지역,portfolio_region,북미,,,Review. Some address/physical fields may intentionally differ after geocode/API cleanup.,ast_5cb81c5d6700,A112578001,not_checked,,,,,,,
asset_master,review,asset_field_change_candidate,,country_code,국내/해외,country_code,OVERSEAS,,,Review. Some address/physical fields may intentionally differ after geocode/API cleanup.,ast_5cb81c5d6700,A112578001,not_checked,,,,,,,
asset_master,review,asset_field_change_candidate,,business_stage,사업단계,business_stage,부실,,,Review. Some address/physical fields may intentionally differ after geocode/API cleanup.,ast_bfb1c5d3da5c,A112579001,not_checked,,,,,,,
asset_master,review,asset_field_change_candidate,,portfolio_region,투자지역,portfolio_region,대한민국,,,Review. Some address/physical fields may intentionally differ after geocode/API cleanup.,ast_bfb1c5d3da5c,A112579001,not_checked,,,,,,,
asset_master,review,asset_field_change_candidate,,business_stage,사업단계,business_stage,운영/실물,,,Review. Some address/physical fields may intentionally differ after geocode/API cleanup.,ast_74b58d4dd7c7,A112582001,not_checked,,,,,,,
asset_master,review,asset_field_change_candidate,,portfolio_region,투자지역,portfolio_region,북미,,,Review. Some address/physical fields may intentionally differ after geocode/API cleanup.,ast_74b58d4dd7c7,A112582001,not_checked,,,,,,,
asset_master,review,asset_field_change_candidate,,country_code,국내/해외,country_code,OVERSEAS,,,Review. Some address/physical fields may intentionally differ after geocode/API cleanup.,ast_74b58d4dd7c7,A112582001,not_checked,,,,,,,
asset_master,review,asset_field_change_candidate,,portfolio_region,투자지역,portfolio_region,대한민국,,,Review. Some address/physical fields may intentionally differ after geocode/API cleanup.,ast_fe67309c28e2,A112584001,pending,,,,,,,
asset_master,review,asset_field_change_candidate,,country_code,국내/해외,country_code,KR,,,Review. Some address/physical fields may intentionally differ after geocode/API cleanup.,ast_fe67309c28e2,A112584001,pending,,,,,,,
asset_master,review,asset_field_change_candidate,,portfolio_region,투자지역,portfolio_region,대한민국,,,Review. Some address/physical fields may intentionally differ after geocode/API cleanup.,ast_0595e7f4dccc,A112584002,pending,,,,,,,
asset_master,review,asset_field_change_candidate,,country_code,국내/해외,country_code,KR,,,Review. Some address/physical fields may intentionally differ after geocode/API cleanup.,ast_0595e7f4dccc,A112584002,pending,,,,,,,
asset_master,review,asset_field_change_candidate,,portfolio_region,투자지역,portfolio_region,대한민국,,,Review. Some address/physical fields may intentionally differ after geocode/API cleanup.,ast_119638464007,A112584003,pending,,,,,,,
asset_master,review,asset_field_change_candidate,,country_code,국내/해외,country_code,KR,,,Review. Some address/physical fields may intentionally differ after geocode/API cleanup.,ast_119638464007,A112584003,pending,,,,,,,
asset_master,review,asset_field_change_candidate,,portfolio_region,투자지역,portfolio_region,대한민국,,,Review. Some address/physical fields may intentionally differ after geocode/API cleanup.,ast_7b19a096c506,A112584004,pending,,,,,,,
asset_master,review,asset_field_change_candidate,,country_code,국내/해외,country_code,KR,,,Review. Some address/physical fields may intentionally differ after geocode/API cleanup.,ast_7b19a096c506,A112584004,pending,,,,,,,
asset_master,review,asset_field_change_candidate,,portfolio_region,투자지역,portfolio_region,대한민국,,,Review. Some address/physical fields may intentionally differ after geocode/API cleanup.,ast_9053eb385f92,A112584005,not_checked,,,,,,,
asset_master,review,asset_field_change_candidate,,country_code,국내/해외,country_code,KR,,,Review. Some address/physical fields may intentionally differ after geocode/API cleanup.,ast_9053eb385f92,A112584005,not_checked,,,,,,,
asset_master,review,asset_field_change_candidate,,portfolio_region,투자지역,portfolio_region,대한민국,,,Review. Some address/physical fields may intentionally differ after geocode/API cleanup.,ast_71ccb419b102,A112584006,pending,,,,,,,
asset_master,review,asset_field_change_candidate,,country_code,국내/해외,country_code,KR,,,Review. Some address/physical fields may intentionally differ after geocode/API cleanup.,ast_71ccb419b102,A112584006,pending,,,,,,,
asset_master,review,asset_field_change_candidate,,portfolio_region,투자지역,portfolio_region,대한민국,,,Review. Some address/physical fields may intentionally differ after geocode/API cleanup.,ast_5ffda8a73763,A112584007,pending,,,,,,,
asset_master,review,asset_field_change_candidate,,country_code,국내/해외,country_code,KR,,,Review. Some address/physical fields may intentionally differ after geocode/API cleanup.,ast_5ffda8a73763,A112584007,pending,,,,,,,
asset_master,review,asset_field_change_candidate,,portfolio_region,투자지역,portfolio_region,대한민국,,,Review. Some address/physical fields may intentionally differ after geocode/API cleanup.,ast_dfe3a3dedda0,A112584008,pending,,,,,,,
asset_master,review,asset_field_change_candidate,,country_code,국내/해외,country_code,KR,,,Review. Some address/physical fields may intentionally differ after geocode/API cleanup.,ast_dfe3a3dedda0,A112584008,pending,,,,,,,
asset_master,review,asset_field_change_candidate,,portfolio_region,투자지역,portfolio_region,대한민국,,,Review. Some address/physical fields may intentionally differ after geocode/API cleanup.,ast_49a86c456d87,A112584009,pending,,,,,,,
asset_master,review,asset_field_change_candidate,,country_code,국내/해외,country_code,KR,,,Review. Some address/physical fields may intentionally differ after geocode/API cleanup.,ast_49a86c456d87,A112584009,pending,,,,,,,
asset_master,review,asset_field_change_candidate,,portfolio_region,투자지역,portfolio_region,대한민국,,,Review. Some address/physical fields may intentionally differ after geocode/API cleanup.,ast_181f610edf73,A112584010,not_checked,,,,,,,
asset_master,review,asset_field_change_candidate,,country_code,국내/해외,country_code,KR,,,Review. Some address/physical fields may intentionally differ after geocode/API cleanup.,ast_181f610edf73,A112584010,not_checked,,,,,,,
asset_master,review,asset_field_change_candidate,,portfolio_region,투자지역,portfolio_region,대한민국,,,Review. Some address/physical fields may intentionally differ after geocode/API cleanup.,ast_62b8dcc42c6b,A112584011,pending,,,,,,,
asset_master,review,asset_field_change_candidate,,country_code,국내/해외,country_code,KR,,,Review. Some address/physical fields may intentionally differ after geocode/API cleanup.,ast_62b8dcc42c6b,A112584011,pending,,,,,,,
asset_master,review,asset_field_change_candidate,,portfolio_region,투자지역,portfolio_region,대한민국,,,Review. Some address/physical fields may intentionally differ after geocode/API cleanup.,ast_cbe24d6ebb07,A112584012,pending,,,,,,,
asset_master,review,asset_field_change_candidate,,country_code,국내/해외,country_code,KR,,,Review. Some address/physical fields may intentionally differ after geocode/API cleanup.,ast_cbe24d6ebb07,A112584012,pending,,,,,,,
asset_master,review,asset_field_change_candidate,,portfolio_region,투자지역,portfolio_region,대한민국,,,Review. Some address/physical fields may intentionally differ after geocode/API cleanup.,ast_5afd3f52bd1f,A112584013,pending,,,,,,,
asset_master,review,asset_field_change_candidate,,portfolio_region,투자지역,portfolio_region,대한민국,,,Review. Some address/physical fields may intentionally differ after geocode/API cleanup.,ast_dd8a51e02785,A112584014,pending,,,,,,,
asset_master,review,asset_field_change_candidate,,country_code,국내/해외,country_code,KR,,,Review. Some address/physical fields may intentionally differ after geocode/API cleanup.,ast_dd8a51e02785,A112584014,pending,,,,,,,
asset_master,review,asset_field_change_candidate,,portfolio_region,투자지역,portfolio_region,대한민국,,,Review. Some address/physical fields may intentionally differ after geocode/API cleanup.,ast_1a611af09927,A112584015,pending,,,,,,,
asset_master,review,asset_field_change_candidate,,country_code,국내/해외,country_code,KR,,,Review. Some address/physical fields may intentionally differ after geocode/API cleanup.,ast_1a611af09927,A112584015,pending,,,,,,,
asset_master,review,asset_field_change_candidate,,portfolio_region,투자지역,portfolio_region,대한민국,,,Review. Some address/physical fields may intentionally differ after geocode/API cleanup.,ast_b5b2968544d4,A112584016,pending,,,,,,,
asset_master,review,asset_field_change_candidate,,country_code,국내/해외,country_code,KR,,,Review. Some address/physical fields may intentionally differ after geocode/API cleanup.,ast_b5b2968544d4,A112584016,pending,,,,,,,
asset_master,review,asset_field_change_candidate,,portfolio_region,투자지역,portfolio_region,대한민국,,,Review. Some address/physical fields may intentionally differ after geocode/API cleanup.,ast_fc066c8daedb,A112584017,pending,,,,,,,
asset_master,review,asset_field_change_candidate,,country_code,국내/해외,country_code,KR,,,Review. Some address/physical fields may intentionally differ after geocode/API cleanup.,ast_fc066c8daedb,A112584017,pending,,,,,,,
asset_master,review,asset_field_change_candidate,,portfolio_region,투자지역,portfolio_region,대한민국,,,Review. Some address/physical fields may intentionally differ after geocode/API cleanup.,ast_cb14a8027ca3,A112584018,pending,,,,,,,
asset_master,review,asset_field_change_candidate,,country_code,국내/해외,country_code,KR,,,Review. Some address/physical fields may intentionally differ after geocode/API cleanup.,ast_cb14a8027ca3,A112584018,pending,,,,,,,
asset_master,review,asset_field_change_candidate,,portfolio_region,투자지역,portfolio_region,대한민국,,,Review. Some address/physical fields may intentionally differ after geocode/API cleanup.,ast_401a2a614838,A112584019,pending,,,,,,,
asset_master,review,asset_field_change_candidate,,country_code,국내/해외,country_code,KR,,,Review. Some address/physical fields may intentionally differ after geocode/API cleanup.,ast_401a2a614838,A112584019,pending,,,,,,,
asset_master,review,asset_field_change_candidate,,canonical_name,자산(건물)명,canonical_name,에스와이솔라,이지스일반사모투자신탁435호(태양광),,Review. Some address/physical fields may intentionally differ after geocode/API cleanup.,ast_6fbb0d555e87,A112584020,found,BldRgstHubService.getBrTitleInfo,,,,,,
asset_master,review,asset_field_change_candidate,,address_text,"전체주소(시/도, 구/군 포함)",address_text,부산광역시 강서구 낙동북로 236,대저1동 1619,,Review. Some address/physical fields may intentionally differ after geocode/API cleanup.,ast_6fbb0d555e87,A112584020,found,BldRgstHubService.getBrTitleInfo,,,,,,
asset_master,review,asset_field_change_candidate,,portfolio_region,투자지역,portfolio_region,대한민국,,,Review. Some address/physical fields may intentionally differ after geocode/API cleanup.,ast_6fbb0d555e87,A112584020,found,BldRgstHubService.getBrTitleInfo,,,,,,
asset_master,review,asset_field_change_candidate,,gross_floor_area,연면적(m²),gross_floor_area,,189,,Physical fields may be API-enriched. Review provenance before overwriting.,ast_6fbb0d555e87,A112584020,found,BldRgstHubService.getBrTitleInfo,,,,,,
asset_master,review,asset_field_change_candidate,,site_area,토지면적(㎡),site_area,,0,,Physical fields may be API-enriched. Review provenance before overwriting.,ast_6fbb0d555e87,A112584020,found,BldRgstHubService.getBrTitleInfo,,,,,,
asset_master,review,asset_field_change_candidate,,completion_date,준공(예정)일,completion_date,,2007-05-09,,Review. Some address/physical fields may intentionally differ after geocode/API cleanup.,ast_6fbb0d555e87,A112584020,found,BldRgstHubService.getBrTitleInfo,,,,,,
asset_master,review,asset_field_change_candidate,,parking,주차대수,parking,,옥내 0 / 옥외 0,,Review. Some address/physical fields may intentionally differ after geocode/API cleanup.,ast_6fbb0d555e87,A112584020,found,BldRgstHubService.getBrTitleInfo,,,,,,
asset_master,review,asset_field_change_candidate,,canonical_name,자산(건물)명,canonical_name,에이치엠솔라1,이지스일반사모투자신탁435호(태양광),,Review. Some address/physical fields may intentionally differ after geocode/API cleanup.,ast_db3bfd1b4baf,A112584021,found,BldRgstHubService.getBrTitleInfo,,,,,,
asset_master,review,asset_field_change_candidate,,address_text,"전체주소(시/도, 구/군 포함)",address_text,"강원도 원주시 문막읍 반계리 2255-2, 2255-3",강원특별자치도 원주시 문막읍 반계리 2255-2,,Review. Some address/physical fields may intentionally differ after geocode/API cleanup.,ast_db3bfd1b4baf,A112584021,found,BldRgstHubService.getBrTitleInfo,,,,,,
asset_master,review,asset_field_change_candidate,,portfolio_region,투자지역,portfolio_region,대한민국,,,Review. Some address/physical fields may intentionally differ after geocode/API cleanup.,ast_db3bfd1b4baf,A112584021,found,BldRgstHubService.getBrTitleInfo,,,,,,
asset_master,review,asset_field_change_candidate,,gross_floor_area,연면적(m²),gross_floor_area,,13227,,Physical fields may be API-enriched. Review provenance before overwriting.,ast_db3bfd1b4baf,A112584021,found,BldRgstHubService.getBrTitleInfo,,,,,,
asset_master,review,asset_field_change_candidate,,site_area,토지면적(㎡),site_area,,20739,,Physical fields may be API-enriched. Review provenance before overwriting.,ast_db3bfd1b4baf,A112584021,found,BldRgstHubService.getBrTitleInfo,,,,,,
asset_master,review,asset_field_change_candidate,,completion_date,준공(예정)일,completion_date,,2016-08-19,,Review. Some address/physical fields may intentionally differ after geocode/API cleanup.,ast_db3bfd1b4baf,A112584021,found,BldRgstHubService.getBrTitleInfo,,,,,,
asset_master,review,asset_field_change_candidate,,parking,주차대수,parking,,옥내 0 / 옥외 69,,Review. Some address/physical fields may intentionally differ after geocode/API cleanup.,ast_db3bfd1b4baf,A112584021,found,BldRgstHubService.getBrTitleInfo,,,,,,
asset_master,review,asset_field_change_candidate,,canonical_name,자산(건물)명,canonical_name,이에스에이치12,이지스일반사모투자신탁435호(태양광),,Review. Some address/physical fields may intentionally differ after geocode/API cleanup.,ast_d4d0f0ff0926,A112584022,found,BldRgstHubService.getBrTitleInfo,,,,,,
asset_master,review,asset_field_change_candidate,,address_text,"전체주소(시/도, 구/군 포함)",address_text,전남 광양시 광양읍 세풍리 2224,전라남도 광양시 광양읍 세풍리 2224,,Review. Some address/physical fields may intentionally differ after geocode/API cleanup.,ast_d4d0f0ff0926,A112584022,found,BldRgstHubService.getBrTitleInfo,,,,,,
asset_master,review,asset_field_change_candidate,,portfolio_region,투자지역,portfolio_region,대한민국,,,Review. Some address/physical fields may intentionally differ after geocode/API cleanup.,ast_d4d0f0ff0926,A112584022,found,BldRgstHubService.getBrTitleInfo,,,,,,
asset_master,review,asset_field_change_candidate,,gross_floor_area,연면적(m²),gross_floor_area,,50,,Physical fields may be API-enriched. Review provenance before overwriting.,ast_d4d0f0ff0926,A112584022,found,BldRgstHubService.getBrTitleInfo,,,,,,
asset_master,review,asset_field_change_candidate,,site_area,토지면적(㎡),site_area,,0,,Physical fields may be API-enriched. Review provenance before overwriting.,ast_d4d0f0ff0926,A112584022,found,BldRgstHubService.getBrTitleInfo,,,,,,
asset_master,review,asset_field_change_candidate,,completion_date,준공(예정)일,completion_date,,2015-10-08,,Review. Some address/physical fields may intentionally differ after geocode/API cleanup.,ast_d4d0f0ff0926,A112584022,found,BldRgstHubService.getBrTitleInfo,,,,,,
asset_master,review,asset_field_change_candidate,,parking,주차대수,parking,,옥내 0 / 옥외 0,,Review. Some address/physical fields may intentionally differ after geocode/API cleanup.,ast_d4d0f0ff0926,A112584022,found,BldRgstHubService.getBrTitleInfo,,,,,,
asset_master,review,asset_field_change_candidate,,portfolio_region,투자지역,portfolio_region,대한민국,,,Review. Some address/physical fields may intentionally differ after geocode/API cleanup.,ast_f0b3bee2e7f8,A112584023,pending,,,,,,,
asset_master,review,asset_field_change_candidate,,country_code,국내/해외,country_code,KR,,,Review. Some address/physical fields may intentionally differ after geocode/API cleanup.,ast_f0b3bee2e7f8,A112584023,pending,,,,,,,
asset_master,review,asset_field_change_candidate,,portfolio_region,투자지역,portfolio_region,대한민국,,,Review. Some address/physical fields may intentionally differ after geocode/API cleanup.,ast_ecbd3dcd5c8a,A112584024,pending,,,,,,,
asset_master,review,asset_field_change_candidate,,country_code,국내/해외,country_code,KR,,,Review. Some address/physical fields may intentionally differ after geocode/API cleanup.,ast_ecbd3dcd5c8a,A112584024,pending,,,,,,,
asset_master,review,asset_field_change_candidate,,portfolio_region,투자지역,portfolio_region,대한민국,,,Review. Some address/physical fields may intentionally differ after geocode/API cleanup.,ast_d1b08df14213,A112584025,pending,,,,,,,
asset_master,review,asset_field_change_candidate,,country_code,국내/해외,country_code,KR,,,Review. Some address/physical fields may intentionally differ after geocode/API cleanup.,ast_d1b08df14213,A112584025,pending,,,,,,,
asset_master,review,asset_field_change_candidate,,portfolio_region,투자지역,portfolio_region,대한민국,,,Review. Some address/physical fields may intentionally differ after geocode/API cleanup.,ast_0db517682813,A112584026,pending,,,,,,,
asset_master,review,asset_field_change_candidate,,country_code,국내/해외,country_code,KR,,,Review. Some address/physical fields may intentionally differ after geocode/API cleanup.,ast_0db517682813,A112584026,pending,,,,,,,
asset_master,review,asset_field_change_candidate,,portfolio_region,투자지역,portfolio_region,대한민국,,,Review. Some address/physical fields may intentionally differ after geocode/API cleanup.,ast_5d805aade4f5,A112584027,pending,,,,,,,
asset_master,review,asset_field_change_candidate,,country_code,국내/해외,country_code,KR,,,Review. Some address/physical fields may intentionally differ after geocode/API cleanup.,ast_5d805aade4f5,A112584027,pending,,,,,,,
asset_master,review,asset_field_change_candidate,,portfolio_region,투자지역,portfolio_region,대한민국,,,Review. Some address/physical fields may intentionally differ after geocode/API cleanup.,ast_c22cfc14fece,A112584028,pending,,,,,,,
asset_master,review,asset_field_change_candidate,,country_code,국내/해외,country_code,KR,,,Review. Some address/physical fields may intentionally differ after geocode/API cleanup.,ast_c22cfc14fece,A112584028,pending,,,,,,,
asset_master,review,asset_field_change_candidate,,portfolio_region,투자지역,portfolio_region,대한민국,,,Review. Some address/physical fields may intentionally differ after geocode/API cleanup.,ast_eb9fef2fb0a9,A112584029,pending,,,,,,,
asset_master,review,asset_field_change_candidate,,country_code,국내/해외,country_code,KR,,,Review. Some address/physical fields may intentionally differ after geocode/API cleanup.,ast_eb9fef2fb0a9,A112584029,pending,,,,,,,
asset_master,review,asset_field_change_candidate,,portfolio_region,투자지역,portfolio_region,대한민국,,,Review. Some address/physical fields may intentionally differ after geocode/API cleanup.,ast_abdd62503393,A112584030,pending,,,,,,,
asset_master,review,asset_field_change_candidate,,country_code,국내/해외,country_code,KR,,,Review. Some address/physical fields may intentionally differ after geocode/API cleanup.,ast_abdd62503393,A112584030,pending,,,,,,,
asset_master,review,asset_field_change_candidate,,portfolio_region,투자지역,portfolio_region,대한민국,,,Review. Some address/physical fields may intentionally differ after geocode/API cleanup.,ast_57c1d0a7ef1e,A112584031,pending,,,,,,,
asset_master,review,asset_field_change_candidate,,country_code,국내/해외,country_code,KR,,,Review. Some address/physical fields may intentionally differ after geocode/API cleanup.,ast_57c1d0a7ef1e,A112584031,pending,,,,,,,
asset_master,review,asset_field_change_candidate,,portfolio_region,투자지역,portfolio_region,대한민국,,,Review. Some address/physical fields may intentionally differ after geocode/API cleanup.,ast_1e2221e5e270,A112584032,pending,,,,,,,
asset_master,review,asset_field_change_candidate,,country_code,국내/해외,country_code,KR,,,Review. Some address/physical fields may intentionally differ after geocode/API cleanup.,ast_1e2221e5e270,A112584032,pending,,,,,,,
asset_master,review,asset_field_change_candidate,,canonical_name,자산(건물)명,canonical_name,씨에스에너텍,이지스일반사모투자신탁435호(태양광),,Review. Some address/physical fields may intentionally differ after geocode/API cleanup.,ast_357127c88355,A112584033,found,BldRgstHubService.getBrTitleInfo,,,,,,
asset_master,review,asset_field_change_candidate,,address_text,"전체주소(시/도, 구/군 포함)",address_text,"경산시 진량읍 다문로 188-9, 경산시 진량읍 공단6로 42, 42-1",진량읍 신상리 1186-7,,Review. Some address/physical fields may intentionally differ after geocode/API cleanup.,ast_357127c88355,A112584033,found,BldRgstHubService.getBrTitleInfo,,,,,,
asset_master,review,asset_field_change_candidate,,portfolio_region,투자지역,portfolio_region,대한민국,,,Review. Some address/physical fields may intentionally differ after geocode/API cleanup.,ast_357127c88355,A112584033,found,BldRgstHubService.getBrTitleInfo,,,,,,
asset_master,review,asset_field_change_candidate,,gross_floor_area,연면적(m²),gross_floor_area,,105,,Physical fields may be API-enriched. Review provenance before overwriting.,ast_357127c88355,A112584033,found,BldRgstHubService.getBrTitleInfo,,,,,,
asset_master,review,asset_field_change_candidate,,site_area,토지면적(㎡),site_area,,0,,Physical fields may be API-enriched. Review provenance before overwriting.,ast_357127c88355,A112584033,found,BldRgstHubService.getBrTitleInfo,,,,,,
asset_master,review,asset_field_change_candidate,,completion_date,준공(예정)일,completion_date,,1997-04-22,,Review. Some address/physical fields may intentionally differ after geocode/API cleanup.,ast_357127c88355,A112584033,found,BldRgstHubService.getBrTitleInfo,,,,,,
asset_master,review,asset_field_change_candidate,,parking,주차대수,parking,,옥내 0 / 옥외 13,,Review. Some address/physical fields may intentionally differ after geocode/API cleanup.,ast_357127c88355,A112584033,found,BldRgstHubService.getBrTitleInfo,,,,,,
asset_master,review,asset_field_change_candidate,,portfolio_region,투자지역,portfolio_region,대한민국,,,Review. Some address/physical fields may intentionally differ after geocode/API cleanup.,ast_97b4c5674171,A112584034,pending,,,,,,,
asset_master,review,asset_field_change_candidate,,country_code,국내/해외,country_code,KR,,,Review. Some address/physical fields may intentionally differ after geocode/API cleanup.,ast_97b4c5674171,A112584034,pending,,,,,,,
asset_master,review,asset_field_change_candidate,,portfolio_region,투자지역,portfolio_region,대한민국,,,Review. Some address/physical fields may intentionally differ after geocode/API cleanup.,ast_fcf7c1ac3c6e,A112584035,pending,,,,,,,
asset_master,review,asset_field_change_candidate,,country_code,국내/해외,country_code,KR,,,Review. Some address/physical fields may intentionally differ after geocode/API cleanup.,ast_fcf7c1ac3c6e,A112584035,pending,,,,,,,
asset_master,review,asset_field_change_candidate,,portfolio_region,투자지역,portfolio_region,대한민국,,,Review. Some address/physical fields may intentionally differ after geocode/API cleanup.,ast_dafd8d7ea9a9,A112584036,not_checked,,,,,,,
asset_master,review,asset_field_change_candidate,,country_code,국내/해외,country_code,KR,,,Review. Some address/physical fields may intentionally differ after geocode/API cleanup.,ast_dafd8d7ea9a9,A112584036,not_checked,,,,,,,
asset_master,review,asset_field_change_candidate,,portfolio_region,투자지역,portfolio_region,대한민국,,,Review. Some address/physical fields may intentionally differ after geocode/API cleanup.,ast_5a8751925824,A112584037,pending,,,,,,,
asset_master,review,asset_field_change_candidate,,country_code,국내/해외,country_code,KR,,,Review. Some address/physical fields may intentionally differ after geocode/API cleanup.,ast_5a8751925824,A112584037,pending,,,,,,,
asset_master,review,asset_field_change_candidate,,portfolio_region,투자지역,portfolio_region,대한민국,,,Review. Some address/physical fields may intentionally differ after geocode/API cleanup.,ast_fa5c29f90c9f,A112584038,pending,,,,,,,
asset_master,review,asset_field_change_candidate,,country_code,국내/해외,country_code,KR,,,Review. Some address/physical fields may intentionally differ after geocode/API cleanup.,ast_fa5c29f90c9f,A112584038,pending,,,,,,,
asset_master,review,asset_field_change_candidate,,portfolio_region,투자지역,portfolio_region,대한민국,,,Review. Some address/physical fields may intentionally differ after geocode/API cleanup.,ast_71e2c09c8e7e,A112584039,pending,,,,,,,
asset_master,review,asset_field_change_candidate,,country_code,국내/해외,country_code,KR,,,Review. Some address/physical fields may intentionally differ after geocode/API cleanup.,ast_71e2c09c8e7e,A112584039,pending,,,,,,,
asset_master,review,asset_field_change_candidate,,portfolio_region,투자지역,portfolio_region,대한민국,,,Review. Some address/physical fields may intentionally differ after geocode/API cleanup.,ast_77ede44aa23a,A112584040,pending,,,,,,,
asset_master,review,asset_field_change_candidate,,country_code,국내/해외,country_code,KR,,,Review. Some address/physical fields may intentionally differ after geocode/API cleanup.,ast_77ede44aa23a,A112584040,pending,,,,,,,
asset_master,review,asset_field_change_candidate,,portfolio_region,투자지역,portfolio_region,대한민국,,,Review. Some address/physical fields may intentionally differ after geocode/API cleanup.,ast_60fde6988245,A112584041,pending,,,,,,,
asset_master,review,asset_field_change_candidate,,country_code,국내/해외,country_code,KR,,,Review. Some address/physical fields may intentionally differ after geocode/API cleanup.,ast_60fde6988245,A112584041,pending,,,,,,,
asset_master,review,asset_field_change_candidate,,portfolio_region,투자지역,portfolio_region,대한민국,,,Review. Some address/physical fields may intentionally differ after geocode/API cleanup.,ast_af81a8c4e0a3,A112584042,pending,,,,,,,
asset_master,review,asset_field_change_candidate,,country_code,국내/해외,country_code,KR,,,Review. Some address/physical fields may intentionally differ after geocode/API cleanup.,ast_af81a8c4e0a3,A112584042,pending,,,,,,,
asset_master,review,asset_field_change_candidate,,portfolio_region,투자지역,portfolio_region,대한민국,,,Review. Some address/physical fields may intentionally differ after geocode/API cleanup.,ast_ebcbfb2a0ea5,A112584043,pending,,,,,,,
asset_master,review,asset_field_change_candidate,,country_code,국내/해외,country_code,KR,,,Review. Some address/physical fields may intentionally differ after geocode/API cleanup.,ast_ebcbfb2a0ea5,A112584043,pending,,,,,,,
asset_master,review,asset_field_change_candidate,,portfolio_region,투자지역,portfolio_region,대한민국,,,Review. Some address/physical fields may intentionally differ after geocode/API cleanup.,ast_4a41b5cdfb00,A112584044,pending,,,,,,,
asset_master,review,asset_field_change_candidate,,country_code,국내/해외,country_code,KR,,,Review. Some address/physical fields may intentionally differ after geocode/API cleanup.,ast_4a41b5cdfb00,A112584044,pending,,,,,,,
asset_master,review,asset_field_change_candidate,,portfolio_region,투자지역,portfolio_region,대한민국,,,Review. Some address/physical fields may intentionally differ after geocode/API cleanup.,ast_88157f8599f7,A112584045,not_checked,,,,,,,
asset_master,review,asset_field_change_candidate,,country_code,국내/해외,country_code,KR,,,Review. Some address/physical fields may intentionally differ after geocode/API cleanup.,ast_88157f8599f7,A112584045,not_checked,,,,,,,
asset_master,review,asset_field_change_candidate,,canonical_name,자산(건물)명,canonical_name,솔라팩토리19호,이지스일반사모투자신탁435호(태양광),,Review. Some address/physical fields may intentionally differ after geocode/API cleanup.,ast_0bbbe8c5910d,A112584046,found,BldRgstHubService.getBrTitleInfo,,,,,,
asset_master,review,asset_field_change_candidate,,address_text,"전체주소(시/도, 구/군 포함)",address_text,"충북 충주시 대소원면 완오리 1165, 1166, 1167(건물 위), 충주시 대소원면 완오리 1155(건물위), 충주시 대소원면 영평리 840 (건물 위)",충청북도 충주시 대소원면 완오리 1165,,Review. Some address/physical fields may intentionally differ after geocode/API cleanup.,ast_0bbbe8c5910d,A112584046,found,BldRgstHubService.getBrTitleInfo,,,,,,
asset_master,review,asset_field_change_candidate,,portfolio_region,투자지역,portfolio_region,대한민국,,,Review. Some address/physical fields may intentionally differ after geocode/API cleanup.,ast_0bbbe8c5910d,A112584046,found,BldRgstHubService.getBrTitleInfo,,,,,,
asset_master,review,asset_field_change_candidate,,gross_floor_area,연면적(m²),gross_floor_area,,660,,Physical fields may be API-enriched. Review provenance before overwriting.,ast_0bbbe8c5910d,A112584046,found,BldRgstHubService.getBrTitleInfo,,,,,,
asset_master,review,asset_field_change_candidate,,site_area,토지면적(㎡),site_area,,0,,Physical fields may be API-enriched. Review provenance before overwriting.,ast_0bbbe8c5910d,A112584046,found,BldRgstHubService.getBrTitleInfo,,,,,,
asset_master,review,asset_field_change_candidate,,completion_date,준공(예정)일,completion_date,,2016-07-06,,Review. Some address/physical fields may intentionally differ after geocode/API cleanup.,ast_0bbbe8c5910d,A112584046,found,BldRgstHubService.getBrTitleInfo,,,,,,
asset_master,review,asset_field_change_candidate,,parking,주차대수,parking,,옥내 0 / 옥외 0,,Review. Some address/physical fields may intentionally differ after geocode/API cleanup.,ast_0bbbe8c5910d,A112584046,found,BldRgstHubService.getBrTitleInfo,,,,,,
asset_master,review,asset_field_change_candidate,,business_stage,사업단계,business_stage,운영/실물,,,Review. Some address/physical fields may intentionally differ after geocode/API cleanup.,ast_1a8c028a5e37,A112585001,not_checked,,,,,,,
asset_master,review,asset_field_change_candidate,,portfolio_region,투자지역,portfolio_region,북미,,,Review. Some address/physical fields may intentionally differ after geocode/API cleanup.,ast_1a8c028a5e37,A112585001,not_checked,,,,,,,
asset_master,review,asset_field_change_candidate,,country_code,국내/해외,country_code,OVERSEAS,,,Review. Some address/physical fields may intentionally differ after geocode/API cleanup.,ast_1a8c028a5e37,A112585001,not_checked,,,,,,,
asset_master,review,asset_field_change_candidate,,business_stage,사업단계,business_stage,운영/실물,,,Review. Some address/physical fields may intentionally differ after geocode/API cleanup.,ast_b03e4a6447f9,A112586001,found,BldRgstHubService.getBrTitleInfo,,,,,,
asset_master,review,asset_field_change_candidate,,portfolio_region,투자지역,portfolio_region,대한민국,,,Review. Some address/physical fields may intentionally differ after geocode/API cleanup.,ast_b03e4a6447f9,A112586001,found,BldRgstHubService.getBrTitleInfo,,,,,,
asset_master,review,asset_field_change_candidate,,country_code,국내/해외,country_code,KR,,,Review. Some address/physical fields may intentionally differ after geocode/API cleanup.,ast_b03e4a6447f9,A112586001,found,BldRgstHubService.getBrTitleInfo,,,,,,
asset_master,review,asset_field_change_candidate,,site_area,토지면적(㎡),site_area,,1384,,Physical fields may be API-enriched. Review provenance before overwriting.,ast_b03e4a6447f9,A112586001,found,BldRgstHubService.getBrTitleInfo,,,,,,
asset_master,review,asset_field_change_candidate,,parking,주차대수,parking,,옥내 0 / 옥외 9,,Review. Some address/physical fields may intentionally differ after geocode/API cleanup.,ast_b03e4a6447f9,A112586001,found,BldRgstHubService.getBrTitleInfo,,,,,,
asset_master,review,asset_field_change_candidate,,portfolio_region,투자지역,portfolio_region,대한민국,,,Review. Some address/physical fields may intentionally differ after geocode/API cleanup.,ast_cb59978f02bf,A112587001,not_checked,,,,,,,
asset_master,review,asset_field_change_candidate,,country_code,국내/해외,country_code,혼합,,,Review. Some address/physical fields may intentionally differ after geocode/API cleanup.,ast_cb59978f02bf,A112587001,not_checked,,,,,,,
asset_master,review,asset_field_change_candidate,,business_stage,사업단계,business_stage,운영/실물,,,Review. Some address/physical fields may intentionally differ after geocode/API cleanup.,ast_c7abc1f4627e,A112588001,not_checked,,,,,,,
asset_master,review,asset_field_change_candidate,,portfolio_region,투자지역,portfolio_region,북미,,,Review. Some address/physical fields may intentionally differ after geocode/API cleanup.,ast_c7abc1f4627e,A112588001,not_checked,,,,,,,
asset_master,review,asset_field_change_candidate,,country_code,국내/해외,country_code,OVERSEAS,,,Review. Some address/physical fields may intentionally differ after geocode/API cleanup.,ast_c7abc1f4627e,A112588001,not_checked,,,,,,,
asset_master,review,asset_field_change_candidate,,business_stage,사업단계,business_stage,운영/실물,,,Review. Some address/physical fields may intentionally differ after geocode/API cleanup.,ast_74c55ca84e27,A112589001,found,BldRgstHubService.getBrTitleInfo,,,,,,
asset_master,review,asset_field_change_candidate,,portfolio_region,투자지역,portfolio_region,대한민국,,,Review. Some address/physical fields may intentionally differ after geocode/API cleanup.,ast_74c55ca84e27,A112589001,found,BldRgstHubService.getBrTitleInfo,,,,,,
asset_master,review,asset_field_change_candidate,,country_code,국내/해외,country_code,KR,,,Review. Some address/physical fields may intentionally differ after geocode/API cleanup.,ast_74c55ca84e27,A112589001,found,BldRgstHubService.getBrTitleInfo,,,,,,
asset_master,review,asset_field_change_candidate,,site_area,토지면적(㎡),site_area,,39053,,Physical fields may be API-enriched. Review provenance before overwriting.,ast_74c55ca84e27,A112589001,found,BldRgstHubService.getBrTitleInfo,,,,,,
asset_master,review,asset_field_change_candidate,,parking,주차대수,parking,,옥내 3608 / 옥외 0,,Review. Some address/physical fields may intentionally differ after geocode/API cleanup.,ast_74c55ca84e27,A112589001,found,BldRgstHubService.getBrTitleInfo,,,,,,
asset_master,review,asset_field_change_candidate,,business_stage,사업단계,business_stage,운영/실물,,,Review. Some address/physical fields may intentionally differ after geocode/API cleanup.,ast_7a55d14dbec0,A112592001,found,BldRgstHubService.getBrTitleInfo,,,,,,
asset_master,review,asset_field_change_candidate,,portfolio_region,투자지역,portfolio_region,대한민국,,,Review. Some address/physical fields may intentionally differ after geocode/API cleanup.,ast_7a55d14dbec0,A112592001,found,BldRgstHubService.getBrTitleInfo,,,,,,
asset_master,review,asset_field_change_candidate,,site_area,토지면적(㎡),site_area,,33140,,Physical fields may be API-enriched. Review provenance before overwriting.,ast_7a55d14dbec0,A112592001,found,BldRgstHubService.getBrTitleInfo,,,,,,
asset_master,review,asset_field_change_candidate,,completion_date,준공(예정)일,completion_date,,2007-11-08,,Review. Some address/physical fields may intentionally differ after geocode/API cleanup.,ast_7a55d14dbec0,A112592001,found,BldRgstHubService.getBrTitleInfo,,,,,,
asset_master,review,asset_field_change_candidate,,parking,주차대수,parking,,옥내 689 / 옥외 144,,Review. Some address/physical fields may intentionally differ after geocode/API cleanup.,ast_7a55d14dbec0,A112592001,found,BldRgstHubService.getBrTitleInfo,,,,,,
asset_master,review,asset_field_change_candidate,,business_stage,사업단계,business_stage,운영/실물,,,Review. Some address/physical fields may intentionally differ after geocode/API cleanup.,ast_9a12d0c2189f,A112593001,found,BldRgstHubService.getBrTitleInfo,,,,,,
asset_master,review,asset_field_change_candidate,,portfolio_region,투자지역,portfolio_region,대한민국,,,Review. Some address/physical fields may intentionally differ after geocode/API cleanup.,ast_9a12d0c2189f,A112593001,found,BldRgstHubService.getBrTitleInfo,,,,,,
asset_master,review,asset_field_change_candidate,,country_code,국내/해외,country_code,KR,,,Review. Some address/physical fields may intentionally differ after geocode/API cleanup.,ast_9a12d0c2189f,A112593001,found,BldRgstHubService.getBrTitleInfo,,,,,,
asset_master,review,asset_field_change_candidate,,site_area,토지면적(㎡),site_area,,1311,,Physical fields may be API-enriched. Review provenance before overwriting.,ast_9a12d0c2189f,A112593001,found,BldRgstHubService.getBrTitleInfo,,,,,,
asset_master,review,asset_field_change_candidate,,completion_date,준공(예정)일,completion_date,,1992-07-02,,Review. Some address/physical fields may intentionally differ after geocode/API cleanup.,ast_9a12d0c2189f,A112593001,found,BldRgstHubService.getBrTitleInfo,,,,,,
asset_master,review,asset_field_change_candidate,,business_stage,사업단계,business_stage,운영/실물,,,Review. Some address/physical fields may intentionally differ after geocode/API cleanup.,ast_d5c833a503e2,A112593002,found,BldRgstHubService.getBrTitleInfo,,,,,,
asset_master,review,asset_field_change_candidate,,portfolio_region,투자지역,portfolio_region,대한민국,,,Review. Some address/physical fields may intentionally differ after geocode/API cleanup.,ast_d5c833a503e2,A112593002,found,BldRgstHubService.getBrTitleInfo,,,,,,
asset_master,review,asset_field_change_candidate,,country_code,국내/해외,country_code,KR,,,Review. Some address/physical fields may intentionally differ after geocode/API cleanup.,ast_d5c833a503e2,A112593002,found,BldRgstHubService.getBrTitleInfo,,,,,,
asset_master,review,asset_field_change_candidate,,site_area,토지면적(㎡),site_area,,1120,,Physical fields may be API-enriched. Review provenance before overwriting.,ast_d5c833a503e2,A112593002,found,BldRgstHubService.getBrTitleInfo,,,,,,
asset_master,review,asset_field_change_candidate,,completion_date,준공(예정)일,completion_date,,2009-04-22,,Review. Some address/physical fields may intentionally differ after geocode/API cleanup.,ast_d5c833a503e2,A112593002,found,BldRgstHubService.getBrTitleInfo,,,,,,
asset_master,review,asset_field_change_candidate,,parking,주차대수,parking,,옥내 20 / 옥외 0,,Review. Some address/physical fields may intentionally differ after geocode/API cleanup.,ast_d5c833a503e2,A112593002,found,BldRgstHubService.getBrTitleInfo,,,,,,
asset_master,review,asset_field_change_candidate,,portfolio_region,투자지역,portfolio_region,글로벌,,,Review. Some address/physical fields may intentionally differ after geocode/API cleanup.,ast_4a2315b88c84,A112596001,not_checked,,,,,,,
asset_master,review,asset_field_change_candidate,,country_code,국내/해외,country_code,혼합,,,Review. Some address/physical fields may intentionally differ after geocode/API cleanup.,ast_4a2315b88c84,A112596001,not_checked,,,,,,,
asset_master,review,asset_field_change_candidate,,portfolio_region,투자지역,portfolio_region,북미,,,Review. Some address/physical fields may intentionally differ after geocode/API cleanup.,ast_d19b7e4dea84,A112598001,not_checked,,,,,,,
asset_master,review,asset_field_change_candidate,,country_code,국내/해외,country_code,OVERSEAS,,,Review. Some address/physical fields may intentionally differ after geocode/API cleanup.,ast_d19b7e4dea84,A112598001,not_checked,,,,,,,
asset_master,review,asset_field_change_candidate,,portfolio_region,투자지역,portfolio_region,북미,,,Review. Some address/physical fields may intentionally differ after geocode/API cleanup.,ast_a497abe03a47,A112600001,not_checked,,,,,,,
asset_master,review,asset_field_change_candidate,,country_code,국내/해외,country_code,OVERSEAS,,,Review. Some address/physical fields may intentionally differ after geocode/API cleanup.,ast_a497abe03a47,A112600001,not_checked,,,,,,,
asset_master,review,asset_field_change_candidate,,business_stage,사업단계,business_stage,특수상황,,,Review. Some address/physical fields may intentionally differ after geocode/API cleanup.,ast_51d42aef8752,A112602001,not_checked,,,,,,,
asset_master,review,asset_field_change_candidate,,portfolio_region,투자지역,portfolio_region,대한민국,,,Review. Some address/physical fields may intentionally differ after geocode/API cleanup.,ast_51d42aef8752,A112602001,not_checked,,,,,,,
asset_master,review,asset_field_change_candidate,,country_code,국내/해외,country_code,KR,,,Review. Some address/physical fields may intentionally differ after geocode/API cleanup.,ast_51d42aef8752,A112602001,not_checked,,,,,,,
asset_master,review,asset_field_change_candidate,,business_stage,사업단계,business_stage,특수상황,,,Review. Some address/physical fields may intentionally differ after geocode/API cleanup.,ast_0d67a2c2d304,A112602002,not_checked,,,,,,,
asset_master,review,asset_field_change_candidate,,portfolio_region,투자지역,portfolio_region,대한민국,,,Review. Some address/physical fields may intentionally differ after geocode/API cleanup.,ast_0d67a2c2d304,A112602002,not_checked,,,,,,,
asset_master,review,asset_field_change_candidate,,country_code,국내/해외,country_code,KR,,,Review. Some address/physical fields may intentionally differ after geocode/API cleanup.,ast_0d67a2c2d304,A112602002,not_checked,,,,,,,
asset_master,review,asset_field_change_candidate,,business_stage,사업단계,business_stage,특수상황,,,Review. Some address/physical fields may intentionally differ after geocode/API cleanup.,ast_b24257eace32,A112602003,not_checked,,,,,,,
asset_master,review,asset_field_change_candidate,,portfolio_region,투자지역,portfolio_region,대한민국,,,Review. Some address/physical fields may intentionally differ after geocode/API cleanup.,ast_b24257eace32,A112602003,not_checked,,,,,,,
asset_master,review,asset_field_change_candidate,,country_code,국내/해외,country_code,KR,,,Review. Some address/physical fields may intentionally differ after geocode/API cleanup.,ast_b24257eace32,A112602003,not_checked,,,,,,,
asset_master,review,asset_field_change_candidate,,business_stage,사업단계,business_stage,특수상황,,,Review. Some address/physical fields may intentionally differ after geocode/API cleanup.,ast_5592bb858cba,A112602004,not_checked,,,,,,,
asset_master,review,asset_field_change_candidate,,portfolio_region,투자지역,portfolio_region,대한민국,,,Review. Some address/physical fields may intentionally differ after geocode/API cleanup.,ast_5592bb858cba,A112602004,not_checked,,,,,,,
asset_master,review,asset_field_change_candidate,,country_code,국내/해외,country_code,KR,,,Review. Some address/physical fields may intentionally differ after geocode/API cleanup.,ast_5592bb858cba,A112602004,not_checked,,,,,,,
asset_master,review,asset_field_change_candidate,,canonical_name,자산(건물)명,canonical_name,여주 본두리 물류센터,여주 본두리 물류센터 (투자),,Review. Some address/physical fields may intentionally differ after geocode/API cleanup.,ast_3f3767149c5b,A112606001,found,BldRgstHubService.getBrTitleInfo,,,,,,
asset_master,review,asset_field_change_candidate,,business_stage,사업단계,business_stage,운영/실물,,,Review. Some address/physical fields may intentionally differ after geocode/API cleanup.,ast_3f3767149c5b,A112606001,found,BldRgstHubService.getBrTitleInfo,,,,,,
asset_master,review,asset_field_change_candidate,,portfolio_region,투자지역,portfolio_region,대한민국,,,Review. Some address/physical fields may intentionally differ after geocode/API cleanup.,ast_3f3767149c5b,A112606001,found,BldRgstHubService.getBrTitleInfo,,,,,,
asset_master,review,asset_field_change_candidate,,site_area,토지면적(㎡),site_area,,65249,,Physical fields may be API-enriched. Review provenance before overwriting.,ast_3f3767149c5b,A112606001,found,BldRgstHubService.getBrTitleInfo,,,,,,
asset_master,review,asset_field_change_candidate,,parking,주차대수,parking,,옥내 0 / 옥외 421,,Review. Some address/physical fields may intentionally differ after geocode/API cleanup.,ast_3f3767149c5b,A112606001,found,BldRgstHubService.getBrTitleInfo,,,,,,
asset_master,review,asset_field_change_candidate,,portfolio_region,투자지역,portfolio_region,글로벌,,,Review. Some address/physical fields may intentionally differ after geocode/API cleanup.,ast_3fc53b50b636,A112607001,not_checked,,,,,,,
asset_master,review,asset_field_change_candidate,,country_code,국내/해외,country_code,OVERSEAS,,,Review. Some address/physical fields may intentionally differ after geocode/API cleanup.,ast_3fc53b50b636,A112607001,not_checked,,,,,,,
asset_master,review,asset_field_change_candidate,,business_stage,사업단계,business_stage,개발,,,Review. Some address/physical fields may intentionally differ after geocode/API cleanup.,ast_6c274653ed0b,A112608001,pending,,,,,,,
asset_master,review,asset_field_change_candidate,,portfolio_region,투자지역,portfolio_region,대한민국,,,Review. Some address/physical fields may intentionally differ after geocode/API cleanup.,ast_6c274653ed0b,A112608001,pending,,,,,,,
asset_master,review,asset_field_change_candidate,,country_code,국내/해외,country_code,KR,,,Review. Some address/physical fields may intentionally differ after geocode/API cleanup.,ast_6c274653ed0b,A112608001,pending,,,,,,,
asset_master,review,asset_field_change_candidate,,business_stage,사업단계,business_stage,부실,,,Review. Some address/physical fields may intentionally differ after geocode/API cleanup.,ast_2ab8e79a6c7d,A112611001,pending,,,,,,,
asset_master,review,asset_field_change_candidate,,portfolio_region,투자지역,portfolio_region,대한민국,,,Review. Some address/physical fields may intentionally differ after geocode/API cleanup.,ast_2ab8e79a6c7d,A112611001,pending,,,,,,,
asset_master,review,asset_field_change_candidate,,canonical_name,자산(건물)명,canonical_name,구리 수택동 오피스텔 사업부지,구리시 수택동 주거용 오피스텔 (투자),,Review. Some address/physical fields may intentionally differ after geocode/API cleanup.,ast_ee5b4d0511ec,A112611002,found,BldRgstHubService.getBrTitleInfo,,,,,,
asset_master,review,asset_field_change_candidate,,address_text,"전체주소(시/도, 구/군 포함)",address_text,경기도 구리시 수택동 370 외 4필지,경기도 구리시 수택동 370,,Review. Some address/physical fields may intentionally differ after geocode/API cleanup.,ast_ee5b4d0511ec,A112611002,found,BldRgstHubService.getBrTitleInfo,,,,,,
asset_master,review,asset_field_change_candidate,,business_stage,사업단계,business_stage,부실,,,Review. Some address/physical fields may intentionally differ after geocode/API cleanup.,ast_ee5b4d0511ec,A112611002,found,BldRgstHubService.getBrTitleInfo,,,,,,
asset_master,review,asset_field_change_candidate,,portfolio_region,투자지역,portfolio_region,대한민국,,,Review. Some address/physical fields may intentionally differ after geocode/API cleanup.,ast_ee5b4d0511ec,A112611002,found,BldRgstHubService.getBrTitleInfo,,,,,,
asset_master,review,asset_field_change_candidate,,site_area,토지면적(㎡),site_area,,1957,,Physical fields may be API-enriched. Review provenance before overwriting.,ast_ee5b4d0511ec,A112611002,found,BldRgstHubService.getBrTitleInfo,,,,,,
asset_master,review,asset_field_change_candidate,,parking,주차대수,parking,,옥내 0 / 옥외 23,,Review. Some address/physical fields may intentionally differ after geocode/API cleanup.,ast_ee5b4d0511ec,A112611002,found,BldRgstHubService.getBrTitleInfo,,,,,,
asset_master,review,asset_field_change_candidate,,business_stage,사업단계,business_stage,부실,,,Review. Some address/physical fields may intentionally differ after geocode/API cleanup.,ast_37199617fe59,A112611003,pending,,,,,,,
asset_master,review,asset_field_change_candidate,,portfolio_region,투자지역,portfolio_region,대한민국,,,Review. Some address/physical fields may intentionally differ after geocode/API cleanup.,ast_37199617fe59,A112611003,pending,,,,,,,
asset_master,review,asset_field_change_candidate,,country_code,국내/해외,country_code,KR,,,Review. Some address/physical fields may intentionally differ after geocode/API cleanup.,ast_37199617fe59,A112611003,pending,,,,,,,
asset_master,review,asset_field_change_candidate,,business_stage,사업단계,business_stage,개발,,,Review. Some address/physical fields may intentionally differ after geocode/API cleanup.,ast_cd9937cc8678,A112614001,not_checked,,,,,,,
asset_master,review,asset_field_change_candidate,,portfolio_region,투자지역,portfolio_region,대한민국,,,Review. Some address/physical fields may intentionally differ after geocode/API cleanup.,ast_cd9937cc8678,A112614001,not_checked,,,,,,,
asset_master,review,asset_field_change_candidate,,country_code,국내/해외,country_code,KR,,,Review. Some address/physical fields may intentionally differ after geocode/API cleanup.,ast_cd9937cc8678,A112614001,not_checked,,,,,,,
asset_master,review,asset_field_change_candidate,,business_stage,사업단계,business_stage,운영/실물,,,Review. Some address/physical fields may intentionally differ after geocode/API cleanup.,ast_386a43afd1af,A112616001,not_checked,,,,,,,
asset_master,review,asset_field_change_candidate,,portfolio_region,투자지역,portfolio_region,대한민국,,,Review. Some address/physical fields may intentionally differ after geocode/API cleanup.,ast_386a43afd1af,A112616001,not_checked,,,,,,,
asset_master,review,asset_field_change_candidate,,portfolio_region,투자지역,portfolio_region,북미,,,Review. Some address/physical fields may intentionally differ after geocode/API cleanup.,ast_391dd76fd3b8,A112617001,not_checked,,,,,,,
asset_master,review,asset_field_change_candidate,,country_code,국내/해외,country_code,OVERSEAS,,,Review. Some address/physical fields may intentionally differ after geocode/API cleanup.,ast_391dd76fd3b8,A112617001,not_checked,,,,,,,
asset_master,review,asset_field_change_candidate,,portfolio_region,투자지역,portfolio_region,북미,,,Review. Some address/physical fields may intentionally differ after geocode/API cleanup.,ast_e8ad3281d39e,A112618001,not_checked,,,,,,,
asset_master,review,asset_field_change_candidate,,country_code,국내/해외,country_code,OVERSEAS,,,Review. Some address/physical fields may intentionally differ after geocode/API cleanup.,ast_e8ad3281d39e,A112618001,not_checked,,,,,,,
asset_master,review,asset_field_change_candidate,,portfolio_region,투자지역,portfolio_region,북미,,,Review. Some address/physical fields may intentionally differ after geocode/API cleanup.,ast_fc9a53f384d8,A112619001,not_checked,,,,,,,
asset_master,review,asset_field_change_candidate,,country_code,국내/해외,country_code,OVERSEAS,,,Review. Some address/physical fields may intentionally differ after geocode/API cleanup.,ast_fc9a53f384d8,A112619001,not_checked,,,,,,,
asset_master,review,asset_field_change_candidate,,business_stage,사업단계,business_stage,운영/실물,,,Review. Some address/physical fields may intentionally differ after geocode/API cleanup.,ast_d21464a17e8c,A112621001,not_checked,,,,,,,
asset_master,review,asset_field_change_candidate,,portfolio_region,투자지역,portfolio_region,북미,,,Review. Some address/physical fields may intentionally differ after geocode/API cleanup.,ast_d21464a17e8c,A112621001,not_checked,,,,,,,
asset_master,review,asset_field_change_candidate,,country_code,국내/해외,country_code,OVERSEAS,,,Review. Some address/physical fields may intentionally differ after geocode/API cleanup.,ast_d21464a17e8c,A112621001,not_checked,,,,,,,
asset_master,review,asset_field_change_candidate,,portfolio_region,투자지역,portfolio_region,글로벌,,,Review. Some address/physical fields may intentionally differ after geocode/API cleanup.,ast_9dae37d9ddc4,A112626001,not_checked,,,,,,,
asset_master,review,asset_field_change_candidate,,country_code,국내/해외,country_code,OVERSEAS,,,Review. Some address/physical fields may intentionally differ after geocode/API cleanup.,ast_9dae37d9ddc4,A112626001,not_checked,,,,,,,
asset_master,review,asset_field_change_candidate,,portfolio_region,투자지역,portfolio_region,대한민국,,,Review. Some address/physical fields may intentionally differ after geocode/API cleanup.,ast_8485bd818e1d,A112629001,not_checked,,,,,,,
asset_master,review,asset_field_change_candidate,,country_code,국내/해외,country_code,KR,,,Review. Some address/physical fields may intentionally differ after geocode/API cleanup.,ast_8485bd818e1d,A112629001,not_checked,,,,,,,
asset_master,review,asset_field_change_candidate,,business_stage,사업단계,business_stage,개발,,,Review. Some address/physical fields may intentionally differ after geocode/API cleanup.,ast_559d02c0218e,A112640001,pending,,,,,,,
asset_master,review,asset_field_change_candidate,,portfolio_region,투자지역,portfolio_region,대한민국,,,Review. Some address/physical fields may intentionally differ after geocode/API cleanup.,ast_559d02c0218e,A112640001,pending,,,,,,,
asset_master,review,asset_field_change_candidate,,country_code,국내/해외,country_code,KR,,,Review. Some address/physical fields may intentionally differ after geocode/API cleanup.,ast_559d02c0218e,A112640001,pending,,,,,,,
asset_master,review,asset_field_change_candidate,,business_stage,사업단계,business_stage,개발,,,Review. Some address/physical fields may intentionally differ after geocode/API cleanup.,ast_508cc8fee1ee,A112641001,not_checked,,,,,,,
asset_master,review,asset_field_change_candidate,,portfolio_region,투자지역,portfolio_region,대한민국,,,Review. Some address/physical fields may intentionally differ after geocode/API cleanup.,ast_508cc8fee1ee,A112641001,not_checked,,,,,,,
asset_master,review,asset_field_change_candidate,,business_stage,사업단계,business_stage,운영/실물,,,Review. Some address/physical fields may intentionally differ after geocode/API cleanup.,ast_109318d66df6,A112642001,pending,building_cache.json,,,,,,
asset_master,review,asset_field_change_candidate,,portfolio_region,투자지역,portfolio_region,대한민국,,,Review. Some address/physical fields may intentionally differ after geocode/API cleanup.,ast_109318d66df6,A112642001,pending,building_cache.json,,,,,,
asset_master,review,asset_field_change_candidate,,site_area,토지면적(㎡),site_area,,0,,Physical fields may be API-enriched. Review provenance before overwriting.,ast_109318d66df6,A112642001,pending,building_cache.json,,,,,,
asset_master,review,asset_field_change_candidate,,parking,주차대수,parking,,옥내 0 / 옥외 0,,Review. Some address/physical fields may intentionally differ after geocode/API cleanup.,ast_109318d66df6,A112642001,pending,building_cache.json,,,,,,
asset_master,review,asset_field_change_candidate,,portfolio_region,투자지역,portfolio_region,북미,,,Review. Some address/physical fields may intentionally differ after geocode/API cleanup.,ast_71e4c2f1e642,A112645001,not_checked,,,,,,,
asset_master,review,asset_field_change_candidate,,country_code,국내/해외,country_code,OVERSEAS,,,Review. Some address/physical fields may intentionally differ after geocode/API cleanup.,ast_71e4c2f1e642,A112645001,not_checked,,,,,,,
asset_master,review,asset_field_change_candidate,,portfolio_region,투자지역,portfolio_region,대한민국,,,Review. Some address/physical fields may intentionally differ after geocode/API cleanup.,ast_08c6f4e86f22,A112646001,pending,,,,,,,
asset_master,review,asset_field_change_candidate,,country_code,국내/해외,country_code,KR,,,Review. Some address/physical fields may intentionally differ after geocode/API cleanup.,ast_08c6f4e86f22,A112646001,pending,,,,,,,
asset_master,review,asset_field_change_candidate,,portfolio_region,투자지역,portfolio_region,대한민국,,,Review. Some address/physical fields may intentionally differ after geocode/API cleanup.,ast_576c45603803,A112647001,not_checked,,,,,,,
asset_master,review,asset_field_change_candidate,,country_code,국내/해외,country_code,KR,,,Review. Some address/physical fields may intentionally differ after geocode/API cleanup.,ast_576c45603803,A112647001,not_checked,,,,,,,
asset_master,review,asset_field_change_candidate,,portfolio_region,투자지역,portfolio_region,유럽,,,Review. Some address/physical fields may intentionally differ after geocode/API cleanup.,ast_3ad28593fd5f,A112648001,not_checked,,,,,,,
asset_master,review,asset_field_change_candidate,,country_code,국내/해외,country_code,OVERSEAS,,,Review. Some address/physical fields may intentionally differ after geocode/API cleanup.,ast_3ad28593fd5f,A112648001,not_checked,,,,,,,
asset_master,review,asset_field_change_candidate,,address_text,"전체주소(시/도, 구/군 포함)",address_text,부산광역시 부산진구 중앙대로 639,범천동 863-1,,Review. Some address/physical fields may intentionally differ after geocode/API cleanup.,ast_f2e00117756f,A112649001,found,BldRgstHubService.getBrTitleInfo,,,,,,
asset_master,review,asset_field_change_candidate,,business_stage,사업단계,business_stage,운영/실물,,,Review. Some address/physical fields may intentionally differ after geocode/API cleanup.,ast_f2e00117756f,A112649001,found,BldRgstHubService.getBrTitleInfo,,,,,,
asset_master,review,asset_field_change_candidate,,portfolio_region,투자지역,portfolio_region,대한민국,,,Review. Some address/physical fields may intentionally differ after geocode/API cleanup.,ast_f2e00117756f,A112649001,found,BldRgstHubService.getBrTitleInfo,,,,,,
asset_master,review,asset_field_change_candidate,,site_area,토지면적(㎡),site_area,,3694,,Physical fields may be API-enriched. Review provenance before overwriting.,ast_f2e00117756f,A112649001,found,BldRgstHubService.getBrTitleInfo,,,,,,
asset_master,review,asset_field_change_candidate,,parking,주차대수,parking,,옥내 102 / 옥외 8,,Review. Some address/physical fields may intentionally differ after geocode/API cleanup.,ast_f2e00117756f,A112649001,found,BldRgstHubService.getBrTitleInfo,,,,,,
asset_master,review,asset_field_change_candidate,,business_stage,사업단계,business_stage,부실,,,Review. Some address/physical fields may intentionally differ after geocode/API cleanup.,ast_42cb4269408f,A112653001,not_checked,,,,,,,
asset_master,review,asset_field_change_candidate,,portfolio_region,투자지역,portfolio_region,대한민국,,,Review. Some address/physical fields may intentionally differ after geocode/API cleanup.,ast_42cb4269408f,A112653001,not_checked,,,,,,,
asset_master,review,asset_field_change_candidate,,business_stage,사업단계,business_stage,개발,,,Review. Some address/physical fields may intentionally differ after geocode/API cleanup.,ast_e4475dc34369,A112656001,pending,,,,,,,
asset_master,review,asset_field_change_candidate,,portfolio_region,투자지역,portfolio_region,대한민국,,,Review. Some address/physical fields may intentionally differ after geocode/API cleanup.,ast_e4475dc34369,A112656001,pending,,,,,,,
asset_master,review,asset_field_change_candidate,,portfolio_region,투자지역,portfolio_region,북미,,,Review. Some address/physical fields may intentionally differ after geocode/API cleanup.,ast_92af696ba01e,A112657001,not_checked,,,,,,,
asset_master,review,asset_field_change_candidate,,country_code,국내/해외,country_code,OVERSEAS,,,Review. Some address/physical fields may intentionally differ after geocode/API cleanup.,ast_92af696ba01e,A112657001,not_checked,,,,,,,
asset_master,review,asset_field_change_candidate,,business_stage,사업단계,business_stage,운영/실물,,,Review. Some address/physical fields may intentionally differ after geocode/API cleanup.,ast_a151fc2d6f8f,A112658001,not_checked,,,,,,,
asset_master,review,asset_field_change_candidate,,portfolio_region,투자지역,portfolio_region,북미,,,Review. Some address/physical fields may intentionally differ after geocode/API cleanup.,ast_a151fc2d6f8f,A112658001,not_checked,,,,,,,
asset_master,review,asset_field_change_candidate,,country_code,국내/해외,country_code,OVERSEAS,,,Review. Some address/physical fields may intentionally differ after geocode/API cleanup.,ast_a151fc2d6f8f,A112658001,not_checked,,,,,,,
asset_master,review,asset_field_change_candidate,,business_stage,사업단계,business_stage,운영/실물,,,Review. Some address/physical fields may intentionally differ after geocode/API cleanup.,ast_2e084a75011d,A112662001,not_checked,,,,,,,
asset_master,review,asset_field_change_candidate,,portfolio_region,투자지역,portfolio_region,북미,,,Review. Some address/physical fields may intentionally differ after geocode/API cleanup.,ast_2e084a75011d,A112662001,not_checked,,,,,,,
asset_master,review,asset_field_change_candidate,,country_code,국내/해외,country_code,OVERSEAS,,,Review. Some address/physical fields may intentionally differ after geocode/API cleanup.,ast_2e084a75011d,A112662001,not_checked,,,,,,,
asset_master,review,asset_field_change_candidate,,business_stage,사업단계,business_stage,운영/실물,,,Review. Some address/physical fields may intentionally differ after geocode/API cleanup.,ast_92f36c01f427,A112663001,not_checked,,,,,,,
asset_master,review,asset_field_change_candidate,,portfolio_region,투자지역,portfolio_region,북미,,,Review. Some address/physical fields may intentionally differ after geocode/API cleanup.,ast_92f36c01f427,A112663001,not_checked,,,,,,,
asset_master,review,asset_field_change_candidate,,country_code,국내/해외,country_code,OVERSEAS,,,Review. Some address/physical fields may intentionally differ after geocode/API cleanup.,ast_92f36c01f427,A112663001,not_checked,,,,,,,
asset_master,review,asset_field_change_candidate,,canonical_name,자산(건물)명,canonical_name,글로벌 리츠,Global REITs(삼성OCIO),,Review. Some address/physical fields may intentionally differ after geocode/API cleanup.,ast_428853fb1dec,A112664001,not_checked,,,,,,,
asset_master,review,asset_field_change_candidate,,portfolio_region,투자지역,portfolio_region,글로벌,,,Review. Some address/physical fields may intentionally differ after geocode/API cleanup.,ast_428853fb1dec,A112664001,not_checked,,,,,,,
asset_master,review,asset_field_change_candidate,,country_code,국내/해외,country_code,OVERSEAS,,,Review. Some address/physical fields may intentionally differ after geocode/API cleanup.,ast_428853fb1dec,A112664001,not_checked,,,,,,,
asset_master,review,asset_field_change_candidate,,portfolio_region,투자지역,portfolio_region,유럽,,,Review. Some address/physical fields may intentionally differ after geocode/API cleanup.,ast_b1bc52e1340b,A112665001,not_checked,,,,,,,
asset_master,review,asset_field_change_candidate,,country_code,국내/해외,country_code,OVERSEAS,,,Review. Some address/physical fields may intentionally differ after geocode/API cleanup.,ast_b1bc52e1340b,A112665001,not_checked,,,,,,,
asset_master,review,asset_field_change_candidate,,business_stage,사업단계,business_stage,운영/실물,,,Review. Some address/physical fields may intentionally differ after geocode/API cleanup.,ast_586b7ab8eae7,A112666001,found,BldRgstHubService.getBrTitleInfo,,,,,,
asset_master,review,asset_field_change_candidate,,portfolio_region,투자지역,portfolio_region,대한민국,,,Review. Some address/physical fields may intentionally differ after geocode/API cleanup.,ast_586b7ab8eae7,A112666001,found,BldRgstHubService.getBrTitleInfo,,,,,,
asset_master,review,asset_field_change_candidate,,country_code,국내/해외,country_code,KR,,,Review. Some address/physical fields may intentionally differ after geocode/API cleanup.,ast_586b7ab8eae7,A112666001,found,BldRgstHubService.getBrTitleInfo,,,,,,
asset_master,review,asset_field_change_candidate,,site_area,토지면적(㎡),site_area,,0,,Physical fields may be API-enriched. Review provenance before overwriting.,ast_586b7ab8eae7,A112666001,found,BldRgstHubService.getBrTitleInfo,,,,,,
asset_master,review,asset_field_change_candidate,,parking,주차대수,parking,,옥내 0 / 옥외 42,,Review. Some address/physical fields may intentionally differ after geocode/API cleanup.,ast_586b7ab8eae7,A112666001,found,BldRgstHubService.getBrTitleInfo,,,,,,
asset_master,review,asset_field_change_candidate,,portfolio_region,투자지역,portfolio_region,대한민국,,,Review. Some address/physical fields may intentionally differ after geocode/API cleanup.,ast_55e5920ab1cd,A112666002,pending,,,,,,,
asset_master,review,asset_field_change_candidate,,portfolio_region,투자지역,portfolio_region,대한민국,,,Review. Some address/physical fields may intentionally differ after geocode/API cleanup.,ast_05fbe6b353fb,A112666003,pending,,,,,,,
asset_master,review,asset_field_change_candidate,,business_stage,사업단계,business_stage,운영/실물,,,Review. Some address/physical fields may intentionally differ after geocode/API cleanup.,ast_7f15dadaebbf,A112666004,found,BldRgstHubService.getBrTitleInfo,,,,,,
asset_master,review,asset_field_change_candidate,,portfolio_region,투자지역,portfolio_region,대한민국,,,Review. Some address/physical fields may intentionally differ after geocode/API cleanup.,ast_7f15dadaebbf,A112666004,found,BldRgstHubService.getBrTitleInfo,,,,,,
asset_master,review,asset_field_change_candidate,,country_code,국내/해외,country_code,KR,,,Review. Some address/physical fields may intentionally differ after geocode/API cleanup.,ast_7f15dadaebbf,A112666004,found,BldRgstHubService.getBrTitleInfo,,,,,,
asset_master,review,asset_field_change_candidate,,site_area,토지면적(㎡),site_area,,2132,,Physical fields may be API-enriched. Review provenance before overwriting.,ast_7f15dadaebbf,A112666004,found,BldRgstHubService.getBrTitleInfo,,,,,,
asset_master,review,asset_field_change_candidate,,parking,주차대수,parking,,옥내 239 / 옥외 0,,Review. Some address/physical fields may intentionally differ after geocode/API cleanup.,ast_7f15dadaebbf,A112666004,found,BldRgstHubService.getBrTitleInfo,,,,,,
asset_master,review,asset_field_change_candidate,,portfolio_region,투자지역,portfolio_region,대한민국,,,Review. Some address/physical fields may intentionally differ after geocode/API cleanup.,ast_0d7b28ca87e1,A112666005,pending,,,,,,,
asset_master,review,asset_field_change_candidate,,portfolio_region,투자지역,portfolio_region,유럽,,,Review. Some address/physical fields may intentionally differ after geocode/API cleanup.,ast_9ea926bd721a,A112667001,not_checked,,,,,,,
asset_master,review,asset_field_change_candidate,,country_code,국내/해외,country_code,OVERSEAS,,,Review. Some address/physical fields may intentionally differ after geocode/API cleanup.,ast_9ea926bd721a,A112667001,not_checked,,,,,,,
asset_master,review,asset_field_change_candidate,,portfolio_region,투자지역,portfolio_region,유럽,,,Review. Some address/physical fields may intentionally differ after geocode/API cleanup.,ast_d6bd6b33e12b,A112668001,not_checked,,,,,,,
asset_master,review,asset_field_change_candidate,,country_code,국내/해외,country_code,OVERSEAS,,,Review. Some address/physical fields may intentionally differ after geocode/API cleanup.,ast_d6bd6b33e12b,A112668001,not_checked,,,,,,,
asset_master,review,asset_field_change_candidate,,business_stage,사업단계,business_stage,개발,,,Review. Some address/physical fields may intentionally differ after geocode/API cleanup.,ast_0bab0f479396,A112669001,pending,,,,,,,
asset_master,review,asset_field_change_candidate,,portfolio_region,투자지역,portfolio_region,대한민국,,,Review. Some address/physical fields may intentionally differ after geocode/API cleanup.,ast_0bab0f479396,A112669001,pending,,,,,,,
asset_master,review,asset_field_change_candidate,,country_code,국내/해외,country_code,KR,,,Review. Some address/physical fields may intentionally differ after geocode/API cleanup.,ast_0bab0f479396,A112669001,pending,,,,,,,
asset_master,review,asset_field_change_candidate,,business_stage,사업단계,business_stage,개발,,,Review. Some address/physical fields may intentionally differ after geocode/API cleanup.,ast_431f0dbd0f1f,A112672001,not_checked,,,,,,,
asset_master,review,asset_field_change_candidate,,portfolio_region,투자지역,portfolio_region,대한민국,,,Review. Some address/physical fields may intentionally differ after geocode/API cleanup.,ast_431f0dbd0f1f,A112672001,not_checked,,,,,,,
asset_master,review,asset_field_change_candidate,,country_code,국내/해외,country_code,KR,,,Review. Some address/physical fields may intentionally differ after geocode/API cleanup.,ast_431f0dbd0f1f,A112672001,not_checked,,,,,,,
asset_master,review,asset_field_change_candidate,,business_stage,사업단계,business_stage,밸류애드,,,Review. Some address/physical fields may intentionally differ after geocode/API cleanup.,ast_c73013f20dc6,A112679001,not_checked,,,,,,,
asset_master,review,asset_field_change_candidate,,portfolio_region,투자지역,portfolio_region,대한민국,,,Review. Some address/physical fields may intentionally differ after geocode/API cleanup.,ast_c73013f20dc6,A112679001,not_checked,,,,,,,
asset_master,review,asset_field_change_candidate,,country_code,국내/해외,country_code,KR,,,Review. Some address/physical fields may intentionally differ after geocode/API cleanup.,ast_c73013f20dc6,A112679001,not_checked,,,,,,,
asset_master,review,asset_field_change_candidate,,business_stage,사업단계,business_stage,밸류애드,,,Review. Some address/physical fields may intentionally differ after geocode/API cleanup.,ast_9ecfbd60d856,A112680001,found,BldRgstHubService.getBrTitleInfo,,,,,,
asset_master,review,asset_field_change_candidate,,portfolio_region,투자지역,portfolio_region,대한민국,,,Review. Some address/physical fields may intentionally differ after geocode/API cleanup.,ast_9ecfbd60d856,A112680001,found,BldRgstHubService.getBrTitleInfo,,,,,,
asset_master,review,asset_field_change_candidate,,site_area,토지면적(㎡),site_area,,25757,,Physical fields may be API-enriched. Review provenance before overwriting.,ast_9ecfbd60d856,A112680001,found,BldRgstHubService.getBrTitleInfo,,,,,,
asset_master,review,asset_field_change_candidate,,business_stage,사업단계,business_stage,밸류애드,,,Review. Some address/physical fields may intentionally differ after geocode/API cleanup.,ast_e3a8955cec50,A112682001,not_checked,,,,,,,
asset_master,review,asset_field_change_candidate,,portfolio_region,투자지역,portfolio_region,대한민국,,,Review. Some address/physical fields may intentionally differ after geocode/API cleanup.,ast_e3a8955cec50,A112682001,not_checked,,,,,,,
asset_master,review,asset_field_change_candidate,,country_code,국내/해외,country_code,KR,,,Review. Some address/physical fields may intentionally differ after geocode/API cleanup.,ast_e3a8955cec50,A112682001,not_checked,,,,,,,
asset_master,review,asset_field_change_candidate,,address_text,"전체주소(시/도, 구/군 포함)",address_text,울산광역시 남구 신항로716번길 1(황성동),황성동 830,,Review. Some address/physical fields may intentionally differ after geocode/API cleanup.,ast_c644d28176a4,A112687001,found,BldRgstHubService.getBrTitleInfo,,,,,,
asset_master,review,asset_field_change_candidate,,portfolio_region,투자지역,portfolio_region,대한민국,,,Review. Some address/physical fields may intentionally differ after geocode/API cleanup.,ast_c644d28176a4,A112687001,found,BldRgstHubService.getBrTitleInfo,,,,,,
asset_master,review,asset_field_change_candidate,,gross_floor_area,연면적(m²),gross_floor_area,,7113,,Physical fields may be API-enriched. Review provenance before overwriting.,ast_c644d28176a4,A112687001,found,BldRgstHubService.getBrTitleInfo,,,,,,
asset_master,review,asset_field_change_candidate,,site_area,토지면적(㎡),site_area,,0,,Physical fields may be API-enriched. Review provenance before overwriting.,ast_c644d28176a4,A112687001,found,BldRgstHubService.getBrTitleInfo,,,,,,
asset_master,review,asset_field_change_candidate,,completion_date,준공(예정)일,completion_date,,2009-05-15,,Review. Some address/physical fields may intentionally differ after geocode/API cleanup.,ast_c644d28176a4,A112687001,found,BldRgstHubService.getBrTitleInfo,,,,,,
asset_master,review,asset_field_change_candidate,,parking,주차대수,parking,,옥내 0 / 옥외 0,,Review. Some address/physical fields may intentionally differ after geocode/API cleanup.,ast_c644d28176a4,A112687001,found,BldRgstHubService.getBrTitleInfo,,,,,,
asset_master,review,asset_field_change_candidate,,business_stage,사업단계,business_stage,운영/실물,,,Review. Some address/physical fields may intentionally differ after geocode/API cleanup.,ast_a98062ccc3a8,A112690001,found,BldRgstHubService.getBrTitleInfo,,,,,,
asset_master,review,asset_field_change_candidate,,portfolio_region,투자지역,portfolio_region,대한민국,,,Review. Some address/physical fields may intentionally differ after geocode/API cleanup.,ast_a98062ccc3a8,A112690001,found,BldRgstHubService.getBrTitleInfo,,,,,,
asset_master,review,asset_field_change_candidate,,site_area,토지면적(㎡),site_area,,3828,,Physical fields may be API-enriched. Review provenance before overwriting.,ast_a98062ccc3a8,A112690001,found,BldRgstHubService.getBrTitleInfo,,,,,,
asset_master,review,asset_field_change_candidate,,parking,주차대수,parking,,옥내 407 / 옥외 0,,Review. Some address/physical fields may intentionally differ after geocode/API cleanup.,ast_a98062ccc3a8,A112690001,found,BldRgstHubService.getBrTitleInfo,,,,,,
asset_master,review,asset_field_change_candidate,,business_stage,사업단계,business_stage,밸류애드,,,Review. Some address/physical fields may intentionally differ after geocode/API cleanup.,ast_fdc6a46958de,A112693001,not_checked,,,,,,,
asset_master,review,asset_field_change_candidate,,portfolio_region,투자지역,portfolio_region,대한민국,,,Review. Some address/physical fields may intentionally differ after geocode/API cleanup.,ast_fdc6a46958de,A112693001,not_checked,,,,,,,
asset_master,review,asset_field_change_candidate,,country_code,국내/해외,country_code,KR,,,Review. Some address/physical fields may intentionally differ after geocode/API cleanup.,ast_fdc6a46958de,A112693001,not_checked,,,,,,,
asset_master,review,asset_field_change_candidate,,business_stage,사업단계,business_stage,밸류애드,,,Review. Some address/physical fields may intentionally differ after geocode/API cleanup.,ast_7e206e73f6fa,A112694001,not_checked,,,,,,,
asset_master,review,asset_field_change_candidate,,portfolio_region,투자지역,portfolio_region,대한민국,,,Review. Some address/physical fields may intentionally differ after geocode/API cleanup.,ast_7e206e73f6fa,A112694001,not_checked,,,,,,,
asset_master,review,asset_field_change_candidate,,country_code,국내/해외,country_code,KR,,,Review. Some address/physical fields may intentionally differ after geocode/API cleanup.,ast_7e206e73f6fa,A112694001,not_checked,,,,,,,
asset_master,review,asset_field_change_candidate,,business_stage,사업단계,business_stage,운영/실물,,,Review. Some address/physical fields may intentionally differ after geocode/API cleanup.,ast_c28b363f2b5a,A112699001,found,BldRgstHubService.getBrTitleInfo,,,,,,
asset_master,review,asset_field_change_candidate,,portfolio_region,투자지역,portfolio_region,대한민국,,,Review. Some address/physical fields may intentionally differ after geocode/API cleanup.,ast_c28b363f2b5a,A112699001,found,BldRgstHubService.getBrTitleInfo,,,,,,
asset_master,review,asset_field_change_candidate,,country_code,국내/해외,country_code,KR,,,Review. Some address/physical fields may intentionally differ after geocode/API cleanup.,ast_c28b363f2b5a,A112699001,found,BldRgstHubService.getBrTitleInfo,,,,,,
asset_master,review,asset_field_change_candidate,,gross_floor_area,연면적(m²),gross_floor_area,,32055,,Physical fields may be API-enriched. Review provenance before overwriting.,ast_c28b363f2b5a,A112699001,found,BldRgstHubService.getBrTitleInfo,,,,,,
asset_master,review,asset_field_change_candidate,,site_area,토지면적(㎡),site_area,,2525,,Physical fields may be API-enriched. Review provenance before overwriting.,ast_c28b363f2b5a,A112699001,found,BldRgstHubService.getBrTitleInfo,,,,,,
asset_master,review,asset_field_change_candidate,,parking,주차대수,parking,,옥내 305 / 옥외 0,,Review. Some address/physical fields may intentionally differ after geocode/API cleanup.,ast_c28b363f2b5a,A112699001,found,BldRgstHubService.getBrTitleInfo,,,,,,
asset_master,review,asset_field_change_candidate,,business_stage,사업단계,business_stage,운영/실물,,,Review. Some address/physical fields may intentionally differ after geocode/API cleanup.,ast_3b3b6275cb37,A112700001,not_checked,,,,,,,
asset_master,review,asset_field_change_candidate,,portfolio_region,투자지역,portfolio_region,대한민국,,,Review. Some address/physical fields may intentionally differ after geocode/API cleanup.,ast_3b3b6275cb37,A112700001,not_checked,,,,,,,
asset_master,review,asset_field_change_candidate,,country_code,국내/해외,country_code,KR,,,Review. Some address/physical fields may intentionally differ after geocode/API cleanup.,ast_3b3b6275cb37,A112700001,not_checked,,,,,,,
asset_master,review,asset_field_change_candidate,,address_text,"전체주소(시/도, 구/군 포함)",address_text,경기도 안성시 원곡면 칠곡리 941번지,경기도 안성시 원곡면 칠곡리 941,,Review. Some address/physical fields may intentionally differ after geocode/API cleanup.,ast_52adbb346181,A112703001,found,BldRgstHubService.getBrTitleInfo,,,,,,
asset_master,review,asset_field_change_candidate,,business_stage,사업단계,business_stage,운영/실물,,,Review. Some address/physical fields may intentionally differ after geocode/API cleanup.,ast_52adbb346181,A112703001,found,BldRgstHubService.getBrTitleInfo,,,,,,
asset_master,review,asset_field_change_candidate,,portfolio_region,투자지역,portfolio_region,대한민국,,,Review. Some address/physical fields may intentionally differ after geocode/API cleanup.,ast_52adbb346181,A112703001,found,BldRgstHubService.getBrTitleInfo,,,,,,
asset_master,review,asset_field_change_candidate,,site_area,토지면적(㎡),site_area,,0,,Physical fields may be API-enriched. Review provenance before overwriting.,ast_52adbb346181,A112703001,found,BldRgstHubService.getBrTitleInfo,,,,,,
asset_master,review,asset_field_change_candidate,,parking,주차대수,parking,,옥내 0 / 옥외 0,,Review. Some address/physical fields may intentionally differ after geocode/API cleanup.,ast_52adbb346181,A112703001,found,BldRgstHubService.getBrTitleInfo,,,,,,
asset_master,review,asset_field_change_candidate,,business_stage,사업단계,business_stage,개발,,,Review. Some address/physical fields may intentionally differ after geocode/API cleanup.,ast_0011c54227b4,A112704001,not_checked,,,,,,,
asset_master,review,asset_field_change_candidate,,portfolio_region,투자지역,portfolio_region,대한민국,,,Review. Some address/physical fields may intentionally differ after geocode/API cleanup.,ast_0011c54227b4,A112704001,not_checked,,,,,,,
asset_master,review,asset_field_change_candidate,,canonical_name,자산(건물)명,canonical_name,캐나다 물류중개업체 인수 관련 국내 SPC 대출채권,캐나다 물류중개업체 인수 관련 국내 SPC,,Review. Some address/physical fields may intentionally differ after geocode/API cleanup.,ast_f2586dff03b4,A112708001,found,BldRgstHubService.getBrTitleInfo,,,,,,
asset_master,review,asset_field_change_candidate,,portfolio_region,투자지역,portfolio_region,대한민국,,,Review. Some address/physical fields may intentionally differ after geocode/API cleanup.,ast_f2586dff03b4,A112708001,found,BldRgstHubService.getBrTitleInfo,,,,,,
asset_master,review,asset_field_change_candidate,,gross_floor_area,연면적(m²),gross_floor_area,,236869,,Physical fields may be API-enriched. Review provenance before overwriting.,ast_f2586dff03b4,A112708001,found,BldRgstHubService.getBrTitleInfo,,,,,,
asset_master,review,asset_field_change_candidate,,site_area,토지면적(㎡),site_area,,0,,Physical fields may be API-enriched. Review provenance before overwriting.,ast_f2586dff03b4,A112708001,found,BldRgstHubService.getBrTitleInfo,,,,,,
asset_master,review,asset_field_change_candidate,,completion_date,준공(예정)일,completion_date,,1989-11-03,,Review. Some address/physical fields may intentionally differ after geocode/API cleanup.,ast_f2586dff03b4,A112708001,found,BldRgstHubService.getBrTitleInfo,,,,,,
asset_master,review,asset_field_change_candidate,,portfolio_region,투자지역,portfolio_region,대한민국,,,Review. Some address/physical fields may intentionally differ after geocode/API cleanup.,ast_64ee5ce858e3,A112709001,not_checked,,,,,,,
asset_master,review,asset_field_change_candidate,,portfolio_region,투자지역,portfolio_region,대한민국,,,Review. Some address/physical fields may intentionally differ after geocode/API cleanup.,ast_7ff36ba40390,A112709002,not_checked,,,,,,,
asset_master,review,asset_field_change_candidate,,portfolio_region,투자지역,portfolio_region,대한민국,,,Review. Some address/physical fields may intentionally differ after geocode/API cleanup.,ast_62198587b5d3,A112709003,not_checked,,,,,,,
asset_master,review,asset_field_change_candidate,,portfolio_region,투자지역,portfolio_region,대한민국,,,Review. Some address/physical fields may intentionally differ after geocode/API cleanup.,ast_c638ee6122ee,A112710001,not_checked,,,,,,,
asset_master,review,asset_field_change_candidate,,portfolio_region,투자지역,portfolio_region,북미,,,Review. Some address/physical fields may intentionally differ after geocode/API cleanup.,ast_4eb70494f0e5,A112718001,not_checked,,,,,,,
asset_master,review,asset_field_change_candidate,,country_code,국내/해외,country_code,OVERSEAS,,,Review. Some address/physical fields may intentionally differ after geocode/API cleanup.,ast_4eb70494f0e5,A112718001,not_checked,,,,,,,
asset_master,review,asset_field_change_candidate,,parking,주차대수,parking,1092,,,Review. Some address/physical fields may intentionally differ after geocode/API cleanup.,ast_4eb70494f0e5,A112718001,not_checked,,,,,,,
asset_master,review,asset_field_change_candidate,,business_stage,사업단계,business_stage,개발,,,Review. Some address/physical fields may intentionally differ after geocode/API cleanup.,ast_60101a85f070,A112719001,pending,,,,,,,
asset_master,review,asset_field_change_candidate,,portfolio_region,투자지역,portfolio_region,대한민국,,,Review. Some address/physical fields may intentionally differ after geocode/API cleanup.,ast_60101a85f070,A112719001,pending,,,,,,,
asset_master,review,asset_field_change_candidate,,canonical_name,자산(건물)명,canonical_name,부천카스퀘어담보대출,부천카스퀘어,,Review. Some address/physical fields may intentionally differ after geocode/API cleanup.,ast_2235d1489ae1,A112720001,found,BldRgstHubService.getBrTitleInfo,,,,,,
asset_master,review,asset_field_change_candidate,,business_stage,사업단계,business_stage,특수상황,,,Review. Some address/physical fields may intentionally differ after geocode/API cleanup.,ast_2235d1489ae1,A112720001,found,BldRgstHubService.getBrTitleInfo,,,,,,
asset_master,review,asset_field_change_candidate,,portfolio_region,투자지역,portfolio_region,대한민국,,,Review. Some address/physical fields may intentionally differ after geocode/API cleanup.,ast_2235d1489ae1,A112720001,found,BldRgstHubService.getBrTitleInfo,,,,,,
asset_master,review,asset_field_change_candidate,,gross_floor_area,연면적(m²),gross_floor_area,,87314,,Physical fields may be API-enriched. Review provenance before overwriting.,ast_2235d1489ae1,A112720001,found,BldRgstHubService.getBrTitleInfo,,,,,,
asset_master,review,asset_field_change_candidate,,site_area,토지면적(㎡),site_area,,13330,,Physical fields may be API-enriched. Review provenance before overwriting.,ast_2235d1489ae1,A112720001,found,BldRgstHubService.getBrTitleInfo,,,,,,
asset_master,review,asset_field_change_candidate,,completion_date,준공(예정)일,completion_date,,2016-06-30,,Review. Some address/physical fields may intentionally differ after geocode/API cleanup.,ast_2235d1489ae1,A112720001,found,BldRgstHubService.getBrTitleInfo,,,,,,
asset_master,review,asset_field_change_candidate,,parking,주차대수,parking,,옥내 482 / 옥외 39,,Review. Some address/physical fields may intentionally differ after geocode/API cleanup.,ast_2235d1489ae1,A112720001,found,BldRgstHubService.getBrTitleInfo,,,,,,
asset_master,review,asset_field_change_candidate,,business_stage,사업단계,business_stage,운영/실물,,,Review. Some address/physical fields may intentionally differ after geocode/API cleanup.,ast_cc2317cd4c2a,A112721001,found,BldRgstHubService.getBrTitleInfo,,,,,,
asset_master,review,asset_field_change_candidate,,portfolio_region,투자지역,portfolio_region,대한민국,,,Review. Some address/physical fields may intentionally differ after geocode/API cleanup.,ast_cc2317cd4c2a,A112721001,found,BldRgstHubService.getBrTitleInfo,,,,,,
asset_master,review,asset_field_change_candidate,,country_code,국내/해외,country_code,KR,,,Review. Some address/physical fields may intentionally differ after geocode/API cleanup.,ast_cc2317cd4c2a,A112721001,found,BldRgstHubService.getBrTitleInfo,,,,,,
asset_master,review,asset_field_change_candidate,,site_area,토지면적(㎡),site_area,,54193,,Physical fields may be API-enriched. Review provenance before overwriting.,ast_cc2317cd4c2a,A112721001,found,BldRgstHubService.getBrTitleInfo,,,,,,
asset_master,review,asset_field_change_candidate,,parking,주차대수,parking,,옥내 1093 / 옥외 30,,Review. Some address/physical fields may intentionally differ after geocode/API cleanup.,ast_cc2317cd4c2a,A112721001,found,BldRgstHubService.getBrTitleInfo,,,,,,
asset_master,review,asset_field_change_candidate,,portfolio_region,투자지역,portfolio_region,대한민국,,,Review. Some address/physical fields may intentionally differ after geocode/API cleanup.,ast_f812fe4f71e8,A112722001,not_checked,,,,,,,
asset_master,review,asset_field_change_candidate,,country_code,국내/해외,country_code,KR,,,Review. Some address/physical fields may intentionally differ after geocode/API cleanup.,ast_f812fe4f71e8,A112722001,not_checked,,,,,,,
asset_master,review,asset_field_change_candidate,,portfolio_region,투자지역,portfolio_region,북미,,,Review. Some address/physical fields may intentionally differ after geocode/API cleanup.,ast_86956579cab9,A112739001,not_checked,,,,,,,
asset_master,review,asset_field_change_candidate,,country_code,국내/해외,country_code,OVERSEAS,,,Review. Some address/physical fields may intentionally differ after geocode/API cleanup.,ast_86956579cab9,A112739001,not_checked,,,,,,,
asset_master,review,asset_field_change_candidate,,portfolio_region,투자지역,portfolio_region,대한민국,,,Review. Some address/physical fields may intentionally differ after geocode/API cleanup.,ast_751de8bd6b77,A112740001,not_checked,,,,,,,
asset_master,review,asset_field_change_candidate,,portfolio_region,투자지역,portfolio_region,대한민국,,,Review. Some address/physical fields may intentionally differ after geocode/API cleanup.,ast_62dfd826ce2e,A112744001,not_checked,,,,,,,
asset_master,review,asset_field_change_candidate,,country_code,국내/해외,country_code,KR,,,Review. Some address/physical fields may intentionally differ after geocode/API cleanup.,ast_62dfd826ce2e,A112744001,not_checked,,,,,,,
asset_master,review,asset_field_change_candidate,,business_stage,사업단계,business_stage,개발,,,Review. Some address/physical fields may intentionally differ after geocode/API cleanup.,ast_512881449c97,A112748001,pending,,,,,,,
asset_master,review,asset_field_change_candidate,,portfolio_region,투자지역,portfolio_region,대한민국,,,Review. Some address/physical fields may intentionally differ after geocode/API cleanup.,ast_512881449c97,A112748001,pending,,,,,,,
asset_master,review,asset_field_change_candidate,,country_code,국내/해외,country_code,KR,,,Review. Some address/physical fields may intentionally differ after geocode/API cleanup.,ast_512881449c97,A112748001,pending,,,,,,,
asset_master,review,asset_field_change_candidate,,business_stage,사업단계,business_stage,운영/실물,,,Review. Some address/physical fields may intentionally differ after geocode/API cleanup.,ast_ee89bc12bfd3,A112751001,found,BldRgstHubService.getBrTitleInfo,,,,,,
asset_master,review,asset_field_change_candidate,,portfolio_region,투자지역,portfolio_region,대한민국,,,Review. Some address/physical fields may intentionally differ after geocode/API cleanup.,ast_ee89bc12bfd3,A112751001,found,BldRgstHubService.getBrTitleInfo,,,,,,
asset_master,review,asset_field_change_candidate,,site_area,토지면적(㎡),site_area,,54193,,Physical fields may be API-enriched. Review provenance before overwriting.,ast_ee89bc12bfd3,A112751001,found,BldRgstHubService.getBrTitleInfo,,,,,,
asset_master,review,asset_field_change_candidate,,parking,주차대수,parking,,옥내 1093 / 옥외 30,,Review. Some address/physical fields may intentionally differ after geocode/API cleanup.,ast_ee89bc12bfd3,A112751001,found,BldRgstHubService.getBrTitleInfo,,,,,,
asset_master,review,asset_field_change_candidate,,business_stage,사업단계,business_stage,운영/실물,,,Review. Some address/physical fields may intentionally differ after geocode/API cleanup.,ast_9493e4e1b242,A112755001,found,BldRgstHubService.getBrTitleInfo,,,,,,
asset_master,review,asset_field_change_candidate,,portfolio_region,투자지역,portfolio_region,대한민국,,,Review. Some address/physical fields may intentionally differ after geocode/API cleanup.,ast_9493e4e1b242,A112755001,found,BldRgstHubService.getBrTitleInfo,,,,,,
asset_master,review,asset_field_change_candidate,,site_area,토지면적(㎡),site_area,,47029,,Physical fields may be API-enriched. Review provenance before overwriting.,ast_9493e4e1b242,A112755001,found,BldRgstHubService.getBrTitleInfo,,,,,,
asset_master,review,asset_field_change_candidate,,parking,주차대수,parking,,옥내 0 / 옥외 185,,Review. Some address/physical fields may intentionally differ after geocode/API cleanup.,ast_9493e4e1b242,A112755001,found,BldRgstHubService.getBrTitleInfo,,,,,,
asset_master,review,asset_field_change_candidate,,portfolio_region,투자지역,portfolio_region,대한민국,,,Review. Some address/physical fields may intentionally differ after geocode/API cleanup.,ast_922b652f9355,A112756001,not_checked,,,,,,,
asset_master,review,asset_field_change_candidate,,country_code,국내/해외,country_code,혼합,,,Review. Some address/physical fields may intentionally differ after geocode/API cleanup.,ast_922b652f9355,A112756001,not_checked,,,,,,,
asset_master,review,asset_field_change_candidate,,portfolio_region,투자지역,portfolio_region,대한민국,,,Review. Some address/physical fields may intentionally differ after geocode/API cleanup.,ast_ada848d413b9,A112763001,not_checked,,,,,,,
asset_master,review,asset_field_change_candidate,,portfolio_region,투자지역,portfolio_region,대한민국,,,Review. Some address/physical fields may intentionally differ after geocode/API cleanup.,ast_636fb46b115d,A112774001,not_checked,,,,,,,
asset_master,review,asset_field_change_candidate,,business_stage,사업단계,business_stage,운영/실물,,,Review. Some address/physical fields may intentionally differ after geocode/API cleanup.,ast_3378eefd074e,A112778001,found,BldRgstHubService.getBrTitleInfo,,,,,,
asset_master,review,asset_field_change_candidate,,portfolio_region,투자지역,portfolio_region,대한민국,,,Review. Some address/physical fields may intentionally differ after geocode/API cleanup.,ast_3378eefd074e,A112778001,found,BldRgstHubService.getBrTitleInfo,,,,,,
asset_master,review,asset_field_change_candidate,,gross_floor_area,연면적(m²),gross_floor_area,,36207500,,Physical fields may be API-enriched. Review provenance before overwriting.,ast_3378eefd074e,A112778001,found,BldRgstHubService.getBrTitleInfo,,,,,,
asset_master,review,asset_field_change_candidate,,site_area,토지면적(㎡),site_area,,1988,,Physical fields may be API-enriched. Review provenance before overwriting.,ast_3378eefd074e,A112778001,found,BldRgstHubService.getBrTitleInfo,,,,,,
asset_master,review,asset_field_change_candidate,,completion_date,준공(예정)일,completion_date,,2009-03-02,,Review. Some address/physical fields may intentionally differ after geocode/API cleanup.,ast_3378eefd074e,A112778001,found,BldRgstHubService.getBrTitleInfo,,,,,,
asset_master,review,asset_field_change_candidate,,parking,주차대수,parking,,옥내 278 / 옥외 0,,Review. Some address/physical fields may intentionally differ after geocode/API cleanup.,ast_3378eefd074e,A112778001,found,BldRgstHubService.getBrTitleInfo,,,,,,
asset_master,review,asset_field_change_candidate,,portfolio_region,투자지역,portfolio_region,대한민국,,,Review. Some address/physical fields may intentionally differ after geocode/API cleanup.,ast_64e52adcf2aa,A112781001,not_checked,,,,,,,
asset_master,review,asset_field_change_candidate,,country_code,국내/해외,country_code,KR,,,Review. Some address/physical fields may intentionally differ after geocode/API cleanup.,ast_64e52adcf2aa,A112781001,not_checked,,,,,,,
asset_master,review,asset_field_change_candidate,,portfolio_region,투자지역,portfolio_region,대한민국,,,Review. Some address/physical fields may intentionally differ after geocode/API cleanup.,ast_3f8a65592274,A112782001,not_checked,,,,,,,
asset_master,review,asset_field_change_candidate,,business_stage,사업단계,business_stage,운영/실물,,,Review. Some address/physical fields may intentionally differ after geocode/API cleanup.,ast_0098d2fecd62,A112785001,found,BldRgstHubService.getBrTitleInfo,,,,,,
asset_master,review,asset_field_change_candidate,,portfolio_region,투자지역,portfolio_region,대한민국,,,Review. Some address/physical fields may intentionally differ after geocode/API cleanup.,ast_0098d2fecd62,A112785001,found,BldRgstHubService.getBrTitleInfo,,,,,,
asset_master,review,asset_field_change_candidate,,site_area,토지면적(㎡),site_area,,4268,,Physical fields may be API-enriched. Review provenance before overwriting.,ast_0098d2fecd62,A112785001,found,BldRgstHubService.getBrTitleInfo,,,,,,
asset_master,review,asset_field_change_candidate,,parking,주차대수,parking,,옥내 49 / 옥외 19,,Review. Some address/physical fields may intentionally differ after geocode/API cleanup.,ast_0098d2fecd62,A112785001,found,BldRgstHubService.getBrTitleInfo,,,,,,
asset_master,review,asset_field_change_candidate,,portfolio_region,투자지역,portfolio_region,글로벌,,,Review. Some address/physical fields may intentionally differ after geocode/API cleanup.,ast_4d5bc767dcc2,A112790001,not_checked,,,,,,,
asset_master,review,asset_field_change_candidate,,country_code,국내/해외,country_code,OVERSEAS,,,Review. Some address/physical fields may intentionally differ after geocode/API cleanup.,ast_4d5bc767dcc2,A112790001,not_checked,,,,,,,
asset_master,review,asset_field_change_candidate,,portfolio_region,투자지역,portfolio_region,글로벌,,,Review. Some address/physical fields may intentionally differ after geocode/API cleanup.,ast_136a3a7abf72,A112795001,not_checked,,,,,,,
asset_master,review,asset_field_change_candidate,,country_code,국내/해외,country_code,OVERSEAS,,,Review. Some address/physical fields may intentionally differ after geocode/API cleanup.,ast_136a3a7abf72,A112795001,not_checked,,,,,,,
asset_master,review,asset_field_change_candidate,,portfolio_region,투자지역,portfolio_region,대한민국,,,Review. Some address/physical fields may intentionally differ after geocode/API cleanup.,ast_c90a7683fe0a,A112798001,not_checked,,,,,,,
asset_master,review,asset_field_change_candidate,,business_stage,사업단계,business_stage,개발,,,Review. Some address/physical fields may intentionally differ after geocode/API cleanup.,ast_064b41e30c94,A112802001,pending,,,,,,,
asset_master,review,asset_field_change_candidate,,portfolio_region,투자지역,portfolio_region,대한민국,,,Review. Some address/physical fields may intentionally differ after geocode/API cleanup.,ast_064b41e30c94,A112802001,pending,,,,,,,
asset_master,review,asset_field_change_candidate,,portfolio_region,투자지역,portfolio_region,유럽,,,Review. Some address/physical fields may intentionally differ after geocode/API cleanup.,ast_484614a2c1b3,A112803001,not_checked,,,,,,,
asset_master,review,asset_field_change_candidate,,country_code,국내/해외,country_code,OVERSEAS,,,Review. Some address/physical fields may intentionally differ after geocode/API cleanup.,ast_484614a2c1b3,A112803001,not_checked,,,,,,,
asset_master,review,asset_field_change_candidate,,business_stage,사업단계,business_stage,운영/실물,,,Review. Some address/physical fields may intentionally differ after geocode/API cleanup.,ast_7eff2061d2c1,A120008001,not_checked,,,,,,,
asset_master,review,asset_field_change_candidate,,portfolio_region,투자지역,portfolio_region,대한민국,,,Review. Some address/physical fields may intentionally differ after geocode/API cleanup.,ast_7eff2061d2c1,A120008001,not_checked,,,,,,,
asset_master,review,asset_field_change_candidate,,business_stage,사업단계,business_stage,운영/실물,,,Review. Some address/physical fields may intentionally differ after geocode/API cleanup.,ast_74c87d399577,A120017001,not_checked,,,,,,,
asset_master,review,asset_field_change_candidate,,portfolio_region,투자지역,portfolio_region,대한민국,,,Review. Some address/physical fields may intentionally differ after geocode/API cleanup.,ast_74c87d399577,A120017001,not_checked,,,,,,,
asset_master,review,asset_field_change_candidate,,business_stage,사업단계,business_stage,개발,,,Review. Some address/physical fields may intentionally differ after geocode/API cleanup.,ast_7aa7a870d57d,A120018001,pending,,,,,,,
asset_master,review,asset_field_change_candidate,,portfolio_region,투자지역,portfolio_region,대한민국,,,Review. Some address/physical fields may intentionally differ after geocode/API cleanup.,ast_7aa7a870d57d,A120018001,pending,,,,,,,
asset_master,review,asset_field_change_candidate,,business_stage,사업단계,business_stage,개발,,,Review. Some address/physical fields may intentionally differ after geocode/API cleanup.,ast_d4856ef88820,A120022001,not_checked,,,,,,,
asset_master,review,asset_field_change_candidate,,portfolio_region,투자지역,portfolio_region,대한민국,,,Review. Some address/physical fields may intentionally differ after geocode/API cleanup.,ast_d4856ef88820,A120022001,not_checked,,,,,,,
asset_master,review,asset_field_change_candidate,,country_code,국내/해외,country_code,KR,,,Review. Some address/physical fields may intentionally differ after geocode/API cleanup.,ast_d4856ef88820,A120022001,not_checked,,,,,,,
asset_master,review,asset_field_change_candidate,,business_stage,사업단계,business_stage,개발,,,Review. Some address/physical fields may intentionally differ after geocode/API cleanup.,ast_8ceaed1817c5,A120022002,not_checked,,,,,,,
asset_master,review,asset_field_change_candidate,,portfolio_region,투자지역,portfolio_region,대한민국,,,Review. Some address/physical fields may intentionally differ after geocode/API cleanup.,ast_8ceaed1817c5,A120022002,not_checked,,,,,,,
asset_master,review,asset_field_change_candidate,,business_stage,사업단계,business_stage,개발,,,Review. Some address/physical fields may intentionally differ after geocode/API cleanup.,ast_11eaa23e7e07,A120023001,found,BldRgstHubService.getBrTitleInfo,,,,,,
asset_master,review,asset_field_change_candidate,,portfolio_region,투자지역,portfolio_region,대한민국,,,Review. Some address/physical fields may intentionally differ after geocode/API cleanup.,ast_11eaa23e7e07,A120023001,found,BldRgstHubService.getBrTitleInfo,,,,,,
asset_master,review,asset_field_change_candidate,,site_area,토지면적(㎡),site_area,,0,,Physical fields may be API-enriched. Review provenance before overwriting.,ast_11eaa23e7e07,A120023001,found,BldRgstHubService.getBrTitleInfo,,,,,,
asset_master,review,asset_field_change_candidate,,parking,주차대수,parking,,옥내 0 / 옥외 0,,Review. Some address/physical fields may intentionally differ after geocode/API cleanup.,ast_11eaa23e7e07,A120023001,found,BldRgstHubService.getBrTitleInfo,,,,,,
asset_master,review,asset_field_change_candidate,,business_stage,사업단계,business_stage,개발,,,Review. Some address/physical fields may intentionally differ after geocode/API cleanup.,ast_e57ce277323d,A120037001,not_checked,,,,,,,
asset_master,review,asset_field_change_candidate,,portfolio_region,투자지역,portfolio_region,대한민국,,,Review. Some address/physical fields may intentionally differ after geocode/API cleanup.,ast_e57ce277323d,A120037001,not_checked,,,,,,,
asset_master,review,asset_field_change_candidate,,business_stage,사업단계,business_stage,개발,,,Review. Some address/physical fields may intentionally differ after geocode/API cleanup.,ast_51a8d2035467,A120038001,pending,,,,,,,
asset_master,review,asset_field_change_candidate,,portfolio_region,투자지역,portfolio_region,대한민국,,,Review. Some address/physical fields may intentionally differ after geocode/API cleanup.,ast_51a8d2035467,A120038001,pending,,,,,,,
asset_master,review,asset_field_change_candidate,,business_stage,사업단계,business_stage,특수상황,,,Review. Some address/physical fields may intentionally differ after geocode/API cleanup.,ast_d1def35b1c12,A120039001,not_checked,,,,,,,
asset_master,review,asset_field_change_candidate,,portfolio_region,투자지역,portfolio_region,대한민국,,,Review. Some address/physical fields may intentionally differ after geocode/API cleanup.,ast_d1def35b1c12,A120039001,not_checked,,,,,,,
asset_master,review,asset_field_change_candidate,,business_stage,사업단계,business_stage,개발,,,Review. Some address/physical fields may intentionally differ after geocode/API cleanup.,ast_ac86e3c795d0,A120044001,not_checked,,,,,,,
asset_master,review,asset_field_change_candidate,,portfolio_region,투자지역,portfolio_region,대한민국,,,Review. Some address/physical fields may intentionally differ after geocode/API cleanup.,ast_ac86e3c795d0,A120044001,not_checked,,,,,,,
asset_master,review,asset_field_change_candidate,,business_stage,사업단계,business_stage,개발,,,Review. Some address/physical fields may intentionally differ after geocode/API cleanup.,ast_71252a1db077,A120049001,pending,,,,,,,
asset_master,review,asset_field_change_candidate,,portfolio_region,투자지역,portfolio_region,대한민국,,,Review. Some address/physical fields may intentionally differ after geocode/API cleanup.,ast_71252a1db077,A120049001,pending,,,,,,,
asset_master,review,asset_field_change_candidate,,business_stage,사업단계,business_stage,개발,,,Review. Some address/physical fields may intentionally differ after geocode/API cleanup.,ast_53985b2bb7f9,A120050001,not_checked,,,,,,,
asset_master,review,asset_field_change_candidate,,portfolio_region,투자지역,portfolio_region,대한민국,,,Review. Some address/physical fields may intentionally differ after geocode/API cleanup.,ast_53985b2bb7f9,A120050001,not_checked,,,,,,,
asset_master,review,asset_field_change_candidate,,portfolio_region,투자지역,portfolio_region,대한민국,,,Review. Some address/physical fields may intentionally differ after geocode/API cleanup.,ast_fa4bc636d98d,A120056001,not_checked,,,,,,,
asset_master,review,asset_field_change_candidate,,country_code,국내/해외,country_code,KR,,,Review. Some address/physical fields may intentionally differ after geocode/API cleanup.,ast_fa4bc636d98d,A120056001,not_checked,,,,,,,
asset_master,review,asset_field_change_candidate,,business_stage,사업단계,business_stage,특수상황,,,Review. Some address/physical fields may intentionally differ after geocode/API cleanup.,ast_92f8a9036c31,A120056002,not_checked,,,,,,,
asset_master,review,asset_field_change_candidate,,portfolio_region,투자지역,portfolio_region,대한민국,,,Review. Some address/physical fields may intentionally differ after geocode/API cleanup.,ast_92f8a9036c31,A120056002,not_checked,,,,,,,
asset_master,review,asset_field_change_candidate,,country_code,국내/해외,country_code,KR,,,Review. Some address/physical fields may intentionally differ after geocode/API cleanup.,ast_92f8a9036c31,A120056002,not_checked,,,,,,,
asset_master,review,asset_field_change_candidate,,business_stage,사업단계,business_stage,특수상황,,,Review. Some address/physical fields may intentionally differ after geocode/API cleanup.,ast_720898f0f98d,A120056003,not_checked,,,,,,,
asset_master,review,asset_field_change_candidate,,portfolio_region,투자지역,portfolio_region,대한민국,,,Review. Some address/physical fields may intentionally differ after geocode/API cleanup.,ast_720898f0f98d,A120056003,not_checked,,,,,,,
asset_master,review,asset_field_change_candidate,,country_code,국내/해외,country_code,KR,,,Review. Some address/physical fields may intentionally differ after geocode/API cleanup.,ast_720898f0f98d,A120056003,not_checked,,,,,,,
asset_master,review,asset_field_change_candidate,,portfolio_region,투자지역,portfolio_region,대한민국,,,Review. Some address/physical fields may intentionally differ after geocode/API cleanup.,ast_d148de771db5,A120057001,not_checked,,,,,,,
asset_master,review,asset_field_change_candidate,,country_code,국내/해외,country_code,KR,,,Review. Some address/physical fields may intentionally differ after geocode/API cleanup.,ast_d148de771db5,A120057001,not_checked,,,,,,,
asset_master,review,asset_field_change_candidate,,canonical_name,자산(건물)명,canonical_name,서울 서초구 반포동 64-1번지 일원 개발사업장 브릿지대출,서울 서초구 반포동 64-1번지 일원 개발사업장 브릿지,,Review. Some address/physical fields may intentionally differ after geocode/API cleanup.,ast_5eb6a1cf88bd,A120059001,pending,,,,,,,
asset_master,review,asset_field_change_candidate,,business_stage,사업단계,business_stage,특수상황,,,Review. Some address/physical fields may intentionally differ after geocode/API cleanup.,ast_5eb6a1cf88bd,A120059001,pending,,,,,,,
asset_master,review,asset_field_change_candidate,,portfolio_region,투자지역,portfolio_region,대한민국,,,Review. Some address/physical fields may intentionally differ after geocode/API cleanup.,ast_5eb6a1cf88bd,A120059001,pending,,,,,,,
asset_master,review,asset_field_change_candidate,,business_stage,사업단계,business_stage,개발,,,Review. Some address/physical fields may intentionally differ after geocode/API cleanup.,ast_1e6db3434a24,A120062001,pending,,,,,,,
asset_master,review,asset_field_change_candidate,,portfolio_region,투자지역,portfolio_region,대한민국,,,Review. Some address/physical fields may intentionally differ after geocode/API cleanup.,ast_1e6db3434a24,A120062001,pending,,,,,,,
asset_master,review,asset_field_change_candidate,,country_code,국내/해외,country_code,KR,,,Review. Some address/physical fields may intentionally differ after geocode/API cleanup.,ast_1e6db3434a24,A120062001,pending,,,,,,,
asset_master,review,asset_field_change_candidate,,site_area,토지면적(㎡),site_area,10136,,,Physical fields may be API-enriched. Review provenance before overwriting.,ast_1e6db3434a24,A120062001,pending,,,,,,,
asset_master,review,asset_field_change_candidate,,business_stage,사업단계,business_stage,운영/실물,,,Review. Some address/physical fields may intentionally differ after geocode/API cleanup.,ast_6df0b80f71d4,A120070001,not_checked,,,,,,,
asset_master,review,asset_field_change_candidate,,portfolio_region,투자지역,portfolio_region,대한민국,,,Review. Some address/physical fields may intentionally differ after geocode/API cleanup.,ast_6df0b80f71d4,A120070001,not_checked,,,,,,,
asset_master,review,asset_field_change_candidate,,country_code,국내/해외,country_code,KR,,,Review. Some address/physical fields may intentionally differ after geocode/API cleanup.,ast_6df0b80f71d4,A120070001,not_checked,,,,,,,
asset_master,review,asset_field_change_candidate,,business_stage,사업단계,business_stage,개발,,,Review. Some address/physical fields may intentionally differ after geocode/API cleanup.,ast_ab7f584e6f30,A120074001,not_checked,,,,,,,
asset_master,review,asset_field_change_candidate,,portfolio_region,투자지역,portfolio_region,대한민국,,,Review. Some address/physical fields may intentionally differ after geocode/API cleanup.,ast_ab7f584e6f30,A120074001,not_checked,,,,,,,
asset_master,review,asset_field_change_candidate,,country_code,국내/해외,country_code,KR,,,Review. Some address/physical fields may intentionally differ after geocode/API cleanup.,ast_ab7f584e6f30,A120074001,not_checked,,,,,,,
asset_master,review,asset_field_change_candidate,,site_area,토지면적(㎡),site_area,10340,,,Physical fields may be API-enriched. Review provenance before overwriting.,ast_ab7f584e6f30,A120074001,not_checked,,,,,,,
asset_master,review,asset_field_change_candidate,,parking,주차대수,parking,841,,,Review. Some address/physical fields may intentionally differ after geocode/API cleanup.,ast_ab7f584e6f30,A120074001,not_checked,,,,,,,
asset_master,review,asset_field_change_candidate,,business_stage,사업단계,business_stage,운영/실물,,,Review. Some address/physical fields may intentionally differ after geocode/API cleanup.,ast_30efc1e2c218,A120076001,not_checked,,,,,,,
asset_master,review,asset_field_change_candidate,,portfolio_region,투자지역,portfolio_region,대한민국,,,Review. Some address/physical fields may intentionally differ after geocode/API cleanup.,ast_30efc1e2c218,A120076001,not_checked,,,,,,,
asset_master,review,asset_field_change_candidate,,country_code,국내/해외,country_code,KR,,,Review. Some address/physical fields may intentionally differ after geocode/API cleanup.,ast_30efc1e2c218,A120076001,not_checked,,,,,,,
asset_master,review,asset_field_change_candidate,,business_stage,사업단계,business_stage,운영/실물,,,Review. Some address/physical fields may intentionally differ after geocode/API cleanup.,ast_9c85ee271a7f,A120081001,not_checked,,,,,,,
asset_master,review,asset_field_change_candidate,,portfolio_region,투자지역,portfolio_region,대한민국,,,Review. Some address/physical fields may intentionally differ after geocode/API cleanup.,ast_9c85ee271a7f,A120081001,not_checked,,,,,,,
asset_master,review,asset_field_change_candidate,,country_code,국내/해외,country_code,KR,,,Review. Some address/physical fields may intentionally differ after geocode/API cleanup.,ast_9c85ee271a7f,A120081001,not_checked,,,,,,,
asset_master,review,asset_field_change_candidate,,business_stage,사업단계,business_stage,운영/실물,,,Review. Some address/physical fields may intentionally differ after geocode/API cleanup.,ast_0555a6694264,A120084001,not_checked,,,,,,,
asset_master,review,asset_field_change_candidate,,portfolio_region,투자지역,portfolio_region,대한민국,,,Review. Some address/physical fields may intentionally differ after geocode/API cleanup.,ast_0555a6694264,A120084001,not_checked,,,,,,,
asset_master,review,asset_field_change_candidate,,country_code,국내/해외,country_code,KR,,,Review. Some address/physical fields may intentionally differ after geocode/API cleanup.,ast_0555a6694264,A120084001,not_checked,,,,,,,
asset_master,review,asset_field_change_candidate,,address_text,"전체주소(시/도, 구/군 포함)",address_text,경상북도 경산시 진량읍 문천리 903번지 (경산4일반산업단지내지원시설부지),경상북도 경산시 진량읍 문천리 903,,Review. Some address/physical fields may intentionally differ after geocode/API cleanup.,ast_616c3d79da75,A120085001,found,BldRgstHubService.getBrTitleInfo,,,,,,
asset_master,review,asset_field_change_candidate,,business_stage,사업단계,business_stage,운영/실물,,,Review. Some address/physical fields may intentionally differ after geocode/API cleanup.,ast_616c3d79da75,A120085001,found,BldRgstHubService.getBrTitleInfo,,,,,,
asset_master,review,asset_field_change_candidate,,portfolio_region,투자지역,portfolio_region,대한민국,,,Review. Some address/physical fields may intentionally differ after geocode/API cleanup.,ast_616c3d79da75,A120085001,found,BldRgstHubService.getBrTitleInfo,,,,,,
asset_master,review,asset_field_change_candidate,,parking,주차대수,parking,,옥내 419 / 옥외 18,,Review. Some address/physical fields may intentionally differ after geocode/API cleanup.,ast_616c3d79da75,A120085001,found,BldRgstHubService.getBrTitleInfo,,,,,,
asset_master,review,asset_field_change_candidate,,portfolio_region,투자지역,portfolio_region,대한민국,,,Review. Some address/physical fields may intentionally differ after geocode/API cleanup.,ast_bd54043679c9,A120091001,not_checked,,,,,,,
asset_master,review,asset_field_change_candidate,,country_code,국내/해외,country_code,KR,,,Review. Some address/physical fields may intentionally differ after geocode/API cleanup.,ast_bd54043679c9,A120091001,not_checked,,,,,,,
asset_master,review,asset_field_change_candidate,,business_stage,사업단계,business_stage,개발,,,Review. Some address/physical fields may intentionally differ after geocode/API cleanup.,ast_5804290d6389,A120099001,not_checked,,,,,,,
asset_master,review,asset_field_change_candidate,,portfolio_region,투자지역,portfolio_region,대한민국,,,Review. Some address/physical fields may intentionally differ after geocode/API cleanup.,ast_5804290d6389,A120099001,not_checked,,,,,,,
asset_master,review,asset_field_change_candidate,,portfolio_region,투자지역,portfolio_region,대한민국,,,Review. Some address/physical fields may intentionally differ after geocode/API cleanup.,ast_c4abd15d239e,A120101001,found,BldRgstHubService.getBrTitleInfo,,,,,,
asset_master,review,asset_field_change_candidate,,site_area,토지면적(㎡),site_area,,7738,,Physical fields may be API-enriched. Review provenance before overwriting.,ast_c4abd15d239e,A120101001,found,BldRgstHubService.getBrTitleInfo,,,,,,
asset_master,review,asset_field_change_candidate,,completion_date,준공(예정)일,completion_date,,1969-12-08,,Review. Some address/physical fields may intentionally differ after geocode/API cleanup.,ast_c4abd15d239e,A120101001,found,BldRgstHubService.getBrTitleInfo,,,,,,
asset_master,review,asset_field_change_candidate,,parking,주차대수,parking,,옥내 0 / 옥외 97,,Review. Some address/physical fields may intentionally differ after geocode/API cleanup.,ast_c4abd15d239e,A120101001,found,BldRgstHubService.getBrTitleInfo,,,,,,
asset_master,review,asset_field_change_candidate,,business_stage,사업단계,business_stage,개발,,,Review. Some address/physical fields may intentionally differ after geocode/API cleanup.,ast_f13b025966c9,A120102001,not_checked,,,,,,,
asset_master,review,asset_field_change_candidate,,portfolio_region,투자지역,portfolio_region,대한민국,,,Review. Some address/physical fields may intentionally differ after geocode/API cleanup.,ast_f13b025966c9,A120102001,not_checked,,,,,,,
asset_master,review,asset_field_change_candidate,,country_code,국내/해외,country_code,KR,,,Review. Some address/physical fields may intentionally differ after geocode/API cleanup.,ast_f13b025966c9,A120102001,not_checked,,,,,,,
asset_master,review,asset_field_change_candidate,,portfolio_region,투자지역,portfolio_region,대한민국,,,Review. Some address/physical fields may intentionally differ after geocode/API cleanup.,ast_0713581af76f,A120106001,found,BldRgstHubService.getBrTitleInfo,,,,,,
asset_master,review,asset_field_change_candidate,,site_area,토지면적(㎡),site_area,,6938,,Physical fields may be API-enriched. Review provenance before overwriting.,ast_0713581af76f,A120106001,found,BldRgstHubService.getBrTitleInfo,,,,,,
asset_master,review,asset_field_change_candidate,,completion_date,준공(예정)일,completion_date,,2011-06-29,,Review. Some address/physical fields may intentionally differ after geocode/API cleanup.,ast_0713581af76f,A120106001,found,BldRgstHubService.getBrTitleInfo,,,,,,
asset_master,review,asset_field_change_candidate,,parking,주차대수,parking,,옥내 436 / 옥외 0,,Review. Some address/physical fields may intentionally differ after geocode/API cleanup.,ast_0713581af76f,A120106001,found,BldRgstHubService.getBrTitleInfo,,,,,,
asset_master,review,asset_field_change_candidate,,portfolio_region,투자지역,portfolio_region,대한민국,,,Review. Some address/physical fields may intentionally differ after geocode/API cleanup.,ast_65a880c4a803,A120107001,found,BldRgstHubService.getBrTitleInfo,,,,,,
asset_master,review,asset_field_change_candidate,,country_code,국내/해외,country_code,KR,,,Review. Some address/physical fields may intentionally differ after geocode/API cleanup.,ast_65a880c4a803,A120107001,found,BldRgstHubService.getBrTitleInfo,,,,,,
asset_master,review,asset_field_change_candidate,,site_area,토지면적(㎡),site_area,,6938,,Physical fields may be API-enriched. Review provenance before overwriting.,ast_65a880c4a803,A120107001,found,BldRgstHubService.getBrTitleInfo,,,,,,
asset_master,review,asset_field_change_candidate,,completion_date,준공(예정)일,completion_date,,2011-06-29,,Review. Some address/physical fields may intentionally differ after geocode/API cleanup.,ast_65a880c4a803,A120107001,found,BldRgstHubService.getBrTitleInfo,,,,,,
asset_master,review,asset_field_change_candidate,,parking,주차대수,parking,,옥내 436 / 옥외 0,,Review. Some address/physical fields may intentionally differ after geocode/API cleanup.,ast_65a880c4a803,A120107001,found,BldRgstHubService.getBrTitleInfo,,,,,,
asset_master,review,asset_field_change_candidate,,portfolio_region,투자지역,portfolio_region,대한민국,,,Review. Some address/physical fields may intentionally differ after geocode/API cleanup.,ast_004573bcb481,A120119001,pending,,,,,,,
asset_master,review,asset_field_change_candidate,,country_code,국내/해외,country_code,KR,,,Review. Some address/physical fields may intentionally differ after geocode/API cleanup.,ast_004573bcb481,A120119001,pending,,,,,,,
asset_master,review,asset_field_change_candidate,,site_area,토지면적(㎡),site_area,0,,,Physical fields may be API-enriched. Review provenance before overwriting.,ast_004573bcb481,A120119001,pending,,,,,,,
asset_master,review,asset_field_change_candidate,,parking,주차대수,parking,1483,,,Review. Some address/physical fields may intentionally differ after geocode/API cleanup.,ast_004573bcb481,A120119001,pending,,,,,,,
asset_master,review,asset_field_change_candidate,,business_stage,사업단계,business_stage,개발,,,Review. Some address/physical fields may intentionally differ after geocode/API cleanup.,ast_124d02c64658,A190001001,pending,,,,,,,
asset_master,review,asset_field_change_candidate,,portfolio_region,투자지역,portfolio_region,대한민국,,,Review. Some address/physical fields may intentionally differ after geocode/API cleanup.,ast_124d02c64658,A190001001,pending,,,,,,,
asset_master,review,asset_field_change_candidate,,business_stage,사업단계,business_stage,개발,,,Review. Some address/physical fields may intentionally differ after geocode/API cleanup.,ast_0d20df513bd5,A190002001,not_checked,,,,,,,
asset_master,review,asset_field_change_candidate,,portfolio_region,투자지역,portfolio_region,대한민국,,,Review. Some address/physical fields may intentionally differ after geocode/API cleanup.,ast_0d20df513bd5,A190002001,not_checked,,,,,,,
asset_master,review,asset_field_change_candidate,,country_code,국내/해외,country_code,KR,,,Review. Some address/physical fields may intentionally differ after geocode/API cleanup.,ast_0d20df513bd5,A190002001,not_checked,,,,,,,
asset_master,review,asset_field_change_candidate,,business_stage,사업단계,business_stage,개발,,,Review. Some address/physical fields may intentionally differ after geocode/API cleanup.,ast_37df20b9e30d,A190005001,pending,,,,,,,
asset_master,review,asset_field_change_candidate,,portfolio_region,투자지역,portfolio_region,대한민국,,,Review. Some address/physical fields may intentionally differ after geocode/API cleanup.,ast_37df20b9e30d,A190005001,pending,,,,,,,
asset_master,review,asset_field_change_candidate,,business_stage,사업단계,business_stage,개발,,,Review. Some address/physical fields may intentionally differ after geocode/API cleanup.,ast_e88ca660b36b,A190008001,not_checked,,,,,,,
asset_master,review,asset_field_change_candidate,,portfolio_region,투자지역,portfolio_region,대한민국,,,Review. Some address/physical fields may intentionally differ after geocode/API cleanup.,ast_e88ca660b36b,A190008001,not_checked,,,,,,,
asset_master,review,asset_field_change_candidate,,country_code,국내/해외,country_code,KR,,,Review. Some address/physical fields may intentionally differ after geocode/API cleanup.,ast_e88ca660b36b,A190008001,not_checked,,,,,,,
asset_master,review,asset_field_change_candidate,,site_area,토지면적(㎡),site_area,1402,,,Physical fields may be API-enriched. Review provenance before overwriting.,ast_e88ca660b36b,A190008001,not_checked,,,,,,,
asset_master,review,asset_field_change_candidate,,business_stage,사업단계,business_stage,개발,,,Review. Some address/physical fields may intentionally differ after geocode/API cleanup.,ast_475081c32f39,A190009001,found,BldRgstHubService.getBrTitleInfo,,,,,,
asset_master,review,asset_field_change_candidate,,portfolio_region,투자지역,portfolio_region,대한민국,,,Review. Some address/physical fields may intentionally differ after geocode/API cleanup.,ast_475081c32f39,A190009001,found,BldRgstHubService.getBrTitleInfo,,,,,,
asset_master,review,asset_field_change_candidate,,country_code,국내/해외,country_code,KR,,,Review. Some address/physical fields may intentionally differ after geocode/API cleanup.,ast_475081c32f39,A190009001,found,BldRgstHubService.getBrTitleInfo,,,,,,
asset_master,review,asset_field_change_candidate,,completion_date,준공(예정)일,completion_date,,1990-12-31,,Review. Some address/physical fields may intentionally differ after geocode/API cleanup.,ast_475081c32f39,A190009001,found,BldRgstHubService.getBrTitleInfo,,,,,,
asset_master,review,asset_field_change_candidate,,parking,주차대수,parking,"892대(옥내 428대, 옥외464대)",옥내 428 / 옥외 464,,Review. Some address/physical fields may intentionally differ after geocode/API cleanup.,ast_475081c32f39,A190009001,found,BldRgstHubService.getBrTitleInfo,,,,,,
asset_master,review,asset_field_change_candidate,,business_stage,사업단계,business_stage,운영/실물,,,Review. Some address/physical fields may intentionally differ after geocode/API cleanup.,ast_768ab56efe64,A190010001,not_checked,,,,,,,
asset_master,review,asset_field_change_candidate,,portfolio_region,투자지역,portfolio_region,대한민국,,,Review. Some address/physical fields may intentionally differ after geocode/API cleanup.,ast_768ab56efe64,A190010001,not_checked,,,,,,,
asset_master,review,asset_field_change_candidate,,country_code,국내/해외,country_code,KR,,,Review. Some address/physical fields may intentionally differ after geocode/API cleanup.,ast_768ab56efe64,A190010001,not_checked,,,,,,,
asset_master,review,asset_field_change_candidate,,business_stage,사업단계,business_stage,개발,,,Review. Some address/physical fields may intentionally differ after geocode/API cleanup.,ast_deef81e70ae6,A190013001,pending,,,,,,,
asset_master,review,asset_field_change_candidate,,portfolio_region,투자지역,portfolio_region,대한민국,,,Review. Some address/physical fields may intentionally differ after geocode/API cleanup.,ast_deef81e70ae6,A190013001,pending,,,,,,,
asset_master,review,asset_field_change_candidate,,country_code,국내/해외,country_code,KR,,,Review. Some address/physical fields may intentionally differ after geocode/API cleanup.,ast_deef81e70ae6,A190013001,pending,,,,,,,
asset_master,review,asset_field_change_candidate,,business_stage,사업단계,business_stage,개발,,,Review. Some address/physical fields may intentionally differ after geocode/API cleanup.,ast_b5ddd770a044,A190014001,pending,,,,,,,
asset_master,review,asset_field_change_candidate,,portfolio_region,투자지역,portfolio_region,대한민국,,,Review. Some address/physical fields may intentionally differ after geocode/API cleanup.,ast_b5ddd770a044,A190014001,pending,,,,,,,
asset_master,review,asset_field_change_candidate,,parking,주차대수,parking,113,,,Review. Some address/physical fields may intentionally differ after geocode/API cleanup.,ast_b5ddd770a044,A190014001,pending,,,,,,,
asset_master,review,asset_field_change_candidate,,business_stage,사업단계,business_stage,개발,,,Review. Some address/physical fields may intentionally differ after geocode/API cleanup.,ast_2739f0f0f8b8,A190017001,not_checked,,,,,,,
asset_master,review,asset_field_change_candidate,,portfolio_region,투자지역,portfolio_region,대한민국,,,Review. Some address/physical fields may intentionally differ after geocode/API cleanup.,ast_2739f0f0f8b8,A190017001,not_checked,,,,,,,
asset_master,review,asset_field_change_candidate,,portfolio_region,투자지역,portfolio_region,유럽,,,Review. Some address/physical fields may intentionally differ after geocode/API cleanup.,ast_a8c972e8e90e,A200001001,not_checked,,,,,,,
asset_master,review,asset_field_change_candidate,,country_code,국내/해외,country_code,OVERSEAS,,,Review. Some address/physical fields may intentionally differ after geocode/API cleanup.,ast_a8c972e8e90e,A200001001,not_checked,,,,,,,
asset_master,review,asset_field_change_candidate,,portfolio_region,투자지역,portfolio_region,유럽,,,Review. Some address/physical fields may intentionally differ after geocode/API cleanup.,ast_80fb948c4bbb,A200002001,not_checked,,,,,,,
asset_master,review,asset_field_change_candidate,,country_code,국내/해외,country_code,OVERSEAS,,,Review. Some address/physical fields may intentionally differ after geocode/API cleanup.,ast_80fb948c4bbb,A200002001,not_checked,,,,,,,
asset_master,review,asset_field_change_candidate,,business_stage,사업단계,business_stage,운영/실물,,,Review. Some address/physical fields may intentionally differ after geocode/API cleanup.,ast_937446d52483,A200004001,not_checked,,,,,,,
asset_master,review,asset_field_change_candidate,,portfolio_region,투자지역,portfolio_region,글로벌,,,Review. Some address/physical fields may intentionally differ after geocode/API cleanup.,ast_937446d52483,A200004001,not_checked,,,,,,,
asset_master,review,asset_field_change_candidate,,country_code,국내/해외,country_code,OVERSEAS,,,Review. Some address/physical fields may intentionally differ after geocode/API cleanup.,ast_937446d52483,A200004001,not_checked,,,,,,,
asset_master,review,asset_field_change_candidate,,business_stage,사업단계,business_stage,운영/실물,,,Review. Some address/physical fields may intentionally differ after geocode/API cleanup.,ast_f9b2c2e17184,A200006001,not_checked,,,,,,,
asset_master,review,asset_field_change_candidate,,portfolio_region,투자지역,portfolio_region,글로벌,,,Review. Some address/physical fields may intentionally differ after geocode/API cleanup.,ast_f9b2c2e17184,A200006001,not_checked,,,,,,,
asset_master,review,asset_field_change_candidate,,country_code,국내/해외,country_code,OVERSEAS,,,Review. Some address/physical fields may intentionally differ after geocode/API cleanup.,ast_f9b2c2e17184,A200006001,not_checked,,,,,,,
asset_master,review,asset_field_change_candidate,,business_stage,사업단계,business_stage,운영/실물,,,Review. Some address/physical fields may intentionally differ after geocode/API cleanup.,ast_451fd8930022,A200006002,not_checked,,,,,,,
asset_master,review,asset_field_change_candidate,,portfolio_region,투자지역,portfolio_region,글로벌,,,Review. Some address/physical fields may intentionally differ after geocode/API cleanup.,ast_451fd8930022,A200006002,not_checked,,,,,,,
asset_master,review,asset_field_change_candidate,,country_code,국내/해외,country_code,OVERSEAS,,,Review. Some address/physical fields may intentionally differ after geocode/API cleanup.,ast_451fd8930022,A200006002,not_checked,,,,,,,
asset_master,review,asset_field_change_candidate,,business_stage,사업단계,business_stage,운영/실물,,,Review. Some address/physical fields may intentionally differ after geocode/API cleanup.,ast_c1b901dad63f,A200006003,not_checked,,,,,,,
asset_master,review,asset_field_change_candidate,,portfolio_region,투자지역,portfolio_region,글로벌,,,Review. Some address/physical fields may intentionally differ after geocode/API cleanup.,ast_c1b901dad63f,A200006003,not_checked,,,,,,,
asset_master,review,asset_field_change_candidate,,country_code,국내/해외,country_code,OVERSEAS,,,Review. Some address/physical fields may intentionally differ after geocode/API cleanup.,ast_c1b901dad63f,A200006003,not_checked,,,,,,,
asset_master,review,asset_field_change_candidate,,business_stage,사업단계,business_stage,운영/실물,,,Review. Some address/physical fields may intentionally differ after geocode/API cleanup.,ast_2bf40e9e1da4,A200006004,not_checked,,,,,,,
asset_master,review,asset_field_change_candidate,,portfolio_region,투자지역,portfolio_region,글로벌,,,Review. Some address/physical fields may intentionally differ after geocode/API cleanup.,ast_2bf40e9e1da4,A200006004,not_checked,,,,,,,
asset_master,review,asset_field_change_candidate,,country_code,국내/해외,country_code,OVERSEAS,,,Review. Some address/physical fields may intentionally differ after geocode/API cleanup.,ast_2bf40e9e1da4,A200006004,not_checked,,,,,,,
asset_master,review,asset_field_change_candidate,,portfolio_region,투자지역,portfolio_region,글로벌,,,Review. Some address/physical fields may intentionally differ after geocode/API cleanup.,ast_1139d23fa5d7,A200007001,not_checked,,,,,,,
asset_master,review,asset_field_change_candidate,,country_code,국내/해외,country_code,OVERSEAS,,,Review. Some address/physical fields may intentionally differ after geocode/API cleanup.,ast_1139d23fa5d7,A200007001,not_checked,,,,,,,
asset_master,review,asset_field_change_candidate,,business_stage,사업단계,business_stage,운영/실물,,,Review. Some address/physical fields may intentionally differ after geocode/API cleanup.,ast_c2b24d6ab2a3,A200008001,not_checked,,,,,,,
asset_master,review,asset_field_change_candidate,,portfolio_region,투자지역,portfolio_region,북미,,,Review. Some address/physical fields may intentionally differ after geocode/API cleanup.,ast_c2b24d6ab2a3,A200008001,not_checked,,,,,,,
asset_master,review,asset_field_change_candidate,,country_code,국내/해외,country_code,OVERSEAS,,,Review. Some address/physical fields may intentionally differ after geocode/API cleanup.,ast_c2b24d6ab2a3,A200008001,not_checked,,,,,,,
asset_master,review,asset_field_change_candidate,,parking,주차대수,parking,296,,,Review. Some address/physical fields may intentionally differ after geocode/API cleanup.,ast_c2b24d6ab2a3,A200008001,not_checked,,,,,,,
asset_master,review,asset_field_change_candidate,,business_stage,사업단계,business_stage,운영/실물,,,Review. Some address/physical fields may intentionally differ after geocode/API cleanup.,ast_ebb3453751e3,A200009001,not_checked,,,,,,,
asset_master,review,asset_field_change_candidate,,portfolio_region,투자지역,portfolio_region,북미,,,Review. Some address/physical fields may intentionally differ after geocode/API cleanup.,ast_ebb3453751e3,A200009001,not_checked,,,,,,,
asset_master,review,asset_field_change_candidate,,country_code,국내/해외,country_code,OVERSEAS,,,Review. Some address/physical fields may intentionally differ after geocode/API cleanup.,ast_ebb3453751e3,A200009001,not_checked,,,,,,,
asset_master,review,asset_field_change_candidate,,business_stage,사업단계,business_stage,운영/실물,,,Review. Some address/physical fields may intentionally differ after geocode/API cleanup.,ast_f2b5e4f49308,A200010001,not_checked,,,,,,,
asset_master,review,asset_field_change_candidate,,portfolio_region,투자지역,portfolio_region,북미,,,Review. Some address/physical fields may intentionally differ after geocode/API cleanup.,ast_f2b5e4f49308,A200010001,not_checked,,,,,,,
asset_master,review,asset_field_change_candidate,,country_code,국내/해외,country_code,OVERSEAS,,,Review. Some address/physical fields may intentionally differ after geocode/API cleanup.,ast_f2b5e4f49308,A200010001,not_checked,,,,,,,
asset_master,review,asset_field_change_candidate,,business_stage,사업단계,business_stage,운영/실물,,,Review. Some address/physical fields may intentionally differ after geocode/API cleanup.,ast_7dcd599a9654,A200011001,not_checked,,,,,,,
asset_master,review,asset_field_change_candidate,,portfolio_region,투자지역,portfolio_region,유럽,,,Review. Some address/physical fields may intentionally differ after geocode/API cleanup.,ast_7dcd599a9654,A200011001,not_checked,,,,,,,
asset_master,review,asset_field_change_candidate,,country_code,국내/해외,country_code,OVERSEAS,,,Review. Some address/physical fields may intentionally differ after geocode/API cleanup.,ast_7dcd599a9654,A200011001,not_checked,,,,,,,
asset_master,review,asset_field_change_candidate,,portfolio_region,투자지역,portfolio_region,글로벌,,,Review. Some address/physical fields may intentionally differ after geocode/API cleanup.,ast_bf7b25add095,A200012001,not_checked,,,,,,,
asset_master,review,asset_field_change_candidate,,country_code,국내/해외,country_code,OVERSEAS,,,Review. Some address/physical fields may intentionally differ after geocode/API cleanup.,ast_bf7b25add095,A200012001,not_checked,,,,,,,
asset_master,review,asset_field_change_candidate,,portfolio_region,투자지역,portfolio_region,글로벌,,,Review. Some address/physical fields may intentionally differ after geocode/API cleanup.,ast_0abb69999d40,A200013001,not_checked,,,,,,,
asset_master,review,asset_field_change_candidate,,country_code,국내/해외,country_code,OVERSEAS,,,Review. Some address/physical fields may intentionally differ after geocode/API cleanup.,ast_0abb69999d40,A200013001,not_checked,,,,,,,
asset_master,review,asset_field_change_candidate,,portfolio_region,투자지역,portfolio_region,글로벌,,,Review. Some address/physical fields may intentionally differ after geocode/API cleanup.,ast_0812bfa02848,A200013002,not_checked,,,,,,,
asset_master,review,asset_field_change_candidate,,country_code,국내/해외,country_code,OVERSEAS,,,Review. Some address/physical fields may intentionally differ after geocode/API cleanup.,ast_0812bfa02848,A200013002,not_checked,,,,,,,
asset_master,review,asset_field_change_candidate,,business_stage,사업단계,business_stage,운영/실물,,,Review. Some address/physical fields may intentionally differ after geocode/API cleanup.,ast_864ff5655978,A200014001,not_checked,,,,,,,
asset_master,review,asset_field_change_candidate,,portfolio_region,투자지역,portfolio_region,유럽,,,Review. Some address/physical fields may intentionally differ after geocode/API cleanup.,ast_864ff5655978,A200014001,not_checked,,,,,,,
asset_master,review,asset_field_change_candidate,,country_code,국내/해외,country_code,OVERSEAS,,,Review. Some address/physical fields may intentionally differ after geocode/API cleanup.,ast_864ff5655978,A200014001,not_checked,,,,,,,
asset_master,review,asset_field_change_candidate,,portfolio_region,투자지역,portfolio_region,유럽,,,Review. Some address/physical fields may intentionally differ after geocode/API cleanup.,ast_8fe5e8aa8a5f,A200016001,not_checked,,,,,,,
asset_master,review,asset_field_change_candidate,,country_code,국내/해외,country_code,OVERSEAS,,,Review. Some address/physical fields may intentionally differ after geocode/API cleanup.,ast_8fe5e8aa8a5f,A200016001,not_checked,,,,,,,
asset_master,review,asset_field_change_candidate,,business_stage,사업단계,business_stage,운영/실물,,,Review. Some address/physical fields may intentionally differ after geocode/API cleanup.,ast_d5b7969befe3,A200017001,not_checked,,,,,,,
asset_master,review,asset_field_change_candidate,,portfolio_region,투자지역,portfolio_region,유럽,,,Review. Some address/physical fields may intentionally differ after geocode/API cleanup.,ast_d5b7969befe3,A200017001,not_checked,,,,,,,
asset_master,review,asset_field_change_candidate,,country_code,국내/해외,country_code,OVERSEAS,,,Review. Some address/physical fields may intentionally differ after geocode/API cleanup.,ast_d5b7969befe3,A200017001,not_checked,,,,,,,
asset_master,review,asset_field_change_candidate,,portfolio_region,투자지역,portfolio_region,북미,,,Review. Some address/physical fields may intentionally differ after geocode/API cleanup.,ast_27e81b9a9e70,A200018001,not_checked,,,,,,,
asset_master,review,asset_field_change_candidate,,country_code,국내/해외,country_code,OVERSEAS,,,Review. Some address/physical fields may intentionally differ after geocode/API cleanup.,ast_27e81b9a9e70,A200018001,not_checked,,,,,,,
asset_master,review,asset_field_change_candidate,,portfolio_region,투자지역,portfolio_region,글로벌,,,Review. Some address/physical fields may intentionally differ after geocode/API cleanup.,ast_91459997fbb8,A200019001,not_checked,,,,,,,
asset_master,review,asset_field_change_candidate,,country_code,국내/해외,country_code,OVERSEAS,,,Review. Some address/physical fields may intentionally differ after geocode/API cleanup.,ast_91459997fbb8,A200019001,not_checked,,,,,,,
asset_master,review,asset_field_change_candidate,,portfolio_region,투자지역,portfolio_region,글로벌,,,Review. Some address/physical fields may intentionally differ after geocode/API cleanup.,ast_a236bc9437e2,A200019002,not_checked,,,,,,,
asset_master,review,asset_field_change_candidate,,country_code,국내/해외,country_code,OVERSEAS,,,Review. Some address/physical fields may intentionally differ after geocode/API cleanup.,ast_a236bc9437e2,A200019002,not_checked,,,,,,,
asset_master,review,asset_field_change_candidate,,portfolio_region,투자지역,portfolio_region,북미,,,Review. Some address/physical fields may intentionally differ after geocode/API cleanup.,ast_5b15a4c23cb4,A200020001,not_checked,,,,,,,
asset_master,review,asset_field_change_candidate,,country_code,국내/해외,country_code,OVERSEAS,,,Review. Some address/physical fields may intentionally differ after geocode/API cleanup.,ast_5b15a4c23cb4,A200020001,not_checked,,,,,,,
asset_master,review,asset_field_change_candidate,,portfolio_region,투자지역,portfolio_region,유럽,,,Review. Some address/physical fields may intentionally differ after geocode/API cleanup.,ast_4d35344df3a2,A200021001,not_checked,,,,,,,
asset_master,review,asset_field_change_candidate,,country_code,국내/해외,country_code,OVERSEAS,,,Review. Some address/physical fields may intentionally differ after geocode/API cleanup.,ast_4d35344df3a2,A200021001,not_checked,,,,,,,
asset_master,review,asset_field_change_candidate,,portfolio_region,투자지역,portfolio_region,글로벌,,,Review. Some address/physical fields may intentionally differ after geocode/API cleanup.,ast_867da725ab6d,A200022001,not_checked,,,,,,,
asset_master,review,asset_field_change_candidate,,country_code,국내/해외,country_code,OVERSEAS,,,Review. Some address/physical fields may intentionally differ after geocode/API cleanup.,ast_867da725ab6d,A200022001,not_checked,,,,,,,
asset_master,review,asset_field_change_candidate,,business_stage,사업단계,business_stage,운영/실물,,,Review. Some address/physical fields may intentionally differ after geocode/API cleanup.,ast_1366fb10d2eb,A200023001,not_checked,,,,,,,
asset_master,review,asset_field_change_candidate,,portfolio_region,투자지역,portfolio_region,유럽,,,Review. Some address/physical fields may intentionally differ after geocode/API cleanup.,ast_1366fb10d2eb,A200023001,not_checked,,,,,,,
asset_master,review,asset_field_change_candidate,,country_code,국내/해외,country_code,OVERSEAS,,,Review. Some address/physical fields may intentionally differ after geocode/API cleanup.,ast_1366fb10d2eb,A200023001,not_checked,,,,,,,
asset_master,review,asset_field_change_candidate,,site_area,토지면적(㎡),site_area,0,,,Physical fields may be API-enriched. Review provenance before overwriting.,ast_1366fb10d2eb,A200023001,not_checked,,,,,,,
asset_master,review,asset_field_change_candidate,,portfolio_region,투자지역,portfolio_region,유럽,,,Review. Some address/physical fields may intentionally differ after geocode/API cleanup.,ast_f483ba7d8c86,A200024001,not_checked,,,,,,,
asset_master,review,asset_field_change_candidate,,country_code,국내/해외,country_code,OVERSEAS,,,Review. Some address/physical fields may intentionally differ after geocode/API cleanup.,ast_f483ba7d8c86,A200024001,not_checked,,,,,,,
asset_master,review,asset_field_change_candidate,,business_stage,사업단계,business_stage,운영/실물,,,Review. Some address/physical fields may intentionally differ after geocode/API cleanup.,ast_5c3c9c2755cf,A200025001,not_checked,,,,,,,
asset_master,review,asset_field_change_candidate,,portfolio_region,투자지역,portfolio_region,북미,,,Review. Some address/physical fields may intentionally differ after geocode/API cleanup.,ast_5c3c9c2755cf,A200025001,not_checked,,,,,,,
asset_master,review,asset_field_change_candidate,,country_code,국내/해외,country_code,OVERSEAS,,,Review. Some address/physical fields may intentionally differ after geocode/API cleanup.,ast_5c3c9c2755cf,A200025001,not_checked,,,,,,,
asset_master,review,asset_field_change_candidate,,portfolio_region,투자지역,portfolio_region,글로벌,,,Review. Some address/physical fields may intentionally differ after geocode/API cleanup.,ast_4ce1803146bf,A200026001,not_checked,,,,,,,
asset_master,review,asset_field_change_candidate,,country_code,국내/해외,country_code,OVERSEAS,,,Review. Some address/physical fields may intentionally differ after geocode/API cleanup.,ast_4ce1803146bf,A200026001,not_checked,,,,,,,
asset_master,review,asset_field_change_candidate,,business_stage,사업단계,business_stage,운영/실물,,,Review. Some address/physical fields may intentionally differ after geocode/API cleanup.,ast_4e0ba511036c,A200027001,not_checked,,,,,,,
asset_master,review,asset_field_change_candidate,,portfolio_region,투자지역,portfolio_region,글로벌,,,Review. Some address/physical fields may intentionally differ after geocode/API cleanup.,ast_4e0ba511036c,A200027001,not_checked,,,,,,,
asset_master,review,asset_field_change_candidate,,country_code,국내/해외,country_code,OVERSEAS,,,Review. Some address/physical fields may intentionally differ after geocode/API cleanup.,ast_4e0ba511036c,A200027001,not_checked,,,,,,,
asset_master,review,asset_field_change_candidate,,business_stage,사업단계,business_stage,운영/실물,,,Review. Some address/physical fields may intentionally differ after geocode/API cleanup.,ast_4273abf1dd9d,A200028001,not_checked,,,,,,,
asset_master,review,asset_field_change_candidate,,portfolio_region,투자지역,portfolio_region,북미,,,Review. Some address/physical fields may intentionally differ after geocode/API cleanup.,ast_4273abf1dd9d,A200028001,not_checked,,,,,,,
asset_master,review,asset_field_change_candidate,,country_code,국내/해외,country_code,OVERSEAS,,,Review. Some address/physical fields may intentionally differ after geocode/API cleanup.,ast_4273abf1dd9d,A200028001,not_checked,,,,,,,
asset_master,review,asset_field_change_candidate,,portfolio_region,투자지역,portfolio_region,아시아,,,Review. Some address/physical fields may intentionally differ after geocode/API cleanup.,ast_8c1cc2a2dfa8,A200029001,not_checked,,,,,,,
asset_master,review,asset_field_change_candidate,,country_code,국내/해외,country_code,OVERSEAS,,,Review. Some address/physical fields may intentionally differ after geocode/API cleanup.,ast_8c1cc2a2dfa8,A200029001,not_checked,,,,,,,
asset_master,review,asset_field_change_candidate,,canonical_name,자산(건물)명,canonical_name,판교 테크원타워,판교 테크원타워 (우선주),,Review. Some address/physical fields may intentionally differ after geocode/API cleanup.,ast_d6b3682a1147,A200030001,found,BldRgstHubService.getBrTitleInfo,,,,,,
asset_master,review,asset_field_change_candidate,,portfolio_region,투자지역,portfolio_region,대한민국,,,Review. Some address/physical fields may intentionally differ after geocode/API cleanup.,ast_d6b3682a1147,A200030001,found,BldRgstHubService.getBrTitleInfo,,,,,,
asset_master,review,asset_field_change_candidate,,parking,주차대수,parking,"1,490",1490,,Review. Some address/physical fields may intentionally differ after geocode/API cleanup.,ast_d6b3682a1147,A200030001,found,BldRgstHubService.getBrTitleInfo,,,,,,
asset_master,review,asset_field_change_candidate,,site_area,토지면적(㎡),site_area,,6938,,Physical fields may be API-enriched. Review provenance before overwriting.,ast_7d6f8cc1d9cb,A200030002,found,BldRgstHubService.getBrTitleInfo,,,,,,
asset_master,review,asset_field_change_candidate,,parking,주차대수,parking,,옥내 436 / 옥외 0,,Review. Some address/physical fields may intentionally differ after geocode/API cleanup.,ast_7d6f8cc1d9cb,A200030002,found,BldRgstHubService.getBrTitleInfo,,,,,,
asset_master,review,asset_field_change_candidate,,site_area,토지면적(㎡),site_area,,3176,,Physical fields may be API-enriched. Review provenance before overwriting.,ast_022d4816897f,A200030003,found,BldRgstHubService.getBrTitleInfo,,,,,,
asset_master,review,asset_field_change_candidate,,parking,주차대수,parking,,옥내 370 / 옥외 0,,Review. Some address/physical fields may intentionally differ after geocode/API cleanup.,ast_022d4816897f,A200030003,found,BldRgstHubService.getBrTitleInfo,,,,,,
asset_master,review,asset_field_change_candidate,,site_area,토지면적(㎡),site_area,,2194,,Physical fields may be API-enriched. Review provenance before overwriting.,ast_866314e4db59,A200030004,found,BldRgstHubService.getBrTitleInfo,,,,,,
asset_master,review,asset_field_change_candidate,,parking,주차대수,parking,,옥내 124 / 옥외 0,,Review. Some address/physical fields may intentionally differ after geocode/API cleanup.,ast_866314e4db59,A200030004,found,BldRgstHubService.getBrTitleInfo,,,,,,
asset_master,review,asset_field_change_candidate,,portfolio_region,투자지역,portfolio_region,글로벌,,,Review. Some address/physical fields may intentionally differ after geocode/API cleanup.,ast_55b6b363ddd4,A200031001,not_checked,,,,,,,
asset_master,review,asset_field_change_candidate,,country_code,국내/해외,country_code,OVERSEAS,,,Review. Some address/physical fields may intentionally differ after geocode/API cleanup.,ast_55b6b363ddd4,A200031001,not_checked,,,,,,,
asset_master,review,asset_field_change_candidate,,portfolio_region,투자지역,portfolio_region,글로벌,,,Review. Some address/physical fields may intentionally differ after geocode/API cleanup.,ast_76ad3509ee19,A200033001,not_checked,,,,,,,
asset_master,review,asset_field_change_candidate,,country_code,국내/해외,country_code,OVERSEAS,,,Review. Some address/physical fields may intentionally differ after geocode/API cleanup.,ast_76ad3509ee19,A200033001,not_checked,,,,,,,
asset_master,review,asset_field_change_candidate,,portfolio_region,투자지역,portfolio_region,글로벌,,,Review. Some address/physical fields may intentionally differ after geocode/API cleanup.,ast_199ba4e0626d,A200034001,not_checked,,,,,,,
asset_master,review,asset_field_change_candidate,,country_code,국내/해외,country_code,OVERSEAS,,,Review. Some address/physical fields may intentionally differ after geocode/API cleanup.,ast_199ba4e0626d,A200034001,not_checked,,,,,,,
asset_master,review,asset_field_change_candidate,,business_stage,사업단계,business_stage,운영/실물,,,Review. Some address/physical fields may intentionally differ after geocode/API cleanup.,ast_aca39ce05f05,A200035001,not_checked,,,,,,,
asset_master,review,asset_field_change_candidate,,portfolio_region,투자지역,portfolio_region,글로벌,,,Review. Some address/physical fields may intentionally differ after geocode/API cleanup.,ast_aca39ce05f05,A200035001,not_checked,,,,,,,
asset_master,review,asset_field_change_candidate,,country_code,국내/해외,country_code,OVERSEAS,,,Review. Some address/physical fields may intentionally differ after geocode/API cleanup.,ast_aca39ce05f05,A200035001,not_checked,,,,,,,
asset_master,review,asset_field_change_candidate,,portfolio_region,투자지역,portfolio_region,북미,,,Review. Some address/physical fields may intentionally differ after geocode/API cleanup.,ast_c0ba855ea88d,A200036001,not_checked,,,,,,,
asset_master,review,asset_field_change_candidate,,country_code,국내/해외,country_code,OVERSEAS,,,Review. Some address/physical fields may intentionally differ after geocode/API cleanup.,ast_c0ba855ea88d,A200036001,not_checked,,,,,,,
asset_master,review,asset_field_change_candidate,,portfolio_region,투자지역,portfolio_region,북미,,,Review. Some address/physical fields may intentionally differ after geocode/API cleanup.,ast_b0958ad3f79d,A200037001,not_checked,,,,,,,
asset_master,review,asset_field_change_candidate,,country_code,국내/해외,country_code,OVERSEAS,,,Review. Some address/physical fields may intentionally differ after geocode/API cleanup.,ast_b0958ad3f79d,A200037001,not_checked,,,,,,,
asset_master,review,asset_field_change_candidate,,portfolio_region,투자지역,portfolio_region,유럽,,,Review. Some address/physical fields may intentionally differ after geocode/API cleanup.,ast_9295ffd5dc91,A200038001,not_checked,,,,,,,
asset_master,review,asset_field_change_candidate,,country_code,국내/해외,country_code,OVERSEAS,,,Review. Some address/physical fields may intentionally differ after geocode/API cleanup.,ast_9295ffd5dc91,A200038001,not_checked,,,,,,,
asset_master,review,asset_field_change_candidate,,portfolio_region,투자지역,portfolio_region,유럽,,,Review. Some address/physical fields may intentionally differ after geocode/API cleanup.,ast_23cef84d6f3d,A200039001,not_checked,,,,,,,
asset_master,review,asset_field_change_candidate,,country_code,국내/해외,country_code,OVERSEAS,,,Review. Some address/physical fields may intentionally differ after geocode/API cleanup.,ast_23cef84d6f3d,A200039001,not_checked,,,,,,,
asset_master,review,asset_field_change_candidate,,portfolio_region,투자지역,portfolio_region,유럽,,,Review. Some address/physical fields may intentionally differ after geocode/API cleanup.,ast_1a6da4237f05,A200040001,not_checked,,,,,,,
asset_master,review,asset_field_change_candidate,,country_code,국내/해외,country_code,OVERSEAS,,,Review. Some address/physical fields may intentionally differ after geocode/API cleanup.,ast_1a6da4237f05,A200040001,not_checked,,,,,,,
asset_master,review,asset_field_change_candidate,,portfolio_region,투자지역,portfolio_region,북미,,,Review. Some address/physical fields may intentionally differ after geocode/API cleanup.,ast_6d46843010b7,A200041001,not_checked,,,,,,,
asset_master,review,asset_field_change_candidate,,country_code,국내/해외,country_code,OVERSEAS,,,Review. Some address/physical fields may intentionally differ after geocode/API cleanup.,ast_6d46843010b7,A200041001,not_checked,,,,,,,
asset_master,review,asset_field_change_candidate,,portfolio_region,투자지역,portfolio_region,유럽,,,Review. Some address/physical fields may intentionally differ after geocode/API cleanup.,ast_866984747e2a,A200042001,not_checked,,,,,,,
asset_master,review,asset_field_change_candidate,,country_code,국내/해외,country_code,OVERSEAS,,,Review. Some address/physical fields may intentionally differ after geocode/API cleanup.,ast_866984747e2a,A200042001,not_checked,,,,,,,
asset_master,review,asset_field_change_candidate,,canonical_name,자산(건물)명,canonical_name,괌 소재 종합병원(GRMC)에 대한 선순위 대출,괌 소재 종합병원(GRMC)에 대한 선순위,,Review. Some address/physical fields may intentionally differ after geocode/API cleanup.,ast_1f99948b6e40,A200044001,not_checked,,,,,,,
asset_master,review,asset_field_change_candidate,,portfolio_region,투자지역,portfolio_region,글로벌,,,Review. Some address/physical fields may intentionally differ after geocode/API cleanup.,ast_1f99948b6e40,A200044001,not_checked,,,,,,,
asset_master,review,asset_field_change_candidate,,country_code,국내/해외,country_code,OVERSEAS,,,Review. Some address/physical fields may intentionally differ after geocode/API cleanup.,ast_1f99948b6e40,A200044001,not_checked,,,,,,,
asset_master,review,asset_field_change_candidate,,portfolio_region,투자지역,portfolio_region,북미,,,Review. Some address/physical fields may intentionally differ after geocode/API cleanup.,ast_8e3a0cd2dbb4,A200045001,not_checked,,,,,,,
asset_master,review,asset_field_change_candidate,,country_code,국내/해외,country_code,OVERSEAS,,,Review. Some address/physical fields may intentionally differ after geocode/API cleanup.,ast_8e3a0cd2dbb4,A200045001,not_checked,,,,,,,
asset_master,review,asset_field_change_candidate,,portfolio_region,투자지역,portfolio_region,대한민국,,,Review. Some address/physical fields may intentionally differ after geocode/API cleanup.,ast_1ba78b46e989,A300001001,not_checked,,,,,,,
asset_master,review,asset_field_change_candidate,,portfolio_region,투자지역,portfolio_region,대한민국,,,Review. Some address/physical fields may intentionally differ after geocode/API cleanup.,ast_2abc73265d3d,A300006001,not_checked,,,,,,,
asset_master,review,asset_field_change_candidate,,portfolio_region,투자지역,portfolio_region,글로벌,,,Review. Some address/physical fields may intentionally differ after geocode/API cleanup.,ast_2756cfcf8361,A300010001,not_checked,,,,,,,
asset_master,review,asset_field_change_candidate,,country_code,국내/해외,country_code,OVERSEAS,,,Review. Some address/physical fields may intentionally differ after geocode/API cleanup.,ast_2756cfcf8361,A300010001,not_checked,,,,,,,
asset_master,review,asset_field_change_candidate,,portfolio_region,투자지역,portfolio_region,대한민국,,,Review. Some address/physical fields may intentionally differ after geocode/API cleanup.,ast_17859af0b93a,A300011001,not_checked,,,,,,,
asset_master,review,asset_field_change_candidate,,portfolio_region,투자지역,portfolio_region,대한민국,,,Review. Some address/physical fields may intentionally differ after geocode/API cleanup.,ast_204fd0903755,A300012001,not_checked,,,,,,,
asset_master,review,asset_field_change_candidate,,portfolio_region,투자지역,portfolio_region,대한민국,,,Review. Some address/physical fields may intentionally differ after geocode/API cleanup.,ast_9d78f7be9afb,A300015001,not_checked,,,,,,,
asset_master,review,asset_field_change_candidate,,portfolio_region,투자지역,portfolio_region,대한민국,,,Review. Some address/physical fields may intentionally differ after geocode/API cleanup.,ast_28f8c726fc8f,A300016001,not_checked,,,,,,,
asset_master,review,asset_field_change_candidate,,portfolio_region,투자지역,portfolio_region,대한민국,,,Review. Some address/physical fields may intentionally differ after geocode/API cleanup.,ast_df9311763a69,A300017001,not_checked,,,,,,,
asset_master,review,asset_field_change_candidate,,portfolio_region,투자지역,portfolio_region,대한민국,,,Review. Some address/physical fields may intentionally differ after geocode/API cleanup.,ast_b74794104f0e,A300018001,not_checked,,,,,,,
asset_master,review,asset_field_change_candidate,,portfolio_region,투자지역,portfolio_region,대한민국,,,Review. Some address/physical fields may intentionally differ after geocode/API cleanup.,ast_f5638b202fba,A300019001,not_checked,,,,,,,
asset_master,review,asset_field_change_candidate,,portfolio_region,투자지역,portfolio_region,대한민국,,,Review. Some address/physical fields may intentionally differ after geocode/API cleanup.,ast_9672f00925b5,A300020001,not_checked,,,,,,,
asset_master,review,asset_field_change_candidate,,portfolio_region,투자지역,portfolio_region,대한민국,,,Review. Some address/physical fields may intentionally differ after geocode/API cleanup.,ast_e3855badc0c0,A300028001,not_checked,,,,,,,
asset_master,review,asset_field_change_candidate,,portfolio_region,투자지역,portfolio_region,대한민국,,,Review. Some address/physical fields may intentionally differ after geocode/API cleanup.,ast_5933e6ee5160,A300032001,not_checked,,,,,,,
asset_master,review,asset_field_change_candidate,,portfolio_region,투자지역,portfolio_region,대한민국,,,Review. Some address/physical fields may intentionally differ after geocode/API cleanup.,ast_6f30b531d9a2,A300036001,not_checked,,,,,,,
asset_master,review,asset_field_change_candidate,,portfolio_region,투자지역,portfolio_region,대한민국,,,Review. Some address/physical fields may intentionally differ after geocode/API cleanup.,ast_f26dd6678598,A300037001,not_checked,,,,,,,
asset_master,review,asset_field_change_candidate,,portfolio_region,투자지역,portfolio_region,대한민국,,,Review. Some address/physical fields may intentionally differ after geocode/API cleanup.,ast_7d37fa81629c,A300039001,not_checked,,,,,,,
asset_master,review,asset_field_change_candidate,,portfolio_region,투자지역,portfolio_region,대한민국,,,Review. Some address/physical fields may intentionally differ after geocode/API cleanup.,ast_1283cae9910d,A300040001,not_checked,,,,,,,
asset_master,review,asset_field_change_candidate,,portfolio_region,투자지역,portfolio_region,대한민국,,,Review. Some address/physical fields may intentionally differ after geocode/API cleanup.,ast_4e98244e7898,A300044001,not_checked,,,,,,,
asset_master,review,asset_field_change_candidate,,portfolio_region,투자지역,portfolio_region,대한민국,,,Review. Some address/physical fields may intentionally differ after geocode/API cleanup.,ast_fe2742669ca3,A300046001,not_checked,,,,,,,
asset_master,review,asset_field_change_candidate,,portfolio_region,투자지역,portfolio_region,대한민국,,,Review. Some address/physical fields may intentionally differ after geocode/API cleanup.,ast_640aad4b6a23,A300047001,not_checked,,,,,,,
asset_master,review,asset_field_change_candidate,,portfolio_region,투자지역,portfolio_region,대한민국,,,Review. Some address/physical fields may intentionally differ after geocode/API cleanup.,ast_3790cde01d6c,A300050001,not_checked,,,,,,,
asset_master,review,asset_field_change_candidate,,portfolio_region,투자지역,portfolio_region,대한민국,,,Review. Some address/physical fields may intentionally differ after geocode/API cleanup.,ast_8c4bee05b692,A300051001,not_checked,,,,,,,
asset_master,review,asset_field_change_candidate,,portfolio_region,투자지역,portfolio_region,대한민국,,,Review. Some address/physical fields may intentionally differ after geocode/API cleanup.,ast_de42c797815f,A300052001,not_checked,,,,,,,
asset_master,review,asset_field_change_candidate,,portfolio_region,투자지역,portfolio_region,글로벌,,,Review. Some address/physical fields may intentionally differ after geocode/API cleanup.,ast_7447893893dc,A300053001,not_checked,,,,,,,
asset_master,review,asset_field_change_candidate,,country_code,국내/해외,country_code,OVERSEAS,,,Review. Some address/physical fields may intentionally differ after geocode/API cleanup.,ast_7447893893dc,A300053001,not_checked,,,,,,,
asset_master,review,asset_field_change_candidate,,portfolio_region,투자지역,portfolio_region,대한민국,,,Review. Some address/physical fields may intentionally differ after geocode/API cleanup.,ast_76dc6e70b8de,A300054001,not_checked,,,,,,,
asset_master,review,asset_field_change_candidate,,portfolio_region,투자지역,portfolio_region,대한민국,,,Review. Some address/physical fields may intentionally differ after geocode/API cleanup.,ast_567d9ac13840,A300057001,not_checked,,,,,,,
asset_master,review,asset_field_change_candidate,,portfolio_region,투자지역,portfolio_region,글로벌,,,Review. Some address/physical fields may intentionally differ after geocode/API cleanup.,ast_4c95baf19598,A300061001,not_checked,,,,,,,
asset_master,review,asset_field_change_candidate,,country_code,국내/해외,country_code,혼합,,,Review. Some address/physical fields may intentionally differ after geocode/API cleanup.,ast_4c95baf19598,A300061001,not_checked,,,,,,,
asset_master,review,asset_field_change_candidate,,portfolio_region,투자지역,portfolio_region,대한민국,,,Review. Some address/physical fields may intentionally differ after geocode/API cleanup.,ast_dc9b51df4a56,A300063001,not_checked,,,,,,,
asset_master,review,asset_field_change_candidate,,portfolio_region,투자지역,portfolio_region,글로벌,,,Review. Some address/physical fields may intentionally differ after geocode/API cleanup.,ast_ca8728fa5c54,A300066001,not_checked,,,,,,,
asset_master,review,asset_field_change_candidate,,country_code,국내/해외,country_code,OVERSEAS,,,Review. Some address/physical fields may intentionally differ after geocode/API cleanup.,ast_ca8728fa5c54,A300066001,not_checked,,,,,,,
asset_master,review,asset_field_change_candidate,,portfolio_region,투자지역,portfolio_region,대한민국,,,Review. Some address/physical fields may intentionally differ after geocode/API cleanup.,ast_ea7cfe2c034c,A300067001,not_checked,,,,,,,
asset_master,review,asset_field_change_candidate,,portfolio_region,투자지역,portfolio_region,대한민국,,,Review. Some address/physical fields may intentionally differ after geocode/API cleanup.,ast_29d7a94f5571,A300073001,not_checked,,,,,,,
asset_master,review,asset_field_change_candidate,,portfolio_region,투자지역,portfolio_region,대한민국,,,Review. Some address/physical fields may intentionally differ after geocode/API cleanup.,ast_bdcfe83d9647,A300074001,not_checked,,,,,,,
asset_master,review,asset_field_change_candidate,,portfolio_region,투자지역,portfolio_region,대한민국,,,Review. Some address/physical fields may intentionally differ after geocode/API cleanup.,ast_ea90d1d50c7d,A300075001,not_checked,,,,,,,
asset_master,review,asset_field_change_candidate,,portfolio_region,투자지역,portfolio_region,대한민국,,,Review. Some address/physical fields may intentionally differ after geocode/API cleanup.,ast_de9d530fc253,A300076001,not_checked,,,,,,,
asset_master,review,asset_field_change_candidate,,portfolio_region,투자지역,portfolio_region,대한민국,,,Review. Some address/physical fields may intentionally differ after geocode/API cleanup.,ast_2f76d32aed7a,A300079001,not_checked,,,,,,,
asset_master,review,asset_field_change_candidate,,portfolio_region,투자지역,portfolio_region,대한민국,,,Review. Some address/physical fields may intentionally differ after geocode/API cleanup.,ast_8a924c865968,A300080001,not_checked,,,,,,,
asset_master,review,asset_field_change_candidate,,portfolio_region,투자지역,portfolio_region,대한민국,,,Review. Some address/physical fields may intentionally differ after geocode/API cleanup.,ast_34abd4a0e354,A300085001,not_checked,,,,,,,
asset_master,review,asset_field_change_candidate,,country_code,국내/해외,country_code,KR,,,Review. Some address/physical fields may intentionally differ after geocode/API cleanup.,ast_34abd4a0e354,A300085001,not_checked,,,,,,,
asset_master,review,asset_field_change_candidate,,business_stage,사업단계,business_stage,운영/실물,,,Review. Some address/physical fields may intentionally differ after geocode/API cleanup.,ast_4b214a3d68c2,AP00001001,not_checked,,,,,,,
asset_master,review,asset_field_change_candidate,,portfolio_region,투자지역,portfolio_region,대한민국,,,Review. Some address/physical fields may intentionally differ after geocode/API cleanup.,ast_4b214a3d68c2,AP00001001,not_checked,,,,,,,
asset_master,review,asset_field_change_candidate,,business_stage,사업단계,business_stage,개발,,,Review. Some address/physical fields may intentionally differ after geocode/API cleanup.,ast_3294b7419653,AP00002001,not_checked,,,,,,,
asset_master,review,asset_field_change_candidate,,portfolio_region,투자지역,portfolio_region,대한민국,,,Review. Some address/physical fields may intentionally differ after geocode/API cleanup.,ast_3294b7419653,AP00002001,not_checked,,,,,,,
asset_master,review,asset_field_change_candidate,,business_stage,사업단계,business_stage,운영/실물,,,Review. Some address/physical fields may intentionally differ after geocode/API cleanup.,ast_84a189ca5219,AP00003001,not_checked,,,,,,,
asset_master,review,asset_field_change_candidate,,portfolio_region,투자지역,portfolio_region,대한민국,,,Review. Some address/physical fields may intentionally differ after geocode/API cleanup.,ast_84a189ca5219,AP00003001,not_checked,,,,,,,
asset_master,review,asset_field_change_candidate,,business_stage,사업단계,business_stage,운영/실물,,,Review. Some address/physical fields may intentionally differ after geocode/API cleanup.,ast_093042bc2e8e,AP00004001,not_checked,,,,,,,
asset_master,review,asset_field_change_candidate,,portfolio_region,투자지역,portfolio_region,대한민국,,,Review. Some address/physical fields may intentionally differ after geocode/API cleanup.,ast_093042bc2e8e,AP00004001,not_checked,,,,,,,
asset_master,review,asset_field_change_candidate,,business_stage,사업단계,business_stage,개발,,,Review. Some address/physical fields may intentionally differ after geocode/API cleanup.,ast_41455c9fd7e7,AP00005001,not_checked,,,,,,,
asset_master,review,asset_field_change_candidate,,portfolio_region,투자지역,portfolio_region,대한민국,,,Review. Some address/physical fields may intentionally differ after geocode/API cleanup.,ast_41455c9fd7e7,AP00005001,not_checked,,,,,,,
asset_master,review,asset_field_change_candidate,,business_stage,사업단계,business_stage,개발,,,Review. Some address/physical fields may intentionally differ after geocode/API cleanup.,ast_c14f12c21203,AP00006001,pending,,,,,,,
asset_master,review,asset_field_change_candidate,,portfolio_region,투자지역,portfolio_region,대한민국,,,Review. Some address/physical fields may intentionally differ after geocode/API cleanup.,ast_c14f12c21203,AP00006001,pending,,,,,,,
asset_master,review,asset_field_change_candidate,,business_stage,사업단계,business_stage,운영/실물,,,Review. Some address/physical fields may intentionally differ after geocode/API cleanup.,ast_42a97e89a9a5,AP00007002,found,BldRgstHubService.getBrTitleInfo,,,,,,
asset_master,review,asset_field_change_candidate,,portfolio_region,투자지역,portfolio_region,대한민국,,,Review. Some address/physical fields may intentionally differ after geocode/API cleanup.,ast_42a97e89a9a5,AP00007002,found,BldRgstHubService.getBrTitleInfo,,,,,,
asset_master,review,asset_field_change_candidate,,site_area,토지면적(㎡),site_area,,5853,,Physical fields may be API-enriched. Review provenance before overwriting.,ast_42a97e89a9a5,AP00007002,found,BldRgstHubService.getBrTitleInfo,,,,,,
asset_master,review,asset_field_change_candidate,,parking,주차대수,parking,,옥내 120 / 옥외 2,,Review. Some address/physical fields may intentionally differ after geocode/API cleanup.,ast_42a97e89a9a5,AP00007002,found,BldRgstHubService.getBrTitleInfo,,,,,,
asset_master,review,asset_field_change_candidate,,business_stage,사업단계,business_stage,개발,,,Review. Some address/physical fields may intentionally differ after geocode/API cleanup.,ast_24463e868506,AP00008001,pending,,,,,,,
asset_master,review,asset_field_change_candidate,,portfolio_region,투자지역,portfolio_region,대한민국,,,Review. Some address/physical fields may intentionally differ after geocode/API cleanup.,ast_24463e868506,AP00008001,pending,,,,,,,
asset_master,review,asset_field_change_candidate,,business_stage,사업단계,business_stage,부실,,,Review. Some address/physical fields may intentionally differ after geocode/API cleanup.,ast_58e1f6750cf0,AP00009001,pending,,,,,,,
asset_master,review,asset_field_change_candidate,,portfolio_region,투자지역,portfolio_region,대한민국,,,Review. Some address/physical fields may intentionally differ after geocode/API cleanup.,ast_58e1f6750cf0,AP00009001,pending,,,,,,,
asset_master,review,asset_field_change_candidate,,business_stage,사업단계,business_stage,운영/실물,,,Review. Some address/physical fields may intentionally differ after geocode/API cleanup.,ast_023cb333482d,AP00010001,not_checked,,,,,,,
asset_master,review,asset_field_change_candidate,,portfolio_region,투자지역,portfolio_region,대한민국,,,Review. Some address/physical fields may intentionally differ after geocode/API cleanup.,ast_023cb333482d,AP00010001,not_checked,,,,,,,
asset_master,review,asset_field_change_candidate,,business_stage,사업단계,business_stage,운영/실물,,,Review. Some address/physical fields may intentionally differ after geocode/API cleanup.,ast_58f18cb76dad,AP00011001,found,BldRgstHubService.getBrTitleInfo,,,,,,
asset_master,review,asset_field_change_candidate,,portfolio_region,투자지역,portfolio_region,대한민국,,,Review. Some address/physical fields may intentionally differ after geocode/API cleanup.,ast_58f18cb76dad,AP00011001,found,BldRgstHubService.getBrTitleInfo,,,,,,
asset_master,review,asset_field_change_candidate,,gross_floor_area,연면적(m²),gross_floor_area,,0,,Physical fields may be API-enriched. Review provenance before overwriting.,ast_58f18cb76dad,AP00011001,found,BldRgstHubService.getBrTitleInfo,,,,,,
asset_master,review,asset_field_change_candidate,,site_area,토지면적(㎡),site_area,,0,,Physical fields may be API-enriched. Review provenance before overwriting.,ast_58f18cb76dad,AP00011001,found,BldRgstHubService.getBrTitleInfo,,,,,,
asset_master,review,asset_field_change_candidate,,completion_date,준공(예정)일,completion_date,,2025-04-29,,Review. Some address/physical fields may intentionally differ after geocode/API cleanup.,ast_58f18cb76dad,AP00011001,found,BldRgstHubService.getBrTitleInfo,,,,,,
asset_master,review,asset_field_change_candidate,,parking,주차대수,parking,,옥내 0 / 옥외 0,,Review. Some address/physical fields may intentionally differ after geocode/API cleanup.,ast_58f18cb76dad,AP00011001,found,BldRgstHubService.getBrTitleInfo,,,,,,
asset_master,review,asset_field_change_candidate,,business_stage,사업단계,business_stage,개발,,,Review. Some address/physical fields may intentionally differ after geocode/API cleanup.,ast_1f096e28a63c,AP00012001,not_checked,,,,,,,
asset_master,review,asset_field_change_candidate,,portfolio_region,투자지역,portfolio_region,대한민국,,,Review. Some address/physical fields may intentionally differ after geocode/API cleanup.,ast_1f096e28a63c,AP00012001,not_checked,,,,,,,
asset_master,review,asset_field_change_candidate,,business_stage,사업단계,business_stage,개발,,,Review. Some address/physical fields may intentionally differ after geocode/API cleanup.,ast_a6782d520cea,AP00013001,pending,,,,,,,
asset_master,review,asset_field_change_candidate,,portfolio_region,투자지역,portfolio_region,대한민국,,,Review. Some address/physical fields may intentionally differ after geocode/API cleanup.,ast_a6782d520cea,AP00013001,pending,,,,,,,
asset_master,review,asset_field_change_candidate,,country_code,국내/해외,country_code,KR,,,Review. Some address/physical fields may intentionally differ after geocode/API cleanup.,ast_a6782d520cea,AP00013001,pending,,,,,,,
asset_master,review,asset_field_change_candidate,,business_stage,사업단계,business_stage,운영/실물,,,Review. Some address/physical fields may intentionally differ after geocode/API cleanup.,ast_c216d24d224b,AP00014001,not_checked,,,,,,,
asset_master,review,asset_field_change_candidate,,portfolio_region,투자지역,portfolio_region,대한민국,,,Review. Some address/physical fields may intentionally differ after geocode/API cleanup.,ast_c216d24d224b,AP00014001,not_checked,,,,,,,
asset_master,review,asset_field_change_candidate,,business_stage,사업단계,business_stage,개발,,,Review. Some address/physical fields may intentionally differ after geocode/API cleanup.,ast_35ecf256fe62,AP00015001,pending,,,,,,,
asset_master,review,asset_field_change_candidate,,portfolio_region,투자지역,portfolio_region,대한민국,,,Review. Some address/physical fields may intentionally differ after geocode/API cleanup.,ast_35ecf256fe62,AP00015001,pending,,,,,,,
asset_master,review,asset_field_change_candidate,,business_stage,사업단계,business_stage,부실,,,Review. Some address/physical fields may intentionally differ after geocode/API cleanup.,ast_6823b524f42f,AP00016001,found,BldRgstHubService.getBrTitleInfo,,,,,,
asset_master,review,asset_field_change_candidate,,portfolio_region,투자지역,portfolio_region,대한민국,,,Review. Some address/physical fields may intentionally differ after geocode/API cleanup.,ast_6823b524f42f,AP00016001,found,BldRgstHubService.getBrTitleInfo,,,,,,
asset_master,review,asset_field_change_candidate,,site_area,토지면적(㎡),site_area,,0,,Physical fields may be API-enriched. Review provenance before overwriting.,ast_6823b524f42f,AP00016001,found,BldRgstHubService.getBrTitleInfo,,,,,,
asset_master,review,asset_field_change_candidate,,business_stage,사업단계,business_stage,개발,,,Review. Some address/physical fields may intentionally differ after geocode/API cleanup.,ast_3c022176b9c4,AP00017001,found,BldRgstHubService.getBrTitleInfo,,,,,,
asset_master,review,asset_field_change_candidate,,portfolio_region,투자지역,portfolio_region,대한민국,,,Review. Some address/physical fields may intentionally differ after geocode/API cleanup.,ast_3c022176b9c4,AP00017001,found,BldRgstHubService.getBrTitleInfo,,,,,,
asset_master,review,asset_field_change_candidate,,site_area,토지면적(㎡),site_area,,0,,Physical fields may be API-enriched. Review provenance before overwriting.,ast_3c022176b9c4,AP00017001,found,BldRgstHubService.getBrTitleInfo,,,,,,
asset_master,review,asset_field_change_candidate,,parking,주차대수,parking,,옥내 0 / 옥외 13,,Review. Some address/physical fields may intentionally differ after geocode/API cleanup.,ast_3c022176b9c4,AP00017001,found,BldRgstHubService.getBrTitleInfo,,,,,,
asset_master,review,asset_field_change_candidate,,business_stage,사업단계,business_stage,운영/실물,,,Review. Some address/physical fields may intentionally differ after geocode/API cleanup.,ast_bb3782e6cd9f,AP00018001,found,BldRgstHubService.getBrTitleInfo,,,,,,
asset_master,review,asset_field_change_candidate,,portfolio_region,투자지역,portfolio_region,대한민국,,,Review. Some address/physical fields may intentionally differ after geocode/API cleanup.,ast_bb3782e6cd9f,AP00018001,found,BldRgstHubService.getBrTitleInfo,,,,,,
asset_master,review,asset_field_change_candidate,,country_code,국내/해외,country_code,KR,,,Review. Some address/physical fields may intentionally differ after geocode/API cleanup.,ast_bb3782e6cd9f,AP00018001,found,BldRgstHubService.getBrTitleInfo,,,,,,
asset_master,review,asset_field_change_candidate,,site_area,토지면적(㎡),site_area,,39053,,Physical fields may be API-enriched. Review provenance before overwriting.,ast_bb3782e6cd9f,AP00018001,found,BldRgstHubService.getBrTitleInfo,,,,,,
asset_master,review,asset_field_change_candidate,,completion_date,준공(예정)일,completion_date,,2024-09-24,,Review. Some address/physical fields may intentionally differ after geocode/API cleanup.,ast_bb3782e6cd9f,AP00018001,found,BldRgstHubService.getBrTitleInfo,,,,,,
asset_master,review,asset_field_change_candidate,,parking,주차대수,parking,,옥내 3608 / 옥외 0,,Review. Some address/physical fields may intentionally differ after geocode/API cleanup.,ast_bb3782e6cd9f,AP00018001,found,BldRgstHubService.getBrTitleInfo,,,,,,
asset_master,review,asset_field_change_candidate,,business_stage,사업단계,business_stage,운영/실물,,,Review. Some address/physical fields may intentionally differ after geocode/API cleanup.,ast_e4e8c1b51392,AP00019001,not_checked,,,,,,,
asset_master,review,asset_field_change_candidate,,portfolio_region,투자지역,portfolio_region,대한민국,,,Review. Some address/physical fields may intentionally differ after geocode/API cleanup.,ast_e4e8c1b51392,AP00019001,not_checked,,,,,,,
asset_master,review,asset_field_change_candidate,,business_stage,사업단계,business_stage,개발,,,Review. Some address/physical fields may intentionally differ after geocode/API cleanup.,ast_4993a29b4a10,AP00020001,not_checked,,,,,,,
asset_master,review,asset_field_change_candidate,,portfolio_region,투자지역,portfolio_region,대한민국,,,Review. Some address/physical fields may intentionally differ after geocode/API cleanup.,ast_4993a29b4a10,AP00020001,not_checked,,,,,,,
asset_master,review,asset_field_change_candidate,,business_stage,사업단계,business_stage,운영/실물,,,Review. Some address/physical fields may intentionally differ after geocode/API cleanup.,ast_bc54b586be28,AP00021001,found,BldRgstHubService.getBrTitleInfo,,,,,,
asset_master,review,asset_field_change_candidate,,portfolio_region,투자지역,portfolio_region,대한민국,,,Review. Some address/physical fields may intentionally differ after geocode/API cleanup.,ast_bc54b586be28,AP00021001,found,BldRgstHubService.getBrTitleInfo,,,,,,
asset_master,review,asset_field_change_candidate,,gross_floor_area,연면적(m²),gross_floor_area,,20624,,Physical fields may be API-enriched. Review provenance before overwriting.,ast_bc54b586be28,AP00021001,found,BldRgstHubService.getBrTitleInfo,,,,,,
asset_master,review,asset_field_change_candidate,,site_area,토지면적(㎡),site_area,,2588,,Physical fields may be API-enriched. Review provenance before overwriting.,ast_bc54b586be28,AP00021001,found,BldRgstHubService.getBrTitleInfo,,,,,,
asset_master,review,asset_field_change_candidate,,parking,주차대수,parking,,옥내 162 / 옥외 0,,Review. Some address/physical fields may intentionally differ after geocode/API cleanup.,ast_bc54b586be28,AP00021001,found,BldRgstHubService.getBrTitleInfo,,,,,,
asset_master,review,asset_field_change_candidate,,business_stage,사업단계,business_stage,부실,,,Review. Some address/physical fields may intentionally differ after geocode/API cleanup.,ast_1f6899d52522,AP00022001,pending,,,,,,,
asset_master,review,asset_field_change_candidate,,portfolio_region,투자지역,portfolio_region,대한민국,,,Review. Some address/physical fields may intentionally differ after geocode/API cleanup.,ast_1f6899d52522,AP00022001,pending,,,,,,,
asset_master,review,asset_field_change_candidate,,business_stage,사업단계,business_stage,부실,,,Review. Some address/physical fields may intentionally differ after geocode/API cleanup.,ast_d874a81175a1,AP00024001,pending,,,,,,,
asset_master,review,asset_field_change_candidate,,portfolio_region,투자지역,portfolio_region,대한민국,,,Review. Some address/physical fields may intentionally differ after geocode/API cleanup.,ast_d874a81175a1,AP00024001,pending,,,,,,,
asset_master,review,asset_field_change_candidate,,business_stage,사업단계,business_stage,부실,,,Review. Some address/physical fields may intentionally differ after geocode/API cleanup.,ast_4b5c26617588,AP00025001,pending,,,,,,,
asset_master,review,asset_field_change_candidate,,portfolio_region,투자지역,portfolio_region,대한민국,,,Review. Some address/physical fields may intentionally differ after geocode/API cleanup.,ast_4b5c26617588,AP00025001,pending,,,,,,,
asset_master,review,asset_field_change_candidate,,business_stage,사업단계,business_stage,부실,,,Review. Some address/physical fields may intentionally differ after geocode/API cleanup.,ast_d3f5d6add1ca,AP00026001,pending,,,,,,,
asset_master,review,asset_field_change_candidate,,portfolio_region,투자지역,portfolio_region,대한민국,,,Review. Some address/physical fields may intentionally differ after geocode/API cleanup.,ast_d3f5d6add1ca,AP00026001,pending,,,,,,,
asset_master,review,asset_field_change_candidate,,business_stage,사업단계,business_stage,개발,,,Review. Some address/physical fields may intentionally differ after geocode/API cleanup.,ast_081de2d9bdd9,AP00027001,pending,,,,,,,
asset_master,review,asset_field_change_candidate,,portfolio_region,투자지역,portfolio_region,대한민국,,,Review. Some address/physical fields may intentionally differ after geocode/API cleanup.,ast_081de2d9bdd9,AP00027001,pending,,,,,,,
asset_master,review,asset_field_change_candidate,,business_stage,사업단계,business_stage,부실,,,Review. Some address/physical fields may intentionally differ after geocode/API cleanup.,ast_c3ac30b33acf,AP00028001,not_checked,,,,,,,
asset_master,review,asset_field_change_candidate,,portfolio_region,투자지역,portfolio_region,대한민국,,,Review. Some address/physical fields may intentionally differ after geocode/API cleanup.,ast_c3ac30b33acf,AP00028001,not_checked,,,,,,,
asset_master,review,asset_field_change_candidate,,business_stage,사업단계,business_stage,개발,,,Review. Some address/physical fields may intentionally differ after geocode/API cleanup.,ast_0527c87b54b5,AP00029001,pending,,,,,,,
asset_master,review,asset_field_change_candidate,,portfolio_region,투자지역,portfolio_region,대한민국,,,Review. Some address/physical fields may intentionally differ after geocode/API cleanup.,ast_0527c87b54b5,AP00029001,pending,,,,,,,
asset_master,review,asset_field_change_candidate,,business_stage,사업단계,business_stage,개발,,,Review. Some address/physical fields may intentionally differ after geocode/API cleanup.,ast_a4549cd85c41,AP00030001,found,BldRgstHubService.getBrTitleInfo,,,,,,
asset_master,review,asset_field_change_candidate,,portfolio_region,투자지역,portfolio_region,대한민국,,,Review. Some address/physical fields may intentionally differ after geocode/API cleanup.,ast_a4549cd85c41,AP00030001,found,BldRgstHubService.getBrTitleInfo,,,,,,
asset_master,review,asset_field_change_candidate,,site_area,토지면적(㎡),site_area,,18760,,Physical fields may be API-enriched. Review provenance before overwriting.,ast_a4549cd85c41,AP00030001,found,BldRgstHubService.getBrTitleInfo,,,,,,
asset_master,review,asset_field_change_candidate,,completion_date,준공(예정)일,completion_date,,1984-11-29,,Review. Some address/physical fields may intentionally differ after geocode/API cleanup.,ast_a4549cd85c41,AP00030001,found,BldRgstHubService.getBrTitleInfo,,,,,,
asset_master,review,asset_field_change_candidate,,parking,주차대수,parking,,옥내 401 / 옥외 88,,Review. Some address/physical fields may intentionally differ after geocode/API cleanup.,ast_a4549cd85c41,AP00030001,found,BldRgstHubService.getBrTitleInfo,,,,,,
asset_master,review,asset_field_change_candidate,,business_stage,사업단계,business_stage,부실,,,Review. Some address/physical fields may intentionally differ after geocode/API cleanup.,ast_89f1f1989a34,AP00031001,found,BldRgstHubService.getBrTitleInfo,,,,,,
asset_master,review,asset_field_change_candidate,,portfolio_region,투자지역,portfolio_region,대한민국,,,Review. Some address/physical fields may intentionally differ after geocode/API cleanup.,ast_89f1f1989a34,AP00031001,found,BldRgstHubService.getBrTitleInfo,,,,,,
asset_master,review,asset_field_change_candidate,,site_area,토지면적(㎡),site_area,,1957,,Physical fields may be API-enriched. Review provenance before overwriting.,ast_89f1f1989a34,AP00031001,found,BldRgstHubService.getBrTitleInfo,,,,,,
asset_master,review,asset_field_change_candidate,,parking,주차대수,parking,,옥내 0 / 옥외 23,,Review. Some address/physical fields may intentionally differ after geocode/API cleanup.,ast_89f1f1989a34,AP00031001,found,BldRgstHubService.getBrTitleInfo,,,,,,
asset_master,review,asset_field_change_candidate,,business_stage,사업단계,business_stage,개발,,,Review. Some address/physical fields may intentionally differ after geocode/API cleanup.,ast_ba5f85af264f,AP00032001,pending,,,,,,,
asset_master,review,asset_field_change_candidate,,portfolio_region,투자지역,portfolio_region,대한민국,,,Review. Some address/physical fields may intentionally differ after geocode/API cleanup.,ast_ba5f85af264f,AP00032001,pending,,,,,,,
asset_master,review,asset_field_change_candidate,,business_stage,사업단계,business_stage,개발,,,Review. Some address/physical fields may intentionally differ after geocode/API cleanup.,ast_94dd7f193182,AP00033001,pending,,,,,,,
asset_master,review,asset_field_change_candidate,,portfolio_region,투자지역,portfolio_region,대한민국,,,Review. Some address/physical fields may intentionally differ after geocode/API cleanup.,ast_94dd7f193182,AP00033001,pending,,,,,,,
asset_master,review,asset_field_change_candidate,,business_stage,사업단계,business_stage,부실,,,Review. Some address/physical fields may intentionally differ after geocode/API cleanup.,ast_bad984e26b0b,AP00034001,pending,,,,,,,
asset_master,review,asset_field_change_candidate,,portfolio_region,투자지역,portfolio_region,대한민국,,,Review. Some address/physical fields may intentionally differ after geocode/API cleanup.,ast_bad984e26b0b,AP00034001,pending,,,,,,,
asset_master,review,asset_field_change_candidate,,business_stage,사업단계,business_stage,개발,,,Review. Some address/physical fields may intentionally differ after geocode/API cleanup.,ast_5316c8adc2fb,AP00035001,pending,,,,,,,
asset_master,review,asset_field_change_candidate,,portfolio_region,투자지역,portfolio_region,대한민국,,,Review. Some address/physical fields may intentionally differ after geocode/API cleanup.,ast_5316c8adc2fb,AP00035001,pending,,,,,,,
asset_master,review,asset_field_change_candidate,,business_stage,사업단계,business_stage,개발,,,Review. Some address/physical fields may intentionally differ after geocode/API cleanup.,ast_2c946ed0b0fa,AP00037001,found,BldRgstHubService.getBrTitleInfo,,,,,,
asset_master,review,asset_field_change_candidate,,portfolio_region,투자지역,portfolio_region,대한민국,,,Review. Some address/physical fields may intentionally differ after geocode/API cleanup.,ast_2c946ed0b0fa,AP00037001,found,BldRgstHubService.getBrTitleInfo,,,,,,
asset_master,review,asset_field_change_candidate,,site_area,토지면적(㎡),site_area,,3965,,Physical fields may be API-enriched. Review provenance before overwriting.,ast_2c946ed0b0fa,AP00037001,found,BldRgstHubService.getBrTitleInfo,,,,,,
asset_master,review,asset_field_change_candidate,,completion_date,준공(예정)일,completion_date,,1970-08-20,,Review. Some address/physical fields may intentionally differ after geocode/API cleanup.,ast_2c946ed0b0fa,AP00037001,found,BldRgstHubService.getBrTitleInfo,,,,,,
asset_master,review,asset_field_change_candidate,,business_stage,사업단계,business_stage,개발,,,Review. Some address/physical fields may intentionally differ after geocode/API cleanup.,ast_bb94f2f213ab,AP00039001,not_checked,,,,,,,
asset_master,review,asset_field_change_candidate,,portfolio_region,투자지역,portfolio_region,대한민국,,,Review. Some address/physical fields may intentionally differ after geocode/API cleanup.,ast_c560bb54059f,AP00040001,not_checked,,,,,,,
asset_master,review,asset_field_change_candidate,,portfolio_region,투자지역,portfolio_region,대한민국,,,Review. Some address/physical fields may intentionally differ after geocode/API cleanup.,ast_24f9e46b72d9,AR00001001,pending,,,,,,,
asset_master,review,asset_field_change_candidate,,portfolio_region,투자지역,portfolio_region,대한민국,,,Review. Some address/physical fields may intentionally differ after geocode/API cleanup.,ast_fe54855dac7e,AR00004001,pending,,,,,,,
asset_master,review,asset_field_change_candidate,,portfolio_region,투자지역,portfolio_region,대한민국,,,Review. Some address/physical fields may intentionally differ after geocode/API cleanup.,ast_df61856e9446,AR00006001,found,BldRgstHubService.getBrTitleInfo,,,,,,
asset_master,review,asset_field_change_candidate,,site_area,토지면적(㎡),site_area,,3588,,Physical fields may be API-enriched. Review provenance before overwriting.,ast_df61856e9446,AR00006001,found,BldRgstHubService.getBrTitleInfo,,,,,,
asset_master,review,asset_field_change_candidate,,completion_date,준공(예정)일,completion_date,,2000-06-10,,Review. Some address/physical fields may intentionally differ after geocode/API cleanup.,ast_df61856e9446,AR00006001,found,BldRgstHubService.getBrTitleInfo,,,,,,
asset_master,review,asset_field_change_candidate,,parking,주차대수,parking,,옥내 41 / 옥외 0,,Review. Some address/physical fields may intentionally differ after geocode/API cleanup.,ast_df61856e9446,AR00006001,found,BldRgstHubService.getBrTitleInfo,,,,,,
asset_master,review,asset_field_change_candidate,,portfolio_region,투자지역,portfolio_region,북미,,,Review. Some address/physical fields may intentionally differ after geocode/API cleanup.,ast_c4e7fa860d3b,AR00006002,not_checked,,,,,,,
asset_master,review,asset_field_change_candidate,,country_code,국내/해외,country_code,OVERSEAS,,,Review. Some address/physical fields may intentionally differ after geocode/API cleanup.,ast_c4e7fa860d3b,AR00006002,not_checked,,,,,,,
asset_master,review,asset_field_change_candidate,,portfolio_region,투자지역,portfolio_region,대한민국,,,Review. Some address/physical fields may intentionally differ after geocode/API cleanup.,ast_30141631f2e1,AR00007001,found,BldRgstHubService.getBrTitleInfo,,,,,,
asset_master,review,asset_field_change_candidate,,site_area,토지면적(㎡),site_area,,28879,,Physical fields may be API-enriched. Review provenance before overwriting.,ast_30141631f2e1,AR00007001,found,BldRgstHubService.getBrTitleInfo,,,,,,
asset_master,review,asset_field_change_candidate,,completion_date,준공(예정)일,completion_date,,2017-05-16,,Review. Some address/physical fields may intentionally differ after geocode/API cleanup.,ast_30141631f2e1,AR00007001,found,BldRgstHubService.getBrTitleInfo,,,,,,
asset_master,review,asset_field_change_candidate,,parking,주차대수,parking,,옥내 0 / 옥외 110,,Review. Some address/physical fields may intentionally differ after geocode/API cleanup.,ast_30141631f2e1,AR00007001,found,BldRgstHubService.getBrTitleInfo,,,,,,
asset_master,review,asset_field_change_candidate,,portfolio_region,투자지역,portfolio_region,대한민국,,,Review. Some address/physical fields may intentionally differ after geocode/API cleanup.,ast_1267a3bda5d2,AR00008001,found,BldRgstHubService.getBrTitleInfo,,,,,,
asset_master,review,asset_field_change_candidate,,site_area,토지면적(㎡),site_area,,4094,,Physical fields may be API-enriched. Review provenance before overwriting.,ast_1267a3bda5d2,AR00008001,found,BldRgstHubService.getBrTitleInfo,,,,,,
asset_master,review,asset_field_change_candidate,,completion_date,준공(예정)일,completion_date,,1997-05-06,,Review. Some address/physical fields may intentionally differ after geocode/API cleanup.,ast_1267a3bda5d2,AR00008001,found,BldRgstHubService.getBrTitleInfo,,,,,,
asset_master,review,asset_field_change_candidate,,parking,주차대수,parking,,옥내 71 / 옥외 42,,Review. Some address/physical fields may intentionally differ after geocode/API cleanup.,ast_1267a3bda5d2,AR00008001,found,BldRgstHubService.getBrTitleInfo,,,,,,
asset_master,review,asset_field_change_candidate,,portfolio_region,투자지역,portfolio_region,대한민국,,,Review. Some address/physical fields may intentionally differ after geocode/API cleanup.,ast_3ea6cef0a8e3,AR00008002,found,BldRgstHubService.getBrTitleInfo,,,,,,
asset_master,review,asset_field_change_candidate,,site_area,토지면적(㎡),site_area,,651,,Physical fields may be API-enriched. Review provenance before overwriting.,ast_3ea6cef0a8e3,AR00008002,found,BldRgstHubService.getBrTitleInfo,,,,,,
asset_master,review,asset_field_change_candidate,,completion_date,준공(예정)일,completion_date,,2018-04-09,,Review. Some address/physical fields may intentionally differ after geocode/API cleanup.,ast_3ea6cef0a8e3,AR00008002,found,BldRgstHubService.getBrTitleInfo,,,,,,
asset_master,review,asset_field_change_candidate,,portfolio_region,투자지역,portfolio_region,대한민국,,,Review. Some address/physical fields may intentionally differ after geocode/API cleanup.,ast_0c50fdc60ef8,AR00008003,found,BldRgstHubService.getBrTitleInfo,,,,,,
asset_master,review,asset_field_change_candidate,,site_area,토지면적(㎡),site_area,,3622,,Physical fields may be API-enriched. Review provenance before overwriting.,ast_0c50fdc60ef8,AR00008003,found,BldRgstHubService.getBrTitleInfo,,,,,,
asset_master,review,asset_field_change_candidate,,completion_date,준공(예정)일,completion_date,,2023-04-21,,Review. Some address/physical fields may intentionally differ after geocode/API cleanup.,ast_0c50fdc60ef8,AR00008003,found,BldRgstHubService.getBrTitleInfo,,,,,,
asset_master,review,asset_field_change_candidate,,parking,주차대수,parking,,옥내 101 / 옥외 0,,Review. Some address/physical fields may intentionally differ after geocode/API cleanup.,ast_0c50fdc60ef8,AR00008003,found,BldRgstHubService.getBrTitleInfo,,,,,,
asset_master,review,asset_field_change_candidate,,portfolio_region,투자지역,portfolio_region,대한민국,,,Review. Some address/physical fields may intentionally differ after geocode/API cleanup.,ast_0eb50d2cf958,AR00008004,found,BldRgstHubService.getBrTitleInfo,,,,,,
asset_master,review,asset_field_change_candidate,,site_area,토지면적(㎡),site_area,,22592,,Physical fields may be API-enriched. Review provenance before overwriting.,ast_0eb50d2cf958,AR00008004,found,BldRgstHubService.getBrTitleInfo,,,,,,
asset_master,review,asset_field_change_candidate,,completion_date,준공(예정)일,completion_date,,2017-10-17,,Review. Some address/physical fields may intentionally differ after geocode/API cleanup.,ast_0eb50d2cf958,AR00008004,found,BldRgstHubService.getBrTitleInfo,,,,,,
asset_master,review,asset_field_change_candidate,,parking,주차대수,parking,,옥내 635 / 옥외 0,,Review. Some address/physical fields may intentionally differ after geocode/API cleanup.,ast_0eb50d2cf958,AR00008004,found,BldRgstHubService.getBrTitleInfo,,,,,,
asset_master,review,asset_field_change_candidate,,portfolio_region,투자지역,portfolio_region,대한민국,,,Review. Some address/physical fields may intentionally differ after geocode/API cleanup.,ast_c390565c53af,AR00008005,found,BldRgstHubService.getBrTitleInfo,,,,,,
asset_master,review,asset_field_change_candidate,,site_area,토지면적(㎡),site_area,,22592,,Physical fields may be API-enriched. Review provenance before overwriting.,ast_c390565c53af,AR00008005,found,BldRgstHubService.getBrTitleInfo,,,,,,
asset_master,review,asset_field_change_candidate,,completion_date,준공(예정)일,completion_date,,2017-10-17,,Review. Some address/physical fields may intentionally differ after geocode/API cleanup.,ast_c390565c53af,AR00008005,found,BldRgstHubService.getBrTitleInfo,,,,,,
asset_master,review,asset_field_change_candidate,,parking,주차대수,parking,,옥내 635 / 옥외 0,,Review. Some address/physical fields may intentionally differ after geocode/API cleanup.,ast_c390565c53af,AR00008005,found,BldRgstHubService.getBrTitleInfo,,,,,,
asset_master,review,asset_field_change_candidate,,portfolio_region,투자지역,portfolio_region,대한민국,,,Review. Some address/physical fields may intentionally differ after geocode/API cleanup.,ast_ae0f1f82c083,AR00009001,found,BldRgstHubService.getBrTitleInfo,,,,,,
asset_master,review,asset_field_change_candidate,,site_area,토지면적(㎡),site_area,,19074,,Physical fields may be API-enriched. Review provenance before overwriting.,ast_ae0f1f82c083,AR00009001,found,BldRgstHubService.getBrTitleInfo,,,,,,
asset_master,review,asset_field_change_candidate,,completion_date,준공(예정)일,completion_date,,2021-10-19,,Review. Some address/physical fields may intentionally differ after geocode/API cleanup.,ast_ae0f1f82c083,AR00009001,found,BldRgstHubService.getBrTitleInfo,,,,,,
asset_master,review,asset_field_change_candidate,,parking,주차대수,parking,,옥내 0 / 옥외 101,,Review. Some address/physical fields may intentionally differ after geocode/API cleanup.,ast_ae0f1f82c083,AR00009001,found,BldRgstHubService.getBrTitleInfo,,,,,,
asset_master,review,asset_field_change_candidate,,portfolio_region,투자지역,portfolio_region,북미,,,Review. Some address/physical fields may intentionally differ after geocode/API cleanup.,ast_17d191ea5a3f,AR00010001,not_checked,,,,,,,
asset_master,review,asset_field_change_candidate,,country_code,국내/해외,country_code,OVERSEAS,,,Review. Some address/physical fields may intentionally differ after geocode/API cleanup.,ast_17d191ea5a3f,AR00010001,not_checked,,,,,,,
asset_master,review,asset_field_change_candidate,,business_stage,사업단계,business_stage,운영/실물,,,Review. Some address/physical fields may intentionally differ after geocode/API cleanup.,ast_b3c81fc9c5cf,AR00013001,found,BldRgstHubService.getBrTitleInfo,,,,,,
asset_master,review,asset_field_change_candidate,,portfolio_region,투자지역,portfolio_region,대한민국,,,Review. Some address/physical fields may intentionally differ after geocode/API cleanup.,ast_b3c81fc9c5cf,AR00013001,found,BldRgstHubService.getBrTitleInfo,,,,,,
asset_master,review,asset_field_change_candidate,,business_stage,사업단계,business_stage,운영/실물,,,Review. Some address/physical fields may intentionally differ after geocode/API cleanup.,ast_922fd1f841cc,AR00015001,found,BldRgstHubService.getBrTitleInfo,,,,,,
asset_master,review,asset_field_change_candidate,,portfolio_region,투자지역,portfolio_region,대한민국,,,Review. Some address/physical fields may intentionally differ after geocode/API cleanup.,ast_922fd1f841cc,AR00015001,found,BldRgstHubService.getBrTitleInfo,,,,,,
asset_master,review,asset_field_change_candidate,,parking,주차대수,parking,,옥내 513 / 옥외 2,,Review. Some address/physical fields may intentionally differ after geocode/API cleanup.,ast_922fd1f841cc,AR00015001,found,BldRgstHubService.getBrTitleInfo,,,,,,
asset_master,review,asset_field_change_candidate,,business_stage,사업단계,business_stage,개발,,,Review. Some address/physical fields may intentionally differ after geocode/API cleanup.,ast_c1aba7a35f32,AR00016001,pending,,,,,,,
asset_master,review,asset_field_change_candidate,,portfolio_region,투자지역,portfolio_region,대한민국,,,Review. Some address/physical fields may intentionally differ after geocode/API cleanup.,ast_c1aba7a35f32,AR00016001,pending,,,,,,,
asset_master,review,asset_field_change_candidate,,business_stage,사업단계,business_stage,부실,,,Review. Some address/physical fields may intentionally differ after geocode/API cleanup.,ast_4ea718fb3f43,AS00002001,found,BldRgstHubService.getBrTitleInfo,,,,,,
asset_master,review,asset_field_change_candidate,,portfolio_region,투자지역,portfolio_region,대한민국,,,Review. Some address/physical fields may intentionally differ after geocode/API cleanup.,ast_4ea718fb3f43,AS00002001,found,BldRgstHubService.getBrTitleInfo,,,,,,
asset_master,review,asset_field_change_candidate,,site_area,토지면적(㎡),site_area,,23946,,Physical fields may be API-enriched. Review provenance before overwriting.,ast_4ea718fb3f43,AS00002001,found,BldRgstHubService.getBrTitleInfo,,,,,,
asset_master,review,asset_field_change_candidate,,parking,주차대수,parking,,옥내 97 / 옥외 43,,Review. Some address/physical fields may intentionally differ after geocode/API cleanup.,ast_4ea718fb3f43,AS00002001,found,BldRgstHubService.getBrTitleInfo,,,,,,
fund_asset_link,update_candidate,source_pair_not_in_supabase_exact,112006,,,,,,,Check canonical merge/inferred link before deciding whether to update asset_fund_links.,,,,,눈스퀘어,,,,,
fund_asset_link,review,source_pair_not_in_supabase_exact,112008,,,,,,,Check canonical merge/inferred link before deciding whether to update asset_fund_links.,,,,,홈플러스금천점,홈플러스센텀시티점 | 홈플러스동수원점,,,,
fund_asset_link,review,source_pair_not_in_supabase_exact,112008,,,,,,,Check canonical merge/inferred link before deciding whether to update asset_fund_links.,,,,,홈플러스영등포점,홈플러스센텀시티점 | 홈플러스동수원점,,,,
fund_asset_link,update_candidate,source_pair_not_in_supabase_exact,112016,,,,,,,Check canonical merge/inferred link before deciding whether to update asset_fund_links.,,,,,남산그린빌딩,,,,,
fund_asset_link,update_candidate,source_pair_not_in_supabase_exact,112017,,,,,,,Check canonical merge/inferred link before deciding whether to update asset_fund_links.,,,,,G밸리비즈플라자,,,,,
fund_asset_link,update_candidate,source_pair_not_in_supabase_exact,112024,,,,,,,Check canonical merge/inferred link before deciding whether to update asset_fund_links.,,,,,트윈트리타워,,,,,
fund_asset_link,update_candidate,source_pair_not_in_supabase_exact,112029,,,,,,,Check canonical merge/inferred link before deciding whether to update asset_fund_links.,,,,,노스게이트빌딩,,,,,
fund_asset_link,update_candidate,source_pair_not_in_supabase_exact,112038,,,,,,,Check canonical merge/inferred link before deciding whether to update asset_fund_links.,,,,,오토웨이타워,,,,,
fund_asset_link,update_candidate,source_pair_not_in_supabase_exact,112039,,,,,,,Check canonical merge/inferred link before deciding whether to update asset_fund_links.,,,,,정동빌딩,,,,,
fund_asset_link,update_candidate,source_pair_not_in_supabase_exact,112064,,,,,,,Check canonical merge/inferred link before deciding whether to update asset_fund_links.,,,,,쌈지길,,,,,
fund_asset_link,update_candidate,source_pair_not_in_supabase_exact,112086,,,,,,,Check canonical merge/inferred link before deciding whether to update asset_fund_links.,,,,,신도림핀포인트,,,,,
fund_asset_link,update_candidate,source_pair_not_in_supabase_exact,112104,,,,,,,Check canonical merge/inferred link before deciding whether to update asset_fund_links.,,,,,태평로빌딩,,,,,
fund_asset_link,update_candidate,source_pair_not_in_supabase_exact,112114,,,,,,,Check canonical merge/inferred link before deciding whether to update asset_fund_links.,,,,,PFV_Lotus (지분증권),,,,,
fund_asset_link,update_candidate,source_pair_not_in_supabase_exact,112115,,,,,,,Check canonical merge/inferred link before deciding whether to update asset_fund_links.,,,,,PFV_Lotus (사채),,,,,
fund_asset_link,review,source_pair_not_in_supabase_exact,112128,,,,,,,Check canonical merge/inferred link before deciding whether to update asset_fund_links.,,,,,시그니쳐타워,아레나스양지물류센터,,,,
fund_asset_link,review,source_pair_not_in_supabase_exact,112128,,,,,,,Check canonical merge/inferred link before deciding whether to update asset_fund_links.,,,,,V플렉스,아레나스양지물류센터,,,,
fund_asset_link,review,source_pair_not_in_supabase_exact,112128,,,,,,,Check canonical merge/inferred link before deciding whether to update asset_fund_links.,,,,,포포인츠바이쉐라톤조선서울명동,아레나스양지물류센터,,,,
fund_asset_link,update_candidate,source_pair_not_in_supabase_exact,112144,,,,,,,Check canonical merge/inferred link before deciding whether to update asset_fund_links.,,,,,V플렉스,,,,,
fund_asset_link,update_candidate,source_pair_not_in_supabase_exact,112146,,,,,,,Check canonical merge/inferred link before deciding whether to update asset_fund_links.,,,,,V플렉스,,,,,
fund_asset_link,update_candidate,source_pair_not_in_supabase_exact,112160,,,,,,,Check canonical merge/inferred link before deciding whether to update asset_fund_links.,,,,,지엘가산메트로 주식회사,,,,,
fund_asset_link,review,source_pair_not_in_supabase_exact,112175,,,,,,,Check canonical merge/inferred link before deciding whether to update asset_fund_links.,,,,,151호 수익증권(재간접),부평 더샵센트럴시티 공공지원민간임대주택,,,,
fund_asset_link,update_candidate,source_pair_not_in_supabase_exact,112205,,,,,,,Check canonical merge/inferred link before deciding whether to update asset_fund_links.,,,,,건대몰오브K,,,,,
fund_asset_link,update_candidate,source_pair_not_in_supabase_exact,112209,,,,,,,Check canonical merge/inferred link before deciding whether to update asset_fund_links.,,,,,센터필드,,,,,
fund_asset_link,update_candidate,source_pair_not_in_supabase_exact,112210,,,,,,,Check canonical merge/inferred link before deciding whether to update asset_fund_links.,,,,,센터필드,,,,,
fund_asset_link,update_candidate,source_pair_not_in_supabase_exact,112211,,,,,,,Check canonical merge/inferred link before deciding whether to update asset_fund_links.,,,,,센터필드,,,,,
fund_asset_link,update_candidate,source_pair_not_in_supabase_exact,112212,,,,,,,Check canonical merge/inferred link before deciding whether to update asset_fund_links.,,,,,센터필드,,,,,
fund_asset_link,review,source_pair_not_in_supabase_exact,112237,,,,,,,Check canonical merge/inferred link before deciding whether to update asset_fund_links.,,,,,오투타워,타임테라스동탄,,,,
fund_asset_link,review,source_pair_not_in_supabase_exact,112237,,,,,,,Check canonical merge/inferred link before deciding whether to update asset_fund_links.,,,,,타임워크명동,타임테라스동탄,,,,
fund_asset_link,review,source_pair_not_in_supabase_exact,112237,,,,,,,Check canonical merge/inferred link before deciding whether to update asset_fund_links.,,,,,서울로타워,타임테라스동탄,,,,
fund_asset_link,update_candidate,source_pair_not_in_supabase_exact,112268,,,,,,,Check canonical merge/inferred link before deciding whether to update asset_fund_links.,,,,,트레블로지명동시티홀호텔,,,,,
fund_asset_link,update_candidate,source_pair_not_in_supabase_exact,112270,,,,,,,Check canonical merge/inferred link before deciding whether to update asset_fund_links.,,,,,반포이수화학본사사옥,,,,,
fund_asset_link,update_candidate,source_pair_not_in_supabase_exact,112271,,,,,,,Check canonical merge/inferred link before deciding whether to update asset_fund_links.,,,,,반포이수화학본사사옥,,,,,
fund_asset_link,update_candidate,source_pair_not_in_supabase_exact,112272,,,,,,,Check canonical merge/inferred link before deciding whether to update asset_fund_links.,,,,,반포이수화학본사사옥,,,,,
fund_asset_link,update_candidate,source_pair_not_in_supabase_exact,112305,,,,,,,Check canonical merge/inferred link before deciding whether to update asset_fund_links.,,,,,금강타워3,,,,,
fund_asset_link,update_candidate,source_pair_not_in_supabase_exact,112350,,,,,,,Check canonical merge/inferred link before deciding whether to update asset_fund_links.,,,,,타임워크명동,,,,,
fund_asset_link,update_candidate,source_pair_not_in_supabase_exact,112351,,,,,,,Check canonical merge/inferred link before deciding whether to update asset_fund_links.,,,,,타임워크명동,,,,,
fund_asset_link,review,source_pair_not_in_supabase_exact,112362,,,,,,,Check canonical merge/inferred link before deciding whether to update asset_fund_links.,,,,,GRAN PASEO 혼코마고메,Tokyo District 23 Residential Portfolio,,,,
fund_asset_link,review,source_pair_not_in_supabase_exact,112362,,,,,,,Check canonical merge/inferred link before deciding whether to update asset_fund_links.,,,,,PASEO 신주쿠,Tokyo District 23 Residential Portfolio,,,,
fund_asset_link,review,source_pair_not_in_supabase_exact,112362,,,,,,,Check canonical merge/inferred link before deciding whether to update asset_fund_links.,,,,,PASEO 오기쿠보,Tokyo District 23 Residential Portfolio,,,,
fund_asset_link,review,source_pair_not_in_supabase_exact,112362,,,,,,,Check canonical merge/inferred link before deciding whether to update asset_fund_links.,,,,,PASEO 사사즈카,Tokyo District 23 Residential Portfolio,,,,
fund_asset_link,review,source_pair_not_in_supabase_exact,112362,,,,,,,Check canonical merge/inferred link before deciding whether to update asset_fund_links.,,,,,GRAN PASEO 신주쿠,Tokyo District 23 Residential Portfolio,,,,
fund_asset_link,review,source_pair_not_in_supabase_exact,112362,,,,,,,Check canonical merge/inferred link before deciding whether to update asset_fund_links.,,,,,PASEO 시모키타자와,Tokyo District 23 Residential Portfolio,,,,
fund_asset_link,review,source_pair_not_in_supabase_exact,112362,,,,,,,Check canonical merge/inferred link before deciding whether to update asset_fund_links.,,,,,GRAN PASEO 칸다에키마에,Tokyo District 23 Residential Portfolio,,,,
fund_asset_link,review,source_pair_not_in_supabase_exact,112362,,,,,,,Check canonical merge/inferred link before deciding whether to update asset_fund_links.,,,,,LEGALAND 와세다미나미,Tokyo District 23 Residential Portfolio,,,,
fund_asset_link,review,source_pair_not_in_supabase_exact,112362,,,,,,,Check canonical merge/inferred link before deciding whether to update asset_fund_links.,,,,,PASEO 토부네리마,Tokyo District 23 Residential Portfolio,,,,
fund_asset_link,review,source_pair_not_in_supabase_exact,112362,,,,,,,Check canonical merge/inferred link before deciding whether to update asset_fund_links.,,,,,아버하이츠 오우기오하시,Tokyo District 23 Residential Portfolio,,,,
fund_asset_link,update_candidate,source_pair_not_in_supabase_exact,112365,,,,,,,Check canonical merge/inferred link before deciding whether to update asset_fund_links.,,,,,CGV대학로,,,,,
fund_asset_link,update_candidate,source_pair_not_in_supabase_exact,112366,,,,,,,Check canonical merge/inferred link before deciding whether to update asset_fund_links.,,,,,CGV대학로,,,,,
fund_asset_link,update_candidate,source_pair_not_in_supabase_exact,112368,,,,,,,Check canonical merge/inferred link before deciding whether to update asset_fund_links.,,,,,KORNER 136,,,,,
fund_asset_link,update_candidate,source_pair_not_in_supabase_exact,112369,,,,,,,Check canonical merge/inferred link before deciding whether to update asset_fund_links.,,,,,KORNER 136,,,,,
fund_asset_link,update_candidate,source_pair_not_in_supabase_exact,112370,,,,,,,Check canonical merge/inferred link before deciding whether to update asset_fund_links.,,,,,KORNER 136,,,,,
fund_asset_link,update_candidate,source_pair_not_in_supabase_exact,112375,,,,,,,Check canonical merge/inferred link before deciding whether to update asset_fund_links.,,,,,OPUS407,,,,,
fund_asset_link,update_candidate,source_pair_not_in_supabase_exact,112376,,,,,,,Check canonical merge/inferred link before deciding whether to update asset_fund_links.,,,,,OPUS407,,,,,
fund_asset_link,update_candidate,source_pair_not_in_supabase_exact,112377,,,,,,,Check canonical merge/inferred link before deciding whether to update asset_fund_links.,,,,,OPUS407,,,,,
fund_asset_link,update_candidate,source_pair_not_in_supabase_exact,112378,,,,,,,Check canonical merge/inferred link before deciding whether to update asset_fund_links.,,,,,OPUS407,,,,,
fund_asset_link,review,source_pair_not_in_supabase_exact,112380,,,,,,,Check canonical merge/inferred link before deciding whether to update asset_fund_links.,,,,,"이지스기회추구2-1호 (330호, OPUS407/舊뉴욕제과빌딩)",호수빌딩,,,,
fund_asset_link,review,source_pair_not_in_supabase_exact,112380,,,,,,,Check canonical merge/inferred link before deciding whether to update asset_fund_links.,,,,,"이지스기회추구2-2호(353호,OPUS459/舊백암빌딩)",호수빌딩,,,,
fund_asset_link,update_candidate,source_pair_not_in_supabase_exact,112400,,,,,,,Check canonical merge/inferred link before deciding whether to update asset_fund_links.,,,,,태평로빌딩,,,,,
fund_asset_link,update_candidate,source_pair_not_in_supabase_exact,112421,,,,,,,Check canonical merge/inferred link before deciding whether to update asset_fund_links.,,,,,OPUS459(구. 백암빌딩),,,,,
fund_asset_link,update_candidate,source_pair_not_in_supabase_exact,112422,,,,,,,Check canonical merge/inferred link before deciding whether to update asset_fund_links.,,,,,OPUS459(구. 백암빌딩),,,,,
fund_asset_link,update_candidate,source_pair_not_in_supabase_exact,112423,,,,,,,Check canonical merge/inferred link before deciding whether to update asset_fund_links.,,,,,OPUS459(구. 백암빌딩),,,,,
fund_asset_link,update_candidate,source_pair_not_in_supabase_exact,112424,,,,,,,Check canonical merge/inferred link before deciding whether to update asset_fund_links.,,,,,OPUS459(구. 백암빌딩),,,,,
fund_asset_link,review,source_pair_not_in_supabase_exact,112445,,,,,,,Check canonical merge/inferred link before deciding whether to update asset_fund_links.,,,,,맹그로브 신설,맹그로브 신촌,,,,
fund_asset_link,review,source_pair_not_in_supabase_exact,112445,,,,,,,Check canonical merge/inferred link before deciding whether to update asset_fund_links.,,,,,맹그로브 동대문,맹그로브 신촌,,,,
fund_asset_link,update_candidate,source_pair_not_in_supabase_exact,112450,,,,,,,Check canonical merge/inferred link before deciding whether to update asset_fund_links.,,,,,더강남832PFV의 지분증권 및 대출채권,,,,,
fund_asset_link,review,source_pair_not_in_supabase_exact,112471,,,,,,,Check canonical merge/inferred link before deciding whether to update asset_fund_links.,,,,,"이지스기회추구2-2호(353호,OPUS459/舊백암빌딩) 공동투자",호수빌딩,,,,
fund_asset_link,update_candidate,source_pair_not_in_supabase_exact,112475,,,,,,,Check canonical merge/inferred link before deciding whether to update asset_fund_links.,,,,,CJ제일제당센터,,,,,
fund_asset_link,update_candidate,source_pair_not_in_supabase_exact,112493,,,,,,,Check canonical merge/inferred link before deciding whether to update asset_fund_links.,,,,,두산타워(재간접),,,,,
fund_asset_link,update_candidate,source_pair_not_in_supabase_exact,112499,,,,,,,Check canonical merge/inferred link before deciding whether to update asset_fund_links.,,,,,선릉위워크타워,,,,,
fund_asset_link,review,source_pair_not_in_supabase_exact,112500,,,,,,,Check canonical merge/inferred link before deciding whether to update asset_fund_links.,,,,,선릉위워크타워,인천석남물류센터 | 평택아디다스물류센터 | 안성홈플러스물류센터,,,,
fund_asset_link,review,source_pair_not_in_supabase_exact,112527,,,,,,,Check canonical merge/inferred link before deciding whether to update asset_fund_links.,,,,,동산물류센터,에이블로지스물류센터 | 이지스전문투자형사모부동산투자신탁제404호 | 이지스전문투자형사모부동산투자신탁제404호 | 이지스전문투자형사모부동산투자신탁제404호,,,,
fund_asset_link,review,source_pair_not_in_supabase_exact,112527,,,,,,,Check canonical merge/inferred link before deciding whether to update asset_fund_links.,,,,,부국물류센터,에이블로지스물류센터 | 이지스전문투자형사모부동산투자신탁제404호 | 이지스전문투자형사모부동산투자신탁제404호 | 이지스전문투자형사모부동산투자신탁제404호,,,,
fund_asset_link,update_candidate,source_pair_not_in_supabase_exact,112531,,,,,,,Check canonical merge/inferred link before deciding whether to update asset_fund_links.,,,,,트윈트리타워,,,,,
fund_asset_link,review,source_pair_not_in_supabase_exact,112535,,,,,,,Check canonical merge/inferred link before deciding whether to update asset_fund_links.,,,,,판교아이스퀘어D동,판교아이스퀘어E동,,,,
fund_asset_link,review,source_pair_not_in_supabase_exact,112569,,,,,,,Check canonical merge/inferred link before deciding whether to update asset_fund_links.,,,,,이지스354호 수익증권,하남데이터센터,,,,
fund_asset_link,review,source_pair_not_in_supabase_exact,112584,,,,,,,Check canonical merge/inferred link before deciding whether to update asset_fund_links.,,,,,에스와이솔라,케이앤스틸테크놀로지 | 윈즈에너지 | 지티씨솔라13호 | 에스이피브 | 어량리 | 이인메가태양광 | 리에너지 | 소망 | 강구16호 | 케이앤씨헤르메스,,,,
fund_asset_link,review,source_pair_not_in_supabase_exact,112584,,,,,,,Check canonical merge/inferred link before deciding whether to update asset_fund_links.,,,,,에이치엠솔라1,케이앤스틸테크놀로지 | 윈즈에너지 | 지티씨솔라13호 | 에스이피브 | 어량리 | 이인메가태양광 | 리에너지 | 소망 | 강구16호 | 케이앤씨헤르메스,,,,
fund_asset_link,review,source_pair_not_in_supabase_exact,112584,,,,,,,Check canonical merge/inferred link before deciding whether to update asset_fund_links.,,,,,이에스에이치12,케이앤스틸테크놀로지 | 윈즈에너지 | 지티씨솔라13호 | 에스이피브 | 어량리 | 이인메가태양광 | 리에너지 | 소망 | 강구16호 | 케이앤씨헤르메스,,,,
fund_asset_link,review,source_pair_not_in_supabase_exact,112584,,,,,,,Check canonical merge/inferred link before deciding whether to update asset_fund_links.,,,,,씨에스에너텍,케이앤스틸테크놀로지 | 윈즈에너지 | 지티씨솔라13호 | 에스이피브 | 어량리 | 이인메가태양광 | 리에너지 | 소망 | 강구16호 | 케이앤씨헤르메스,,,,
fund_asset_link,review,source_pair_not_in_supabase_exact,112584,,,,,,,Check canonical merge/inferred link before deciding whether to update asset_fund_links.,,,,,솔라팩토리19호,케이앤스틸테크놀로지 | 윈즈에너지 | 지티씨솔라13호 | 에스이피브 | 어량리 | 이인메가태양광 | 리에너지 | 소망 | 강구16호 | 케이앤씨헤르메스,,,,
fund_asset_link,update_candidate,source_pair_not_in_supabase_exact,112589,,,,,,,Check canonical merge/inferred link before deciding whether to update asset_fund_links.,,,,,원그로브(마곡CP4 복합개발사업),,,,,
fund_asset_link,update_candidate,source_pair_not_in_supabase_exact,112590,,,,,,,Check canonical merge/inferred link before deciding whether to update asset_fund_links.,,,,,원그로브(마곡CP4 복합개발사업),,,,,
fund_asset_link,update_candidate,source_pair_not_in_supabase_exact,112591,,,,,,,Check canonical merge/inferred link before deciding whether to update asset_fund_links.,,,,,원그로브(마곡CP4 복합개발사업),,,,,
fund_asset_link,review,source_pair_not_in_supabase_exact,112611,,,,,,,Check canonical merge/inferred link before deciding whether to update asset_fund_links.,,,,,구리 수택동 오피스텔 사업부지,효제동 오피스텔 사업부지 | 울산KTX역 오피스텔 사업부지 | 구리시 수택동 주거용 오피스텔 (투자),,,,
fund_asset_link,review,source_pair_not_in_supabase_exact,112664,,,,,,,Check canonical merge/inferred link before deciding whether to update asset_fund_links.,,,,,글로벌 리츠,Global REITs(삼성OCIO),,,,
fund_asset_link,review,source_pair_not_in_supabase_exact,112666,,,,,,,Check canonical merge/inferred link before deciding whether to update asset_fund_links.,,,,,웨스트게이트타워 선순위 담보대출,당산 지식산업센터 개발사업 PF대출 | 여의도 유수홀딩스부지 오피스텔 개발사업 PF대출 | 성수동 오피스 개발사업 선순위 브릿지론,,,,
fund_asset_link,review,source_pair_not_in_supabase_exact,112666,,,,,,,Check canonical merge/inferred link before deciding whether to update asset_fund_links.,,,,,카이트타워 선순위 담보대출,당산 지식산업센터 개발사업 PF대출 | 여의도 유수홀딩스부지 오피스텔 개발사업 PF대출 | 성수동 오피스 개발사업 선순위 브릿지론,,,,
fund_asset_link,update_candidate,source_pair_not_in_supabase_exact,112680,,,,,,,Check canonical merge/inferred link before deciding whether to update asset_fund_links.,,,,,펨코제17호기업구조조정부동산투자회사의 주식,,,,,
fund_asset_link,update_candidate,source_pair_not_in_supabase_exact,112681,,,,,,,Check canonical merge/inferred link before deciding whether to update asset_fund_links.,,,,,펨코제17호기업구조조정부동산투자회사의 주식,,,,,
fund_asset_link,update_candidate,source_pair_not_in_supabase_exact,112683,,,,,,,Check canonical merge/inferred link before deciding whether to update asset_fund_links.,,,,,펨코제17호기업구조조정부동산투자회사의 주식,,,,,
fund_asset_link,update_candidate,source_pair_not_in_supabase_exact,112690,,,,,,,Check canonical merge/inferred link before deciding whether to update asset_fund_links.,,,,,서울시티타워,,,,,
fund_asset_link,update_candidate,source_pair_not_in_supabase_exact,112692,,,,,,,Check canonical merge/inferred link before deciding whether to update asset_fund_links.,,,,,서울시티타워,,,,,
fund_asset_link,update_candidate,source_pair_not_in_supabase_exact,112700,,,,,,,Check canonical merge/inferred link before deciding whether to update asset_fund_links.,,,,,여의도 신한금융투자타워,,,,,
fund_asset_link,review,source_pair_not_in_supabase_exact,112702,,,,,,,Check canonical merge/inferred link before deciding whether to update asset_fund_links.,,,,,홈플러스영등포점,홈플러스센텀시티점 | 홈플러스동수원점,,,,
fund_asset_link,review,source_pair_not_in_supabase_exact,112702,,,,,,,Check canonical merge/inferred link before deciding whether to update asset_fund_links.,,,,,홈플러스금천점,홈플러스센텀시티점 | 홈플러스동수원점,,,,
fund_asset_link,update_candidate,source_pair_not_in_supabase_exact,112785,,,,,,,Check canonical merge/inferred link before deciding whether to update asset_fund_links.,,,,,종로구 시니어주택 리모델링,,,,,
fund_asset_link,update_candidate,source_pair_not_in_supabase_exact,112789,,,,,,,Check canonical merge/inferred link before deciding whether to update asset_fund_links.,,,,,종로구 시니어주택 리모델링,,,,,
fund_asset_link,update_candidate,source_pair_not_in_supabase_exact,112794,,,,,,,Check canonical merge/inferred link before deciding whether to update asset_fund_links.,,,,,남산그린빌딩,,,,,
fund_asset_link,update_candidate,source_pair_not_in_supabase_exact,120026,,,,,,,Check canonical merge/inferred link before deciding whether to update asset_fund_links.,,,,,태평로빌딩,,,,,
fund_asset_link,review,source_pair_not_in_supabase_exact,120044,,,,,,,Check canonical merge/inferred link before deciding whether to update asset_fund_links.,,,,,이지스제542호부동산일반사모투자회사(제1종),이지스산업단지환경개선일반사모부동산투자신탁제1호,,,,
fund_asset_link,update_candidate,source_pair_not_in_supabase_exact,120074,,,,,,,Check canonical merge/inferred link before deciding whether to update asset_fund_links.,,,,,용산라이프PFV(보통주),,,,,
fund_asset_link,update_candidate,source_pair_not_in_supabase_exact,120094,,,,,,,Check canonical merge/inferred link before deciding whether to update asset_fund_links.,,,,,서울인터내셔널타워(SI타워),,,,,
fund_asset_link,review,source_pair_not_in_supabase_exact,120101,,,,,,,Check canonical merge/inferred link before deciding whether to update asset_fund_links.,,,,,용산전자상가 특별계획구역8 B/L (이지스용산PF재구조화1호 2종 수익증권),용산라이프PFV 대여금,,,,
fund_asset_link,review,source_pair_not_in_supabase_exact,120102,,,,,,,Check canonical merge/inferred link before deciding whether to update asset_fund_links.,,,,,이지스용산PF재구조화일반사모1호(2종),이지스국내PF재구조화일반사모부동산모투자신탁제1-3호,,,,
fund_asset_link,review,source_pair_not_in_supabase_exact,120119,,,,,,,Check canonical merge/inferred link before deciding whether to update asset_fund_links.,,,,,안성산하3지구물류센터개발사업,신라스테이울산,,,,
fund_asset_link,update_candidate,source_pair_not_in_supabase_exact,190008,,,,,,,Check canonical merge/inferred link before deciding whether to update asset_fund_links.,,,,,이태원동 133-17 외 2필지,,,,,
fund_asset_link,update_candidate,source_pair_not_in_supabase_exact,190009,,,,,,,Check canonical merge/inferred link before deciding whether to update asset_fund_links.,,,,,The-K호텔서울 부지 재개발사업,,,,,
fund_asset_link,review,source_pair_not_in_supabase_exact,190010,,,,,,,Check canonical merge/inferred link before deciding whether to update asset_fund_links.,,,,,이지스일반사모426호(1종),이천 마장면 물류센터,,,,
fund_asset_link,review,source_pair_not_in_supabase_exact,200006,,,,,,,Check canonical merge/inferred link before deciding whether to update asset_fund_links.,,,,,PGSF VII,Pantheon Viking Co-Invest LP | NMP V | PGSF VII | PSD III | Pantheon Viking Co-Invest LP | NMP V | PGSF VII | PSD III | Pantheon Viking Co-Invest LP | NMP V | 이지스글로벌세컨더리일반사모혼합자산투자신탁제1호 | 이지스글로벌세컨더리일반사모혼합자산투자신탁제1호,,,,
fund_asset_link,review,source_pair_not_in_supabase_exact,200006,,,,,,,Check canonical merge/inferred link before deciding whether to update asset_fund_links.,,,,,PSD III,Pantheon Viking Co-Invest LP | NMP V | PGSF VII | PSD III | Pantheon Viking Co-Invest LP | NMP V | PGSF VII | PSD III | Pantheon Viking Co-Invest LP | NMP V | 이지스글로벌세컨더리일반사모혼합자산투자신탁제1호 | 이지스글로벌세컨더리일반사모혼합자산투자신탁제1호,,,,
fund_asset_link,review,source_pair_not_in_supabase_exact,200030,,,,,,,Check canonical merge/inferred link before deciding whether to update asset_fund_links.,,,,,판교 테크원타워,판교 테크원타워 (우선주),,,,
fund_asset_link,review,source_pair_not_in_supabase_exact,200030,,,,,,,Check canonical merge/inferred link before deciding whether to update asset_fund_links.,,,,,시그니처타워,판교 테크원타워 (우선주),,,,
fund_asset_link,review,source_pair_not_in_supabase_exact,200030,,,,,,,Check canonical merge/inferred link before deciding whether to update asset_fund_links.,,,,,여의도 파이낸스타워,판교 테크원타워 (우선주),,,,
fund_asset_link,review,source_pair_not_in_supabase_exact,200030,,,,,,,Check canonical merge/inferred link before deciding whether to update asset_fund_links.,,,,,삼성동 빌딩,판교 테크원타워 (우선주),,,,
fund_asset_link,review,source_pair_not_in_supabase_exact,200036,,,,,,,Check canonical merge/inferred link before deciding whether to update asset_fund_links.,,,,,"미국 Delaware 소재 ROCKWOOD LSF III, LP (역외펀드)의 수익증권",더피나클강남 (투자),,,,
fund_asset_link,review,source_pair_not_in_supabase_exact,200037,,,,,,,Check canonical merge/inferred link before deciding whether to update asset_fund_links.,,,,,"Helix Buyer, LLC에 대한 선순위 대출",더피나클강남 (투자),,,,
fund_asset_link,review,source_pair_not_in_supabase_exact,200038,,,,,,,Check canonical merge/inferred link before deciding whether to update asset_fund_links.,,,,,Pan-European Infrastructure Fund IV SCSp,PFV_Westwood 지분증권,,,,
fund_asset_link,review,source_pair_not_in_supabase_exact,200039,,,,,,,Check canonical merge/inferred link before deciding whether to update asset_fund_links.,,,,,InfraViaEuropean Infrastructure Fund VI,Dallas KPMG Plaza Senior Loan,,,,
fund_asset_link,update_candidate,source_pair_not_in_supabase_exact,200040,,,,,,,Check canonical merge/inferred link before deciding whether to update asset_fund_links.,,,,,ARDIAN ASF IX Infrastructure SWF,,,,,
fund_asset_link,update_candidate,source_pair_not_in_supabase_exact,200041,,,,,,,Check canonical merge/inferred link before deciding whether to update asset_fund_links.,,,,,Helios Sidecar II L.P.의 수익증권,,,,,
fund_asset_link,update_candidate,source_pair_not_in_supabase_exact,200042,,,,,,,Check canonical merge/inferred link before deciding whether to update asset_fund_links.,,,,,Booster Zabrze 물류단지,,,,,
fund_asset_link,review,source_pair_not_in_supabase_exact,200044,,,,,,,Check canonical merge/inferred link before deciding whether to update asset_fund_links.,,,,,괌 소재 종합병원(GRMC)에 대한 선순위 대출,Miami Courvoisier Center Senior Loan,,,,
fund_asset_link,update_candidate,source_pair_not_in_supabase_exact,200045,,,,,,,Check canonical merge/inferred link before deciding whether to update asset_fund_links.,,,,,Chauncey Square,,,,,
fund_asset_link,update_candidate,source_pair_not_in_supabase_exact,300001,,,,,,,Check canonical merge/inferred link before deciding whether to update asset_fund_links.,,,,,채권,,,,,
fund_asset_link,review,source_pair_not_in_supabase_exact,300018,,,,,,,Check canonical merge/inferred link before deciding whether to update asset_fund_links.,,,,,"메자닌, 공모주, 이벤트 드리븐",전환사채 | 공모주 | 비상장RCPS | 상장리츠 | AA+ 회사채 | 전환사채 | 공모주 | 비상장RCPS | 상장리츠 | AA+ 회사채 | 전환사채 | 공모주 | 비상장RCPS | 상장리츠 | AA+ 회사채 | 공모주,,,,
fund_asset_link,review,source_pair_not_in_supabase_exact,300019,,,,,,,Check canonical merge/inferred link before deciding whether to update asset_fund_links.,,,,,AA- 이상 채권,전환사채 | 공모주 | 비상장RCPS | 상장리츠 | AA+ 회사채 | 전환사채 | 공모주 | 비상장RCPS | 상장리츠 | AA+ 회사채 | 전환사채 | 공모주 | 비상장RCPS | 상장리츠 | AA+ 회사채 | 공모주,,,,
fund_asset_link,review,source_pair_not_in_supabase_exact,300037,,,,,,,Check canonical merge/inferred link before deciding whether to update asset_fund_links.,,,,,"채권, 메자닌, 국내 주식, ETF, 상장 리츠, 공모주, 이벤트 드리븐",전환사채 | 공모주 | 비상장RCPS | 상장리츠 | AA+ 회사채 | 전환사채 | 공모주 | 비상장RCPS | 상장리츠 | AA+ 회사채 | 전환사채 | 공모주 | 비상장RCPS | 상장리츠 | AA+ 회사채 | 공모주,,,,
fund_asset_link,review,source_pair_not_in_supabase_exact,300039,,,,,,,Check canonical merge/inferred link before deciding whether to update asset_fund_links.,,,,,"집합투자증권, 조합 출자지분, 메자닌, 이벤트 드리븐, 공모주, 스팩, ETF",전환사채 | 공모주 | 비상장RCPS | 상장리츠 | AA+ 회사채 | 전환사채 | 공모주 | 비상장RCPS | 상장리츠 | AA+ 회사채 | 전환사채 | 공모주 | 비상장RCPS | 상장리츠 | AA+ 회사채 | 공모주,,,,
fund_asset_link,review,source_pair_not_in_supabase_exact,300044,,,,,,,Check canonical merge/inferred link before deciding whether to update asset_fund_links.,,,,,"메자닌, 공모주, 이벤트 드리븐, 스팩",전환사채 | 공모주 | 비상장RCPS | 상장리츠 | AA+ 회사채 | 전환사채 | 공모주 | 비상장RCPS | 상장리츠 | AA+ 회사채 | 전환사채 | 공모주 | 비상장RCPS | 상장리츠 | AA+ 회사채 | 공모주,,,,
fund_asset_link,update_candidate,source_pair_not_in_supabase_exact,300046,,,,,,,Check canonical merge/inferred link before deciding whether to update asset_fund_links.,,,,,ETF,,,,,
fund_asset_link,review,source_pair_not_in_supabase_exact,300050,,,,,,,Check canonical merge/inferred link before deciding whether to update asset_fund_links.,,,,,"BBB+ 이하 채권, 공모주, 스팩, ETF, 이벤트 드리븐, 레포",전환사채 | 공모주 | 비상장RCPS | 상장리츠 | AA+ 회사채 | 전환사채 | 공모주 | 비상장RCPS | 상장리츠 | AA+ 회사채 | 전환사채 | 공모주 | 비상장RCPS | 상장리츠 | AA+ 회사채 | 공모주,,,,
fund_asset_link,review,source_pair_not_in_supabase_exact,300052,,,,,,,Check canonical merge/inferred link before deciding whether to update asset_fund_links.,,,,,"메자닌, 이벤트 드리븐, 공모주, ETF, 채권",전환사채 | 공모주 | 비상장RCPS | 상장리츠 | AA+ 회사채 | 전환사채 | 공모주 | 비상장RCPS | 상장리츠 | AA+ 회사채 | 전환사채 | 공모주 | 비상장RCPS | 상장리츠 | AA+ 회사채 | 공모주,,,,
fund_asset_link,review,source_pair_not_in_supabase_exact,300057,,,,,,,Check canonical merge/inferred link before deciding whether to update asset_fund_links.,,,,,"메자닌, 공모주, 이벤트 드리븐, 스팩, ETF",전환사채 | 공모주 | 비상장RCPS | 상장리츠 | AA+ 회사채 | 전환사채 | 공모주 | 비상장RCPS | 상장리츠 | AA+ 회사채 | 전환사채 | 공모주 | 비상장RCPS | 상장리츠 | AA+ 회사채 | 공모주,,,,
fund_asset_link,review,source_pair_not_in_supabase_exact,300061,,,,,,,Check canonical merge/inferred link before deciding whether to update asset_fund_links.,,,,,"해외 주식, 채권, 공모주, 스팩, ETF, 선물, 단기금융상품",전환사채 | 공모주 | 비상장RCPS | 상장리츠 | AA+ 회사채 | 전환사채 | 공모주 | 비상장RCPS | 상장리츠 | AA+ 회사채 | 전환사채 | 공모주 | 비상장RCPS | 상장리츠 | AA+ 회사채 | 공모주,,,,
fund_asset_link,review,source_pair_not_in_supabase_exact,300063,,,,,,,Check canonical merge/inferred link before deciding whether to update asset_fund_links.,,,,,"국내 주식, 채권, ETF, 공모주, 스팩",전환사채 | 공모주 | 비상장RCPS | 상장리츠 | AA+ 회사채 | 전환사채 | 공모주 | 비상장RCPS | 상장리츠 | AA+ 회사채 | 전환사채 | 공모주 | 비상장RCPS | 상장리츠 | AA+ 회사채 | 공모주,,,,
fund_asset_link,update_candidate,source_pair_not_in_supabase_exact,300066,,,,,,,Check canonical merge/inferred link before deciding whether to update asset_fund_links.,,,,,글로벌 상장 인프라 증권,,,,,
fund_asset_link,update_candidate,source_pair_not_in_supabase_exact,300067,,,,,,,Check canonical merge/inferred link before deciding whether to update asset_fund_links.,,,,,"채권, 자산유동화 증권, 어음, 레포",,,,,
fund_asset_link,review,source_pair_not_in_supabase_exact,300073,,,,,,,Check canonical merge/inferred link before deciding whether to update asset_fund_links.,,,,,"채권, 레포, 공모주",전환사채 | 공모주 | 비상장RCPS | 상장리츠 | AA+ 회사채 | 전환사채 | 공모주 | 비상장RCPS | 상장리츠 | AA+ 회사채 | 전환사채 | 공모주 | 비상장RCPS | 상장리츠 | AA+ 회사채 | 공모주,,,,
fund_asset_link,review,source_pair_not_in_supabase_exact,300074,,,,,,,Check canonical merge/inferred link before deciding whether to update asset_fund_links.,,,,,"메자닌, 공모주, 이벤트 드리븐",전환사채 | 공모주 | 비상장RCPS | 상장리츠 | AA+ 회사채 | 전환사채 | 공모주 | 비상장RCPS | 상장리츠 | AA+ 회사채 | 전환사채 | 공모주 | 비상장RCPS | 상장리츠 | AA+ 회사채 | 공모주,,,,
fund_asset_link,review,source_pair_not_in_supabase_exact,300075,,,,,,,Check canonical merge/inferred link before deciding whether to update asset_fund_links.,,,,,"BBB+ 이하 채권, 공모주, 스팩, 이벤트 드리븐, CP, 레포",전환사채 | 공모주 | 비상장RCPS | 상장리츠 | AA+ 회사채 | 전환사채 | 공모주 | 비상장RCPS | 상장리츠 | AA+ 회사채 | 전환사채 | 공모주 | 비상장RCPS | 상장리츠 | AA+ 회사채 | 공모주,,,,
fund_asset_link,review,source_pair_not_in_supabase_exact,300079,,,,,,,Check canonical merge/inferred link before deciding whether to update asset_fund_links.,,,,,"메자닌, 이벤트 드리븐, 공모주, 스팩",전환사채 | 공모주 | 비상장RCPS | 상장리츠 | AA+ 회사채 | 전환사채 | 공모주 | 비상장RCPS | 상장리츠 | AA+ 회사채 | 전환사채 | 공모주 | 비상장RCPS | 상장리츠 | AA+ 회사채 | 공모주,,,,
fund_asset_link,review,source_pair_not_in_supabase_exact,300080,,,,,,,Check canonical merge/inferred link before deciding whether to update asset_fund_links.,,,,,"공모주, 국내 주식",전환사채 | 공모주 | 비상장RCPS | 상장리츠 | AA+ 회사채 | 전환사채 | 공모주 | 비상장RCPS | 상장리츠 | AA+ 회사채 | 전환사채 | 공모주 | 비상장RCPS | 상장리츠 | AA+ 회사채 | 공모주,,,,
fund_asset_link,update_candidate,source_pair_not_in_supabase_exact,300085,,,,,,,Check canonical merge/inferred link before deciding whether to update asset_fund_links.,,,,,국내 채권형 ETF,,,,,
fund_asset_link,update_candidate,source_pair_not_in_supabase_exact,P00007,,,,,,,Check canonical merge/inferred link before deciding whether to update asset_fund_links.,,,,,안녕인사동,,,,,
fund_asset_link,update_candidate,source_pair_not_in_supabase_exact,P00030,,,,,,,Check canonical merge/inferred link before deciding whether to update asset_fund_links.,,,,,밀레니엄힐튼호텔,,,,,
fund_asset_link,update_candidate,source_pair_not_in_supabase_exact,P00032,,,,,,,Check canonical merge/inferred link before deciding whether to update asset_fund_links.,,,,,부림빌딩,,,,,
fund_asset_link,update_candidate,source_pair_not_in_supabase_exact,P00037,,,,,,,Check canonical merge/inferred link before deciding whether to update asset_fund_links.,,,,,메트로타워,,,,,
fund_asset_link,update_candidate,source_pair_not_in_supabase_exact,P00037,,,,,,,Check canonical merge/inferred link before deciding whether to update asset_fund_links.,,,,,서울로타워,,,,,
fund_asset_link,update_candidate,source_pair_not_in_supabase_exact,P00040,,,,,,,Check canonical merge/inferred link before deciding whether to update asset_fund_links.,,,,,안성 산하3지구 물류센터 개발사업,,,,,
fund_asset_link,review,source_pair_not_in_supabase_exact,R00006,,,,,,,Check canonical merge/inferred link before deciding whether to update asset_fund_links.,,,,,분당Hostway IDC,북미DC포트폴리오 | 이지스데이터센터위탁관리부동산투자회사 주식회사,,,,
fund_asset_link,review,source_pair_not_in_supabase_exact,R00008,,,,,,,Check canonical merge/inferred link before deciding whether to update asset_fund_links.,,,,,이지스333호(홍대 코리빙 복합시설),"이지스333호(디어스 명동) | 이지스151호(더샵 부평) | 이지스200호(디어스 판교) | 이지스411호(200호 재간접, 디어스 판교) | 주식회사 이지스레지던스위탁관리부동산투자회사 | 이지스411호(200호 재간접, 디어스 판교)",,,,
fund_asset_link,update_candidate,source_pair_not_in_supabase_exact,R00011,,,,,,,Check canonical merge/inferred link before deciding whether to update asset_fund_links.,,,,,태평로빌딩,,,,,
fund_asset_link,update_candidate,source_pair_not_in_supabase_exact,R00015,,,,,,,Check canonical merge/inferred link before deciding whether to update asset_fund_links.,,,,,서울인터내셔널타워(SI타워),,,,,
fund_asset_link,info,supabase_pair_not_in_today_source_exact,112319,,,,,,,"May be older, inferred, synthetic, or out-of-scope for today's active source export.",ast_9e54163d0926,,,,,,롯데마트대덕점,underlying_asset,,
fund_asset_link,info,supabase_pair_not_in_today_source_exact,112556,,,,,,,"May be older, inferred, synthetic, or out-of-scope for today's active source export.",ast_aac5427c01f4,,,,,,전환사채 | 공모주 | 비상장RCPS | 상장리츠 | AA+ 회사채,underlying_asset,,
fund_asset_link,info,supabase_pair_not_in_today_source_exact,112714,,,,,,,"May be older, inferred, synthetic, or out-of-scope for today's active source export.",ast_904ac8d066fb,,,,,,전환사채 | 공모주 | 비상장RCPS | 상장리츠 | AA+ 회사채,name_only_underlying_asset,,
fund_asset_link,info,supabase_pair_not_in_today_source_exact,300012,,,,,,,"May be older, inferred, synthetic, or out-of-scope for today's active source export.",ast_904ac8d066fb,,,,,,전환사채 | 공모주 | 비상장RCPS | 상장리츠 | AA+ 회사채,name_only_underlying_asset,,
fund_asset_link,info,supabase_pair_not_in_today_source_exact,300033,,,,,,,"May be older, inferred, synthetic, or out-of-scope for today's active source export.",ast_904ac8d066fb,,,,,,전환사채 | 공모주 | 비상장RCPS | 상장리츠 | AA+ 회사채,name_only_underlying_asset,,
fund_asset_link,info,supabase_pair_not_in_today_source_exact,300044,,,,,,,"May be older, inferred, synthetic, or out-of-scope for today's active source export.",ast_904ac8d066fb,,,,,,전환사채 | 공모주 | 비상장RCPS | 상장리츠 | AA+ 회사채,name_only_underlying_asset,,
fund_asset_link,info,supabase_pair_not_in_today_source_exact,300057,,,,,,,"May be older, inferred, synthetic, or out-of-scope for today's active source export.",ast_904ac8d066fb,,,,,,전환사채 | 공모주 | 비상장RCPS | 상장리츠 | AA+ 회사채,name_only_underlying_asset,,
fund_asset_link,info,supabase_pair_not_in_today_source_exact,300076,,,,,,,"May be older, inferred, synthetic, or out-of-scope for today's active source export.",ast_904ac8d066fb,,,,,,전환사채 | 공모주 | 비상장RCPS | 상장리츠 | AA+ 회사채,name_only_underlying_asset,,
fund_asset_link,info,supabase_pair_not_in_today_source_exact,112711,,,,,,,"May be older, inferred, synthetic, or out-of-scope for today's active source export.",ast_904ac8d066fb,,,,,,전환사채 | 공모주 | 비상장RCPS | 상장리츠 | AA+ 회사채,name_only_underlying_asset,,
fund_asset_link,info,supabase_pair_not_in_today_source_exact,300007,,,,,,,"May be older, inferred, synthetic, or out-of-scope for today's active source export.",ast_904ac8d066fb,,,,,,전환사채 | 공모주 | 비상장RCPS | 상장리츠 | AA+ 회사채,name_only_underlying_asset,,
fund_asset_link,info,supabase_pair_not_in_today_source_exact,300020,,,,,,,"May be older, inferred, synthetic, or out-of-scope for today's active source export.",ast_904ac8d066fb,,,,,,전환사채 | 공모주 | 비상장RCPS | 상장리츠 | AA+ 회사채,name_only_underlying_asset,,
fund_asset_link,info,supabase_pair_not_in_today_source_exact,112319,,,,,,,"May be older, inferred, synthetic, or out-of-scope for today's active source export.",ast_44e362fded27,,,,,,이지스리테일제55호사모부동산투자유한회사,inferred_underlying_asset,,
fund_asset_link,info,supabase_pair_not_in_today_source_exact,112709,,,,,,,"May be older, inferred, synthetic, or out-of-scope for today's active source export.",ast_904ac8d066fb,,,,,,전환사채 | 공모주 | 비상장RCPS | 상장리츠 | AA+ 회사채,name_only_underlying_asset,,
fund_asset_link,info,supabase_pair_not_in_today_source_exact,112763,,,,,,,"May be older, inferred, synthetic, or out-of-scope for today's active source export.",ast_904ac8d066fb,,,,,,전환사채 | 공모주 | 비상장RCPS | 상장리츠 | AA+ 회사채,name_only_underlying_asset,,
fund_asset_link,info,supabase_pair_not_in_today_source_exact,300018,,,,,,,"May be older, inferred, synthetic, or out-of-scope for today's active source export.",ast_904ac8d066fb,,,,,,전환사채 | 공모주 | 비상장RCPS | 상장리츠 | AA+ 회사채,name_only_underlying_asset,,
fund_asset_link,info,supabase_pair_not_in_today_source_exact,300034,,,,,,,"May be older, inferred, synthetic, or out-of-scope for today's active source export.",ast_904ac8d066fb,,,,,,전환사채 | 공모주 | 비상장RCPS | 상장리츠 | AA+ 회사채,name_only_underlying_asset,,
fund_asset_link,info,supabase_pair_not_in_today_source_exact,300047,,,,,,,"May be older, inferred, synthetic, or out-of-scope for today's active source export.",ast_904ac8d066fb,,,,,,전환사채 | 공모주 | 비상장RCPS | 상장리츠 | AA+ 회사채,name_only_underlying_asset,,
fund_asset_link,info,supabase_pair_not_in_today_source_exact,300061,,,,,,,"May be older, inferred, synthetic, or out-of-scope for today's active source export.",ast_904ac8d066fb,,,,,,전환사채 | 공모주 | 비상장RCPS | 상장리츠 | AA+ 회사채,name_only_underlying_asset,,
fund_asset_link,info,supabase_pair_not_in_today_source_exact,300079,,,,,,,"May be older, inferred, synthetic, or out-of-scope for today's active source export.",ast_904ac8d066fb,,,,,,전환사채 | 공모주 | 비상장RCPS | 상장리츠 | AA+ 회사채,name_only_underlying_asset,,
fund_asset_link,info,supabase_pair_not_in_today_source_exact,112712,,,,,,,"May be older, inferred, synthetic, or out-of-scope for today's active source export.",ast_904ac8d066fb,,,,,,전환사채 | 공모주 | 비상장RCPS | 상장리츠 | AA+ 회사채,name_only_underlying_asset,,
fund_asset_link,info,supabase_pair_not_in_today_source_exact,300008,,,,,,,"May be older, inferred, synthetic, or out-of-scope for today's active source export.",ast_904ac8d066fb,,,,,,전환사채 | 공모주 | 비상장RCPS | 상장리츠 | AA+ 회사채,name_only_underlying_asset,,
fund_asset_link,info,supabase_pair_not_in_today_source_exact,300028,,,,,,,"May be older, inferred, synthetic, or out-of-scope for today's active source export.",ast_904ac8d066fb,,,,,,전환사채 | 공모주 | 비상장RCPS | 상장리츠 | AA+ 회사채,name_only_underlying_asset,,
fund_asset_link,info,supabase_pair_not_in_today_source_exact,112710,,,,,,,"May be older, inferred, synthetic, or out-of-scope for today's active source export.",ast_904ac8d066fb,,,,,,전환사채 | 공모주 | 비상장RCPS | 상장리츠 | AA+ 회사채,name_only_underlying_asset,,
fund_asset_link,info,supabase_pair_not_in_today_source_exact,300006,,,,,,,"May be older, inferred, synthetic, or out-of-scope for today's active source export.",ast_904ac8d066fb,,,,,,전환사채 | 공모주 | 비상장RCPS | 상장리츠 | AA+ 회사채,name_only_underlying_asset,,
fund_asset_link,info,supabase_pair_not_in_today_source_exact,300019,,,,,,,"May be older, inferred, synthetic, or out-of-scope for today's active source export.",ast_904ac8d066fb,,,,,,전환사채 | 공모주 | 비상장RCPS | 상장리츠 | AA+ 회사채,name_only_underlying_asset,,
fund_asset_link,info,supabase_pair_not_in_today_source_exact,300035,,,,,,,"May be older, inferred, synthetic, or out-of-scope for today's active source export.",ast_904ac8d066fb,,,,,,전환사채 | 공모주 | 비상장RCPS | 상장리츠 | AA+ 회사채,name_only_underlying_asset,,
fund_asset_link,info,supabase_pair_not_in_today_source_exact,300050,,,,,,,"May be older, inferred, synthetic, or out-of-scope for today's active source export.",ast_d03e122e0d2d,,,,,,전환사채 | 공모주 | 비상장RCPS | 상장리츠 | AA+ 회사채,underlying_asset,,
fund_asset_link,info,supabase_pair_not_in_today_source_exact,300063,,,,,,,"May be older, inferred, synthetic, or out-of-scope for today's active source export.",ast_d03e122e0d2d,,,,,,전환사채 | 공모주 | 비상장RCPS | 상장리츠 | AA+ 회사채,underlying_asset,,
fund_asset_link,info,supabase_pair_not_in_today_source_exact,300080,,,,,,,"May be older, inferred, synthetic, or out-of-scope for today's active source export.",ast_d03e122e0d2d,,,,,,전환사채 | 공모주 | 비상장RCPS | 상장리츠 | AA+ 회사채,underlying_asset,,
fund_asset_link,info,supabase_pair_not_in_today_source_exact,112713,,,,,,,"May be older, inferred, synthetic, or out-of-scope for today's active source export.",ast_904ac8d066fb,,,,,,전환사채 | 공모주 | 비상장RCPS | 상장리츠 | AA+ 회사채,name_only_underlying_asset,,
fund_asset_link,info,supabase_pair_not_in_today_source_exact,300009,,,,,,,"May be older, inferred, synthetic, or out-of-scope for today's active source export.",ast_904ac8d066fb,,,,,,전환사채 | 공모주 | 비상장RCPS | 상장리츠 | AA+ 회사채,name_only_underlying_asset,,
fund_asset_link,info,supabase_pair_not_in_today_source_exact,300032,,,,,,,"May be older, inferred, synthetic, or out-of-scope for today's active source export.",ast_904ac8d066fb,,,,,,전환사채 | 공모주 | 비상장RCPS | 상장리츠 | AA+ 회사채,name_only_underlying_asset,,
fund_asset_link,info,supabase_pair_not_in_today_source_exact,300036,,,,,,,"May be older, inferred, synthetic, or out-of-scope for today's active source export.",ast_904ac8d066fb,,,,,,전환사채 | 공모주 | 비상장RCPS | 상장리츠 | AA+ 회사채,name_only_underlying_asset,,
fund_asset_link,info,supabase_pair_not_in_today_source_exact,300051,,,,,,,"May be older, inferred, synthetic, or out-of-scope for today's active source export.",ast_904ac8d066fb,,,,,,전환사채 | 공모주 | 비상장RCPS | 상장리츠 | AA+ 회사채,name_only_underlying_asset,,
fund_asset_link,info,supabase_pair_not_in_today_source_exact,300073,,,,,,,"May be older, inferred, synthetic, or out-of-scope for today's active source export.",ast_904ac8d066fb,,,,,,전환사채 | 공모주 | 비상장RCPS | 상장리츠 | AA+ 회사채,name_only_underlying_asset,,
fund_asset_link,info,supabase_pair_not_in_today_source_exact,112740,,,,,,,"May be older, inferred, synthetic, or out-of-scope for today's active source export.",ast_d03e122e0d2d,,,,,,전환사채 | 공모주 | 비상장RCPS | 상장리츠 | AA+ 회사채,underlying_asset,,
fund_asset_link,info,supabase_pair_not_in_today_source_exact,300037,,,,,,,"May be older, inferred, synthetic, or out-of-scope for today's active source export.",ast_904ac8d066fb,,,,,,전환사채 | 공모주 | 비상장RCPS | 상장리츠 | AA+ 회사채,name_only_underlying_asset,,
fund_asset_link,info,supabase_pair_not_in_today_source_exact,300052,,,,,,,"May be older, inferred, synthetic, or out-of-scope for today's active source export.",ast_904ac8d066fb,,,,,,전환사채 | 공모주 | 비상장RCPS | 상장리츠 | AA+ 회사채,name_only_underlying_asset,,
fund_asset_link,info,supabase_pair_not_in_today_source_exact,300074,,,,,,,"May be older, inferred, synthetic, or out-of-scope for today's active source export.",ast_904ac8d066fb,,,,,,전환사채 | 공모주 | 비상장RCPS | 상장리츠 | AA+ 회사채,name_only_underlying_asset,,
fund_asset_link,info,supabase_pair_not_in_today_source_exact,300039,,,,,,,"May be older, inferred, synthetic, or out-of-scope for today's active source export.",ast_904ac8d066fb,,,,,,전환사채 | 공모주 | 비상장RCPS | 상장리츠 | AA+ 회사채,name_only_underlying_asset,,
fund_asset_link,info,supabase_pair_not_in_today_source_exact,300054,,,,,,,"May be older, inferred, synthetic, or out-of-scope for today's active source export.",ast_904ac8d066fb,,,,,,전환사채 | 공모주 | 비상장RCPS | 상장리츠 | AA+ 회사채,name_only_underlying_asset,,
fund_asset_link,info,supabase_pair_not_in_today_source_exact,300075,,,,,,,"May be older, inferred, synthetic, or out-of-scope for today's active source export.",ast_904ac8d066fb,,,,,,전환사채 | 공모주 | 비상장RCPS | 상장리츠 | AA+ 회사채,name_only_underlying_asset,,
fund_asset_link,info,supabase_pair_not_in_today_source_exact,112344,,,,,,,"May be older, inferred, synthetic, or out-of-scope for today's active source export.",ast_db35eead7a91,,,,,,홈플러스 인천인하점,underlying_asset,,
fund_asset_link,info,supabase_pair_not_in_today_source_exact,112344,,,,,,,"May be older, inferred, synthetic, or out-of-scope for today's active source export.",ast_288a4f9c263b,,,,,,홈플러스 전주완산점,underlying_asset,,
fund_asset_link,info,supabase_pair_not_in_today_source_exact,112710,,,,,,,"May be older, inferred, synthetic, or out-of-scope for today's active source export.",ast_35fef6fb5746,,,,,,상장리츠 | 공모주 | AA+ 회사채,name_only_underlying_asset,,
fund_asset_link,info,supabase_pair_not_in_today_source_exact,112510,,,,,,,"May be older, inferred, synthetic, or out-of-scope for today's active source export.",ast_65e587cdb88a,,,,,,이지스333호(디어스 명동),underlying_asset,,
fund_asset_link,info,supabase_pair_not_in_today_source_exact,200006,,,,,,,"May be older, inferred, synthetic, or out-of-scope for today's active source export.",ast_d71e828b5656,,,,,,Pantheon Viking Co-Invest LP | NMP V | PGSF VII | PSD III,name_only_underlying_asset,,
fund_asset_link,info,supabase_pair_not_in_today_source_exact,112010,,,,,,,"May be older, inferred, synthetic, or out-of-scope for today's active source export.",ast_8e254bfe7df1,,,,,,런던원우드스트리트 Prime오피스,underlying_asset,,
fund_asset_link,info,supabase_pair_not_in_today_source_exact,112019,,,,,,,"May be older, inferred, synthetic, or out-of-scope for today's active source export.",ast_f5fc5bbdb980,,,,,,London Office Ropemaker Place,underlying_asset,,
fund_asset_link,info,supabase_pair_not_in_today_source_exact,112020,,,,,,,"May be older, inferred, synthetic, or out-of-scope for today's active source export.",ast_f5fc5bbdb980,,,,,,London Office Ropemaker Place,underlying_asset,,
fund_asset_link,info,supabase_pair_not_in_today_source_exact,112021,,,,,,,"May be older, inferred, synthetic, or out-of-scope for today's active source export.",ast_f5fc5bbdb980,,,,,,London Office Ropemaker Place,underlying_asset,,
fund_asset_link,info,supabase_pair_not_in_today_source_exact,112022,,,,,,,"May be older, inferred, synthetic, or out-of-scope for today's active source export.",ast_f5fc5bbdb980,,,,,,London Office Ropemaker Place,underlying_asset,,
fund_asset_link,info,supabase_pair_not_in_today_source_exact,112025,,,,,,,"May be older, inferred, synthetic, or out-of-scope for today's active source export.",ast_1b09ced3f5a7,,,,,,호수빌딩,underlying_asset,,
fund_asset_link,info,supabase_pair_not_in_today_source_exact,112041,,,,,,,"May be older, inferred, synthetic, or out-of-scope for today's active source export.",ast_a86fcdf7e228,,,,,,CBRE IM European Logistics Partners Fund,underlying_asset,,
fund_asset_link,info,supabase_pair_not_in_today_source_exact,112042,,,,,,,"May be older, inferred, synthetic, or out-of-scope for today's active source export.",ast_8237a62aef6a,,,,,,신라스테이서대문,underlying_asset,,
fund_asset_link,info,supabase_pair_not_in_today_source_exact,112043,,,,,,,"May be older, inferred, synthetic, or out-of-scope for today's active source export.",ast_a71132d3cc09,,,,,,이지스모 43호,underlying_asset,,
fund_asset_link,info,supabase_pair_not_in_today_source_exact,112044,,,,,,,"May be older, inferred, synthetic, or out-of-scope for today's active source export.",ast_a71132d3cc09,,,,,,이지스모 43호,underlying_asset,,
fund_asset_link,info,supabase_pair_not_in_today_source_exact,112046,,,,,,,"May be older, inferred, synthetic, or out-of-scope for today's active source export.",ast_230b908af3f7,,,,,,프랑스 Orange Telecome 오피스,underlying_asset,,
fund_asset_link,info,supabase_pair_not_in_today_source_exact,112050,,,,,,,"May be older, inferred, synthetic, or out-of-scope for today's active source export.",ast_6b75948563b6,,,,,,Prologis Targeted European Logistics Fund,underlying_asset,,
fund_asset_link,info,supabase_pair_not_in_today_source_exact,112125,,,,,,,"May be older, inferred, synthetic, or out-of-scope for today's active source export.",ast_6b75948563b6,,,,,,Prologis Targeted European Logistics Fund,underlying_asset,,
fund_asset_link,info,supabase_pair_not_in_today_source_exact,112063,,,,,,,"May be older, inferred, synthetic, or out-of-scope for today's active source export.",ast_7a41b6b1cb32,,,,,,Washington D.C. Washington Square Mezzanine Loan,underlying_asset,,
fund_asset_link,info,supabase_pair_not_in_today_source_exact,112065,,,,,,,"May be older, inferred, synthetic, or out-of-scope for today's active source export.",ast_b1f5f079a694,,,,,,Miami Courvoisier Center Senior Loan,underlying_asset,,
fund_asset_link,info,supabase_pair_not_in_today_source_exact,112066,,,,,,,"May be older, inferred, synthetic, or out-of-scope for today's active source export.",ast_c77b0263f7c6,,,,,,PFV_Westwood 지분증권,underlying_asset,,
fund_asset_link,info,supabase_pair_not_in_today_source_exact,112072,,,,,,,"May be older, inferred, synthetic, or out-of-scope for today's active source export.",ast_f2df751470ee,,,,,,Nuveen UK Enhanced Debt Fund,underlying_asset,,
fund_asset_link,info,supabase_pair_not_in_today_source_exact,112137,,,,,,,"May be older, inferred, synthetic, or out-of-scope for today's active source export.",ast_f2df751470ee,,,,,,Nuveen UK Enhanced Debt Fund,underlying_asset,,
fund_asset_link,info,supabase_pair_not_in_today_source_exact,112073,,,,,,,"May be older, inferred, synthetic, or out-of-scope for today's active source export.",ast_3575c5ffffe0,,,,,,Dallas KPMG Plaza Senior Loan,underlying_asset,,
fund_asset_link,info,supabase_pair_not_in_today_source_exact,112076,,,,,,,"May be older, inferred, synthetic, or out-of-scope for today's active source export.",ast_d27d2be05580,,,,,,US BioMed Portfolio Senior Loan,underlying_asset,,
fund_asset_link,info,supabase_pair_not_in_today_source_exact,112081,,,,,,,"May be older, inferred, synthetic, or out-of-scope for today's active source export.",ast_12056ec44b17,,,,,,NC백화점(야탑),underlying_asset,,
fund_asset_link,info,supabase_pair_not_in_today_source_exact,112155,,,,,,,"May be older, inferred, synthetic, or out-of-scope for today's active source export.",ast_12056ec44b17,,,,,,NC백화점(야탑),underlying_asset,,
fund_asset_link,info,supabase_pair_not_in_today_source_exact,112082,,,,,,,"May be older, inferred, synthetic, or out-of-scope for today's active source export.",ast_17db161a53b5,,,,,,부실채권을 기초자산으로 하는 SPC의 출자지분 및 사채,underlying_asset,,
fund_asset_link,info,supabase_pair_not_in_today_source_exact,112307,,,,,,,"May be older, inferred, synthetic, or out-of-scope for today's active source export.",ast_17db161a53b5,,,,,,부실채권을 기초자산으로 하는 SPC의 출자지분 및 사채,underlying_asset,,
fund_asset_link,info,supabase_pair_not_in_today_source_exact,112094,,,,,,,"May be older, inferred, synthetic, or out-of-scope for today's active source export.",ast_564945797e16,,,,,,GLP U.S. Income Partners III,underlying_asset,,
fund_asset_link,info,supabase_pair_not_in_today_source_exact,112101,,,,,,,"May be older, inferred, synthetic, or out-of-scope for today's active source export.",ast_14f3dd9eb1f9,,,,,,마제스타시티타워1,underlying_asset,,
fund_asset_link,info,supabase_pair_not_in_today_source_exact,112107,,,,,,,"May be older, inferred, synthetic, or out-of-scope for today's active source export.",ast_511ba5b81207,,,,,,102호 수익증권(재간접),underlying_asset,,
fund_asset_link,info,supabase_pair_not_in_today_source_exact,112108,,,,,,,"May be older, inferred, synthetic, or out-of-scope for today's active source export.",ast_5db71e381d95,,,,,,LasVegas The Cosmopolitan Hotel Junior Mezzanine Loan,underlying_asset,,
fund_asset_link,info,supabase_pair_not_in_today_source_exact,112113,,,,,,,"May be older, inferred, synthetic, or out-of-scope for today's active source export.",ast_3b7fc78aeb9e,,,,,,Shiba Park Building,underlying_asset,,
fund_asset_link,info,supabase_pair_not_in_today_source_exact,112116,,,,,,,"May be older, inferred, synthetic, or out-of-scope for today's active source export.",ast_31d5292aa061,,,,,,Newark Two Riverfront Plaza Senior B-Note Loan (Panasonic),underlying_asset,,
fund_asset_link,info,supabase_pair_not_in_today_source_exact,112117,,,,,,,"May be older, inferred, synthetic, or out-of-scope for today's active source export.",ast_a5d1e84522ed,,,,,,진해오션리조트 선순위 대출,underlying_asset,,
fund_asset_link,info,supabase_pair_not_in_today_source_exact,112124,,,,,,,"May be older, inferred, synthetic, or out-of-scope for today's active source export.",ast_30937d64ae67,,,,,,부실채권을 기초자산으로 하는 SPC 사채,underlying_asset,,
fund_asset_link,info,supabase_pair_not_in_today_source_exact,112126,,,,,,,"May be older, inferred, synthetic, or out-of-scope for today's active source export.",ast_e45b98ccfc65,,,,,,"세운 6-3-1,2구역 도시환경정비사업",underlying_asset,,
fund_asset_link,info,supabase_pair_not_in_today_source_exact,112131,,,,,,,"May be older, inferred, synthetic, or out-of-scope for today's active source export.",ast_55e5cc352c17,,,,,,118호 수익증권(재간접),underlying_asset,,
fund_asset_link,info,supabase_pair_not_in_today_source_exact,112135,,,,,,,"May be older, inferred, synthetic, or out-of-scope for today's active source export.",ast_307e1f83e0d2,,,,,,Canyon Distressed Opportunity Fund II,underlying_asset,,
fund_asset_link,info,supabase_pair_not_in_today_source_exact,112138,,,,,,,"May be older, inferred, synthetic, or out-of-scope for today's active source export.",ast_3e58fbce109d,,,,,,J.P. Morgan Asia-Pacific Property Fund,underlying_asset,,
fund_asset_link,info,supabase_pair_not_in_today_source_exact,112142,,,,,,,"May be older, inferred, synthetic, or out-of-scope for today's active source export.",ast_6a798e5e30ee,,,,,,태양광설비회사 대출채권,underlying_asset,,
fund_asset_link,info,supabase_pair_not_in_today_source_exact,112150,,,,,,,"May be older, inferred, synthetic, or out-of-scope for today's active source export.",ast_00df26953973,,,,,,New York 1551 Broadway Mezzanine Loan,underlying_asset,,
fund_asset_link,info,supabase_pair_not_in_today_source_exact,112152,,,,,,,"May be older, inferred, synthetic, or out-of-scope for today's active source export.",ast_5f1f6f6aa534,,,,,,판교 창조경제밸리 특별계획구역(I-Square),underlying_asset,,
fund_asset_link,info,supabase_pair_not_in_today_source_exact,112154,,,,,,,"May be older, inferred, synthetic, or out-of-scope for today's active source export.",ast_2769c1d0b916,,,,,,세종시 어반아트리움,underlying_asset,,
fund_asset_link,info,supabase_pair_not_in_today_source_exact,112157,,,,,,,"May be older, inferred, synthetic, or out-of-scope for today's active source export.",ast_2ca6ba796227,,,,,,154호 수익증권(재간접),underlying_asset,,
fund_asset_link,info,supabase_pair_not_in_today_source_exact,112161,,,,,,,"May be older, inferred, synthetic, or out-of-scope for today's active source export.",ast_36740c106490,,,,,,한남동 외국인아파트부지 신축 PF대출,underlying_asset,,
fund_asset_link,info,supabase_pair_not_in_today_source_exact,112163,,,,,,,"May be older, inferred, synthetic, or out-of-scope for today's active source export.",ast_a08672efd868,,,,,,하남강변미사지구 업무4BL 3LOT,underlying_asset,,
fund_asset_link,info,supabase_pair_not_in_today_source_exact,112164,,,,,,,"May be older, inferred, synthetic, or out-of-scope for today's active source export.",ast_225077ef8c95,,,,,,Las Vegas Cosmopolitan Hotel Mezzanine C Loan,underlying_asset,,
fund_asset_link,info,supabase_pair_not_in_today_source_exact,112166,,,,,,,"May be older, inferred, synthetic, or out-of-scope for today's active source export.",ast_73f09d84ccfa,,,,,,한남동 외국인아파트부지 재개발사업 PF대출,underlying_asset,,
fund_asset_link,info,supabase_pair_not_in_today_source_exact,112174,,,,,,,"May be older, inferred, synthetic, or out-of-scope for today's active source export.",ast_0d9b6bc27220,,,,,,Balbec InSolve Global Credit Fund III,underlying_asset,,
fund_asset_link,info,supabase_pair_not_in_today_source_exact,112201,,,,,,,"May be older, inferred, synthetic, or out-of-scope for today's active source export.",ast_0d9b6bc27220,,,,,,Balbec InSolve Global Credit Fund III,underlying_asset,,
fund_asset_link,info,supabase_pair_not_in_today_source_exact,112188,,,,,,,"May be older, inferred, synthetic, or out-of-scope for today's active source export.",ast_8058fee6124d,,,,,,Sun Crest Kameari,underlying_asset,,
fund_asset_link,info,supabase_pair_not_in_today_source_exact,112188,,,,,,,"May be older, inferred, synthetic, or out-of-scope for today's active source export.",ast_3fe7501ac3ff,,,,,,Cosmo Gracia Ryogoku,underlying_asset,,
fund_asset_link,info,supabase_pair_not_in_today_source_exact,112188,,,,,,,"May be older, inferred, synthetic, or out-of-scope for today's active source export.",ast_4b60082f6ba4,,,,,,Reglus Ootorii Airport West,underlying_asset,,
fund_asset_link,info,supabase_pair_not_in_today_source_exact,112190,,,,,,,"May be older, inferred, synthetic, or out-of-scope for today's active source export.",ast_1a7e1fbe1ed6,,,,,,남양주 다산진건지구 오피스텔,underlying_asset,,
fund_asset_link,info,supabase_pair_not_in_today_source_exact,112199,,,,,,,"May be older, inferred, synthetic, or out-of-scope for today's active source export.",ast_72434a85fc8f,,,,,,강서 마곡지구 근린생활시설 개발사업 PF대출,underlying_asset,,
fund_asset_link,info,supabase_pair_not_in_today_source_exact,112199,,,,,,,"May be older, inferred, synthetic, or out-of-scope for today's active source export.",ast_5e6798e4e6be,,,,,,하남 미사지구 오피스텔 개발사업 PF대출,underlying_asset,,
fund_asset_link,info,supabase_pair_not_in_today_source_exact,112202,,,,,,,"May be older, inferred, synthetic, or out-of-scope for today's active source export.",ast_5853b093d79c,,,,,,제주 신화월드 개발사업(한화전문투자형사모부동산자투자신탁5호6M),underlying_asset,,
fund_asset_link,info,supabase_pair_not_in_today_source_exact,112215,,,,,,,"May be older, inferred, synthetic, or out-of-scope for today's active source export.",ast_5853b093d79c,,,,,,제주 신화월드 개발사업(한화전문투자형사모부동산자투자신탁5호6M),underlying_asset,,
fund_asset_link,info,supabase_pair_not_in_today_source_exact,112207,,,,,,,"May be older, inferred, synthetic, or out-of-scope for today's active source export.",ast_c26748845c6b,,,,,,시흥 센트럴푸르지오 사업장 공사대금 예금반환채권 금전채권신탁 담보대출,underlying_asset,,
fund_asset_link,info,supabase_pair_not_in_today_source_exact,112216,,,,,,,"May be older, inferred, synthetic, or out-of-scope for today's active source export.",ast_f541715b8374,,,,,,Barcelona Office Nestle HQ,underlying_asset,,
fund_asset_link,info,supabase_pair_not_in_today_source_exact,112222,,,,,,,"May be older, inferred, synthetic, or out-of-scope for today's active source export.",ast_f541715b8374,,,,,,Barcelona Office Nestle HQ,underlying_asset,,
fund_asset_link,info,supabase_pair_not_in_today_source_exact,112230,,,,,,,"May be older, inferred, synthetic, or out-of-scope for today's active source export.",ast_327f60afc82b,,,,,,Uki Retail AEON Mall,underlying_asset,,
fund_asset_link,info,supabase_pair_not_in_today_source_exact,112236,,,,,,,"May be older, inferred, synthetic, or out-of-scope for today's active source export.",ast_4960a4a8e607,,,,,,New York Manhattan Holiday Inn B-Note,underlying_asset,,
fund_asset_link,info,supabase_pair_not_in_today_source_exact,112246,,,,,,,"May be older, inferred, synthetic, or out-of-scope for today's active source export.",ast_55478b8ac17a,,,,,,GIDC 광명역 지식산업센터,underlying_asset,,
fund_asset_link,info,supabase_pair_not_in_today_source_exact,112248,,,,,,,"May be older, inferred, synthetic, or out-of-scope for today's active source export.",ast_55478b8ac17a,,,,,,GIDC 광명역 지식산업센터,underlying_asset,,
fund_asset_link,info,supabase_pair_not_in_today_source_exact,112249,,,,,,,"May be older, inferred, synthetic, or out-of-scope for today's active source export.",ast_82a02139e4fd,,,,,,동삭센토피아 지역주택조합 아파트,underlying_asset,,
fund_asset_link,info,supabase_pair_not_in_today_source_exact,112259,,,,,,,"May be older, inferred, synthetic, or out-of-scope for today's active source export.",ast_8fdf7890a11b,,,,,,판교 알파돔시티 중심상업용지 7-1BL/주차장용지17BL 오피스텔 및 근린생활시설 개발사업 선순위 PF대출,underlying_asset,,
fund_asset_link,info,supabase_pair_not_in_today_source_exact,112264,,,,,,,"May be older, inferred, synthetic, or out-of-scope for today's active source export.",ast_1273fe709763,,,,,,익선동 상업시설 개발,underlying_asset,,
fund_asset_link,info,supabase_pair_not_in_today_source_exact,112274,,,,,,,"May be older, inferred, synthetic, or out-of-scope for today's active source export.",ast_cbc413cdfd7f,,,,,,고양 일산 식사2구역 A2BL 공동주택 개발사업 선순위 PF대출채권,underlying_asset,,
fund_asset_link,info,supabase_pair_not_in_today_source_exact,112275,,,,,,,"May be older, inferred, synthetic, or out-of-scope for today's active source export.",ast_8f71aef30468,,,,,,도농역 오피스텔,underlying_asset,,
fund_asset_link,info,supabase_pair_not_in_today_source_exact,112285,,,,,,,"May be older, inferred, synthetic, or out-of-scope for today's active source export.",ast_28817669f116,,,,,,용인기흥 파워센(개발),underlying_asset,,
fund_asset_link,info,supabase_pair_not_in_today_source_exact,112293,,,,,,,"May be older, inferred, synthetic, or out-of-scope for today's active source export.",ast_2397942b2f4e,,,,,,광주 월산현대지역주택조합 공동주택 개발사업 Bridge Loan 현대엔지니어링 채무인수 확약 후순위 대출채권,underlying_asset,,
fund_asset_link,info,supabase_pair_not_in_today_source_exact,112295,,,,,,,"May be older, inferred, synthetic, or out-of-scope for today's active source export.",ast_b4128c33bb53,,,,,,New York 564 6th Avenue Mezzanine Loan,underlying_asset,,
fund_asset_link,info,supabase_pair_not_in_today_source_exact,112297,,,,,,,"May be older, inferred, synthetic, or out-of-scope for today's active source export.",ast_854de4d7b05b,,,,,,하남미사 지식산업센터,underlying_asset,,
fund_asset_link,info,supabase_pair_not_in_today_source_exact,112300,,,,,,,"May be older, inferred, synthetic, or out-of-scope for today's active source export.",ast_a26d74763046,,,,,,"Ku'damm 12, 13-15",underlying_asset,,
fund_asset_link,info,supabase_pair_not_in_today_source_exact,112301,,,,,,,"May be older, inferred, synthetic, or out-of-scope for today's active source export.",ast_f02b527b7861,,,,,,이천 한익스프레스 물류센터 개발사업,underlying_asset,,
fund_asset_link,info,supabase_pair_not_in_today_source_exact,112304,,,,,,,"May be older, inferred, synthetic, or out-of-scope for today's active source export.",ast_ce621c527b00,,,,,,Frankfurt St.Martine Tower Mezzanine Loan,underlying_asset,,
fund_asset_link,info,supabase_pair_not_in_today_source_exact,112308,,,,,,,"May be older, inferred, synthetic, or out-of-scope for today's active source export.",ast_e5211e566e98,,,,,,New York 564 6th Avenue Senior Loan,underlying_asset,,
fund_asset_link,info,supabase_pair_not_in_today_source_exact,112309,,,,,,,"May be older, inferred, synthetic, or out-of-scope for today's active source export.",ast_6b047e815c5e,,,,,,해운대구 재송동 한진 CY부지 공동주택 등 개발사업 선순위 BrLoan 담보대출,underlying_asset,,
fund_asset_link,info,supabase_pair_not_in_today_source_exact,112603,,,,,,,"May be older, inferred, synthetic, or out-of-scope for today's active source export.",ast_0bed91ccb4ec,,,,,,부실채권을 기초자산으로 하는 SPC의 사채,underlying_asset,,
fund_asset_link,info,supabase_pair_not_in_today_source_exact,112321,,,,,,,"May be older, inferred, synthetic, or out-of-scope for today's active source export.",ast_446647af6ed1,,,,,,세운5구역PFV,underlying_asset,,
fund_asset_link,info,supabase_pair_not_in_today_source_exact,112334,,,,,,,"May be older, inferred, synthetic, or out-of-scope for today's active source export.",ast_7689cf60369b,,,,,,글로벌 리츠,underlying_asset,,
fund_asset_link,info,supabase_pair_not_in_today_source_exact,112335,,,,,,,"May be older, inferred, synthetic, or out-of-scope for today's active source export.",ast_7689cf60369b,,,,,,글로벌 리츠,underlying_asset,,
fund_asset_link,info,supabase_pair_not_in_today_source_exact,112342,,,,,,,"May be older, inferred, synthetic, or out-of-scope for today's active source export.",ast_9cf4a8abd36c,,,,,,평택 고덕 업무12-2-3BL PF 선순위 대출채권,underlying_asset,,
fund_asset_link,info,supabase_pair_not_in_today_source_exact,112343,,,,,,,"May be older, inferred, synthetic, or out-of-scope for today's active source export.",ast_7658ea6ef139,,,,,,독일 프랑크푸르트 소재 개발사업부지,underlying_asset,,
fund_asset_link,info,supabase_pair_not_in_today_source_exact,112356,,,,,,,"May be older, inferred, synthetic, or out-of-scope for today's active source export.",ast_29998629e2b9,,,,,,Essen TA2 Mezzanine Loan,underlying_asset,,
fund_asset_link,info,supabase_pair_not_in_today_source_exact,112362,,,,,,,"May be older, inferred, synthetic, or out-of-scope for today's active source export.",ast_329735309847,,,,,,Tokyo District 23 Residential Portfolio,underlying_asset,,
fund_asset_link,info,supabase_pair_not_in_today_source_exact,112372,,,,,,,"May be older, inferred, synthetic, or out-of-scope for today's active source export.",ast_617613cdf1a8,,,,,,역삼동 개발사업,underlying_asset,,
fund_asset_link,info,supabase_pair_not_in_today_source_exact,112401,,,,,,,"May be older, inferred, synthetic, or out-of-scope for today's active source export.",ast_ff8a69b5d1fd,,,,,,San Mauro Torinese,underlying_asset,,
fund_asset_link,info,supabase_pair_not_in_today_source_exact,112401,,,,,,,"May be older, inferred, synthetic, or out-of-scope for today's active source export.",ast_ead5386059f5,,,,,,Carugate,underlying_asset,,
fund_asset_link,info,supabase_pair_not_in_today_source_exact,112401,,,,,,,"May be older, inferred, synthetic, or out-of-scope for today's active source export.",ast_615cb3a61bf2,,,,,,Verona,underlying_asset,,
fund_asset_link,info,supabase_pair_not_in_today_source_exact,112401,,,,,,,"May be older, inferred, synthetic, or out-of-scope for today's active source export.",ast_179a3e793b6f,,,,,,Tori Di Quartesolo,underlying_asset,,
fund_asset_link,info,supabase_pair_not_in_today_source_exact,112401,,,,,,,"May be older, inferred, synthetic, or out-of-scope for today's active source export.",ast_afa982be63cc,,,,,,Campegine,underlying_asset,,
fund_asset_link,info,supabase_pair_not_in_today_source_exact,112401,,,,,,,"May be older, inferred, synthetic, or out-of-scope for today's active source export.",ast_c70882b2b3ff,,,,,,Camplogalliano,underlying_asset,,
fund_asset_link,info,supabase_pair_not_in_today_source_exact,112401,,,,,,,"May be older, inferred, synthetic, or out-of-scope for today's active source export.",ast_c7e88869e4e6,,,,,,Bologna Interporto,underlying_asset,,
fund_asset_link,info,supabase_pair_not_in_today_source_exact,112705,,,,,,,"May be older, inferred, synthetic, or out-of-scope for today's active source export.",ast_e505ab13fd73,,,,,,타이거대체전문투자형사모부동산투자신탁5호(미국캘리포니아주오렌지카운티소재상업용오피스 투자),underlying_asset,,
fund_asset_link,info,supabase_pair_not_in_today_source_exact,112418,,,,,,,"May be older, inferred, synthetic, or out-of-scope for today's active source export.",ast_e505ab13fd73,,,,,,타이거대체전문투자형사모부동산투자신탁5호(미국캘리포니아주오렌지카운티소재상업용오피스 투자),underlying_asset,,
fund_asset_link,info,supabase_pair_not_in_today_source_exact,112419,,,,,,,"May be older, inferred, synthetic, or out-of-scope for today's active source export.",ast_e505ab13fd73,,,,,,타이거대체전문투자형사모부동산투자신탁5호(미국캘리포니아주오렌지카운티소재상업용오피스 투자),underlying_asset,,
fund_asset_link,info,supabase_pair_not_in_today_source_exact,112420,,,,,,,"May be older, inferred, synthetic, or out-of-scope for today's active source export.",ast_e505ab13fd73,,,,,,타이거대체전문투자형사모부동산투자신탁5호(미국캘리포니아주오렌지카운티소재상업용오피스 투자),underlying_asset,,
fund_asset_link,info,supabase_pair_not_in_today_source_exact,112449,,,,,,,"May be older, inferred, synthetic, or out-of-scope for today's active source export.",ast_e60d36b43a64,,,,,,해운대 센텀 한진CY부지 Bridge Loan 선순위 담보대출 투자,underlying_asset,,
fund_asset_link,info,supabase_pair_not_in_today_source_exact,112456,,,,,,,"May be older, inferred, synthetic, or out-of-scope for today's active source export.",ast_e2910b24e5e7,,,,,,원효로3가 공공지원민간임대주택,underlying_asset,,
fund_asset_link,info,supabase_pair_not_in_today_source_exact,112474,,,,,,,"May be older, inferred, synthetic, or out-of-scope for today's active source export.",ast_eb5a157872a8,,,,,,효제아트PFV(주식 및 주주대여),underlying_asset,,
fund_asset_link,info,supabase_pair_not_in_today_source_exact,112502,,,,,,,"May be older, inferred, synthetic, or out-of-scope for today's active source export.",ast_f7a36f9524d4,,,,,,뉴멕시코주 아마존 물류센터,underlying_asset,,
fund_asset_link,info,supabase_pair_not_in_today_source_exact,112503,,,,,,,"May be older, inferred, synthetic, or out-of-scope for today's active source export.",ast_f7a36f9524d4,,,,,,뉴멕시코주 아마존 물류센터,underlying_asset,,
fund_asset_link,info,supabase_pair_not_in_today_source_exact,112522,,,,,,,"May be older, inferred, synthetic, or out-of-scope for today's active source export.",ast_d67f522a279c,,,,,,안성 당목리 물류 개발사업,underlying_asset,,
fund_asset_link,info,supabase_pair_not_in_today_source_exact,112539,,,,,,,"May be older, inferred, synthetic, or out-of-scope for today's active source export.",ast_42ffd5c419d7,,,,,,Hawaii Sky Ala Moana Senior B-note Loan,underlying_asset,,
fund_asset_link,info,supabase_pair_not_in_today_source_exact,112544,,,,,,,"May be older, inferred, synthetic, or out-of-scope for today's active source export.",ast_42ffd5c419d7,,,,,,Hawaii Sky Ala Moana Senior B-note Loan,underlying_asset,,
fund_asset_link,info,supabase_pair_not_in_today_source_exact,112545,,,,,,,"May be older, inferred, synthetic, or out-of-scope for today's active source export.",ast_42ffd5c419d7,,,,,,Hawaii Sky Ala Moana Senior B-note Loan,underlying_asset,,
fund_asset_link,info,supabase_pair_not_in_today_source_exact,112560,,,,,,,"May be older, inferred, synthetic, or out-of-scope for today's active source export.",ast_834d830d4c5a,,,,,,Manhattan Meatpacking Plaza Senior + Mezz Loan,underlying_asset,,
fund_asset_link,info,supabase_pair_not_in_today_source_exact,112564,,,,,,,"May be older, inferred, synthetic, or out-of-scope for today's active source export.",ast_f5220c768a13,,,,,,Global REITs (수협),underlying_asset,,
fund_asset_link,info,supabase_pair_not_in_today_source_exact,112616,,,,,,,"May be older, inferred, synthetic, or out-of-scope for today's active source export.",ast_386a43afd1af,,,,,,서초동 오피스텔 개발 사업,underlying_asset,,
fund_asset_link,info,supabase_pair_not_in_today_source_exact,112618,,,,,,,"May be older, inferred, synthetic, or out-of-scope for today's active source export.",ast_e8ad3281d39e,,,,,,Enlink project patton,underlying_asset,,
fund_asset_link,info,supabase_pair_not_in_today_source_exact,112647,,,,,,,"May be older, inferred, synthetic, or out-of-scope for today's active source export.",ast_576c45603803,,,,,,신재생에너지 발전사업 PF대출,underlying_asset,,
fund_asset_link,info,supabase_pair_not_in_today_source_exact,112664,,,,,,,"May be older, inferred, synthetic, or out-of-scope for today's active source export.",ast_428853fb1dec,,,,,,Global REITs(삼성OCIO),underlying_asset,,
fund_asset_link,info,supabase_pair_not_in_today_source_exact,112693,,,,,,,"May be older, inferred, synthetic, or out-of-scope for today's active source export.",ast_fdc6a46958de,,,,,,이지스제463호부동산일반사모투자회사 주식,underlying_asset,,
fund_asset_link,info,supabase_pair_not_in_today_source_exact,112709,,,,,,,"May be older, inferred, synthetic, or out-of-scope for today's active source export.",ast_b826792d7e17,,,,,,비상장 상환전환우선주,underlying_asset,,
fund_asset_link,info,supabase_pair_not_in_today_source_exact,112709,,,,,,,"May be older, inferred, synthetic, or out-of-scope for today's active source export.",ast_ac998c897426,,,,,,전환사채,underlying_asset,,
fund_asset_link,info,supabase_pair_not_in_today_source_exact,112709,,,,,,,"May be older, inferred, synthetic, or out-of-scope for today's active source export.",ast_4d1430b5f175,,,,,,공모주,underlying_asset,,
fund_asset_link,info,supabase_pair_not_in_today_source_exact,112710,,,,,,,"May be older, inferred, synthetic, or out-of-scope for today's active source export.",ast_4d1430b5f175,,,,,,공모주,underlying_asset,,
fund_asset_link,info,supabase_pair_not_in_today_source_exact,112710,,,,,,,"May be older, inferred, synthetic, or out-of-scope for today's active source export.",ast_f230c76d6975,,,,,,"AA- 이상 채권, 국내 상장 리츠, 공모주, 스팩",underlying_asset,,
fund_asset_link,info,supabase_pair_not_in_today_source_exact,112710,,,,,,,"May be older, inferred, synthetic, or out-of-scope for today's active source export.",ast_4ffe4ac306f2,,,,,,이지스 멀티인컴 일반사모투자신탁 제1호(운용),underlying_asset,,
fund_asset_link,info,supabase_pair_not_in_today_source_exact,112718,,,,,,,"May be older, inferred, synthetic, or out-of-scope for today's active source export.",ast_1bf3c754cc2c,,,,,,LA Wilshire Grand Center Senior Loan,underlying_asset,,
fund_asset_link,info,supabase_pair_not_in_today_source_exact,112523,,,,,,,"May be older, inferred, synthetic, or out-of-scope for today's active source export.",ast_1bf3c754cc2c,,,,,,LA Wilshire Grand Center Senior Loan,underlying_asset,,
fund_asset_link,info,supabase_pair_not_in_today_source_exact,112740,,,,,,,"May be older, inferred, synthetic, or out-of-scope for today's active source export.",ast_3a760d38807f,,,,,,"AA- 이상 채권, 국내 상장 리츠, 공모주, 스팩",underlying_asset,,
fund_asset_link,info,supabase_pair_not_in_today_source_exact,112757,,,,,,,"May be older, inferred, synthetic, or out-of-scope for today's active source export.",ast_2ee9ca3d2082,,,,,,"해외 주식, 채권, ETF",underlying_asset,,
fund_asset_link,info,supabase_pair_not_in_today_source_exact,112758,,,,,,,"May be older, inferred, synthetic, or out-of-scope for today's active source export.",ast_2ee9ca3d2082,,,,,,"해외 주식, 채권, ETF",underlying_asset,,
fund_asset_link,info,supabase_pair_not_in_today_source_exact,112759,,,,,,,"May be older, inferred, synthetic, or out-of-scope for today's active source export.",ast_2ee9ca3d2082,,,,,,"해외 주식, 채권, ETF",underlying_asset,,
fund_asset_link,info,supabase_pair_not_in_today_source_exact,112760,,,,,,,"May be older, inferred, synthetic, or out-of-scope for today's active source export.",ast_2ee9ca3d2082,,,,,,"해외 주식, 채권, ETF",underlying_asset,,
fund_asset_link,info,supabase_pair_not_in_today_source_exact,112782,,,,,,,"May be older, inferred, synthetic, or out-of-scope for today's active source export.",ast_cad3ca04538a,,,,,,"메자닌, 공모주, 스팩, 이벤트 드리븐",underlying_asset,,
fund_asset_link,info,supabase_pair_not_in_today_source_exact,112799,,,,,,,"May be older, inferred, synthetic, or out-of-scope for today's active source export.",ast_9e6791cd4061,,,,,,성내동 개발부지 담보대출(브릿지론),underlying_asset,,
fund_asset_link,info,supabase_pair_not_in_today_source_exact,112800,,,,,,,"May be older, inferred, synthetic, or out-of-scope for today's active source export.",ast_9e6791cd4061,,,,,,성내동 개발부지 담보대출(브릿지론),underlying_asset,,
fund_asset_link,info,supabase_pair_not_in_today_source_exact,112798,,,,,,,"May be older, inferred, synthetic, or out-of-scope for today's active source export.",ast_9e6791cd4061,,,,,,성내동 개발부지 담보대출(브릿지론),underlying_asset,,
fund_asset_link,info,supabase_pair_not_in_today_source_exact,120018,,,,,,,"May be older, inferred, synthetic, or out-of-scope for today's active source export.",ast_726cfaffb03f,,,,,,신영문봉PFV의 대출채권 및 지분증권,underlying_asset,,
fund_asset_link,info,supabase_pair_not_in_today_source_exact,120037,,,,,,,"May be older, inferred, synthetic, or out-of-scope for today's active source export.",ast_38527bcff111,,,,,,성수동2가 268-2 업무시설 개발사업 브릿지대출,underlying_asset,,
fund_asset_link,info,supabase_pair_not_in_today_source_exact,120038,,,,,,,"May be older, inferred, synthetic, or out-of-scope for today's active source export.",ast_8574787ff3ec,,,,,,성수 빅트라이앵글B/L(이지스성수PF재구조화 2종 수익증권),underlying_asset,,
fund_asset_link,info,supabase_pair_not_in_today_source_exact,120044,,,,,,,"May be older, inferred, synthetic, or out-of-scope for today's active source export.",ast_b0956b6f4029,,,,,,이지스산업단지환경개선일반사모부동산투자신탁제1호,underlying_asset,,
fund_asset_link,info,supabase_pair_not_in_today_source_exact,120049,,,,,,,"May be older, inferred, synthetic, or out-of-scope for today's active source export.",ast_71252a1db077,,,,,,수서 역세권B1-3BL B/L(이지스수서PF재구조화 2종 수익증권),underlying_asset,,
fund_asset_link,info,supabase_pair_not_in_today_source_exact,120050,,,,,,,"May be older, inferred, synthetic, or out-of-scope for today's active source export.",ast_53985b2bb7f9,,,,,,수서역세권 공공주택지구 B1-3BL 개발사업 브릿지대출,underlying_asset,,
fund_asset_link,info,supabase_pair_not_in_today_source_exact,120057,,,,,,,"May be older, inferred, synthetic, or out-of-scope for today's active source export.",ast_d148de771db5,,,,,,세원이앤씨(주)의 담보부 신주인수권부 사채,underlying_asset,,
fund_asset_link,info,supabase_pair_not_in_today_source_exact,120060,,,,,,,"May be older, inferred, synthetic, or out-of-scope for today's active source export.",ast_02e499cf476b,,,,,,서울 서초구 반포동 64-1번지 일원 개발사업장 브릿지대출,underlying_asset,,
fund_asset_link,info,supabase_pair_not_in_today_source_exact,120059,,,,,,,"May be older, inferred, synthetic, or out-of-scope for today's active source export.",ast_02e499cf476b,,,,,,서울 서초구 반포동 64-1번지 일원 개발사업장 브릿지대출,underlying_asset,,
fund_asset_link,info,supabase_pair_not_in_today_source_exact,120064,,,,,,,"May be older, inferred, synthetic, or out-of-scope for today's active source export.",ast_cd234848887e,,,,,,위례Senior Living 개발사업,underlying_asset,,
fund_asset_link,info,supabase_pair_not_in_today_source_exact,120065,,,,,,,"May be older, inferred, synthetic, or out-of-scope for today's active source export.",ast_cd234848887e,,,,,,위례Senior Living 개발사업,underlying_asset,,
fund_asset_link,info,supabase_pair_not_in_today_source_exact,120066,,,,,,,"May be older, inferred, synthetic, or out-of-scope for today's active source export.",ast_cd234848887e,,,,,,위례Senior Living 개발사업,underlying_asset,,
fund_asset_link,info,supabase_pair_not_in_today_source_exact,120067,,,,,,,"May be older, inferred, synthetic, or out-of-scope for today's active source export.",ast_cd234848887e,,,,,,위례Senior Living 개발사업,underlying_asset,,
fund_asset_link,info,supabase_pair_not_in_today_source_exact,120068,,,,,,,"May be older, inferred, synthetic, or out-of-scope for today's active source export.",ast_cd234848887e,,,,,,위례Senior Living 개발사업,underlying_asset,,
fund_asset_link,info,supabase_pair_not_in_today_source_exact,120069,,,,,,,"May be older, inferred, synthetic, or out-of-scope for today's active source export.",ast_cd234848887e,,,,,,위례Senior Living 개발사업,underlying_asset,,
fund_asset_link,info,supabase_pair_not_in_today_source_exact,120102,,,,,,,"May be older, inferred, synthetic, or out-of-scope for today's active source export.",ast_b4ff0851baae,,,,,,이지스국내PF재구조화일반사모부동산모투자신탁제1-3호,underlying_asset,,
fund_asset_link,info,supabase_pair_not_in_today_source_exact,200006,,,,,,,"May be older, inferred, synthetic, or out-of-scope for today's active source export.",ast_02f2fb35a743,,,,,,이지스글로벌세컨더리일반사모혼합자산투자신탁제1호,underlying_asset,,
fund_asset_link,info,supabase_pair_not_in_today_source_exact,P00003,,,,,,,"May be older, inferred, synthetic, or out-of-scope for today's active source export.",ast_808ae65372f4,,,,,,오시리아타워레지던스,underlying_asset,,
fund_asset_link,info,supabase_pair_not_in_today_source_exact,P00004,,,,,,,"May be older, inferred, synthetic, or out-of-scope for today's active source export.",ast_6d51cde27e33,,,,,,해운대 L7,underlying_asset,,
fund_asset_link,info,supabase_pair_not_in_today_source_exact,P00010,,,,,,,"May be older, inferred, synthetic, or out-of-scope for today's active source export.",ast_fa825d8bd449,,,,,,성수동 복합시설 개발사업,underlying_asset,,
fund_asset_link,info,supabase_pair_not_in_today_source_exact,P00020,,,,,,,"May be older, inferred, synthetic, or out-of-scope for today's active source export.",ast_7ab6aebd7878,,,,,,검단 오피스텔 개발,underlying_asset,,
fund_asset_link,info,supabase_pair_not_in_today_source_exact,P00036,,,,,,,"May be older, inferred, synthetic, or out-of-scope for today's active source export.",ast_9b0de0a4a118,,,,,,성수동2가오피스,underlying_asset,,
fund_asset_link,info,supabase_pair_not_in_today_source_exact,112185,,,,,,,"May be older, inferred, synthetic, or out-of-scope for today's active source export.",ast_3e8fec277620,,,,,,와이플러스빌딩 (투자),underlying_asset,,
fund_asset_link,info,supabase_pair_not_in_today_source_exact,112322,,,,,,,"May be older, inferred, synthetic, or out-of-scope for today's active source export.",ast_4f5ea25eb396,,,,,,피겨앤그라운드,underlying_asset,,
fund_asset_link,info,supabase_pair_not_in_today_source_exact,112025,,,,,,,"May be older, inferred, synthetic, or out-of-scope for today's active source export.",ast_a39455191564,,,,,,트리스빌딩 (투자),underlying_asset,,
fund_asset_link,info,supabase_pair_not_in_today_source_exact,112298,,,,,,,"May be older, inferred, synthetic, or out-of-scope for today's active source export.",ast_56e6a7e4b54b,,,,,,잠실새내 오피스텔 신축사업,underlying_asset,,
fund_asset_link,info,supabase_pair_not_in_today_source_exact,112306,,,,,,,"May be older, inferred, synthetic, or out-of-scope for today's active source export.",ast_541ce8b9c351,,,,,,부산 온천동 복합시설 신축사업,underlying_asset,,
fund_asset_link,info,supabase_pair_not_in_today_source_exact,112677,,,,,,,"May be older, inferred, synthetic, or out-of-scope for today's active source export.",ast_39df6f35071a,,,,,,신라스테이해운대,underlying_asset,,
fund_asset_link,info,supabase_pair_not_in_today_source_exact,112584,,,,,,,"May be older, inferred, synthetic, or out-of-scope for today's active source export.",ast_db3bfd1b4baf,,,,,,이지스일반사모투자신탁435호(태양광),underlying_asset,,
fund_asset_link,info,supabase_pair_not_in_today_source_exact,112163,,,,,,,"May be older, inferred, synthetic, or out-of-scope for today's active source export.",ast_25e1a4cc6c6f,,,,,,부산 수영구 광안동 98-1외 7필지 오피스텔 PF,underlying_asset,,
fund_asset_link,info,supabase_pair_not_in_today_source_exact,112252,,,,,,,"May be older, inferred, synthetic, or out-of-scope for today's active source export.",ast_b6574cf0dc13,,,,,,"부산시 사상구 괘법동 오피스텔, 도시형생활주택 및 근린생활시설 신축사업",underlying_asset,,
fund_asset_link,info,supabase_pair_not_in_today_source_exact,112054,,,,,,,"May be older, inferred, synthetic, or out-of-scope for today's active source export.",ast_8f63f7ec9170,,,,,,이지스리테일제55호사모부동산투자유한회사,underlying_asset,,
fund_asset_link,info,supabase_pair_not_in_today_source_exact,112255,,,,,,,"May be older, inferred, synthetic, or out-of-scope for today's active source export.",ast_bd308f82a818,,,,,,잭니클라우스GC 단독주택부지 담보신탁 1순위 우선수익권 담보부,underlying_asset,,
fund_asset_link,info,supabase_pair_not_in_today_source_exact,112373,,,,,,,"May be older, inferred, synthetic, or out-of-scope for today's active source export.",ast_701635aba4fc,,,,,,송도 센토피아더샵 공동주택 및 근린생활시설 개발사업 PF Refinancing,underlying_asset,,
fund_asset_link,info,supabase_pair_not_in_today_source_exact,112184,,,,,,,"May be older, inferred, synthetic, or out-of-scope for today's active source export.",ast_ed6a011723e2,,,,,,남동테크노타워 지식산업센터 개발사업 PF,underlying_asset,,
fund_asset_link,info,supabase_pair_not_in_today_source_exact,R00008,,,,,,,"May be older, inferred, synthetic, or out-of-scope for today's active source export.",ast_ec5c572ce8a7,,,,,,주식회사 이지스레지던스위탁관리부동산투자회사,underlying_asset,,
fund_asset_link,info,supabase_pair_not_in_today_source_exact,112175,,,,,,,"May be older, inferred, synthetic, or out-of-scope for today's active source export.",ast_b5b13984b5c2,,,,,,부평 더샵센트럴시티 공공지원민간임대주택,underlying_asset,,
fund_asset_link,info,supabase_pair_not_in_today_source_exact,120029,,,,,,,"May be older, inferred, synthetic, or out-of-scope for today's active source export.",ast_0920c9043185,,,,,,인천석남물류센터,underlying_asset,,
fund_asset_link,info,supabase_pair_not_in_today_source_exact,120030,,,,,,,"May be older, inferred, synthetic, or out-of-scope for today's active source export.",ast_0920c9043185,,,,,,인천석남물류센터,underlying_asset,,
fund_asset_link,info,supabase_pair_not_in_today_source_exact,112213,,,,,,,"May be older, inferred, synthetic, or out-of-scope for today's active source export.",ast_f341642853ae,,,,,,인천 가좌동 오피스텔 선순위 PF,underlying_asset,,
fund_asset_link,info,supabase_pair_not_in_today_source_exact,112314,,,,,,,"May be older, inferred, synthetic, or out-of-scope for today's active source export.",ast_d2b291b01082,,,,,,돈의문3구역 게이트타워,underlying_asset,,
fund_asset_link,info,supabase_pair_not_in_today_source_exact,112344,,,,,,,"May be older, inferred, synthetic, or out-of-scope for today's active source export.",ast_0d034e04e91f,,,,,,홈플러스 대전문화점 (투자),underlying_asset,,
fund_asset_link,info,supabase_pair_not_in_today_source_exact,112054,,,,,,,"May be older, inferred, synthetic, or out-of-scope for today's active source export.",ast_9e54163d0926,,,,,,롯데마트대덕점,underlying_asset,,
fund_asset_link,info,supabase_pair_not_in_today_source_exact,112592,,,,,,,"May be older, inferred, synthetic, or out-of-scope for today's active source export.",ast_9e54163d0926,,,,,,롯데마트대덕점,underlying_asset,,
fund_asset_link,info,supabase_pair_not_in_today_source_exact,112294,,,,,,,"May be older, inferred, synthetic, or out-of-scope for today's active source export.",ast_90a7471e6e20,,,,,,수원 이비스 앰배서더 수원 호텔 후순위,underlying_asset,,
fund_asset_link,info,supabase_pair_not_in_today_source_exact,112296,,,,,,,"May be older, inferred, synthetic, or out-of-scope for today's active source export.",ast_9b294af79693,,,,,,광교 아이파크 주상복합 내 판매시설 선순위 담보,underlying_asset,,
fund_asset_link,info,supabase_pair_not_in_today_source_exact,112535,,,,,,,"May be older, inferred, synthetic, or out-of-scope for today's active source export.",ast_578a66328a1e,,,,,,판교아이스퀘어E동,underlying_asset,,
fund_asset_link,info,supabase_pair_not_in_today_source_exact,112025,,,,,,,"May be older, inferred, synthetic, or out-of-scope for today's active source export.",ast_19e5bba5f247,,,,,,서영빌딩 (투자),underlying_asset,,
fund_asset_link,info,supabase_pair_not_in_today_source_exact,R00006,,,,,,,"May be older, inferred, synthetic, or out-of-scope for today's active source export.",ast_7a35fc542c9f,,,,,,이지스데이터센터위탁관리부동산투자회사 주식회사,underlying_asset,,
fund_asset_link,info,supabase_pair_not_in_today_source_exact,112025,,,,,,,"May be older, inferred, synthetic, or out-of-scope for today's active source export.",ast_03afde6453fc,,,,,,탑빌딩,underlying_asset,,
fund_asset_link,info,supabase_pair_not_in_today_source_exact,200030,,,,,,,"May be older, inferred, synthetic, or out-of-scope for today's active source export.",ast_d6b3682a1147,,,,,,판교 테크원타워 (우선주),underlying_asset,,
fund_asset_link,info,supabase_pair_not_in_today_source_exact,112148,,,,,,,"May be older, inferred, synthetic, or out-of-scope for today's active source export.",ast_eb058774b3aa,,,,,,판교 알파돔시티 비즈니스호텔 (투자),underlying_asset,,
fund_asset_link,info,supabase_pair_not_in_today_source_exact,112001,,,,,,,"May be older, inferred, synthetic, or out-of-scope for today's active source export.",ast_d2b8095c4603,,,,,,2001아울렛(안양) (투자),underlying_asset,,
fund_asset_link,info,supabase_pair_not_in_today_source_exact,112155,,,,,,,"May be older, inferred, synthetic, or out-of-scope for today's active source export.",ast_223bae23bf93,,,,,,뉴코아아울렛(평촌),underlying_asset,,
fund_asset_link,info,supabase_pair_not_in_today_source_exact,112081,,,,,,,"May be older, inferred, synthetic, or out-of-scope for today's active source export.",ast_223bae23bf93,,,,,,뉴코아아울렛(평촌),underlying_asset,,
fund_asset_link,info,supabase_pair_not_in_today_source_exact,112720,,,,,,,"May be older, inferred, synthetic, or out-of-scope for today's active source export.",ast_6526b194cc13,,,,,,부천카스퀘어담보대출,underlying_asset,,
fund_asset_link,info,supabase_pair_not_in_today_source_exact,112136,,,,,,,"May be older, inferred, synthetic, or out-of-scope for today's active source export.",ast_5eda17cd5cf3,,,,,,광명 역세권지구 복합시설 신축 (투자),underlying_asset,,
fund_asset_link,info,supabase_pair_not_in_today_source_exact,112194,,,,,,,"May be older, inferred, synthetic, or out-of-scope for today's active source export.",ast_6e943e2850e9,,,,,,고양시 화정동 아이씨티일산,underlying_asset,,
fund_asset_link,info,supabase_pair_not_in_today_source_exact,112414,,,,,,,"May be older, inferred, synthetic, or out-of-scope for today's active source export.",ast_cf7655c37f5e,,,,,,일산CLC,underlying_asset,,
fund_asset_link,info,supabase_pair_not_in_today_source_exact,112081,,,,,,,"May be older, inferred, synthetic, or out-of-scope for today's active source export.",ast_c9b5f50bc992,,,,,,뉴코아아울렛(일산),underlying_asset,,
fund_asset_link,info,supabase_pair_not_in_today_source_exact,112155,,,,,,,"May be older, inferred, synthetic, or out-of-scope for today's active source export.",ast_c9b5f50bc992,,,,,,뉴코아아울렛(일산),underlying_asset,,
fund_asset_link,info,supabase_pair_not_in_today_source_exact,112611,,,,,,,"May be older, inferred, synthetic, or out-of-scope for today's active source export.",ast_ee5b4d0511ec,,,,,,구리시 수택동 주거용 오피스텔 (투자),underlying_asset,,
fund_asset_link,info,supabase_pair_not_in_today_source_exact,112099,,,,,,,"May be older, inferred, synthetic, or out-of-scope for today's active source export.",ast_288840e4c692,,,,,,하남미사우성르보아파크,underlying_asset,,
fund_asset_link,info,supabase_pair_not_in_today_source_exact,112189,,,,,,,"May be older, inferred, synthetic, or out-of-scope for today's active source export.",ast_288840e4c692,,,,,,하남미사우성르보아파크,underlying_asset,,
fund_asset_link,info,supabase_pair_not_in_today_source_exact,112594,,,,,,,"May be older, inferred, synthetic, or out-of-scope for today's active source export.",ast_84491d5860d7,,,,,,하남데이터센터,underlying_asset,,
fund_asset_link,info,supabase_pair_not_in_today_source_exact,112595,,,,,,,"May be older, inferred, synthetic, or out-of-scope for today's active source export.",ast_84491d5860d7,,,,,,하남데이터센터,underlying_asset,,
fund_asset_link,info,supabase_pair_not_in_today_source_exact,112569,,,,,,,"May be older, inferred, synthetic, or out-of-scope for today's active source export.",ast_84491d5860d7,,,,,,하남데이터센터,underlying_asset,,
fund_asset_link,info,supabase_pair_not_in_today_source_exact,112442,,,,,,,"May be older, inferred, synthetic, or out-of-scope for today's active source export.",ast_84491d5860d7,,,,,,하남데이터센터,underlying_asset,,
fund_asset_link,info,supabase_pair_not_in_today_source_exact,112527,,,,,,,"May be older, inferred, synthetic, or out-of-scope for today's active source export.",ast_349f44ccfd1f,,,,,,이지스전문투자형사모부동산투자신탁제404호,underlying_asset,,
fund_asset_link,info,supabase_pair_not_in_today_source_exact,112277,,,,,,,"May be older, inferred, synthetic, or out-of-scope for today's active source export.",ast_8d2911b657d8,,,,,,파주 운정지구 오피스 개발사업,underlying_asset,,
fund_asset_link,info,supabase_pair_not_in_today_source_exact,112245,,,,,,,"May be older, inferred, synthetic, or out-of-scope for today's active source export.",ast_6f4f44b4c3aa,,,,,,도지물류센터 (투자),underlying_asset,,
fund_asset_link,info,supabase_pair_not_in_today_source_exact,112328,,,,,,,"May be older, inferred, synthetic, or out-of-scope for today's active source export.",ast_0264aa763175,,,,,,덕평CJ물류센터 (투자),underlying_asset,,
fund_asset_link,info,supabase_pair_not_in_today_source_exact,R00007,,,,,,,"May be older, inferred, synthetic, or out-of-scope for today's active source export.",ast_8f4a16aa66fa,,,,,,여주쿠팡물류센터,underlying_asset,,
fund_asset_link,info,supabase_pair_not_in_today_source_exact,112387,,,,,,,"May be older, inferred, synthetic, or out-of-scope for today's active source export.",ast_3a33a41d444e,,,,,,충북 청주시 서원구 잠두봉근린공원 공동주택 개발사업 PF,underlying_asset,,
fund_asset_link,info,supabase_pair_not_in_today_source_exact,112279,,,,,,,"May be older, inferred, synthetic, or out-of-scope for today's active source export.",ast_e6eadbaa08bd,,,,,,클럽디 속리산,underlying_asset,,
fund_asset_link,info,supabase_pair_not_in_today_source_exact,112007,,,,,,,"May be older, inferred, synthetic, or out-of-scope for today's active source export.",ast_668935b47b6b,,,,,,롯데마트(나주),underlying_asset,,
fund_asset_link,info,supabase_pair_not_in_today_source_exact,112047,,,,,,,"May be older, inferred, synthetic, or out-of-scope for today's active source export.",ast_e2fd03212beb,,,,,,남악신도시 복합쇼핑몰 (투자),underlying_asset,,
fund_asset_link,info,supabase_pair_not_in_today_source_exact,112056,,,,,,,"May be older, inferred, synthetic, or out-of-scope for today's active source export.",ast_2599313d9083,,,,,,롯데마트(포항) (투자),underlying_asset,,
fund_asset_link,info,supabase_pair_not_in_today_source_exact,112194,,,,,,,"May be older, inferred, synthetic, or out-of-scope for today's active source export.",ast_3ac68d303b60,,,,,,이지스부동산투자신탁187호,underlying_asset,,
fund_asset_link,info,supabase_pair_not_in_today_source_exact,112226,,,,,,,"May be older, inferred, synthetic, or out-of-scope for today's active source export.",ast_e3779cfe5ab2,,,,,,켄싱턴 제주호텔 부동산담보신탁 1종 수익권,underlying_asset,,
fund_asset_link,info,supabase_pair_not_in_today_source_exact,112004,,,,,,,"May be older, inferred, synthetic, or out-of-scope for today's active source export.",ast_58e37903d5ef,,,,,,원주AK,underlying_asset,,
fund_asset_link,info,supabase_pair_not_in_today_source_exact,P00011,,,,,,,"May be older, inferred, synthetic, or out-of-scope for today's active source export.",ast_8a93d35b0890,,,,,,디오션259피에프브이 주식회사,underlying_asset,,
fund_asset_link,info,supabase_pair_not_in_today_source_exact,112504,,,,,,,"May be older, inferred, synthetic, or out-of-scope for today's active source export.",ast_222407c92192,,,,,,이지스일반사모투자신탁392호(태양광),underlying_asset,,
fund_asset_link,info,supabase_pair_not_in_today_source_exact,112344,,,,,,,"May be older, inferred, synthetic, or out-of-scope for today's active source export.",ast_765cc3a1898a,,,,,,이지스코어리테일부동산투자신탁302호(운용),underlying_asset,,
fund_asset_link,info,supabase_pair_not_in_today_source_exact,112040,,,,,,,"May be older, inferred, synthetic, or out-of-scope for today's active source export.",ast_58e37903d5ef,,,,,,원주AK,inferred_underlying_asset,,
fund_asset_link,info,supabase_pair_not_in_today_source_exact,112060,,,,,,,"May be older, inferred, synthetic, or out-of-scope for today's active source export.",ast_edd6f6c3e3e5,,,,,,더피나클강남 (투자),inferred_underlying_asset,,
fund_asset_link,info,supabase_pair_not_in_today_source_exact,112084,,,,,,,"May be older, inferred, synthetic, or out-of-scope for today's active source export.",ast_6d4a384539b2,,,,,,Hines Poland Sustainable Income Fund,inferred_underlying_asset,,
fund_asset_link,info,supabase_pair_not_in_today_source_exact,112091,,,,,,,"May be older, inferred, synthetic, or out-of-scope for today's active source export.",ast_edd6f6c3e3e5,,,,,,더피나클강남 (투자),inferred_underlying_asset,,
fund_asset_link,info,supabase_pair_not_in_today_source_exact,112119,,,,,,,"May be older, inferred, synthetic, or out-of-scope for today's active source export.",ast_58e37903d5ef,,,,,,원주AK,inferred_underlying_asset,,
fund_asset_link,info,supabase_pair_not_in_today_source_exact,112762,,,,,,,"May be older, inferred, synthetic, or out-of-scope for today's active source export.",ast_bd9afab36d26,,,,,,이지스일반사모부동산투자신탁제439호,inferred_underlying_asset,,
fund_asset_link,info,supabase_pair_not_in_today_source_exact,112120,,,,,,,"May be older, inferred, synthetic, or out-of-scope for today's active source export.",ast_58e37903d5ef,,,,,,원주AK,inferred_underlying_asset,,
fund_asset_link,info,supabase_pair_not_in_today_source_exact,112121,,,,,,,"May be older, inferred, synthetic, or out-of-scope for today's active source export.",ast_58e37903d5ef,,,,,,원주AK,inferred_underlying_asset,,
fund_asset_link,info,supabase_pair_not_in_today_source_exact,112122,,,,,,,"May be older, inferred, synthetic, or out-of-scope for today's active source export.",ast_58e37903d5ef,,,,,,원주AK,inferred_underlying_asset,,
fund_asset_link,info,supabase_pair_not_in_today_source_exact,112123,,,,,,,"May be older, inferred, synthetic, or out-of-scope for today's active source export.",ast_58e37903d5ef,,,,,,원주AK,inferred_underlying_asset,,
fund_asset_link,info,supabase_pair_not_in_today_source_exact,112151,,,,,,,"May be older, inferred, synthetic, or out-of-scope for today's active source export.",ast_6d4a384539b2,,,,,,Hines Poland Sustainable Income Fund,inferred_underlying_asset,,
fund_asset_link,info,supabase_pair_not_in_today_source_exact,112167,,,,,,,"May be older, inferred, synthetic, or out-of-scope for today's active source export.",ast_73f09d84ccfa,,,,,,한남동 외국인아파트부지 재개발사업 PF대출,inferred_underlying_asset,,
fund_asset_link,info,supabase_pair_not_in_today_source_exact,112168,,,,,,,"May be older, inferred, synthetic, or out-of-scope for today's active source export.",ast_73f09d84ccfa,,,,,,한남동 외국인아파트부지 재개발사업 PF대출,inferred_underlying_asset,,
fund_asset_link,info,supabase_pair_not_in_today_source_exact,112176,,,,,,,"May be older, inferred, synthetic, or out-of-scope for today's active source export.",ast_b5b13984b5c2,,,,,,부평 더샵센트럴시티 공공지원민간임대주택,inferred_underlying_asset,,
fund_asset_link,info,supabase_pair_not_in_today_source_exact,112177,,,,,,,"May be older, inferred, synthetic, or out-of-scope for today's active source export.",ast_b5b13984b5c2,,,,,,부평 더샵센트럴시티 공공지원민간임대주택,inferred_underlying_asset,,
fund_asset_link,info,supabase_pair_not_in_today_source_exact,112178,,,,,,,"May be older, inferred, synthetic, or out-of-scope for today's active source export.",ast_b5b13984b5c2,,,,,,부평 더샵센트럴시티 공공지원민간임대주택,inferred_underlying_asset,,
fund_asset_link,info,supabase_pair_not_in_today_source_exact,112179,,,,,,,"May be older, inferred, synthetic, or out-of-scope for today's active source export.",ast_b5b13984b5c2,,,,,,부평 더샵센트럴시티 공공지원민간임대주택,inferred_underlying_asset,,
fund_asset_link,info,supabase_pair_not_in_today_source_exact,112186,,,,,,,"May be older, inferred, synthetic, or out-of-scope for today's active source export.",ast_3e8fec277620,,,,,,와이플러스빌딩 (투자),inferred_underlying_asset,,
fund_asset_link,info,supabase_pair_not_in_today_source_exact,112187,,,,,,,"May be older, inferred, synthetic, or out-of-scope for today's active source export.",ast_3e8fec277620,,,,,,와이플러스빌딩 (투자),inferred_underlying_asset,,
fund_asset_link,info,supabase_pair_not_in_today_source_exact,112329,,,,,,,"May be older, inferred, synthetic, or out-of-scope for today's active source export.",ast_0264aa763175,,,,,,덕평CJ물류센터 (투자),inferred_underlying_asset,,
fund_asset_link,info,supabase_pair_not_in_today_source_exact,112203,,,,,,,"May be older, inferred, synthetic, or out-of-scope for today's active source export.",ast_72434a85fc8f,,,,,,강서 마곡지구 근린생활시설 개발사업 PF대출,inferred_underlying_asset,,
fund_asset_link,info,supabase_pair_not_in_today_source_exact,112204,,,,,,,"May be older, inferred, synthetic, or out-of-scope for today's active source export.",ast_72434a85fc8f,,,,,,강서 마곡지구 근린생활시설 개발사업 PF대출,inferred_underlying_asset,,
fund_asset_link,info,supabase_pair_not_in_today_source_exact,112221,,,,,,,"May be older, inferred, synthetic, or out-of-scope for today's active source export.",ast_f541715b8374,,,,,,Barcelona Office Nestle HQ,inferred_underlying_asset,,
fund_asset_link,info,supabase_pair_not_in_today_source_exact,112224,,,,,,,"May be older, inferred, synthetic, or out-of-scope for today's active source export.",ast_230b908af3f7,,,,,,프랑스 Orange Telecome 오피스,inferred_underlying_asset,,
fund_asset_link,info,supabase_pair_not_in_today_source_exact,112225,,,,,,,"May be older, inferred, synthetic, or out-of-scope for today's active source export.",ast_1f446ce9025d,,,,,,홈플러스죽도점 (투자),inferred_underlying_asset,,
fund_asset_link,info,supabase_pair_not_in_today_source_exact,112227,,,,,,,"May be older, inferred, synthetic, or out-of-scope for today's active source export.",ast_e3779cfe5ab2,,,,,,켄싱턴 제주호텔 부동산담보신탁 1종 수익권,inferred_underlying_asset,,
fund_asset_link,info,supabase_pair_not_in_today_source_exact,112228,,,,,,,"May be older, inferred, synthetic, or out-of-scope for today's active source export.",ast_e3779cfe5ab2,,,,,,켄싱턴 제주호텔 부동산담보신탁 1종 수익권,inferred_underlying_asset,,
fund_asset_link,info,supabase_pair_not_in_today_source_exact,112265,,,,,,,"May be older, inferred, synthetic, or out-of-scope for today's active source export.",ast_6f4f44b4c3aa,,,,,,도지물류센터 (투자),inferred_underlying_asset,,
fund_asset_link,info,supabase_pair_not_in_today_source_exact,112266,,,,,,,"May be older, inferred, synthetic, or out-of-scope for today's active source export.",ast_6f4f44b4c3aa,,,,,,도지물류센터 (투자),inferred_underlying_asset,,
fund_asset_link,info,supabase_pair_not_in_today_source_exact,112280,,,,,,,"May be older, inferred, synthetic, or out-of-scope for today's active source export.",ast_e6eadbaa08bd,,,,,,클럽디 속리산,inferred_underlying_asset,,
fund_asset_link,info,supabase_pair_not_in_today_source_exact,112281,,,,,,,"May be older, inferred, synthetic, or out-of-scope for today's active source export.",ast_e6eadbaa08bd,,,,,,클럽디 속리산,inferred_underlying_asset,,
fund_asset_link,info,supabase_pair_not_in_today_source_exact,112282,,,,,,,"May be older, inferred, synthetic, or out-of-scope for today's active source export.",ast_e6eadbaa08bd,,,,,,클럽디 속리산,inferred_underlying_asset,,
fund_asset_link,info,supabase_pair_not_in_today_source_exact,112288,,,,,,,"May be older, inferred, synthetic, or out-of-scope for today's active source export.",ast_021767a7f029,,,,,,강동 성내 역세권 청년주택,inferred_underlying_asset,,
fund_asset_link,info,supabase_pair_not_in_today_source_exact,112289,,,,,,,"May be older, inferred, synthetic, or out-of-scope for today's active source export.",ast_021767a7f029,,,,,,강동 성내 역세권 청년주택,inferred_underlying_asset,,
fund_asset_link,info,supabase_pair_not_in_today_source_exact,112302,,,,,,,"May be older, inferred, synthetic, or out-of-scope for today's active source export.",ast_d27d2be05580,,,,,,US BioMed Portfolio Senior Loan,inferred_underlying_asset,,
fund_asset_link,info,supabase_pair_not_in_today_source_exact,112315,,,,,,,"May be older, inferred, synthetic, or out-of-scope for today's active source export.",ast_d2b291b01082,,,,,,돈의문3구역 게이트타워,inferred_underlying_asset,,
fund_asset_link,info,supabase_pair_not_in_today_source_exact,112316,,,,,,,"May be older, inferred, synthetic, or out-of-scope for today's active source export.",ast_d2b291b01082,,,,,,돈의문3구역 게이트타워,inferred_underlying_asset,,
fund_asset_link,info,supabase_pair_not_in_today_source_exact,112318,,,,,,,"May be older, inferred, synthetic, or out-of-scope for today's active source export.",ast_0bed91ccb4ec,,,,,,부실채권을 기초자산으로 하는 SPC의 사채,inferred_underlying_asset,,
fund_asset_link,info,supabase_pair_not_in_today_source_exact,112327,,,,,,,"May be older, inferred, synthetic, or out-of-scope for today's active source export.",ast_713f8b4e24da,,,,,,Paris Logistics Amazon,inferred_underlying_asset,,
fund_asset_link,info,supabase_pair_not_in_today_source_exact,112330,,,,,,,"May be older, inferred, synthetic, or out-of-scope for today's active source export.",ast_0264aa763175,,,,,,덕평CJ물류센터 (투자),inferred_underlying_asset,,
fund_asset_link,info,supabase_pair_not_in_today_source_exact,112336,,,,,,,"May be older, inferred, synthetic, or out-of-scope for today's active source export.",ast_7689cf60369b,,,,,,글로벌 리츠,inferred_underlying_asset,,
fund_asset_link,info,supabase_pair_not_in_today_source_exact,112337,,,,,,,"May be older, inferred, synthetic, or out-of-scope for today's active source export.",ast_7689cf60369b,,,,,,글로벌 리츠,inferred_underlying_asset,,
fund_asset_link,info,supabase_pair_not_in_today_source_exact,112345,,,,,,,"May be older, inferred, synthetic, or out-of-scope for today's active source export.",ast_db35eead7a91,,,,,,홈플러스 인천인하점,inferred_underlying_asset,,
fund_asset_link,info,supabase_pair_not_in_today_source_exact,112346,,,,,,,"May be older, inferred, synthetic, or out-of-scope for today's active source export.",ast_db35eead7a91,,,,,,홈플러스 인천인하점,inferred_underlying_asset,,
fund_asset_link,info,supabase_pair_not_in_today_source_exact,112348,,,,,,,"May be older, inferred, synthetic, or out-of-scope for today's active source export.",ast_db35eead7a91,,,,,,홈플러스 인천인하점,inferred_underlying_asset,,
fund_asset_link,info,supabase_pair_not_in_today_source_exact,112380,,,,,,,"May be older, inferred, synthetic, or out-of-scope for today's active source export.",ast_1b09ced3f5a7,,,,,,호수빌딩,inferred_underlying_asset,,
fund_asset_link,info,supabase_pair_not_in_today_source_exact,112402,,,,,,,"May be older, inferred, synthetic, or out-of-scope for today's active source export.",ast_ff8a69b5d1fd,,,,,,San Mauro Torinese,inferred_underlying_asset,,
fund_asset_link,info,supabase_pair_not_in_today_source_exact,112403,,,,,,,"May be older, inferred, synthetic, or out-of-scope for today's active source export.",ast_ff8a69b5d1fd,,,,,,San Mauro Torinese,inferred_underlying_asset,,
fund_asset_link,info,supabase_pair_not_in_today_source_exact,112412,,,,,,,"May be older, inferred, synthetic, or out-of-scope for today's active source export.",ast_0bed91ccb4ec,,,,,,부실채권을 기초자산으로 하는 SPC의 사채,inferred_underlying_asset,,
fund_asset_link,info,supabase_pair_not_in_today_source_exact,112415,,,,,,,"May be older, inferred, synthetic, or out-of-scope for today's active source export.",ast_cf7655c37f5e,,,,,,일산CLC,inferred_underlying_asset,,
fund_asset_link,info,supabase_pair_not_in_today_source_exact,112416,,,,,,,"May be older, inferred, synthetic, or out-of-scope for today's active source export.",ast_cf7655c37f5e,,,,,,일산CLC,inferred_underlying_asset,,
fund_asset_link,info,supabase_pair_not_in_today_source_exact,112417,,,,,,,"May be older, inferred, synthetic, or out-of-scope for today's active source export.",ast_cf7655c37f5e,,,,,,일산CLC,inferred_underlying_asset,,
fund_asset_link,info,supabase_pair_not_in_today_source_exact,112428,,,,,,,"May be older, inferred, synthetic, or out-of-scope for today's active source export.",ast_c010b7ae021c,,,,,,글로벌 리츠,inferred_underlying_asset,,
fund_asset_link,info,supabase_pair_not_in_today_source_exact,112431,,,,,,,"May be older, inferred, synthetic, or out-of-scope for today's active source export.",ast_c010b7ae021c,,,,,,글로벌 리츠,inferred_underlying_asset,,
fund_asset_link,info,supabase_pair_not_in_today_source_exact,112433,,,,,,,"May be older, inferred, synthetic, or out-of-scope for today's active source export.",ast_c010b7ae021c,,,,,,글로벌 리츠,inferred_underlying_asset,,
fund_asset_link,info,supabase_pair_not_in_today_source_exact,112443,,,,,,,"May be older, inferred, synthetic, or out-of-scope for today's active source export.",ast_84491d5860d7,,,,,,하남데이터센터,inferred_underlying_asset,,
fund_asset_link,info,supabase_pair_not_in_today_source_exact,112444,,,,,,,"May be older, inferred, synthetic, or out-of-scope for today's active source export.",ast_84491d5860d7,,,,,,하남데이터센터,inferred_underlying_asset,,
fund_asset_link,info,supabase_pair_not_in_today_source_exact,112452,,,,,,,"May be older, inferred, synthetic, or out-of-scope for today's active source export.",ast_fbe13b6b1e0a,,,,,,글로벌 리츠,inferred_underlying_asset,,
fund_asset_link,info,supabase_pair_not_in_today_source_exact,112457,,,,,,,"May be older, inferred, synthetic, or out-of-scope for today's active source export.",ast_e2910b24e5e7,,,,,,원효로3가 공공지원민간임대주택,inferred_underlying_asset,,
fund_asset_link,info,supabase_pair_not_in_today_source_exact,112458,,,,,,,"May be older, inferred, synthetic, or out-of-scope for today's active source export.",ast_e2910b24e5e7,,,,,,원효로3가 공공지원민간임대주택,inferred_underlying_asset,,
fund_asset_link,info,supabase_pair_not_in_today_source_exact,112460,,,,,,,"May be older, inferred, synthetic, or out-of-scope for today's active source export.",ast_f2df751470ee,,,,,,Nuveen UK Enhanced Debt Fund,inferred_underlying_asset,,
fund_asset_link,info,supabase_pair_not_in_today_source_exact,112471,,,,,,,"May be older, inferred, synthetic, or out-of-scope for today's active source export.",ast_1b09ced3f5a7,,,,,,호수빌딩,inferred_underlying_asset,,
fund_asset_link,info,supabase_pair_not_in_today_source_exact,112472,,,,,,,"May be older, inferred, synthetic, or out-of-scope for today's active source export.",ast_aefd81e93778,,,,,,Colony Distressed Credit Fund IV,inferred_underlying_asset,,
fund_asset_link,info,supabase_pair_not_in_today_source_exact,112473,,,,,,,"May be older, inferred, synthetic, or out-of-scope for today's active source export.",ast_aefd81e93778,,,,,,Colony Distressed Credit Fund IV,inferred_underlying_asset,,
fund_asset_link,info,supabase_pair_not_in_today_source_exact,112506,,,,,,,"May be older, inferred, synthetic, or out-of-scope for today's active source export.",ast_f7a36f9524d4,,,,,,뉴멕시코주 아마존 물류센터,inferred_underlying_asset,,
fund_asset_link,info,supabase_pair_not_in_today_source_exact,112507,,,,,,,"May be older, inferred, synthetic, or out-of-scope for today's active source export.",ast_f7a36f9524d4,,,,,,뉴멕시코주 아마존 물류센터,inferred_underlying_asset,,
fund_asset_link,info,supabase_pair_not_in_today_source_exact,112508,,,,,,,"May be older, inferred, synthetic, or out-of-scope for today's active source export.",ast_f7a36f9524d4,,,,,,뉴멕시코주 아마존 물류센터,inferred_underlying_asset,,
fund_asset_link,info,supabase_pair_not_in_today_source_exact,112509,,,,,,,"May be older, inferred, synthetic, or out-of-scope for today's active source export.",ast_f7a36f9524d4,,,,,,뉴멕시코주 아마존 물류센터,inferred_underlying_asset,,
fund_asset_link,info,supabase_pair_not_in_today_source_exact,112526,,,,,,,"May be older, inferred, synthetic, or out-of-scope for today's active source export.",ast_31a8b3ea9c30,,,,,,두산빌딩,inferred_underlying_asset,,
fund_asset_link,info,supabase_pair_not_in_today_source_exact,112548,,,,,,,"May be older, inferred, synthetic, or out-of-scope for today's active source export.",ast_7b6e6d2a39c2,,,,,,완장리 물류센터,inferred_underlying_asset,,
fund_asset_link,info,supabase_pair_not_in_today_source_exact,112549,,,,,,,"May be older, inferred, synthetic, or out-of-scope for today's active source export.",ast_7b6e6d2a39c2,,,,,,완장리 물류센터,inferred_underlying_asset,,
fund_asset_link,info,supabase_pair_not_in_today_source_exact,112550,,,,,,,"May be older, inferred, synthetic, or out-of-scope for today's active source export.",ast_7b6e6d2a39c2,,,,,,완장리 물류센터,inferred_underlying_asset,,
fund_asset_link,info,supabase_pair_not_in_today_source_exact,112565,,,,,,,"May be older, inferred, synthetic, or out-of-scope for today's active source export.",ast_58e37903d5ef,,,,,,원주AK,inferred_underlying_asset,,
fund_asset_link,info,supabase_pair_not_in_today_source_exact,112567,,,,,,,"May be older, inferred, synthetic, or out-of-scope for today's active source export.",ast_1f446ce9025d,,,,,,홈플러스죽도점 (투자),inferred_underlying_asset,,
fund_asset_link,info,supabase_pair_not_in_today_source_exact,112570,,,,,,,"May be older, inferred, synthetic, or out-of-scope for today's active source export.",ast_84491d5860d7,,,,,,하남데이터센터,inferred_underlying_asset,,
fund_asset_link,info,supabase_pair_not_in_today_source_exact,112571,,,,,,,"May be older, inferred, synthetic, or out-of-scope for today's active source export.",ast_84491d5860d7,,,,,,하남데이터센터,inferred_underlying_asset,,
fund_asset_link,info,supabase_pair_not_in_today_source_exact,112572,,,,,,,"May be older, inferred, synthetic, or out-of-scope for today's active source export.",ast_84491d5860d7,,,,,,하남데이터센터,inferred_underlying_asset,,
fund_asset_link,info,supabase_pair_not_in_today_source_exact,112574,,,,,,,"May be older, inferred, synthetic, or out-of-scope for today's active source export.",ast_73e5216b97f6,,,,,,이천 마장면 물류센터,inferred_underlying_asset,,
fund_asset_link,info,supabase_pair_not_in_today_source_exact,112575,,,,,,,"May be older, inferred, synthetic, or out-of-scope for today's active source export.",ast_73e5216b97f6,,,,,,이천 마장면 물류센터,inferred_underlying_asset,,
fund_asset_link,info,supabase_pair_not_in_today_source_exact,112580,,,,,,,"May be older, inferred, synthetic, or out-of-scope for today's active source export.",ast_bfb1c5d3da5c,,,,,,마곡 명소화부지 개발사업,inferred_underlying_asset,,
fund_asset_link,info,supabase_pair_not_in_today_source_exact,112581,,,,,,,"May be older, inferred, synthetic, or out-of-scope for today's active source export.",ast_bfb1c5d3da5c,,,,,,마곡 명소화부지 개발사업,inferred_underlying_asset,,
fund_asset_link,info,supabase_pair_not_in_today_source_exact,112609,,,,,,,"May be older, inferred, synthetic, or out-of-scope for today's active source export.",ast_6c274653ed0b,,,,,,고양삼송데이터센터,inferred_underlying_asset,,
fund_asset_link,info,supabase_pair_not_in_today_source_exact,112610,,,,,,,"May be older, inferred, synthetic, or out-of-scope for today's active source export.",ast_6c274653ed0b,,,,,,고양삼송데이터센터,inferred_underlying_asset,,
fund_asset_link,info,supabase_pair_not_in_today_source_exact,112612,,,,,,,"May be older, inferred, synthetic, or out-of-scope for today's active source export.",ast_2ab8e79a6c7d,,,,,,효제동 오피스텔 사업부지,inferred_underlying_asset,,
fund_asset_link,info,supabase_pair_not_in_today_source_exact,112613,,,,,,,"May be older, inferred, synthetic, or out-of-scope for today's active source export.",ast_2ab8e79a6c7d,,,,,,효제동 오피스텔 사업부지,inferred_underlying_asset,,
fund_asset_link,info,supabase_pair_not_in_today_source_exact,112009,,,,,,,"May be older, inferred, synthetic, or out-of-scope for today's active source export.",ast_8e254bfe7df1,,,,,,런던원우드스트리트 Prime오피스,inferred_underlying_asset,,
fund_asset_link,info,supabase_pair_not_in_today_source_exact,112620,,,,,,,"May be older, inferred, synthetic, or out-of-scope for today's active source export.",ast_5cb81c5d6700,,,,,,Goldman Sachs West Street Infrastructure Partner IV,inferred_underlying_asset,,
fund_asset_link,info,supabase_pair_not_in_today_source_exact,112631,,,,,,,"May be older, inferred, synthetic, or out-of-scope for today's active source export.",ast_8485bd818e1d,,,,,,국내 리츠,inferred_underlying_asset,,
fund_asset_link,info,supabase_pair_not_in_today_source_exact,112632,,,,,,,"May be older, inferred, synthetic, or out-of-scope for today's active source export.",ast_8485bd818e1d,,,,,,국내 리츠,inferred_underlying_asset,,
fund_asset_link,info,supabase_pair_not_in_today_source_exact,112633,,,,,,,"May be older, inferred, synthetic, or out-of-scope for today's active source export.",ast_8485bd818e1d,,,,,,국내 리츠,inferred_underlying_asset,,
fund_asset_link,info,supabase_pair_not_in_today_source_exact,112634,,,,,,,"May be older, inferred, synthetic, or out-of-scope for today's active source export.",ast_8485bd818e1d,,,,,,국내 리츠,inferred_underlying_asset,,
fund_asset_link,info,supabase_pair_not_in_today_source_exact,112635,,,,,,,"May be older, inferred, synthetic, or out-of-scope for today's active source export.",ast_8485bd818e1d,,,,,,국내 리츠,inferred_underlying_asset,,
fund_asset_link,info,supabase_pair_not_in_today_source_exact,112636,,,,,,,"May be older, inferred, synthetic, or out-of-scope for today's active source export.",ast_8485bd818e1d,,,,,,국내 리츠,inferred_underlying_asset,,
fund_asset_link,info,supabase_pair_not_in_today_source_exact,112640,,,,,,,"May be older, inferred, synthetic, or out-of-scope for today's active source export.",ast_6d4a384539b2,,,,,,Hines Poland Sustainable Income Fund,inferred_underlying_asset,,
fund_asset_link,info,supabase_pair_not_in_today_source_exact,112643,,,,,,,"May be older, inferred, synthetic, or out-of-scope for today's active source export.",ast_109318d66df6,,,,,,화성 석포리 물류센터,inferred_underlying_asset,,
fund_asset_link,info,supabase_pair_not_in_today_source_exact,112644,,,,,,,"May be older, inferred, synthetic, or out-of-scope for today's active source export.",ast_109318d66df6,,,,,,화성 석포리 물류센터,inferred_underlying_asset,,
fund_asset_link,info,supabase_pair_not_in_today_source_exact,112675,,,,,,,"May be older, inferred, synthetic, or out-of-scope for today's active source export.",ast_e3a8955cec50,,,,,,이지스일반사모부동산투자신탁제468-2호(2종)의 수익증권,inferred_underlying_asset,,
fund_asset_link,info,supabase_pair_not_in_today_source_exact,112676,,,,,,,"May be older, inferred, synthetic, or out-of-scope for today's active source export.",ast_e3a8955cec50,,,,,,이지스일반사모부동산투자신탁제468-2호(2종)의 수익증권,inferred_underlying_asset,,
fund_asset_link,info,supabase_pair_not_in_today_source_exact,112711,,,,,,,"May be older, inferred, synthetic, or out-of-scope for today's active source export.",ast_4d1430b5f175,,,,,,공모주,inferred_underlying_asset,,
fund_asset_link,info,supabase_pair_not_in_today_source_exact,112712,,,,,,,"May be older, inferred, synthetic, or out-of-scope for today's active source export.",ast_4d1430b5f175,,,,,,공모주,inferred_underlying_asset,,
fund_asset_link,info,supabase_pair_not_in_today_source_exact,112713,,,,,,,"May be older, inferred, synthetic, or out-of-scope for today's active source export.",ast_4d1430b5f175,,,,,,공모주,inferred_underlying_asset,,
fund_asset_link,info,supabase_pair_not_in_today_source_exact,112714,,,,,,,"May be older, inferred, synthetic, or out-of-scope for today's active source export.",ast_4d1430b5f175,,,,,,공모주,inferred_underlying_asset,,
fund_asset_link,info,supabase_pair_not_in_today_source_exact,112717,,,,,,,"May be older, inferred, synthetic, or out-of-scope for today's active source export.",ast_0920c9043185,,,,,,인천석남물류센터,inferred_underlying_asset,,
fund_asset_link,info,supabase_pair_not_in_today_source_exact,112722,,,,,,,"May be older, inferred, synthetic, or out-of-scope for today's active source export.",ast_f230c76d6975,,,,,,"AA- 이상 채권, 국내 상장 리츠, 공모주, 스팩",inferred_underlying_asset,,
fund_asset_link,info,supabase_pair_not_in_today_source_exact,112723,,,,,,,"May be older, inferred, synthetic, or out-of-scope for today's active source export.",ast_cb59978f02bf,,,,,,국내 리츠,inferred_underlying_asset,,
fund_asset_link,info,supabase_pair_not_in_today_source_exact,112724,,,,,,,"May be older, inferred, synthetic, or out-of-scope for today's active source export.",ast_cb59978f02bf,,,,,,국내 리츠,inferred_underlying_asset,,
fund_asset_link,info,supabase_pair_not_in_today_source_exact,112725,,,,,,,"May be older, inferred, synthetic, or out-of-scope for today's active source export.",ast_cb59978f02bf,,,,,,국내 리츠,inferred_underlying_asset,,
fund_asset_link,info,supabase_pair_not_in_today_source_exact,112726,,,,,,,"May be older, inferred, synthetic, or out-of-scope for today's active source export.",ast_cb59978f02bf,,,,,,국내 리츠,inferred_underlying_asset,,
fund_asset_link,info,supabase_pair_not_in_today_source_exact,112727,,,,,,,"May be older, inferred, synthetic, or out-of-scope for today's active source export.",ast_cb59978f02bf,,,,,,국내 리츠,inferred_underlying_asset,,
fund_asset_link,info,supabase_pair_not_in_today_source_exact,112728,,,,,,,"May be older, inferred, synthetic, or out-of-scope for today's active source export.",ast_cb59978f02bf,,,,,,국내 리츠,inferred_underlying_asset,,
fund_asset_link,info,supabase_pair_not_in_today_source_exact,112729,,,,,,,"May be older, inferred, synthetic, or out-of-scope for today's active source export.",ast_cb59978f02bf,,,,,,국내 리츠,inferred_underlying_asset,,
fund_asset_link,info,supabase_pair_not_in_today_source_exact,112730,,,,,,,"May be older, inferred, synthetic, or out-of-scope for today's active source export.",ast_cb59978f02bf,,,,,,국내 리츠,inferred_underlying_asset,,
fund_asset_link,info,supabase_pair_not_in_today_source_exact,112731,,,,,,,"May be older, inferred, synthetic, or out-of-scope for today's active source export.",ast_cb59978f02bf,,,,,,국내 리츠,inferred_underlying_asset,,
fund_asset_link,info,supabase_pair_not_in_today_source_exact,112732,,,,,,,"May be older, inferred, synthetic, or out-of-scope for today's active source export.",ast_cb59978f02bf,,,,,,국내 리츠,inferred_underlying_asset,,
fund_asset_link,info,supabase_pair_not_in_today_source_exact,112733,,,,,,,"May be older, inferred, synthetic, or out-of-scope for today's active source export.",ast_cb59978f02bf,,,,,,국내 리츠,inferred_underlying_asset,,
fund_asset_link,info,supabase_pair_not_in_today_source_exact,112734,,,,,,,"May be older, inferred, synthetic, or out-of-scope for today's active source export.",ast_cb59978f02bf,,,,,,국내 리츠,inferred_underlying_asset,,
fund_asset_link,info,supabase_pair_not_in_today_source_exact,112735,,,,,,,"May be older, inferred, synthetic, or out-of-scope for today's active source export.",ast_cb59978f02bf,,,,,,국내 리츠,inferred_underlying_asset,,
fund_asset_link,info,supabase_pair_not_in_today_source_exact,112736,,,,,,,"May be older, inferred, synthetic, or out-of-scope for today's active source export.",ast_cb59978f02bf,,,,,,국내 리츠,inferred_underlying_asset,,
fund_asset_link,info,supabase_pair_not_in_today_source_exact,112737,,,,,,,"May be older, inferred, synthetic, or out-of-scope for today's active source export.",ast_cb59978f02bf,,,,,,국내 리츠,inferred_underlying_asset,,
fund_asset_link,info,supabase_pair_not_in_today_source_exact,112738,,,,,,,"May be older, inferred, synthetic, or out-of-scope for today's active source export.",ast_cb59978f02bf,,,,,,국내 리츠,inferred_underlying_asset,,
fund_asset_link,info,supabase_pair_not_in_today_source_exact,112741,,,,,,,"May be older, inferred, synthetic, or out-of-scope for today's active source export.",ast_3a760d38807f,,,,,,"AA- 이상 채권, 국내 상장 리츠, 공모주, 스팩",inferred_underlying_asset,,
fund_asset_link,info,supabase_pair_not_in_today_source_exact,112742,,,,,,,"May be older, inferred, synthetic, or out-of-scope for today's active source export.",ast_3a760d38807f,,,,,,"AA- 이상 채권, 국내 상장 리츠, 공모주, 스팩",inferred_underlying_asset,,
fund_asset_link,info,supabase_pair_not_in_today_source_exact,112743,,,,,,,"May be older, inferred, synthetic, or out-of-scope for today's active source export.",ast_3a760d38807f,,,,,,"AA- 이상 채권, 국내 상장 리츠, 공모주, 스팩",inferred_underlying_asset,,
fund_asset_link,info,supabase_pair_not_in_today_source_exact,112749,,,,,,,"May be older, inferred, synthetic, or out-of-scope for today's active source export.",ast_0920c9043185,,,,,,인천석남물류센터,inferred_underlying_asset,,
fund_asset_link,info,supabase_pair_not_in_today_source_exact,112750,,,,,,,"May be older, inferred, synthetic, or out-of-scope for today's active source export.",ast_0920c9043185,,,,,,인천석남물류센터,inferred_underlying_asset,,
fund_asset_link,info,supabase_pair_not_in_today_source_exact,112763,,,,,,,"May be older, inferred, synthetic, or out-of-scope for today's active source export.",ast_4d1430b5f175,,,,,,공모주,inferred_underlying_asset,,
fund_asset_link,info,supabase_pair_not_in_today_source_exact,112775,,,,,,,"May be older, inferred, synthetic, or out-of-scope for today's active source export.",ast_3201a934e6fd,,,,,,수익/지분증권,inferred_underlying_asset,,
fund_asset_link,info,supabase_pair_not_in_today_source_exact,112776,,,,,,,"May be older, inferred, synthetic, or out-of-scope for today's active source export.",ast_3201a934e6fd,,,,,,수익/지분증권,inferred_underlying_asset,,
fund_asset_link,info,supabase_pair_not_in_today_source_exact,112777,,,,,,,"May be older, inferred, synthetic, or out-of-scope for today's active source export.",ast_3201a934e6fd,,,,,,수익/지분증권,inferred_underlying_asset,,
fund_asset_link,info,supabase_pair_not_in_today_source_exact,120022,,,,,,,"May be older, inferred, synthetic, or out-of-scope for today's active source export.",ast_c73013f20dc6,,,,,,이지스 468-2호 수익증권,inferred_underlying_asset,,
fund_asset_link,info,supabase_pair_not_in_today_source_exact,120027,,,,,,,"May be older, inferred, synthetic, or out-of-scope for today's active source export.",ast_109318d66df6,,,,,,화성 석포리 물류센터,inferred_underlying_asset,,
fund_asset_link,info,supabase_pair_not_in_today_source_exact,120040,,,,,,,"May be older, inferred, synthetic, or out-of-scope for today's active source export.",ast_38527bcff111,,,,,,성수동2가 268-2 업무시설 개발사업 브릿지대출,inferred_underlying_asset,,
fund_asset_link,info,supabase_pair_not_in_today_source_exact,120041,,,,,,,"May be older, inferred, synthetic, or out-of-scope for today's active source export.",ast_38527bcff111,,,,,,성수동2가 268-2 업무시설 개발사업 브릿지대출,inferred_underlying_asset,,
fund_asset_link,info,supabase_pair_not_in_today_source_exact,120051,,,,,,,"May be older, inferred, synthetic, or out-of-scope for today's active source export.",ast_53985b2bb7f9,,,,,,수서역세권 공공주택지구 B1-3BL 개발사업 브릿지대출,inferred_underlying_asset,,
fund_asset_link,info,supabase_pair_not_in_today_source_exact,120052,,,,,,,"May be older, inferred, synthetic, or out-of-scope for today's active source export.",ast_53985b2bb7f9,,,,,,수서역세권 공공주택지구 B1-3BL 개발사업 브릿지대출,inferred_underlying_asset,,
fund_asset_link,info,supabase_pair_not_in_today_source_exact,120075,,,,,,,"May be older, inferred, synthetic, or out-of-scope for today's active source export.",ast_dd6e846e65f4,,,,,,신라스테이제주,inferred_underlying_asset,,
fund_asset_link,info,supabase_pair_not_in_today_source_exact,120077,,,,,,,"May be older, inferred, synthetic, or out-of-scope for today's active source export.",ast_30efc1e2c218,,,,,,이지스경산물류제1호일반사모부동산투자회사의 1종 종류주식,inferred_underlying_asset,,
fund_asset_link,info,supabase_pair_not_in_today_source_exact,120082,,,,,,,"May be older, inferred, synthetic, or out-of-scope for today's active source export.",ast_9c85ee271a7f,,,,,,이지스경산로지스1호(보통주),inferred_underlying_asset,,
fund_asset_link,info,supabase_pair_not_in_today_source_exact,120083,,,,,,,"May be older, inferred, synthetic, or out-of-scope for today's active source export.",ast_9c85ee271a7f,,,,,,이지스경산로지스1호(보통주),inferred_underlying_asset,,
fund_asset_link,info,supabase_pair_not_in_today_source_exact,120086,,,,,,,"May be older, inferred, synthetic, or out-of-scope for today's active source export.",ast_616c3d79da75,,,,,,경산 쿠팡물류센터,inferred_underlying_asset,,
fund_asset_link,info,supabase_pair_not_in_today_source_exact,120087,,,,,,,"May be older, inferred, synthetic, or out-of-scope for today's active source export.",ast_616c3d79da75,,,,,,경산 쿠팡물류센터,inferred_underlying_asset,,
fund_asset_link,info,supabase_pair_not_in_today_source_exact,120088,,,,,,,"May be older, inferred, synthetic, or out-of-scope for today's active source export.",ast_616c3d79da75,,,,,,경산 쿠팡물류센터,inferred_underlying_asset,,
fund_asset_link,info,supabase_pair_not_in_today_source_exact,120089,,,,,,,"May be older, inferred, synthetic, or out-of-scope for today's active source export.",ast_146d3e80165b,,,,,,"신동해빌딩, NICE2사옥",inferred_underlying_asset,,
fund_asset_link,info,supabase_pair_not_in_today_source_exact,120090,,,,,,,"May be older, inferred, synthetic, or out-of-scope for today's active source export.",ast_146d3e80165b,,,,,,"신동해빌딩, NICE2사옥",inferred_underlying_asset,,
fund_asset_link,info,supabase_pair_not_in_today_source_exact,120092,,,,,,,"May be older, inferred, synthetic, or out-of-scope for today's active source export.",ast_bd54043679c9,,,,,,"재생에너지 플랫폼회사(""HoldCo"")에 대한 지분 및 주주대여금",inferred_underlying_asset,,
fund_asset_link,info,supabase_pair_not_in_today_source_exact,120093,,,,,,,"May be older, inferred, synthetic, or out-of-scope for today's active source export.",ast_bd54043679c9,,,,,,"재생에너지 플랫폼회사(""HoldCo"")에 대한 지분 및 주주대여금",inferred_underlying_asset,,
fund_asset_link,info,supabase_pair_not_in_today_source_exact,120100,,,,,,,"May be older, inferred, synthetic, or out-of-scope for today's active source export.",ast_5804290d6389,,,,,,용산라이프PFV 대여금,inferred_underlying_asset,,
fund_asset_link,info,supabase_pair_not_in_today_source_exact,120101,,,,,,,"May be older, inferred, synthetic, or out-of-scope for today's active source export.",ast_5804290d6389,,,,,,용산라이프PFV 대여금,inferred_underlying_asset,,
fund_asset_link,info,supabase_pair_not_in_today_source_exact,120105,,,,,,,"May be older, inferred, synthetic, or out-of-scope for today's active source export.",ast_a60db5e30056,,,,,,이지스 330호 (OPUS407/舊뉴욕제과빌딩),inferred_underlying_asset,,
fund_asset_link,info,supabase_pair_not_in_today_source_exact,120106,,,,,,,"May be older, inferred, synthetic, or out-of-scope for today's active source export.",ast_e0a9abed71bf,,,,,,롯데수원역쇼핑타운토지,inferred_underlying_asset,,
fund_asset_link,info,supabase_pair_not_in_today_source_exact,120107,,,,,,,"May be older, inferred, synthetic, or out-of-scope for today's active source export.",ast_e0a9abed71bf,,,,,,롯데수원역쇼핑타운토지,inferred_underlying_asset,,
fund_asset_link,info,supabase_pair_not_in_today_source_exact,120113,,,,,,,"May be older, inferred, synthetic, or out-of-scope for today's active source export.",ast_cd9937cc8678,,,,,,와이디427피에프브이 주식회사,inferred_underlying_asset,,
fund_asset_link,info,supabase_pair_not_in_today_source_exact,120114,,,,,,,"May be older, inferred, synthetic, or out-of-scope for today's active source export.",ast_b9718f8cb5fe,,,,,,아레나스영종,inferred_underlying_asset,,
fund_asset_link,info,supabase_pair_not_in_today_source_exact,120115,,,,,,,"May be older, inferred, synthetic, or out-of-scope for today's active source export.",ast_b9718f8cb5fe,,,,,,아레나스영종,inferred_underlying_asset,,
fund_asset_link,info,supabase_pair_not_in_today_source_exact,120116,,,,,,,"May be older, inferred, synthetic, or out-of-scope for today's active source export.",ast_b9718f8cb5fe,,,,,,아레나스영종,inferred_underlying_asset,,
fund_asset_link,info,supabase_pair_not_in_today_source_exact,120117,,,,,,,"May be older, inferred, synthetic, or out-of-scope for today's active source export.",ast_b9718f8cb5fe,,,,,,아레나스영종,inferred_underlying_asset,,
fund_asset_link,info,supabase_pair_not_in_today_source_exact,120118,,,,,,,"May be older, inferred, synthetic, or out-of-scope for today's active source export.",ast_109318d66df6,,,,,,화성 석포리 물류센터,inferred_underlying_asset,,
fund_asset_link,info,supabase_pair_not_in_today_source_exact,120119,,,,,,,"May be older, inferred, synthetic, or out-of-scope for today's active source export.",ast_74fc8d406c81,,,,,,신라스테이울산,inferred_underlying_asset,,
fund_asset_link,info,supabase_pair_not_in_today_source_exact,190003,,,,,,,"May be older, inferred, synthetic, or out-of-scope for today's active source export.",ast_34e35d0dff33,,,,,,분당야탑물류센터,inferred_underlying_asset,,
fund_asset_link,info,supabase_pair_not_in_today_source_exact,190004,,,,,,,"May be older, inferred, synthetic, or out-of-scope for today's active source export.",ast_34e35d0dff33,,,,,,분당야탑물류센터,inferred_underlying_asset,,
fund_asset_link,info,supabase_pair_not_in_today_source_exact,190010,,,,,,,"May be older, inferred, synthetic, or out-of-scope for today's active source export.",ast_73e5216b97f6,,,,,,이천 마장면 물류센터,inferred_underlying_asset,,
fund_asset_link,info,supabase_pair_not_in_today_source_exact,190015,,,,,,,"May be older, inferred, synthetic, or out-of-scope for today's active source export.",ast_0555a6694264,,,,,,이지스제572호부동산일반사모투자회사(1종),inferred_underlying_asset,,
fund_asset_link,info,supabase_pair_not_in_today_source_exact,190016,,,,,,,"May be older, inferred, synthetic, or out-of-scope for today's active source export.",ast_0555a6694264,,,,,,이지스제572호부동산일반사모투자회사(1종),inferred_underlying_asset,,
fund_asset_link,info,supabase_pair_not_in_today_source_exact,190018,,,,,,,"May be older, inferred, synthetic, or out-of-scope for today's active source export.",ast_d139acda1f42,,,,,,하남시풍산동9MW 데이터센터,inferred_underlying_asset,,
fund_asset_link,info,supabase_pair_not_in_today_source_exact,190019,,,,,,,"May be older, inferred, synthetic, or out-of-scope for today's active source export.",ast_d139acda1f42,,,,,,하남시풍산동9MW 데이터센터,inferred_underlying_asset,,
fund_asset_link,info,supabase_pair_not_in_today_source_exact,200003,,,,,,,"May be older, inferred, synthetic, or out-of-scope for today's active source export.",ast_1f446ce9025d,,,,,,홈플러스죽도점 (투자),inferred_underlying_asset,,
fund_asset_link,info,supabase_pair_not_in_today_source_exact,200036,,,,,,,"May be older, inferred, synthetic, or out-of-scope for today's active source export.",ast_edd6f6c3e3e5,,,,,,더피나클강남 (투자),inferred_underlying_asset,,
fund_asset_link,info,supabase_pair_not_in_today_source_exact,200037,,,,,,,"May be older, inferred, synthetic, or out-of-scope for today's active source export.",ast_edd6f6c3e3e5,,,,,,더피나클강남 (투자),inferred_underlying_asset,,
fund_asset_link,info,supabase_pair_not_in_today_source_exact,200038,,,,,,,"May be older, inferred, synthetic, or out-of-scope for today's active source export.",ast_c77b0263f7c6,,,,,,PFV_Westwood 지분증권,inferred_underlying_asset,,
fund_asset_link,info,supabase_pair_not_in_today_source_exact,200039,,,,,,,"May be older, inferred, synthetic, or out-of-scope for today's active source export.",ast_3575c5ffffe0,,,,,,Dallas KPMG Plaza Senior Loan,inferred_underlying_asset,,
fund_asset_link,info,supabase_pair_not_in_today_source_exact,200044,,,,,,,"May be older, inferred, synthetic, or out-of-scope for today's active source export.",ast_b1f5f079a694,,,,,,Miami Courvoisier Center Senior Loan,inferred_underlying_asset,,
fund_asset_link,info,supabase_pair_not_in_today_source_exact,300006,,,,,,,"May be older, inferred, synthetic, or out-of-scope for today's active source export.",ast_4d1430b5f175,,,,,,공모주,inferred_underlying_asset,,
fund_asset_link,info,supabase_pair_not_in_today_source_exact,300007,,,,,,,"May be older, inferred, synthetic, or out-of-scope for today's active source export.",ast_4d1430b5f175,,,,,,공모주,inferred_underlying_asset,,
fund_asset_link,info,supabase_pair_not_in_today_source_exact,300008,,,,,,,"May be older, inferred, synthetic, or out-of-scope for today's active source export.",ast_4d1430b5f175,,,,,,공모주,inferred_underlying_asset,,
fund_asset_link,info,supabase_pair_not_in_today_source_exact,300009,,,,,,,"May be older, inferred, synthetic, or out-of-scope for today's active source export.",ast_4d1430b5f175,,,,,,공모주,inferred_underlying_asset,,
fund_asset_link,info,supabase_pair_not_in_today_source_exact,300010,,,,,,,"May be older, inferred, synthetic, or out-of-scope for today's active source export.",ast_fbe13b6b1e0a,,,,,,글로벌 리츠,inferred_underlying_asset,,
fund_asset_link,info,supabase_pair_not_in_today_source_exact,300011,,,,,,,"May be older, inferred, synthetic, or out-of-scope for today's active source export.",ast_f230c76d6975,,,,,,"AA- 이상 채권, 국내 상장 리츠, 공모주, 스팩",inferred_underlying_asset,,
fund_asset_link,info,supabase_pair_not_in_today_source_exact,300012,,,,,,,"May be older, inferred, synthetic, or out-of-scope for today's active source export.",ast_4d1430b5f175,,,,,,공모주,inferred_underlying_asset,,
fund_asset_link,info,supabase_pair_not_in_today_source_exact,300016,,,,,,,"May be older, inferred, synthetic, or out-of-scope for today's active source export.",ast_f230c76d6975,,,,,,"AA- 이상 채권, 국내 상장 리츠, 공모주, 스팩",inferred_underlying_asset,,
fund_asset_link,info,supabase_pair_not_in_today_source_exact,300018,,,,,,,"May be older, inferred, synthetic, or out-of-scope for today's active source export.",ast_4d1430b5f175,,,,,,공모주,inferred_underlying_asset,,
fund_asset_link,info,supabase_pair_not_in_today_source_exact,300019,,,,,,,"May be older, inferred, synthetic, or out-of-scope for today's active source export.",ast_4d1430b5f175,,,,,,공모주,inferred_underlying_asset,,
fund_asset_link,info,supabase_pair_not_in_today_source_exact,300020,,,,,,,"May be older, inferred, synthetic, or out-of-scope for today's active source export.",ast_4d1430b5f175,,,,,,공모주,inferred_underlying_asset,,
fund_asset_link,info,supabase_pair_not_in_today_source_exact,300028,,,,,,,"May be older, inferred, synthetic, or out-of-scope for today's active source export.",ast_4d1430b5f175,,,,,,공모주,inferred_underlying_asset,,
fund_asset_link,info,supabase_pair_not_in_today_source_exact,300032,,,,,,,"May be older, inferred, synthetic, or out-of-scope for today's active source export.",ast_4d1430b5f175,,,,,,공모주,inferred_underlying_asset,,
fund_asset_link,info,supabase_pair_not_in_today_source_exact,300033,,,,,,,"May be older, inferred, synthetic, or out-of-scope for today's active source export.",ast_4d1430b5f175,,,,,,공모주,inferred_underlying_asset,,
fund_asset_link,info,supabase_pair_not_in_today_source_exact,300034,,,,,,,"May be older, inferred, synthetic, or out-of-scope for today's active source export.",ast_4d1430b5f175,,,,,,공모주,inferred_underlying_asset,,
fund_asset_link,info,supabase_pair_not_in_today_source_exact,300035,,,,,,,"May be older, inferred, synthetic, or out-of-scope for today's active source export.",ast_4d1430b5f175,,,,,,공모주,inferred_underlying_asset,,
fund_asset_link,info,supabase_pair_not_in_today_source_exact,300036,,,,,,,"May be older, inferred, synthetic, or out-of-scope for today's active source export.",ast_4d1430b5f175,,,,,,공모주,inferred_underlying_asset,,
fund_asset_link,info,supabase_pair_not_in_today_source_exact,300037,,,,,,,"May be older, inferred, synthetic, or out-of-scope for today's active source export.",ast_4d1430b5f175,,,,,,공모주,inferred_underlying_asset,,
fund_asset_link,info,supabase_pair_not_in_today_source_exact,300039,,,,,,,"May be older, inferred, synthetic, or out-of-scope for today's active source export.",ast_4d1430b5f175,,,,,,공모주,inferred_underlying_asset,,
fund_asset_link,info,supabase_pair_not_in_today_source_exact,300040,,,,,,,"May be older, inferred, synthetic, or out-of-scope for today's active source export.",ast_f230c76d6975,,,,,,"AA- 이상 채권, 국내 상장 리츠, 공모주, 스팩",inferred_underlying_asset,,
fund_asset_link,info,supabase_pair_not_in_today_source_exact,300044,,,,,,,"May be older, inferred, synthetic, or out-of-scope for today's active source export.",ast_4d1430b5f175,,,,,,공모주,inferred_underlying_asset,,
fund_asset_link,info,supabase_pair_not_in_today_source_exact,300047,,,,,,,"May be older, inferred, synthetic, or out-of-scope for today's active source export.",ast_4d1430b5f175,,,,,,공모주,inferred_underlying_asset,,
fund_asset_link,info,supabase_pair_not_in_today_source_exact,300050,,,,,,,"May be older, inferred, synthetic, or out-of-scope for today's active source export.",ast_4d1430b5f175,,,,,,공모주,inferred_underlying_asset,,
fund_asset_link,info,supabase_pair_not_in_today_source_exact,300051,,,,,,,"May be older, inferred, synthetic, or out-of-scope for today's active source export.",ast_4d1430b5f175,,,,,,공모주,inferred_underlying_asset,,
fund_asset_link,info,supabase_pair_not_in_today_source_exact,300052,,,,,,,"May be older, inferred, synthetic, or out-of-scope for today's active source export.",ast_4d1430b5f175,,,,,,공모주,inferred_underlying_asset,,
fund_asset_link,info,supabase_pair_not_in_today_source_exact,300054,,,,,,,"May be older, inferred, synthetic, or out-of-scope for today's active source export.",ast_4d1430b5f175,,,,,,공모주,inferred_underlying_asset,,
fund_asset_link,info,supabase_pair_not_in_today_source_exact,300057,,,,,,,"May be older, inferred, synthetic, or out-of-scope for today's active source export.",ast_4d1430b5f175,,,,,,공모주,inferred_underlying_asset,,
fund_asset_link,info,supabase_pair_not_in_today_source_exact,300061,,,,,,,"May be older, inferred, synthetic, or out-of-scope for today's active source export.",ast_4d1430b5f175,,,,,,공모주,inferred_underlying_asset,,
fund_asset_link,info,supabase_pair_not_in_today_source_exact,300063,,,,,,,"May be older, inferred, synthetic, or out-of-scope for today's active source export.",ast_4d1430b5f175,,,,,,공모주,inferred_underlying_asset,,
fund_asset_link,info,supabase_pair_not_in_today_source_exact,300073,,,,,,,"May be older, inferred, synthetic, or out-of-scope for today's active source export.",ast_4d1430b5f175,,,,,,공모주,inferred_underlying_asset,,
fund_asset_link,info,supabase_pair_not_in_today_source_exact,300074,,,,,,,"May be older, inferred, synthetic, or out-of-scope for today's active source export.",ast_4d1430b5f175,,,,,,공모주,inferred_underlying_asset,,
fund_asset_link,info,supabase_pair_not_in_today_source_exact,300075,,,,,,,"May be older, inferred, synthetic, or out-of-scope for today's active source export.",ast_4d1430b5f175,,,,,,공모주,inferred_underlying_asset,,
fund_asset_link,info,supabase_pair_not_in_today_source_exact,300076,,,,,,,"May be older, inferred, synthetic, or out-of-scope for today's active source export.",ast_4d1430b5f175,,,,,,공모주,inferred_underlying_asset,,
fund_asset_link,info,supabase_pair_not_in_today_source_exact,300079,,,,,,,"May be older, inferred, synthetic, or out-of-scope for today's active source export.",ast_4d1430b5f175,,,,,,공모주,inferred_underlying_asset,,
fund_asset_link,info,supabase_pair_not_in_today_source_exact,300080,,,,,,,"May be older, inferred, synthetic, or out-of-scope for today's active source export.",ast_4d1430b5f175,,,,,,공모주,inferred_underlying_asset,,
fund_asset_link,info,supabase_pair_not_in_today_source_exact,R00002,,,,,,,"May be older, inferred, synthetic, or out-of-scope for today's active source export.",ast_1f446ce9025d,,,,,,홈플러스죽도점 (투자),inferred_underlying_asset,,
lender_exposure,review,fund_exposure_sum_change_candidate,112008,committed,,,530000000000,580000000000,-50000000000,Review row-level exposure changes before replacing detail table.,,,,,,,,,12,13
lender_exposure,review,fund_exposure_sum_change_candidate,112008,drawn,,,530000000000,580000000000,-50000000000,Review row-level exposure changes before replacing detail table.,,,,,,,,,12,13
lender_exposure,review,fund_exposure_sum_change_candidate,112029,committed,,,57500000000,130000000000,-72500000000,Review row-level exposure changes before replacing detail table.,,,,,,,,,1,2
lender_exposure,review,fund_exposure_sum_change_candidate,112029,drawn,,,57500000000,127800000000,-70300000000,Review row-level exposure changes before replacing detail table.,,,,,,,,,1,2
lender_exposure,review,fund_exposure_sum_change_candidate,112029,remaining,,,0,2200000000,-2200000000,Review row-level exposure changes before replacing detail table.,,,,,,,,,1,2
lender_exposure,review,fund_exposure_sum_change_candidate,112153,committed,,,5000000000,7000000000,-2000000000,Review row-level exposure changes before replacing detail table.,,,,,,,,,1,2
lender_exposure,review,fund_exposure_sum_change_candidate,112153,drawn,,,5000000000,7000000000,-2000000000,Review row-level exposure changes before replacing detail table.,,,,,,,,,1,2
lender_exposure,review,fund_exposure_sum_change_candidate,112505,committed,,,100000000000,140597938000,-40597938000,Review row-level exposure changes before replacing detail table.,,,,,,,,,3,4
lender_exposure,review,fund_exposure_sum_change_candidate,112505,drawn,,,100000000000,140597938000,-40597938000,Review row-level exposure changes before replacing detail table.,,,,,,,,,3,4
lender_exposure,review,fund_exposure_sum_change_candidate,112589,committed,,,1770000000000,1900000000000,-130000000000,Review row-level exposure changes before replacing detail table.,,,,,,,,,19,18
lender_exposure,review,fund_exposure_sum_change_candidate,112589,drawn,,,1700000000000,1805000000000,-105000000000,Review row-level exposure changes before replacing detail table.,,,,,,,,,19,18
lender_exposure,review,fund_exposure_sum_change_candidate,112589,remaining,,,70000000000,95000000000,-25000000000,Review row-level exposure changes before replacing detail table.,,,,,,,,,19,18
lender_exposure,review,fund_exposure_sum_change_candidate,112608,committed,,,651000000000,836500000000,-185500000000,Review row-level exposure changes before replacing detail table.,,,,,,,,,16,13
lender_exposure,review,fund_exposure_sum_change_candidate,112608,drawn,,,583999999998,514999999998,69000000000,Review row-level exposure changes before replacing detail table.,,,,,,,,,16,13
lender_exposure,review,fund_exposure_sum_change_candidate,112608,remaining,,,67000000002,321500000002,-254500000000,Review row-level exposure changes before replacing detail table.,,,,,,,,,16,13
lender_exposure,review,fund_exposure_sum_change_candidate,190005,committed,,,85000000000,37000000000,48000000000,Review row-level exposure changes before replacing detail table.,,,,,,,,,7,1
lender_exposure,review,fund_exposure_sum_change_candidate,190005,drawn,,,10220000000,37000000000,-26780000000,Review row-level exposure changes before replacing detail table.,,,,,,,,,7,1
lender_exposure,review,fund_exposure_sum_change_candidate,190005,remaining,,,74780000000,0,74780000000,Review row-level exposure changes before replacing detail table.,,,,,,,,,7,1
lender_exposure,review,fund_exposure_sum_change_candidate,P00006,committed,,,970000000000,1140000000000,-170000000000,Review row-level exposure changes before replacing detail table.,,,,,,,,,16,17
lender_exposure,review,fund_exposure_sum_change_candidate,P00006,drawn,,,219000000000,372000000000,-153000000000,Review row-level exposure changes before replacing detail table.,,,,,,,,,16,17
lender_exposure,review,fund_exposure_sum_change_candidate,P00006,remaining,,,751000000000,768000000000,-17000000000,Review row-level exposure changes before replacing detail table.,,,,,,,,,16,17
lender_exposure,review,fund_exposure_sum_change_candidate,P00007,committed,,,256010000000,318010000000,-62000000000,Review row-level exposure changes before replacing detail table.,,,,,,,,,10,11
lender_exposure,review,fund_exposure_sum_change_candidate,P00007,drawn,,,256010000000,318010000000,-62000000000,Review row-level exposure changes before replacing detail table.,,,,,,,,,10,11
lender_exposure,review,fund_exposure_sum_change_candidate,P00012,committed,,,429040000000,454540000000,-25500000000,Review row-level exposure changes before replacing detail table.,,,,,,,,,2,2
lender_exposure,review,fund_exposure_sum_change_candidate,P00012,drawn,,,255400000000,280900000000,-25500000000,Review row-level exposure changes before replacing detail table.,,,,,,,,,2,2
lender_exposure,review,fund_exposure_sum_change_candidate,P00014,committed,,,95000000000,175000000000,-80000000000,Review row-level exposure changes before replacing detail table.,,,,,,,,,4,5
lender_exposure,review,fund_exposure_sum_change_candidate,P00014,drawn,,,95000000000,175000000000,-80000000000,Review row-level exposure changes before replacing detail table.,,,,,,,,,4,5
lender_exposure,review,fund_exposure_sum_change_candidate,P00015,committed,,,138000000000,158000000000,-20000000000,Review row-level exposure changes before replacing detail table.,,,,,,,,,1,2
lender_exposure,review,fund_exposure_sum_change_candidate,P00015,drawn,,,138000000000,158000000000,-20000000000,Review row-level exposure changes before replacing detail table.,,,,,,,,,1,2
lender_exposure,review,fund_exposure_sum_change_candidate,P00022,committed,,,136000000000,156000000000,-20000000000,Review row-level exposure changes before replacing detail table.,,,,,,,,,12,11
lender_exposure,review,fund_exposure_sum_change_candidate,P00022,drawn,,,136000000000,156000000000,-20000000000,Review row-level exposure changes before replacing detail table.,,,,,,,,,12,11
lender_exposure,review,fund_exposure_sum_change_candidate,P00024,committed,,,20211990294,31047941737,-10835951443,Review row-level exposure changes before replacing detail table.,,,,,,,,,5,6
lender_exposure,review,fund_exposure_sum_change_candidate,P00024,drawn,,,20211990294,31047941737,-10835951443,Review row-level exposure changes before replacing detail table.,,,,,,,,,5,6
lender_exposure,review,fund_exposure_sum_change_candidate,P00026,committed,,,25000000000,72000000000,-47000000000,Review row-level exposure changes before replacing detail table.,,,,,,,,,1,2
lender_exposure,review,fund_exposure_sum_change_candidate,P00026,drawn,,,25000000000,70800000000,-45800000000,Review row-level exposure changes before replacing detail table.,,,,,,,,,1,2
lender_exposure,review,fund_exposure_sum_change_candidate,P00026,remaining,,,0,1200000000,-1200000000,Review row-level exposure changes before replacing detail table.,,,,,,,,,1,2
lender_exposure,review,fund_exposure_sum_change_candidate,P00029,committed,,,280000000000,345000000000,-65000000000,Review row-level exposure changes before replacing detail table.,,,,,,,,,25,24
lender_exposure,review,fund_exposure_sum_change_candidate,P00029,drawn,,,128463636363,187000000000,-58536363637,Review row-level exposure changes before replacing detail table.,,,,,,,,,25,24
lender_exposure,review,fund_exposure_sum_change_candidate,P00029,remaining,,,151536363637,158000000000,-6463636363,Review row-level exposure changes before replacing detail table.,,,,,,,,,25,24
lender_exposure,review,fund_exposure_sum_change_candidate,P00033,committed,,,125000000000,250000000000,-125000000000,Review row-level exposure changes before replacing detail table.,,,,,,,,,5,8
lender_exposure,review,fund_exposure_sum_change_candidate,P00033,drawn,,,875000000,110075000000,-109200000000,Review row-level exposure changes before replacing detail table.,,,,,,,,,5,8
lender_exposure,review,fund_exposure_sum_change_candidate,P00033,remaining,,,124125000000,139925000000,-15800000000,Review row-level exposure changes before replacing detail table.,,,,,,,,,5,8
lender_exposure,review,fund_exposure_sum_change_candidate,P00034,committed,,,40000000000,50000000000,-10000000000,Review row-level exposure changes before replacing detail table.,,,,,,,,,16,17
lender_exposure,review,fund_exposure_sum_change_candidate,P00034,drawn,,,40000000000,50000000000,-10000000000,Review row-level exposure changes before replacing detail table.,,,,,,,,,16,17
lender_exposure,review,fund_exposure_sum_change_candidate,P00035,committed,,,60000000000,320351200000,-260351200000,Review row-level exposure changes before replacing detail table.,,,,,,,,,2,8
lender_exposure,review,fund_exposure_sum_change_candidate,P00035,drawn,,,60000000000,320350000000,-260350000000,Review row-level exposure changes before replacing detail table.,,,,,,,,,2,8
lender_exposure,review,fund_exposure_sum_change_candidate,P00035,remaining,,,0,1200000,-1200000,Review row-level exposure changes before replacing detail table.,,,,,,,,,2,8
lender_exposure,review,fund_exposure_sum_change_candidate,P00037,committed,,,810500000000,957000000000,-146500000000,Review row-level exposure changes before replacing detail table.,,,,,,,,,17,40
lender_exposure,review,fund_exposure_sum_change_candidate,P00037,drawn,,,810500000000,957000000000,-146500000000,Review row-level exposure changes before replacing detail table.,,,,,,,,,17,40
lender_exposure,update_candidate,source_fund_exposure_not_in_supabase,R00008,,,,,,,Exposure for this fund exists in today's source but not in Supabase.,,,,,,,,,1,0
lender_exposure,info,supabase_exposure_not_in_today_source,112080,,,,,,,May be inactive/out-of-scope or removed from today's source export.,,,,,,,,,0,1
lender_exposure,info,supabase_exposure_not_in_today_source,112268,,,,,,,May be inactive/out-of-scope or removed from today's source export.,,,,,,,,,0,2
lender_exposure,info,supabase_exposure_not_in_today_source,112442,,,,,,,May be inactive/out-of-scope or removed from today's source export.,,,,,,,,,0,3
lender_exposure,info,supabase_exposure_not_in_today_source,112475,,,,,,,May be inactive/out-of-scope or removed from today's source export.,,,,,,,,,0,5
lender_exposure,info,supabase_exposure_not_in_today_source,112557,,,,,,,May be inactive/out-of-scope or removed from today's source export.,,,,,,,,,0,9
lender_exposure,info,supabase_exposure_not_in_today_source,112630,,,,,,,May be inactive/out-of-scope or removed from today's source export.,,,,,,,,,0,1
lender_exposure,info,supabase_exposure_not_in_today_source,P00002,,,,,,,May be inactive/out-of-scope or removed from today's source export.,,,,,,,,,0,3
lender_exposure,info,supabase_exposure_not_in_today_source,P00027,,,,,,,May be inactive/out-of-scope or removed from today's source export.,,,,,,,,,0,1
lender_exposure,info,supabase_exposure_not_in_today_source,P00028,,,,,,,May be inactive/out-of-scope or removed from today's source export.,,,,,,,,,0,3
lender_exposure,info,supabase_exposure_not_in_today_source,P00031,,,,,,,May be inactive/out-of-scope or removed from today's source export.,,,,,,,,,0,1
lender_exposure,info,supabase_exposure_not_in_today_source,P00036,,,,,,,May be inactive/out-of-scope or removed from today's source export.,,,,,,,,,0,4
beneficiary_exposure,review,fund_exposure_sum_change_candidate,112026,committed,,,30173079000,29680833000,492246000,Review row-level exposure changes before replacing detail table.,,,,,,,,,2,2
beneficiary_exposure,review,fund_exposure_sum_change_candidate,112026,remaining,,,23263840371,22771594371,492246000,Review row-level exposure changes before replacing detail table.,,,,,,,,,2,2
beneficiary_exposure,review,fund_exposure_sum_change_candidate,112030,committed,,,75395000000,74165000000,1230000000,Review row-level exposure changes before replacing detail table.,,,,,,,,,2,2
beneficiary_exposure,review,fund_exposure_sum_change_candidate,112030,remaining,,,56992958354,55762958354,1230000000,Review row-level exposure changes before replacing detail table.,,,,,,,,,2,2
beneficiary_exposure,review,fund_exposure_sum_change_candidate,112032,committed,,,22633579000,22264333000,369246000,Review row-level exposure changes before replacing detail table.,,,,,,,,,2,2
beneficiary_exposure,review,fund_exposure_sum_change_candidate,112032,remaining,,,16474608024,16105362024,369246000,Review row-level exposure changes before replacing detail table.,,,,,,,,,2,2
beneficiary_exposure,review,fund_exposure_sum_change_candidate,112049,committed,,,419251285834,412411587159,6839698675,Review row-level exposure changes before replacing detail table.,,,,,,,,,3,3
beneficiary_exposure,review,fund_exposure_sum_change_candidate,112049,remaining,,,-76969955322,-83809653998,6839698676,Review row-level exposure changes before replacing detail table.,,,,,,,,,3,3
beneficiary_exposure,review,fund_exposure_sum_change_candidate,112051,committed,,,43933316300,43285057100,648259200,Review row-level exposure changes before replacing detail table.,,,,,,,,,2,2
beneficiary_exposure,review,fund_exposure_sum_change_candidate,112051,remaining,,,28748387380,28100128180,648259200,Review row-level exposure changes before replacing detail table.,,,,,,,,,2,2
beneficiary_exposure,review,fund_exposure_sum_change_candidate,112057,committed,,,226185000000,222495000000,3690000000,Review row-level exposure changes before replacing detail table.,,,,,,,,,5,5
beneficiary_exposure,review,fund_exposure_sum_change_candidate,112057,invested,,,84287513234,86159144031,-1871630797,Review row-level exposure changes before replacing detail table.,,,,,,,,,5,5
beneficiary_exposure,review,fund_exposure_sum_change_candidate,112057,remaining,,,141897486766,136335855970,5561630796,Review row-level exposure changes before replacing detail table.,,,,,,,,,5,5
beneficiary_exposure,review,fund_exposure_sum_change_candidate,112074,committed,,,52698900000,51921300000,777600000,Review row-level exposure changes before replacing detail table.,,,,,,,,,1,1
beneficiary_exposure,review,fund_exposure_sum_change_candidate,112074,remaining,,,17895144850,17117544850,777600000,Review row-level exposure changes before replacing detail table.,,,,,,,,,1,1
beneficiary_exposure,review,fund_exposure_sum_change_candidate,112093,committed,,,737326000000,732142000000,5184000000,Review row-level exposure changes before replacing detail table.,,,,,,,,,3,3
beneficiary_exposure,review,fund_exposure_sum_change_candidate,112093,remaining,,,182656948935,177472948935,5184000000,Review row-level exposure changes before replacing detail table.,,,,,,,,,3,3
beneficiary_exposure,review,fund_exposure_sum_change_candidate,112143,committed,,,30158000000,29666000000,492000000,Review row-level exposure changes before replacing detail table.,,,,,,,,,1,1
beneficiary_exposure,review,fund_exposure_sum_change_candidate,112143,remaining,,,19813916186,19321916186,492000000,Review row-level exposure changes before replacing detail table.,,,,,,,,,1,1
beneficiary_exposure,review,fund_exposure_sum_change_candidate,112147,committed,,,120632000000,118664000000,1968000000,Review row-level exposure changes before replacing detail table.,,,,,,,,,2,2
beneficiary_exposure,review,fund_exposure_sum_change_candidate,112147,remaining,,,8072471993,6104471993,1968000000,Review row-level exposure changes before replacing detail table.,,,,,,,,,2,2
beneficiary_exposure,review,fund_exposure_sum_change_candidate,112158,committed,,,105553000000,103831000000,1722000000,Review row-level exposure changes before replacing detail table.,,,,,,,,,1,1
beneficiary_exposure,review,fund_exposure_sum_change_candidate,112158,remaining,,,27471948812,25749948812,1722000000,Review row-level exposure changes before replacing detail table.,,,,,,,,,1,1
beneficiary_exposure,review,fund_exposure_sum_change_candidate,112162,committed,,,37697500000,37082500000,615000000,Review row-level exposure changes before replacing detail table.,,,,,,,,,1,1
beneficiary_exposure,review,fund_exposure_sum_change_candidate,112162,remaining,,,1035281917,420281917,615000000,Review row-level exposure changes before replacing detail table.,,,,,,,,,1,1
beneficiary_exposure,review,fund_exposure_sum_change_candidate,112173,committed,,,216768142000,213569614000,3198528000,Review row-level exposure changes before replacing detail table.,,,,,,,,,1,1
beneficiary_exposure,review,fund_exposure_sum_change_candidate,112173,invested,,,142254417283,142515404804,-260987521,Review row-level exposure changes before replacing detail table.,,,,,,,,,1,1
beneficiary_exposure,review,fund_exposure_sum_change_candidate,112173,remaining,,,74513724717,71054209196,3459515521,Review row-level exposure changes before replacing detail table.,,,,,,,,,1,1
beneficiary_exposure,review,fund_exposure_sum_change_candidate,112180,committed,,,22618500000,22249500000,369000000,Review row-level exposure changes before replacing detail table.,,,,,,,,,1,1
beneficiary_exposure,review,fund_exposure_sum_change_candidate,112180,remaining,,,6396962016,6027962016,369000000,Review row-level exposure changes before replacing detail table.,,,,,,,,,1,1
beneficiary_exposure,review,fund_exposure_sum_change_candidate,112182,committed,,,83091420000,81945470000,1145950000,Review row-level exposure changes before replacing detail table.,,,,,,,,,2,2
beneficiary_exposure,review,fund_exposure_sum_change_candidate,112182,remaining,,,83008161043,81862211043,1145950000,Review row-level exposure changes before replacing detail table.,,,,,,,,,2,2
beneficiary_exposure,review,fund_exposure_sum_change_candidate,112206,committed,,,150790000000,148330000000,2460000000,Review row-level exposure changes before replacing detail table.,,,,,,,,,1,1
beneficiary_exposure,review,fund_exposure_sum_change_candidate,112206,invested,,,128375126145,129753138052,-1378011907,Review row-level exposure changes before replacing detail table.,,,,,,,,,1,1
beneficiary_exposure,review,fund_exposure_sum_change_candidate,112206,remaining,,,22414873855,18576861948,3838011907,Review row-level exposure changes before replacing detail table.,,,,,,,,,1,1
beneficiary_exposure,review,fund_exposure_sum_change_candidate,112242,committed,,,186910799003,186910807001,-7998,Review row-level exposure changes before replacing detail table.,,,,,,,,,1,1
beneficiary_exposure,review,fund_exposure_sum_change_candidate,112242,invested,,,186910799003,186910807001,-7998,Review row-level exposure changes before replacing detail table.,,,,,,,,,1,1
beneficiary_exposure,review,fund_exposure_sum_change_candidate,112247,committed,,,45146526000,44410002000,736524000,Review row-level exposure changes before replacing detail table.,,,,,,,,,1,1
beneficiary_exposure,review,fund_exposure_sum_change_candidate,112247,remaining,,,21559226393,20822702393,736524000,Review row-level exposure changes before replacing detail table.,,,,,,,,,1,1
beneficiary_exposure,review,fund_exposure_sum_change_candidate,112250,committed,,,149243284800,147041121600,2202163200,Review row-level exposure changes before replacing detail table.,,,,,,,,,2,2
beneficiary_exposure,review,fund_exposure_sum_change_candidate,112250,remaining,,,146440606846,144238443646,2202163200,Review row-level exposure changes before replacing detail table.,,,,,,,,,2,2
beneficiary_exposure,review,fund_exposure_sum_change_candidate,112267,committed,,,86576702000,84640674000,1936028000,Review row-level exposure changes before replacing detail table.,,,,,,,,,3,3
beneficiary_exposure,review,fund_exposure_sum_change_candidate,112267,remaining,,,3842775310,1906747311,1936027999,Review row-level exposure changes before replacing detail table.,,,,,,,,,3,3
beneficiary_exposure,review,fund_exposure_sum_change_candidate,112269,committed,,,21503839200,21022970400,480868800,Review row-level exposure changes before replacing detail table.,,,,,,,,,2,2
beneficiary_exposure,review,fund_exposure_sum_change_candidate,112269,remaining,,,4247321300,3766452500,480868800,Review row-level exposure changes before replacing detail table.,,,,,,,,,2,2
beneficiary_exposure,review,fund_exposure_sum_change_candidate,112273,committed,,,88765956000,87541746000,1224210000,Review row-level exposure changes before replacing detail table.,,,,,,,,,2,2
beneficiary_exposure,review,fund_exposure_sum_change_candidate,112273,remaining,,,88672390813,87448180813,1224210000,Review row-level exposure changes before replacing detail table.,,,,,,,,,2,2
beneficiary_exposure,review,fund_exposure_sum_change_candidate,112303,committed,,,75748000000,73890400000,1857600000,Review row-level exposure changes before replacing detail table.,,,,,,,,,1,1
beneficiary_exposure,review,fund_exposure_sum_change_candidate,112303,invested,,,7231767973,7195006844,36761129,Review row-level exposure changes before replacing detail table.,,,,,,,,,1,1
beneficiary_exposure,review,fund_exposure_sum_change_candidate,112303,remaining,,,68516232027,66695393156,1820838871,Review row-level exposure changes before replacing detail table.,,,,,,,,,1,1
beneficiary_exposure,review,fund_exposure_sum_change_candidate,112333,committed,,,153750940277,125277366581,28473573696,Review row-level exposure changes before replacing detail table.,,,,,,,,,3,3
beneficiary_exposure,review,fund_exposure_sum_change_candidate,112333,invested,,,153750940277,125277366581,28473573696,Review row-level exposure changes before replacing detail table.,,,,,,,,,3,3
beneficiary_exposure,review,fund_exposure_sum_change_candidate,112347,committed,,,87831500000,86535500000,1296000000,Review row-level exposure changes before replacing detail table.,,,,,,,,,1,1
beneficiary_exposure,review,fund_exposure_sum_change_candidate,112347,remaining,,,21412336080,20116336080,1296000000,Review row-level exposure changes before replacing detail table.,,,,,,,,,1,1
beneficiary_exposure,review,fund_exposure_sum_change_candidate,112355,committed,,,690851840000,685239680000,5612160000,Review row-level exposure changes before replacing detail table.,,,,,,,,,3,3
beneficiary_exposure,review,fund_exposure_sum_change_candidate,112355,remaining,,,37424470758,31812310758,5612160000,Review row-level exposure changes before replacing detail table.,,,,,,,,,3,3
beneficiary_exposure,review,fund_exposure_sum_change_candidate,112408,committed,,,45237000000,44499000000,738000000,Review row-level exposure changes before replacing detail table.,,,,,,,,,1,1
beneficiary_exposure,review,fund_exposure_sum_change_candidate,112408,remaining,,,10164032232,9426032232,738000000,Review row-level exposure changes before replacing detail table.,,,,,,,,,1,1
beneficiary_exposure,review,fund_exposure_sum_change_candidate,112409,committed,,,150790000000,148330000000,2460000000,Review row-level exposure changes before replacing detail table.,,,,,,,,,1,1
beneficiary_exposure,review,fund_exposure_sum_change_candidate,112409,remaining,,,48803945034,46343945034,2460000000,Review row-level exposure changes before replacing detail table.,,,,,,,,,1,1
beneficiary_exposure,review,fund_exposure_sum_change_candidate,112413,committed,,,150790000000,148330000000,2460000000,Review row-level exposure changes before replacing detail table.,,,,,,,,,1,1
beneficiary_exposure,review,fund_exposure_sum_change_candidate,112413,remaining,,,16358445619,13898445619,2460000000,Review row-level exposure changes before replacing detail table.,,,,,,,,,1,1
beneficiary_exposure,review,fund_exposure_sum_change_candidate,112482,committed,,,78872687000,77708879000,1163808000,Review row-level exposure changes before replacing detail table.,,,,,,,,,2,2
beneficiary_exposure,review,fund_exposure_sum_change_candidate,112482,remaining,,,22208815688,21045007688,1163808000,Review row-level exposure changes before replacing detail table.,,,,,,,,,2,2
beneficiary_exposure,review,fund_exposure_sum_change_candidate,112486,committed,,,30158000000,29666000000,492000000,Review row-level exposure changes before replacing detail table.,,,,,,,,,1,1
beneficiary_exposure,review,fund_exposure_sum_change_candidate,112486,remaining,,,7039106082,6547106082,492000000,Review row-level exposure changes before replacing detail table.,,,,,,,,,1,1
beneficiary_exposure,review,fund_exposure_sum_change_candidate,112494,committed,,,193229300000,190378100000,2851200000,Review row-level exposure changes before replacing detail table.,,,,,,,,,1,1
beneficiary_exposure,review,fund_exposure_sum_change_candidate,112494,remaining,,,51399811489,48548611489,2851200000,Review row-level exposure changes before replacing detail table.,,,,,,,,,1,1
beneficiary_exposure,review,fund_exposure_sum_change_candidate,112501,committed,,,152297900000,149813300000,2484600000,Review row-level exposure changes before replacing detail table.,,,,,,,,,1,1
beneficiary_exposure,review,fund_exposure_sum_change_candidate,112501,remaining,,,2963449174,478849174,2484600000,Review row-level exposure changes before replacing detail table.,,,,,,,,,1,1
beneficiary_exposure,review,fund_exposure_sum_change_candidate,112521,committed,,,301580000000,296660000000,4920000000,Review row-level exposure changes before replacing detail table.,,,,,,,,,1,1
beneficiary_exposure,review,fund_exposure_sum_change_candidate,112521,remaining,,,24683714704,19763714704,4920000000,Review row-level exposure changes before replacing detail table.,,,,,,,,,1,1
beneficiary_exposure,review,fund_exposure_sum_change_candidate,112558,committed,,,175663000000,173071000000,2592000000,Review row-level exposure changes before replacing detail table.,,,,,,,,,1,1
beneficiary_exposure,review,fund_exposure_sum_change_candidate,112558,invested,,,148706451527,147024498707,1681952820,Review row-level exposure changes before replacing detail table.,,,,,,,,,1,1
beneficiary_exposure,review,fund_exposure_sum_change_candidate,112558,remaining,,,26956548473,26046501293,910047180,Review row-level exposure changes before replacing detail table.,,,,,,,,,1,1
beneficiary_exposure,review,fund_exposure_sum_change_candidate,112568,committed,,,60150081600,59320525600,829556000,Review row-level exposure changes before replacing detail table.,,,,,,,,,1,1
beneficiary_exposure,review,fund_exposure_sum_change_candidate,112568,remaining,,,31445120852,30615564852,829556000,Review row-level exposure changes before replacing detail table.,,,,,,,,,1,1
beneficiary_exposure,review,fund_exposure_sum_change_candidate,112576,committed,,,52776500000,51915500000,861000000,Review row-level exposure changes before replacing detail table.,,,,,,,,,1,1
beneficiary_exposure,review,fund_exposure_sum_change_candidate,112576,remaining,,,3628913404,2767913404,861000000,Review row-level exposure changes before replacing detail table.,,,,,,,,,1,1
beneficiary_exposure,review,fund_exposure_sum_change_candidate,112577,committed,,,52776500000,51915500000,861000000,Review row-level exposure changes before replacing detail table.,,,,,,,,,1,1
beneficiary_exposure,review,fund_exposure_sum_change_candidate,112577,remaining,,,21049283241,20188283241,861000000,Review row-level exposure changes before replacing detail table.,,,,,,,,,1,1
beneficiary_exposure,review,fund_exposure_sum_change_candidate,112578,committed,,,52776500000,51915500000,861000000,Review row-level exposure changes before replacing detail table.,,,,,,,,,1,1
beneficiary_exposure,review,fund_exposure_sum_change_candidate,112578,remaining,,,19719360561,18858360561,861000000,Review row-level exposure changes before replacing detail table.,,,,,,,,,1,1
beneficiary_exposure,review,fund_exposure_sum_change_candidate,112585,committed,,,45237000000,44499000000,738000000,Review row-level exposure changes before replacing detail table.,,,,,,,,,2,2
beneficiary_exposure,review,fund_exposure_sum_change_candidate,112585,remaining,,,3069902490,2331902490,738000000,Review row-level exposure changes before replacing detail table.,,,,,,,,,2,2
beneficiary_exposure,review,fund_exposure_sum_change_candidate,112588,committed,,,355264000000,352378000000,2886000000,Review row-level exposure changes before replacing detail table.,,,,,,,,,3,3
beneficiary_exposure,review,fund_exposure_sum_change_candidate,112588,remaining,,,-9668138150,-12554138150,2886000000,Review row-level exposure changes before replacing detail table.,,,,,,,,,3,3
beneficiary_exposure,review,fund_exposure_sum_change_candidate,112601,committed,,,60692975000,59702825000,990150000,Review row-level exposure changes before replacing detail table.,,,,,,,,,2,2
beneficiary_exposure,review,fund_exposure_sum_change_candidate,112601,remaining,,,21968138649,20977988649,990150000,Review row-level exposure changes before replacing detail table.,,,,,,,,,2,2
beneficiary_exposure,review,fund_exposure_sum_change_candidate,112602,invested,,,59166310912,59447401920,-281091008,Review row-level exposure changes before replacing detail table.,,,,,,,,,6,6
beneficiary_exposure,review,fund_exposure_sum_change_candidate,112602,remaining,,,64833689088,64552598080,281091008,Review row-level exposure changes before replacing detail table.,,,,,,,,,6,6
beneficiary_exposure,review,fund_exposure_sum_change_candidate,112607,committed,,,105553000000,103831000000,1722000000,Review row-level exposure changes before replacing detail table.,,,,,,,,,2,2
beneficiary_exposure,review,fund_exposure_sum_change_candidate,112607,remaining,,,14640890000,12918890000,1722000000,Review row-level exposure changes before replacing detail table.,,,,,,,,,2,2
beneficiary_exposure,review,fund_exposure_sum_change_candidate,112617,committed,,,75395000000,74165000000,1230000000,Review row-level exposure changes before replacing detail table.,,,,,,,,,1,1
beneficiary_exposure,review,fund_exposure_sum_change_candidate,112617,remaining,,,-12260555877,-13490555877,1230000000,Review row-level exposure changes before replacing detail table.,,,,,,,,,1,1
beneficiary_exposure,review,fund_exposure_sum_change_candidate,112619,committed,,,98013500000,96414500000,1599000000,Review row-level exposure changes before replacing detail table.,,,,,,,,,1,1
beneficiary_exposure,review,fund_exposure_sum_change_candidate,112619,remaining,,,42265247682,40666247682,1599000000,Review row-level exposure changes before replacing detail table.,,,,,,,,,1,1
beneficiary_exposure,review,fund_exposure_sum_change_candidate,112621,committed,,,116002747000,114110269000,1892478000,Review row-level exposure changes before replacing detail table.,,,,,,,,,2,2
beneficiary_exposure,review,fund_exposure_sum_change_candidate,112621,invested,,,87541989682,88075982169,-533992487,Review row-level exposure changes before replacing detail table.,,,,,,,,,2,2
beneficiary_exposure,review,fund_exposure_sum_change_candidate,112621,remaining,,,28460757318,26034286831,2426470487,Review row-level exposure changes before replacing detail table.,,,,,,,,,2,2
beneficiary_exposure,review,fund_exposure_sum_change_candidate,112622,committed,,,49715463000,48904401000,811062000,Review row-level exposure changes before replacing detail table.,,,,,,,,,2,2
beneficiary_exposure,review,fund_exposure_sum_change_candidate,112622,remaining,,,9895864892,9084802892,811062000,Review row-level exposure changes before replacing detail table.,,,,,,,,,2,2
beneficiary_exposure,review,fund_exposure_sum_change_candidate,112625,committed,,,45237000000,44499000000,738000000,Review row-level exposure changes before replacing detail table.,,,,,,,,,1,1
beneficiary_exposure,review,fund_exposure_sum_change_candidate,112625,remaining,,,3329190776,2591190776,738000000,Review row-level exposure changes before replacing detail table.,,,,,,,,,1,1
beneficiary_exposure,review,fund_exposure_sum_change_candidate,112645,committed,,,45237000000,44499000000,738000000,Review row-level exposure changes before replacing detail table.,,,,,,,,,2,2
beneficiary_exposure,review,fund_exposure_sum_change_candidate,112645,remaining,,,7307311857,6569311857,738000000,Review row-level exposure changes before replacing detail table.,,,,,,,,,2,2
beneficiary_exposure,review,fund_exposure_sum_change_candidate,112648,committed,,,131730300000,129913550000,1816750000,Review row-level exposure changes before replacing detail table.,,,,,,,,,1,1
beneficiary_exposure,review,fund_exposure_sum_change_candidate,112648,remaining,,,27892192961,26075442961,1816750000,Review row-level exposure changes before replacing detail table.,,,,,,,,,1,1
beneficiary_exposure,review,fund_exposure_sum_change_candidate,112657,committed,,,71825726813,70653956218,1171770595,Review row-level exposure changes before replacing detail table.,,,,,,,,,2,2
beneficiary_exposure,review,fund_exposure_sum_change_candidate,112657,remaining,,,2116413224,944642629,1171770595,Review row-level exposure changes before replacing detail table.,,,,,,,,,2,2
beneficiary_exposure,review,fund_exposure_sum_change_candidate,112658,committed,,,74641050000,73423350000,1217700000,Review row-level exposure changes before replacing detail table.,,,,,,,,,1,1
beneficiary_exposure,review,fund_exposure_sum_change_candidate,112658,remaining,,,3488350000,2270650000,1217700000,Review row-level exposure changes before replacing detail table.,,,,,,,,,1,1
beneficiary_exposure,review,fund_exposure_sum_change_candidate,112659,committed,,,16888480000,16612960000,275520000,Review row-level exposure changes before replacing detail table.,,,,,,,,,2,2
beneficiary_exposure,review,fund_exposure_sum_change_candidate,112659,invested,,,15018380898,15110044656,-91663758,Review row-level exposure changes before replacing detail table.,,,,,,,,,2,2
beneficiary_exposure,review,fund_exposure_sum_change_candidate,112659,remaining,,,1870099102,1502915344,367183758,Review row-level exposure changes before replacing detail table.,,,,,,,,,2,2
beneficiary_exposure,review,fund_exposure_sum_change_candidate,112660,committed,,,7237920000,7119840000,118080000,Review row-level exposure changes before replacing detail table.,,,,,,,,,2,2
beneficiary_exposure,review,fund_exposure_sum_change_candidate,112660,remaining,,,-467890165,-585970165,118080000,Review row-level exposure changes before replacing detail table.,,,,,,,,,2,2
beneficiary_exposure,review,fund_exposure_sum_change_candidate,112662,committed,,,150790000000,148330000000,2460000000,Review row-level exposure changes before replacing detail table.,,,,,,,,,1,1
beneficiary_exposure,review,fund_exposure_sum_change_candidate,112662,remaining,,,-44003898212,-46463898212,2460000000,Review row-level exposure changes before replacing detail table.,,,,,,,,,1,1
beneficiary_exposure,review,fund_exposure_sum_change_candidate,112663,committed,,,45237000000,44499000000,738000000,Review row-level exposure changes before replacing detail table.,,,,,,,,,2,2
beneficiary_exposure,review,fund_exposure_sum_change_candidate,112663,remaining,,,26200641235,25462641235,738000000,Review row-level exposure changes before replacing detail table.,,,,,,,,,2,2
beneficiary_exposure,review,fund_exposure_sum_change_candidate,112665,committed,,,582736338,74274518578,-73691782240,Review row-level exposure changes before replacing detail table.,,,,,,,,,3,3
beneficiary_exposure,review,fund_exposure_sum_change_candidate,112665,invested,,,582736338,74274518578,-73691782240,Review row-level exposure changes before replacing detail table.,,,,,,,,,3,3
beneficiary_exposure,review,fund_exposure_sum_change_candidate,112667,committed,,,70931700000,69953450000,978250000,Review row-level exposure changes before replacing detail table.,,,,,,,,,2,2
beneficiary_exposure,review,fund_exposure_sum_change_candidate,112667,remaining,,,30679026903,29700776903,978250000,Review row-level exposure changes before replacing detail table.,,,,,,,,,2,2
beneficiary_exposure,review,fund_exposure_sum_change_candidate,112668,committed,,,40937724000,40373134000,564590000,Review row-level exposure changes before replacing detail table.,,,,,,,,,2,2
beneficiary_exposure,review,fund_exposure_sum_change_candidate,112668,remaining,,,19093081873,18528491873,564590000,Review row-level exposure changes before replacing detail table.,,,,,,,,,2,2
beneficiary_exposure,review,fund_exposure_sum_change_candidate,112684,committed,,,75470395000,74239165000,1231230000,Review row-level exposure changes before replacing detail table.,,,,,,,,,2,2
beneficiary_exposure,review,fund_exposure_sum_change_candidate,112684,remaining,,,188933711,-1042296289,1231230000,Review row-level exposure changes before replacing detail table.,,,,,,,,,2,2
beneficiary_exposure,review,fund_exposure_sum_change_candidate,112685,committed,,,21189764750,20844073250,345691500,Review row-level exposure changes before replacing detail table.,,,,,,,,,2,2
beneficiary_exposure,review,fund_exposure_sum_change_candidate,112685,invested,,,19543454857,19675827924,-132373067,Review row-level exposure changes before replacing detail table.,,,,,,,,,2,2
beneficiary_exposure,review,fund_exposure_sum_change_candidate,112685,remaining,,,1646309893,1168245326,478064567,Review row-level exposure changes before replacing detail table.,,,,,,,,,2,2
beneficiary_exposure,review,fund_exposure_sum_change_candidate,112686,committed,,,9081327750,8933174250,148153500,Review row-level exposure changes before replacing detail table.,,,,,,,,,2,2
beneficiary_exposure,review,fund_exposure_sum_change_candidate,112686,remaining,,,-1118252489,-1266405989,148153500,Review row-level exposure changes before replacing detail table.,,,,,,,,,2,2
beneficiary_exposure,review,fund_exposure_sum_change_candidate,112690,committed,,,220300000000,220000407978,299592022,Review row-level exposure changes before replacing detail table.,,,,,,,,,2,1
beneficiary_exposure,review,fund_exposure_sum_change_candidate,112690,invested,,,213176579000,212886674314,289904686,Review row-level exposure changes before replacing detail table.,,,,,,,,,2,1
beneficiary_exposure,review,fund_exposure_sum_change_candidate,112690,remaining,,,7123421000,7113733664,9687336,Review row-level exposure changes before replacing detail table.,,,,,,,,,2,1
beneficiary_exposure,review,fund_exposure_sum_change_candidate,112739,committed,,,53050226000,52267442000,782784000,Review row-level exposure changes before replacing detail table.,,,,,,,,,2,2
beneficiary_exposure,review,fund_exposure_sum_change_candidate,112739,remaining,,,31326920703,30544136703,782784000,Review row-level exposure changes before replacing detail table.,,,,,,,,,2,2
beneficiary_exposure,review,fund_exposure_sum_change_candidate,112790,committed,,,165869000000,163163000000,2706000000,Review row-level exposure changes before replacing detail table.,,,,,,,,,2,2
beneficiary_exposure,review,fund_exposure_sum_change_candidate,112790,remaining,,,119302869653,116596869653,2706000000,Review row-level exposure changes before replacing detail table.,,,,,,,,,2,2
beneficiary_exposure,review,fund_exposure_sum_change_candidate,112795,committed,,,82934500000,81581500000,1353000000,Review row-level exposure changes before replacing detail table.,,,,,,,,,4,4
beneficiary_exposure,review,fund_exposure_sum_change_candidate,112795,remaining,,,54884511944,53531511944,1353000000,Review row-level exposure changes before replacing detail table.,,,,,,,,,4,4
beneficiary_exposure,review,fund_exposure_sum_change_candidate,112803,committed,,,87831500000,86535500000,1296000000,Review row-level exposure changes before replacing detail table.,,,,,,,,,2,2
beneficiary_exposure,review,fund_exposure_sum_change_candidate,112803,remaining,,,68719557087,67423557087,1296000000,Review row-level exposure changes before replacing detail table.,,,,,,,,,2,2
beneficiary_exposure,review,fund_exposure_sum_change_candidate,120119,invested,,,7599264117,3000000000,4599264117,Review row-level exposure changes before replacing detail table.,,,,,,,,,1,1
beneficiary_exposure,review,fund_exposure_sum_change_candidate,120119,remaining,,,52400735883,57000000000,-4599264117,Review row-level exposure changes before replacing detail table.,,,,,,,,,1,1
beneficiary_exposure,review,fund_exposure_sum_change_candidate,200001,committed,,,24678894870,24314744790,364150080,Review row-level exposure changes before replacing detail table.,,,,,,,,,2,2
beneficiary_exposure,review,fund_exposure_sum_change_candidate,200001,remaining,,,2943429417,2579279337,364150080,Review row-level exposure changes before replacing detail table.,,,,,,,,,2,2
beneficiary_exposure,review,fund_exposure_sum_change_candidate,200002,committed,,,10576669230,10420604910,156064320,Review row-level exposure changes before replacing detail table.,,,,,,,,,2,2
beneficiary_exposure,review,fund_exposure_sum_change_candidate,200002,remaining,,,3860187577,3704123257,156064320,Review row-level exposure changes before replacing detail table.,,,,,,,,,2,2
beneficiary_exposure,review,fund_exposure_sum_change_candidate,200004,committed,,,75395000000,74165000000,1230000000,Review row-level exposure changes before replacing detail table.,,,,,,,,,2,2
beneficiary_exposure,review,fund_exposure_sum_change_candidate,200004,remaining,,,44034837085,42804837085,1230000000,Review row-level exposure changes before replacing detail table.,,,,,,,,,2,2
beneficiary_exposure,review,fund_exposure_sum_change_candidate,200005,committed,,,22618500000,22249500000,369000000,Review row-level exposure changes before replacing detail table.,,,,,,,,,2,2
beneficiary_exposure,review,fund_exposure_sum_change_candidate,200005,remaining,,,12885325475,12516325475,369000000,Review row-level exposure changes before replacing detail table.,,,,,,,,,2,2
beneficiary_exposure,review,fund_exposure_sum_change_candidate,200006,committed,,,151996320000,149516640000,2479680000,Review row-level exposure changes before replacing detail table.,,,,,,,,,2,2
beneficiary_exposure,review,fund_exposure_sum_change_candidate,200006,invested,,,43893016746,45683658345,-1790641599,Review row-level exposure changes before replacing detail table.,,,,,,,,,2,2
beneficiary_exposure,review,fund_exposure_sum_change_candidate,200006,remaining,,,108103303254,103832981655,4270321599,Review row-level exposure changes before replacing detail table.,,,,,,,,,2,2
beneficiary_exposure,review,fund_exposure_sum_change_candidate,200007,committed,,,45237000000,44499000000,738000000,Review row-level exposure changes before replacing detail table.,,,,,,,,,2,2
beneficiary_exposure,review,fund_exposure_sum_change_candidate,200007,invested,,,15862671967,17284232811,-1421560844,Review row-level exposure changes before replacing detail table.,,,,,,,,,2,2
beneficiary_exposure,review,fund_exposure_sum_change_candidate,200007,remaining,,,29374328033,27214767189,2159560844,Review row-level exposure changes before replacing detail table.,,,,,,,,,2,2
beneficiary_exposure,review,fund_exposure_sum_change_candidate,200008,committed,,,948609536000,940903472000,7706064000,Review row-level exposure changes before replacing detail table.,,,,,,,,,3,3
beneficiary_exposure,review,fund_exposure_sum_change_candidate,200008,invested,,,399047489303,386855746745,12191742558,Review row-level exposure changes before replacing detail table.,,,,,,,,,3,3
beneficiary_exposure,review,fund_exposure_sum_change_candidate,200008,remaining,,,549562046697,554047725255,-4485678558,Review row-level exposure changes before replacing detail table.,,,,,,,,,3,3
beneficiary_exposure,review,fund_exposure_sum_change_candidate,200009,committed,,,105884738000,104157326000,1727412000,Review row-level exposure changes before replacing detail table.,,,,,,,,,2,2
beneficiary_exposure,review,fund_exposure_sum_change_candidate,200009,invested,,,87097347836,81247472998,5849874838,Review row-level exposure changes before replacing detail table.,,,,,,,,,2,2
beneficiary_exposure,review,fund_exposure_sum_change_candidate,200009,remaining,,,18787390164,22909853002,-4122462838,Review row-level exposure changes before replacing detail table.,,,,,,,,,2,2
beneficiary_exposure,review,fund_exposure_sum_change_candidate,200010,committed,,,52776500000,51915500000,861000000,Review row-level exposure changes before replacing detail table.,,,,,,,,,1,1
beneficiary_exposure,review,fund_exposure_sum_change_candidate,200010,remaining,,,37467352639,36606352639,861000000,Review row-level exposure changes before replacing detail table.,,,,,,,,,1,1
beneficiary_exposure,review,fund_exposure_sum_change_candidate,200011,committed,,,60798600000,59960100000,838500000,Review row-level exposure changes before replacing detail table.,,,,,,,,,1,1
beneficiary_exposure,review,fund_exposure_sum_change_candidate,200011,invested,,,27621979168,27672919005,-50939837,Review row-level exposure changes before replacing detail table.,,,,,,,,,1,1
beneficiary_exposure,review,fund_exposure_sum_change_candidate,200011,remaining,,,33176620832,32287180995,889439837,Review row-level exposure changes before replacing detail table.,,,,,,,,,1,1
beneficiary_exposure,review,fund_exposure_sum_change_candidate,200012,committed,,,46292530000,45537310000,755220000,Review row-level exposure changes before replacing detail table.,,,,,,,,,2,2
beneficiary_exposure,review,fund_exposure_sum_change_candidate,200012,remaining,,,30438834008,29683614008,755220000,Review row-level exposure changes before replacing detail table.,,,,,,,,,2,2
beneficiary_exposure,review,fund_exposure_sum_change_candidate,200013,committed,,,30308790000,29814330000,494460000,Review row-level exposure changes before replacing detail table.,,,,,,,,,2,2
beneficiary_exposure,review,fund_exposure_sum_change_candidate,200013,remaining,,,16997718775,16503258775,494460000,Review row-level exposure changes before replacing detail table.,,,,,,,,,2,2
beneficiary_exposure,review,fund_exposure_sum_change_candidate,200014,committed,,,35132600000,34614200000,518400000,Review row-level exposure changes before replacing detail table.,,,,,,,,,1,1
beneficiary_exposure,review,fund_exposure_sum_change_candidate,200014,remaining,,,17193846188,16675446188,518400000,Review row-level exposure changes before replacing detail table.,,,,,,,,,1,1
beneficiary_exposure,review,fund_exposure_sum_change_candidate,200016,committed,,,43915750000,43267750000,648000000,Review row-level exposure changes before replacing detail table.,,,,,,,,,1,1
beneficiary_exposure,review,fund_exposure_sum_change_candidate,200016,remaining,,,33818329216,33170329216,648000000,Review row-level exposure changes before replacing detail table.,,,,,,,,,1,1
beneficiary_exposure,review,fund_exposure_sum_change_candidate,200017,committed,,,306627606000,302398771000,4228835000,Review row-level exposure changes before replacing detail table.,,,,,,,,,3,3
beneficiary_exposure,review,fund_exposure_sum_change_candidate,200017,remaining,,,78687363288,74458528288,4228835000,Review row-level exposure changes before replacing detail table.,,,,,,,,,3,3
beneficiary_exposure,review,fund_exposure_sum_change_candidate,200018,committed,,,30158000000,29666000000,492000000,Review row-level exposure changes before replacing detail table.,,,,,,,,,2,2
beneficiary_exposure,review,fund_exposure_sum_change_candidate,200018,remaining,,,6385162487,5893162487,492000000,Review row-level exposure changes before replacing detail table.,,,,,,,,,2,2
beneficiary_exposure,review,fund_exposure_sum_change_candidate,200019,committed,,,5594309000,5503043000,91266000,Review row-level exposure changes before replacing detail table.,,,,,,,,,2,2
beneficiary_exposure,review,fund_exposure_sum_change_candidate,200019,remaining,,,3083147073,2991881074,91265999,Review row-level exposure changes before replacing detail table.,,,,,,,,,2,2
beneficiary_exposure,review,fund_exposure_sum_change_candidate,200020,committed,,,70265200000,69228400000,1036800000,Review row-level exposure changes before replacing detail table.,,,,,,,,,2,2
beneficiary_exposure,review,fund_exposure_sum_change_candidate,200020,remaining,,,7436585499,6399785499,1036800000,Review row-level exposure changes before replacing detail table.,,,,,,,,,2,2
beneficiary_exposure,review,fund_exposure_sum_change_candidate,200021,committed,,,7539500000,7416500000,123000000,Review row-level exposure changes before replacing detail table.,,,,,,,,,2,2
beneficiary_exposure,review,fund_exposure_sum_change_candidate,200021,remaining,,,2759430586,2636430586,123000000,Review row-level exposure changes before replacing detail table.,,,,,,,,,2,2
beneficiary_exposure,review,fund_exposure_sum_change_candidate,200024,committed,,,87831500000,86535500000,1296000000,Review row-level exposure changes before replacing detail table.,,,,,,,,,2,2
beneficiary_exposure,review,fund_exposure_sum_change_candidate,200024,remaining,,,67242933112,65946933112,1296000000,Review row-level exposure changes before replacing detail table.,,,,,,,,,2,2
beneficiary_exposure,review,fund_exposure_sum_change_candidate,200025,committed,,,52776500000,51915500000,861000000,Review row-level exposure changes before replacing detail table.,,,,,,,,,1,1
beneficiary_exposure,review,fund_exposure_sum_change_candidate,200025,remaining,,,40887436851,40026436851,861000000,Review row-level exposure changes before replacing detail table.,,,,,,,,,1,1
beneficiary_exposure,review,fund_exposure_sum_change_candidate,200026,committed,,,52776500000,51915500000,861000000,Review row-level exposure changes before replacing detail table.,,,,,,,,,1,1
beneficiary_exposure,review,fund_exposure_sum_change_candidate,200026,remaining,,,43525477755,42664477755,861000000,Review row-level exposure changes before replacing detail table.,,,,,,,,,1,1
beneficiary_exposure,review,fund_exposure_sum_change_candidate,200027,committed,,,17917626000,17653242000,264384000,Review row-level exposure changes before replacing detail table.,,,,,,,,,2,2
beneficiary_exposure,review,fund_exposure_sum_change_candidate,200027,invested,,,9208392031,8171582818,1036809213,Review row-level exposure changes before replacing detail table.,,,,,,,,,2,2
beneficiary_exposure,review,fund_exposure_sum_change_candidate,200027,remaining,,,8709233969,9481659182,-772425213,Review row-level exposure changes before replacing detail table.,,,,,,,,,2,2
beneficiary_exposure,review,fund_exposure_sum_change_candidate,200028,committed,,,310175030000,305114810000,5060220000,Review row-level exposure changes before replacing detail table.,,,,,,,,,2,2
beneficiary_exposure,review,fund_exposure_sum_change_candidate,200028,remaining,,,18134843000,13074623000,5060220000,Review row-level exposure changes before replacing detail table.,,,,,,,,,2,2
beneficiary_exposure,review,fund_exposure_sum_change_candidate,200029,committed,,,15181537200,14933864400,247672800,Review row-level exposure changes before replacing detail table.,,,,,,,,,2,2
beneficiary_exposure,review,fund_exposure_sum_change_candidate,200029,remaining,,,2461464297,2213791497,247672800,Review row-level exposure changes before replacing detail table.,,,,,,,,,2,2
beneficiary_exposure,review,fund_exposure_sum_change_candidate,200031,committed,,,301580000000,296660000000,4920000000,Review row-level exposure changes before replacing detail table.,,,,,,,,,2,2
beneficiary_exposure,review,fund_exposure_sum_change_candidate,200031,remaining,,,107422557235,102502557235,4920000000,Review row-level exposure changes before replacing detail table.,,,,,,,,,2,2
beneficiary_exposure,review,fund_exposure_sum_change_candidate,200033,committed,,,32497655000,32018135000,479520000,Review row-level exposure changes before replacing detail table.,,,,,,,,,2,2
beneficiary_exposure,review,fund_exposure_sum_change_candidate,200033,remaining,,,2370384449,1890864449,479520000,Review row-level exposure changes before replacing detail table.,,,,,,,,,2,2
beneficiary_exposure,review,fund_exposure_sum_change_candidate,200034,committed,,,150790000000,148330000000,2460000000,Review row-level exposure changes before replacing detail table.,,,,,,,,,2,2
beneficiary_exposure,review,fund_exposure_sum_change_candidate,200034,remaining,,,13475957000,11015957000,2460000000,Review row-level exposure changes before replacing detail table.,,,,,,,,,2,2
beneficiary_exposure,review,fund_exposure_sum_change_candidate,200035,committed,,,150790000000,148330000000,2460000000,Review row-level exposure changes before replacing detail table.,,,,,,,,,2,2
beneficiary_exposure,review,fund_exposure_sum_change_candidate,200035,remaining,,,28638148843,26178148843,2460000000,Review row-level exposure changes before replacing detail table.,,,,,,,,,2,2
beneficiary_exposure,review,fund_exposure_sum_change_candidate,200036,committed,,,150790000000,148330000000,2460000000,Review row-level exposure changes before replacing detail table.,,,,,,,,,2,2
beneficiary_exposure,review,fund_exposure_sum_change_candidate,200036,remaining,,,34360211390,31900211390,2460000000,Review row-level exposure changes before replacing detail table.,,,,,,,,,2,2
beneficiary_exposure,review,fund_exposure_sum_change_candidate,200037,committed,,,30158000000,29666000000,492000000,Review row-level exposure changes before replacing detail table.,,,,,,,,,2,2
beneficiary_exposure,review,fund_exposure_sum_change_candidate,200037,invested,,,29669979137,29180293250,489685887,Review row-level exposure changes before replacing detail table.,,,,,,,,,2,2
beneficiary_exposure,review,fund_exposure_sum_change_candidate,200037,remaining,,,488020864,485706750,2314114,Review row-level exposure changes before replacing detail table.,,,,,,,,,2,2
beneficiary_exposure,review,fund_exposure_sum_change_candidate,200038,committed,,,87831500000,86535500000,1296000000,Review row-level exposure changes before replacing detail table.,,,,,,,,,1,1
beneficiary_exposure,review,fund_exposure_sum_change_candidate,200038,remaining,,,76381500000,75085500000,1296000000,Review row-level exposure changes before replacing detail table.,,,,,,,,,1,1
beneficiary_exposure,review,fund_exposure_sum_change_candidate,200039,committed,,,87831500000,86535500000,1296000000,Review row-level exposure changes before replacing detail table.,,,,,,,,,1,1
beneficiary_exposure,review,fund_exposure_sum_change_candidate,200039,remaining,,,78624500000,77328500000,1296000000,Review row-level exposure changes before replacing detail table.,,,,,,,,,1,1
beneficiary_exposure,review,fund_exposure_sum_change_candidate,200040,committed,,,75395000000,74165000000,1230000000,Review row-level exposure changes before replacing detail table.,,,,,,,,,1,1
beneficiary_exposure,review,fund_exposure_sum_change_candidate,200040,remaining,,,75387000000,74157000000,1230000000,Review row-level exposure changes before replacing detail table.,,,,,,,,,1,1
beneficiary_exposure,review,fund_exposure_sum_change_candidate,200041,committed,,,105553000000,103831000000,1722000000,Review row-level exposure changes before replacing detail table.,,,,,,,,,1,1
beneficiary_exposure,review,fund_exposure_sum_change_candidate,200041,remaining,,,57420282259,55698282259,1722000000,Review row-level exposure changes before replacing detail table.,,,,,,,,,1,1
beneficiary_exposure,review,fund_exposure_sum_change_candidate,200042,committed,,,153880788000,151090983000,2789805000,Review row-level exposure changes before replacing detail table.,,,,,,,,,2,1
beneficiary_exposure,review,fund_exposure_sum_change_candidate,200042,invested,,,80884000000,80607000000,277000000,Review row-level exposure changes before replacing detail table.,,,,,,,,,2,1
beneficiary_exposure,review,fund_exposure_sum_change_candidate,200042,remaining,,,72996788000,70483983000,2512805000,Review row-level exposure changes before replacing detail table.,,,,,,,,,2,1
beneficiary_exposure,review,fund_exposure_sum_change_candidate,200044,committed,,,135711000000,133497000000,2214000000,Review row-level exposure changes before replacing detail table.,,,,,,,,,3,3
beneficiary_exposure,review,fund_exposure_sum_change_candidate,200044,remaining,,,801000000,-1413000000,2214000000,Review row-level exposure changes before replacing detail table.,,,,,,,,,3,3
beneficiary_exposure,review,fund_exposure_sum_change_candidate,200045,committed,,,46387527700,45630757900,756769800,Review row-level exposure changes before replacing detail table.,,,,,,,,,2,2
beneficiary_exposure,review,fund_exposure_sum_change_candidate,200045,invested,,,44080909000,0,44080909000,Review row-level exposure changes before replacing detail table.,,,,,,,,,2,2
beneficiary_exposure,review,fund_exposure_sum_change_candidate,200045,remaining,,,2306618700,45630757900,-43324139200,Review row-level exposure changes before replacing detail table.,,,,,,,,,2,2
beneficiary_exposure,review,fund_exposure_sum_change_candidate,300053,committed,,,150790000000,148330000000,2460000000,Review row-level exposure changes before replacing detail table.,,,,,,,,,1,1
beneficiary_exposure,review,fund_exposure_sum_change_candidate,300053,invested,,,84471658148,134654826713,-50183168565,Review row-level exposure changes before replacing detail table.,,,,,,,,,1,1
beneficiary_exposure,review,fund_exposure_sum_change_candidate,300053,remaining,,,66318341852,13675173287,52643168565,Review row-level exposure changes before replacing detail table.,,,,,,,,,1,1
beneficiary_exposure,review,fund_exposure_sum_change_candidate,300066,committed,,,150790000000,148330000000,2460000000,Review row-level exposure changes before replacing detail table.,,,,,,,,,1,1
beneficiary_exposure,review,fund_exposure_sum_change_candidate,300066,remaining,,,70738613238,68278613238,2460000000,Review row-level exposure changes before replacing detail table.,,,,,,,,,1,1
beneficiary_exposure,review,fund_exposure_sum_change_candidate,300075,committed,,,14000150024,11500123234,2500026790,Review row-level exposure changes before replacing detail table.,,,,,,,,,12,8
beneficiary_exposure,review,fund_exposure_sum_change_candidate,300075,invested,,,14000150024,11500123234,2500026790,Review row-level exposure changes before replacing detail table.,,,,,,,,,12,8
beneficiary_exposure,update_candidate,source_fund_exposure_not_in_supabase,R00010,,,,,,,Exposure for this fund exists in today's source but not in Supabase.,,,,,,,,,1,0
beneficiary_exposure,info,supabase_exposure_not_in_today_source,112442,,,,,,,May be inactive/out-of-scope or removed from today's source export.,,,,,,,,,0,5
beneficiary_exposure,info,supabase_exposure_not_in_today_source,112557,,,,,,,May be inactive/out-of-scope or removed from today's source export.,,,,,,,,,0,1
beneficiary_exposure,info,supabase_exposure_not_in_today_source,112630,,,,,,,May be inactive/out-of-scope or removed from today's source export.,,,,,,,,,0,1
beneficiary_exposure,info,supabase_exposure_not_in_today_source,112699,,,,,,,May be inactive/out-of-scope or removed from today's source export.,,,,,,,,,0,1
beneficiary_exposure,info,supabase_exposure_not_in_today_source,300016,,,,,,,May be inactive/out-of-scope or removed from today's source export.,,,,,,,,,0,1
beneficiary_exposure,info,supabase_exposure_not_in_today_source,300076,,,,,,,May be inactive/out-of-scope or removed from today's source export.,,,,,,,,,0,4
beneficiary_exposure,info,supabase_exposure_not_in_today_source,P00009,,,,,,,May be inactive/out-of-scope or removed from today's source export.,,,,,,,,,0,3
beneficiary_exposure,info,supabase_exposure_not_in_today_source,P00036,,,,,,,May be inactive/out-of-scope or removed from today's source export.,,,,,,,,,0,4
