domain,severity,issue_type,asset_id,asset_code,field,source_column,db_column,source_value,db_value,difference,db_api_enrichment_status,db_building_ledger_source,recommendation
asset_master,review,asset_field_change_candidate,ast_d052165ba593,A112001001,business_stage,사업단계,business_stage,운영/실물,,,found,BldRgstHubService.getBrTitleInfo,Review. Some address/physical fields may intentionally differ after geocode/API cleanup.
asset_master,review,asset_field_change_candidate,ast_d052165ba593,A112001001,portfolio_region,투자지역,portfolio_region,대한민국,,,found,BldRgstHubService.getBrTitleInfo,Review. Some address/physical fields may intentionally differ after geocode/API cleanup.
asset_master,review,asset_field_change_candidate,ast_d052165ba593,A112001001,country_code,국내/해외,country_code,KR,,,found,BldRgstHubService.getBrTitleInfo,Review. Some address/physical fields may intentionally differ after geocode/API cleanup.
asset_master,review,asset_field_change_candidate,ast_d052165ba593,A112001001,site_area,토지면적(㎡),site_area,,11214,,found,BldRgstHubService.getBrTitleInfo,Physical fields may be API-enriched. Review provenance before overwriting.
asset_master,review,asset_field_change_candidate,ast_d052165ba593,A112001001,parking,주차대수,parking,,옥내 931 / 옥외 0,,found,BldRgstHubService.getBrTitleInfo,Review. Some address/physical fields may intentionally differ after geocode/API cleanup.
asset_master,review,asset_field_change_candidate,ast_d2b8095c4603,A112001002,canonical_name,자산(건물)명,canonical_name,2001아울렛(안양),2001아울렛(안양) (투자),,found,BldRgstHubService.getBrTitleInfo,Review. Some address/physical fields may intentionally differ after geocode/API cleanup.
asset_master,review,asset_field_change_candidate,ast_d2b8095c4603,A112001002,asset_type,기초자산,asset_type,리테일,,,found,BldRgstHubService.getBrTitleInfo,Review. Some address/physical fields may intentionally differ after geocode/API cleanup.
asset_master,review,asset_field_change_candidate,ast_d2b8095c4603,A112001002,business_stage,사업단계,business_stage,운영/실물,,,found,BldRgstHubService.getBrTitleInfo,Review. Some address/physical fields may intentionally differ after geocode/API cleanup.
asset_master,review,asset_field_change_candidate,ast_d2b8095c4603,A112001002,portfolio_region,투자지역,portfolio_region,대한민국,,,found,BldRgstHubService.getBrTitleInfo,Review. Some address/physical fields may intentionally differ after geocode/API cleanup.
asset_master,review,asset_field_change_candidate,ast_d2b8095c4603,A112001002,site_area,토지면적(㎡),site_area,,3799,,found,BldRgstHubService.getBrTitleInfo,Physical fields may be API-enriched. Review provenance before overwriting.
asset_master,review,asset_field_change_candidate,ast_d2b8095c4603,A112001002,parking,주차대수,parking,,옥내 127 / 옥외 6,,found,BldRgstHubService.getBrTitleInfo,Review. Some address/physical fields may intentionally differ after geocode/API cleanup.
asset_master,review,asset_field_change_candidate,ast_4b461cc661b2,A112002001,business_stage,사업단계,business_stage,운영/실물,,,found,BldRgstHubService.getBrTitleInfo,Review. Some address/physical fields may intentionally differ after geocode/API cleanup.
asset_master,review,asset_field_change_candidate,ast_4b461cc661b2,A112002001,portfolio_region,투자지역,portfolio_region,대한민국,,,found,BldRgstHubService.getBrTitleInfo,Review. Some address/physical fields may intentionally differ after geocode/API cleanup.
asset_master,review,asset_field_change_candidate,ast_4b461cc661b2,A112002001,country_code,국내/해외,country_code,KR,,,found,BldRgstHubService.getBrTitleInfo,Review. Some address/physical fields may intentionally differ after geocode/API cleanup.
asset_master,review,asset_field_change_candidate,ast_4b461cc661b2,A112002001,site_area,토지면적(㎡),site_area,,2874,,found,BldRgstHubService.getBrTitleInfo,Physical fields may be API-enriched. Review provenance before overwriting.
asset_master,review,asset_field_change_candidate,ast_4b461cc661b2,A112002001,parking,주차대수,parking,,옥내 264 / 옥외 0,,found,BldRgstHubService.getBrTitleInfo,Review. Some address/physical fields may intentionally differ after geocode/API cleanup.
asset_master,review,asset_field_change_candidate,ast_790533b0da44,A112003001,business_stage,사업단계,business_stage,운영/실물,,,found,BldRgstHubService.getBrTitleInfo,Review. Some address/physical fields may intentionally differ after geocode/API cleanup.
asset_master,review,asset_field_change_candidate,ast_790533b0da44,A112003001,portfolio_region,투자지역,portfolio_region,대한민국,,,found,BldRgstHubService.getBrTitleInfo,Review. Some address/physical fields may intentionally differ after geocode/API cleanup.
asset_master,review,asset_field_change_candidate,ast_790533b0da44,A112003001,country_code,국내/해외,country_code,KR,,,found,BldRgstHubService.getBrTitleInfo,Review. Some address/physical fields may intentionally differ after geocode/API cleanup.
asset_master,review,asset_field_change_candidate,ast_790533b0da44,A112003001,site_area,토지면적(㎡),site_area,,3729,,found,BldRgstHubService.getBrTitleInfo,Physical fields may be API-enriched. Review provenance before overwriting.
asset_master,review,asset_field_change_candidate,ast_790533b0da44,A112003001,parking,주차대수,parking,,옥내 147 / 옥외 18,,found,BldRgstHubService.getBrTitleInfo,Review. Some address/physical fields may intentionally differ after geocode/API cleanup.
asset_master,review,asset_field_change_candidate,ast_7773542720e0,A112003002,business_stage,사업단계,business_stage,운영/실물,,,found,BldRgstHubService.getBrTitleInfo,Review. Some address/physical fields may intentionally differ after geocode/API cleanup.
asset_master,review,asset_field_change_candidate,ast_7773542720e0,A112003002,portfolio_region,투자지역,portfolio_region,대한민국,,,found,BldRgstHubService.getBrTitleInfo,Review. Some address/physical fields may intentionally differ after geocode/API cleanup.
asset_master,review,asset_field_change_candidate,ast_7773542720e0,A112003002,country_code,국내/해외,country_code,KR,,,found,BldRgstHubService.getBrTitleInfo,Review. Some address/physical fields may intentionally differ after geocode/API cleanup.
asset_master,review,asset_field_change_candidate,ast_7773542720e0,A112003002,site_area,토지면적(㎡),site_area,,2310,,found,BldRgstHubService.getBrTitleInfo,Physical fields may be API-enriched. Review provenance before overwriting.
asset_master,review,asset_field_change_candidate,ast_7773542720e0,A112003002,parking,주차대수,parking,,옥내 108 / 옥외 0,,found,BldRgstHubService.getBrTitleInfo,Review. Some address/physical fields may intentionally differ after geocode/API cleanup.
asset_master,review,asset_field_change_candidate,ast_58e37903d5ef,A112004001,address_text,"전체주소(시/도, 구/군 포함)",address_text,강원도 원주시 단계동 1123,강원특별자치도 원주시 단계동 1123,,found,BldRgstHubService.getBrTitleInfo,Review. Some address/physical fields may intentionally differ after geocode/API cleanup.
asset_master,review,asset_field_change_candidate,ast_58e37903d5ef,A112004001,asset_type,기초자산,asset_type,리테일,,,found,BldRgstHubService.getBrTitleInfo,Review. Some address/physical fields may intentionally differ after geocode/API cleanup.
asset_master,review,asset_field_change_candidate,ast_58e37903d5ef,A112004001,business_stage,사업단계,business_stage,운영/실물,,,found,BldRgstHubService.getBrTitleInfo,Review. Some address/physical fields may intentionally differ after geocode/API cleanup.
asset_master,review,asset_field_change_candidate,ast_58e37903d5ef,A112004001,portfolio_region,투자지역,portfolio_region,대한민국,,,found,BldRgstHubService.getBrTitleInfo,Review. Some address/physical fields may intentionally differ after geocode/API cleanup.
asset_master,review,asset_field_change_candidate,ast_58e37903d5ef,A112004001,site_area,토지면적(㎡),site_area,,14047,,found,BldRgstHubService.getBrTitleInfo,Physical fields may be API-enriched. Review provenance before overwriting.
asset_master,review,asset_field_change_candidate,ast_58e37903d5ef,A112004001,parking,주차대수,parking,,옥내 921 / 옥외 0,,found,BldRgstHubService.getBrTitleInfo,Review. Some address/physical fields may intentionally differ after geocode/API cleanup.
asset_master,review,asset_field_change_candidate,ast_edd6f6c3e3e5,A112005001,canonical_name,자산(건물)명,canonical_name,더피나클강남,더피나클강남 (투자),,found,BldRgstHubService.getBrTitleInfo,Review. Some address/physical fields may intentionally differ after geocode/API cleanup.
asset_master,review,asset_field_change_candidate,ast_edd6f6c3e3e5,A112005001,business_stage,사업단계,business_stage,운영/실물,,,found,BldRgstHubService.getBrTitleInfo,Review. Some address/physical fields may intentionally differ after geocode/API cleanup.
asset_master,review,asset_field_change_candidate,ast_edd6f6c3e3e5,A112005001,portfolio_region,투자지역,portfolio_region,대한민국,,,found,BldRgstHubService.getBrTitleInfo,Review. Some address/physical fields may intentionally differ after geocode/API cleanup.
asset_master,review,asset_field_change_candidate,ast_edd6f6c3e3e5,A112005001,site_area,토지면적(㎡),site_area,,2987,,found,BldRgstHubService.getBrTitleInfo,Physical fields may be API-enriched. Review provenance before overwriting.
asset_master,review,asset_field_change_candidate,ast_edd6f6c3e3e5,A112005001,parking,주차대수,parking,,옥내 181 / 옥외 0,,found,BldRgstHubService.getBrTitleInfo,Review. Some address/physical fields may intentionally differ after geocode/API cleanup.
asset_master,review,asset_field_change_candidate,ast_fe9e7fc006fb,A112006001,business_stage,사업단계,business_stage,운영/실물,,,found,BldRgstHubService.getBrTitleInfo,Review. Some address/physical fields may intentionally differ after geocode/API cleanup.
asset_master,review,asset_field_change_candidate,ast_fe9e7fc006fb,A112006001,portfolio_region,투자지역,portfolio_region,대한민국,,,found,BldRgstHubService.getBrTitleInfo,Review. Some address/physical fields may intentionally differ after geocode/API cleanup.
asset_master,review,asset_field_change_candidate,ast_fe9e7fc006fb,A112006001,country_code,국내/해외,country_code,KR,,,found,BldRgstHubService.getBrTitleInfo,Review. Some address/physical fields may intentionally differ after geocode/API cleanup.
asset_master,review,asset_field_change_candidate,ast_fe9e7fc006fb,A112006001,site_area,토지면적(㎡),site_area,,3306,,found,BldRgstHubService.getBrTitleInfo,Physical fields may be API-enriched. Review provenance before overwriting.
asset_master,review,asset_field_change_candidate,ast_fe9e7fc006fb,A112006001,parking,주차대수,parking,,옥내 103 / 옥외 0,,found,BldRgstHubService.getBrTitleInfo,Review. Some address/physical fields may intentionally differ after geocode/API cleanup.
asset_master,review,asset_field_change_candidate,ast_668935b47b6b,A112007001,address_text,"전체주소(시/도, 구/군 포함)",address_text,전라남도 나주시 송월동 1106-2 외 2필지,전라남도 나주시 송월동 1106-2,,found,BldRgstHubService.getBrTitleInfo,Review. Some address/physical fields may intentionally differ after geocode/API cleanup.
asset_master,review,asset_field_change_candidate,ast_668935b47b6b,A112007001,asset_type,기초자산,asset_type,리테일,,,found,BldRgstHubService.getBrTitleInfo,Review. Some address/physical fields may intentionally differ after geocode/API cleanup.
asset_master,review,asset_field_change_candidate,ast_668935b47b6b,A112007001,business_stage,사업단계,business_stage,운영/실물,,,found,BldRgstHubService.getBrTitleInfo,Review. Some address/physical fields may intentionally differ after geocode/API cleanup.
asset_master,review,asset_field_change_candidate,ast_668935b47b6b,A112007001,portfolio_region,투자지역,portfolio_region,대한민국,,,found,BldRgstHubService.getBrTitleInfo,Review. Some address/physical fields may intentionally differ after geocode/API cleanup.
asset_master,review,asset_field_change_candidate,ast_668935b47b6b,A112007001,site_area,토지면적(㎡),site_area,,5481,,found,BldRgstHubService.getBrTitleInfo,Physical fields may be API-enriched. Review provenance before overwriting.
asset_master,review,asset_field_change_candidate,ast_668935b47b6b,A112007001,parking,주차대수,parking,,옥내 83 / 옥외 0,,found,BldRgstHubService.getBrTitleInfo,Review. Some address/physical fields may intentionally differ after geocode/API cleanup.
asset_master,review,asset_field_change_candidate,ast_122d47e0ef63,A112008001,business_stage,사업단계,business_stage,운영/실물,,,found,BldRgstHubService.getBrTitleInfo,Review. Some address/physical fields may intentionally differ after geocode/API cleanup.
asset_master,review,asset_field_change_candidate,ast_122d47e0ef63,A112008001,portfolio_region,투자지역,portfolio_region,대한민국,,,found,BldRgstHubService.getBrTitleInfo,Review. Some address/physical fields may intentionally differ after geocode/API cleanup.
asset_master,review,asset_field_change_candidate,ast_122d47e0ef63,A112008001,country_code,국내/해외,country_code,KR,,,found,BldRgstHubService.getBrTitleInfo,Review. Some address/physical fields may intentionally differ after geocode/API cleanup.
asset_master,review,asset_field_change_candidate,ast_122d47e0ef63,A112008001,site_area,토지면적(㎡),site_area,,15996,,found,BldRgstHubService.getBrTitleInfo,Physical fields may be API-enriched. Review provenance before overwriting.
asset_master,review,asset_field_change_candidate,ast_122d47e0ef63,A112008001,parking,주차대수,parking,,옥내 1071 / 옥외 0,,found,BldRgstHubService.getBrTitleInfo,Review. Some address/physical fields may intentionally differ after geocode/API cleanup.
asset_master,review,asset_field_change_candidate,ast_f0700d6e9655,A112008002,business_stage,사업단계,business_stage,운영/실물,,,found,BldRgstHubService.getBrTitleInfo,Review. Some address/physical fields may intentionally differ after geocode/API cleanup.
asset_master,review,asset_field_change_candidate,ast_f0700d6e9655,A112008002,portfolio_region,투자지역,portfolio_region,대한민국,,,found,BldRgstHubService.getBrTitleInfo,Review. Some address/physical fields may intentionally differ after geocode/API cleanup.
asset_master,review,asset_field_change_candidate,ast_f0700d6e9655,A112008002,site_area,토지면적(㎡),site_area,,12151,,found,BldRgstHubService.getBrTitleInfo,Physical fields may be API-enriched. Review provenance before overwriting.
asset_master,review,asset_field_change_candidate,ast_f0700d6e9655,A112008002,parking,주차대수,parking,,옥내 830 / 옥외 0,,found,BldRgstHubService.getBrTitleInfo,Review. Some address/physical fields may intentionally differ after geocode/API cleanup.
asset_master,review,asset_field_change_candidate,ast_ecd738fc0c31,A112008003,business_stage,사업단계,business_stage,운영/실물,,,found,BldRgstHubService.getBrTitleInfo,Review. Some address/physical fields may intentionally differ after geocode/API cleanup.
asset_master,review,asset_field_change_candidate,ast_ecd738fc0c31,A112008003,portfolio_region,투자지역,portfolio_region,대한민국,,,found,BldRgstHubService.getBrTitleInfo,Review. Some address/physical fields may intentionally differ after geocode/API cleanup.
asset_master,review,asset_field_change_candidate,ast_ecd738fc0c31,A112008003,site_area,토지면적(㎡),site_area,,17290,,found,BldRgstHubService.getBrTitleInfo,Physical fields may be API-enriched. Review provenance before overwriting.
asset_master,review,asset_field_change_candidate,ast_ecd738fc0c31,A112008003,parking,주차대수,parking,,옥내 1021 / 옥외 0,,found,BldRgstHubService.getBrTitleInfo,Review. Some address/physical fields may intentionally differ after geocode/API cleanup.
asset_master,review,asset_field_change_candidate,ast_55647389ae80,A112008004,business_stage,사업단계,business_stage,운영/실물,,,found,BldRgstHubService.getBrTitleInfo,Review. Some address/physical fields may intentionally differ after geocode/API cleanup.
asset_master,review,asset_field_change_candidate,ast_55647389ae80,A112008004,portfolio_region,투자지역,portfolio_region,대한민국,,,found,BldRgstHubService.getBrTitleInfo,Review. Some address/physical fields may intentionally differ after geocode/API cleanup.
asset_master,review,asset_field_change_candidate,ast_55647389ae80,A112008004,country_code,국내/해외,country_code,KR,,,found,BldRgstHubService.getBrTitleInfo,Review. Some address/physical fields may intentionally differ after geocode/API cleanup.
asset_master,review,asset_field_change_candidate,ast_55647389ae80,A112008004,site_area,토지면적(㎡),site_area,,17190,,found,BldRgstHubService.getBrTitleInfo,Physical fields may be API-enriched. Review provenance before overwriting.
asset_master,review,asset_field_change_candidate,ast_55647389ae80,A112008004,parking,주차대수,parking,,옥내 812 / 옥외 0,,found,BldRgstHubService.getBrTitleInfo,Review. Some address/physical fields may intentionally differ after geocode/API cleanup.
asset_master,review,asset_field_change_candidate,ast_8e254bfe7df1,A112010001,business_stage,사업단계,business_stage,운영/실물,,,not_checked,,Review. Some address/physical fields may intentionally differ after geocode/API cleanup.
asset_master,review,asset_field_change_candidate,ast_8e254bfe7df1,A112010001,portfolio_region,투자지역,portfolio_region,유럽,,,not_checked,,Review. Some address/physical fields may intentionally differ after geocode/API cleanup.
asset_master,review,asset_field_change_candidate,ast_8e254bfe7df1,A112010001,country_code,국내/해외,country_code,OVERSEAS,,,not_checked,,Review. Some address/physical fields may intentionally differ after geocode/API cleanup.
asset_master,review,asset_field_change_candidate,ast_74fc8d406c81,A112011001,address_text,"전체주소(시/도, 구/군 포함)",address_text,울산광역시 남구 달동 1247-1 외 2필지,울산광역시 남구 달동 1247-1,,found,BldRgstHubService.getBrTitleInfo,Review. Some address/physical fields may intentionally differ after geocode/API cleanup.
asset_master,review,asset_field_change_candidate,ast_74fc8d406c81,A112011001,business_stage,사업단계,business_stage,운영/실물,,,found,BldRgstHubService.getBrTitleInfo,Review. Some address/physical fields may intentionally differ after geocode/API cleanup.
asset_master,review,asset_field_change_candidate,ast_74fc8d406c81,A112011001,portfolio_region,투자지역,portfolio_region,대한민국,,,found,BldRgstHubService.getBrTitleInfo,Review. Some address/physical fields may intentionally differ after geocode/API cleanup.
asset_master,review,asset_field_change_candidate,ast_74fc8d406c81,A112011001,site_area,토지면적(㎡),site_area,,1304,,found,BldRgstHubService.getBrTitleInfo,Physical fields may be API-enriched. Review provenance before overwriting.
asset_master,review,asset_field_change_candidate,ast_74fc8d406c81,A112011001,parking,주차대수,parking,,옥내 65 / 옥외 0,,found,BldRgstHubService.getBrTitleInfo,Review. Some address/physical fields may intentionally differ after geocode/API cleanup.
asset_master,review,asset_field_change_candidate,ast_0eebe3722ecd,A112012001,canonical_name,자산(건물)명,canonical_name,동일타워,동일타워 (투자),,found,BldRgstHubService.getBrTitleInfo,Review. Some address/physical fields may intentionally differ after geocode/API cleanup.
asset_master,review,asset_field_change_candidate,ast_0eebe3722ecd,A112012001,business_stage,사업단계,business_stage,운영/실물,,,found,BldRgstHubService.getBrTitleInfo,Review. Some address/physical fields may intentionally differ after geocode/API cleanup.
asset_master,review,asset_field_change_candidate,ast_0eebe3722ecd,A112012001,portfolio_region,투자지역,portfolio_region,대한민국,,,found,BldRgstHubService.getBrTitleInfo,Review. Some address/physical fields may intentionally differ after geocode/API cleanup.
asset_master,review,asset_field_change_candidate,ast_0eebe3722ecd,A112012001,site_area,토지면적(㎡),site_area,,5432,,found,BldRgstHubService.getBrTitleInfo,Physical fields may be API-enriched. Review provenance before overwriting.
asset_master,review,asset_field_change_candidate,ast_0eebe3722ecd,A112012001,parking,주차대수,parking,,옥내 351 / 옥외 0,,found,BldRgstHubService.getBrTitleInfo,Review. Some address/physical fields may intentionally differ after geocode/API cleanup.
asset_master,review,asset_field_change_candidate,ast_526e7318eac3,A112013001,business_stage,사업단계,business_stage,운영/실물,,,found,BldRgstHubService.getBrTitleInfo,Review. Some address/physical fields may intentionally differ after geocode/API cleanup.
asset_master,review,asset_field_change_candidate,ast_526e7318eac3,A112013001,portfolio_region,투자지역,portfolio_region,대한민국,,,found,BldRgstHubService.getBrTitleInfo,Review. Some address/physical fields may intentionally differ after geocode/API cleanup.
asset_master,review,asset_field_change_candidate,ast_526e7318eac3,A112013001,country_code,국내/해외,country_code,KR,,,found,BldRgstHubService.getBrTitleInfo,Review. Some address/physical fields may intentionally differ after geocode/API cleanup.
asset_master,review,asset_field_change_candidate,ast_526e7318eac3,A112013001,gross_floor_area,연면적(m²),gross_floor_area,,202570,,found,BldRgstHubService.getBrTitleInfo,Physical fields may be API-enriched. Review provenance before overwriting.
asset_master,review,asset_field_change_candidate,ast_526e7318eac3,A112013001,site_area,토지면적(㎡),site_area,,0,,found,BldRgstHubService.getBrTitleInfo,Physical fields may be API-enriched. Review provenance before overwriting.
asset_master,review,asset_field_change_candidate,ast_a87124d2b233,A112015001,business_stage,사업단계,business_stage,운영/실물,,,found,BldRgstHubService.getBrTitleInfo,Review. Some address/physical fields may intentionally differ after geocode/API cleanup.
asset_master,review,asset_field_change_candidate,ast_a87124d2b233,A112015001,portfolio_region,투자지역,portfolio_region,대한민국,,,found,BldRgstHubService.getBrTitleInfo,Review. Some address/physical fields may intentionally differ after geocode/API cleanup.
asset_master,review,asset_field_change_candidate,ast_a87124d2b233,A112015001,country_code,국내/해외,country_code,KR,,,found,BldRgstHubService.getBrTitleInfo,Review. Some address/physical fields may intentionally differ after geocode/API cleanup.
asset_master,review,asset_field_change_candidate,ast_a87124d2b233,A112015001,gross_floor_area,연면적(m²),gross_floor_area,,58668,,found,BldRgstHubService.getBrTitleInfo,Physical fields may be API-enriched. Review provenance before overwriting.
asset_master,review,asset_field_change_candidate,ast_a87124d2b233,A112015001,site_area,토지면적(㎡),site_area,,6107,,found,BldRgstHubService.getBrTitleInfo,Physical fields may be API-enriched. Review provenance before overwriting.
asset_master,review,asset_field_change_candidate,ast_a87124d2b233,A112015001,parking,주차대수,parking,,옥내 296 / 옥외 34,,found,BldRgstHubService.getBrTitleInfo,Review. Some address/physical fields may intentionally differ after geocode/API cleanup.
asset_master,review,asset_field_change_candidate,ast_21ccb7c9f7bd,A112017001,business_stage,사업단계,business_stage,운영/실물,,,found,BldRgstHubService.getBrTitleInfo,Review. Some address/physical fields may intentionally differ after geocode/API cleanup.
asset_master,review,asset_field_change_candidate,ast_21ccb7c9f7bd,A112017001,portfolio_region,투자지역,portfolio_region,대한민국,,,found,BldRgstHubService.getBrTitleInfo,Review. Some address/physical fields may intentionally differ after geocode/API cleanup.
asset_master,review,asset_field_change_candidate,ast_21ccb7c9f7bd,A112017001,country_code,국내/해외,country_code,KR,,,found,BldRgstHubService.getBrTitleInfo,Review. Some address/physical fields may intentionally differ after geocode/API cleanup.
asset_master,review,asset_field_change_candidate,ast_21ccb7c9f7bd,A112017001,site_area,토지면적(㎡),site_area,,12339,,found,BldRgstHubService.getBrTitleInfo,Physical fields may be API-enriched. Review provenance before overwriting.
asset_master,review,asset_field_change_candidate,ast_21ccb7c9f7bd,A112017001,parking,주차대수,parking,,옥내 716 / 옥외 0,,found,BldRgstHubService.getBrTitleInfo,Review. Some address/physical fields may intentionally differ after geocode/API cleanup.
asset_master,review,asset_field_change_candidate,ast_93fedc1f0d0f,A112018001,canonical_name,자산(건물)명,canonical_name,홈플러스삼천포점,홈플러스삼천포점 (투자),,found,BldRgstHubService.getBrTitleInfo,Review. Some address/physical fields may intentionally differ after geocode/API cleanup.
asset_master,review,asset_field_change_candidate,ast_93fedc1f0d0f,A112018001,business_stage,사업단계,business_stage,운영/실물,,,found,BldRgstHubService.getBrTitleInfo,Review. Some address/physical fields may intentionally differ after geocode/API cleanup.
asset_master,review,asset_field_change_candidate,ast_93fedc1f0d0f,A112018001,portfolio_region,투자지역,portfolio_region,대한민국,,,found,BldRgstHubService.getBrTitleInfo,Review. Some address/physical fields may intentionally differ after geocode/API cleanup.
asset_master,review,asset_field_change_candidate,ast_93fedc1f0d0f,A112018001,site_area,토지면적(㎡),site_area,,5565,,found,BldRgstHubService.getBrTitleInfo,Physical fields may be API-enriched. Review provenance before overwriting.
asset_master,review,asset_field_change_candidate,ast_93fedc1f0d0f,A112018001,parking,주차대수,parking,,옥내 222 / 옥외 0,,found,BldRgstHubService.getBrTitleInfo,Review. Some address/physical fields may intentionally differ after geocode/API cleanup.
asset_master,review,asset_field_change_candidate,ast_282ed30bb789,A112018002,canonical_name,자산(건물)명,canonical_name,홈플러스진주점,홈플러스진주점 (투자),,found,BldRgstHubService.getBrTitleInfo,Review. Some address/physical fields may intentionally differ after geocode/API cleanup.
asset_master,review,asset_field_change_candidate,ast_282ed30bb789,A112018002,business_stage,사업단계,business_stage,운영/실물,,,found,BldRgstHubService.getBrTitleInfo,Review. Some address/physical fields may intentionally differ after geocode/API cleanup.
asset_master,review,asset_field_change_candidate,ast_282ed30bb789,A112018002,portfolio_region,투자지역,portfolio_region,대한민국,,,found,BldRgstHubService.getBrTitleInfo,Review. Some address/physical fields may intentionally differ after geocode/API cleanup.
asset_master,review,asset_field_change_candidate,ast_282ed30bb789,A112018002,site_area,토지면적(㎡),site_area,,7104,,found,BldRgstHubService.getBrTitleInfo,Physical fields may be API-enriched. Review provenance before overwriting.
asset_master,review,asset_field_change_candidate,ast_282ed30bb789,A112018002,parking,주차대수,parking,,옥내 628 / 옥외 0,,found,BldRgstHubService.getBrTitleInfo,Review. Some address/physical fields may intentionally differ after geocode/API cleanup.
asset_master,review,asset_field_change_candidate,ast_1f446ce9025d,A112018003,canonical_name,자산(건물)명,canonical_name,홈플러스죽도점,홈플러스죽도점 (투자),,found,BldRgstHubService.getBrTitleInfo,Review. Some address/physical fields may intentionally differ after geocode/API cleanup.
asset_master,review,asset_field_change_candidate,ast_1f446ce9025d,A112018003,business_stage,사업단계,business_stage,운영/실물,,,found,BldRgstHubService.getBrTitleInfo,Review. Some address/physical fields may intentionally differ after geocode/API cleanup.
asset_master,review,asset_field_change_candidate,ast_1f446ce9025d,A112018003,portfolio_region,투자지역,portfolio_region,대한민국,,,found,BldRgstHubService.getBrTitleInfo,Review. Some address/physical fields may intentionally differ after geocode/API cleanup.
asset_master,review,asset_field_change_candidate,ast_1f446ce9025d,A112018003,site_area,토지면적(㎡),site_area,,5089,,found,BldRgstHubService.getBrTitleInfo,Physical fields may be API-enriched. Review provenance before overwriting.
asset_master,review,asset_field_change_candidate,ast_1f446ce9025d,A112018003,parking,주차대수,parking,,옥내 205 / 옥외 82,,found,BldRgstHubService.getBrTitleInfo,Review. Some address/physical fields may intentionally differ after geocode/API cleanup.
asset_master,review,asset_field_change_candidate,ast_f5fc5bbdb980,A112019001,business_stage,사업단계,business_stage,운영/실물,,,not_checked,,Review. Some address/physical fields may intentionally differ after geocode/API cleanup.
asset_master,review,asset_field_change_candidate,ast_f5fc5bbdb980,A112019001,portfolio_region,투자지역,portfolio_region,유럽,,,not_checked,,Review. Some address/physical fields may intentionally differ after geocode/API cleanup.
asset_master,review,asset_field_change_candidate,ast_f5fc5bbdb980,A112019001,country_code,국내/해외,country_code,OVERSEAS,,,not_checked,,Review. Some address/physical fields may intentionally differ after geocode/API cleanup.
asset_master,review,asset_field_change_candidate,ast_b79d97794e21,A112024001,business_stage,사업단계,business_stage,운영/실물,,,found,BldRgstHubService.getBrTitleInfo,Review. Some address/physical fields may intentionally differ after geocode/API cleanup.
asset_master,review,asset_field_change_candidate,ast_b79d97794e21,A112024001,portfolio_region,투자지역,portfolio_region,대한민국,,,found,BldRgstHubService.getBrTitleInfo,Review. Some address/physical fields may intentionally differ after geocode/API cleanup.
asset_master,review,asset_field_change_candidate,ast_b79d97794e21,A112024001,country_code,국내/해외,country_code,KR,,,found,BldRgstHubService.getBrTitleInfo,Review. Some address/physical fields may intentionally differ after geocode/API cleanup.
asset_master,review,asset_field_change_candidate,ast_b79d97794e21,A112024001,site_area,토지면적(㎡),site_area,,4430,,found,BldRgstHubService.getBrTitleInfo,Physical fields may be API-enriched. Review provenance before overwriting.
asset_master,review,asset_field_change_candidate,ast_b79d97794e21,A112024001,parking,주차대수,parking,,옥내 226 / 옥외 0,,found,BldRgstHubService.getBrTitleInfo,Review. Some address/physical fields may intentionally differ after geocode/API cleanup.
asset_master,review,asset_field_change_candidate,ast_19e5bba5f247,A112025001,canonical_name,자산(건물)명,canonical_name,서영빌딩,서영빌딩 (투자),,found,BldRgstHubService.getBrTitleInfo,Review. Some address/physical fields may intentionally differ after geocode/API cleanup.
asset_master,review,asset_field_change_candidate,ast_19e5bba5f247,A112025001,asset_type,기초자산,asset_type,오피스,,,found,BldRgstHubService.getBrTitleInfo,Review. Some address/physical fields may intentionally differ after geocode/API cleanup.
asset_master,review,asset_field_change_candidate,ast_19e5bba5f247,A112025001,business_stage,사업단계,business_stage,운영/실물,,,found,BldRgstHubService.getBrTitleInfo,Review. Some address/physical fields may intentionally differ after geocode/API cleanup.
asset_master,review,asset_field_change_candidate,ast_19e5bba5f247,A112025001,portfolio_region,투자지역,portfolio_region,대한민국,,,found,BldRgstHubService.getBrTitleInfo,Review. Some address/physical fields may intentionally differ after geocode/API cleanup.
asset_master,review,asset_field_change_candidate,ast_19e5bba5f247,A112025001,site_area,토지면적(㎡),site_area,,1234,,found,BldRgstHubService.getBrTitleInfo,Physical fields may be API-enriched. Review provenance before overwriting.
asset_master,review,asset_field_change_candidate,ast_19e5bba5f247,A112025001,parking,주차대수,parking,,옥내 111 / 옥외 11,,found,BldRgstHubService.getBrTitleInfo,Review. Some address/physical fields may intentionally differ after geocode/API cleanup.
asset_master,review,asset_field_change_candidate,ast_7418f76af537,A112025002,business_stage,사업단계,business_stage,운영/실물,,,found,BldRgstHubService.getBrTitleInfo,Review. Some address/physical fields may intentionally differ after geocode/API cleanup.
asset_master,review,asset_field_change_candidate,ast_7418f76af537,A112025002,portfolio_region,투자지역,portfolio_region,대한민국,,,found,BldRgstHubService.getBrTitleInfo,Review. Some address/physical fields may intentionally differ after geocode/API cleanup.
asset_master,review,asset_field_change_candidate,ast_7418f76af537,A112025002,country_code,국내/해외,country_code,KR,,,found,BldRgstHubService.getBrTitleInfo,Review. Some address/physical fields may intentionally differ after geocode/API cleanup.
asset_master,review,asset_field_change_candidate,ast_7418f76af537,A112025002,site_area,토지면적(㎡),site_area,,1349,,found,BldRgstHubService.getBrTitleInfo,Physical fields may be API-enriched. Review provenance before overwriting.
asset_master,review,asset_field_change_candidate,ast_7418f76af537,A112025002,parking,주차대수,parking,,옥내 85 / 옥외 10,,found,BldRgstHubService.getBrTitleInfo,Review. Some address/physical fields may intentionally differ after geocode/API cleanup.
asset_master,review,asset_field_change_candidate,ast_07e0f0bb366d,A112025003,business_stage,사업단계,business_stage,운영/실물,,,found,BldRgstHubService.getBrTitleInfo,Review. Some address/physical fields may intentionally differ after geocode/API cleanup.
asset_master,review,asset_field_change_candidate,ast_07e0f0bb366d,A112025003,portfolio_region,투자지역,portfolio_region,대한민국,,,found,BldRgstHubService.getBrTitleInfo,Review. Some address/physical fields may intentionally differ after geocode/API cleanup.
asset_master,review,asset_field_change_candidate,ast_07e0f0bb366d,A112025003,country_code,국내/해외,country_code,KR,,,found,BldRgstHubService.getBrTitleInfo,Review. Some address/physical fields may intentionally differ after geocode/API cleanup.
asset_master,review,asset_field_change_candidate,ast_07e0f0bb366d,A112025003,site_area,토지면적(㎡),site_area,,2246,,found,BldRgstHubService.getBrTitleInfo,Physical fields may be API-enriched. Review provenance before overwriting.
asset_master,review,asset_field_change_candidate,ast_07e0f0bb366d,A112025003,parking,주차대수,parking,,옥내 27 / 옥외 0,,found,BldRgstHubService.getBrTitleInfo,Review. Some address/physical fields may intentionally differ after geocode/API cleanup.
asset_master,review,asset_field_change_candidate,ast_47df51a6036d,A112025004,business_stage,사업단계,business_stage,운영/실물,,,pending,,Review. Some address/physical fields may intentionally differ after geocode/API cleanup.
asset_master,review,asset_field_change_candidate,ast_47df51a6036d,A112025004,portfolio_region,투자지역,portfolio_region,대한민국,,,pending,,Review. Some address/physical fields may intentionally differ after geocode/API cleanup.
asset_master,review,asset_field_change_candidate,ast_a69271e859b5,A112026001,business_stage,사업단계,business_stage,운영/실물,,,not_checked,,Review. Some address/physical fields may intentionally differ after geocode/API cleanup.
asset_master,review,asset_field_change_candidate,ast_a69271e859b5,A112026001,portfolio_region,투자지역,portfolio_region,글로벌,,,not_checked,,Review. Some address/physical fields may intentionally differ after geocode/API cleanup.
asset_master,review,asset_field_change_candidate,ast_a69271e859b5,A112026001,country_code,국내/해외,country_code,OVERSEAS,,,not_checked,,Review. Some address/physical fields may intentionally differ after geocode/API cleanup.
asset_master,review,asset_field_change_candidate,ast_855b77ffc374,A112028001,business_stage,사업단계,business_stage,운영/실물,,,found,BldRgstHubService.getBrTitleInfo,Review. Some address/physical fields may intentionally differ after geocode/API cleanup.
asset_master,review,asset_field_change_candidate,ast_855b77ffc374,A112028001,portfolio_region,투자지역,portfolio_region,대한민국,,,found,BldRgstHubService.getBrTitleInfo,Review. Some address/physical fields may intentionally differ after geocode/API cleanup.
asset_master,review,asset_field_change_candidate,ast_855b77ffc374,A112028001,country_code,국내/해외,country_code,KR,,,found,BldRgstHubService.getBrTitleInfo,Review. Some address/physical fields may intentionally differ after geocode/API cleanup.
asset_master,review,asset_field_change_candidate,ast_855b77ffc374,A112028001,site_area,토지면적(㎡),site_area,,2890,,found,BldRgstHubService.getBrTitleInfo,Physical fields may be API-enriched. Review provenance before overwriting.
asset_master,review,asset_field_change_candidate,ast_855b77ffc374,A112028001,parking,주차대수,parking,,옥내 95 / 옥외 0,,found,BldRgstHubService.getBrTitleInfo,Review. Some address/physical fields may intentionally differ after geocode/API cleanup.
asset_master,review,asset_field_change_candidate,ast_99bb7e6dd0fa,A112029001,business_stage,사업단계,business_stage,운영/실물,,,found,BldRgstHubService.getBrTitleInfo,Review. Some address/physical fields may intentionally differ after geocode/API cleanup.
asset_master,review,asset_field_change_candidate,ast_99bb7e6dd0fa,A112029001,portfolio_region,투자지역,portfolio_region,대한민국,,,found,BldRgstHubService.getBrTitleInfo,Review. Some address/physical fields may intentionally differ after geocode/API cleanup.
asset_master,review,asset_field_change_candidate,ast_99bb7e6dd0fa,A112029001,country_code,국내/해외,country_code,KR,,,found,BldRgstHubService.getBrTitleInfo,Review. Some address/physical fields may intentionally differ after geocode/API cleanup.
asset_master,review,asset_field_change_candidate,ast_99bb7e6dd0fa,A112029001,site_area,토지면적(㎡),site_area,,4235,,found,BldRgstHubService.getBrTitleInfo,Physical fields may be API-enriched. Review provenance before overwriting.
asset_master,review,asset_field_change_candidate,ast_99bb7e6dd0fa,A112029001,parking,주차대수,parking,,옥내 148 / 옥외 28,,found,BldRgstHubService.getBrTitleInfo,Review. Some address/physical fields may intentionally differ after geocode/API cleanup.
asset_master,review,asset_field_change_candidate,ast_1c2b0c57e8b7,A112033001,canonical_name,자산(건물)명,canonical_name,대구시티센터,대구시티센터 (투자),,found,BldRgstHubService.getBrTitleInfo,Review. Some address/physical fields may intentionally differ after geocode/API cleanup.
asset_master,review,asset_field_change_candidate,ast_1c2b0c57e8b7,A112033001,business_stage,사업단계,business_stage,운영/실물,,,found,BldRgstHubService.getBrTitleInfo,Review. Some address/physical fields may intentionally differ after geocode/API cleanup.
asset_master,review,asset_field_change_candidate,ast_1c2b0c57e8b7,A112033001,portfolio_region,투자지역,portfolio_region,대한민국,,,found,BldRgstHubService.getBrTitleInfo,Review. Some address/physical fields may intentionally differ after geocode/API cleanup.
asset_master,review,asset_field_change_candidate,ast_1c2b0c57e8b7,A112033001,site_area,토지면적(㎡),site_area,,7616,,found,BldRgstHubService.getBrTitleInfo,Physical fields may be API-enriched. Review provenance before overwriting.
asset_master,review,asset_field_change_candidate,ast_1c2b0c57e8b7,A112033001,parking,주차대수,parking,,옥내 440 / 옥외 0,,found,BldRgstHubService.getBrTitleInfo,Review. Some address/physical fields may intentionally differ after geocode/API cleanup.
asset_master,review,asset_field_change_candidate,ast_dd6e846e65f4,A112034001,address_text,"전체주소(시/도, 구/군 포함)",address_text,제주특별자치도 제주시 연동 274-16 외 2필지,제주특별자치도 제주시 연동 274-16,,found,BldRgstHubService.getBrTitleInfo,Review. Some address/physical fields may intentionally differ after geocode/API cleanup.
asset_master,review,asset_field_change_candidate,ast_dd6e846e65f4,A112034001,business_stage,사업단계,business_stage,운영/실물,,,found,BldRgstHubService.getBrTitleInfo,Review. Some address/physical fields may intentionally differ after geocode/API cleanup.
asset_master,review,asset_field_change_candidate,ast_dd6e846e65f4,A112034001,portfolio_region,투자지역,portfolio_region,대한민국,,,found,BldRgstHubService.getBrTitleInfo,Review. Some address/physical fields may intentionally differ after geocode/API cleanup.
asset_master,review,asset_field_change_candidate,ast_dd6e846e65f4,A112034001,site_area,토지면적(㎡),site_area,,2632,,found,BldRgstHubService.getBrTitleInfo,Physical fields may be API-enriched. Review provenance before overwriting.
asset_master,review,asset_field_change_candidate,ast_dd6e846e65f4,A112034001,parking,주차대수,parking,,옥내 82 / 옥외 4,,found,BldRgstHubService.getBrTitleInfo,Review. Some address/physical fields may intentionally differ after geocode/API cleanup.
asset_master,review,asset_field_change_candidate,ast_bc4589571b0d,A112035001,business_stage,사업단계,business_stage,운영/실물,,,not_checked,,Review. Some address/physical fields may intentionally differ after geocode/API cleanup.
asset_master,review,asset_field_change_candidate,ast_bc4589571b0d,A112035001,portfolio_region,투자지역,portfolio_region,유럽,,,not_checked,,Review. Some address/physical fields may intentionally differ after geocode/API cleanup.
asset_master,review,asset_field_change_candidate,ast_bc4589571b0d,A112035001,country_code,국내/해외,country_code,OVERSEAS,,,not_checked,,Review. Some address/physical fields may intentionally differ after geocode/API cleanup.
asset_master,review,asset_field_change_candidate,ast_40cc5cccfb6c,A112035002,business_stage,사업단계,business_stage,운영/실물,,,not_checked,,Review. Some address/physical fields may intentionally differ after geocode/API cleanup.
asset_master,review,asset_field_change_candidate,ast_40cc5cccfb6c,A112035002,portfolio_region,투자지역,portfolio_region,북미,,,not_checked,,Review. Some address/physical fields may intentionally differ after geocode/API cleanup.
asset_master,review,asset_field_change_candidate,ast_40cc5cccfb6c,A112035002,country_code,국내/해외,country_code,OVERSEAS,,,not_checked,,Review. Some address/physical fields may intentionally differ after geocode/API cleanup.
asset_master,review,asset_field_change_candidate,ast_0546ff4ee9db,A112035003,business_stage,사업단계,business_stage,운영/실물,,,not_checked,,Review. Some address/physical fields may intentionally differ after geocode/API cleanup.
asset_master,review,asset_field_change_candidate,ast_0546ff4ee9db,A112035003,portfolio_region,투자지역,portfolio_region,북미,,,not_checked,,Review. Some address/physical fields may intentionally differ after geocode/API cleanup.
asset_master,review,asset_field_change_candidate,ast_0546ff4ee9db,A112035003,country_code,국내/해외,country_code,OVERSEAS,,,not_checked,,Review. Some address/physical fields may intentionally differ after geocode/API cleanup.
asset_master,review,asset_field_change_candidate,ast_39ccf4397829,A112036001,business_stage,사업단계,business_stage,운영/실물,,,not_checked,,Review. Some address/physical fields may intentionally differ after geocode/API cleanup.
asset_master,review,asset_field_change_candidate,ast_39ccf4397829,A112036001,portfolio_region,투자지역,portfolio_region,유럽,,,not_checked,,Review. Some address/physical fields may intentionally differ after geocode/API cleanup.
asset_master,review,asset_field_change_candidate,ast_39ccf4397829,A112036001,country_code,국내/해외,country_code,OVERSEAS,,,not_checked,,Review. Some address/physical fields may intentionally differ after geocode/API cleanup.
asset_master,review,asset_field_change_candidate,ast_a838dff2176d,A112036002,canonical_name,자산(건물)명,canonical_name,Bell 본사(몬트리올) 대출,Bell 본사(몬트리올) (대출),,not_checked,,Review. Some address/physical fields may intentionally differ after geocode/API cleanup.
asset_master,review,asset_field_change_candidate,ast_a838dff2176d,A112036002,business_stage,사업단계,business_stage,운영/실물,,,not_checked,,Review. Some address/physical fields may intentionally differ after geocode/API cleanup.
asset_master,review,asset_field_change_candidate,ast_a838dff2176d,A112036002,portfolio_region,투자지역,portfolio_region,북미,,,not_checked,,Review. Some address/physical fields may intentionally differ after geocode/API cleanup.
asset_master,review,asset_field_change_candidate,ast_a838dff2176d,A112036002,country_code,국내/해외,country_code,OVERSEAS,,,not_checked,,Review. Some address/physical fields may intentionally differ after geocode/API cleanup.
asset_master,review,asset_field_change_candidate,ast_a838dff2176d,A112036002,parking,주차대수,parking,2164,,,not_checked,,Review. Some address/physical fields may intentionally differ after geocode/API cleanup.
asset_master,review,asset_field_change_candidate,ast_5a6aabdecd80,A112036003,canonical_name,자산(건물)명,canonical_name,OJP사옥(워싱턴) 대출,OJP사옥(워싱턴) (대출),,not_checked,,Review. Some address/physical fields may intentionally differ after geocode/API cleanup.
asset_master,review,asset_field_change_candidate,ast_5a6aabdecd80,A112036003,business_stage,사업단계,business_stage,운영/실물,,,not_checked,,Review. Some address/physical fields may intentionally differ after geocode/API cleanup.
asset_master,review,asset_field_change_candidate,ast_5a6aabdecd80,A112036003,portfolio_region,투자지역,portfolio_region,북미,,,not_checked,,Review. Some address/physical fields may intentionally differ after geocode/API cleanup.
asset_master,review,asset_field_change_candidate,ast_5a6aabdecd80,A112036003,country_code,국내/해외,country_code,OVERSEAS,,,not_checked,,Review. Some address/physical fields may intentionally differ after geocode/API cleanup.
asset_master,review,asset_field_change_candidate,ast_5a6aabdecd80,A112036003,parking,주차대수,parking,230,,,not_checked,,Review. Some address/physical fields may intentionally differ after geocode/API cleanup.
asset_master,review,asset_field_change_candidate,ast_e0a9abed71bf,A112037001,business_stage,사업단계,business_stage,개발,,,not_checked,,Review. Some address/physical fields may intentionally differ after geocode/API cleanup.
asset_master,review,asset_field_change_candidate,ast_e0a9abed71bf,A112037001,portfolio_region,투자지역,portfolio_region,대한민국,,,not_checked,,Review. Some address/physical fields may intentionally differ after geocode/API cleanup.
asset_master,review,asset_field_change_candidate,ast_e0a9abed71bf,A112037001,country_code,국내/해외,country_code,KR,,,not_checked,,Review. Some address/physical fields may intentionally differ after geocode/API cleanup.
asset_master,review,asset_field_change_candidate,ast_3e4a7ba7841a,A112038001,business_stage,사업단계,business_stage,운영/실물,,,found,BldRgstHubService.getBrTitleInfo,Review. Some address/physical fields may intentionally differ after geocode/API cleanup.
asset_master,review,asset_field_change_candidate,ast_3e4a7ba7841a,A112038001,portfolio_region,투자지역,portfolio_region,대한민국,,,found,BldRgstHubService.getBrTitleInfo,Review. Some address/physical fields may intentionally differ after geocode/API cleanup.
asset_master,review,asset_field_change_candidate,ast_3e4a7ba7841a,A112038001,country_code,국내/해외,country_code,KR,,,found,BldRgstHubService.getBrTitleInfo,Review. Some address/physical fields may intentionally differ after geocode/API cleanup.
asset_master,review,asset_field_change_candidate,ast_3e4a7ba7841a,A112038001,site_area,토지면적(㎡),site_area,,8267,,found,BldRgstHubService.getBrTitleInfo,Physical fields may be API-enriched. Review provenance before overwriting.
asset_master,review,asset_field_change_candidate,ast_3e4a7ba7841a,A112038001,parking,주차대수,parking,,옥내 334 / 옥외 4,,found,BldRgstHubService.getBrTitleInfo,Review. Some address/physical fields may intentionally differ after geocode/API cleanup.
asset_master,review,asset_field_change_candidate,ast_a60a75cb3e01,A112039001,business_stage,사업단계,business_stage,운영/실물,,,found,BldRgstHubService.getBrTitleInfo,Review. Some address/physical fields may intentionally differ after geocode/API cleanup.
asset_master,review,asset_field_change_candidate,ast_a60a75cb3e01,A112039001,portfolio_region,투자지역,portfolio_region,대한민국,,,found,BldRgstHubService.getBrTitleInfo,Review. Some address/physical fields may intentionally differ after geocode/API cleanup.
asset_master,review,asset_field_change_candidate,ast_a60a75cb3e01,A112039001,country_code,국내/해외,country_code,KR,,,found,BldRgstHubService.getBrTitleInfo,Review. Some address/physical fields may intentionally differ after geocode/API cleanup.
asset_master,review,asset_field_change_candidate,ast_a60a75cb3e01,A112039001,site_area,토지면적(㎡),site_area,1271,4200,-2929,found,BldRgstHubService.getBrTitleInfo,Physical fields may be API-enriched. Review provenance before overwriting.
asset_master,review,asset_field_change_candidate,ast_a60a75cb3e01,A112039001,parking,주차대수,parking,170,옥내 170 / 옥외 0,,found,BldRgstHubService.getBrTitleInfo,Review. Some address/physical fields may intentionally differ after geocode/API cleanup.
asset_master,review,asset_field_change_candidate,ast_1ce55ba1b6ee,A112041001,business_stage,사업단계,business_stage,운영/실물,,,not_checked,,Review. Some address/physical fields may intentionally differ after geocode/API cleanup.
asset_master,review,asset_field_change_candidate,ast_1ce55ba1b6ee,A112041001,portfolio_region,투자지역,portfolio_region,유럽,,,not_checked,,Review. Some address/physical fields may intentionally differ after geocode/API cleanup.
asset_master,review,asset_field_change_candidate,ast_1ce55ba1b6ee,A112041001,country_code,국내/해외,country_code,OVERSEAS,,,not_checked,,Review. Some address/physical fields may intentionally differ after geocode/API cleanup.
asset_master,review,asset_field_change_candidate,ast_8237a62aef6a,A112042001,business_stage,사업단계,business_stage,운영/실물,,,not_checked,,Review. Some address/physical fields may intentionally differ after geocode/API cleanup.
asset_master,review,asset_field_change_candidate,ast_8237a62aef6a,A112042001,portfolio_region,투자지역,portfolio_region,대한민국,,,not_checked,,Review. Some address/physical fields may intentionally differ after geocode/API cleanup.
asset_master,review,asset_field_change_candidate,ast_a71132d3cc09,A112043001,business_stage,사업단계,business_stage,운영/실물,,,not_checked,,Review. Some address/physical fields may intentionally differ after geocode/API cleanup.
asset_master,review,asset_field_change_candidate,ast_a71132d3cc09,A112043001,portfolio_region,투자지역,portfolio_region,대한민국,,,not_checked,,Review. Some address/physical fields may intentionally differ after geocode/API cleanup.
asset_master,review,asset_field_change_candidate,ast_a71132d3cc09,A112043001,country_code,국내/해외,country_code,KR,,,not_checked,,Review. Some address/physical fields may intentionally differ after geocode/API cleanup.
asset_master,review,asset_field_change_candidate,ast_9fb48d4d8ce0,A112045001,business_stage,사업단계,business_stage,운영/실물,,,found,BldRgstHubService.getBrTitleInfo,Review. Some address/physical fields may intentionally differ after geocode/API cleanup.
asset_master,review,asset_field_change_candidate,ast_9fb48d4d8ce0,A112045001,portfolio_region,투자지역,portfolio_region,대한민국,,,found,BldRgstHubService.getBrTitleInfo,Review. Some address/physical fields may intentionally differ after geocode/API cleanup.
asset_master,review,asset_field_change_candidate,ast_9fb48d4d8ce0,A112045001,country_code,국내/해외,country_code,KR,,,found,BldRgstHubService.getBrTitleInfo,Review. Some address/physical fields may intentionally differ after geocode/API cleanup.
asset_master,review,asset_field_change_candidate,ast_9fb48d4d8ce0,A112045001,site_area,토지면적(㎡),site_area,,2335,,found,BldRgstHubService.getBrTitleInfo,Physical fields may be API-enriched. Review provenance before overwriting.
asset_master,review,asset_field_change_candidate,ast_9fb48d4d8ce0,A112045001,parking,주차대수,parking,,옥내 91 / 옥외 0,,found,BldRgstHubService.getBrTitleInfo,Review. Some address/physical fields may intentionally differ after geocode/API cleanup.
asset_master,review,asset_field_change_candidate,ast_230b908af3f7,A112046001,business_stage,사업단계,business_stage,운영/실물,,,not_checked,,Review. Some address/physical fields may intentionally differ after geocode/API cleanup.
asset_master,review,asset_field_change_candidate,ast_230b908af3f7,A112046001,portfolio_region,투자지역,portfolio_region,유럽,,,not_checked,,Review. Some address/physical fields may intentionally differ after geocode/API cleanup.
asset_master,review,asset_field_change_candidate,ast_230b908af3f7,A112046001,country_code,국내/해외,country_code,OVERSEAS,,,not_checked,,Review. Some address/physical fields may intentionally differ after geocode/API cleanup.
asset_master,review,asset_field_change_candidate,ast_e2fd03212beb,A112047001,canonical_name,자산(건물)명,canonical_name,남악신도시 복합쇼핑몰,남악신도시 복합쇼핑몰 (투자),,found,BldRgstHubService.getBrTitleInfo,Review. Some address/physical fields may intentionally differ after geocode/API cleanup.
asset_master,review,asset_field_change_candidate,ast_e2fd03212beb,A112047001,asset_type,기초자산,asset_type,오피스복합,,,found,BldRgstHubService.getBrTitleInfo,Review. Some address/physical fields may intentionally differ after geocode/API cleanup.
asset_master,review,asset_field_change_candidate,ast_e2fd03212beb,A112047001,business_stage,사업단계,business_stage,운영/실물,,,found,BldRgstHubService.getBrTitleInfo,Review. Some address/physical fields may intentionally differ after geocode/API cleanup.
asset_master,review,asset_field_change_candidate,ast_e2fd03212beb,A112047001,portfolio_region,투자지역,portfolio_region,대한민국,,,found,BldRgstHubService.getBrTitleInfo,Review. Some address/physical fields may intentionally differ after geocode/API cleanup.
asset_master,review,asset_field_change_candidate,ast_e2fd03212beb,A112047001,site_area,토지면적(㎡),site_area,,64923,,found,BldRgstHubService.getBrTitleInfo,Physical fields may be API-enriched. Review provenance before overwriting.
asset_master,review,asset_field_change_candidate,ast_e2fd03212beb,A112047001,parking,주차대수,parking,,옥내 0 / 옥외 1010,,found,BldRgstHubService.getBrTitleInfo,Review. Some address/physical fields may intentionally differ after geocode/API cleanup.
asset_master,review,asset_field_change_candidate,ast_39df6f35071a,A112048001,business_stage,사업단계,business_stage,운영/실물,,,found,BldRgstHubService.getBrTitleInfo,Review. Some address/physical fields may intentionally differ after geocode/API cleanup.
asset_master,review,asset_field_change_candidate,ast_39df6f35071a,A112048001,portfolio_region,투자지역,portfolio_region,대한민국,,,found,BldRgstHubService.getBrTitleInfo,Review. Some address/physical fields may intentionally differ after geocode/API cleanup.
asset_master,review,asset_field_change_candidate,ast_39df6f35071a,A112048001,site_area,토지면적(㎡),site_area,,2776,,found,BldRgstHubService.getBrTitleInfo,Physical fields may be API-enriched. Review provenance before overwriting.
asset_master,review,asset_field_change_candidate,ast_39df6f35071a,A112048001,parking,주차대수,parking,,옥내 112 / 옥외 0,,found,BldRgstHubService.getBrTitleInfo,Review. Some address/physical fields may intentionally differ after geocode/API cleanup.
asset_master,review,asset_field_change_candidate,ast_5524410f1c09,A112049000,business_stage,사업단계,business_stage,운영/실물,,,not_checked,,Review. Some address/physical fields may intentionally differ after geocode/API cleanup.
asset_master,review,asset_field_change_candidate,ast_5524410f1c09,A112049000,portfolio_region,투자지역,portfolio_region,북미,,,not_checked,,Review. Some address/physical fields may intentionally differ after geocode/API cleanup.
asset_master,review,asset_field_change_candidate,ast_5524410f1c09,A112049000,country_code,국내/해외,country_code,OVERSEAS,,,not_checked,,Review. Some address/physical fields may intentionally differ after geocode/API cleanup.
asset_master,review,asset_field_change_candidate,ast_5524410f1c09,A112049000,parking,주차대수,parking,2459,,,not_checked,,Review. Some address/physical fields may intentionally differ after geocode/API cleanup.
asset_master,review,asset_field_change_candidate,ast_2dabc46c306b,A112049001,business_stage,사업단계,business_stage,운영/실물,,,not_checked,,Review. Some address/physical fields may intentionally differ after geocode/API cleanup.
asset_master,review,asset_field_change_candidate,ast_2dabc46c306b,A112049001,portfolio_region,투자지역,portfolio_region,북미,,,not_checked,,Review. Some address/physical fields may intentionally differ after geocode/API cleanup.
asset_master,review,asset_field_change_candidate,ast_2dabc46c306b,A112049001,country_code,국내/해외,country_code,OVERSEAS,,,not_checked,,Review. Some address/physical fields may intentionally differ after geocode/API cleanup.
asset_master,review,asset_field_change_candidate,ast_6459d1f7f3f6,A112049002,business_stage,사업단계,business_stage,운영/실물,,,not_checked,,Review. Some address/physical fields may intentionally differ after geocode/API cleanup.
asset_master,review,asset_field_change_candidate,ast_6459d1f7f3f6,A112049002,portfolio_region,투자지역,portfolio_region,북미,,,not_checked,,Review. Some address/physical fields may intentionally differ after geocode/API cleanup.
asset_master,review,asset_field_change_candidate,ast_6459d1f7f3f6,A112049002,country_code,국내/해외,country_code,OVERSEAS,,,not_checked,,Review. Some address/physical fields may intentionally differ after geocode/API cleanup.
asset_master,review,asset_field_change_candidate,ast_d0735c2d17ab,A112049003,business_stage,사업단계,business_stage,운영/실물,,,not_checked,,Review. Some address/physical fields may intentionally differ after geocode/API cleanup.
asset_master,review,asset_field_change_candidate,ast_d0735c2d17ab,A112049003,portfolio_region,투자지역,portfolio_region,북미,,,not_checked,,Review. Some address/physical fields may intentionally differ after geocode/API cleanup.
asset_master,review,asset_field_change_candidate,ast_d0735c2d17ab,A112049003,country_code,국내/해외,country_code,OVERSEAS,,,not_checked,,Review. Some address/physical fields may intentionally differ after geocode/API cleanup.
asset_master,review,asset_field_change_candidate,ast_2b86e2fb0350,A112050001,business_stage,사업단계,business_stage,운영/실물,,,not_checked,,Review. Some address/physical fields may intentionally differ after geocode/API cleanup.
asset_master,review,asset_field_change_candidate,ast_2b86e2fb0350,A112050001,portfolio_region,투자지역,portfolio_region,유럽,,,not_checked,,Review. Some address/physical fields may intentionally differ after geocode/API cleanup.
asset_master,review,asset_field_change_candidate,ast_2b86e2fb0350,A112050001,country_code,국내/해외,country_code,OVERSEAS,,,not_checked,,Review. Some address/physical fields may intentionally differ after geocode/API cleanup.
asset_master,review,asset_field_change_candidate,ast_b15d07c78d56,A112051001,business_stage,사업단계,business_stage,운영/실물,,,not_checked,,Review. Some address/physical fields may intentionally differ after geocode/API cleanup.
asset_master,review,asset_field_change_candidate,ast_b15d07c78d56,A112051001,portfolio_region,투자지역,portfolio_region,유럽,,,not_checked,,Review. Some address/physical fields may intentionally differ after geocode/API cleanup.
asset_master,review,asset_field_change_candidate,ast_b15d07c78d56,A112051001,country_code,국내/해외,country_code,OVERSEAS,,,not_checked,,Review. Some address/physical fields may intentionally differ after geocode/API cleanup.
asset_master,review,asset_field_change_candidate,ast_f11894da692a,A112052001,business_stage,사업단계,business_stage,운영/실물,,,found,BldRgstHubService.getBrTitleInfo,Review. Some address/physical fields may intentionally differ after geocode/API cleanup.
asset_master,review,asset_field_change_candidate,ast_f11894da692a,A112052001,portfolio_region,투자지역,portfolio_region,대한민국,,,found,BldRgstHubService.getBrTitleInfo,Review. Some address/physical fields may intentionally differ after geocode/API cleanup.
asset_master,review,asset_field_change_candidate,ast_f11894da692a,A112052001,country_code,국내/해외,country_code,KR,,,found,BldRgstHubService.getBrTitleInfo,Review. Some address/physical fields may intentionally differ after geocode/API cleanup.
asset_master,review,asset_field_change_candidate,ast_f11894da692a,A112052001,site_area,토지면적(㎡),site_area,,2954,,found,BldRgstHubService.getBrTitleInfo,Physical fields may be API-enriched. Review provenance before overwriting.
asset_master,review,asset_field_change_candidate,ast_f11894da692a,A112052001,parking,주차대수,parking,,옥내 269 / 옥외 0,,found,BldRgstHubService.getBrTitleInfo,Review. Some address/physical fields may intentionally differ after geocode/API cleanup.
asset_master,review,asset_field_change_candidate,ast_16a56a088f89,A112053001,business_stage,사업단계,business_stage,운영/실물,,,found,BldRgstHubService.getBrTitleInfo,Review. Some address/physical fields may intentionally differ after geocode/API cleanup.
asset_master,review,asset_field_change_candidate,ast_16a56a088f89,A112053001,portfolio_region,투자지역,portfolio_region,대한민국,,,found,BldRgstHubService.getBrTitleInfo,Review. Some address/physical fields may intentionally differ after geocode/API cleanup.
asset_master,review,asset_field_change_candidate,ast_16a56a088f89,A112053001,country_code,국내/해외,country_code,KR,,,found,BldRgstHubService.getBrTitleInfo,Review. Some address/physical fields may intentionally differ after geocode/API cleanup.
asset_master,review,asset_field_change_candidate,ast_16a56a088f89,A112053001,gross_floor_area,연면적(m²),gross_floor_area,,32055,,found,BldRgstHubService.getBrTitleInfo,Physical fields may be API-enriched. Review provenance before overwriting.
asset_master,review,asset_field_change_candidate,ast_16a56a088f89,A112053001,site_area,토지면적(㎡),site_area,,2525,,found,BldRgstHubService.getBrTitleInfo,Physical fields may be API-enriched. Review provenance before overwriting.
asset_master,review,asset_field_change_candidate,ast_16a56a088f89,A112053001,parking,주차대수,parking,,옥내 305 / 옥외 0,,found,BldRgstHubService.getBrTitleInfo,Review. Some address/physical fields may intentionally differ after geocode/API cleanup.
asset_master,review,asset_field_change_candidate,ast_7de62416869e,A112054001,business_stage,사업단계,business_stage,운영/실물,,,found,BldRgstHubService.getBrTitleInfo,Review. Some address/physical fields may intentionally differ after geocode/API cleanup.
asset_master,review,asset_field_change_candidate,ast_7de62416869e,A112054001,portfolio_region,투자지역,portfolio_region,대한민국,,,found,BldRgstHubService.getBrTitleInfo,Review. Some address/physical fields may intentionally differ after geocode/API cleanup.
asset_master,review,asset_field_change_candidate,ast_7de62416869e,A112054001,site_area,토지면적(㎡),site_area,,33140,,found,BldRgstHubService.getBrTitleInfo,Physical fields may be API-enriched. Review provenance before overwriting.
asset_master,review,asset_field_change_candidate,ast_7de62416869e,A112054001,parking,주차대수,parking,,옥내 689 / 옥외 144,,found,BldRgstHubService.getBrTitleInfo,Review. Some address/physical fields may intentionally differ after geocode/API cleanup.
asset_master,review,asset_field_change_candidate,ast_8f63f7ec9170,A112054002,canonical_name,자산(건물)명,canonical_name,롯데마트(제주),이지스리테일제55호사모부동산투자유한회사,,found,BldRgstHubService.getBrTitleInfo,Review. Some address/physical fields may intentionally differ after geocode/API cleanup.
asset_master,review,asset_field_change_candidate,ast_8f63f7ec9170,A112054002,address_text,"전체주소(시/도, 구/군 포함)",address_text,제주시 노형동 708,제주특별자치도 제주시 노형동 708,,found,BldRgstHubService.getBrTitleInfo,Review. Some address/physical fields may intentionally differ after geocode/API cleanup.
asset_master,review,asset_field_change_candidate,ast_8f63f7ec9170,A112054002,asset_type,기초자산,asset_type,리테일,,,found,BldRgstHubService.getBrTitleInfo,Review. Some address/physical fields may intentionally differ after geocode/API cleanup.
asset_master,review,asset_field_change_candidate,ast_8f63f7ec9170,A112054002,business_stage,사업단계,business_stage,운영/실물,,,found,BldRgstHubService.getBrTitleInfo,Review. Some address/physical fields may intentionally differ after geocode/API cleanup.
asset_master,review,asset_field_change_candidate,ast_8f63f7ec9170,A112054002,portfolio_region,투자지역,portfolio_region,대한민국,,,found,BldRgstHubService.getBrTitleInfo,Review. Some address/physical fields may intentionally differ after geocode/API cleanup.
asset_master,review,asset_field_change_candidate,ast_8f63f7ec9170,A112054002,site_area,토지면적(㎡),site_area,,4365,,found,BldRgstHubService.getBrTitleInfo,Physical fields may be API-enriched. Review provenance before overwriting.
asset_master,review,asset_field_change_candidate,ast_8f63f7ec9170,A112054002,parking,주차대수,parking,,옥내 173 / 옥외 0,,found,BldRgstHubService.getBrTitleInfo,Review. Some address/physical fields may intentionally differ after geocode/API cleanup.
asset_master,review,asset_field_change_candidate,ast_44e362fded27,A112054003,canonical_name,자산(건물)명,canonical_name,롯데팩토리아울렛(인천),이지스리테일제55호사모부동산투자유한회사,,found,BldRgstHubService.getBrTitleInfo,Review. Some address/physical fields may intentionally differ after geocode/API cleanup.
asset_master,review,asset_field_change_candidate,ast_44e362fded27,A112054003,address_text,"전체주소(시/도, 구/군 포함)",address_text,인천시 중구 항동7가 76-2,인천광역시 중구 항동7가 76-2,,found,BldRgstHubService.getBrTitleInfo,Review. Some address/physical fields may intentionally differ after geocode/API cleanup.
asset_master,review,asset_field_change_candidate,ast_44e362fded27,A112054003,asset_type,기초자산,asset_type,리테일,,,found,BldRgstHubService.getBrTitleInfo,Review. Some address/physical fields may intentionally differ after geocode/API cleanup.
asset_master,review,asset_field_change_candidate,ast_44e362fded27,A112054003,business_stage,사업단계,business_stage,운영/실물,,,found,BldRgstHubService.getBrTitleInfo,Review. Some address/physical fields may intentionally differ after geocode/API cleanup.
asset_master,review,asset_field_change_candidate,ast_44e362fded27,A112054003,portfolio_region,투자지역,portfolio_region,대한민국,,,found,BldRgstHubService.getBrTitleInfo,Review. Some address/physical fields may intentionally differ after geocode/API cleanup.
asset_master,review,asset_field_change_candidate,ast_44e362fded27,A112054003,site_area,토지면적(㎡),site_area,,20486,,found,BldRgstHubService.getBrTitleInfo,Physical fields may be API-enriched. Review provenance before overwriting.
asset_master,review,asset_field_change_candidate,ast_44e362fded27,A112054003,parking,주차대수,parking,,옥내 625 / 옥외 7,,found,BldRgstHubService.getBrTitleInfo,Review. Some address/physical fields may intentionally differ after geocode/API cleanup.
asset_master,review,asset_field_change_candidate,ast_30a89c098710,A112055001,business_stage,사업단계,business_stage,운영/실물,,,found,BldRgstHubService.getBrTitleInfo,Review. Some address/physical fields may intentionally differ after geocode/API cleanup.
asset_master,review,asset_field_change_candidate,ast_30a89c098710,A112055001,portfolio_region,투자지역,portfolio_region,대한민국,,,found,BldRgstHubService.getBrTitleInfo,Review. Some address/physical fields may intentionally differ after geocode/API cleanup.
asset_master,review,asset_field_change_candidate,ast_30a89c098710,A112055001,site_area,토지면적(㎡),site_area,,1388,,found,BldRgstHubService.getBrTitleInfo,Physical fields may be API-enriched. Review provenance before overwriting.
asset_master,review,asset_field_change_candidate,ast_30a89c098710,A112055001,parking,주차대수,parking,,옥내 117 / 옥외 0,,found,BldRgstHubService.getBrTitleInfo,Review. Some address/physical fields may intentionally differ after geocode/API cleanup.
asset_master,review,asset_field_change_candidate,ast_2599313d9083,A112056001,canonical_name,자산(건물)명,canonical_name,롯데마트(포항),롯데마트(포항) (투자),,found,BldRgstHubService.getBrTitleInfo,Review. Some address/physical fields may intentionally differ after geocode/API cleanup.
asset_master,review,asset_field_change_candidate,ast_2599313d9083,A112056001,asset_type,기초자산,asset_type,리테일,,,found,BldRgstHubService.getBrTitleInfo,Review. Some address/physical fields may intentionally differ after geocode/API cleanup.
asset_master,review,asset_field_change_candidate,ast_2599313d9083,A112056001,business_stage,사업단계,business_stage,운영/실물,,,found,BldRgstHubService.getBrTitleInfo,Review. Some address/physical fields may intentionally differ after geocode/API cleanup.
asset_master,review,asset_field_change_candidate,ast_2599313d9083,A112056001,portfolio_region,투자지역,portfolio_region,대한민국,,,found,BldRgstHubService.getBrTitleInfo,Review. Some address/physical fields may intentionally differ after geocode/API cleanup.
asset_master,review,asset_field_change_candidate,ast_2599313d9083,A112056001,site_area,토지면적(㎡),site_area,,9668,,found,BldRgstHubService.getBrTitleInfo,Physical fields may be API-enriched. Review provenance before overwriting.
asset_master,review,asset_field_change_candidate,ast_2599313d9083,A112056001,parking,주차대수,parking,,옥내 0 / 옥외 72,,found,BldRgstHubService.getBrTitleInfo,Review. Some address/physical fields may intentionally differ after geocode/API cleanup.
asset_master,review,asset_field_change_candidate,ast_699a38d90c72,A112057001,business_stage,사업단계,business_stage,운영/실물,,,not_checked,,Review. Some address/physical fields may intentionally differ after geocode/API cleanup.
asset_master,review,asset_field_change_candidate,ast_699a38d90c72,A112057001,portfolio_region,투자지역,portfolio_region,글로벌,,,not_checked,,Review. Some address/physical fields may intentionally differ after geocode/API cleanup.
asset_master,review,asset_field_change_candidate,ast_699a38d90c72,A112057001,country_code,국내/해외,country_code,OVERSEAS,,,not_checked,,Review. Some address/physical fields may intentionally differ after geocode/API cleanup.
asset_master,review,asset_field_change_candidate,ast_ebd723e072c4,A112058001,business_stage,사업단계,business_stage,운영/실물,,,not_checked,,Review. Some address/physical fields may intentionally differ after geocode/API cleanup.
asset_master,review,asset_field_change_candidate,ast_ebd723e072c4,A112058001,portfolio_region,투자지역,portfolio_region,유럽,,,not_checked,,Review. Some address/physical fields may intentionally differ after geocode/API cleanup.
asset_master,review,asset_field_change_candidate,ast_ebd723e072c4,A112058001,country_code,국내/해외,country_code,OVERSEAS,,,not_checked,,Review. Some address/physical fields may intentionally differ after geocode/API cleanup.
asset_master,review,asset_field_change_candidate,ast_97638ebe48e2,A112059001,business_stage,사업단계,business_stage,운영/실물,,,found,BldRgstHubService.getBrTitleInfo,Review. Some address/physical fields may intentionally differ after geocode/API cleanup.
asset_master,review,asset_field_change_candidate,ast_97638ebe48e2,A112059001,portfolio_region,투자지역,portfolio_region,대한민국,,,found,BldRgstHubService.getBrTitleInfo,Review. Some address/physical fields may intentionally differ after geocode/API cleanup.
asset_master,review,asset_field_change_candidate,ast_97638ebe48e2,A112059001,country_code,국내/해외,country_code,KR,,,found,BldRgstHubService.getBrTitleInfo,Review. Some address/physical fields may intentionally differ after geocode/API cleanup.
asset_master,review,asset_field_change_candidate,ast_97638ebe48e2,A112059001,site_area,토지면적(㎡),site_area,,5275,,found,BldRgstHubService.getBrTitleInfo,Physical fields may be API-enriched. Review provenance before overwriting.
asset_master,review,asset_field_change_candidate,ast_97638ebe48e2,A112059001,parking,주차대수,parking,,옥내 309 / 옥외 4,,found,BldRgstHubService.getBrTitleInfo,Review. Some address/physical fields may intentionally differ after geocode/API cleanup.
asset_master,review,asset_field_change_candidate,ast_7a41b6b1cb32,A112063001,business_stage,사업단계,business_stage,운영/실물,,,not_checked,,Review. Some address/physical fields may intentionally differ after geocode/API cleanup.
asset_master,review,asset_field_change_candidate,ast_7a41b6b1cb32,A112063001,portfolio_region,투자지역,portfolio_region,북미,,,not_checked,,Review. Some address/physical fields may intentionally differ after geocode/API cleanup.
asset_master,review,asset_field_change_candidate,ast_7a41b6b1cb32,A112063001,country_code,국내/해외,country_code,OVERSEAS,,,not_checked,,Review. Some address/physical fields may intentionally differ after geocode/API cleanup.
asset_master,review,asset_field_change_candidate,ast_7cf20a80bc30,A112064001,business_stage,사업단계,business_stage,운영/실물,,,found,BldRgstHubService.getBrTitleInfo,Review. Some address/physical fields may intentionally differ after geocode/API cleanup.
asset_master,review,asset_field_change_candidate,ast_7cf20a80bc30,A112064001,portfolio_region,투자지역,portfolio_region,대한민국,,,found,BldRgstHubService.getBrTitleInfo,Review. Some address/physical fields may intentionally differ after geocode/API cleanup.
asset_master,review,asset_field_change_candidate,ast_7cf20a80bc30,A112064001,site_area,토지면적(㎡),site_area,,1503,,found,BldRgstHubService.getBrTitleInfo,Physical fields may be API-enriched. Review provenance before overwriting.
asset_master,review,asset_field_change_candidate,ast_7cf20a80bc30,A112064001,parking,주차대수,parking,,옥내 1 / 옥외 0,,found,BldRgstHubService.getBrTitleInfo,Review. Some address/physical fields may intentionally differ after geocode/API cleanup.
asset_master,review,asset_field_change_candidate,ast_9fa9d0943be6,A112065001,business_stage,사업단계,business_stage,운영/실물,,,not_checked,,Review. Some address/physical fields may intentionally differ after geocode/API cleanup.
asset_master,review,asset_field_change_candidate,ast_9fa9d0943be6,A112065001,portfolio_region,투자지역,portfolio_region,북미,,,not_checked,,Review. Some address/physical fields may intentionally differ after geocode/API cleanup.
asset_master,review,asset_field_change_candidate,ast_9fa9d0943be6,A112065001,country_code,국내/해외,country_code,OVERSEAS,,,not_checked,,Review. Some address/physical fields may intentionally differ after geocode/API cleanup.
asset_master,review,asset_field_change_candidate,ast_9fa9d0943be6,A112065001,parking,주차대수,parking,996,,,not_checked,,Review. Some address/physical fields may intentionally differ after geocode/API cleanup.
asset_master,review,asset_field_change_candidate,ast_814387955675,A112066001,business_stage,사업단계,business_stage,운영/실물,,,not_checked,,Review. Some address/physical fields may intentionally differ after geocode/API cleanup.
asset_master,review,asset_field_change_candidate,ast_814387955675,A112066001,portfolio_region,투자지역,portfolio_region,대한민국,,,not_checked,,Review. Some address/physical fields may intentionally differ after geocode/API cleanup.
asset_master,review,asset_field_change_candidate,ast_e342ebe1ccdf,A112067001,business_stage,사업단계,business_stage,운영/실물,,,not_checked,,Review. Some address/physical fields may intentionally differ after geocode/API cleanup.
asset_master,review,asset_field_change_candidate,ast_e342ebe1ccdf,A112067001,portfolio_region,투자지역,portfolio_region,북미,,,not_checked,,Review. Some address/physical fields may intentionally differ after geocode/API cleanup.
asset_master,review,asset_field_change_candidate,ast_e342ebe1ccdf,A112067001,country_code,국내/해외,country_code,OVERSEAS,,,not_checked,,Review. Some address/physical fields may intentionally differ after geocode/API cleanup.
asset_master,review,asset_field_change_candidate,ast_953c098ae44b,A112068001,business_stage,사업단계,business_stage,운영/실물,,,not_checked,,Review. Some address/physical fields may intentionally differ after geocode/API cleanup.
asset_master,review,asset_field_change_candidate,ast_953c098ae44b,A112068001,portfolio_region,투자지역,portfolio_region,북미,,,not_checked,,Review. Some address/physical fields may intentionally differ after geocode/API cleanup.
asset_master,review,asset_field_change_candidate,ast_953c098ae44b,A112068001,country_code,국내/해외,country_code,OVERSEAS,,,not_checked,,Review. Some address/physical fields may intentionally differ after geocode/API cleanup.
asset_master,review,asset_field_change_candidate,ast_953c098ae44b,A112068001,parking,주차대수,parking,80,,,not_checked,,Review. Some address/physical fields may intentionally differ after geocode/API cleanup.
asset_master,review,asset_field_change_candidate,ast_20f01c104a7a,A112071001,business_stage,사업단계,business_stage,운영/실물,,,found,BldRgstHubService.getBrTitleInfo,Review. Some address/physical fields may intentionally differ after geocode/API cleanup.
asset_master,review,asset_field_change_candidate,ast_20f01c104a7a,A112071001,portfolio_region,투자지역,portfolio_region,대한민국,,,found,BldRgstHubService.getBrTitleInfo,Review. Some address/physical fields may intentionally differ after geocode/API cleanup.
asset_master,review,asset_field_change_candidate,ast_20f01c104a7a,A112071001,site_area,토지면적(㎡),site_area,,5008,,found,BldRgstHubService.getBrTitleInfo,Physical fields may be API-enriched. Review provenance before overwriting.
asset_master,review,asset_field_change_candidate,ast_20f01c104a7a,A112071001,parking,주차대수,parking,,옥내 271 / 옥외 2,,found,BldRgstHubService.getBrTitleInfo,Review. Some address/physical fields may intentionally differ after geocode/API cleanup.
asset_master,review,asset_field_change_candidate,ast_9b78a5e73c6b,A112072001,business_stage,사업단계,business_stage,운영/실물,,,not_checked,,Review. Some address/physical fields may intentionally differ after geocode/API cleanup.
asset_master,review,asset_field_change_candidate,ast_9b78a5e73c6b,A112072001,portfolio_region,투자지역,portfolio_region,유럽,,,not_checked,,Review. Some address/physical fields may intentionally differ after geocode/API cleanup.
asset_master,review,asset_field_change_candidate,ast_9b78a5e73c6b,A112072001,country_code,국내/해외,country_code,OVERSEAS,,,not_checked,,Review. Some address/physical fields may intentionally differ after geocode/API cleanup.
asset_master,review,asset_field_change_candidate,ast_07a74d2ee7e4,A112073001,business_stage,사업단계,business_stage,운영/실물,,,not_checked,,Review. Some address/physical fields may intentionally differ after geocode/API cleanup.
asset_master,review,asset_field_change_candidate,ast_07a74d2ee7e4,A112073001,portfolio_region,투자지역,portfolio_region,북미,,,not_checked,,Review. Some address/physical fields may intentionally differ after geocode/API cleanup.
asset_master,review,asset_field_change_candidate,ast_07a74d2ee7e4,A112073001,country_code,국내/해외,country_code,OVERSEAS,,,not_checked,,Review. Some address/physical fields may intentionally differ after geocode/API cleanup.
asset_master,review,asset_field_change_candidate,ast_07a74d2ee7e4,A112073001,parking,주차대수,parking,2109,,,not_checked,,Review. Some address/physical fields may intentionally differ after geocode/API cleanup.
asset_master,review,asset_field_change_candidate,ast_5a5178267eeb,A112074001,business_stage,사업단계,business_stage,운영/실물,,,not_checked,,Review. Some address/physical fields may intentionally differ after geocode/API cleanup.
asset_master,review,asset_field_change_candidate,ast_5a5178267eeb,A112074001,portfolio_region,투자지역,portfolio_region,유럽,,,not_checked,,Review. Some address/physical fields may intentionally differ after geocode/API cleanup.
asset_master,review,asset_field_change_candidate,ast_5a5178267eeb,A112074001,country_code,국내/해외,country_code,OVERSEAS,,,not_checked,,Review. Some address/physical fields may intentionally differ after geocode/API cleanup.
asset_master,review,asset_field_change_candidate,ast_d7cf5a8a230f,A112075001,business_stage,사업단계,business_stage,운영/실물,,,found,BldRgstHubService.getBrTitleInfo,Review. Some address/physical fields may intentionally differ after geocode/API cleanup.
asset_master,review,asset_field_change_candidate,ast_d7cf5a8a230f,A112075001,portfolio_region,투자지역,portfolio_region,대한민국,,,found,BldRgstHubService.getBrTitleInfo,Review. Some address/physical fields may intentionally differ after geocode/API cleanup.
asset_master,review,asset_field_change_candidate,ast_d7cf5a8a230f,A112075001,site_area,토지면적(㎡),site_area,,799,,found,BldRgstHubService.getBrTitleInfo,Physical fields may be API-enriched. Review provenance before overwriting.
asset_master,review,asset_field_change_candidate,ast_d7cf5a8a230f,A112075001,parking,주차대수,parking,,옥내 42 / 옥외 2,,found,BldRgstHubService.getBrTitleInfo,Review. Some address/physical fields may intentionally differ after geocode/API cleanup.
asset_master,review,asset_field_change_candidate,ast_d8e5a4d52634,A112076001,business_stage,사업단계,business_stage,운영/실물,,,not_checked,,Review. Some address/physical fields may intentionally differ after geocode/API cleanup.
asset_master,review,asset_field_change_candidate,ast_d8e5a4d52634,A112076001,portfolio_region,투자지역,portfolio_region,북미,,,not_checked,,Review. Some address/physical fields may intentionally differ after geocode/API cleanup.
asset_master,review,asset_field_change_candidate,ast_d8e5a4d52634,A112076001,country_code,국내/해외,country_code,OVERSEAS,,,not_checked,,Review. Some address/physical fields may intentionally differ after geocode/API cleanup.
asset_master,review,asset_field_change_candidate,ast_72454765bf79,A112077001,portfolio_region,투자지역,portfolio_region,북미,,,not_checked,,Review. Some address/physical fields may intentionally differ after geocode/API cleanup.
asset_master,review,asset_field_change_candidate,ast_72454765bf79,A112077001,country_code,국내/해외,country_code,OVERSEAS,,,not_checked,,Review. Some address/physical fields may intentionally differ after geocode/API cleanup.
asset_master,review,asset_field_change_candidate,ast_72454765bf79,A112077001,parking,주차대수,parking,322,,,not_checked,,Review. Some address/physical fields may intentionally differ after geocode/API cleanup.
asset_master,review,asset_field_change_candidate,ast_d4a56bde92c8,A112078001,business_stage,사업단계,business_stage,운영/실물,,,found,BldRgstHubService.getBrTitleInfo,Review. Some address/physical fields may intentionally differ after geocode/API cleanup.
asset_master,review,asset_field_change_candidate,ast_d4a56bde92c8,A112078001,portfolio_region,투자지역,portfolio_region,대한민국,,,found,BldRgstHubService.getBrTitleInfo,Review. Some address/physical fields may intentionally differ after geocode/API cleanup.
asset_master,review,asset_field_change_candidate,ast_d4a56bde92c8,A112078001,site_area,토지면적(㎡),site_area,,1828,,found,BldRgstHubService.getBrTitleInfo,Physical fields may be API-enriched. Review provenance before overwriting.
asset_master,review,asset_field_change_candidate,ast_d4a56bde92c8,A112078001,parking,주차대수,parking,,옥내 96 / 옥외 0,,found,BldRgstHubService.getBrTitleInfo,Review. Some address/physical fields may intentionally differ after geocode/API cleanup.
asset_master,review,asset_field_change_candidate,ast_a422589fe744,A112080001,canonical_name,자산(건물)명,canonical_name,업스퀘어,업스퀘어 (투자),,found,BldRgstHubService.getBrTitleInfo,Review. Some address/physical fields may intentionally differ after geocode/API cleanup.
asset_master,review,asset_field_change_candidate,ast_a422589fe744,A112080001,asset_type,기초자산,asset_type,오피스복합,리테일,,found,BldRgstHubService.getBrTitleInfo,Review. Some address/physical fields may intentionally differ after geocode/API cleanup.
asset_master,review,asset_field_change_candidate,ast_a422589fe744,A112080001,business_stage,사업단계,business_stage,운영/실물,,,found,BldRgstHubService.getBrTitleInfo,Review. Some address/physical fields may intentionally differ after geocode/API cleanup.
asset_master,review,asset_field_change_candidate,ast_a422589fe744,A112080001,portfolio_region,투자지역,portfolio_region,대한민국,,,found,BldRgstHubService.getBrTitleInfo,Review. Some address/physical fields may intentionally differ after geocode/API cleanup.
asset_master,review,asset_field_change_candidate,ast_a422589fe744,A112080001,site_area,토지면적(㎡),site_area,,7115,,found,BldRgstHubService.getBrTitleInfo,Physical fields may be API-enriched. Review provenance before overwriting.
asset_master,review,asset_field_change_candidate,ast_a422589fe744,A112080001,parking,주차대수,parking,,옥내 495 / 옥외 0,,found,BldRgstHubService.getBrTitleInfo,Review. Some address/physical fields may intentionally differ after geocode/API cleanup.
asset_master,review,asset_field_change_candidate,ast_12056ec44b17,A112081001,business_stage,사업단계,business_stage,운영/실물,,,pending,,Review. Some address/physical fields may intentionally differ after geocode/API cleanup.
asset_master,review,asset_field_change_candidate,ast_12056ec44b17,A112081001,portfolio_region,투자지역,portfolio_region,대한민국,,,pending,,Review. Some address/physical fields may intentionally differ after geocode/API cleanup.
asset_master,review,asset_field_change_candidate,ast_12056ec44b17,A112081001,country_code,국내/해외,country_code,KR,,,pending,,Review. Some address/physical fields may intentionally differ after geocode/API cleanup.
asset_master,review,asset_field_change_candidate,ast_223bae23bf93,A112081002,asset_type,기초자산,asset_type,리테일,,,found,BldRgstHubService.getBrTitleInfo,Review. Some address/physical fields may intentionally differ after geocode/API cleanup.
asset_master,review,asset_field_change_candidate,ast_223bae23bf93,A112081002,business_stage,사업단계,business_stage,운영/실물,,,found,BldRgstHubService.getBrTitleInfo,Review. Some address/physical fields may intentionally differ after geocode/API cleanup.
asset_master,review,asset_field_change_candidate,ast_223bae23bf93,A112081002,portfolio_region,투자지역,portfolio_region,대한민국,,,found,BldRgstHubService.getBrTitleInfo,Review. Some address/physical fields may intentionally differ after geocode/API cleanup.
asset_master,review,asset_field_change_candidate,ast_223bae23bf93,A112081002,gross_floor_area,연면적(m²),gross_floor_area,,70155,,found,BldRgstHubService.getBrTitleInfo,Physical fields may be API-enriched. Review provenance before overwriting.
asset_master,review,asset_field_change_candidate,ast_223bae23bf93,A112081002,site_area,토지면적(㎡),site_area,,5746,,found,BldRgstHubService.getBrTitleInfo,Physical fields may be API-enriched. Review provenance before overwriting.
asset_master,review,asset_field_change_candidate,ast_223bae23bf93,A112081002,parking,주차대수,parking,,옥내 600 / 옥외 4,,found,BldRgstHubService.getBrTitleInfo,Review. Some address/physical fields may intentionally differ after geocode/API cleanup.
asset_master,review,asset_field_change_candidate,ast_c9b5f50bc992,A112081003,asset_type,기초자산,asset_type,리테일,,,found,BldRgstHubService.getBrTitleInfo,Review. Some address/physical fields may intentionally differ after geocode/API cleanup.
asset_master,review,asset_field_change_candidate,ast_c9b5f50bc992,A112081003,business_stage,사업단계,business_stage,운영/실물,,,found,BldRgstHubService.getBrTitleInfo,Review. Some address/physical fields may intentionally differ after geocode/API cleanup.
asset_master,review,asset_field_change_candidate,ast_c9b5f50bc992,A112081003,portfolio_region,투자지역,portfolio_region,대한민국,,,found,BldRgstHubService.getBrTitleInfo,Review. Some address/physical fields may intentionally differ after geocode/API cleanup.
asset_master,review,asset_field_change_candidate,ast_c9b5f50bc992,A112081003,gross_floor_area,연면적(m²),gross_floor_area,,60148,,found,BldRgstHubService.getBrTitleInfo,Physical fields may be API-enriched. Review provenance before overwriting.
asset_master,review,asset_field_change_candidate,ast_c9b5f50bc992,A112081003,site_area,토지면적(㎡),site_area,,5712,,found,BldRgstHubService.getBrTitleInfo,Physical fields may be API-enriched. Review provenance before overwriting.
asset_master,review,asset_field_change_candidate,ast_c9b5f50bc992,A112081003,parking,주차대수,parking,,옥내 501 / 옥외 24,,found,BldRgstHubService.getBrTitleInfo,Review. Some address/physical fields may intentionally differ after geocode/API cleanup.
asset_master,review,asset_field_change_candidate,ast_9152993b89ea,A112082001,business_stage,사업단계,business_stage,운영/실물,,,not_checked,,Review. Some address/physical fields may intentionally differ after geocode/API cleanup.
asset_master,review,asset_field_change_candidate,ast_9152993b89ea,A112082001,portfolio_region,투자지역,portfolio_region,대한민국,,,not_checked,,Review. Some address/physical fields may intentionally differ after geocode/API cleanup.
asset_master,review,asset_field_change_candidate,ast_03b867e56a1e,A112085001,address_text,"전체주소(시/도, 구/군 포함)",address_text,경기도 안양시 동안구 호계동 1039 외 2필지,경기도 안양시 동안구 호계동 1039,,found,BldRgstHubService.getBrTitleInfo,Review. Some address/physical fields may intentionally differ after geocode/API cleanup.
asset_master,review,asset_field_change_candidate,ast_03b867e56a1e,A112085001,asset_type,기초자산,asset_type,오피스복합,리테일,,found,BldRgstHubService.getBrTitleInfo,Review. Some address/physical fields may intentionally differ after geocode/API cleanup.
asset_master,review,asset_field_change_candidate,ast_03b867e56a1e,A112085001,business_stage,사업단계,business_stage,운영/실물,,,found,BldRgstHubService.getBrTitleInfo,Review. Some address/physical fields may intentionally differ after geocode/API cleanup.
asset_master,review,asset_field_change_candidate,ast_03b867e56a1e,A112085001,portfolio_region,투자지역,portfolio_region,대한민국,,,found,BldRgstHubService.getBrTitleInfo,Review. Some address/physical fields may intentionally differ after geocode/API cleanup.
asset_master,review,asset_field_change_candidate,ast_03b867e56a1e,A112085001,site_area,토지면적(㎡),site_area,,13468,,found,BldRgstHubService.getBrTitleInfo,Physical fields may be API-enriched. Review provenance before overwriting.
asset_master,review,asset_field_change_candidate,ast_03b867e56a1e,A112085001,parking,주차대수,parking,,옥내 1379 / 옥외 56,,found,BldRgstHubService.getBrTitleInfo,Review. Some address/physical fields may intentionally differ after geocode/API cleanup.
asset_master,review,asset_field_change_candidate,ast_11888bd81598,A112086001,business_stage,사업단계,business_stage,운영/실물,,,found,BldRgstHubService.getBrTitleInfo,Review. Some address/physical fields may intentionally differ after geocode/API cleanup.
asset_master,review,asset_field_change_candidate,ast_11888bd81598,A112086001,portfolio_region,투자지역,portfolio_region,대한민국,,,found,BldRgstHubService.getBrTitleInfo,Review. Some address/physical fields may intentionally differ after geocode/API cleanup.
asset_master,review,asset_field_change_candidate,ast_11888bd81598,A112086001,country_code,국내/해외,country_code,KR,,,found,BldRgstHubService.getBrTitleInfo,Review. Some address/physical fields may intentionally differ after geocode/API cleanup.
asset_master,review,asset_field_change_candidate,ast_11888bd81598,A112086001,site_area,토지면적(㎡),site_area,,16529,,found,BldRgstHubService.getBrTitleInfo,Physical fields may be API-enriched. Review provenance before overwriting.
asset_master,review,asset_field_change_candidate,ast_11888bd81598,A112086001,parking,주차대수,parking,,옥내 1272 / 옥외 429,,found,BldRgstHubService.getBrTitleInfo,Review. Some address/physical fields may intentionally differ after geocode/API cleanup.
asset_master,review,asset_field_change_candidate,ast_e5daaa392be6,A112092001,portfolio_region,투자지역,portfolio_region,북미,,,not_checked,,Review. Some address/physical fields may intentionally differ after geocode/API cleanup.
asset_master,review,asset_field_change_candidate,ast_e5daaa392be6,A112092001,country_code,국내/해외,country_code,OVERSEAS,,,not_checked,,Review. Some address/physical fields may intentionally differ after geocode/API cleanup.
asset_master,review,asset_field_change_candidate,ast_46a7ecc290e9,A112093001,business_stage,사업단계,business_stage,운영/실물,,,not_checked,,Review. Some address/physical fields may intentionally differ after geocode/API cleanup.
asset_master,review,asset_field_change_candidate,ast_46a7ecc290e9,A112093001,portfolio_region,투자지역,portfolio_region,유럽,,,not_checked,,Review. Some address/physical fields may intentionally differ after geocode/API cleanup.
asset_master,review,asset_field_change_candidate,ast_46a7ecc290e9,A112093001,country_code,국내/해외,country_code,OVERSEAS,,,not_checked,,Review. Some address/physical fields may intentionally differ after geocode/API cleanup.
asset_master,review,asset_field_change_candidate,ast_2f6ea0226f48,A112093002,business_stage,사업단계,business_stage,운영/실물,,,not_checked,,Review. Some address/physical fields may intentionally differ after geocode/API cleanup.
asset_master,review,asset_field_change_candidate,ast_2f6ea0226f48,A112093002,portfolio_region,투자지역,portfolio_region,유럽,,,not_checked,,Review. Some address/physical fields may intentionally differ after geocode/API cleanup.
asset_master,review,asset_field_change_candidate,ast_2f6ea0226f48,A112093002,country_code,국내/해외,country_code,OVERSEAS,,,not_checked,,Review. Some address/physical fields may intentionally differ after geocode/API cleanup.
asset_master,review,asset_field_change_candidate,ast_6edbffb304dc,A112093003,portfolio_region,투자지역,portfolio_region,유럽,,,not_checked,,Review. Some address/physical fields may intentionally differ after geocode/API cleanup.
asset_master,review,asset_field_change_candidate,ast_6edbffb304dc,A112093003,country_code,국내/해외,country_code,OVERSEAS,,,not_checked,,Review. Some address/physical fields may intentionally differ after geocode/API cleanup.
asset_master,review,asset_field_change_candidate,ast_cf0bf50af6cc,A112093004,business_stage,사업단계,business_stage,운영/실물,,,not_checked,,Review. Some address/physical fields may intentionally differ after geocode/API cleanup.
asset_master,review,asset_field_change_candidate,ast_cf0bf50af6cc,A112093004,portfolio_region,투자지역,portfolio_region,유럽,,,not_checked,,Review. Some address/physical fields may intentionally differ after geocode/API cleanup.
asset_master,review,asset_field_change_candidate,ast_cf0bf50af6cc,A112093004,country_code,국내/해외,country_code,OVERSEAS,,,not_checked,,Review. Some address/physical fields may intentionally differ after geocode/API cleanup.
asset_master,review,asset_field_change_candidate,ast_fff6be9d38b9,A112093005,business_stage,사업단계,business_stage,운영/실물,,,not_checked,,Review. Some address/physical fields may intentionally differ after geocode/API cleanup.
asset_master,review,asset_field_change_candidate,ast_fff6be9d38b9,A112093005,portfolio_region,투자지역,portfolio_region,유럽,,,not_checked,,Review. Some address/physical fields may intentionally differ after geocode/API cleanup.
asset_master,review,asset_field_change_candidate,ast_fff6be9d38b9,A112093005,country_code,국내/해외,country_code,OVERSEAS,,,not_checked,,Review. Some address/physical fields may intentionally differ after geocode/API cleanup.
asset_master,review,asset_field_change_candidate,ast_564945797e16,A112094001,business_stage,사업단계,business_stage,운영/실물,,,not_checked,,Review. Some address/physical fields may intentionally differ after geocode/API cleanup.
asset_master,review,asset_field_change_candidate,ast_564945797e16,A112094001,portfolio_region,투자지역,portfolio_region,북미,,,not_checked,,Review. Some address/physical fields may intentionally differ after geocode/API cleanup.
asset_master,review,asset_field_change_candidate,ast_564945797e16,A112094001,country_code,국내/해외,country_code,OVERSEAS,,,not_checked,,Review. Some address/physical fields may intentionally differ after geocode/API cleanup.
asset_master,review,asset_field_change_candidate,ast_33e54322817d,A112095001,business_stage,사업단계,business_stage,운영/실물,,,not_checked,,Review. Some address/physical fields may intentionally differ after geocode/API cleanup.
asset_master,review,asset_field_change_candidate,ast_33e54322817d,A112095001,portfolio_region,투자지역,portfolio_region,북미,,,not_checked,,Review. Some address/physical fields may intentionally differ after geocode/API cleanup.
asset_master,review,asset_field_change_candidate,ast_33e54322817d,A112095001,country_code,국내/해외,country_code,OVERSEAS,,,not_checked,,Review. Some address/physical fields may intentionally differ after geocode/API cleanup.
asset_master,review,asset_field_change_candidate,ast_33e54322817d,A112095001,parking,주차대수,parking,0,,,not_checked,,Review. Some address/physical fields may intentionally differ after geocode/API cleanup.
asset_master,review,asset_field_change_candidate,ast_61465a8dd9a1,A112096001,business_stage,사업단계,business_stage,운영/실물,,,found,BldRgstHubService.getBrTitleInfo,Review. Some address/physical fields may intentionally differ after geocode/API cleanup.
asset_master,review,asset_field_change_candidate,ast_61465a8dd9a1,A112096001,portfolio_region,투자지역,portfolio_region,대한민국,,,found,BldRgstHubService.getBrTitleInfo,Review. Some address/physical fields may intentionally differ after geocode/API cleanup.
asset_master,review,asset_field_change_candidate,ast_61465a8dd9a1,A112096001,country_code,국내/해외,country_code,KR,,,found,BldRgstHubService.getBrTitleInfo,Review. Some address/physical fields may intentionally differ after geocode/API cleanup.
asset_master,review,asset_field_change_candidate,ast_61465a8dd9a1,A112096001,site_area,토지면적(㎡),site_area,,5346,,found,BldRgstHubService.getBrTitleInfo,Physical fields may be API-enriched. Review provenance before overwriting.
asset_master,review,asset_field_change_candidate,ast_61465a8dd9a1,A112096001,parking,주차대수,parking,,옥내 587 / 옥외 0,,found,BldRgstHubService.getBrTitleInfo,Review. Some address/physical fields may intentionally differ after geocode/API cleanup.
asset_master,review,asset_field_change_candidate,ast_288840e4c692,A112099001,asset_type,기초자산,asset_type,주거,,,found,BldRgstHubService.getBrTitleInfo,Review. Some address/physical fields may intentionally differ after geocode/API cleanup.
asset_master,review,asset_field_change_candidate,ast_288840e4c692,A112099001,business_stage,사업단계,business_stage,운영/실물,,,found,BldRgstHubService.getBrTitleInfo,Review. Some address/physical fields may intentionally differ after geocode/API cleanup.
asset_master,review,asset_field_change_candidate,ast_288840e4c692,A112099001,portfolio_region,투자지역,portfolio_region,대한민국,,,found,BldRgstHubService.getBrTitleInfo,Review. Some address/physical fields may intentionally differ after geocode/API cleanup.
asset_master,review,asset_field_change_candidate,ast_288840e4c692,A112099001,gross_floor_area,연면적(m²),gross_floor_area,,49689,,found,BldRgstHubService.getBrTitleInfo,Physical fields may be API-enriched. Review provenance before overwriting.
asset_master,review,asset_field_change_candidate,ast_288840e4c692,A112099001,site_area,토지면적(㎡),site_area,,3638,,found,BldRgstHubService.getBrTitleInfo,Physical fields may be API-enriched. Review provenance before overwriting.
asset_master,review,asset_field_change_candidate,ast_288840e4c692,A112099001,parking,주차대수,parking,,옥내 627 / 옥외 0,,found,BldRgstHubService.getBrTitleInfo,Review. Some address/physical fields may intentionally differ after geocode/API cleanup.
asset_master,review,asset_field_change_candidate,ast_a81bf18a93d4,A112100001,business_stage,사업단계,business_stage,운영/실물,,,found,BldRgstHubService.getBrTitleInfo,Review. Some address/physical fields may intentionally differ after geocode/API cleanup.
asset_master,review,asset_field_change_candidate,ast_a81bf18a93d4,A112100001,portfolio_region,투자지역,portfolio_region,대한민국,,,found,BldRgstHubService.getBrTitleInfo,Review. Some address/physical fields may intentionally differ after geocode/API cleanup.
asset_master,review,asset_field_change_candidate,ast_a81bf18a93d4,A112100001,country_code,국내/해외,country_code,KR,,,found,BldRgstHubService.getBrTitleInfo,Review. Some address/physical fields may intentionally differ after geocode/API cleanup.
asset_master,review,asset_field_change_candidate,ast_a81bf18a93d4,A112100001,site_area,토지면적(㎡),site_area,,91000,,found,BldRgstHubService.getBrTitleInfo,Physical fields may be API-enriched. Review provenance before overwriting.
asset_master,review,asset_field_change_candidate,ast_a81bf18a93d4,A112100001,parking,주차대수,parking,,옥내 4218 / 옥외 0,,found,BldRgstHubService.getBrTitleInfo,Review. Some address/physical fields may intentionally differ after geocode/API cleanup.
asset_master,review,asset_field_change_candidate,ast_14f3dd9eb1f9,A112101001,business_stage,사업단계,business_stage,운영/실물,,,not_checked,,Review. Some address/physical fields may intentionally differ after geocode/API cleanup.
asset_master,review,asset_field_change_candidate,ast_14f3dd9eb1f9,A112101001,portfolio_region,투자지역,portfolio_region,대한민국,,,not_checked,,Review. Some address/physical fields may intentionally differ after geocode/API cleanup.
asset_master,review,asset_field_change_candidate,ast_2b8d6d15574a,A112104001,business_stage,사업단계,business_stage,운영/실물,,,found,BldRgstHubService.getBrTitleInfo,Review. Some address/physical fields may intentionally differ after geocode/API cleanup.
asset_master,review,asset_field_change_candidate,ast_2b8d6d15574a,A112104001,portfolio_region,투자지역,portfolio_region,대한민국,,,found,BldRgstHubService.getBrTitleInfo,Review. Some address/physical fields may intentionally differ after geocode/API cleanup.
asset_master,review,asset_field_change_candidate,ast_2b8d6d15574a,A112104001,country_code,국내/해외,country_code,KR,,,found,BldRgstHubService.getBrTitleInfo,Review. Some address/physical fields may intentionally differ after geocode/API cleanup.
asset_master,review,asset_field_change_candidate,ast_2b8d6d15574a,A112104001,site_area,토지면적(㎡),site_area,,2893,,found,BldRgstHubService.getBrTitleInfo,Physical fields may be API-enriched. Review provenance before overwriting.
asset_master,review,asset_field_change_candidate,ast_2b8d6d15574a,A112104001,parking,주차대수,parking,,옥내 334 / 옥외 3,,found,BldRgstHubService.getBrTitleInfo,Review. Some address/physical fields may intentionally differ after geocode/API cleanup.
asset_master,review,asset_field_change_candidate,ast_511ba5b81207,A112107001,business_stage,사업단계,business_stage,운영/실물,,,not_checked,,Review. Some address/physical fields may intentionally differ after geocode/API cleanup.
asset_master,review,asset_field_change_candidate,ast_511ba5b81207,A112107001,portfolio_region,투자지역,portfolio_region,대한민국,,,not_checked,,Review. Some address/physical fields may intentionally differ after geocode/API cleanup.
asset_master,review,asset_field_change_candidate,ast_511ba5b81207,A112107001,country_code,국내/해외,country_code,KR,,,not_checked,,Review. Some address/physical fields may intentionally differ after geocode/API cleanup.
asset_master,review,asset_field_change_candidate,ast_5db71e381d95,A112108001,business_stage,사업단계,business_stage,운영/실물,,,not_checked,,Review. Some address/physical fields may intentionally differ after geocode/API cleanup.
asset_master,review,asset_field_change_candidate,ast_5db71e381d95,A112108001,portfolio_region,투자지역,portfolio_region,북미,,,not_checked,,Review. Some address/physical fields may intentionally differ after geocode/API cleanup.
asset_master,review,asset_field_change_candidate,ast_5db71e381d95,A112108001,country_code,국내/해외,country_code,OVERSEAS,,,not_checked,,Review. Some address/physical fields may intentionally differ after geocode/API cleanup.
asset_master,review,asset_field_change_candidate,ast_afb26eedbbe3,A112109001,canonical_name,자산(건물)명,canonical_name,부산송정물류센터,부산송정물류센터 (투자),,found,BldRgstHubService.getBrTitleInfo,Review. Some address/physical fields may intentionally differ after geocode/API cleanup.
asset_master,review,asset_field_change_candidate,ast_afb26eedbbe3,A112109001,business_stage,사업단계,business_stage,특수상황,,,found,BldRgstHubService.getBrTitleInfo,Review. Some address/physical fields may intentionally differ after geocode/API cleanup.
asset_master,review,asset_field_change_candidate,ast_afb26eedbbe3,A112109001,portfolio_region,투자지역,portfolio_region,대한민국,,,found,BldRgstHubService.getBrTitleInfo,Review. Some address/physical fields may intentionally differ after geocode/API cleanup.
asset_master,review,asset_field_change_candidate,ast_afb26eedbbe3,A112109001,site_area,토지면적(㎡),site_area,,0,,found,BldRgstHubService.getBrTitleInfo,Physical fields may be API-enriched. Review provenance before overwriting.
asset_master,review,asset_field_change_candidate,ast_afb26eedbbe3,A112109001,parking,주차대수,parking,,옥내 0 / 옥외 99,,found,BldRgstHubService.getBrTitleInfo,Review. Some address/physical fields may intentionally differ after geocode/API cleanup.
asset_master,review,asset_field_change_candidate,ast_af5f71776ae0,A112110001,business_stage,사업단계,business_stage,운영/실물,,,found,BldRgstHubService.getBrTitleInfo,Review. Some address/physical fields may intentionally differ after geocode/API cleanup.
asset_master,review,asset_field_change_candidate,ast_af5f71776ae0,A112110001,portfolio_region,투자지역,portfolio_region,대한민국,,,found,BldRgstHubService.getBrTitleInfo,Review. Some address/physical fields may intentionally differ after geocode/API cleanup.
asset_master,review,asset_field_change_candidate,ast_af5f71776ae0,A112110001,country_code,국내/해외,country_code,KR,,,found,BldRgstHubService.getBrTitleInfo,Review. Some address/physical fields may intentionally differ after geocode/API cleanup.
asset_master,review,asset_field_change_candidate,ast_af5f71776ae0,A112110001,site_area,토지면적(㎡),site_area,,915,,found,BldRgstHubService.getBrTitleInfo,Physical fields may be API-enriched. Review provenance before overwriting.
asset_master,review,asset_field_change_candidate,ast_af5f71776ae0,A112110001,parking,주차대수,parking,,옥내 61 / 옥외 0,,found,BldRgstHubService.getBrTitleInfo,Review. Some address/physical fields may intentionally differ after geocode/API cleanup.
asset_master,review,asset_field_change_candidate,ast_3b7fc78aeb9e,A112113001,business_stage,사업단계,business_stage,운영/실물,,,not_checked,,Review. Some address/physical fields may intentionally differ after geocode/API cleanup.
asset_master,review,asset_field_change_candidate,ast_3b7fc78aeb9e,A112113001,portfolio_region,투자지역,portfolio_region,아시아,,,not_checked,,Review. Some address/physical fields may intentionally differ after geocode/API cleanup.
asset_master,review,asset_field_change_candidate,ast_3b7fc78aeb9e,A112113001,country_code,국내/해외,country_code,OVERSEAS,,,not_checked,,Review. Some address/physical fields may intentionally differ after geocode/API cleanup.
asset_master,review,asset_field_change_candidate,ast_97eee497ab45,A112114001,business_stage,사업단계,business_stage,운영/실물,,,found,BldRgstHubService.getBrTitleInfo,Review. Some address/physical fields may intentionally differ after geocode/API cleanup.
asset_master,review,asset_field_change_candidate,ast_97eee497ab45,A112114001,portfolio_region,투자지역,portfolio_region,대한민국,,,found,BldRgstHubService.getBrTitleInfo,Review. Some address/physical fields may intentionally differ after geocode/API cleanup.
asset_master,review,asset_field_change_candidate,ast_97eee497ab45,A112114001,country_code,국내/해외,country_code,KR,,,found,BldRgstHubService.getBrTitleInfo,Review. Some address/physical fields may intentionally differ after geocode/API cleanup.
asset_master,review,asset_field_change_candidate,ast_97eee497ab45,A112114001,gross_floor_area,연면적(m²),gross_floor_area,,45284,,found,BldRgstHubService.getBrTitleInfo,Physical fields may be API-enriched. Review provenance before overwriting.
asset_master,review,asset_field_change_candidate,ast_97eee497ab45,A112114001,site_area,토지면적(㎡),site_area,,5853,,found,BldRgstHubService.getBrTitleInfo,Physical fields may be API-enriched. Review provenance before overwriting.
asset_master,review,asset_field_change_candidate,ast_97eee497ab45,A112114001,parking,주차대수,parking,,옥내 120 / 옥외 2,,found,BldRgstHubService.getBrTitleInfo,Review. Some address/physical fields may intentionally differ after geocode/API cleanup.
asset_master,review,asset_field_change_candidate,ast_f40e9a6c4433,A112115001,business_stage,사업단계,business_stage,운영/실물,,,found,BldRgstHubService.getBrTitleInfo,Review. Some address/physical fields may intentionally differ after geocode/API cleanup.
asset_master,review,asset_field_change_candidate,ast_f40e9a6c4433,A112115001,portfolio_region,투자지역,portfolio_region,대한민국,,,found,BldRgstHubService.getBrTitleInfo,Review. Some address/physical fields may intentionally differ after geocode/API cleanup.
asset_master,review,asset_field_change_candidate,ast_f40e9a6c4433,A112115001,country_code,국내/해외,country_code,KR,,,found,BldRgstHubService.getBrTitleInfo,Review. Some address/physical fields may intentionally differ after geocode/API cleanup.
asset_master,review,asset_field_change_candidate,ast_f40e9a6c4433,A112115001,gross_floor_area,연면적(m²),gross_floor_area,,45284,,found,BldRgstHubService.getBrTitleInfo,Physical fields may be API-enriched. Review provenance before overwriting.
asset_master,review,asset_field_change_candidate,ast_f40e9a6c4433,A112115001,site_area,토지면적(㎡),site_area,,5853,,found,BldRgstHubService.getBrTitleInfo,Physical fields may be API-enriched. Review provenance before overwriting.
asset_master,review,asset_field_change_candidate,ast_f40e9a6c4433,A112115001,parking,주차대수,parking,,옥내 120 / 옥외 2,,found,BldRgstHubService.getBrTitleInfo,Review. Some address/physical fields may intentionally differ after geocode/API cleanup.
asset_master,review,asset_field_change_candidate,ast_31d5292aa061,A112116001,business_stage,사업단계,business_stage,운영/실물,,,not_checked,,Review. Some address/physical fields may intentionally differ after geocode/API cleanup.
asset_master,review,asset_field_change_candidate,ast_31d5292aa061,A112116001,portfolio_region,투자지역,portfolio_region,북미,,,not_checked,,Review. Some address/physical fields may intentionally differ after geocode/API cleanup.
asset_master,review,asset_field_change_candidate,ast_31d5292aa061,A112116001,country_code,국내/해외,country_code,OVERSEAS,,,not_checked,,Review. Some address/physical fields may intentionally differ after geocode/API cleanup.
asset_master,review,asset_field_change_candidate,ast_31d5292aa061,A112116001,site_area,토지면적(㎡),site_area,0,,,not_checked,,Physical fields may be API-enriched. Review provenance before overwriting.
asset_master,review,asset_field_change_candidate,ast_a5d1e84522ed,A112117001,business_stage,사업단계,business_stage,운영/실물,,,pending,,Review. Some address/physical fields may intentionally differ after geocode/API cleanup.
asset_master,review,asset_field_change_candidate,ast_a5d1e84522ed,A112117001,portfolio_region,투자지역,portfolio_region,대한민국,,,pending,,Review. Some address/physical fields may intentionally differ after geocode/API cleanup.
asset_master,review,asset_field_change_candidate,ast_a5d1e84522ed,A112117001,country_code,국내/해외,country_code,KR,,,pending,,Review. Some address/physical fields may intentionally differ after geocode/API cleanup.
asset_master,review,asset_field_change_candidate,ast_23c79539e93e,A112118001,business_stage,사업단계,business_stage,운영/실물,,,found,BldRgstHubService.getBrTitleInfo,Review. Some address/physical fields may intentionally differ after geocode/API cleanup.
asset_master,review,asset_field_change_candidate,ast_23c79539e93e,A112118001,portfolio_region,투자지역,portfolio_region,대한민국,,,found,BldRgstHubService.getBrTitleInfo,Review. Some address/physical fields may intentionally differ after geocode/API cleanup.
asset_master,review,asset_field_change_candidate,ast_23c79539e93e,A112118001,country_code,국내/해외,country_code,KR,,,found,BldRgstHubService.getBrTitleInfo,Review. Some address/physical fields may intentionally differ after geocode/API cleanup.
asset_master,review,asset_field_change_candidate,ast_23c79539e93e,A112118001,gross_floor_area,연면적(m²),gross_floor_area,,105492,,found,BldRgstHubService.getBrTitleInfo,Physical fields may be API-enriched. Review provenance before overwriting.
asset_master,review,asset_field_change_candidate,ast_23c79539e93e,A112118001,site_area,토지면적(㎡),site_area,,11703,,found,BldRgstHubService.getBrTitleInfo,Physical fields may be API-enriched. Review provenance before overwriting.
asset_master,review,asset_field_change_candidate,ast_23c79539e93e,A112118001,parking,주차대수,parking,,옥내 484 / 옥외 101,,found,BldRgstHubService.getBrTitleInfo,Review. Some address/physical fields may intentionally differ after geocode/API cleanup.
asset_master,review,asset_field_change_candidate,ast_30937d64ae67,A112124001,business_stage,사업단계,business_stage,운영/실물,,,not_checked,,Review. Some address/physical fields may intentionally differ after geocode/API cleanup.
asset_master,review,asset_field_change_candidate,ast_30937d64ae67,A112124001,portfolio_region,투자지역,portfolio_region,대한민국,,,not_checked,,Review. Some address/physical fields may intentionally differ after geocode/API cleanup.
asset_master,review,asset_field_change_candidate,ast_30937d64ae67,A112124001,country_code,국내/해외,country_code,KR,,,not_checked,,Review. Some address/physical fields may intentionally differ after geocode/API cleanup.
asset_master,review,asset_field_change_candidate,ast_2ae45eda2604,A112125001,business_stage,사업단계,business_stage,운영/실물,,,not_checked,,Review. Some address/physical fields may intentionally differ after geocode/API cleanup.
asset_master,review,asset_field_change_candidate,ast_2ae45eda2604,A112125001,portfolio_region,투자지역,portfolio_region,유럽,,,not_checked,,Review. Some address/physical fields may intentionally differ after geocode/API cleanup.
asset_master,review,asset_field_change_candidate,ast_2ae45eda2604,A112125001,country_code,국내/해외,country_code,OVERSEAS,,,not_checked,,Review. Some address/physical fields may intentionally differ after geocode/API cleanup.
asset_master,review,asset_field_change_candidate,ast_e45b98ccfc65,A112126001,business_stage,사업단계,business_stage,운영/실물,,,not_checked,,Review. Some address/physical fields may intentionally differ after geocode/API cleanup.
asset_master,review,asset_field_change_candidate,ast_e45b98ccfc65,A112126001,portfolio_region,투자지역,portfolio_region,대한민국,,,not_checked,,Review. Some address/physical fields may intentionally differ after geocode/API cleanup.
asset_master,review,asset_field_change_candidate,ast_3aee5443a745,A112127001,business_stage,사업단계,business_stage,운영/실물,,,not_checked,,Review. Some address/physical fields may intentionally differ after geocode/API cleanup.
asset_master,review,asset_field_change_candidate,ast_3aee5443a745,A112127001,portfolio_region,투자지역,portfolio_region,대한민국,,,not_checked,,Review. Some address/physical fields may intentionally differ after geocode/API cleanup.
asset_master,review,asset_field_change_candidate,ast_3aee5443a745,A112127001,country_code,국내/해외,country_code,KR,,,not_checked,,Review. Some address/physical fields may intentionally differ after geocode/API cleanup.
asset_master,review,asset_field_change_candidate,ast_55e5cc352c17,A112131001,business_stage,사업단계,business_stage,운영/실물,,,not_checked,,Review. Some address/physical fields may intentionally differ after geocode/API cleanup.
asset_master,review,asset_field_change_candidate,ast_55e5cc352c17,A112131001,portfolio_region,투자지역,portfolio_region,대한민국,,,not_checked,,Review. Some address/physical fields may intentionally differ after geocode/API cleanup.
asset_master,review,asset_field_change_candidate,ast_55e5cc352c17,A112131001,country_code,국내/해외,country_code,KR,,,not_checked,,Review. Some address/physical fields may intentionally differ after geocode/API cleanup.
asset_master,review,asset_field_change_candidate,ast_db8fd17c8890,A112132001,address_text,"전체주소(시/도, 구/군 포함)",address_text,전라북도 전주시 완산구 효자동1가 431-5 외 14필지,전북특별자치도 전주시 완산구 효자동1가 431-5,,found,BldRgstHubService.getBrTitleInfo,Review. Some address/physical fields may intentionally differ after geocode/API cleanup.
asset_master,review,asset_field_change_candidate,ast_db8fd17c8890,A112132001,asset_type,기초자산,asset_type,리테일,,,found,BldRgstHubService.getBrTitleInfo,Review. Some address/physical fields may intentionally differ after geocode/API cleanup.
asset_master,review,asset_field_change_candidate,ast_db8fd17c8890,A112132001,business_stage,사업단계,business_stage,운영/실물,,,found,BldRgstHubService.getBrTitleInfo,Review. Some address/physical fields may intentionally differ after geocode/API cleanup.
asset_master,review,asset_field_change_candidate,ast_db8fd17c8890,A112132001,portfolio_region,투자지역,portfolio_region,대한민국,,,found,BldRgstHubService.getBrTitleInfo,Review. Some address/physical fields may intentionally differ after geocode/API cleanup.
asset_master,review,asset_field_change_candidate,ast_db8fd17c8890,A112132001,site_area,토지면적(㎡),site_area,,9703,,found,BldRgstHubService.getBrTitleInfo,Physical fields may be API-enriched. Review provenance before overwriting.
asset_master,review,asset_field_change_candidate,ast_db8fd17c8890,A112132001,parking,주차대수,parking,,옥내 677 / 옥외 0,,found,BldRgstHubService.getBrTitleInfo,Review. Some address/physical fields may intentionally differ after geocode/API cleanup.
asset_master,review,asset_field_change_candidate,ast_307e1f83e0d2,A112135001,portfolio_region,투자지역,portfolio_region,글로벌,,,not_checked,,Review. Some address/physical fields may intentionally differ after geocode/API cleanup.
asset_master,review,asset_field_change_candidate,ast_307e1f83e0d2,A112135001,country_code,국내/해외,country_code,OVERSEAS,,,not_checked,,Review. Some address/physical fields may intentionally differ after geocode/API cleanup.
asset_master,review,asset_field_change_candidate,ast_5eda17cd5cf3,A112136001,canonical_name,자산(건물)명,canonical_name,광명 역세권지구 복합시설 신축,광명 역세권지구 복합시설 신축 (투자),,found,BldRgstHubService.getBrTitleInfo,Review. Some address/physical fields may intentionally differ after geocode/API cleanup.
asset_master,review,asset_field_change_candidate,ast_5eda17cd5cf3,A112136001,asset_type,기초자산,asset_type,호텔,,,found,BldRgstHubService.getBrTitleInfo,Review. Some address/physical fields may intentionally differ after geocode/API cleanup.
asset_master,review,asset_field_change_candidate,ast_5eda17cd5cf3,A112136001,business_stage,사업단계,business_stage,운영/실물,,,found,BldRgstHubService.getBrTitleInfo,Review. Some address/physical fields may intentionally differ after geocode/API cleanup.
asset_master,review,asset_field_change_candidate,ast_5eda17cd5cf3,A112136001,portfolio_region,투자지역,portfolio_region,대한민국,,,found,BldRgstHubService.getBrTitleInfo,Review. Some address/physical fields may intentionally differ after geocode/API cleanup.
asset_master,review,asset_field_change_candidate,ast_5eda17cd5cf3,A112136001,gross_floor_area,연면적(m²),gross_floor_area,,21739,,found,BldRgstHubService.getBrTitleInfo,Physical fields may be API-enriched. Review provenance before overwriting.
asset_master,review,asset_field_change_candidate,ast_5eda17cd5cf3,A112136001,site_area,토지면적(㎡),site_area,,2090,,found,BldRgstHubService.getBrTitleInfo,Physical fields may be API-enriched. Review provenance before overwriting.
asset_master,review,asset_field_change_candidate,ast_5eda17cd5cf3,A112136001,parking,주차대수,parking,,옥내 125 / 옥외 0,,found,BldRgstHubService.getBrTitleInfo,Review. Some address/physical fields may intentionally differ after geocode/API cleanup.
asset_master,review,asset_field_change_candidate,ast_3e58fbce109d,A112138001,business_stage,사업단계,business_stage,운영/실물,,,not_checked,,Review. Some address/physical fields may intentionally differ after geocode/API cleanup.
asset_master,review,asset_field_change_candidate,ast_3e58fbce109d,A112138001,portfolio_region,투자지역,portfolio_region,아시아,,,not_checked,,Review. Some address/physical fields may intentionally differ after geocode/API cleanup.
asset_master,review,asset_field_change_candidate,ast_3e58fbce109d,A112138001,country_code,국내/해외,country_code,OVERSEAS,,,not_checked,,Review. Some address/physical fields may intentionally differ after geocode/API cleanup.
asset_master,review,asset_field_change_candidate,ast_15f689589eb3,A112139001,business_stage,사업단계,business_stage,운영/실물,,,found,BldRgstHubService.getBrTitleInfo,Review. Some address/physical fields may intentionally differ after geocode/API cleanup.
asset_master,review,asset_field_change_candidate,ast_15f689589eb3,A112139001,portfolio_region,투자지역,portfolio_region,대한민국,,,found,BldRgstHubService.getBrTitleInfo,Review. Some address/physical fields may intentionally differ after geocode/API cleanup.
asset_master,review,asset_field_change_candidate,ast_15f689589eb3,A112139001,country_code,국내/해외,country_code,KR,,,found,BldRgstHubService.getBrTitleInfo,Review. Some address/physical fields may intentionally differ after geocode/API cleanup.
asset_master,review,asset_field_change_candidate,ast_15f689589eb3,A112139001,site_area,토지면적(㎡),site_area,,6938,,found,BldRgstHubService.getBrTitleInfo,Physical fields may be API-enriched. Review provenance before overwriting.
asset_master,review,asset_field_change_candidate,ast_15f689589eb3,A112139001,parking,주차대수,parking,,옥내 436 / 옥외 0,,found,BldRgstHubService.getBrTitleInfo,Review. Some address/physical fields may intentionally differ after geocode/API cleanup.
asset_master,review,asset_field_change_candidate,ast_02870a4cfd6e,A112140001,business_stage,사업단계,business_stage,운영/실물,,,found,BldRgstHubService.getBrTitleInfo,Review. Some address/physical fields may intentionally differ after geocode/API cleanup.
asset_master,review,asset_field_change_candidate,ast_02870a4cfd6e,A112140001,portfolio_region,투자지역,portfolio_region,대한민국,,,found,BldRgstHubService.getBrTitleInfo,Review. Some address/physical fields may intentionally differ after geocode/API cleanup.
asset_master,review,asset_field_change_candidate,ast_02870a4cfd6e,A112140001,country_code,국내/해외,country_code,KR,,,found,BldRgstHubService.getBrTitleInfo,Review. Some address/physical fields may intentionally differ after geocode/API cleanup.
asset_master,review,asset_field_change_candidate,ast_02870a4cfd6e,A112140001,gross_floor_area,연면적(m²),gross_floor_area,,99997,,found,BldRgstHubService.getBrTitleInfo,Physical fields may be API-enriched. Review provenance before overwriting.
asset_master,review,asset_field_change_candidate,ast_02870a4cfd6e,A112140001,site_area,토지면적(㎡),site_area,,6938,,found,BldRgstHubService.getBrTitleInfo,Physical fields may be API-enriched. Review provenance before overwriting.
asset_master,review,asset_field_change_candidate,ast_02870a4cfd6e,A112140001,completion_date,준공(예정)일,completion_date,,2011-06-29,,found,BldRgstHubService.getBrTitleInfo,Review. Some address/physical fields may intentionally differ after geocode/API cleanup.
asset_master,review,asset_field_change_candidate,ast_02870a4cfd6e,A112140001,parking,주차대수,parking,,옥내 436 / 옥외 0,,found,BldRgstHubService.getBrTitleInfo,Review. Some address/physical fields may intentionally differ after geocode/API cleanup.
asset_master,review,asset_field_change_candidate,ast_6a798e5e30ee,A112142001,portfolio_region,투자지역,portfolio_region,대한민국,,,not_checked,,Review. Some address/physical fields may intentionally differ after geocode/API cleanup.
asset_master,review,asset_field_change_candidate,ast_6a798e5e30ee,A112142001,country_code,국내/해외,country_code,KR,,,not_checked,,Review. Some address/physical fields may intentionally differ after geocode/API cleanup.
asset_master,review,asset_field_change_candidate,ast_4409771035d2,A112143001,business_stage,사업단계,business_stage,운영/실물,,,not_checked,,Review. Some address/physical fields may intentionally differ after geocode/API cleanup.
asset_master,review,asset_field_change_candidate,ast_4409771035d2,A112143001,portfolio_region,투자지역,portfolio_region,글로벌,,,not_checked,,Review. Some address/physical fields may intentionally differ after geocode/API cleanup.
asset_master,review,asset_field_change_candidate,ast_4409771035d2,A112143001,country_code,국내/해외,country_code,OVERSEAS,,,not_checked,,Review. Some address/physical fields may intentionally differ after geocode/API cleanup.
asset_master,review,asset_field_change_candidate,ast_7e9acc299d06,A112144001,business_stage,사업단계,business_stage,운영/실물,,,found,BldRgstHubService.getBrTitleInfo,Review. Some address/physical fields may intentionally differ after geocode/API cleanup.
asset_master,review,asset_field_change_candidate,ast_7e9acc299d06,A112144001,portfolio_region,투자지역,portfolio_region,대한민국,,,found,BldRgstHubService.getBrTitleInfo,Review. Some address/physical fields may intentionally differ after geocode/API cleanup.
asset_master,review,asset_field_change_candidate,ast_7e9acc299d06,A112144001,country_code,국내/해외,country_code,KR,,,found,BldRgstHubService.getBrTitleInfo,Review. Some address/physical fields may intentionally differ after geocode/API cleanup.
asset_master,review,asset_field_change_candidate,ast_7e9acc299d06,A112144001,site_area,토지면적(㎡),site_area,,1691,,found,BldRgstHubService.getBrTitleInfo,Physical fields may be API-enriched. Review provenance before overwriting.
asset_master,review,asset_field_change_candidate,ast_7e9acc299d06,A112144001,parking,주차대수,parking,,옥내 200 / 옥외 3,,found,BldRgstHubService.getBrTitleInfo,Review. Some address/physical fields may intentionally differ after geocode/API cleanup.
asset_master,review,asset_field_change_candidate,ast_89a1de3b387b,A112147001,business_stage,사업단계,business_stage,운영/실물,,,not_checked,,Review. Some address/physical fields may intentionally differ after geocode/API cleanup.
asset_master,review,asset_field_change_candidate,ast_89a1de3b387b,A112147001,portfolio_region,투자지역,portfolio_region,북미,,,not_checked,,Review. Some address/physical fields may intentionally differ after geocode/API cleanup.
asset_master,review,asset_field_change_candidate,ast_89a1de3b387b,A112147001,country_code,국내/해외,country_code,OVERSEAS,,,not_checked,,Review. Some address/physical fields may intentionally differ after geocode/API cleanup.
asset_master,review,asset_field_change_candidate,ast_eb058774b3aa,A112148001,canonical_name,자산(건물)명,canonical_name,판교 알파돔시티 비즈니스호텔,판교 알파돔시티 비즈니스호텔 (투자),,found,BldRgstHubService.getBrTitleInfo,Review. Some address/physical fields may intentionally differ after geocode/API cleanup.
asset_master,review,asset_field_change_candidate,ast_eb058774b3aa,A112148001,asset_type,기초자산,asset_type,호텔,,,found,BldRgstHubService.getBrTitleInfo,Review. Some address/physical fields may intentionally differ after geocode/API cleanup.
asset_master,review,asset_field_change_candidate,ast_eb058774b3aa,A112148001,business_stage,사업단계,business_stage,운영/실물,,,found,BldRgstHubService.getBrTitleInfo,Review. Some address/physical fields may intentionally differ after geocode/API cleanup.
asset_master,review,asset_field_change_candidate,ast_eb058774b3aa,A112148001,portfolio_region,투자지역,portfolio_region,대한민국,,,found,BldRgstHubService.getBrTitleInfo,Review. Some address/physical fields may intentionally differ after geocode/API cleanup.
asset_master,review,asset_field_change_candidate,ast_eb058774b3aa,A112148001,site_area,토지면적(㎡),site_area,,2996,,found,BldRgstHubService.getBrTitleInfo,Physical fields may be API-enriched. Review provenance before overwriting.
asset_master,review,asset_field_change_candidate,ast_eb058774b3aa,A112148001,parking,주차대수,parking,,옥내 752 / 옥외 0,,found,BldRgstHubService.getBrTitleInfo,Review. Some address/physical fields may intentionally differ after geocode/API cleanup.
asset_master,review,asset_field_change_candidate,ast_b5b13984b5c2,A112149001,address_text,"전체주소(시/도, 구/군 포함)",address_text,인천광역시 부평구 열우물로 90,십정동 630,,found,BldRgstHubService.getBrTitleInfo,Review. Some address/physical fields may intentionally differ after geocode/API cleanup.
asset_master,review,asset_field_change_candidate,ast_b5b13984b5c2,A112149001,business_stage,사업단계,business_stage,운영/실물,,,found,BldRgstHubService.getBrTitleInfo,Review. Some address/physical fields may intentionally differ after geocode/API cleanup.
asset_master,review,asset_field_change_candidate,ast_b5b13984b5c2,A112149001,portfolio_region,투자지역,portfolio_region,대한민국,,,found,BldRgstHubService.getBrTitleInfo,Review. Some address/physical fields may intentionally differ after geocode/API cleanup.
asset_master,review,asset_field_change_candidate,ast_b5b13984b5c2,A112149001,site_area,토지면적(㎡),site_area,,161812,,found,BldRgstHubService.getBrTitleInfo,Physical fields may be API-enriched. Review provenance before overwriting.
asset_master,review,asset_field_change_candidate,ast_b5b13984b5c2,A112149001,parking,주차대수,parking,,옥내 0 / 옥외 0,,found,BldRgstHubService.getBrTitleInfo,Review. Some address/physical fields may intentionally differ after geocode/API cleanup.
asset_master,review,asset_field_change_candidate,ast_00df26953973,A112150001,business_stage,사업단계,business_stage,운영/실물,,,not_checked,,Review. Some address/physical fields may intentionally differ after geocode/API cleanup.
asset_master,review,asset_field_change_candidate,ast_00df26953973,A112150001,portfolio_region,투자지역,portfolio_region,북미,,,not_checked,,Review. Some address/physical fields may intentionally differ after geocode/API cleanup.
asset_master,review,asset_field_change_candidate,ast_00df26953973,A112150001,country_code,국내/해외,country_code,OVERSEAS,,,not_checked,,Review. Some address/physical fields may intentionally differ after geocode/API cleanup.
asset_master,review,asset_field_change_candidate,ast_5f1f6f6aa534,A112152001,business_stage,사업단계,business_stage,운영/실물,,,not_checked,,Review. Some address/physical fields may intentionally differ after geocode/API cleanup.
asset_master,review,asset_field_change_candidate,ast_5f1f6f6aa534,A112152001,portfolio_region,투자지역,portfolio_region,대한민국,,,not_checked,,Review. Some address/physical fields may intentionally differ after geocode/API cleanup.
asset_master,review,asset_field_change_candidate,ast_5f1f6f6aa534,A112152001,country_code,국내/해외,country_code,KR,,,not_checked,,Review. Some address/physical fields may intentionally differ after geocode/API cleanup.
asset_master,review,asset_field_change_candidate,ast_9a70bf0b0afd,A112153001,address_text,"전체주소(시/도, 구/군 포함)",address_text,서울특별시 강남구 신사동 545-18 외 1필지,서울특별시 강남구 신사동 545-18,,found,BldRgstHubService.getBrTitleInfo,Review. Some address/physical fields may intentionally differ after geocode/API cleanup.
asset_master,review,asset_field_change_candidate,ast_9a70bf0b0afd,A112153001,asset_type,기초자산,asset_type,리테일,,,found,BldRgstHubService.getBrTitleInfo,Review. Some address/physical fields may intentionally differ after geocode/API cleanup.
asset_master,review,asset_field_change_candidate,ast_9a70bf0b0afd,A112153001,business_stage,사업단계,business_stage,운영/실물,,,found,BldRgstHubService.getBrTitleInfo,Review. Some address/physical fields may intentionally differ after geocode/API cleanup.
asset_master,review,asset_field_change_candidate,ast_9a70bf0b0afd,A112153001,portfolio_region,투자지역,portfolio_region,대한민국,,,found,BldRgstHubService.getBrTitleInfo,Review. Some address/physical fields may intentionally differ after geocode/API cleanup.
asset_master,review,asset_field_change_candidate,ast_9a70bf0b0afd,A112153001,site_area,토지면적(㎡),site_area,,726,,found,BldRgstHubService.getBrTitleInfo,Physical fields may be API-enriched. Review provenance before overwriting.
asset_master,review,asset_field_change_candidate,ast_9a70bf0b0afd,A112153001,parking,주차대수,parking,,옥내 0 / 옥외 1,,found,BldRgstHubService.getBrTitleInfo,Review. Some address/physical fields may intentionally differ after geocode/API cleanup.
asset_master,review,asset_field_change_candidate,ast_2769c1d0b916,A112154001,business_stage,사업단계,business_stage,운영/실물,,,not_checked,,Review. Some address/physical fields may intentionally differ after geocode/API cleanup.
asset_master,review,asset_field_change_candidate,ast_2769c1d0b916,A112154001,portfolio_region,투자지역,portfolio_region,대한민국,,,not_checked,,Review. Some address/physical fields may intentionally differ after geocode/API cleanup.
asset_master,review,asset_field_change_candidate,ast_2769c1d0b916,A112154001,country_code,국내/해외,country_code,KR,,,not_checked,,Review. Some address/physical fields may intentionally differ after geocode/API cleanup.
asset_master,review,asset_field_change_candidate,ast_25028177c0ce,A112154002,business_stage,사업단계,business_stage,운영/실물,,,found,BldRgstHubService.getBrTitleInfo,Review. Some address/physical fields may intentionally differ after geocode/API cleanup.
asset_master,review,asset_field_change_candidate,ast_25028177c0ce,A112154002,portfolio_region,투자지역,portfolio_region,대한민국,,,found,BldRgstHubService.getBrTitleInfo,Review. Some address/physical fields may intentionally differ after geocode/API cleanup.
asset_master,review,asset_field_change_candidate,ast_25028177c0ce,A112154002,country_code,국내/해외,country_code,KR,,,found,BldRgstHubService.getBrTitleInfo,Review. Some address/physical fields may intentionally differ after geocode/API cleanup.
asset_master,review,asset_field_change_candidate,ast_25028177c0ce,A112154002,gross_floor_area,연면적(m²),gross_floor_area,,8544,,found,BldRgstHubService.getBrTitleInfo,Physical fields may be API-enriched. Review provenance before overwriting.
asset_master,review,asset_field_change_candidate,ast_25028177c0ce,A112154002,site_area,토지면적(㎡),site_area,,906,,found,BldRgstHubService.getBrTitleInfo,Physical fields may be API-enriched. Review provenance before overwriting.
asset_master,review,asset_field_change_candidate,ast_25028177c0ce,A112154002,parking,주차대수,parking,,옥내 0 / 옥외 132,,found,BldRgstHubService.getBrTitleInfo,Review. Some address/physical fields may intentionally differ after geocode/API cleanup.
asset_master,review,asset_field_change_candidate,ast_2ca6ba796227,A112157001,business_stage,사업단계,business_stage,운영/실물,,,not_checked,,Review. Some address/physical fields may intentionally differ after geocode/API cleanup.
asset_master,review,asset_field_change_candidate,ast_2ca6ba796227,A112157001,portfolio_region,투자지역,portfolio_region,대한민국,,,not_checked,,Review. Some address/physical fields may intentionally differ after geocode/API cleanup.
asset_master,review,asset_field_change_candidate,ast_2ca6ba796227,A112157001,country_code,국내/해외,country_code,KR,,,not_checked,,Review. Some address/physical fields may intentionally differ after geocode/API cleanup.
asset_master,review,asset_field_change_candidate,ast_b439b42b3d44,A112158001,business_stage,사업단계,business_stage,운영/실물,,,not_checked,,Review. Some address/physical fields may intentionally differ after geocode/API cleanup.
asset_master,review,asset_field_change_candidate,ast_b439b42b3d44,A112158001,portfolio_region,투자지역,portfolio_region,아시아,,,not_checked,,Review. Some address/physical fields may intentionally differ after geocode/API cleanup.
asset_master,review,asset_field_change_candidate,ast_b439b42b3d44,A112158001,country_code,국내/해외,country_code,OVERSEAS,,,not_checked,,Review. Some address/physical fields may intentionally differ after geocode/API cleanup.
asset_master,review,asset_field_change_candidate,ast_4b71eb552741,A112159001,business_stage,사업단계,business_stage,운영/실물,,,not_checked,,Review. Some address/physical fields may intentionally differ after geocode/API cleanup.
asset_master,review,asset_field_change_candidate,ast_4b71eb552741,A112159001,portfolio_region,투자지역,portfolio_region,대한민국,,,not_checked,,Review. Some address/physical fields may intentionally differ after geocode/API cleanup.
asset_master,review,asset_field_change_candidate,ast_4b71eb552741,A112159001,country_code,국내/해외,country_code,KR,,,not_checked,,Review. Some address/physical fields may intentionally differ after geocode/API cleanup.
asset_master,review,asset_field_change_candidate,ast_9855c32af978,A112160001,business_stage,사업단계,business_stage,운영/실물,,,found,BldRgstHubService.getBrTitleInfo,Review. Some address/physical fields may intentionally differ after geocode/API cleanup.
asset_master,review,asset_field_change_candidate,ast_9855c32af978,A112160001,portfolio_region,투자지역,portfolio_region,대한민국,,,found,BldRgstHubService.getBrTitleInfo,Review. Some address/physical fields may intentionally differ after geocode/API cleanup.
asset_master,review,asset_field_change_candidate,ast_9855c32af978,A112160001,country_code,국내/해외,country_code,KR,,,found,BldRgstHubService.getBrTitleInfo,Review. Some address/physical fields may intentionally differ after geocode/API cleanup.
asset_master,review,asset_field_change_candidate,ast_9855c32af978,A112160001,site_area,토지면적(㎡),site_area,,8247,,found,BldRgstHubService.getBrTitleInfo,Physical fields may be API-enriched. Review provenance before overwriting.
asset_master,review,asset_field_change_candidate,ast_9855c32af978,A112160001,parking,주차대수,parking,,옥내 273 / 옥외 14,,found,BldRgstHubService.getBrTitleInfo,Review. Some address/physical fields may intentionally differ after geocode/API cleanup.
asset_master,review,asset_field_change_candidate,ast_36740c106490,A112161001,business_stage,사업단계,business_stage,운영/실물,,,not_checked,,Review. Some address/physical fields may intentionally differ after geocode/API cleanup.
asset_master,review,asset_field_change_candidate,ast_36740c106490,A112161001,portfolio_region,투자지역,portfolio_region,대한민국,,,not_checked,,Review. Some address/physical fields may intentionally differ after geocode/API cleanup.
asset_master,review,asset_field_change_candidate,ast_f9fbc117a7ce,A112162001,business_stage,사업단계,business_stage,운영/실물,,,not_checked,,Review. Some address/physical fields may intentionally differ after geocode/API cleanup.
asset_master,review,asset_field_change_candidate,ast_f9fbc117a7ce,A112162001,portfolio_region,투자지역,portfolio_region,북미,,,not_checked,,Review. Some address/physical fields may intentionally differ after geocode/API cleanup.
asset_master,review,asset_field_change_candidate,ast_f9fbc117a7ce,A112162001,country_code,국내/해외,country_code,OVERSEAS,,,not_checked,,Review. Some address/physical fields may intentionally differ after geocode/API cleanup.
asset_master,review,asset_field_change_candidate,ast_25e1a4cc6c6f,A112163001,canonical_name,자산(건물)명,canonical_name,부산 수영구 광안동 98-1외 7필지 오피스텔 PF대출,부산 수영구 광안동 98-1외 7필지 오피스텔 PF,,found,BldRgstHubService.getBrTitleInfo,Review. Some address/physical fields may intentionally differ after geocode/API cleanup.
asset_master,review,asset_field_change_candidate,ast_25e1a4cc6c6f,A112163001,address_text,"전체주소(시/도, 구/군 포함)",address_text,부산광역시 수영구 광안동 98-1 외 6필지,부산광역시 수영구 광안동 98-1,,found,BldRgstHubService.getBrTitleInfo,Review. Some address/physical fields may intentionally differ after geocode/API cleanup.
asset_master,review,asset_field_change_candidate,ast_25e1a4cc6c6f,A112163001,asset_type,기초자산,asset_type,주거,,,found,BldRgstHubService.getBrTitleInfo,Review. Some address/physical fields may intentionally differ after geocode/API cleanup.
asset_master,review,asset_field_change_candidate,ast_25e1a4cc6c6f,A112163001,business_stage,사업단계,business_stage,운영/실물,,,found,BldRgstHubService.getBrTitleInfo,Review. Some address/physical fields may intentionally differ after geocode/API cleanup.
asset_master,review,asset_field_change_candidate,ast_25e1a4cc6c6f,A112163001,portfolio_region,투자지역,portfolio_region,대한민국,,,found,BldRgstHubService.getBrTitleInfo,Review. Some address/physical fields may intentionally differ after geocode/API cleanup.
asset_master,review,asset_field_change_candidate,ast_25e1a4cc6c6f,A112163001,gross_floor_area,연면적(m²),gross_floor_area,,32799,,found,BldRgstHubService.getBrTitleInfo,Physical fields may be API-enriched. Review provenance before overwriting.
asset_master,review,asset_field_change_candidate,ast_25e1a4cc6c6f,A112163001,site_area,토지면적(㎡),site_area,,2127,,found,BldRgstHubService.getBrTitleInfo,Physical fields may be API-enriched. Review provenance before overwriting.
asset_master,review,asset_field_change_candidate,ast_25e1a4cc6c6f,A112163001,parking,주차대수,parking,,옥내 148 / 옥외 0,,found,BldRgstHubService.getBrTitleInfo,Review. Some address/physical fields may intentionally differ after geocode/API cleanup.
asset_master,review,asset_field_change_candidate,ast_a08672efd868,A112163002,business_stage,사업단계,business_stage,운영/실물,,,not_checked,,Review. Some address/physical fields may intentionally differ after geocode/API cleanup.
asset_master,review,asset_field_change_candidate,ast_a08672efd868,A112163002,portfolio_region,투자지역,portfolio_region,대한민국,,,not_checked,,Review. Some address/physical fields may intentionally differ after geocode/API cleanup.
asset_master,review,asset_field_change_candidate,ast_a08672efd868,A112163002,country_code,국내/해외,country_code,KR,,,not_checked,,Review. Some address/physical fields may intentionally differ after geocode/API cleanup.
asset_master,review,asset_field_change_candidate,ast_225077ef8c95,A112164001,business_stage,사업단계,business_stage,운영/실물,,,not_checked,,Review. Some address/physical fields may intentionally differ after geocode/API cleanup.
asset_master,review,asset_field_change_candidate,ast_225077ef8c95,A112164001,portfolio_region,투자지역,portfolio_region,북미,,,not_checked,,Review. Some address/physical fields may intentionally differ after geocode/API cleanup.
asset_master,review,asset_field_change_candidate,ast_225077ef8c95,A112164001,country_code,국내/해외,country_code,OVERSEAS,,,not_checked,,Review. Some address/physical fields may intentionally differ after geocode/API cleanup.
asset_master,review,asset_field_change_candidate,ast_6943582c5ffa,A112165001,business_stage,사업단계,business_stage,운영/실물,,,found,BldRgstHubService.getBrTitleInfo,Review. Some address/physical fields may intentionally differ after geocode/API cleanup.
asset_master,review,asset_field_change_candidate,ast_6943582c5ffa,A112165001,portfolio_region,투자지역,portfolio_region,대한민국,,,found,BldRgstHubService.getBrTitleInfo,Review. Some address/physical fields may intentionally differ after geocode/API cleanup.
asset_master,review,asset_field_change_candidate,ast_6943582c5ffa,A112165001,site_area,토지면적(㎡),site_area,,496,,found,BldRgstHubService.getBrTitleInfo,Physical fields may be API-enriched. Review provenance before overwriting.
asset_master,review,asset_field_change_candidate,ast_73f09d84ccfa,A112166001,business_stage,사업단계,business_stage,운영/실물,,,not_checked,,Review. Some address/physical fields may intentionally differ after geocode/API cleanup.
asset_master,review,asset_field_change_candidate,ast_73f09d84ccfa,A112166001,portfolio_region,투자지역,portfolio_region,대한민국,,,not_checked,,Review. Some address/physical fields may intentionally differ after geocode/API cleanup.
asset_master,review,asset_field_change_candidate,ast_cb61fdbd9aa4,A112170001,business_stage,사업단계,business_stage,운영/실물,,,not_checked,,Review. Some address/physical fields may intentionally differ after geocode/API cleanup.
asset_master,review,asset_field_change_candidate,ast_cb61fdbd9aa4,A112170001,portfolio_region,투자지역,portfolio_region,아시아,,,not_checked,,Review. Some address/physical fields may intentionally differ after geocode/API cleanup.
asset_master,review,asset_field_change_candidate,ast_cb61fdbd9aa4,A112170001,country_code,국내/해외,country_code,OVERSEAS,,,not_checked,,Review. Some address/physical fields may intentionally differ after geocode/API cleanup.
asset_master,review,asset_field_change_candidate,ast_15470fbdefbf,A112173001,business_stage,사업단계,business_stage,운영/실물,,,not_checked,,Review. Some address/physical fields may intentionally differ after geocode/API cleanup.
asset_master,review,asset_field_change_candidate,ast_15470fbdefbf,A112173001,portfolio_region,투자지역,portfolio_region,유럽,,,not_checked,,Review. Some address/physical fields may intentionally differ after geocode/API cleanup.
asset_master,review,asset_field_change_candidate,ast_15470fbdefbf,A112173001,country_code,국내/해외,country_code,OVERSEAS,,,not_checked,,Review. Some address/physical fields may intentionally differ after geocode/API cleanup.
asset_master,review,asset_field_change_candidate,ast_0d9b6bc27220,A112174001,business_stage,사업단계,business_stage,운영/실물,,,not_checked,,Review. Some address/physical fields may intentionally differ after geocode/API cleanup.
asset_master,review,asset_field_change_candidate,ast_0d9b6bc27220,A112174001,portfolio_region,투자지역,portfolio_region,북미,,,not_checked,,Review. Some address/physical fields may intentionally differ after geocode/API cleanup.
asset_master,review,asset_field_change_candidate,ast_0d9b6bc27220,A112174001,country_code,국내/해외,country_code,OVERSEAS,,,not_checked,,Review. Some address/physical fields may intentionally differ after geocode/API cleanup.
asset_master,review,asset_field_change_candidate,ast_14eb09ddf188,A112175001,business_stage,사업단계,business_stage,운영/실물,,,not_checked,,Review. Some address/physical fields may intentionally differ after geocode/API cleanup.
asset_master,review,asset_field_change_candidate,ast_14eb09ddf188,A112175001,portfolio_region,투자지역,portfolio_region,대한민국,,,not_checked,,Review. Some address/physical fields may intentionally differ after geocode/API cleanup.
asset_master,review,asset_field_change_candidate,ast_14eb09ddf188,A112175001,country_code,국내/해외,country_code,KR,,,not_checked,,Review. Some address/physical fields may intentionally differ after geocode/API cleanup.
asset_master,review,asset_field_change_candidate,ast_8a2bc4422178,A112180001,business_stage,사업단계,business_stage,운영/실물,,,not_checked,,Review. Some address/physical fields may intentionally differ after geocode/API cleanup.
asset_master,review,asset_field_change_candidate,ast_8a2bc4422178,A112180001,portfolio_region,투자지역,portfolio_region,북미,,,not_checked,,Review. Some address/physical fields may intentionally differ after geocode/API cleanup.
asset_master,review,asset_field_change_candidate,ast_8a2bc4422178,A112180001,country_code,국내/해외,country_code,OVERSEAS,,,not_checked,,Review. Some address/physical fields may intentionally differ after geocode/API cleanup.
asset_master,review,asset_field_change_candidate,ast_7ff7300b8ef6,A112182001,business_stage,사업단계,business_stage,운영/실물,,,not_checked,,Review. Some address/physical fields may intentionally differ after geocode/API cleanup.
asset_master,review,asset_field_change_candidate,ast_7ff7300b8ef6,A112182001,portfolio_region,투자지역,portfolio_region,유럽,,,not_checked,,Review. Some address/physical fields may intentionally differ after geocode/API cleanup.
asset_master,review,asset_field_change_candidate,ast_7ff7300b8ef6,A112182001,country_code,국내/해외,country_code,OVERSEAS,,,not_checked,,Review. Some address/physical fields may intentionally differ after geocode/API cleanup.
asset_master,review,asset_field_change_candidate,ast_1b445b832a9b,A112183001,business_stage,사업단계,business_stage,운영/실물,,,not_checked,,Review. Some address/physical fields may intentionally differ after geocode/API cleanup.
asset_master,review,asset_field_change_candidate,ast_1b445b832a9b,A112183001,portfolio_region,투자지역,portfolio_region,북미,,,not_checked,,Review. Some address/physical fields may intentionally differ after geocode/API cleanup.
asset_master,review,asset_field_change_candidate,ast_1b445b832a9b,A112183001,country_code,국내/해외,country_code,OVERSEAS,,,not_checked,,Review. Some address/physical fields may intentionally differ after geocode/API cleanup.
asset_master,review,asset_field_change_candidate,ast_ed6a011723e2,A112184001,canonical_name,자산(건물)명,canonical_name,남동테크노타워 지식산업센터 개발사업 PF대출,남동테크노타워 지식산업센터 개발사업 PF,,found,BldRgstHubService.getBrTitleInfo,Review. Some address/physical fields may intentionally differ after geocode/API cleanup.
asset_master,review,asset_field_change_candidate,ast_ed6a011723e2,A112184001,asset_type,기초자산,asset_type,오피스,,,found,BldRgstHubService.getBrTitleInfo,Review. Some address/physical fields may intentionally differ after geocode/API cleanup.
asset_master,review,asset_field_change_candidate,ast_ed6a011723e2,A112184001,business_stage,사업단계,business_stage,운영/실물,,,found,BldRgstHubService.getBrTitleInfo,Review. Some address/physical fields may intentionally differ after geocode/API cleanup.
asset_master,review,asset_field_change_candidate,ast_ed6a011723e2,A112184001,portfolio_region,투자지역,portfolio_region,대한민국,,,found,BldRgstHubService.getBrTitleInfo,Review. Some address/physical fields may intentionally differ after geocode/API cleanup.
asset_master,review,asset_field_change_candidate,ast_ed6a011723e2,A112184001,gross_floor_area,연면적(m²),gross_floor_area,,39881,,found,BldRgstHubService.getBrTitleInfo,Physical fields may be API-enriched. Review provenance before overwriting.
asset_master,review,asset_field_change_candidate,ast_ed6a011723e2,A112184001,site_area,토지면적(㎡),site_area,,5056,,found,BldRgstHubService.getBrTitleInfo,Physical fields may be API-enriched. Review provenance before overwriting.
asset_master,review,asset_field_change_candidate,ast_ed6a011723e2,A112184001,parking,주차대수,parking,,옥내 234 / 옥외 0,,found,BldRgstHubService.getBrTitleInfo,Review. Some address/physical fields may intentionally differ after geocode/API cleanup.
asset_master,review,asset_field_change_candidate,ast_3e8fec277620,A112185001,canonical_name,자산(건물)명,canonical_name,와이플러스빌딩,와이플러스빌딩 (투자),,found,BldRgstHubService.getBrTitleInfo,Review. Some address/physical fields may intentionally differ after geocode/API cleanup.
asset_master,review,asset_field_change_candidate,ast_3e8fec277620,A112185001,asset_type,기초자산,asset_type,리테일,,,found,BldRgstHubService.getBrTitleInfo,Review. Some address/physical fields may intentionally differ after geocode/API cleanup.
asset_master,review,asset_field_change_candidate,ast_3e8fec277620,A112185001,business_stage,사업단계,business_stage,운영/실물,,,found,BldRgstHubService.getBrTitleInfo,Review. Some address/physical fields may intentionally differ after geocode/API cleanup.
asset_master,review,asset_field_change_candidate,ast_3e8fec277620,A112185001,portfolio_region,투자지역,portfolio_region,대한민국,,,found,BldRgstHubService.getBrTitleInfo,Review. Some address/physical fields may intentionally differ after geocode/API cleanup.
asset_master,review,asset_field_change_candidate,ast_3e8fec277620,A112185001,site_area,토지면적(㎡),site_area,,483,,found,BldRgstHubService.getBrTitleInfo,Physical fields may be API-enriched. Review provenance before overwriting.
asset_master,review,asset_field_change_candidate,ast_3e8fec277620,A112185001,parking,주차대수,parking,,옥내 0 / 옥외 0,,found,BldRgstHubService.getBrTitleInfo,Review. Some address/physical fields may intentionally differ after geocode/API cleanup.
asset_master,review,asset_field_change_candidate,ast_8058fee6124d,A112188001,business_stage,사업단계,business_stage,운영/실물,,,not_checked,,Review. Some address/physical fields may intentionally differ after geocode/API cleanup.
asset_master,review,asset_field_change_candidate,ast_8058fee6124d,A112188001,portfolio_region,투자지역,portfolio_region,아시아,,,not_checked,,Review. Some address/physical fields may intentionally differ after geocode/API cleanup.
asset_master,review,asset_field_change_candidate,ast_8058fee6124d,A112188001,country_code,국내/해외,country_code,OVERSEAS,,,not_checked,,Review. Some address/physical fields may intentionally differ after geocode/API cleanup.
asset_master,review,asset_field_change_candidate,ast_3fe7501ac3ff,A112188002,business_stage,사업단계,business_stage,운영/실물,,,not_checked,,Review. Some address/physical fields may intentionally differ after geocode/API cleanup.
asset_master,review,asset_field_change_candidate,ast_3fe7501ac3ff,A112188002,portfolio_region,투자지역,portfolio_region,아시아,,,not_checked,,Review. Some address/physical fields may intentionally differ after geocode/API cleanup.
asset_master,review,asset_field_change_candidate,ast_3fe7501ac3ff,A112188002,country_code,국내/해외,country_code,OVERSEAS,,,not_checked,,Review. Some address/physical fields may intentionally differ after geocode/API cleanup.
asset_master,review,asset_field_change_candidate,ast_4b60082f6ba4,A112188003,business_stage,사업단계,business_stage,운영/실물,,,not_checked,,Review. Some address/physical fields may intentionally differ after geocode/API cleanup.
asset_master,review,asset_field_change_candidate,ast_4b60082f6ba4,A112188003,portfolio_region,투자지역,portfolio_region,아시아,,,not_checked,,Review. Some address/physical fields may intentionally differ after geocode/API cleanup.
asset_master,review,asset_field_change_candidate,ast_4b60082f6ba4,A112188003,country_code,국내/해외,country_code,OVERSEAS,,,not_checked,,Review. Some address/physical fields may intentionally differ after geocode/API cleanup.
asset_master,review,asset_field_change_candidate,ast_1a7e1fbe1ed6,A112190001,business_stage,사업단계,business_stage,운영/실물,,,not_checked,,Review. Some address/physical fields may intentionally differ after geocode/API cleanup.
asset_master,review,asset_field_change_candidate,ast_1a7e1fbe1ed6,A112190001,portfolio_region,투자지역,portfolio_region,대한민국,,,not_checked,,Review. Some address/physical fields may intentionally differ after geocode/API cleanup.
asset_master,review,asset_field_change_candidate,ast_1a7e1fbe1ed6,A112190001,country_code,국내/해외,country_code,KR,,,not_checked,,Review. Some address/physical fields may intentionally differ after geocode/API cleanup.
asset_master,review,asset_field_change_candidate,ast_ee72b3682575,A112191001,business_stage,사업단계,business_stage,운영/실물,,,not_checked,,Review. Some address/physical fields may intentionally differ after geocode/API cleanup.
asset_master,review,asset_field_change_candidate,ast_ee72b3682575,A112191001,portfolio_region,투자지역,portfolio_region,유럽,,,not_checked,,Review. Some address/physical fields may intentionally differ after geocode/API cleanup.
asset_master,review,asset_field_change_candidate,ast_ee72b3682575,A112191001,country_code,국내/해외,country_code,OVERSEAS,,,not_checked,,Review. Some address/physical fields may intentionally differ after geocode/API cleanup.
asset_master,review,asset_field_change_candidate,ast_6e943e2850e9,A112194001,asset_type,기초자산,asset_type,주거,,,found,BldRgstHubService.getBrTitleInfo,Review. Some address/physical fields may intentionally differ after geocode/API cleanup.
asset_master,review,asset_field_change_candidate,ast_6e943e2850e9,A112194001,business_stage,사업단계,business_stage,운영/실물,,,found,BldRgstHubService.getBrTitleInfo,Review. Some address/physical fields may intentionally differ after geocode/API cleanup.
asset_master,review,asset_field_change_candidate,ast_6e943e2850e9,A112194001,portfolio_region,투자지역,portfolio_region,대한민국,,,found,BldRgstHubService.getBrTitleInfo,Review. Some address/physical fields may intentionally differ after geocode/API cleanup.
asset_master,review,asset_field_change_candidate,ast_6e943e2850e9,A112194001,gross_floor_area,연면적(m²),gross_floor_area,,19707,,found,BldRgstHubService.getBrTitleInfo,Physical fields may be API-enriched. Review provenance before overwriting.
asset_master,review,asset_field_change_candidate,ast_6e943e2850e9,A112194001,site_area,토지면적(㎡),site_area,,1400,,found,BldRgstHubService.getBrTitleInfo,Physical fields may be API-enriched. Review provenance before overwriting.
asset_master,review,asset_field_change_candidate,ast_6e943e2850e9,A112194001,parking,주차대수,parking,,옥내 155 / 옥외 0,,found,BldRgstHubService.getBrTitleInfo,Review. Some address/physical fields may intentionally differ after geocode/API cleanup.
asset_master,review,asset_field_change_candidate,ast_3ac68d303b60,A112194002,canonical_name,자산(건물)명,canonical_name,제주 연동 오피스텔,이지스부동산투자신탁187호,,found,BldRgstHubService.getBrTitleInfo,Review. Some address/physical fields may intentionally differ after geocode/API cleanup.
asset_master,review,asset_field_change_candidate,ast_3ac68d303b60,A112194002,address_text,"전체주소(시/도, 구/군 포함)",address_text,제주도 제주시 연동 261-23,제주특별자치도 제주시 연동 261-23,,found,BldRgstHubService.getBrTitleInfo,Review. Some address/physical fields may intentionally differ after geocode/API cleanup.
asset_master,review,asset_field_change_candidate,ast_3ac68d303b60,A112194002,asset_type,기초자산,asset_type,주거,,,found,BldRgstHubService.getBrTitleInfo,Review. Some address/physical fields may intentionally differ after geocode/API cleanup.
asset_master,review,asset_field_change_candidate,ast_3ac68d303b60,A112194002,business_stage,사업단계,business_stage,운영/실물,,,found,BldRgstHubService.getBrTitleInfo,Review. Some address/physical fields may intentionally differ after geocode/API cleanup.
asset_master,review,asset_field_change_candidate,ast_3ac68d303b60,A112194002,portfolio_region,투자지역,portfolio_region,대한민국,,,found,BldRgstHubService.getBrTitleInfo,Review. Some address/physical fields may intentionally differ after geocode/API cleanup.
asset_master,review,asset_field_change_candidate,ast_3ac68d303b60,A112194002,gross_floor_area,연면적(m²),gross_floor_area,,24248,,found,BldRgstHubService.getBrTitleInfo,Physical fields may be API-enriched. Review provenance before overwriting.
asset_master,review,asset_field_change_candidate,ast_3ac68d303b60,A112194002,site_area,토지면적(㎡),site_area,,1852,,found,BldRgstHubService.getBrTitleInfo,Physical fields may be API-enriched. Review provenance before overwriting.
asset_master,review,asset_field_change_candidate,ast_3ac68d303b60,A112194002,parking,주차대수,parking,,옥내 83 / 옥외 0,,found,BldRgstHubService.getBrTitleInfo,Review. Some address/physical fields may intentionally differ after geocode/API cleanup.
asset_master,review,asset_field_change_candidate,ast_74207a7495b3,A112195001,business_stage,사업단계,business_stage,운영/실물,,,found,BldRgstHubService.getBrTitleInfo,Review. Some address/physical fields may intentionally differ after geocode/API cleanup.
asset_master,review,asset_field_change_candidate,ast_74207a7495b3,A112195001,portfolio_region,투자지역,portfolio_region,대한민국,,,found,BldRgstHubService.getBrTitleInfo,Review. Some address/physical fields may intentionally differ after geocode/API cleanup.
asset_master,review,asset_field_change_candidate,ast_74207a7495b3,A112195001,country_code,국내/해외,country_code,KR,,,found,BldRgstHubService.getBrTitleInfo,Review. Some address/physical fields may intentionally differ after geocode/API cleanup.
asset_master,review,asset_field_change_candidate,ast_74207a7495b3,A112195001,gross_floor_area,연면적(m²),gross_floor_area,,32055,,found,BldRgstHubService.getBrTitleInfo,Physical fields may be API-enriched. Review provenance before overwriting.
asset_master,review,asset_field_change_candidate,ast_74207a7495b3,A112195001,site_area,토지면적(㎡),site_area,,2525,,found,BldRgstHubService.getBrTitleInfo,Physical fields may be API-enriched. Review provenance before overwriting.
asset_master,review,asset_field_change_candidate,ast_74207a7495b3,A112195001,completion_date,준공(예정)일,completion_date,,2017-12-29,,found,BldRgstHubService.getBrTitleInfo,Review. Some address/physical fields may intentionally differ after geocode/API cleanup.
asset_master,review,asset_field_change_candidate,ast_74207a7495b3,A112195001,parking,주차대수,parking,,옥내 305 / 옥외 0,,found,BldRgstHubService.getBrTitleInfo,Review. Some address/physical fields may intentionally differ after geocode/API cleanup.
asset_master,review,asset_field_change_candidate,ast_95bd0edf061a,A112196001,business_stage,사업단계,business_stage,운영/실물,,,found,BldRgstHubService.getBrTitleInfo,Review. Some address/physical fields may intentionally differ after geocode/API cleanup.
asset_master,review,asset_field_change_candidate,ast_95bd0edf061a,A112196001,portfolio_region,투자지역,portfolio_region,대한민국,,,found,BldRgstHubService.getBrTitleInfo,Review. Some address/physical fields may intentionally differ after geocode/API cleanup.
asset_master,review,asset_field_change_candidate,ast_95bd0edf061a,A112196001,country_code,국내/해외,country_code,KR,,,found,BldRgstHubService.getBrTitleInfo,Review. Some address/physical fields may intentionally differ after geocode/API cleanup.
asset_master,review,asset_field_change_candidate,ast_95bd0edf061a,A112196001,gross_floor_area,연면적(m²),gross_floor_area,,28603,,found,BldRgstHubService.getBrTitleInfo,Physical fields may be API-enriched. Review provenance before overwriting.
asset_master,review,asset_field_change_candidate,ast_95bd0edf061a,A112196001,site_area,토지면적(㎡),site_area,,0,,found,BldRgstHubService.getBrTitleInfo,Physical fields may be API-enriched. Review provenance before overwriting.
asset_master,review,asset_field_change_candidate,ast_74aec6939fcf,A112197001,business_stage,사업단계,business_stage,운영/실물,,,found,BldRgstHubService.getBrTitleInfo,Review. Some address/physical fields may intentionally differ after geocode/API cleanup.
asset_master,review,asset_field_change_candidate,ast_74aec6939fcf,A112197001,portfolio_region,투자지역,portfolio_region,대한민국,,,found,BldRgstHubService.getBrTitleInfo,Review. Some address/physical fields may intentionally differ after geocode/API cleanup.
asset_master,review,asset_field_change_candidate,ast_74aec6939fcf,A112197001,country_code,국내/해외,country_code,KR,,,found,BldRgstHubService.getBrTitleInfo,Review. Some address/physical fields may intentionally differ after geocode/API cleanup.
asset_master,review,asset_field_change_candidate,ast_74aec6939fcf,A112197001,site_area,토지면적(㎡),site_area,,1546,,found,BldRgstHubService.getBrTitleInfo,Physical fields may be API-enriched. Review provenance before overwriting.
asset_master,review,asset_field_change_candidate,ast_74aec6939fcf,A112197001,parking,주차대수,parking,,옥내 20 / 옥외 1,,found,BldRgstHubService.getBrTitleInfo,Review. Some address/physical fields may intentionally differ after geocode/API cleanup.
asset_master,review,asset_field_change_candidate,ast_72434a85fc8f,A112199001,business_stage,사업단계,business_stage,운영/실물,,,not_checked,,Review. Some address/physical fields may intentionally differ after geocode/API cleanup.
asset_master,review,asset_field_change_candidate,ast_72434a85fc8f,A112199001,portfolio_region,투자지역,portfolio_region,대한민국,,,not_checked,,Review. Some address/physical fields may intentionally differ after geocode/API cleanup.
asset_master,review,asset_field_change_candidate,ast_5e6798e4e6be,A112199002,business_stage,사업단계,business_stage,운영/실물,,,not_checked,,Review. Some address/physical fields may intentionally differ after geocode/API cleanup.
asset_master,review,asset_field_change_candidate,ast_5e6798e4e6be,A112199002,portfolio_region,투자지역,portfolio_region,대한민국,,,not_checked,,Review. Some address/physical fields may intentionally differ after geocode/API cleanup.
asset_master,review,asset_field_change_candidate,ast_5e6798e4e6be,A112199002,country_code,국내/해외,country_code,KR,,,not_checked,,Review. Some address/physical fields may intentionally differ after geocode/API cleanup.
asset_master,review,asset_field_change_candidate,ast_7384f101a20f,A112200001,business_stage,사업단계,business_stage,운영/실물,,,not_checked,,Review. Some address/physical fields may intentionally differ after geocode/API cleanup.
asset_master,review,asset_field_change_candidate,ast_7384f101a20f,A112200001,portfolio_region,투자지역,portfolio_region,북미,,,not_checked,,Review. Some address/physical fields may intentionally differ after geocode/API cleanup.
asset_master,review,asset_field_change_candidate,ast_7384f101a20f,A112200001,country_code,국내/해외,country_code,OVERSEAS,,,not_checked,,Review. Some address/physical fields may intentionally differ after geocode/API cleanup.
asset_master,review,asset_field_change_candidate,ast_6147631e29d1,A112201001,business_stage,사업단계,business_stage,운영/실물,,,not_checked,,Review. Some address/physical fields may intentionally differ after geocode/API cleanup.
asset_master,review,asset_field_change_candidate,ast_6147631e29d1,A112201001,portfolio_region,투자지역,portfolio_region,북미,,,not_checked,,Review. Some address/physical fields may intentionally differ after geocode/API cleanup.
asset_master,review,asset_field_change_candidate,ast_6147631e29d1,A112201001,country_code,국내/해외,country_code,OVERSEAS,,,not_checked,,Review. Some address/physical fields may intentionally differ after geocode/API cleanup.
asset_master,review,asset_field_change_candidate,ast_5853b093d79c,A112202001,business_stage,사업단계,business_stage,운영/실물,,,not_checked,,Review. Some address/physical fields may intentionally differ after geocode/API cleanup.
asset_master,review,asset_field_change_candidate,ast_5853b093d79c,A112202001,portfolio_region,투자지역,portfolio_region,대한민국,,,not_checked,,Review. Some address/physical fields may intentionally differ after geocode/API cleanup.
asset_master,review,asset_field_change_candidate,ast_5853b093d79c,A112202001,country_code,국내/해외,country_code,KR,,,not_checked,,Review. Some address/physical fields may intentionally differ after geocode/API cleanup.
asset_master,review,asset_field_change_candidate,ast_86b73cdb75eb,A112205001,business_stage,사업단계,business_stage,부실,,,found,BldRgstHubService.getBrTitleInfo,Review. Some address/physical fields may intentionally differ after geocode/API cleanup.
asset_master,review,asset_field_change_candidate,ast_86b73cdb75eb,A112205001,portfolio_region,투자지역,portfolio_region,대한민국,,,found,BldRgstHubService.getBrTitleInfo,Review. Some address/physical fields may intentionally differ after geocode/API cleanup.
asset_master,review,asset_field_change_candidate,ast_86b73cdb75eb,A112205001,country_code,국내/해외,country_code,KR,,,found,BldRgstHubService.getBrTitleInfo,Review. Some address/physical fields may intentionally differ after geocode/API cleanup.
asset_master,review,asset_field_change_candidate,ast_86b73cdb75eb,A112205001,site_area,토지면적(㎡),site_area,,2982,,found,BldRgstHubService.getBrTitleInfo,Physical fields may be API-enriched. Review provenance before overwriting.
asset_master,review,asset_field_change_candidate,ast_86b73cdb75eb,A112205001,parking,주차대수,parking,,옥내 168 / 옥외 0,,found,BldRgstHubService.getBrTitleInfo,Review. Some address/physical fields may intentionally differ after geocode/API cleanup.
asset_master,review,asset_field_change_candidate,ast_a01ce9c12e6b,A112206001,business_stage,사업단계,business_stage,운영/실물,,,not_checked,,Review. Some address/physical fields may intentionally differ after geocode/API cleanup.
asset_master,review,asset_field_change_candidate,ast_a01ce9c12e6b,A112206001,portfolio_region,투자지역,portfolio_region,북미,,,not_checked,,Review. Some address/physical fields may intentionally differ after geocode/API cleanup.
asset_master,review,asset_field_change_candidate,ast_a01ce9c12e6b,A112206001,country_code,국내/해외,country_code,OVERSEAS,,,not_checked,,Review. Some address/physical fields may intentionally differ after geocode/API cleanup.
asset_master,review,asset_field_change_candidate,ast_c26748845c6b,A112207001,business_stage,사업단계,business_stage,운영/실물,,,not_checked,,Review. Some address/physical fields may intentionally differ after geocode/API cleanup.
asset_master,review,asset_field_change_candidate,ast_c26748845c6b,A112207001,portfolio_region,투자지역,portfolio_region,대한민국,,,not_checked,,Review. Some address/physical fields may intentionally differ after geocode/API cleanup.
asset_master,review,asset_field_change_candidate,ast_c26748845c6b,A112207001,country_code,국내/해외,country_code,KR,,,not_checked,,Review. Some address/physical fields may intentionally differ after geocode/API cleanup.
asset_master,review,asset_field_change_candidate,ast_78dab1be1bf0,A112208001,business_stage,사업단계,business_stage,운영/실물,,,not_checked,,Review. Some address/physical fields may intentionally differ after geocode/API cleanup.
asset_master,review,asset_field_change_candidate,ast_78dab1be1bf0,A112208001,portfolio_region,투자지역,portfolio_region,북미,,,not_checked,,Review. Some address/physical fields may intentionally differ after geocode/API cleanup.
asset_master,review,asset_field_change_candidate,ast_78dab1be1bf0,A112208001,country_code,국내/해외,country_code,OVERSEAS,,,not_checked,,Review. Some address/physical fields may intentionally differ after geocode/API cleanup.
asset_master,review,asset_field_change_candidate,ast_b3db1f189553,A112209001,business_stage,사업단계,business_stage,운영/실물,,,found,BldRgstHubService.getBrTitleInfo,Review. Some address/physical fields may intentionally differ after geocode/API cleanup.
asset_master,review,asset_field_change_candidate,ast_b3db1f189553,A112209001,portfolio_region,투자지역,portfolio_region,대한민국,,,found,BldRgstHubService.getBrTitleInfo,Review. Some address/physical fields may intentionally differ after geocode/API cleanup.
asset_master,review,asset_field_change_candidate,ast_b3db1f189553,A112209001,country_code,국내/해외,country_code,KR,,,found,BldRgstHubService.getBrTitleInfo,Review. Some address/physical fields may intentionally differ after geocode/API cleanup.
asset_master,review,asset_field_change_candidate,ast_b3db1f189553,A112209001,site_area,토지면적(㎡),site_area,,18490,,found,BldRgstHubService.getBrTitleInfo,Physical fields may be API-enriched. Review provenance before overwriting.
asset_master,review,asset_field_change_candidate,ast_b3db1f189553,A112209001,parking,주차대수,parking,,옥내 889 / 옥외 0,,found,BldRgstHubService.getBrTitleInfo,Review. Some address/physical fields may intentionally differ after geocode/API cleanup.
asset_master,review,asset_field_change_candidate,ast_f341642853ae,A112213001,canonical_name,자산(건물)명,canonical_name,인천 가좌동 오피스텔 선순위 PF대출채권,인천 가좌동 오피스텔 선순위 PF,,found,BldRgstHubService.getBrTitleInfo,Review. Some address/physical fields may intentionally differ after geocode/API cleanup.
asset_master,review,asset_field_change_candidate,ast_f341642853ae,A112213001,asset_type,기초자산,asset_type,주거,,,found,BldRgstHubService.getBrTitleInfo,Review. Some address/physical fields may intentionally differ after geocode/API cleanup.
asset_master,review,asset_field_change_candidate,ast_f341642853ae,A112213001,business_stage,사업단계,business_stage,운영/실물,,,found,BldRgstHubService.getBrTitleInfo,Review. Some address/physical fields may intentionally differ after geocode/API cleanup.
asset_master,review,asset_field_change_candidate,ast_f341642853ae,A112213001,portfolio_region,투자지역,portfolio_region,대한민국,,,found,BldRgstHubService.getBrTitleInfo,Review. Some address/physical fields may intentionally differ after geocode/API cleanup.
asset_master,review,asset_field_change_candidate,ast_f341642853ae,A112213001,gross_floor_area,연면적(m²),gross_floor_area,,14904,,found,BldRgstHubService.getBrTitleInfo,Physical fields may be API-enriched. Review provenance before overwriting.
asset_master,review,asset_field_change_candidate,ast_f341642853ae,A112213001,site_area,토지면적(㎡),site_area,,2171,,found,BldRgstHubService.getBrTitleInfo,Physical fields may be API-enriched. Review provenance before overwriting.
asset_master,review,asset_field_change_candidate,ast_f341642853ae,A112213001,completion_date,준공(예정)일,completion_date,,2020-03-13,,found,BldRgstHubService.getBrTitleInfo,Review. Some address/physical fields may intentionally differ after geocode/API cleanup.
asset_master,review,asset_field_change_candidate,ast_f341642853ae,A112213001,parking,주차대수,parking,,옥내 133 / 옥외 0,,found,BldRgstHubService.getBrTitleInfo,Review. Some address/physical fields may intentionally differ after geocode/API cleanup.
asset_master,review,asset_field_change_candidate,ast_3660f9bb2ed5,A112214001,business_stage,사업단계,business_stage,운영/실물,,,not_checked,,Review. Some address/physical fields may intentionally differ after geocode/API cleanup.
asset_master,review,asset_field_change_candidate,ast_3660f9bb2ed5,A112214001,portfolio_region,투자지역,portfolio_region,글로벌,,,not_checked,,Review. Some address/physical fields may intentionally differ after geocode/API cleanup.
asset_master,review,asset_field_change_candidate,ast_3660f9bb2ed5,A112214001,country_code,국내/해외,country_code,KR,,,not_checked,,Review. Some address/physical fields may intentionally differ after geocode/API cleanup.
asset_master,review,asset_field_change_candidate,ast_f541715b8374,A112216001,business_stage,사업단계,business_stage,운영/실물,,,not_checked,,Review. Some address/physical fields may intentionally differ after geocode/API cleanup.
asset_master,review,asset_field_change_candidate,ast_f541715b8374,A112216001,portfolio_region,투자지역,portfolio_region,유럽,,,not_checked,,Review. Some address/physical fields may intentionally differ after geocode/API cleanup.
asset_master,review,asset_field_change_candidate,ast_f541715b8374,A112216001,country_code,국내/해외,country_code,OVERSEAS,,,not_checked,,Review. Some address/physical fields may intentionally differ after geocode/API cleanup.
asset_master,review,asset_field_change_candidate,ast_791b962e0c10,A112217001,business_stage,사업단계,business_stage,운영/실물,,,found,BldRgstHubService.getBrTitleInfo,Review. Some address/physical fields may intentionally differ after geocode/API cleanup.
asset_master,review,asset_field_change_candidate,ast_791b962e0c10,A112217001,portfolio_region,투자지역,portfolio_region,대한민국,,,found,BldRgstHubService.getBrTitleInfo,Review. Some address/physical fields may intentionally differ after geocode/API cleanup.
asset_master,review,asset_field_change_candidate,ast_791b962e0c10,A112217001,country_code,국내/해외,country_code,KR,,,found,BldRgstHubService.getBrTitleInfo,Review. Some address/physical fields may intentionally differ after geocode/API cleanup.
asset_master,review,asset_field_change_candidate,ast_791b962e0c10,A112217001,site_area,토지면적(㎡),site_area,,1877,,found,BldRgstHubService.getBrTitleInfo,Physical fields may be API-enriched. Review provenance before overwriting.
asset_master,review,asset_field_change_candidate,ast_791b962e0c10,A112217001,completion_date,준공(예정)일,completion_date,,1970-06-05,,found,BldRgstHubService.getBrTitleInfo,Review. Some address/physical fields may intentionally differ after geocode/API cleanup.
asset_master,review,asset_field_change_candidate,ast_791b962e0c10,A112217001,parking,주차대수,parking,,옥내 50 / 옥외 2,,found,BldRgstHubService.getBrTitleInfo,Review. Some address/physical fields may intentionally differ after geocode/API cleanup.
asset_master,review,asset_field_change_candidate,ast_b3f61c8578bc,A112223000,business_stage,사업단계,business_stage,운영/실물,,,not_checked,,Review. Some address/physical fields may intentionally differ after geocode/API cleanup.
asset_master,review,asset_field_change_candidate,ast_b3f61c8578bc,A112223000,portfolio_region,투자지역,portfolio_region,북미,,,not_checked,,Review. Some address/physical fields may intentionally differ after geocode/API cleanup.
asset_master,review,asset_field_change_candidate,ast_b3f61c8578bc,A112223000,country_code,국내/해외,country_code,OVERSEAS,,,not_checked,,Review. Some address/physical fields may intentionally differ after geocode/API cleanup.
asset_master,review,asset_field_change_candidate,ast_9de000745f5e,A112223001,business_stage,사업단계,business_stage,운영/실물,,,not_checked,,Review. Some address/physical fields may intentionally differ after geocode/API cleanup.
asset_master,review,asset_field_change_candidate,ast_9de000745f5e,A112223001,portfolio_region,투자지역,portfolio_region,북미,,,not_checked,,Review. Some address/physical fields may intentionally differ after geocode/API cleanup.
asset_master,review,asset_field_change_candidate,ast_9de000745f5e,A112223001,country_code,국내/해외,country_code,OVERSEAS,,,not_checked,,Review. Some address/physical fields may intentionally differ after geocode/API cleanup.
asset_master,review,asset_field_change_candidate,ast_e2de71b1eff9,A112223002,business_stage,사업단계,business_stage,운영/실물,,,not_checked,,Review. Some address/physical fields may intentionally differ after geocode/API cleanup.
asset_master,review,asset_field_change_candidate,ast_e2de71b1eff9,A112223002,portfolio_region,투자지역,portfolio_region,북미,,,not_checked,,Review. Some address/physical fields may intentionally differ after geocode/API cleanup.
asset_master,review,asset_field_change_candidate,ast_e2de71b1eff9,A112223002,country_code,국내/해외,country_code,OVERSEAS,,,not_checked,,Review. Some address/physical fields may intentionally differ after geocode/API cleanup.
asset_master,review,asset_field_change_candidate,ast_e2de71b1eff9,A112223002,parking,주차대수,parking,175,,,not_checked,,Review. Some address/physical fields may intentionally differ after geocode/API cleanup.
asset_master,review,asset_field_change_candidate,ast_b48f4cef1665,A112223003,business_stage,사업단계,business_stage,운영/실물,,,not_checked,,Review. Some address/physical fields may intentionally differ after geocode/API cleanup.
asset_master,review,asset_field_change_candidate,ast_b48f4cef1665,A112223003,portfolio_region,투자지역,portfolio_region,북미,,,not_checked,,Review. Some address/physical fields may intentionally differ after geocode/API cleanup.
asset_master,review,asset_field_change_candidate,ast_b48f4cef1665,A112223003,country_code,국내/해외,country_code,OVERSEAS,,,not_checked,,Review. Some address/physical fields may intentionally differ after geocode/API cleanup.
asset_master,review,asset_field_change_candidate,ast_b48f4cef1665,A112223003,parking,주차대수,parking,187,,,not_checked,,Review. Some address/physical fields may intentionally differ after geocode/API cleanup.
asset_master,review,asset_field_change_candidate,ast_f06831738e17,A112223004,business_stage,사업단계,business_stage,운영/실물,,,not_checked,,Review. Some address/physical fields may intentionally differ after geocode/API cleanup.
asset_master,review,asset_field_change_candidate,ast_f06831738e17,A112223004,portfolio_region,투자지역,portfolio_region,북미,,,not_checked,,Review. Some address/physical fields may intentionally differ after geocode/API cleanup.
asset_master,review,asset_field_change_candidate,ast_f06831738e17,A112223004,country_code,국내/해외,country_code,OVERSEAS,,,not_checked,,Review. Some address/physical fields may intentionally differ after geocode/API cleanup.
asset_master,review,asset_field_change_candidate,ast_f06831738e17,A112223004,parking,주차대수,parking,182,,,not_checked,,Review. Some address/physical fields may intentionally differ after geocode/API cleanup.
asset_master,review,asset_field_change_candidate,ast_d0789172de8b,A112223005,business_stage,사업단계,business_stage,운영/실물,,,not_checked,,Review. Some address/physical fields may intentionally differ after geocode/API cleanup.
asset_master,review,asset_field_change_candidate,ast_d0789172de8b,A112223005,portfolio_region,투자지역,portfolio_region,북미,,,not_checked,,Review. Some address/physical fields may intentionally differ after geocode/API cleanup.
asset_master,review,asset_field_change_candidate,ast_d0789172de8b,A112223005,country_code,국내/해외,country_code,OVERSEAS,,,not_checked,,Review. Some address/physical fields may intentionally differ after geocode/API cleanup.
asset_master,review,asset_field_change_candidate,ast_d0789172de8b,A112223005,parking,주차대수,parking,172,,,not_checked,,Review. Some address/physical fields may intentionally differ after geocode/API cleanup.
asset_master,review,asset_field_change_candidate,ast_8e5fe1b9981e,A112223006,business_stage,사업단계,business_stage,운영/실물,,,not_checked,,Review. Some address/physical fields may intentionally differ after geocode/API cleanup.
asset_master,review,asset_field_change_candidate,ast_8e5fe1b9981e,A112223006,portfolio_region,투자지역,portfolio_region,북미,,,not_checked,,Review. Some address/physical fields may intentionally differ after geocode/API cleanup.
asset_master,review,asset_field_change_candidate,ast_8e5fe1b9981e,A112223006,country_code,국내/해외,country_code,OVERSEAS,,,not_checked,,Review. Some address/physical fields may intentionally differ after geocode/API cleanup.
asset_master,review,asset_field_change_candidate,ast_8e5fe1b9981e,A112223006,parking,주차대수,parking,172,,,not_checked,,Review. Some address/physical fields may intentionally differ after geocode/API cleanup.
asset_master,review,asset_field_change_candidate,ast_db4799e88a26,A112223007,business_stage,사업단계,business_stage,운영/실물,,,not_checked,,Review. Some address/physical fields may intentionally differ after geocode/API cleanup.
asset_master,review,asset_field_change_candidate,ast_db4799e88a26,A112223007,portfolio_region,투자지역,portfolio_region,북미,,,not_checked,,Review. Some address/physical fields may intentionally differ after geocode/API cleanup.
asset_master,review,asset_field_change_candidate,ast_db4799e88a26,A112223007,country_code,국내/해외,country_code,OVERSEAS,,,not_checked,,Review. Some address/physical fields may intentionally differ after geocode/API cleanup.
asset_master,review,asset_field_change_candidate,ast_db4799e88a26,A112223007,parking,주차대수,parking,180,,,not_checked,,Review. Some address/physical fields may intentionally differ after geocode/API cleanup.
asset_master,review,asset_field_change_candidate,ast_1fd14a31b02a,A112223008,business_stage,사업단계,business_stage,운영/실물,,,not_checked,,Review. Some address/physical fields may intentionally differ after geocode/API cleanup.
asset_master,review,asset_field_change_candidate,ast_1fd14a31b02a,A112223008,portfolio_region,투자지역,portfolio_region,북미,,,not_checked,,Review. Some address/physical fields may intentionally differ after geocode/API cleanup.
asset_master,review,asset_field_change_candidate,ast_1fd14a31b02a,A112223008,country_code,국내/해외,country_code,OVERSEAS,,,not_checked,,Review. Some address/physical fields may intentionally differ after geocode/API cleanup.
asset_master,review,asset_field_change_candidate,ast_1fd14a31b02a,A112223008,parking,주차대수,parking,172,,,not_checked,,Review. Some address/physical fields may intentionally differ after geocode/API cleanup.
asset_master,review,asset_field_change_candidate,ast_dcc6905b8a09,A112223009,business_stage,사업단계,business_stage,운영/실물,,,not_checked,,Review. Some address/physical fields may intentionally differ after geocode/API cleanup.
asset_master,review,asset_field_change_candidate,ast_dcc6905b8a09,A112223009,portfolio_region,투자지역,portfolio_region,북미,,,not_checked,,Review. Some address/physical fields may intentionally differ after geocode/API cleanup.
asset_master,review,asset_field_change_candidate,ast_dcc6905b8a09,A112223009,country_code,국내/해외,country_code,OVERSEAS,,,not_checked,,Review. Some address/physical fields may intentionally differ after geocode/API cleanup.
asset_master,review,asset_field_change_candidate,ast_dcc6905b8a09,A112223009,parking,주차대수,parking,132,,,not_checked,,Review. Some address/physical fields may intentionally differ after geocode/API cleanup.
asset_master,review,asset_field_change_candidate,ast_6fad3e601ab5,A112223010,business_stage,사업단계,business_stage,운영/실물,,,not_checked,,Review. Some address/physical fields may intentionally differ after geocode/API cleanup.
asset_master,review,asset_field_change_candidate,ast_6fad3e601ab5,A112223010,portfolio_region,투자지역,portfolio_region,북미,,,not_checked,,Review. Some address/physical fields may intentionally differ after geocode/API cleanup.
asset_master,review,asset_field_change_candidate,ast_6fad3e601ab5,A112223010,country_code,국내/해외,country_code,OVERSEAS,,,not_checked,,Review. Some address/physical fields may intentionally differ after geocode/API cleanup.
asset_master,review,asset_field_change_candidate,ast_6fad3e601ab5,A112223010,parking,주차대수,parking,171,,,not_checked,,Review. Some address/physical fields may intentionally differ after geocode/API cleanup.
asset_master,review,asset_field_change_candidate,ast_e534a7538cd4,A112223011,business_stage,사업단계,business_stage,운영/실물,,,not_checked,,Review. Some address/physical fields may intentionally differ after geocode/API cleanup.
asset_master,review,asset_field_change_candidate,ast_e534a7538cd4,A112223011,portfolio_region,투자지역,portfolio_region,북미,,,not_checked,,Review. Some address/physical fields may intentionally differ after geocode/API cleanup.
asset_master,review,asset_field_change_candidate,ast_e534a7538cd4,A112223011,country_code,국내/해외,country_code,OVERSEAS,,,not_checked,,Review. Some address/physical fields may intentionally differ after geocode/API cleanup.
asset_master,review,asset_field_change_candidate,ast_e534a7538cd4,A112223011,parking,주차대수,parking,169,,,not_checked,,Review. Some address/physical fields may intentionally differ after geocode/API cleanup.
asset_master,review,asset_field_change_candidate,ast_36148ade77b4,A112223012,business_stage,사업단계,business_stage,운영/실물,,,not_checked,,Review. Some address/physical fields may intentionally differ after geocode/API cleanup.
asset_master,review,asset_field_change_candidate,ast_36148ade77b4,A112223012,portfolio_region,투자지역,portfolio_region,북미,,,not_checked,,Review. Some address/physical fields may intentionally differ after geocode/API cleanup.
asset_master,review,asset_field_change_candidate,ast_36148ade77b4,A112223012,country_code,국내/해외,country_code,OVERSEAS,,,not_checked,,Review. Some address/physical fields may intentionally differ after geocode/API cleanup.
asset_master,review,asset_field_change_candidate,ast_36148ade77b4,A112223012,parking,주차대수,parking,169,,,not_checked,,Review. Some address/physical fields may intentionally differ after geocode/API cleanup.
asset_master,review,asset_field_change_candidate,ast_e2bbe7ecc53c,A112223013,business_stage,사업단계,business_stage,운영/실물,,,not_checked,,Review. Some address/physical fields may intentionally differ after geocode/API cleanup.
asset_master,review,asset_field_change_candidate,ast_e2bbe7ecc53c,A112223013,portfolio_region,투자지역,portfolio_region,북미,,,not_checked,,Review. Some address/physical fields may intentionally differ after geocode/API cleanup.
asset_master,review,asset_field_change_candidate,ast_e2bbe7ecc53c,A112223013,country_code,국내/해외,country_code,OVERSEAS,,,not_checked,,Review. Some address/physical fields may intentionally differ after geocode/API cleanup.
asset_master,review,asset_field_change_candidate,ast_e2bbe7ecc53c,A112223013,parking,주차대수,parking,160,,,not_checked,,Review. Some address/physical fields may intentionally differ after geocode/API cleanup.
asset_master,review,asset_field_change_candidate,ast_177a1b236451,A112223014,business_stage,사업단계,business_stage,운영/실물,,,not_checked,,Review. Some address/physical fields may intentionally differ after geocode/API cleanup.
asset_master,review,asset_field_change_candidate,ast_177a1b236451,A112223014,portfolio_region,투자지역,portfolio_region,북미,,,not_checked,,Review. Some address/physical fields may intentionally differ after geocode/API cleanup.
asset_master,review,asset_field_change_candidate,ast_177a1b236451,A112223014,country_code,국내/해외,country_code,OVERSEAS,,,not_checked,,Review. Some address/physical fields may intentionally differ after geocode/API cleanup.
asset_master,review,asset_field_change_candidate,ast_177a1b236451,A112223014,parking,주차대수,parking,173,,,not_checked,,Review. Some address/physical fields may intentionally differ after geocode/API cleanup.
asset_master,review,asset_field_change_candidate,ast_cef2499eacaa,A112223015,business_stage,사업단계,business_stage,운영/실물,,,not_checked,,Review. Some address/physical fields may intentionally differ after geocode/API cleanup.
asset_master,review,asset_field_change_candidate,ast_cef2499eacaa,A112223015,portfolio_region,투자지역,portfolio_region,북미,,,not_checked,,Review. Some address/physical fields may intentionally differ after geocode/API cleanup.
asset_master,review,asset_field_change_candidate,ast_cef2499eacaa,A112223015,country_code,국내/해외,country_code,OVERSEAS,,,not_checked,,Review. Some address/physical fields may intentionally differ after geocode/API cleanup.
asset_master,review,asset_field_change_candidate,ast_cef2499eacaa,A112223015,parking,주차대수,parking,147,,,not_checked,,Review. Some address/physical fields may intentionally differ after geocode/API cleanup.
asset_master,review,asset_field_change_candidate,ast_7b9428967d1a,A112223016,business_stage,사업단계,business_stage,운영/실물,,,not_checked,,Review. Some address/physical fields may intentionally differ after geocode/API cleanup.
asset_master,review,asset_field_change_candidate,ast_7b9428967d1a,A112223016,portfolio_region,투자지역,portfolio_region,북미,,,not_checked,,Review. Some address/physical fields may intentionally differ after geocode/API cleanup.
asset_master,review,asset_field_change_candidate,ast_7b9428967d1a,A112223016,country_code,국내/해외,country_code,OVERSEAS,,,not_checked,,Review. Some address/physical fields may intentionally differ after geocode/API cleanup.
asset_master,review,asset_field_change_candidate,ast_7b9428967d1a,A112223016,parking,주차대수,parking,145,,,not_checked,,Review. Some address/physical fields may intentionally differ after geocode/API cleanup.
asset_master,review,asset_field_change_candidate,ast_3c18a81268d7,A112223017,business_stage,사업단계,business_stage,운영/실물,,,not_checked,,Review. Some address/physical fields may intentionally differ after geocode/API cleanup.
asset_master,review,asset_field_change_candidate,ast_3c18a81268d7,A112223017,portfolio_region,투자지역,portfolio_region,북미,,,not_checked,,Review. Some address/physical fields may intentionally differ after geocode/API cleanup.
asset_master,review,asset_field_change_candidate,ast_3c18a81268d7,A112223017,country_code,국내/해외,country_code,OVERSEAS,,,not_checked,,Review. Some address/physical fields may intentionally differ after geocode/API cleanup.
asset_master,review,asset_field_change_candidate,ast_3c18a81268d7,A112223017,parking,주차대수,parking,145,,,not_checked,,Review. Some address/physical fields may intentionally differ after geocode/API cleanup.
asset_master,review,asset_field_change_candidate,ast_a43bd38945be,A112223018,business_stage,사업단계,business_stage,운영/실물,,,not_checked,,Review. Some address/physical fields may intentionally differ after geocode/API cleanup.
asset_master,review,asset_field_change_candidate,ast_a43bd38945be,A112223018,portfolio_region,투자지역,portfolio_region,북미,,,not_checked,,Review. Some address/physical fields may intentionally differ after geocode/API cleanup.
asset_master,review,asset_field_change_candidate,ast_a43bd38945be,A112223018,country_code,국내/해외,country_code,OVERSEAS,,,not_checked,,Review. Some address/physical fields may intentionally differ after geocode/API cleanup.
asset_master,review,asset_field_change_candidate,ast_a43bd38945be,A112223018,parking,주차대수,parking,145,,,not_checked,,Review. Some address/physical fields may intentionally differ after geocode/API cleanup.
asset_master,review,asset_field_change_candidate,ast_302a423013bf,A112223019,business_stage,사업단계,business_stage,운영/실물,,,not_checked,,Review. Some address/physical fields may intentionally differ after geocode/API cleanup.
asset_master,review,asset_field_change_candidate,ast_302a423013bf,A112223019,portfolio_region,투자지역,portfolio_region,북미,,,not_checked,,Review. Some address/physical fields may intentionally differ after geocode/API cleanup.
asset_master,review,asset_field_change_candidate,ast_302a423013bf,A112223019,country_code,국내/해외,country_code,OVERSEAS,,,not_checked,,Review. Some address/physical fields may intentionally differ after geocode/API cleanup.
asset_master,review,asset_field_change_candidate,ast_302a423013bf,A112223019,parking,주차대수,parking,201,,,not_checked,,Review. Some address/physical fields may intentionally differ after geocode/API cleanup.
asset_master,review,asset_field_change_candidate,ast_37a066e39a75,A112223020,business_stage,사업단계,business_stage,운영/실물,,,not_checked,,Review. Some address/physical fields may intentionally differ after geocode/API cleanup.
asset_master,review,asset_field_change_candidate,ast_37a066e39a75,A112223020,portfolio_region,투자지역,portfolio_region,북미,,,not_checked,,Review. Some address/physical fields may intentionally differ after geocode/API cleanup.
asset_master,review,asset_field_change_candidate,ast_37a066e39a75,A112223020,country_code,국내/해외,country_code,OVERSEAS,,,not_checked,,Review. Some address/physical fields may intentionally differ after geocode/API cleanup.
asset_master,review,asset_field_change_candidate,ast_37a066e39a75,A112223020,parking,주차대수,parking,175,,,not_checked,,Review. Some address/physical fields may intentionally differ after geocode/API cleanup.
asset_master,review,asset_field_change_candidate,ast_d4fbfceea801,A112223021,business_stage,사업단계,business_stage,운영/실물,,,not_checked,,Review. Some address/physical fields may intentionally differ after geocode/API cleanup.
asset_master,review,asset_field_change_candidate,ast_d4fbfceea801,A112223021,portfolio_region,투자지역,portfolio_region,북미,,,not_checked,,Review. Some address/physical fields may intentionally differ after geocode/API cleanup.
asset_master,review,asset_field_change_candidate,ast_d4fbfceea801,A112223021,country_code,국내/해외,country_code,OVERSEAS,,,not_checked,,Review. Some address/physical fields may intentionally differ after geocode/API cleanup.
asset_master,review,asset_field_change_candidate,ast_d4fbfceea801,A112223021,parking,주차대수,parking,156,,,not_checked,,Review. Some address/physical fields may intentionally differ after geocode/API cleanup.
asset_master,review,asset_field_change_candidate,ast_78c438a9c9a1,A112223022,business_stage,사업단계,business_stage,운영/실물,,,not_checked,,Review. Some address/physical fields may intentionally differ after geocode/API cleanup.
asset_master,review,asset_field_change_candidate,ast_78c438a9c9a1,A112223022,portfolio_region,투자지역,portfolio_region,북미,,,not_checked,,Review. Some address/physical fields may intentionally differ after geocode/API cleanup.
asset_master,review,asset_field_change_candidate,ast_78c438a9c9a1,A112223022,country_code,국내/해외,country_code,OVERSEAS,,,not_checked,,Review. Some address/physical fields may intentionally differ after geocode/API cleanup.
asset_master,review,asset_field_change_candidate,ast_78c438a9c9a1,A112223022,parking,주차대수,parking,163,,,not_checked,,Review. Some address/physical fields may intentionally differ after geocode/API cleanup.
asset_master,review,asset_field_change_candidate,ast_fabfecf59328,A112223023,business_stage,사업단계,business_stage,운영/실물,,,not_checked,,Review. Some address/physical fields may intentionally differ after geocode/API cleanup.
asset_master,review,asset_field_change_candidate,ast_fabfecf59328,A112223023,portfolio_region,투자지역,portfolio_region,북미,,,not_checked,,Review. Some address/physical fields may intentionally differ after geocode/API cleanup.
asset_master,review,asset_field_change_candidate,ast_fabfecf59328,A112223023,country_code,국내/해외,country_code,OVERSEAS,,,not_checked,,Review. Some address/physical fields may intentionally differ after geocode/API cleanup.
asset_master,review,asset_field_change_candidate,ast_fabfecf59328,A112223023,parking,주차대수,parking,166,,,not_checked,,Review. Some address/physical fields may intentionally differ after geocode/API cleanup.
asset_master,review,asset_field_change_candidate,ast_0fa1343c8192,A112223024,business_stage,사업단계,business_stage,운영/실물,,,not_checked,,Review. Some address/physical fields may intentionally differ after geocode/API cleanup.
asset_master,review,asset_field_change_candidate,ast_0fa1343c8192,A112223024,portfolio_region,투자지역,portfolio_region,북미,,,not_checked,,Review. Some address/physical fields may intentionally differ after geocode/API cleanup.
asset_master,review,asset_field_change_candidate,ast_0fa1343c8192,A112223024,country_code,국내/해외,country_code,OVERSEAS,,,not_checked,,Review. Some address/physical fields may intentionally differ after geocode/API cleanup.
asset_master,review,asset_field_change_candidate,ast_0fa1343c8192,A112223024,parking,주차대수,parking,160,,,not_checked,,Review. Some address/physical fields may intentionally differ after geocode/API cleanup.
asset_master,review,asset_field_change_candidate,ast_95fb4c52cddc,A112223025,business_stage,사업단계,business_stage,운영/실물,,,not_checked,,Review. Some address/physical fields may intentionally differ after geocode/API cleanup.
asset_master,review,asset_field_change_candidate,ast_95fb4c52cddc,A112223025,portfolio_region,투자지역,portfolio_region,북미,,,not_checked,,Review. Some address/physical fields may intentionally differ after geocode/API cleanup.
asset_master,review,asset_field_change_candidate,ast_95fb4c52cddc,A112223025,country_code,국내/해외,country_code,OVERSEAS,,,not_checked,,Review. Some address/physical fields may intentionally differ after geocode/API cleanup.
asset_master,review,asset_field_change_candidate,ast_95fb4c52cddc,A112223025,parking,주차대수,parking,150,,,not_checked,,Review. Some address/physical fields may intentionally differ after geocode/API cleanup.
asset_master,review,asset_field_change_candidate,ast_65a77996a9ee,A112223026,business_stage,사업단계,business_stage,운영/실물,,,not_checked,,Review. Some address/physical fields may intentionally differ after geocode/API cleanup.
asset_master,review,asset_field_change_candidate,ast_65a77996a9ee,A112223026,portfolio_region,투자지역,portfolio_region,북미,,,not_checked,,Review. Some address/physical fields may intentionally differ after geocode/API cleanup.
asset_master,review,asset_field_change_candidate,ast_65a77996a9ee,A112223026,country_code,국내/해외,country_code,OVERSEAS,,,not_checked,,Review. Some address/physical fields may intentionally differ after geocode/API cleanup.
asset_master,review,asset_field_change_candidate,ast_ea5059c477b7,A112223027,business_stage,사업단계,business_stage,운영/실물,,,not_checked,,Review. Some address/physical fields may intentionally differ after geocode/API cleanup.
asset_master,review,asset_field_change_candidate,ast_ea5059c477b7,A112223027,portfolio_region,투자지역,portfolio_region,북미,,,not_checked,,Review. Some address/physical fields may intentionally differ after geocode/API cleanup.
asset_master,review,asset_field_change_candidate,ast_ea5059c477b7,A112223027,country_code,국내/해외,country_code,OVERSEAS,,,not_checked,,Review. Some address/physical fields may intentionally differ after geocode/API cleanup.
asset_master,review,asset_field_change_candidate,ast_c36e38cae9e1,A112223028,business_stage,사업단계,business_stage,운영/실물,,,not_checked,,Review. Some address/physical fields may intentionally differ after geocode/API cleanup.
asset_master,review,asset_field_change_candidate,ast_c36e38cae9e1,A112223028,portfolio_region,투자지역,portfolio_region,북미,,,not_checked,,Review. Some address/physical fields may intentionally differ after geocode/API cleanup.
asset_master,review,asset_field_change_candidate,ast_c36e38cae9e1,A112223028,country_code,국내/해외,country_code,OVERSEAS,,,not_checked,,Review. Some address/physical fields may intentionally differ after geocode/API cleanup.
asset_master,review,asset_field_change_candidate,ast_c36e38cae9e1,A112223028,parking,주차대수,parking,151,,,not_checked,,Review. Some address/physical fields may intentionally differ after geocode/API cleanup.
asset_master,review,asset_field_change_candidate,ast_9375f251bf8a,A112223029,business_stage,사업단계,business_stage,운영/실물,,,not_checked,,Review. Some address/physical fields may intentionally differ after geocode/API cleanup.
asset_master,review,asset_field_change_candidate,ast_9375f251bf8a,A112223029,portfolio_region,투자지역,portfolio_region,북미,,,not_checked,,Review. Some address/physical fields may intentionally differ after geocode/API cleanup.
asset_master,review,asset_field_change_candidate,ast_9375f251bf8a,A112223029,country_code,국내/해외,country_code,OVERSEAS,,,not_checked,,Review. Some address/physical fields may intentionally differ after geocode/API cleanup.
asset_master,review,asset_field_change_candidate,ast_9375f251bf8a,A112223029,parking,주차대수,parking,178,,,not_checked,,Review. Some address/physical fields may intentionally differ after geocode/API cleanup.
asset_master,review,asset_field_change_candidate,ast_94cd6c685a31,A112223030,business_stage,사업단계,business_stage,운영/실물,,,not_checked,,Review. Some address/physical fields may intentionally differ after geocode/API cleanup.
asset_master,review,asset_field_change_candidate,ast_94cd6c685a31,A112223030,portfolio_region,투자지역,portfolio_region,북미,,,not_checked,,Review. Some address/physical fields may intentionally differ after geocode/API cleanup.
asset_master,review,asset_field_change_candidate,ast_94cd6c685a31,A112223030,country_code,국내/해외,country_code,OVERSEAS,,,not_checked,,Review. Some address/physical fields may intentionally differ after geocode/API cleanup.
asset_master,review,asset_field_change_candidate,ast_94cd6c685a31,A112223030,parking,주차대수,parking,188,,,not_checked,,Review. Some address/physical fields may intentionally differ after geocode/API cleanup.
asset_master,review,asset_field_change_candidate,ast_e3779cfe5ab2,A112226001,address_text,"전체주소(시/도, 구/군 포함)",address_text,제주특별자치도 서귀포시 색달동 2785 外,제주특별자치도 서귀포시 색달동 2785,,found,BldRgstHubService.getBrTitleInfo,Review. Some address/physical fields may intentionally differ after geocode/API cleanup.
asset_master,review,asset_field_change_candidate,ast_e3779cfe5ab2,A112226001,asset_type,기초자산,asset_type,호텔,,,found,BldRgstHubService.getBrTitleInfo,Review. Some address/physical fields may intentionally differ after geocode/API cleanup.
asset_master,review,asset_field_change_candidate,ast_e3779cfe5ab2,A112226001,business_stage,사업단계,business_stage,운영/실물,,,found,BldRgstHubService.getBrTitleInfo,Review. Some address/physical fields may intentionally differ after geocode/API cleanup.
asset_master,review,asset_field_change_candidate,ast_e3779cfe5ab2,A112226001,portfolio_region,투자지역,portfolio_region,대한민국,,,found,BldRgstHubService.getBrTitleInfo,Review. Some address/physical fields may intentionally differ after geocode/API cleanup.
asset_master,review,asset_field_change_candidate,ast_e3779cfe5ab2,A112226001,gross_floor_area,연면적(m²),gross_floor_area,,31750,,found,BldRgstHubService.getBrTitleInfo,Physical fields may be API-enriched. Review provenance before overwriting.
asset_master,review,asset_field_change_candidate,ast_e3779cfe5ab2,A112226001,site_area,토지면적(㎡),site_area,,33002,,found,BldRgstHubService.getBrTitleInfo,Physical fields may be API-enriched. Review provenance before overwriting.
asset_master,review,asset_field_change_candidate,ast_e3779cfe5ab2,A112226001,completion_date,준공(예정)일,completion_date,,2014-03-17,,found,BldRgstHubService.getBrTitleInfo,Review. Some address/physical fields may intentionally differ after geocode/API cleanup.
asset_master,review,asset_field_change_candidate,ast_e3779cfe5ab2,A112226001,parking,주차대수,parking,,옥내 0 / 옥외 269,,found,BldRgstHubService.getBrTitleInfo,Review. Some address/physical fields may intentionally differ after geocode/API cleanup.
asset_master,review,asset_field_change_candidate,ast_eedc59c97695,A112229001,business_stage,사업단계,business_stage,운영/실물,,,found,BldRgstHubService.getBrTitleInfo,Review. Some address/physical fields may intentionally differ after geocode/API cleanup.
asset_master,review,asset_field_change_candidate,ast_eedc59c97695,A112229001,portfolio_region,투자지역,portfolio_region,대한민국,,,found,BldRgstHubService.getBrTitleInfo,Review. Some address/physical fields may intentionally differ after geocode/API cleanup.
asset_master,review,asset_field_change_candidate,ast_eedc59c97695,A112229001,country_code,국내/해외,country_code,KR,,,found,BldRgstHubService.getBrTitleInfo,Review. Some address/physical fields may intentionally differ after geocode/API cleanup.
asset_master,review,asset_field_change_candidate,ast_eedc59c97695,A112229001,gross_floor_area,연면적(m²),gross_floor_area,,1167,,found,BldRgstHubService.getBrTitleInfo,Physical fields may be API-enriched. Review provenance before overwriting.
asset_master,review,asset_field_change_candidate,ast_eedc59c97695,A112229001,site_area,토지면적(㎡),site_area,,321,,found,BldRgstHubService.getBrTitleInfo,Physical fields may be API-enriched. Review provenance before overwriting.
asset_master,review,asset_field_change_candidate,ast_eedc59c97695,A112229001,completion_date,준공(예정)일,completion_date,,2003-03-31,,found,BldRgstHubService.getBrTitleInfo,Review. Some address/physical fields may intentionally differ after geocode/API cleanup.
asset_master,review,asset_field_change_candidate,ast_eedc59c97695,A112229001,parking,주차대수,parking,,옥내 0 / 옥외 8,,found,BldRgstHubService.getBrTitleInfo,Review. Some address/physical fields may intentionally differ after geocode/API cleanup.
asset_master,review,asset_field_change_candidate,ast_327f60afc82b,A112230001,business_stage,사업단계,business_stage,운영/실물,,,not_checked,,Review. Some address/physical fields may intentionally differ after geocode/API cleanup.
asset_master,review,asset_field_change_candidate,ast_327f60afc82b,A112230001,portfolio_region,투자지역,portfolio_region,아시아,,,not_checked,,Review. Some address/physical fields may intentionally differ after geocode/API cleanup.
asset_master,review,asset_field_change_candidate,ast_327f60afc82b,A112230001,country_code,국내/해외,country_code,OVERSEAS,,,not_checked,,Review. Some address/physical fields may intentionally differ after geocode/API cleanup.
asset_master,review,asset_field_change_candidate,ast_96aea8917bf5,A112234001,canonical_name,자산(건물)명,canonical_name,(주)페트로코너지 발행 지분증권 및 투자대상회사(이지스페트로코너지(주))에 대한 대출채권,(주)페트로코너지 발행 지분증권 및 투자대상회사(이지스페트로코너지(주))에 대한,,not_checked,,Review. Some address/physical fields may intentionally differ after geocode/API cleanup.
asset_master,review,asset_field_change_candidate,ast_96aea8917bf5,A112234001,portfolio_region,투자지역,portfolio_region,대한민국,,,not_checked,,Review. Some address/physical fields may intentionally differ after geocode/API cleanup.
asset_master,review,asset_field_change_candidate,ast_b9718f8cb5fe,A112235001,business_stage,사업단계,business_stage,운영/실물,,,found,BldRgstHubService.getBrTitleInfo,Review. Some address/physical fields may intentionally differ after geocode/API cleanup.
asset_master,review,asset_field_change_candidate,ast_b9718f8cb5fe,A112235001,portfolio_region,투자지역,portfolio_region,대한민국,,,found,BldRgstHubService.getBrTitleInfo,Review. Some address/physical fields may intentionally differ after geocode/API cleanup.
asset_master,review,asset_field_change_candidate,ast_b9718f8cb5fe,A112235001,site_area,토지면적(㎡),site_area,,0,,found,BldRgstHubService.getBrTitleInfo,Physical fields may be API-enriched. Review provenance before overwriting.
asset_master,review,asset_field_change_candidate,ast_b9718f8cb5fe,A112235001,completion_date,준공(예정)일,completion_date,,2021-01-22,,found,BldRgstHubService.getBrTitleInfo,Review. Some address/physical fields may intentionally differ after geocode/API cleanup.
asset_master,review,asset_field_change_candidate,ast_b9718f8cb5fe,A112235001,parking,주차대수,parking,,옥내 0 / 옥외 0,,found,BldRgstHubService.getBrTitleInfo,Review. Some address/physical fields may intentionally differ after geocode/API cleanup.
asset_master,review,asset_field_change_candidate,ast_4960a4a8e607,A112236001,business_stage,사업단계,business_stage,운영/실물,,,not_checked,,Review. Some address/physical fields may intentionally differ after geocode/API cleanup.
asset_master,review,asset_field_change_candidate,ast_4960a4a8e607,A112236001,portfolio_region,투자지역,portfolio_region,북미,,,not_checked,,Review. Some address/physical fields may intentionally differ after geocode/API cleanup.
asset_master,review,asset_field_change_candidate,ast_4960a4a8e607,A112236001,country_code,국내/해외,country_code,OVERSEAS,,,not_checked,,Review. Some address/physical fields may intentionally differ after geocode/API cleanup.
asset_master,review,asset_field_change_candidate,ast_8645e842633c,A112237001,business_stage,사업단계,business_stage,운영/실물,,,found,BldRgstHubService.getBrTitleInfo,Review. Some address/physical fields may intentionally differ after geocode/API cleanup.
asset_master,review,asset_field_change_candidate,ast_8645e842633c,A112237001,portfolio_region,투자지역,portfolio_region,대한민국,,,found,BldRgstHubService.getBrTitleInfo,Review. Some address/physical fields may intentionally differ after geocode/API cleanup.
asset_master,review,asset_field_change_candidate,ast_8645e842633c,A112237001,country_code,국내/해외,country_code,KR,,,found,BldRgstHubService.getBrTitleInfo,Review. Some address/physical fields may intentionally differ after geocode/API cleanup.
asset_master,review,asset_field_change_candidate,ast_8645e842633c,A112237001,site_area,토지면적(㎡),site_area,,3176,,found,BldRgstHubService.getBrTitleInfo,Physical fields may be API-enriched. Review provenance before overwriting.
asset_master,review,asset_field_change_candidate,ast_8645e842633c,A112237001,parking,주차대수,parking,,옥내 291 / 옥외 0,,found,BldRgstHubService.getBrTitleInfo,Review. Some address/physical fields may intentionally differ after geocode/API cleanup.
asset_master,review,asset_field_change_candidate,ast_1a8c0ab8b13b,A112237002,business_stage,사업단계,business_stage,운영/실물,,,found,BldRgstHubService.getBrTitleInfo,Review. Some address/physical fields may intentionally differ after geocode/API cleanup.
asset_master,review,asset_field_change_candidate,ast_1a8c0ab8b13b,A112237002,portfolio_region,투자지역,portfolio_region,대한민국,,,found,BldRgstHubService.getBrTitleInfo,Review. Some address/physical fields may intentionally differ after geocode/API cleanup.
asset_master,review,asset_field_change_candidate,ast_1a8c0ab8b13b,A112237002,country_code,국내/해외,country_code,KR,,,found,BldRgstHubService.getBrTitleInfo,Review. Some address/physical fields may intentionally differ after geocode/API cleanup.
asset_master,review,asset_field_change_candidate,ast_1a8c0ab8b13b,A112237002,site_area,토지면적(㎡),site_area,,4240,,found,BldRgstHubService.getBrTitleInfo,Physical fields may be API-enriched. Review provenance before overwriting.
asset_master,review,asset_field_change_candidate,ast_1a8c0ab8b13b,A112237002,completion_date,준공(예정)일,completion_date,,1975-10-20,,found,BldRgstHubService.getBrTitleInfo,Review. Some address/physical fields may intentionally differ after geocode/API cleanup.
asset_master,review,asset_field_change_candidate,ast_1a8c0ab8b13b,A112237002,parking,주차대수,parking,,옥내 98 / 옥외 0,,found,BldRgstHubService.getBrTitleInfo,Review. Some address/physical fields may intentionally differ after geocode/API cleanup.
asset_master,review,asset_field_change_candidate,ast_bec58069f5fb,A112237003,business_stage,사업단계,business_stage,운영/실물,,,found,BldRgstHubService.getBrTitleInfo,Review. Some address/physical fields may intentionally differ after geocode/API cleanup.
asset_master,review,asset_field_change_candidate,ast_bec58069f5fb,A112237003,portfolio_region,투자지역,portfolio_region,대한민국,,,found,BldRgstHubService.getBrTitleInfo,Review. Some address/physical fields may intentionally differ after geocode/API cleanup.
asset_master,review,asset_field_change_candidate,ast_bec58069f5fb,A112237003,country_code,국내/해외,country_code,KR,,,found,BldRgstHubService.getBrTitleInfo,Review. Some address/physical fields may intentionally differ after geocode/API cleanup.
asset_master,review,asset_field_change_candidate,ast_bec58069f5fb,A112237003,gross_floor_area,연면적(m²),gross_floor_area,,142156,,found,BldRgstHubService.getBrTitleInfo,Physical fields may be API-enriched. Review provenance before overwriting.
asset_master,review,asset_field_change_candidate,ast_bec58069f5fb,A112237003,site_area,토지면적(㎡),site_area,,0,,found,BldRgstHubService.getBrTitleInfo,Physical fields may be API-enriched. Review provenance before overwriting.
asset_master,review,asset_field_change_candidate,ast_bec58069f5fb,A112237003,completion_date,준공(예정)일,completion_date,,2010-09-03,,found,BldRgstHubService.getBrTitleInfo,Review. Some address/physical fields may intentionally differ after geocode/API cleanup.
asset_master,review,asset_field_change_candidate,ast_bec58069f5fb,A112237003,parking,주차대수,parking,,옥내 663 / 옥외 0,,found,BldRgstHubService.getBrTitleInfo,Review. Some address/physical fields may intentionally differ after geocode/API cleanup.
asset_master,review,asset_field_change_candidate,ast_3b4b047a6381,A112242001,business_stage,사업단계,business_stage,운영/실물,,,not_checked,,Review. Some address/physical fields may intentionally differ after geocode/API cleanup.
asset_master,review,asset_field_change_candidate,ast_3b4b047a6381,A112242001,portfolio_region,투자지역,portfolio_region,유럽,,,not_checked,,Review. Some address/physical fields may intentionally differ after geocode/API cleanup.
asset_master,review,asset_field_change_candidate,ast_3b4b047a6381,A112242001,country_code,국내/해외,country_code,OVERSEAS,,,not_checked,,Review. Some address/physical fields may intentionally differ after geocode/API cleanup.
asset_master,review,asset_field_change_candidate,ast_6f4f44b4c3aa,A112245001,canonical_name,자산(건물)명,canonical_name,도지물류센터,도지물류센터 (투자),,found,BldRgstHubService.getBrTitleInfo,Review. Some address/physical fields may intentionally differ after geocode/API cleanup.
asset_master,review,asset_field_change_candidate,ast_6f4f44b4c3aa,A112245001,asset_type,기초자산,asset_type,물류센터,,,found,BldRgstHubService.getBrTitleInfo,Review. Some address/physical fields may intentionally differ after geocode/API cleanup.
asset_master,review,asset_field_change_candidate,ast_6f4f44b4c3aa,A112245001,business_stage,사업단계,business_stage,운영/실물,,,found,BldRgstHubService.getBrTitleInfo,Review. Some address/physical fields may intentionally differ after geocode/API cleanup.
asset_master,review,asset_field_change_candidate,ast_6f4f44b4c3aa,A112245001,portfolio_region,투자지역,portfolio_region,대한민국,,,found,BldRgstHubService.getBrTitleInfo,Review. Some address/physical fields may intentionally differ after geocode/API cleanup.
asset_master,review,asset_field_change_candidate,ast_6f4f44b4c3aa,A112245001,site_area,토지면적(㎡),site_area,,0,,found,BldRgstHubService.getBrTitleInfo,Physical fields may be API-enriched. Review provenance before overwriting.
asset_master,review,asset_field_change_candidate,ast_6f4f44b4c3aa,A112245001,parking,주차대수,parking,,옥내 30 / 옥외 174,,found,BldRgstHubService.getBrTitleInfo,Review. Some address/physical fields may intentionally differ after geocode/API cleanup.
asset_master,review,asset_field_change_candidate,ast_55478b8ac17a,A112246001,business_stage,사업단계,business_stage,운영/실물,,,not_checked,,Review. Some address/physical fields may intentionally differ after geocode/API cleanup.
asset_master,review,asset_field_change_candidate,ast_55478b8ac17a,A112246001,portfolio_region,투자지역,portfolio_region,대한민국,,,not_checked,,Review. Some address/physical fields may intentionally differ after geocode/API cleanup.
asset_master,review,asset_field_change_candidate,ast_55478b8ac17a,A112246001,country_code,국내/해외,country_code,KR,,,not_checked,,Review. Some address/physical fields may intentionally differ after geocode/API cleanup.
asset_master,review,asset_field_change_candidate,ast_7045c219d59c,A112247001,business_stage,사업단계,business_stage,운영/실물,,,not_checked,,Review. Some address/physical fields may intentionally differ after geocode/API cleanup.
asset_master,review,asset_field_change_candidate,ast_7045c219d59c,A112247001,portfolio_region,투자지역,portfolio_region,북미,,,not_checked,,Review. Some address/physical fields may intentionally differ after geocode/API cleanup.
asset_master,review,asset_field_change_candidate,ast_7045c219d59c,A112247001,country_code,국내/해외,country_code,OVERSEAS,,,not_checked,,Review. Some address/physical fields may intentionally differ after geocode/API cleanup.
asset_master,review,asset_field_change_candidate,ast_77c2451f5139,A112249001,business_stage,사업단계,business_stage,운영/실물,,,pending,,Review. Some address/physical fields may intentionally differ after geocode/API cleanup.
asset_master,review,asset_field_change_candidate,ast_77c2451f5139,A112249001,portfolio_region,투자지역,portfolio_region,대한민국,,,pending,,Review. Some address/physical fields may intentionally differ after geocode/API cleanup.
asset_master,review,asset_field_change_candidate,ast_7a413edaa9cb,A112250001,business_stage,사업단계,business_stage,운영/실물,,,not_checked,,Review. Some address/physical fields may intentionally differ after geocode/API cleanup.
asset_master,review,asset_field_change_candidate,ast_7a413edaa9cb,A112250001,portfolio_region,투자지역,portfolio_region,유럽,,,not_checked,,Review. Some address/physical fields may intentionally differ after geocode/API cleanup.
asset_master,review,asset_field_change_candidate,ast_7a413edaa9cb,A112250001,country_code,국내/해외,country_code,OVERSEAS,,,not_checked,,Review. Some address/physical fields may intentionally differ after geocode/API cleanup.
asset_master,review,asset_field_change_candidate,ast_ede5ff41c84e,A112251001,business_stage,사업단계,business_stage,운영/실물,,,found,BldRgstHubService.getBrTitleInfo,Review. Some address/physical fields may intentionally differ after geocode/API cleanup.
asset_master,review,asset_field_change_candidate,ast_ede5ff41c84e,A112251001,portfolio_region,투자지역,portfolio_region,대한민국,,,found,BldRgstHubService.getBrTitleInfo,Review. Some address/physical fields may intentionally differ after geocode/API cleanup.
asset_master,review,asset_field_change_candidate,ast_ede5ff41c84e,A112251001,country_code,국내/해외,country_code,KR,,,found,BldRgstHubService.getBrTitleInfo,Review. Some address/physical fields may intentionally differ after geocode/API cleanup.
asset_master,review,asset_field_change_candidate,ast_ede5ff41c84e,A112251001,site_area,토지면적(㎡),site_area,,968,,found,BldRgstHubService.getBrTitleInfo,Physical fields may be API-enriched. Review provenance before overwriting.
asset_master,review,asset_field_change_candidate,ast_ede5ff41c84e,A112251001,parking,주차대수,parking,,옥내 39 / 옥외 1,,found,BldRgstHubService.getBrTitleInfo,Review. Some address/physical fields may intentionally differ after geocode/API cleanup.
asset_master,review,asset_field_change_candidate,ast_79be067b7ddd,A112252001,business_stage,사업단계,business_stage,운영/실물,,,found,BldRgstHubService.getBrTitleInfo,Review. Some address/physical fields may intentionally differ after geocode/API cleanup.
asset_master,review,asset_field_change_candidate,ast_79be067b7ddd,A112252001,portfolio_region,투자지역,portfolio_region,대한민국,,,found,BldRgstHubService.getBrTitleInfo,Review. Some address/physical fields may intentionally differ after geocode/API cleanup.
asset_master,review,asset_field_change_candidate,ast_79be067b7ddd,A112252001,country_code,국내/해외,country_code,KR,,,found,BldRgstHubService.getBrTitleInfo,Review. Some address/physical fields may intentionally differ after geocode/API cleanup.
asset_master,review,asset_field_change_candidate,ast_79be067b7ddd,A112252001,gross_floor_area,연면적(m²),gross_floor_area,,12986,,found,BldRgstHubService.getBrTitleInfo,Physical fields may be API-enriched. Review provenance before overwriting.
asset_master,review,asset_field_change_candidate,ast_79be067b7ddd,A112252001,site_area,토지면적(㎡),site_area,,1074,,found,BldRgstHubService.getBrTitleInfo,Physical fields may be API-enriched. Review provenance before overwriting.
asset_master,review,asset_field_change_candidate,ast_79be067b7ddd,A112252001,completion_date,준공(예정)일,completion_date,,2021-04-23,,found,BldRgstHubService.getBrTitleInfo,Review. Some address/physical fields may intentionally differ after geocode/API cleanup.
asset_master,review,asset_field_change_candidate,ast_79be067b7ddd,A112252001,parking,주차대수,parking,,옥내 185 / 옥외 0,,found,BldRgstHubService.getBrTitleInfo,Review. Some address/physical fields may intentionally differ after geocode/API cleanup.
asset_master,review,asset_field_change_candidate,ast_b6574cf0dc13,A112252002,address_text,"전체주소(시/도, 구/군 포함)",address_text,부산시 사상구 괘법동 564-8번지,부산광역시 사상구 괘법동 564-8,,found,BldRgstHubService.getBrTitleInfo,Review. Some address/physical fields may intentionally differ after geocode/API cleanup.
asset_master,review,asset_field_change_candidate,ast_b6574cf0dc13,A112252002,asset_type,기초자산,asset_type,오피스복합,,,found,BldRgstHubService.getBrTitleInfo,Review. Some address/physical fields may intentionally differ after geocode/API cleanup.
asset_master,review,asset_field_change_candidate,ast_b6574cf0dc13,A112252002,business_stage,사업단계,business_stage,운영/실물,,,found,BldRgstHubService.getBrTitleInfo,Review. Some address/physical fields may intentionally differ after geocode/API cleanup.
asset_master,review,asset_field_change_candidate,ast_b6574cf0dc13,A112252002,portfolio_region,투자지역,portfolio_region,대한민국,,,found,BldRgstHubService.getBrTitleInfo,Review. Some address/physical fields may intentionally differ after geocode/API cleanup.
asset_master,review,asset_field_change_candidate,ast_b6574cf0dc13,A112252002,gross_floor_area,연면적(m²),gross_floor_area,,22921,,found,BldRgstHubService.getBrTitleInfo,Physical fields may be API-enriched. Review provenance before overwriting.
asset_master,review,asset_field_change_candidate,ast_b6574cf0dc13,A112252002,site_area,토지면적(㎡),site_area,,1658,,found,BldRgstHubService.getBrTitleInfo,Physical fields may be API-enriched. Review provenance before overwriting.
asset_master,review,asset_field_change_candidate,ast_b6574cf0dc13,A112252002,completion_date,준공(예정)일,completion_date,,2021-01-25,,found,BldRgstHubService.getBrTitleInfo,Review. Some address/physical fields may intentionally differ after geocode/API cleanup.
asset_master,review,asset_field_change_candidate,ast_b6574cf0dc13,A112252002,parking,주차대수,parking,,옥내 58 / 옥외 0,,found,BldRgstHubService.getBrTitleInfo,Review. Some address/physical fields may intentionally differ after geocode/API cleanup.
asset_master,review,asset_field_change_candidate,ast_bd308f82a818,A112255001,canonical_name,자산(건물)명,canonical_name,잭니클라우스GC 단독주택부지 담보신탁 1순위 우선수익권 담보부대출,잭니클라우스GC 단독주택부지 담보신탁 1순위 우선수익권 담보부,,found,BldRgstHubService.getBrTitleInfo,Review. Some address/physical fields may intentionally differ after geocode/API cleanup.
asset_master,review,asset_field_change_candidate,ast_bd308f82a818,A112255001,address_text,"전체주소(시/도, 구/군 포함)",address_text,인천광역시 연수구 송도동 117-91외,인천광역시 연수구 송도동 117-91,,found,BldRgstHubService.getBrTitleInfo,Review. Some address/physical fields may intentionally differ after geocode/API cleanup.
asset_master,review,asset_field_change_candidate,ast_bd308f82a818,A112255001,asset_type,기초자산,asset_type,주거,,,found,BldRgstHubService.getBrTitleInfo,Review. Some address/physical fields may intentionally differ after geocode/API cleanup.
asset_master,review,asset_field_change_candidate,ast_bd308f82a818,A112255001,business_stage,사업단계,business_stage,운영/실물,,,found,BldRgstHubService.getBrTitleInfo,Review. Some address/physical fields may intentionally differ after geocode/API cleanup.
asset_master,review,asset_field_change_candidate,ast_bd308f82a818,A112255001,portfolio_region,투자지역,portfolio_region,대한민국,,,found,BldRgstHubService.getBrTitleInfo,Review. Some address/physical fields may intentionally differ after geocode/API cleanup.
asset_master,review,asset_field_change_candidate,ast_bd308f82a818,A112255001,gross_floor_area,연면적(m²),gross_floor_area,,454,,found,BldRgstHubService.getBrTitleInfo,Physical fields may be API-enriched. Review provenance before overwriting.
asset_master,review,asset_field_change_candidate,ast_bd308f82a818,A112255001,site_area,토지면적(㎡),site_area,,460,,found,BldRgstHubService.getBrTitleInfo,Physical fields may be API-enriched. Review provenance before overwriting.
asset_master,review,asset_field_change_candidate,ast_bd308f82a818,A112255001,completion_date,준공(예정)일,completion_date,,2024-10-22,,found,BldRgstHubService.getBrTitleInfo,Review. Some address/physical fields may intentionally differ after geocode/API cleanup.
asset_master,review,asset_field_change_candidate,ast_bd308f82a818,A112255001,parking,주차대수,parking,,옥내 3 / 옥외 0,,found,BldRgstHubService.getBrTitleInfo,Review. Some address/physical fields may intentionally differ after geocode/API cleanup.
asset_master,review,asset_field_change_candidate,ast_403ec12279a7,A112256001,business_stage,사업단계,business_stage,운영/실물,,,not_checked,,Review. Some address/physical fields may intentionally differ after geocode/API cleanup.
asset_master,review,asset_field_change_candidate,ast_403ec12279a7,A112256001,portfolio_region,투자지역,portfolio_region,북미,,,not_checked,,Review. Some address/physical fields may intentionally differ after geocode/API cleanup.
asset_master,review,asset_field_change_candidate,ast_403ec12279a7,A112256001,country_code,국내/해외,country_code,OVERSEAS,,,not_checked,,Review. Some address/physical fields may intentionally differ after geocode/API cleanup.
asset_master,review,asset_field_change_candidate,ast_7bb76c255a79,A112258001,business_stage,사업단계,business_stage,운영/실물,,,found,BldRgstHubService.getBrTitleInfo,Review. Some address/physical fields may intentionally differ after geocode/API cleanup.
asset_master,review,asset_field_change_candidate,ast_7bb76c255a79,A112258001,portfolio_region,투자지역,portfolio_region,대한민국,,,found,BldRgstHubService.getBrTitleInfo,Review. Some address/physical fields may intentionally differ after geocode/API cleanup.
asset_master,review,asset_field_change_candidate,ast_7bb76c255a79,A112258001,country_code,국내/해외,country_code,KR,,,found,BldRgstHubService.getBrTitleInfo,Review. Some address/physical fields may intentionally differ after geocode/API cleanup.
asset_master,review,asset_field_change_candidate,ast_7bb76c255a79,A112258001,gross_floor_area,연면적(m²),gross_floor_area,,6102,,found,BldRgstHubService.getBrTitleInfo,Physical fields may be API-enriched. Review provenance before overwriting.
asset_master,review,asset_field_change_candidate,ast_7bb76c255a79,A112258001,site_area,토지면적(㎡),site_area,,1238,,found,BldRgstHubService.getBrTitleInfo,Physical fields may be API-enriched. Review provenance before overwriting.
asset_master,review,asset_field_change_candidate,ast_7bb76c255a79,A112258001,completion_date,준공(예정)일,completion_date,,2019-12-30,,found,BldRgstHubService.getBrTitleInfo,Review. Some address/physical fields may intentionally differ after geocode/API cleanup.
asset_master,review,asset_field_change_candidate,ast_7bb76c255a79,A112258001,parking,주차대수,parking,,옥내 44 / 옥외 4,,found,BldRgstHubService.getBrTitleInfo,Review. Some address/physical fields may intentionally differ after geocode/API cleanup.
asset_master,review,asset_field_change_candidate,ast_8fdf7890a11b,A112259001,business_stage,사업단계,business_stage,운영/실물,,,not_checked,,Review. Some address/physical fields may intentionally differ after geocode/API cleanup.
asset_master,review,asset_field_change_candidate,ast_8fdf7890a11b,A112259001,portfolio_region,투자지역,portfolio_region,대한민국,,,not_checked,,Review. Some address/physical fields may intentionally differ after geocode/API cleanup.
asset_master,review,asset_field_change_candidate,ast_8fdf7890a11b,A112259001,country_code,국내/해외,country_code,KR,,,not_checked,,Review. Some address/physical fields may intentionally differ after geocode/API cleanup.
asset_master,review,asset_field_change_candidate,ast_fbe13b6b1e0a,A112260001,portfolio_region,투자지역,portfolio_region,글로벌,,,not_checked,,Review. Some address/physical fields may intentionally differ after geocode/API cleanup.
asset_master,review,asset_field_change_candidate,ast_fbe13b6b1e0a,A112260001,country_code,국내/해외,country_code,OVERSEAS,,,not_checked,,Review. Some address/physical fields may intentionally differ after geocode/API cleanup.
asset_master,review,asset_field_change_candidate,ast_1273fe709763,A112264001,business_stage,사업단계,business_stage,운영/실물,,,not_checked,,Review. Some address/physical fields may intentionally differ after geocode/API cleanup.
asset_master,review,asset_field_change_candidate,ast_1273fe709763,A112264001,portfolio_region,투자지역,portfolio_region,대한민국,,,not_checked,,Review. Some address/physical fields may intentionally differ after geocode/API cleanup.
asset_master,review,asset_field_change_candidate,ast_fd58b1c03da5,A112267001,business_stage,사업단계,business_stage,운영/실물,,,not_checked,,Review. Some address/physical fields may intentionally differ after geocode/API cleanup.
asset_master,review,asset_field_change_candidate,ast_fd58b1c03da5,A112267001,portfolio_region,투자지역,portfolio_region,아시아,,,not_checked,,Review. Some address/physical fields may intentionally differ after geocode/API cleanup.
asset_master,review,asset_field_change_candidate,ast_fd58b1c03da5,A112267001,country_code,국내/해외,country_code,OVERSEAS,,,not_checked,,Review. Some address/physical fields may intentionally differ after geocode/API cleanup.
asset_master,review,asset_field_change_candidate,ast_dc0316795e8e,A112268001,business_stage,사업단계,business_stage,운영/실물,,,found,BldRgstHubService.getBrTitleInfo,Review. Some address/physical fields may intentionally differ after geocode/API cleanup.
asset_master,review,asset_field_change_candidate,ast_dc0316795e8e,A112268001,portfolio_region,투자지역,portfolio_region,대한민국,,,found,BldRgstHubService.getBrTitleInfo,Review. Some address/physical fields may intentionally differ after geocode/API cleanup.
asset_master,review,asset_field_change_candidate,ast_dc0316795e8e,A112268001,site_area,토지면적(㎡),site_area,,742,,found,BldRgstHubService.getBrTitleInfo,Physical fields may be API-enriched. Review provenance before overwriting.
asset_master,review,asset_field_change_candidate,ast_0e748b87e46f,A112270001,business_stage,사업단계,business_stage,운영/실물,,,found,BldRgstHubService.getBrTitleInfo,Review. Some address/physical fields may intentionally differ after geocode/API cleanup.
asset_master,review,asset_field_change_candidate,ast_0e748b87e46f,A112270001,portfolio_region,투자지역,portfolio_region,대한민국,,,found,BldRgstHubService.getBrTitleInfo,Review. Some address/physical fields may intentionally differ after geocode/API cleanup.
asset_master,review,asset_field_change_candidate,ast_0e748b87e46f,A112270001,site_area,토지면적(㎡),site_area,,2155,,found,BldRgstHubService.getBrTitleInfo,Physical fields may be API-enriched. Review provenance before overwriting.
asset_master,review,asset_field_change_candidate,ast_0e748b87e46f,A112270001,completion_date,준공(예정)일,completion_date,,1993-07-29,,found,BldRgstHubService.getBrTitleInfo,Review. Some address/physical fields may intentionally differ after geocode/API cleanup.
asset_master,review,asset_field_change_candidate,ast_0e748b87e46f,A112270001,parking,주차대수,parking,,옥내 68 / 옥외 12,,found,BldRgstHubService.getBrTitleInfo,Review. Some address/physical fields may intentionally differ after geocode/API cleanup.
asset_master,review,asset_field_change_candidate,ast_cbc413cdfd7f,A112274001,business_stage,사업단계,business_stage,운영/실물,,,not_checked,,Review. Some address/physical fields may intentionally differ after geocode/API cleanup.
asset_master,review,asset_field_change_candidate,ast_cbc413cdfd7f,A112274001,portfolio_region,투자지역,portfolio_region,대한민국,,,not_checked,,Review. Some address/physical fields may intentionally differ after geocode/API cleanup.
asset_master,review,asset_field_change_candidate,ast_cbc413cdfd7f,A112274001,country_code,국내/해외,country_code,KR,,,not_checked,,Review. Some address/physical fields may intentionally differ after geocode/API cleanup.
asset_master,review,asset_field_change_candidate,ast_8f71aef30468,A112275001,business_stage,사업단계,business_stage,운영/실물,,,not_checked,,Review. Some address/physical fields may intentionally differ after geocode/API cleanup.
asset_master,review,asset_field_change_candidate,ast_8f71aef30468,A112275001,portfolio_region,투자지역,portfolio_region,대한민국,,,not_checked,,Review. Some address/physical fields may intentionally differ after geocode/API cleanup.
asset_master,review,asset_field_change_candidate,ast_8f71aef30468,A112275001,country_code,국내/해외,country_code,KR,,,not_checked,,Review. Some address/physical fields may intentionally differ after geocode/API cleanup.
asset_master,review,asset_field_change_candidate,ast_3b3e44da06d7,A112276001,business_stage,사업단계,business_stage,운영/실물,,,found,BldRgstHubService.getBrTitleInfo,Review. Some address/physical fields may intentionally differ after geocode/API cleanup.
asset_master,review,asset_field_change_candidate,ast_3b3e44da06d7,A112276001,portfolio_region,투자지역,portfolio_region,대한민국,,,found,BldRgstHubService.getBrTitleInfo,Review. Some address/physical fields may intentionally differ after geocode/API cleanup.
asset_master,review,asset_field_change_candidate,ast_3b3e44da06d7,A112276001,country_code,국내/해외,country_code,KR,,,found,BldRgstHubService.getBrTitleInfo,Review. Some address/physical fields may intentionally differ after geocode/API cleanup.
asset_master,review,asset_field_change_candidate,ast_3b3e44da06d7,A112276001,gross_floor_area,연면적(m²),gross_floor_area,,516,,found,BldRgstHubService.getBrTitleInfo,Physical fields may be API-enriched. Review provenance before overwriting.
asset_master,review,asset_field_change_candidate,ast_3b3e44da06d7,A112276001,site_area,토지면적(㎡),site_area,,0,,found,BldRgstHubService.getBrTitleInfo,Physical fields may be API-enriched. Review provenance before overwriting.
asset_master,review,asset_field_change_candidate,ast_8d2911b657d8,A112277001,address_text,"전체주소(시/도, 구/군 포함)",address_text,경기도 파주시 와동동 1433번지,경기도 파주시 와동동 1433,,found,BldRgstHubService.getBrTitleInfo,Review. Some address/physical fields may intentionally differ after geocode/API cleanup.
asset_master,review,asset_field_change_candidate,ast_8d2911b657d8,A112277001,asset_type,기초자산,asset_type,오피스,,,found,BldRgstHubService.getBrTitleInfo,Review. Some address/physical fields may intentionally differ after geocode/API cleanup.
asset_master,review,asset_field_change_candidate,ast_8d2911b657d8,A112277001,business_stage,사업단계,business_stage,운영/실물,,,found,BldRgstHubService.getBrTitleInfo,Review. Some address/physical fields may intentionally differ after geocode/API cleanup.
asset_master,review,asset_field_change_candidate,ast_8d2911b657d8,A112277001,portfolio_region,투자지역,portfolio_region,대한민국,,,found,BldRgstHubService.getBrTitleInfo,Review. Some address/physical fields may intentionally differ after geocode/API cleanup.
asset_master,review,asset_field_change_candidate,ast_8d2911b657d8,A112277001,gross_floor_area,연면적(m²),gross_floor_area,,22922,,found,BldRgstHubService.getBrTitleInfo,Physical fields may be API-enriched. Review provenance before overwriting.
asset_master,review,asset_field_change_candidate,ast_8d2911b657d8,A112277001,site_area,토지면적(㎡),site_area,,1996,,found,BldRgstHubService.getBrTitleInfo,Physical fields may be API-enriched. Review provenance before overwriting.
asset_master,review,asset_field_change_candidate,ast_8d2911b657d8,A112277001,completion_date,준공(예정)일,completion_date,,2021-01-08,,found,BldRgstHubService.getBrTitleInfo,Review. Some address/physical fields may intentionally differ after geocode/API cleanup.
asset_master,review,asset_field_change_candidate,ast_8d2911b657d8,A112277001,parking,주차대수,parking,,옥내 133 / 옥외 0,,found,BldRgstHubService.getBrTitleInfo,Review. Some address/physical fields may intentionally differ after geocode/API cleanup.
asset_master,review,asset_field_change_candidate,ast_5264d55d0bc9,A112278001,business_stage,사업단계,business_stage,운영/실물,,,not_checked,,Review. Some address/physical fields may intentionally differ after geocode/API cleanup.
asset_master,review,asset_field_change_candidate,ast_5264d55d0bc9,A112278001,portfolio_region,투자지역,portfolio_region,유럽,,,not_checked,,Review. Some address/physical fields may intentionally differ after geocode/API cleanup.
asset_master,review,asset_field_change_candidate,ast_5264d55d0bc9,A112278001,country_code,국내/해외,country_code,OVERSEAS,,,not_checked,,Review. Some address/physical fields may intentionally differ after geocode/API cleanup.
asset_master,review,asset_field_change_candidate,ast_b37459d7bd24,A112279001,business_stage,사업단계,business_stage,운영/실물,,,found,BldRgstHubService.getBrTitleInfo,Review. Some address/physical fields may intentionally differ after geocode/API cleanup.
asset_master,review,asset_field_change_candidate,ast_b37459d7bd24,A112279001,portfolio_region,투자지역,portfolio_region,대한민국,,,found,BldRgstHubService.getBrTitleInfo,Review. Some address/physical fields may intentionally differ after geocode/API cleanup.
asset_master,review,asset_field_change_candidate,ast_b37459d7bd24,A112279001,country_code,국내/해외,country_code,KR,,,found,BldRgstHubService.getBrTitleInfo,Review. Some address/physical fields may intentionally differ after geocode/API cleanup.
asset_master,review,asset_field_change_candidate,ast_b37459d7bd24,A112279001,site_area,토지면적(㎡),site_area,,8693,,found,BldRgstHubService.getBrTitleInfo,Physical fields may be API-enriched. Review provenance before overwriting.
asset_master,review,asset_field_change_candidate,ast_b37459d7bd24,A112279001,completion_date,준공(예정)일,completion_date,,2013-09-02,,found,BldRgstHubService.getBrTitleInfo,Review. Some address/physical fields may intentionally differ after geocode/API cleanup.
asset_master,review,asset_field_change_candidate,ast_b37459d7bd24,A112279001,parking,주차대수,parking,,옥내 0 / 옥외 213,,found,BldRgstHubService.getBrTitleInfo,Review. Some address/physical fields may intentionally differ after geocode/API cleanup.
asset_master,review,asset_field_change_candidate,ast_d36d4302f996,A112285001,business_stage,사업단계,business_stage,운영/실물,,,not_checked,,Review. Some address/physical fields may intentionally differ after geocode/API cleanup.
asset_master,review,asset_field_change_candidate,ast_d36d4302f996,A112285001,portfolio_region,투자지역,portfolio_region,대한민국,,,not_checked,,Review. Some address/physical fields may intentionally differ after geocode/API cleanup.
asset_master,review,asset_field_change_candidate,ast_021767a7f029,A112287001,address_text,"전체주소(시/도, 구/군 포함)",address_text,서울시 강동구 성내동 87-1번지 일원,성내동 190-11,,found,BldRgstHubService.getBrTitleInfo,Review. Some address/physical fields may intentionally differ after geocode/API cleanup.
asset_master,review,asset_field_change_candidate,ast_021767a7f029,A112287001,asset_type,기초자산,asset_type,주거,,,found,BldRgstHubService.getBrTitleInfo,Review. Some address/physical fields may intentionally differ after geocode/API cleanup.
asset_master,review,asset_field_change_candidate,ast_021767a7f029,A112287001,business_stage,사업단계,business_stage,운영/실물,,,found,BldRgstHubService.getBrTitleInfo,Review. Some address/physical fields may intentionally differ after geocode/API cleanup.
asset_master,review,asset_field_change_candidate,ast_021767a7f029,A112287001,portfolio_region,투자지역,portfolio_region,대한민국,,,found,BldRgstHubService.getBrTitleInfo,Review. Some address/physical fields may intentionally differ after geocode/API cleanup.
asset_master,review,asset_field_change_candidate,ast_021767a7f029,A112287001,gross_floor_area,연면적(m²),gross_floor_area,,191,,found,BldRgstHubService.getBrTitleInfo,Physical fields may be API-enriched. Review provenance before overwriting.
asset_master,review,asset_field_change_candidate,ast_021767a7f029,A112287001,site_area,토지면적(㎡),site_area,,0,,found,BldRgstHubService.getBrTitleInfo,Physical fields may be API-enriched. Review provenance before overwriting.
asset_master,review,asset_field_change_candidate,ast_021767a7f029,A112287001,completion_date,준공(예정)일,completion_date,,1974-12-23,,found,BldRgstHubService.getBrTitleInfo,Review. Some address/physical fields may intentionally differ after geocode/API cleanup.
asset_master,review,asset_field_change_candidate,ast_021767a7f029,A112287001,parking,주차대수,parking,,옥내 0 / 옥외 0,,found,BldRgstHubService.getBrTitleInfo,Review. Some address/physical fields may intentionally differ after geocode/API cleanup.
asset_master,review,asset_field_change_candidate,ast_75c6cda594b3,A112290001,address_text,"전체주소(시/도, 구/군 포함)",address_text,경기도 화성시 반송동 96/98번지,경기도 화성시 동탄구 반송동 96,,found,BldRgstHubService.getBrTitleInfo,Review. Some address/physical fields may intentionally differ after geocode/API cleanup.
asset_master,review,asset_field_change_candidate,ast_75c6cda594b3,A112290001,business_stage,사업단계,business_stage,운영/실물,,,found,BldRgstHubService.getBrTitleInfo,Review. Some address/physical fields may intentionally differ after geocode/API cleanup.
asset_master,review,asset_field_change_candidate,ast_75c6cda594b3,A112290001,portfolio_region,투자지역,portfolio_region,대한민국,,,found,BldRgstHubService.getBrTitleInfo,Review. Some address/physical fields may intentionally differ after geocode/API cleanup.
asset_master,review,asset_field_change_candidate,ast_75c6cda594b3,A112290001,site_area,토지면적(㎡),site_area,,0,,found,BldRgstHubService.getBrTitleInfo,Physical fields may be API-enriched. Review provenance before overwriting.
asset_master,review,asset_field_change_candidate,ast_75c6cda594b3,A112290001,parking,주차대수,parking,,옥내 663 / 옥외 0,,found,BldRgstHubService.getBrTitleInfo,Review. Some address/physical fields may intentionally differ after geocode/API cleanup.
asset_master,review,asset_field_change_candidate,ast_e1d9cebad545,A112291001,business_stage,사업단계,business_stage,운영/실물,,,not_checked,,Review. Some address/physical fields may intentionally differ after geocode/API cleanup.
asset_master,review,asset_field_change_candidate,ast_e1d9cebad545,A112291001,portfolio_region,투자지역,portfolio_region,대한민국,,,not_checked,,Review. Some address/physical fields may intentionally differ after geocode/API cleanup.
asset_master,review,asset_field_change_candidate,ast_e1d9cebad545,A112291001,country_code,국내/해외,country_code,KR,,,not_checked,,Review. Some address/physical fields may intentionally differ after geocode/API cleanup.
asset_master,review,asset_field_change_candidate,ast_762c9fa6b134,A112292001,business_stage,사업단계,business_stage,운영/실물,,,found,BldRgstHubService.getBrTitleInfo,Review. Some address/physical fields may intentionally differ after geocode/API cleanup.
asset_master,review,asset_field_change_candidate,ast_762c9fa6b134,A112292001,portfolio_region,투자지역,portfolio_region,대한민국,,,found,BldRgstHubService.getBrTitleInfo,Review. Some address/physical fields may intentionally differ after geocode/API cleanup.
asset_master,review,asset_field_change_candidate,ast_762c9fa6b134,A112292001,country_code,국내/해외,country_code,KR,,,found,BldRgstHubService.getBrTitleInfo,Review. Some address/physical fields may intentionally differ after geocode/API cleanup.
asset_master,review,asset_field_change_candidate,ast_762c9fa6b134,A112292001,site_area,토지면적(㎡),site_area,,2155,,found,BldRgstHubService.getBrTitleInfo,Physical fields may be API-enriched. Review provenance before overwriting.
asset_master,review,asset_field_change_candidate,ast_762c9fa6b134,A112292001,completion_date,준공(예정)일,completion_date,,1993-07-29,,found,BldRgstHubService.getBrTitleInfo,Review. Some address/physical fields may intentionally differ after geocode/API cleanup.
asset_master,review,asset_field_change_candidate,ast_762c9fa6b134,A112292001,parking,주차대수,parking,,옥내 68 / 옥외 12,,found,BldRgstHubService.getBrTitleInfo,Review. Some address/physical fields may intentionally differ after geocode/API cleanup.
asset_master,review,asset_field_change_candidate,ast_2397942b2f4e,A112293001,business_stage,사업단계,business_stage,운영/실물,,,not_checked,,Review. Some address/physical fields may intentionally differ after geocode/API cleanup.
asset_master,review,asset_field_change_candidate,ast_2397942b2f4e,A112293001,portfolio_region,투자지역,portfolio_region,대한민국,,,not_checked,,Review. Some address/physical fields may intentionally differ after geocode/API cleanup.
asset_master,review,asset_field_change_candidate,ast_2397942b2f4e,A112293001,country_code,국내/해외,country_code,KR,,,not_checked,,Review. Some address/physical fields may intentionally differ after geocode/API cleanup.
asset_master,review,asset_field_change_candidate,ast_90a7471e6e20,A112294001,canonical_name,자산(건물)명,canonical_name,수원 이비스 앰배서더 수원 호텔 후순위 담보대출,수원 이비스 앰배서더 수원 호텔 후순위,,found,BldRgstHubService.getBrTitleInfo,Review. Some address/physical fields may intentionally differ after geocode/API cleanup.
asset_master,review,asset_field_change_candidate,ast_90a7471e6e20,A112294001,asset_type,기초자산,asset_type,호텔,,,found,BldRgstHubService.getBrTitleInfo,Review. Some address/physical fields may intentionally differ after geocode/API cleanup.
asset_master,review,asset_field_change_candidate,ast_90a7471e6e20,A112294001,business_stage,사업단계,business_stage,운영/실물,,,found,BldRgstHubService.getBrTitleInfo,Review. Some address/physical fields may intentionally differ after geocode/API cleanup.
asset_master,review,asset_field_change_candidate,ast_90a7471e6e20,A112294001,portfolio_region,투자지역,portfolio_region,대한민국,,,found,BldRgstHubService.getBrTitleInfo,Review. Some address/physical fields may intentionally differ after geocode/API cleanup.
asset_master,review,asset_field_change_candidate,ast_90a7471e6e20,A112294001,gross_floor_area,연면적(m²),gross_floor_area,,39951,,found,BldRgstHubService.getBrTitleInfo,Physical fields may be API-enriched. Review provenance before overwriting.
asset_master,review,asset_field_change_candidate,ast_90a7471e6e20,A112294001,site_area,토지면적(㎡),site_area,,3364,,found,BldRgstHubService.getBrTitleInfo,Physical fields may be API-enriched. Review provenance before overwriting.
asset_master,review,asset_field_change_candidate,ast_90a7471e6e20,A112294001,completion_date,준공(예정)일,completion_date,,1995-08-30,,found,BldRgstHubService.getBrTitleInfo,Review. Some address/physical fields may intentionally differ after geocode/API cleanup.
asset_master,review,asset_field_change_candidate,ast_90a7471e6e20,A112294001,parking,주차대수,parking,,옥내 330 / 옥외 0,,found,BldRgstHubService.getBrTitleInfo,Review. Some address/physical fields may intentionally differ after geocode/API cleanup.
asset_master,review,asset_field_change_candidate,ast_b4128c33bb53,A112295001,portfolio_region,투자지역,portfolio_region,북미,,,not_checked,,Review. Some address/physical fields may intentionally differ after geocode/API cleanup.
asset_master,review,asset_field_change_candidate,ast_b4128c33bb53,A112295001,country_code,국내/해외,country_code,OVERSEAS,,,not_checked,,Review. Some address/physical fields may intentionally differ after geocode/API cleanup.
asset_master,review,asset_field_change_candidate,ast_9b294af79693,A112296001,canonical_name,자산(건물)명,canonical_name,광교 아이파크 주상복합 내 판매시설 선순위 담보 대출채권,광교 아이파크 주상복합 내 판매시설 선순위 담보,,found,BldRgstHubService.getBrTitleInfo,Review. Some address/physical fields may intentionally differ after geocode/API cleanup.
asset_master,review,asset_field_change_candidate,ast_9b294af79693,A112296001,address_text,"전체주소(시/도, 구/군 포함)",address_text,경기도 수원시 영통구 원천동 593번지 일원,경기도 수원시 영통구 원천동 593,,found,BldRgstHubService.getBrTitleInfo,Review. Some address/physical fields may intentionally differ after geocode/API cleanup.
asset_master,review,asset_field_change_candidate,ast_9b294af79693,A112296001,asset_type,기초자산,asset_type,리테일,,,found,BldRgstHubService.getBrTitleInfo,Review. Some address/physical fields may intentionally differ after geocode/API cleanup.
asset_master,review,asset_field_change_candidate,ast_9b294af79693,A112296001,business_stage,사업단계,business_stage,운영/실물,,,found,BldRgstHubService.getBrTitleInfo,Review. Some address/physical fields may intentionally differ after geocode/API cleanup.
asset_master,review,asset_field_change_candidate,ast_9b294af79693,A112296001,portfolio_region,투자지역,portfolio_region,대한민국,,,found,BldRgstHubService.getBrTitleInfo,Review. Some address/physical fields may intentionally differ after geocode/API cleanup.
asset_master,review,asset_field_change_candidate,ast_9b294af79693,A112296001,gross_floor_area,연면적(m²),gross_floor_area,,152,,found,BldRgstHubService.getBrTitleInfo,Physical fields may be API-enriched. Review provenance before overwriting.
asset_master,review,asset_field_change_candidate,ast_9b294af79693,A112296001,site_area,토지면적(㎡),site_area,,0,,found,BldRgstHubService.getBrTitleInfo,Physical fields may be API-enriched. Review provenance before overwriting.
asset_master,review,asset_field_change_candidate,ast_9b294af79693,A112296001,completion_date,준공(예정)일,completion_date,,2018-09-28,,found,BldRgstHubService.getBrTitleInfo,Review. Some address/physical fields may intentionally differ after geocode/API cleanup.
asset_master,review,asset_field_change_candidate,ast_9b294af79693,A112296001,parking,주차대수,parking,,옥내 0 / 옥외 0,,found,BldRgstHubService.getBrTitleInfo,Review. Some address/physical fields may intentionally differ after geocode/API cleanup.
asset_master,review,asset_field_change_candidate,ast_854de4d7b05b,A112297001,business_stage,사업단계,business_stage,운영/실물,,,not_checked,,Review. Some address/physical fields may intentionally differ after geocode/API cleanup.
asset_master,review,asset_field_change_candidate,ast_854de4d7b05b,A112297001,portfolio_region,투자지역,portfolio_region,대한민국,,,not_checked,,Review. Some address/physical fields may intentionally differ after geocode/API cleanup.
asset_master,review,asset_field_change_candidate,ast_854de4d7b05b,A112297001,country_code,국내/해외,country_code,KR,,,not_checked,,Review. Some address/physical fields may intentionally differ after geocode/API cleanup.
asset_master,review,asset_field_change_candidate,ast_56e6a7e4b54b,A112298001,address_text,"전체주소(시/도, 구/군 포함)",address_text,서울 송파구 잠실동 183-12외 2필지,서울특별시 송파구 잠실동 183-12,,found,BldRgstHubService.getBrTitleInfo,Review. Some address/physical fields may intentionally differ after geocode/API cleanup.
asset_master,review,asset_field_change_candidate,ast_56e6a7e4b54b,A112298001,asset_type,기초자산,asset_type,주거,,,found,BldRgstHubService.getBrTitleInfo,Review. Some address/physical fields may intentionally differ after geocode/API cleanup.
asset_master,review,asset_field_change_candidate,ast_56e6a7e4b54b,A112298001,business_stage,사업단계,business_stage,운영/실물,,,found,BldRgstHubService.getBrTitleInfo,Review. Some address/physical fields may intentionally differ after geocode/API cleanup.
asset_master,review,asset_field_change_candidate,ast_56e6a7e4b54b,A112298001,portfolio_region,투자지역,portfolio_region,대한민국,,,found,BldRgstHubService.getBrTitleInfo,Review. Some address/physical fields may intentionally differ after geocode/API cleanup.
asset_master,review,asset_field_change_candidate,ast_56e6a7e4b54b,A112298001,gross_floor_area,연면적(m²),gross_floor_area,,7628,,found,BldRgstHubService.getBrTitleInfo,Physical fields may be API-enriched. Review provenance before overwriting.
asset_master,review,asset_field_change_candidate,ast_56e6a7e4b54b,A112298001,site_area,토지면적(㎡),site_area,,749,,found,BldRgstHubService.getBrTitleInfo,Physical fields may be API-enriched. Review provenance before overwriting.
asset_master,review,asset_field_change_candidate,ast_56e6a7e4b54b,A112298001,parking,주차대수,parking,,옥내 0 / 옥외 3,,found,BldRgstHubService.getBrTitleInfo,Review. Some address/physical fields may intentionally differ after geocode/API cleanup.
asset_master,review,asset_field_change_candidate,ast_835e9f381ae3,A112299001,address_text,"전체주소(시/도, 구/군 포함)",address_text,인천광역시 서구 오류동 1549-4 외 1필지,인천광역시 서구 오류동 1549-4,,found,BldRgstHubService.getBrTitleInfo,Review. Some address/physical fields may intentionally differ after geocode/API cleanup.
asset_master,review,asset_field_change_candidate,ast_835e9f381ae3,A112299001,asset_type,기초자산,asset_type,물류센터,,,found,BldRgstHubService.getBrTitleInfo,Review. Some address/physical fields may intentionally differ after geocode/API cleanup.
asset_master,review,asset_field_change_candidate,ast_835e9f381ae3,A112299001,business_stage,사업단계,business_stage,운영/실물,,,found,BldRgstHubService.getBrTitleInfo,Review. Some address/physical fields may intentionally differ after geocode/API cleanup.
asset_master,review,asset_field_change_candidate,ast_835e9f381ae3,A112299001,portfolio_region,투자지역,portfolio_region,대한민국,,,found,BldRgstHubService.getBrTitleInfo,Review. Some address/physical fields may intentionally differ after geocode/API cleanup.
asset_master,review,asset_field_change_candidate,ast_835e9f381ae3,A112299001,site_area,토지면적(㎡),site_area,,15197,,found,BldRgstHubService.getBrTitleInfo,Physical fields may be API-enriched. Review provenance before overwriting.
asset_master,review,asset_field_change_candidate,ast_835e9f381ae3,A112299001,parking,주차대수,parking,,옥내 55 / 옥외 33,,found,BldRgstHubService.getBrTitleInfo,Review. Some address/physical fields may intentionally differ after geocode/API cleanup.
asset_master,review,asset_field_change_candidate,ast_a26d74763046,A112300001,business_stage,사업단계,business_stage,운영/실물,,,not_checked,,Review. Some address/physical fields may intentionally differ after geocode/API cleanup.
asset_master,review,asset_field_change_candidate,ast_a26d74763046,A112300001,portfolio_region,투자지역,portfolio_region,유럽,,,not_checked,,Review. Some address/physical fields may intentionally differ after geocode/API cleanup.
asset_master,review,asset_field_change_candidate,ast_a26d74763046,A112300001,country_code,국내/해외,country_code,OVERSEAS,,,not_checked,,Review. Some address/physical fields may intentionally differ after geocode/API cleanup.
asset_master,review,asset_field_change_candidate,ast_f02b527b7861,A112301001,business_stage,사업단계,business_stage,운영/실물,,,not_checked,,Review. Some address/physical fields may intentionally differ after geocode/API cleanup.
asset_master,review,asset_field_change_candidate,ast_f02b527b7861,A112301001,portfolio_region,투자지역,portfolio_region,대한민국,,,not_checked,,Review. Some address/physical fields may intentionally differ after geocode/API cleanup.
asset_master,review,asset_field_change_candidate,ast_f02b527b7861,A112301001,country_code,국내/해외,country_code,KR,,,not_checked,,Review. Some address/physical fields may intentionally differ after geocode/API cleanup.
asset_master,review,asset_field_change_candidate,ast_0bb41d4e593f,A112303001,business_stage,사업단계,business_stage,운영/실물,,,not_checked,,Review. Some address/physical fields may intentionally differ after geocode/API cleanup.
asset_master,review,asset_field_change_candidate,ast_0bb41d4e593f,A112303001,portfolio_region,투자지역,portfolio_region,아시아,,,not_checked,,Review. Some address/physical fields may intentionally differ after geocode/API cleanup.
asset_master,review,asset_field_change_candidate,ast_0bb41d4e593f,A112303001,country_code,국내/해외,country_code,OVERSEAS,,,not_checked,,Review. Some address/physical fields may intentionally differ after geocode/API cleanup.
asset_master,review,asset_field_change_candidate,ast_ce621c527b00,A112304001,business_stage,사업단계,business_stage,운영/실물,,,not_checked,,Review. Some address/physical fields may intentionally differ after geocode/API cleanup.
asset_master,review,asset_field_change_candidate,ast_ce621c527b00,A112304001,portfolio_region,투자지역,portfolio_region,유럽,,,not_checked,,Review. Some address/physical fields may intentionally differ after geocode/API cleanup.
asset_master,review,asset_field_change_candidate,ast_ce621c527b00,A112304001,country_code,국내/해외,country_code,OVERSEAS,,,not_checked,,Review. Some address/physical fields may intentionally differ after geocode/API cleanup.
asset_master,review,asset_field_change_candidate,ast_fcd940175c17,A112305001,business_stage,사업단계,business_stage,운영/실물,,,found,BldRgstHubService.getBrTitleInfo,Review. Some address/physical fields may intentionally differ after geocode/API cleanup.
asset_master,review,asset_field_change_candidate,ast_fcd940175c17,A112305001,portfolio_region,투자지역,portfolio_region,대한민국,,,found,BldRgstHubService.getBrTitleInfo,Review. Some address/physical fields may intentionally differ after geocode/API cleanup.
asset_master,review,asset_field_change_candidate,ast_fcd940175c17,A112305001,country_code,국내/해외,country_code,KR,,,found,BldRgstHubService.getBrTitleInfo,Review. Some address/physical fields may intentionally differ after geocode/API cleanup.
asset_master,review,asset_field_change_candidate,ast_fcd940175c17,A112305001,site_area,토지면적(㎡),site_area,,1493,,found,BldRgstHubService.getBrTitleInfo,Physical fields may be API-enriched. Review provenance before overwriting.
asset_master,review,asset_field_change_candidate,ast_fcd940175c17,A112305001,parking,주차대수,parking,,옥내 120 / 옥외 6,,found,BldRgstHubService.getBrTitleInfo,Review. Some address/physical fields may intentionally differ after geocode/API cleanup.
asset_master,review,asset_field_change_candidate,ast_088dd044de37,A112306001,business_stage,사업단계,business_stage,운영/실물,,,found,BldRgstHubService.getBrTitleInfo,Review. Some address/physical fields may intentionally differ after geocode/API cleanup.
asset_master,review,asset_field_change_candidate,ast_088dd044de37,A112306001,portfolio_region,투자지역,portfolio_region,대한민국,,,found,BldRgstHubService.getBrTitleInfo,Review. Some address/physical fields may intentionally differ after geocode/API cleanup.
asset_master,review,asset_field_change_candidate,ast_088dd044de37,A112306001,country_code,국내/해외,country_code,KR,,,found,BldRgstHubService.getBrTitleInfo,Review. Some address/physical fields may intentionally differ after geocode/API cleanup.
asset_master,review,asset_field_change_candidate,ast_088dd044de37,A112306001,gross_floor_area,연면적(m²),gross_floor_area,,34731,,found,BldRgstHubService.getBrTitleInfo,Physical fields may be API-enriched. Review provenance before overwriting.
asset_master,review,asset_field_change_candidate,ast_088dd044de37,A112306001,site_area,토지면적(㎡),site_area,,2543,,found,BldRgstHubService.getBrTitleInfo,Physical fields may be API-enriched. Review provenance before overwriting.
asset_master,review,asset_field_change_candidate,ast_088dd044de37,A112306001,parking,주차대수,parking,,옥내 172 / 옥외 0,,found,BldRgstHubService.getBrTitleInfo,Review. Some address/physical fields may intentionally differ after geocode/API cleanup.
asset_master,review,asset_field_change_candidate,ast_e5211e566e98,A112308001,portfolio_region,투자지역,portfolio_region,북미,,,not_checked,,Review. Some address/physical fields may intentionally differ after geocode/API cleanup.
asset_master,review,asset_field_change_candidate,ast_e5211e566e98,A112308001,country_code,국내/해외,country_code,OVERSEAS,,,not_checked,,Review. Some address/physical fields may intentionally differ after geocode/API cleanup.
asset_master,review,asset_field_change_candidate,ast_6b047e815c5e,A112309001,business_stage,사업단계,business_stage,운영/실물,,,pending,,Review. Some address/physical fields may intentionally differ after geocode/API cleanup.
asset_master,review,asset_field_change_candidate,ast_6b047e815c5e,A112309001,portfolio_region,투자지역,portfolio_region,대한민국,,,pending,,Review. Some address/physical fields may intentionally differ after geocode/API cleanup.
asset_master,review,asset_field_change_candidate,ast_6b047e815c5e,A112309001,country_code,국내/해외,country_code,KR,,,pending,,Review. Some address/physical fields may intentionally differ after geocode/API cleanup.
asset_master,review,asset_field_change_candidate,ast_f5e665f7cf35,A112310001,address_text,"전체주소(시/도, 구/군 포함)",address_text,제주시 애월읍 부룡수길 33외 13필지,제주특별자치도 제주시 애월읍 신엄리 2808,,pending,building_cache.json,Review. Some address/physical fields may intentionally differ after geocode/API cleanup.
asset_master,review,asset_field_change_candidate,ast_f5e665f7cf35,A112310001,business_stage,사업단계,business_stage,운영/실물,,,pending,building_cache.json,Review. Some address/physical fields may intentionally differ after geocode/API cleanup.
asset_master,review,asset_field_change_candidate,ast_f5e665f7cf35,A112310001,portfolio_region,투자지역,portfolio_region,대한민국,,,pending,building_cache.json,Review. Some address/physical fields may intentionally differ after geocode/API cleanup.
asset_master,review,asset_field_change_candidate,ast_f5e665f7cf35,A112310001,site_area,토지면적(㎡),site_area,,0,,pending,building_cache.json,Physical fields may be API-enriched. Review provenance before overwriting.
asset_master,review,asset_field_change_candidate,ast_f5e665f7cf35,A112310001,parking,주차대수,parking,,옥내 0 / 옥외 0,,pending,building_cache.json,Review. Some address/physical fields may intentionally differ after geocode/API cleanup.
asset_master,review,asset_field_change_candidate,ast_755dc2078b8b,A112311001,business_stage,사업단계,business_stage,운영/실물,,,found,BldRgstHubService.getBrTitleInfo,Review. Some address/physical fields may intentionally differ after geocode/API cleanup.
asset_master,review,asset_field_change_candidate,ast_755dc2078b8b,A112311001,portfolio_region,투자지역,portfolio_region,대한민국,,,found,BldRgstHubService.getBrTitleInfo,Review. Some address/physical fields may intentionally differ after geocode/API cleanup.
asset_master,review,asset_field_change_candidate,ast_755dc2078b8b,A112311001,site_area,토지면적(㎡),site_area,,8531,,found,BldRgstHubService.getBrTitleInfo,Physical fields may be API-enriched. Review provenance before overwriting.
asset_master,review,asset_field_change_candidate,ast_755dc2078b8b,A112311001,parking,주차대수,parking,,옥내 1039 / 옥외 0,,found,BldRgstHubService.getBrTitleInfo,Review. Some address/physical fields may intentionally differ after geocode/API cleanup.
asset_master,review,asset_field_change_candidate,ast_d2b291b01082,A112314001,address_text,"전체주소(시/도, 구/군 포함)",address_text,서울시 종로구 평동 222번지 일대,서울특별시 종로구 평동 234,,found,BldRgstHubService.getBrTitleInfo,Review. Some address/physical fields may intentionally differ after geocode/API cleanup.
asset_master,review,asset_field_change_candidate,ast_d2b291b01082,A112314001,asset_type,기초자산,asset_type,오피스,,,found,BldRgstHubService.getBrTitleInfo,Review. Some address/physical fields may intentionally differ after geocode/API cleanup.
asset_master,review,asset_field_change_candidate,ast_d2b291b01082,A112314001,business_stage,사업단계,business_stage,운영/실물,,,found,BldRgstHubService.getBrTitleInfo,Review. Some address/physical fields may intentionally differ after geocode/API cleanup.
asset_master,review,asset_field_change_candidate,ast_d2b291b01082,A112314001,portfolio_region,투자지역,portfolio_region,대한민국,,,found,BldRgstHubService.getBrTitleInfo,Review. Some address/physical fields may intentionally differ after geocode/API cleanup.
asset_master,review,asset_field_change_candidate,ast_d2b291b01082,A112314001,gross_floor_area,연면적(m²),gross_floor_area,,1605,,found,BldRgstHubService.getBrTitleInfo,Physical fields may be API-enriched. Review provenance before overwriting.
asset_master,review,asset_field_change_candidate,ast_d2b291b01082,A112314001,site_area,토지면적(㎡),site_area,,0,,found,BldRgstHubService.getBrTitleInfo,Physical fields may be API-enriched. Review provenance before overwriting.
asset_master,review,asset_field_change_candidate,ast_d2b291b01082,A112314001,parking,주차대수,parking,,옥내 0 / 옥외 0,,found,BldRgstHubService.getBrTitleInfo,Review. Some address/physical fields may intentionally differ after geocode/API cleanup.
asset_master,review,asset_field_change_candidate,ast_0bed91ccb4ec,A112318001,portfolio_region,투자지역,portfolio_region,대한민국,,,not_checked,,Review. Some address/physical fields may intentionally differ after geocode/API cleanup.
asset_master,review,asset_field_change_candidate,ast_0bed91ccb4ec,A112318001,country_code,국내/해외,country_code,KR,,,not_checked,,Review. Some address/physical fields may intentionally differ after geocode/API cleanup.
asset_master,review,asset_field_change_candidate,ast_446647af6ed1,A112321001,business_stage,사업단계,business_stage,운영/실물,,,pending,,Review. Some address/physical fields may intentionally differ after geocode/API cleanup.
asset_master,review,asset_field_change_candidate,ast_446647af6ed1,A112321001,portfolio_region,투자지역,portfolio_region,대한민국,,,pending,,Review. Some address/physical fields may intentionally differ after geocode/API cleanup.
asset_master,review,asset_field_change_candidate,ast_4f5ea25eb396,A112322001,address_text,"전체주소(시/도, 구/군 포함)",address_text,서울시 강남구 신사동 543,서울특별시 강남구 신사동 543,,found,BldRgstHubService.getBrTitleInfo,Review. Some address/physical fields may intentionally differ after geocode/API cleanup.
asset_master,review,asset_field_change_candidate,ast_4f5ea25eb396,A112322001,asset_type,기초자산,asset_type,리테일,,,found,BldRgstHubService.getBrTitleInfo,Review. Some address/physical fields may intentionally differ after geocode/API cleanup.
asset_master,review,asset_field_change_candidate,ast_4f5ea25eb396,A112322001,business_stage,사업단계,business_stage,운영/실물,,,found,BldRgstHubService.getBrTitleInfo,Review. Some address/physical fields may intentionally differ after geocode/API cleanup.
asset_master,review,asset_field_change_candidate,ast_4f5ea25eb396,A112322001,portfolio_region,투자지역,portfolio_region,대한민국,,,found,BldRgstHubService.getBrTitleInfo,Review. Some address/physical fields may intentionally differ after geocode/API cleanup.
asset_master,review,asset_field_change_candidate,ast_4f5ea25eb396,A112322001,site_area,토지면적(㎡),site_area,,728,,found,BldRgstHubService.getBrTitleInfo,Physical fields may be API-enriched. Review provenance before overwriting.
asset_master,review,asset_field_change_candidate,ast_4f5ea25eb396,A112322001,parking,주차대수,parking,,옥내 0 / 옥외 2,,found,BldRgstHubService.getBrTitleInfo,Review. Some address/physical fields may intentionally differ after geocode/API cleanup.
asset_master,review,asset_field_change_candidate,ast_713f8b4e24da,A112324001,business_stage,사업단계,business_stage,운영/실물,,,not_checked,,Review. Some address/physical fields may intentionally differ after geocode/API cleanup.
asset_master,review,asset_field_change_candidate,ast_713f8b4e24da,A112324001,portfolio_region,투자지역,portfolio_region,유럽,,,not_checked,,Review. Some address/physical fields may intentionally differ after geocode/API cleanup.
asset_master,review,asset_field_change_candidate,ast_713f8b4e24da,A112324001,country_code,국내/해외,country_code,OVERSEAS,,,not_checked,,Review. Some address/physical fields may intentionally differ after geocode/API cleanup.
asset_master,review,asset_field_change_candidate,ast_49de163142b2,A112324002,business_stage,사업단계,business_stage,운영/실물,,,not_checked,,Review. Some address/physical fields may intentionally differ after geocode/API cleanup.
asset_master,review,asset_field_change_candidate,ast_49de163142b2,A112324002,portfolio_region,투자지역,portfolio_region,유럽,,,not_checked,,Review. Some address/physical fields may intentionally differ after geocode/API cleanup.
asset_master,review,asset_field_change_candidate,ast_49de163142b2,A112324002,country_code,국내/해외,country_code,OVERSEAS,,,not_checked,,Review. Some address/physical fields may intentionally differ after geocode/API cleanup.
asset_master,review,asset_field_change_candidate,ast_1a7bbfa76876,A112324003,business_stage,사업단계,business_stage,운영/실물,,,not_checked,,Review. Some address/physical fields may intentionally differ after geocode/API cleanup.
asset_master,review,asset_field_change_candidate,ast_1a7bbfa76876,A112324003,portfolio_region,투자지역,portfolio_region,유럽,,,not_checked,,Review. Some address/physical fields may intentionally differ after geocode/API cleanup.
asset_master,review,asset_field_change_candidate,ast_1a7bbfa76876,A112324003,country_code,국내/해외,country_code,OVERSEAS,,,not_checked,,Review. Some address/physical fields may intentionally differ after geocode/API cleanup.
asset_master,review,asset_field_change_candidate,ast_0264aa763175,A112328001,canonical_name,자산(건물)명,canonical_name,덕평CJ물류센터,덕평CJ물류센터 (투자),,found,BldRgstHubService.getBrTitleInfo,Review. Some address/physical fields may intentionally differ after geocode/API cleanup.
asset_master,review,asset_field_change_candidate,ast_0264aa763175,A112328001,asset_type,기초자산,asset_type,물류센터,,,found,BldRgstHubService.getBrTitleInfo,Review. Some address/physical fields may intentionally differ after geocode/API cleanup.
asset_master,review,asset_field_change_candidate,ast_0264aa763175,A112328001,business_stage,사업단계,business_stage,운영/실물,,,found,BldRgstHubService.getBrTitleInfo,Review. Some address/physical fields may intentionally differ after geocode/API cleanup.
asset_master,review,asset_field_change_candidate,ast_0264aa763175,A112328001,portfolio_region,투자지역,portfolio_region,대한민국,,,found,BldRgstHubService.getBrTitleInfo,Review. Some address/physical fields may intentionally differ after geocode/API cleanup.
asset_master,review,asset_field_change_candidate,ast_0264aa763175,A112328001,site_area,토지면적(㎡),site_area,,25327,,found,BldRgstHubService.getBrTitleInfo,Physical fields may be API-enriched. Review provenance before overwriting.
asset_master,review,asset_field_change_candidate,ast_0264aa763175,A112328001,completion_date,준공(예정)일,completion_date,,2006-08-09,,found,BldRgstHubService.getBrTitleInfo,Review. Some address/physical fields may intentionally differ after geocode/API cleanup.
asset_master,review,asset_field_change_candidate,ast_0264aa763175,A112328001,parking,주차대수,parking,,옥내 0 / 옥외 133,,found,BldRgstHubService.getBrTitleInfo,Review. Some address/physical fields may intentionally differ after geocode/API cleanup.
asset_master,review,asset_field_change_candidate,ast_8a013a44ba44,A112333001,business_stage,사업단계,business_stage,운영/실물,,,not_checked,,Review. Some address/physical fields may intentionally differ after geocode/API cleanup.
asset_master,review,asset_field_change_candidate,ast_8a013a44ba44,A112333001,portfolio_region,투자지역,portfolio_region,북미,,,not_checked,,Review. Some address/physical fields may intentionally differ after geocode/API cleanup.
asset_master,review,asset_field_change_candidate,ast_8a013a44ba44,A112333001,country_code,국내/해외,country_code,OVERSEAS,,,not_checked,,Review. Some address/physical fields may intentionally differ after geocode/API cleanup.
asset_master,review,asset_field_change_candidate,ast_7689cf60369b,A112334001,business_stage,사업단계,business_stage,운영/실물,,,not_checked,,Review. Some address/physical fields may intentionally differ after geocode/API cleanup.
asset_master,review,asset_field_change_candidate,ast_7689cf60369b,A112334001,portfolio_region,투자지역,portfolio_region,글로벌,,,not_checked,,Review. Some address/physical fields may intentionally differ after geocode/API cleanup.
asset_master,review,asset_field_change_candidate,ast_7689cf60369b,A112334001,country_code,국내/해외,country_code,OVERSEAS,,,not_checked,,Review. Some address/physical fields may intentionally differ after geocode/API cleanup.
asset_master,review,asset_field_change_candidate,ast_77132a62be4b,A112338000,business_stage,사업단계,business_stage,운영/실물,,,not_checked,,Review. Some address/physical fields may intentionally differ after geocode/API cleanup.
asset_master,review,asset_field_change_candidate,ast_77132a62be4b,A112338000,portfolio_region,투자지역,portfolio_region,아시아,,,not_checked,,Review. Some address/physical fields may intentionally differ after geocode/API cleanup.
asset_master,review,asset_field_change_candidate,ast_77132a62be4b,A112338000,country_code,국내/해외,country_code,OVERSEAS,,,not_checked,,Review. Some address/physical fields may intentionally differ after geocode/API cleanup.
asset_master,review,asset_field_change_candidate,ast_77132a62be4b,A112338000,parking,주차대수,parking,355,,,not_checked,,Review. Some address/physical fields may intentionally differ after geocode/API cleanup.
asset_master,review,asset_field_change_candidate,ast_baffca3def0d,A112338001,business_stage,사업단계,business_stage,운영/실물,,,not_checked,,Review. Some address/physical fields may intentionally differ after geocode/API cleanup.
asset_master,review,asset_field_change_candidate,ast_baffca3def0d,A112338001,portfolio_region,투자지역,portfolio_region,아시아,,,not_checked,,Review. Some address/physical fields may intentionally differ after geocode/API cleanup.
asset_master,review,asset_field_change_candidate,ast_baffca3def0d,A112338001,country_code,국내/해외,country_code,OVERSEAS,,,not_checked,,Review. Some address/physical fields may intentionally differ after geocode/API cleanup.
asset_master,review,asset_field_change_candidate,ast_d2047ba66f85,A112338002,business_stage,사업단계,business_stage,운영/실물,,,not_checked,,Review. Some address/physical fields may intentionally differ after geocode/API cleanup.
asset_master,review,asset_field_change_candidate,ast_d2047ba66f85,A112338002,portfolio_region,투자지역,portfolio_region,아시아,,,not_checked,,Review. Some address/physical fields may intentionally differ after geocode/API cleanup.
asset_master,review,asset_field_change_candidate,ast_d2047ba66f85,A112338002,country_code,국내/해외,country_code,OVERSEAS,,,not_checked,,Review. Some address/physical fields may intentionally differ after geocode/API cleanup.
asset_master,review,asset_field_change_candidate,ast_da9f73969f26,A112341001,business_stage,사업단계,business_stage,개발,,,not_checked,,Review. Some address/physical fields may intentionally differ after geocode/API cleanup.
asset_master,review,asset_field_change_candidate,ast_da9f73969f26,A112341001,portfolio_region,투자지역,portfolio_region,대한민국,,,not_checked,,Review. Some address/physical fields may intentionally differ after geocode/API cleanup.
asset_master,review,asset_field_change_candidate,ast_9cf4a8abd36c,A112342001,business_stage,사업단계,business_stage,운영/실물,,,not_checked,,Review. Some address/physical fields may intentionally differ after geocode/API cleanup.
asset_master,review,asset_field_change_candidate,ast_9cf4a8abd36c,A112342001,portfolio_region,투자지역,portfolio_region,대한민국,,,not_checked,,Review. Some address/physical fields may intentionally differ after geocode/API cleanup.
asset_master,review,asset_field_change_candidate,ast_9cf4a8abd36c,A112342001,country_code,국내/해외,country_code,KR,,,not_checked,,Review. Some address/physical fields may intentionally differ after geocode/API cleanup.
asset_master,review,asset_field_change_candidate,ast_7658ea6ef139,A112343001,business_stage,사업단계,business_stage,운영/실물,,,not_checked,,Review. Some address/physical fields may intentionally differ after geocode/API cleanup.
asset_master,review,asset_field_change_candidate,ast_7658ea6ef139,A112343001,portfolio_region,투자지역,portfolio_region,유럽,,,not_checked,,Review. Some address/physical fields may intentionally differ after geocode/API cleanup.
asset_master,review,asset_field_change_candidate,ast_7658ea6ef139,A112343001,country_code,국내/해외,country_code,OVERSEAS,,,not_checked,,Review. Some address/physical fields may intentionally differ after geocode/API cleanup.
asset_master,review,asset_field_change_candidate,ast_db35eead7a91,A112344001,business_stage,사업단계,business_stage,운영/실물,,,not_checked,,Review. Some address/physical fields may intentionally differ after geocode/API cleanup.
asset_master,review,asset_field_change_candidate,ast_db35eead7a91,A112344001,portfolio_region,투자지역,portfolio_region,대한민국,,,not_checked,,Review. Some address/physical fields may intentionally differ after geocode/API cleanup.
asset_master,review,asset_field_change_candidate,ast_db35eead7a91,A112344001,country_code,국내/해외,country_code,KR,,,not_checked,,Review. Some address/physical fields may intentionally differ after geocode/API cleanup.
asset_master,review,asset_field_change_candidate,ast_a8ad83130e72,A112344002,business_stage,사업단계,business_stage,운영/실물,,,found,BldRgstHubService.getBrTitleInfo,Review. Some address/physical fields may intentionally differ after geocode/API cleanup.
asset_master,review,asset_field_change_candidate,ast_a8ad83130e72,A112344002,portfolio_region,투자지역,portfolio_region,대한민국,,,found,BldRgstHubService.getBrTitleInfo,Review. Some address/physical fields may intentionally differ after geocode/API cleanup.
asset_master,review,asset_field_change_candidate,ast_a8ad83130e72,A112344002,country_code,국내/해외,country_code,KR,,,found,BldRgstHubService.getBrTitleInfo,Review. Some address/physical fields may intentionally differ after geocode/API cleanup.
asset_master,review,asset_field_change_candidate,ast_a8ad83130e72,A112344002,site_area,토지면적(㎡),site_area,,11078,,found,BldRgstHubService.getBrTitleInfo,Physical fields may be API-enriched. Review provenance before overwriting.
asset_master,review,asset_field_change_candidate,ast_a8ad83130e72,A112344002,parking,주차대수,parking,,옥내 0 / 옥외 0,,found,BldRgstHubService.getBrTitleInfo,Review. Some address/physical fields may intentionally differ after geocode/API cleanup.
asset_master,review,asset_field_change_candidate,ast_765cc3a1898a,A112344003,canonical_name,자산(건물)명,canonical_name,홈플러스 전주완산점,이지스코어리테일부동산투자신탁302호(운용),,found,BldRgstHubService.getBrTitleInfo,Review. Some address/physical fields may intentionally differ after geocode/API cleanup.
asset_master,review,asset_field_change_candidate,ast_765cc3a1898a,A112344003,address_text,"전체주소(시/도, 구/군 포함)",address_text,전라북도 전주시 중노송동 495-6,전북특별자치도 전주시 완산구 중노송동 495-6,,found,BldRgstHubService.getBrTitleInfo,Review. Some address/physical fields may intentionally differ after geocode/API cleanup.
asset_master,review,asset_field_change_candidate,ast_765cc3a1898a,A112344003,asset_type,기초자산,asset_type,리테일,,,found,BldRgstHubService.getBrTitleInfo,Review. Some address/physical fields may intentionally differ after geocode/API cleanup.
asset_master,review,asset_field_change_candidate,ast_765cc3a1898a,A112344003,business_stage,사업단계,business_stage,운영/실물,,,found,BldRgstHubService.getBrTitleInfo,Review. Some address/physical fields may intentionally differ after geocode/API cleanup.
asset_master,review,asset_field_change_candidate,ast_765cc3a1898a,A112344003,portfolio_region,투자지역,portfolio_region,대한민국,,,found,BldRgstHubService.getBrTitleInfo,Review. Some address/physical fields may intentionally differ after geocode/API cleanup.
asset_master,review,asset_field_change_candidate,ast_765cc3a1898a,A112344003,site_area,토지면적(㎡),site_area,,9245,,found,BldRgstHubService.getBrTitleInfo,Physical fields may be API-enriched. Review provenance before overwriting.
asset_master,review,asset_field_change_candidate,ast_765cc3a1898a,A112344003,parking,주차대수,parking,,옥내 754 / 옥외 0,,found,BldRgstHubService.getBrTitleInfo,Review. Some address/physical fields may intentionally differ after geocode/API cleanup.
asset_master,review,asset_field_change_candidate,ast_89fe99414d33,A112347001,business_stage,사업단계,business_stage,운영/실물,,,not_checked,,Review. Some address/physical fields may intentionally differ after geocode/API cleanup.
asset_master,review,asset_field_change_candidate,ast_89fe99414d33,A112347001,portfolio_region,투자지역,portfolio_region,유럽,,,not_checked,,Review. Some address/physical fields may intentionally differ after geocode/API cleanup.
asset_master,review,asset_field_change_candidate,ast_89fe99414d33,A112347001,country_code,국내/해외,country_code,OVERSEAS,,,not_checked,,Review. Some address/physical fields may intentionally differ after geocode/API cleanup.
asset_master,review,asset_field_change_candidate,ast_9c32381fc123,A112347002,business_stage,사업단계,business_stage,운영/실물,,,not_checked,,Review. Some address/physical fields may intentionally differ after geocode/API cleanup.
asset_master,review,asset_field_change_candidate,ast_9c32381fc123,A112347002,portfolio_region,투자지역,portfolio_region,유럽,,,not_checked,,Review. Some address/physical fields may intentionally differ after geocode/API cleanup.
asset_master,review,asset_field_change_candidate,ast_9c32381fc123,A112347002,country_code,국내/해외,country_code,OVERSEAS,,,not_checked,,Review. Some address/physical fields may intentionally differ after geocode/API cleanup.
asset_master,review,asset_field_change_candidate,ast_2aa8ef574b46,A112347003,business_stage,사업단계,business_stage,운영/실물,,,not_checked,,Review. Some address/physical fields may intentionally differ after geocode/API cleanup.
asset_master,review,asset_field_change_candidate,ast_2aa8ef574b46,A112347003,portfolio_region,투자지역,portfolio_region,유럽,,,not_checked,,Review. Some address/physical fields may intentionally differ after geocode/API cleanup.
asset_master,review,asset_field_change_candidate,ast_2aa8ef574b46,A112347003,country_code,국내/해외,country_code,OVERSEAS,,,not_checked,,Review. Some address/physical fields may intentionally differ after geocode/API cleanup.
asset_master,review,asset_field_change_candidate,ast_409a7de0ff61,A112347004,business_stage,사업단계,business_stage,운영/실물,,,not_checked,,Review. Some address/physical fields may intentionally differ after geocode/API cleanup.
asset_master,review,asset_field_change_candidate,ast_409a7de0ff61,A112347004,portfolio_region,투자지역,portfolio_region,유럽,,,not_checked,,Review. Some address/physical fields may intentionally differ after geocode/API cleanup.
asset_master,review,asset_field_change_candidate,ast_409a7de0ff61,A112347004,country_code,국내/해외,country_code,OVERSEAS,,,not_checked,,Review. Some address/physical fields may intentionally differ after geocode/API cleanup.
asset_master,review,asset_field_change_candidate,ast_7cfadd3adb65,A112350001,business_stage,사업단계,business_stage,운영/실물,,,found,BldRgstHubService.getBrTitleInfo,Review. Some address/physical fields may intentionally differ after geocode/API cleanup.
asset_master,review,asset_field_change_candidate,ast_7cfadd3adb65,A112350001,portfolio_region,투자지역,portfolio_region,대한민국,,,found,BldRgstHubService.getBrTitleInfo,Review. Some address/physical fields may intentionally differ after geocode/API cleanup.
asset_master,review,asset_field_change_candidate,ast_7cfadd3adb65,A112350001,country_code,국내/해외,country_code,KR,,,found,BldRgstHubService.getBrTitleInfo,Review. Some address/physical fields may intentionally differ after geocode/API cleanup.
asset_master,review,asset_field_change_candidate,ast_7cfadd3adb65,A112350001,site_area,토지면적(㎡),site_area,,4240,,found,BldRgstHubService.getBrTitleInfo,Physical fields may be API-enriched. Review provenance before overwriting.
asset_master,review,asset_field_change_candidate,ast_7cfadd3adb65,A112350001,parking,주차대수,parking,,옥내 98 / 옥외 0,,found,BldRgstHubService.getBrTitleInfo,Review. Some address/physical fields may intentionally differ after geocode/API cleanup.
asset_master,review,asset_field_change_candidate,ast_fe11209bb01f,A112351001,business_stage,사업단계,business_stage,운영/실물,,,found,BldRgstHubService.getBrTitleInfo,Review. Some address/physical fields may intentionally differ after geocode/API cleanup.
asset_master,review,asset_field_change_candidate,ast_fe11209bb01f,A112351001,portfolio_region,투자지역,portfolio_region,대한민국,,,found,BldRgstHubService.getBrTitleInfo,Review. Some address/physical fields may intentionally differ after geocode/API cleanup.
asset_master,review,asset_field_change_candidate,ast_fe11209bb01f,A112351001,country_code,국내/해외,country_code,KR,,,found,BldRgstHubService.getBrTitleInfo,Review. Some address/physical fields may intentionally differ after geocode/API cleanup.
asset_master,review,asset_field_change_candidate,ast_fe11209bb01f,A112351001,site_area,토지면적(㎡),site_area,,4240,,found,BldRgstHubService.getBrTitleInfo,Physical fields may be API-enriched. Review provenance before overwriting.
asset_master,review,asset_field_change_candidate,ast_fe11209bb01f,A112351001,completion_date,준공(예정)일,completion_date,,1975-10-20,,found,BldRgstHubService.getBrTitleInfo,Review. Some address/physical fields may intentionally differ after geocode/API cleanup.
asset_master,review,asset_field_change_candidate,ast_fe11209bb01f,A112351001,parking,주차대수,parking,,옥내 98 / 옥외 0,,found,BldRgstHubService.getBrTitleInfo,Review. Some address/physical fields may intentionally differ after geocode/API cleanup.
asset_master,review,asset_field_change_candidate,ast_5aa554bf9521,A112355001,business_stage,사업단계,business_stage,운영/실물,,,not_checked,,Review. Some address/physical fields may intentionally differ after geocode/API cleanup.
asset_master,review,asset_field_change_candidate,ast_5aa554bf9521,A112355001,portfolio_region,투자지역,portfolio_region,북미,,,not_checked,,Review. Some address/physical fields may intentionally differ after geocode/API cleanup.
asset_master,review,asset_field_change_candidate,ast_5aa554bf9521,A112355001,country_code,국내/해외,country_code,OVERSEAS,,,not_checked,,Review. Some address/physical fields may intentionally differ after geocode/API cleanup.
asset_master,review,asset_field_change_candidate,ast_29998629e2b9,A112356001,business_stage,사업단계,business_stage,운영/실물,,,not_checked,,Review. Some address/physical fields may intentionally differ after geocode/API cleanup.
asset_master,review,asset_field_change_candidate,ast_29998629e2b9,A112356001,portfolio_region,투자지역,portfolio_region,유럽,,,not_checked,,Review. Some address/physical fields may intentionally differ after geocode/API cleanup.
asset_master,review,asset_field_change_candidate,ast_29998629e2b9,A112356001,country_code,국내/해외,country_code,OVERSEAS,,,not_checked,,Review. Some address/physical fields may intentionally differ after geocode/API cleanup.
asset_master,review,asset_field_change_candidate,ast_b78f4cd39988,A112361001,business_stage,사업단계,business_stage,운영/실물,,,not_checked,,Review. Some address/physical fields may intentionally differ after geocode/API cleanup.
asset_master,review,asset_field_change_candidate,ast_b78f4cd39988,A112361001,portfolio_region,투자지역,portfolio_region,아시아,,,not_checked,,Review. Some address/physical fields may intentionally differ after geocode/API cleanup.
asset_master,review,asset_field_change_candidate,ast_b78f4cd39988,A112361001,country_code,국내/해외,country_code,OVERSEAS,,,not_checked,,Review. Some address/physical fields may intentionally differ after geocode/API cleanup.
asset_master,review,asset_field_change_candidate,ast_329735309847,A112362001,business_stage,사업단계,business_stage,운영/실물,,,not_checked,,Review. Some address/physical fields may intentionally differ after geocode/API cleanup.
asset_master,review,asset_field_change_candidate,ast_329735309847,A112362001,portfolio_region,투자지역,portfolio_region,아시아,,,not_checked,,Review. Some address/physical fields may intentionally differ after geocode/API cleanup.
asset_master,review,asset_field_change_candidate,ast_329735309847,A112362001,country_code,국내/해외,country_code,OVERSEAS,,,not_checked,,Review. Some address/physical fields may intentionally differ after geocode/API cleanup.
asset_master,review,asset_field_change_candidate,ast_1413056b8256,A112362002,portfolio_region,투자지역,portfolio_region,아시아,,,not_checked,,Review. Some address/physical fields may intentionally differ after geocode/API cleanup.
asset_master,review,asset_field_change_candidate,ast_1413056b8256,A112362002,country_code,국내/해외,country_code,OVERSEAS,,,not_checked,,Review. Some address/physical fields may intentionally differ after geocode/API cleanup.
asset_master,review,asset_field_change_candidate,ast_b64b7d2f05cc,A112362003,portfolio_region,투자지역,portfolio_region,아시아,,,not_checked,,Review. Some address/physical fields may intentionally differ after geocode/API cleanup.
asset_master,review,asset_field_change_candidate,ast_b64b7d2f05cc,A112362003,country_code,국내/해외,country_code,OVERSEAS,,,not_checked,,Review. Some address/physical fields may intentionally differ after geocode/API cleanup.
asset_master,review,asset_field_change_candidate,ast_53119042a240,A112362004,portfolio_region,투자지역,portfolio_region,아시아,,,not_checked,,Review. Some address/physical fields may intentionally differ after geocode/API cleanup.
asset_master,review,asset_field_change_candidate,ast_53119042a240,A112362004,country_code,국내/해외,country_code,OVERSEAS,,,not_checked,,Review. Some address/physical fields may intentionally differ after geocode/API cleanup.
asset_master,review,asset_field_change_candidate,ast_3604f654fa0f,A112362005,portfolio_region,투자지역,portfolio_region,아시아,,,not_checked,,Review. Some address/physical fields may intentionally differ after geocode/API cleanup.
asset_master,review,asset_field_change_candidate,ast_3604f654fa0f,A112362005,country_code,국내/해외,country_code,OVERSEAS,,,not_checked,,Review. Some address/physical fields may intentionally differ after geocode/API cleanup.
asset_master,review,asset_field_change_candidate,ast_ba62b631b6c6,A112362006,portfolio_region,투자지역,portfolio_region,아시아,,,not_checked,,Review. Some address/physical fields may intentionally differ after geocode/API cleanup.
asset_master,review,asset_field_change_candidate,ast_ba62b631b6c6,A112362006,country_code,국내/해외,country_code,OVERSEAS,,,not_checked,,Review. Some address/physical fields may intentionally differ after geocode/API cleanup.
asset_master,review,asset_field_change_candidate,ast_81f9f27b2736,A112362007,portfolio_region,투자지역,portfolio_region,아시아,,,not_checked,,Review. Some address/physical fields may intentionally differ after geocode/API cleanup.
asset_master,review,asset_field_change_candidate,ast_81f9f27b2736,A112362007,country_code,국내/해외,country_code,OVERSEAS,,,not_checked,,Review. Some address/physical fields may intentionally differ after geocode/API cleanup.
asset_master,review,asset_field_change_candidate,ast_56ba3af5aedc,A112362008,portfolio_region,투자지역,portfolio_region,아시아,,,not_checked,,Review. Some address/physical fields may intentionally differ after geocode/API cleanup.
asset_master,review,asset_field_change_candidate,ast_56ba3af5aedc,A112362008,country_code,국내/해외,country_code,OVERSEAS,,,not_checked,,Review. Some address/physical fields may intentionally differ after geocode/API cleanup.
asset_master,review,asset_field_change_candidate,ast_b5a8681c1621,A112362009,portfolio_region,투자지역,portfolio_region,아시아,,,not_checked,,Review. Some address/physical fields may intentionally differ after geocode/API cleanup.
asset_master,review,asset_field_change_candidate,ast_b5a8681c1621,A112362009,country_code,국내/해외,country_code,OVERSEAS,,,not_checked,,Review. Some address/physical fields may intentionally differ after geocode/API cleanup.
asset_master,review,asset_field_change_candidate,ast_683e8481561e,A112362010,portfolio_region,투자지역,portfolio_region,아시아,,,not_checked,,Review. Some address/physical fields may intentionally differ after geocode/API cleanup.
asset_master,review,asset_field_change_candidate,ast_683e8481561e,A112362010,country_code,국내/해외,country_code,OVERSEAS,,,not_checked,,Review. Some address/physical fields may intentionally differ after geocode/API cleanup.
asset_master,review,asset_field_change_candidate,ast_656236266bd0,A112362011,portfolio_region,투자지역,portfolio_region,아시아,,,not_checked,,Review. Some address/physical fields may intentionally differ after geocode/API cleanup.
asset_master,review,asset_field_change_candidate,ast_656236266bd0,A112362011,country_code,국내/해외,country_code,OVERSEAS,,,not_checked,,Review. Some address/physical fields may intentionally differ after geocode/API cleanup.
asset_master,review,asset_field_change_candidate,ast_31da440b4288,A112365001,business_stage,사업단계,business_stage,부실,,,found,BldRgstHubService.getBrTitleInfo,Review. Some address/physical fields may intentionally differ after geocode/API cleanup.
asset_master,review,asset_field_change_candidate,ast_31da440b4288,A112365001,portfolio_region,투자지역,portfolio_region,대한민국,,,found,BldRgstHubService.getBrTitleInfo,Review. Some address/physical fields may intentionally differ after geocode/API cleanup.
asset_master,review,asset_field_change_candidate,ast_31da440b4288,A112365001,country_code,국내/해외,country_code,KR,,,found,BldRgstHubService.getBrTitleInfo,Review. Some address/physical fields may intentionally differ after geocode/API cleanup.
asset_master,review,asset_field_change_candidate,ast_31da440b4288,A112365001,site_area,토지면적(㎡),site_area,,902,,found,BldRgstHubService.getBrTitleInfo,Physical fields may be API-enriched. Review provenance before overwriting.
asset_master,review,asset_field_change_candidate,ast_31da440b4288,A112365001,parking,주차대수,parking,,옥내 48 / 옥외 1,,found,BldRgstHubService.getBrTitleInfo,Review. Some address/physical fields may intentionally differ after geocode/API cleanup.
asset_master,review,asset_field_change_candidate,ast_84125d66e5f0,A112368001,business_stage,사업단계,business_stage,운영/실물,,,found,BldRgstHubService.getBrTitleInfo,Review. Some address/physical fields may intentionally differ after geocode/API cleanup.
asset_master,review,asset_field_change_candidate,ast_84125d66e5f0,A112368001,portfolio_region,투자지역,portfolio_region,대한민국,,,found,BldRgstHubService.getBrTitleInfo,Review. Some address/physical fields may intentionally differ after geocode/API cleanup.
asset_master,review,asset_field_change_candidate,ast_84125d66e5f0,A112368001,country_code,국내/해외,country_code,KR,,,found,BldRgstHubService.getBrTitleInfo,Review. Some address/physical fields may intentionally differ after geocode/API cleanup.
asset_master,review,asset_field_change_candidate,ast_84125d66e5f0,A112368001,site_area,토지면적(㎡),site_area,,1393,,found,BldRgstHubService.getBrTitleInfo,Physical fields may be API-enriched. Review provenance before overwriting.
asset_master,review,asset_field_change_candidate,ast_84125d66e5f0,A112368001,completion_date,준공(예정)일,completion_date,,2024-10-31,,found,BldRgstHubService.getBrTitleInfo,Review. Some address/physical fields may intentionally differ after geocode/API cleanup.
asset_master,review,asset_field_change_candidate,ast_84125d66e5f0,A112368001,parking,주차대수,parking,,옥내 108 / 옥외 0,,found,BldRgstHubService.getBrTitleInfo,Review. Some address/physical fields may intentionally differ after geocode/API cleanup.
asset_master,review,asset_field_change_candidate,ast_617613cdf1a8,A112372001,business_stage,사업단계,business_stage,운영/실물,,,pending,,Review. Some address/physical fields may intentionally differ after geocode/API cleanup.
asset_master,review,asset_field_change_candidate,ast_617613cdf1a8,A112372001,portfolio_region,투자지역,portfolio_region,대한민국,,,pending,,Review. Some address/physical fields may intentionally differ after geocode/API cleanup.
asset_master,review,asset_field_change_candidate,ast_701635aba4fc,A112373001,canonical_name,자산(건물)명,canonical_name,송도 센토피아더샵 공동주택 및 근린생활시설 개발사업 PF Refinancing 대출채권,송도 센토피아더샵 공동주택 및 근린생활시설 개발사업 PF Refinancing,,found,BldRgstHubService.getBrTitleInfo,Review. Some address/physical fields may intentionally differ after geocode/API cleanup.
asset_master,review,asset_field_change_candidate,ast_701635aba4fc,A112373001,address_text,"전체주소(시/도, 구/군 포함)",address_text,인천광역시 연수구 송도동 308-1 일원,인천광역시 연수구 송도동 308-1,,found,BldRgstHubService.getBrTitleInfo,Review. Some address/physical fields may intentionally differ after geocode/API cleanup.
asset_master,review,asset_field_change_candidate,ast_701635aba4fc,A112373001,asset_type,기초자산,asset_type,주거,,,found,BldRgstHubService.getBrTitleInfo,Review. Some address/physical fields may intentionally differ after geocode/API cleanup.
asset_master,review,asset_field_change_candidate,ast_701635aba4fc,A112373001,business_stage,사업단계,business_stage,운영/실물,,,found,BldRgstHubService.getBrTitleInfo,Review. Some address/physical fields may intentionally differ after geocode/API cleanup.
asset_master,review,asset_field_change_candidate,ast_701635aba4fc,A112373001,portfolio_region,투자지역,portfolio_region,대한민국,,,found,BldRgstHubService.getBrTitleInfo,Review. Some address/physical fields may intentionally differ after geocode/API cleanup.
asset_master,review,asset_field_change_candidate,ast_701635aba4fc,A112373001,gross_floor_area,연면적(m²),gross_floor_area,,15887,,found,BldRgstHubService.getBrTitleInfo,Physical fields may be API-enriched. Review provenance before overwriting.
asset_master,review,asset_field_change_candidate,ast_701635aba4fc,A112373001,site_area,토지면적(㎡),site_area,,0,,found,BldRgstHubService.getBrTitleInfo,Physical fields may be API-enriched. Review provenance before overwriting.
asset_master,review,asset_field_change_candidate,ast_701635aba4fc,A112373001,completion_date,준공(예정)일,completion_date,,2020-07-13,,found,BldRgstHubService.getBrTitleInfo,Review. Some address/physical fields may intentionally differ after geocode/API cleanup.
asset_master,review,asset_field_change_candidate,ast_701635aba4fc,A112373001,parking,주차대수,parking,,옥내 0 / 옥외 0,,found,BldRgstHubService.getBrTitleInfo,Review. Some address/physical fields may intentionally differ after geocode/API cleanup.
asset_master,review,asset_field_change_candidate,ast_ec07f6a9ae3d,A112374001,business_stage,사업단계,business_stage,운영/실물,,,not_checked,,Review. Some address/physical fields may intentionally differ after geocode/API cleanup.
asset_master,review,asset_field_change_candidate,ast_ec07f6a9ae3d,A112374001,portfolio_region,투자지역,portfolio_region,북미,,,not_checked,,Review. Some address/physical fields may intentionally differ after geocode/API cleanup.
asset_master,review,asset_field_change_candidate,ast_ec07f6a9ae3d,A112374001,country_code,국내/해외,country_code,OVERSEAS,,,not_checked,,Review. Some address/physical fields may intentionally differ after geocode/API cleanup.
asset_master,review,asset_field_change_candidate,ast_ac51c5236199,A112374002,business_stage,사업단계,business_stage,운영/실물,,,not_checked,,Review. Some address/physical fields may intentionally differ after geocode/API cleanup.
asset_master,review,asset_field_change_candidate,ast_ac51c5236199,A112374002,portfolio_region,투자지역,portfolio_region,북미,,,not_checked,,Review. Some address/physical fields may intentionally differ after geocode/API cleanup.
asset_master,review,asset_field_change_candidate,ast_ac51c5236199,A112374002,country_code,국내/해외,country_code,OVERSEAS,,,not_checked,,Review. Some address/physical fields may intentionally differ after geocode/API cleanup.
asset_master,review,asset_field_change_candidate,ast_ea8e897db9a1,A112375001,business_stage,사업단계,business_stage,운영/실물,,,found,BldRgstHubService.getBrTitleInfo,Review. Some address/physical fields may intentionally differ after geocode/API cleanup.
asset_master,review,asset_field_change_candidate,ast_ea8e897db9a1,A112375001,portfolio_region,투자지역,portfolio_region,대한민국,,,found,BldRgstHubService.getBrTitleInfo,Review. Some address/physical fields may intentionally differ after geocode/API cleanup.
asset_master,review,asset_field_change_candidate,ast_ea8e897db9a1,A112375001,country_code,국내/해외,country_code,KR,,,found,BldRgstHubService.getBrTitleInfo,Review. Some address/physical fields may intentionally differ after geocode/API cleanup.
asset_master,review,asset_field_change_candidate,ast_ea8e897db9a1,A112375001,site_area,토지면적(㎡),site_area,,674,,found,BldRgstHubService.getBrTitleInfo,Physical fields may be API-enriched. Review provenance before overwriting.
asset_master,review,asset_field_change_candidate,ast_ea8e897db9a1,A112375001,parking,주차대수,parking,,옥내 24 / 옥외 1,,found,BldRgstHubService.getBrTitleInfo,Review. Some address/physical fields may intentionally differ after geocode/API cleanup.
asset_master,review,asset_field_change_candidate,ast_a60db5e30056,A112379001,business_stage,사업단계,business_stage,운영/실물,,,not_checked,,Review. Some address/physical fields may intentionally differ after geocode/API cleanup.
asset_master,review,asset_field_change_candidate,ast_a60db5e30056,A112379001,portfolio_region,투자지역,portfolio_region,대한민국,,,not_checked,,Review. Some address/physical fields may intentionally differ after geocode/API cleanup.
asset_master,review,asset_field_change_candidate,ast_a60db5e30056,A112379001,country_code,국내/해외,country_code,KR,,,not_checked,,Review. Some address/physical fields may intentionally differ after geocode/API cleanup.
asset_master,review,asset_field_change_candidate,ast_57891a43269b,A112380001,business_stage,사업단계,business_stage,운영/실물,,,not_checked,,Review. Some address/physical fields may intentionally differ after geocode/API cleanup.
asset_master,review,asset_field_change_candidate,ast_57891a43269b,A112380001,portfolio_region,투자지역,portfolio_region,대한민국,,,not_checked,,Review. Some address/physical fields may intentionally differ after geocode/API cleanup.
asset_master,review,asset_field_change_candidate,ast_57891a43269b,A112380001,country_code,국내/해외,country_code,KR,,,not_checked,,Review. Some address/physical fields may intentionally differ after geocode/API cleanup.
asset_master,review,asset_field_change_candidate,ast_7652b80e18a2,A112380002,business_stage,사업단계,business_stage,운영/실물,,,not_checked,,Review. Some address/physical fields may intentionally differ after geocode/API cleanup.
asset_master,review,asset_field_change_candidate,ast_7652b80e18a2,A112380002,portfolio_region,투자지역,portfolio_region,대한민국,,,not_checked,,Review. Some address/physical fields may intentionally differ after geocode/API cleanup.
asset_master,review,asset_field_change_candidate,ast_4f430ef52910,A112383001,business_stage,사업단계,business_stage,운영/실물,,,not_checked,,Review. Some address/physical fields may intentionally differ after geocode/API cleanup.
asset_master,review,asset_field_change_candidate,ast_4f430ef52910,A112383001,portfolio_region,투자지역,portfolio_region,북미,,,not_checked,,Review. Some address/physical fields may intentionally differ after geocode/API cleanup.
asset_master,review,asset_field_change_candidate,ast_4f430ef52910,A112383001,country_code,국내/해외,country_code,OVERSEAS,,,not_checked,,Review. Some address/physical fields may intentionally differ after geocode/API cleanup.
asset_master,review,asset_field_change_candidate,ast_3a33a41d444e,A112387001,canonical_name,자산(건물)명,canonical_name,충북 청주시 서원구 잠두봉근린공원 공동주택 개발사업 PF 대출채권,충북 청주시 서원구 잠두봉근린공원 공동주택 개발사업 PF,,found,BldRgstHubService.getBrTitleInfo,Review. Some address/physical fields may intentionally differ after geocode/API cleanup.
asset_master,review,asset_field_change_candidate,ast_3a33a41d444e,A112387001,address_text,"전체주소(시/도, 구/군 포함)",address_text,충청북도 청주시 서원구 수곡동 산22번지 일원,충청북도 청주시 서원구 수곡동 산 22,,found,BldRgstHubService.getBrTitleInfo,Review. Some address/physical fields may intentionally differ after geocode/API cleanup.
asset_master,review,asset_field_change_candidate,ast_3a33a41d444e,A112387001,asset_type,기초자산,asset_type,주거,,,found,BldRgstHubService.getBrTitleInfo,Review. Some address/physical fields may intentionally differ after geocode/API cleanup.
asset_master,review,asset_field_change_candidate,ast_3a33a41d444e,A112387001,business_stage,사업단계,business_stage,운영/실물,,,found,BldRgstHubService.getBrTitleInfo,Review. Some address/physical fields may intentionally differ after geocode/API cleanup.
asset_master,review,asset_field_change_candidate,ast_3a33a41d444e,A112387001,portfolio_region,투자지역,portfolio_region,대한민국,,,found,BldRgstHubService.getBrTitleInfo,Review. Some address/physical fields may intentionally differ after geocode/API cleanup.
asset_master,review,asset_field_change_candidate,ast_3a33a41d444e,A112387001,gross_floor_area,연면적(m²),gross_floor_area,,65,,found,BldRgstHubService.getBrTitleInfo,Physical fields may be API-enriched. Review provenance before overwriting.
asset_master,review,asset_field_change_candidate,ast_3a33a41d444e,A112387001,site_area,토지면적(㎡),site_area,,0,,found,BldRgstHubService.getBrTitleInfo,Physical fields may be API-enriched. Review provenance before overwriting.
asset_master,review,asset_field_change_candidate,ast_3a33a41d444e,A112387001,completion_date,준공(예정)일,completion_date,,2020-07-30,,found,BldRgstHubService.getBrTitleInfo,Review. Some address/physical fields may intentionally differ after geocode/API cleanup.
asset_master,review,asset_field_change_candidate,ast_3a33a41d444e,A112387001,parking,주차대수,parking,,옥내 0 / 옥외 0,,found,BldRgstHubService.getBrTitleInfo,Review. Some address/physical fields may intentionally differ after geocode/API cleanup.
asset_master,review,asset_field_change_candidate,ast_a36fb8af4acf,A112393001,business_stage,사업단계,business_stage,운영/실물,,,found,BldRgstHubService.getBrTitleInfo,Review. Some address/physical fields may intentionally differ after geocode/API cleanup.
asset_master,review,asset_field_change_candidate,ast_a36fb8af4acf,A112393001,portfolio_region,투자지역,portfolio_region,대한민국,,,found,BldRgstHubService.getBrTitleInfo,Review. Some address/physical fields may intentionally differ after geocode/API cleanup.
asset_master,review,asset_field_change_candidate,ast_a36fb8af4acf,A112393001,country_code,국내/해외,country_code,KR,,,found,BldRgstHubService.getBrTitleInfo,Review. Some address/physical fields may intentionally differ after geocode/API cleanup.
asset_master,review,asset_field_change_candidate,ast_a36fb8af4acf,A112393001,site_area,토지면적(㎡),site_area,,7942,,found,BldRgstHubService.getBrTitleInfo,Physical fields may be API-enriched. Review provenance before overwriting.
asset_master,review,asset_field_change_candidate,ast_a36fb8af4acf,A112393001,completion_date,준공(예정)일,completion_date,,1978-08-10,,found,BldRgstHubService.getBrTitleInfo,Review. Some address/physical fields may intentionally differ after geocode/API cleanup.
asset_master,review,asset_field_change_candidate,ast_a36fb8af4acf,A112393001,parking,주차대수,parking,,옥내 225 / 옥외 90,,found,BldRgstHubService.getBrTitleInfo,Review. Some address/physical fields may intentionally differ after geocode/API cleanup.
asset_master,review,asset_field_change_candidate,ast_6be590f974c1,A112396001,business_stage,사업단계,business_stage,운영/실물,,,found,BldRgstHubService.getBrTitleInfo,Review. Some address/physical fields may intentionally differ after geocode/API cleanup.
asset_master,review,asset_field_change_candidate,ast_6be590f974c1,A112396001,portfolio_region,투자지역,portfolio_region,대한민국,,,found,BldRgstHubService.getBrTitleInfo,Review. Some address/physical fields may intentionally differ after geocode/API cleanup.
asset_master,review,asset_field_change_candidate,ast_6be590f974c1,A112396001,country_code,국내/해외,country_code,KR,,,found,BldRgstHubService.getBrTitleInfo,Review. Some address/physical fields may intentionally differ after geocode/API cleanup.
asset_master,review,asset_field_change_candidate,ast_6be590f974c1,A112396001,site_area,토지면적(㎡),site_area,,3622,,found,BldRgstHubService.getBrTitleInfo,Physical fields may be API-enriched. Review provenance before overwriting.
asset_master,review,asset_field_change_candidate,ast_6be590f974c1,A112396001,parking,주차대수,parking,,옥내 101 / 옥외 0,,found,BldRgstHubService.getBrTitleInfo,Review. Some address/physical fields may intentionally differ after geocode/API cleanup.
asset_master,review,asset_field_change_candidate,ast_ff8a69b5d1fd,A112401001,business_stage,사업단계,business_stage,운영/실물,,,not_checked,,Review. Some address/physical fields may intentionally differ after geocode/API cleanup.
asset_master,review,asset_field_change_candidate,ast_ff8a69b5d1fd,A112401001,portfolio_region,투자지역,portfolio_region,유럽,,,not_checked,,Review. Some address/physical fields may intentionally differ after geocode/API cleanup.
asset_master,review,asset_field_change_candidate,ast_ff8a69b5d1fd,A112401001,country_code,국내/해외,country_code,OVERSEAS,,,not_checked,,Review. Some address/physical fields may intentionally differ after geocode/API cleanup.
asset_master,review,asset_field_change_candidate,ast_ead5386059f5,A112401002,business_stage,사업단계,business_stage,운영/실물,,,not_checked,,Review. Some address/physical fields may intentionally differ after geocode/API cleanup.
asset_master,review,asset_field_change_candidate,ast_ead5386059f5,A112401002,portfolio_region,투자지역,portfolio_region,유럽,,,not_checked,,Review. Some address/physical fields may intentionally differ after geocode/API cleanup.
asset_master,review,asset_field_change_candidate,ast_ead5386059f5,A112401002,country_code,국내/해외,country_code,OVERSEAS,,,not_checked,,Review. Some address/physical fields may intentionally differ after geocode/API cleanup.
asset_master,review,asset_field_change_candidate,ast_615cb3a61bf2,A112401003,business_stage,사업단계,business_stage,운영/실물,,,not_checked,,Review. Some address/physical fields may intentionally differ after geocode/API cleanup.
asset_master,review,asset_field_change_candidate,ast_615cb3a61bf2,A112401003,portfolio_region,투자지역,portfolio_region,유럽,,,not_checked,,Review. Some address/physical fields may intentionally differ after geocode/API cleanup.
asset_master,review,asset_field_change_candidate,ast_615cb3a61bf2,A112401003,country_code,국내/해외,country_code,OVERSEAS,,,not_checked,,Review. Some address/physical fields may intentionally differ after geocode/API cleanup.
asset_master,review,asset_field_change_candidate,ast_179a3e793b6f,A112401004,business_stage,사업단계,business_stage,운영/실물,,,not_checked,,Review. Some address/physical fields may intentionally differ after geocode/API cleanup.
asset_master,review,asset_field_change_candidate,ast_179a3e793b6f,A112401004,portfolio_region,투자지역,portfolio_region,유럽,,,not_checked,,Review. Some address/physical fields may intentionally differ after geocode/API cleanup.
asset_master,review,asset_field_change_candidate,ast_179a3e793b6f,A112401004,country_code,국내/해외,country_code,OVERSEAS,,,not_checked,,Review. Some address/physical fields may intentionally differ after geocode/API cleanup.
asset_master,review,asset_field_change_candidate,ast_afa982be63cc,A112401005,business_stage,사업단계,business_stage,운영/실물,,,not_checked,,Review. Some address/physical fields may intentionally differ after geocode/API cleanup.
asset_master,review,asset_field_change_candidate,ast_afa982be63cc,A112401005,portfolio_region,투자지역,portfolio_region,유럽,,,not_checked,,Review. Some address/physical fields may intentionally differ after geocode/API cleanup.
asset_master,review,asset_field_change_candidate,ast_afa982be63cc,A112401005,country_code,국내/해외,country_code,OVERSEAS,,,not_checked,,Review. Some address/physical fields may intentionally differ after geocode/API cleanup.
asset_master,review,asset_field_change_candidate,ast_c70882b2b3ff,A112401006,business_stage,사업단계,business_stage,운영/실물,,,not_checked,,Review. Some address/physical fields may intentionally differ after geocode/API cleanup.
asset_master,review,asset_field_change_candidate,ast_c70882b2b3ff,A112401006,portfolio_region,투자지역,portfolio_region,유럽,,,not_checked,,Review. Some address/physical fields may intentionally differ after geocode/API cleanup.
asset_master,review,asset_field_change_candidate,ast_c70882b2b3ff,A112401006,country_code,국내/해외,country_code,OVERSEAS,,,not_checked,,Review. Some address/physical fields may intentionally differ after geocode/API cleanup.
asset_master,review,asset_field_change_candidate,ast_c7e88869e4e6,A112401007,business_stage,사업단계,business_stage,운영/실물,,,not_checked,,Review. Some address/physical fields may intentionally differ after geocode/API cleanup.
asset_master,review,asset_field_change_candidate,ast_c7e88869e4e6,A112401007,portfolio_region,투자지역,portfolio_region,유럽,,,not_checked,,Review. Some address/physical fields may intentionally differ after geocode/API cleanup.
asset_master,review,asset_field_change_candidate,ast_c7e88869e4e6,A112401007,country_code,국내/해외,country_code,OVERSEAS,,,not_checked,,Review. Some address/physical fields may intentionally differ after geocode/API cleanup.
asset_master,review,asset_field_change_candidate,ast_b487a63c00bc,A112404001,business_stage,사업단계,business_stage,운영/실물,,,found,BldRgstHubService.getBrTitleInfo,Review. Some address/physical fields may intentionally differ after geocode/API cleanup.
asset_master,review,asset_field_change_candidate,ast_b487a63c00bc,A112404001,portfolio_region,투자지역,portfolio_region,대한민국,,,found,BldRgstHubService.getBrTitleInfo,Review. Some address/physical fields may intentionally differ after geocode/API cleanup.
asset_master,review,asset_field_change_candidate,ast_b487a63c00bc,A112404001,country_code,국내/해외,country_code,KR,,,found,BldRgstHubService.getBrTitleInfo,Review. Some address/physical fields may intentionally differ after geocode/API cleanup.
asset_master,review,asset_field_change_candidate,ast_b487a63c00bc,A112404001,gross_floor_area,연면적(m²),gross_floor_area,,19994,,found,BldRgstHubService.getBrTitleInfo,Physical fields may be API-enriched. Review provenance before overwriting.
asset_master,review,asset_field_change_candidate,ast_b487a63c00bc,A112404001,site_area,토지면적(㎡),site_area,,2632,,found,BldRgstHubService.getBrTitleInfo,Physical fields may be API-enriched. Review provenance before overwriting.
asset_master,review,asset_field_change_candidate,ast_b487a63c00bc,A112404001,completion_date,준공(예정)일,completion_date,,2014-12-23,,found,BldRgstHubService.getBrTitleInfo,Review. Some address/physical fields may intentionally differ after geocode/API cleanup.
asset_master,review,asset_field_change_candidate,ast_b487a63c00bc,A112404001,parking,주차대수,parking,,옥내 82 / 옥외 4,,found,BldRgstHubService.getBrTitleInfo,Review. Some address/physical fields may intentionally differ after geocode/API cleanup.
asset_master,review,asset_field_change_candidate,ast_22f2b5989936,A112408001,business_stage,사업단계,business_stage,운영/실물,,,not_checked,,Review. Some address/physical fields may intentionally differ after geocode/API cleanup.
asset_master,review,asset_field_change_candidate,ast_22f2b5989936,A112408001,portfolio_region,투자지역,portfolio_region,북미,,,not_checked,,Review. Some address/physical fields may intentionally differ after geocode/API cleanup.
asset_master,review,asset_field_change_candidate,ast_22f2b5989936,A112408001,country_code,국내/해외,country_code,OVERSEAS,,,not_checked,,Review. Some address/physical fields may intentionally differ after geocode/API cleanup.
asset_master,review,asset_field_change_candidate,ast_3363b64de849,A112409001,business_stage,사업단계,business_stage,운영/실물,,,not_checked,,Review. Some address/physical fields may intentionally differ after geocode/API cleanup.
asset_master,review,asset_field_change_candidate,ast_3363b64de849,A112409001,portfolio_region,투자지역,portfolio_region,북미,,,not_checked,,Review. Some address/physical fields may intentionally differ after geocode/API cleanup.
asset_master,review,asset_field_change_candidate,ast_3363b64de849,A112409001,country_code,국내/해외,country_code,OVERSEAS,,,not_checked,,Review. Some address/physical fields may intentionally differ after geocode/API cleanup.
asset_master,review,asset_field_change_candidate,ast_ce2d13497cbc,A112410001,business_stage,사업단계,business_stage,운영/실물,,,not_checked,,Review. Some address/physical fields may intentionally differ after geocode/API cleanup.
asset_master,review,asset_field_change_candidate,ast_ce2d13497cbc,A112410001,portfolio_region,투자지역,portfolio_region,북미,,,not_checked,,Review. Some address/physical fields may intentionally differ after geocode/API cleanup.
asset_master,review,asset_field_change_candidate,ast_ce2d13497cbc,A112410001,country_code,국내/해외,country_code,OVERSEAS,,,not_checked,,Review. Some address/physical fields may intentionally differ after geocode/API cleanup.
asset_master,review,asset_field_change_candidate,ast_9bf678a7d2ae,A112411001,portfolio_region,투자지역,portfolio_region,글로벌,,,not_checked,,Review. Some address/physical fields may intentionally differ after geocode/API cleanup.
asset_master,review,asset_field_change_candidate,ast_9bf678a7d2ae,A112411001,country_code,국내/해외,country_code,OVERSEAS,,,not_checked,,Review. Some address/physical fields may intentionally differ after geocode/API cleanup.
asset_master,review,asset_field_change_candidate,ast_db5ed66e1434,A112413001,business_stage,사업단계,business_stage,운영/실물,,,not_checked,,Review. Some address/physical fields may intentionally differ after geocode/API cleanup.
asset_master,review,asset_field_change_candidate,ast_db5ed66e1434,A112413001,portfolio_region,투자지역,portfolio_region,글로벌,,,not_checked,,Review. Some address/physical fields may intentionally differ after geocode/API cleanup.
asset_master,review,asset_field_change_candidate,ast_db5ed66e1434,A112413001,country_code,국내/해외,country_code,OVERSEAS,,,not_checked,,Review. Some address/physical fields may intentionally differ after geocode/API cleanup.
asset_master,review,asset_field_change_candidate,ast_740742dbd00f,A112414001,business_stage,사업단계,business_stage,운영/실물,,,found,BldRgstHubService.getBrTitleInfo,Review. Some address/physical fields may intentionally differ after geocode/API cleanup.
asset_master,review,asset_field_change_candidate,ast_740742dbd00f,A112414001,portfolio_region,투자지역,portfolio_region,대한민국,,,found,BldRgstHubService.getBrTitleInfo,Review. Some address/physical fields may intentionally differ after geocode/API cleanup.
asset_master,review,asset_field_change_candidate,ast_740742dbd00f,A112414001,country_code,국내/해외,country_code,KR,,,found,BldRgstHubService.getBrTitleInfo,Review. Some address/physical fields may intentionally differ after geocode/API cleanup.
asset_master,review,asset_field_change_candidate,ast_740742dbd00f,A112414001,site_area,토지면적(㎡),site_area,,5707,,found,BldRgstHubService.getBrTitleInfo,Physical fields may be API-enriched. Review provenance before overwriting.
asset_master,review,asset_field_change_candidate,ast_740742dbd00f,A112414001,completion_date,준공(예정)일,completion_date,,2019-11-29,,found,BldRgstHubService.getBrTitleInfo,Review. Some address/physical fields may intentionally differ after geocode/API cleanup.
asset_master,review,asset_field_change_candidate,ast_740742dbd00f,A112414001,parking,주차대수,parking,,옥내 581 / 옥외 0,,found,BldRgstHubService.getBrTitleInfo,Review. Some address/physical fields may intentionally differ after geocode/API cleanup.
asset_master,review,asset_field_change_candidate,ast_e505ab13fd73,A112418001,business_stage,사업단계,business_stage,운영/실물,,,not_checked,,Review. Some address/physical fields may intentionally differ after geocode/API cleanup.
asset_master,review,asset_field_change_candidate,ast_e505ab13fd73,A112418001,portfolio_region,투자지역,portfolio_region,북미,,,not_checked,,Review. Some address/physical fields may intentionally differ after geocode/API cleanup.
asset_master,review,asset_field_change_candidate,ast_e505ab13fd73,A112418001,country_code,국내/해외,country_code,OVERSEAS,,,not_checked,,Review. Some address/physical fields may intentionally differ after geocode/API cleanup.
asset_master,review,asset_field_change_candidate,ast_8e5fda3d061a,A112421001,business_stage,사업단계,business_stage,운영/실물,,,found,BldRgstHubService.getBrTitleInfo,Review. Some address/physical fields may intentionally differ after geocode/API cleanup.
asset_master,review,asset_field_change_candidate,ast_8e5fda3d061a,A112421001,portfolio_region,투자지역,portfolio_region,대한민국,,,found,BldRgstHubService.getBrTitleInfo,Review. Some address/physical fields may intentionally differ after geocode/API cleanup.
asset_master,review,asset_field_change_candidate,ast_8e5fda3d061a,A112421001,country_code,국내/해외,country_code,KR,,,found,BldRgstHubService.getBrTitleInfo,Review. Some address/physical fields may intentionally differ after geocode/API cleanup.
asset_master,review,asset_field_change_candidate,ast_8e5fda3d061a,A112421001,site_area,토지면적(㎡),site_area,,2000,,found,BldRgstHubService.getBrTitleInfo,Physical fields may be API-enriched. Review provenance before overwriting.
asset_master,review,asset_field_change_candidate,ast_8e5fda3d061a,A112421001,parking,주차대수,parking,,옥내 68 / 옥외 0,,found,BldRgstHubService.getBrTitleInfo,Review. Some address/physical fields may intentionally differ after geocode/API cleanup.
asset_master,review,asset_field_change_candidate,ast_c010b7ae021c,A112425001,portfolio_region,투자지역,portfolio_region,글로벌,,,not_checked,,Review. Some address/physical fields may intentionally differ after geocode/API cleanup.
asset_master,review,asset_field_change_candidate,ast_c010b7ae021c,A112425001,country_code,국내/해외,country_code,OVERSEAS,,,not_checked,,Review. Some address/physical fields may intentionally differ after geocode/API cleanup.
asset_master,review,asset_field_change_candidate,ast_d3ff3c41d7cb,A112442001,business_stage,사업단계,business_stage,운영/실물,,,found,BldRgstHubService.getBrTitleInfo,Review. Some address/physical fields may intentionally differ after geocode/API cleanup.
asset_master,review,asset_field_change_candidate,ast_d3ff3c41d7cb,A112442001,portfolio_region,투자지역,portfolio_region,대한민국,,,found,BldRgstHubService.getBrTitleInfo,Review. Some address/physical fields may intentionally differ after geocode/API cleanup.
asset_master,review,asset_field_change_candidate,ast_d3ff3c41d7cb,A112442001,country_code,국내/해외,country_code,KR,,,found,BldRgstHubService.getBrTitleInfo,Review. Some address/physical fields may intentionally differ after geocode/API cleanup.
asset_master,review,asset_field_change_candidate,ast_d3ff3c41d7cb,A112442001,site_area,토지면적(㎡),site_area,,6638,,found,BldRgstHubService.getBrTitleInfo,Physical fields may be API-enriched. Review provenance before overwriting.
asset_master,review,asset_field_change_candidate,ast_d3ff3c41d7cb,A112442001,parking,주차대수,parking,,옥내 177 / 옥외 0,,found,BldRgstHubService.getBrTitleInfo,Review. Some address/physical fields may intentionally differ after geocode/API cleanup.
asset_master,review,asset_field_change_candidate,ast_64855a473d9f,A112445001,business_stage,사업단계,business_stage,운영/실물,,,pending,,Review. Some address/physical fields may intentionally differ after geocode/API cleanup.
asset_master,review,asset_field_change_candidate,ast_64855a473d9f,A112445001,portfolio_region,투자지역,portfolio_region,대한민국,,,pending,,Review. Some address/physical fields may intentionally differ after geocode/API cleanup.
asset_master,review,asset_field_change_candidate,ast_eb73897d66c4,A112445002,business_stage,사업단계,business_stage,운영/실물,,,found,BldRgstHubService.getBrTitleInfo,Review. Some address/physical fields may intentionally differ after geocode/API cleanup.
asset_master,review,asset_field_change_candidate,ast_eb73897d66c4,A112445002,portfolio_region,투자지역,portfolio_region,대한민국,,,found,BldRgstHubService.getBrTitleInfo,Review. Some address/physical fields may intentionally differ after geocode/API cleanup.
asset_master,review,asset_field_change_candidate,ast_eb73897d66c4,A112445002,country_code,국내/해외,country_code,KR,,,found,BldRgstHubService.getBrTitleInfo,Review. Some address/physical fields may intentionally differ after geocode/API cleanup.
asset_master,review,asset_field_change_candidate,ast_eb73897d66c4,A112445002,site_area,토지면적(㎡),site_area,,903,,found,BldRgstHubService.getBrTitleInfo,Physical fields may be API-enriched. Review provenance before overwriting.
asset_master,review,asset_field_change_candidate,ast_eb73897d66c4,A112445002,parking,주차대수,parking,,옥내 39 / 옥외 2,,found,BldRgstHubService.getBrTitleInfo,Review. Some address/physical fields may intentionally differ after geocode/API cleanup.
asset_master,review,asset_field_change_candidate,ast_878300cda6ad,A112445003,business_stage,사업단계,business_stage,운영/실물,,,found,BldRgstHubService.getBrTitleInfo,Review. Some address/physical fields may intentionally differ after geocode/API cleanup.
asset_master,review,asset_field_change_candidate,ast_878300cda6ad,A112445003,portfolio_region,투자지역,portfolio_region,대한민국,,,found,BldRgstHubService.getBrTitleInfo,Review. Some address/physical fields may intentionally differ after geocode/API cleanup.
asset_master,review,asset_field_change_candidate,ast_878300cda6ad,A112445003,country_code,국내/해외,country_code,KR,,,found,BldRgstHubService.getBrTitleInfo,Review. Some address/physical fields may intentionally differ after geocode/API cleanup.
asset_master,review,asset_field_change_candidate,ast_878300cda6ad,A112445003,site_area,토지면적(㎡),site_area,,648,,found,BldRgstHubService.getBrTitleInfo,Physical fields may be API-enriched. Review provenance before overwriting.
asset_master,review,asset_field_change_candidate,ast_878300cda6ad,A112445003,parking,주차대수,parking,,옥내 14 / 옥외 1,,found,BldRgstHubService.getBrTitleInfo,Review. Some address/physical fields may intentionally differ after geocode/API cleanup.
asset_master,review,asset_field_change_candidate,ast_914c4ba3efd4,A112446001,business_stage,사업단계,business_stage,운영/실물,,,not_checked,,Review. Some address/physical fields may intentionally differ after geocode/API cleanup.
asset_master,review,asset_field_change_candidate,ast_914c4ba3efd4,A112446001,portfolio_region,투자지역,portfolio_region,대한민국,,,not_checked,,Review. Some address/physical fields may intentionally differ after geocode/API cleanup.
asset_master,review,asset_field_change_candidate,ast_914c4ba3efd4,A112446001,country_code,국내/해외,country_code,KR,,,not_checked,,Review. Some address/physical fields may intentionally differ after geocode/API cleanup.
asset_master,review,asset_field_change_candidate,ast_e60d36b43a64,A112449001,business_stage,사업단계,business_stage,운영/실물,,,pending,,Review. Some address/physical fields may intentionally differ after geocode/API cleanup.
asset_master,review,asset_field_change_candidate,ast_e60d36b43a64,A112449001,portfolio_region,투자지역,portfolio_region,대한민국,,,pending,,Review. Some address/physical fields may intentionally differ after geocode/API cleanup.
asset_master,review,asset_field_change_candidate,ast_e60d36b43a64,A112449001,country_code,국내/해외,country_code,KR,,,pending,,Review. Some address/physical fields may intentionally differ after geocode/API cleanup.
asset_master,review,asset_field_change_candidate,ast_1a20ea59c075,A112450001,business_stage,사업단계,business_stage,운영/실물,,,found,BldRgstHubService.getBrTitleInfo,Review. Some address/physical fields may intentionally differ after geocode/API cleanup.
asset_master,review,asset_field_change_candidate,ast_1a20ea59c075,A112450001,portfolio_region,투자지역,portfolio_region,대한민국,,,found,BldRgstHubService.getBrTitleInfo,Review. Some address/physical fields may intentionally differ after geocode/API cleanup.
asset_master,review,asset_field_change_candidate,ast_1a20ea59c075,A112450001,country_code,국내/해외,country_code,KR,,,found,BldRgstHubService.getBrTitleInfo,Review. Some address/physical fields may intentionally differ after geocode/API cleanup.
asset_master,review,asset_field_change_candidate,ast_1a20ea59c075,A112450001,gross_floor_area,연면적(m²),gross_floor_area,,46428,,found,BldRgstHubService.getBrTitleInfo,Physical fields may be API-enriched. Review provenance before overwriting.
asset_master,review,asset_field_change_candidate,ast_1a20ea59c075,A112450001,site_area,토지면적(㎡),site_area,,2954,,found,BldRgstHubService.getBrTitleInfo,Physical fields may be API-enriched. Review provenance before overwriting.
asset_master,review,asset_field_change_candidate,ast_1a20ea59c075,A112450001,completion_date,준공(예정)일,completion_date,,2026-03-31,,found,BldRgstHubService.getBrTitleInfo,Review. Some address/physical fields may intentionally differ after geocode/API cleanup.
asset_master,review,asset_field_change_candidate,ast_1a20ea59c075,A112450001,parking,주차대수,parking,,옥내 269 / 옥외 0,,found,BldRgstHubService.getBrTitleInfo,Review. Some address/physical fields may intentionally differ after geocode/API cleanup.
asset_master,review,asset_field_change_candidate,ast_efc67c29f4e8,A112451001,business_stage,사업단계,business_stage,운영/실물,,,not_checked,,Review. Some address/physical fields may intentionally differ after geocode/API cleanup.
asset_master,review,asset_field_change_candidate,ast_efc67c29f4e8,A112451001,portfolio_region,투자지역,portfolio_region,대한민국,,,not_checked,,Review. Some address/physical fields may intentionally differ after geocode/API cleanup.
asset_master,review,asset_field_change_candidate,ast_efc67c29f4e8,A112451001,country_code,국내/해외,country_code,KR,,,not_checked,,Review. Some address/physical fields may intentionally differ after geocode/API cleanup.
asset_master,review,asset_field_change_candidate,ast_e2910b24e5e7,A112456001,business_stage,사업단계,business_stage,운영/실물,,,pending,,Review. Some address/physical fields may intentionally differ after geocode/API cleanup.
asset_master,review,asset_field_change_candidate,ast_e2910b24e5e7,A112456001,portfolio_region,투자지역,portfolio_region,대한민국,,,pending,,Review. Some address/physical fields may intentionally differ after geocode/API cleanup.
asset_master,review,asset_field_change_candidate,ast_cb763ed28220,A112461001,business_stage,사업단계,business_stage,운영/실물,,,found,BldRgstHubService.getBrTitleInfo,Review. Some address/physical fields may intentionally differ after geocode/API cleanup.
asset_master,review,asset_field_change_candidate,ast_cb763ed28220,A112461001,portfolio_region,투자지역,portfolio_region,대한민국,,,found,BldRgstHubService.getBrTitleInfo,Review. Some address/physical fields may intentionally differ after geocode/API cleanup.
asset_master,review,asset_field_change_candidate,ast_cb763ed28220,A112461001,country_code,국내/해외,country_code,KR,,,found,BldRgstHubService.getBrTitleInfo,Review. Some address/physical fields may intentionally differ after geocode/API cleanup.
asset_master,review,asset_field_change_candidate,ast_cb763ed28220,A112461001,site_area,토지면적(㎡),site_area,,1232,,found,BldRgstHubService.getBrTitleInfo,Physical fields may be API-enriched. Review provenance before overwriting.
asset_master,review,asset_field_change_candidate,ast_cb763ed28220,A112461001,completion_date,준공(예정)일,completion_date,,1997-09-22,,found,BldRgstHubService.getBrTitleInfo,Review. Some address/physical fields may intentionally differ after geocode/API cleanup.
asset_master,review,asset_field_change_candidate,ast_cb763ed28220,A112461001,parking,주차대수,parking,,옥내 26 / 옥외 22,,found,BldRgstHubService.getBrTitleInfo,Review. Some address/physical fields may intentionally differ after geocode/API cleanup.
asset_master,review,asset_field_change_candidate,ast_a56330cfa5d8,A112466001,portfolio_region,투자지역,portfolio_region,대한민국,,,pending,,Review. Some address/physical fields may intentionally differ after geocode/API cleanup.
asset_master,review,asset_field_change_candidate,ast_a56330cfa5d8,A112466001,country_code,국내/해외,country_code,KR,,,pending,,Review. Some address/physical fields may intentionally differ after geocode/API cleanup.
asset_master,review,asset_field_change_candidate,ast_e93b7e7a9f50,A112466002,portfolio_region,투자지역,portfolio_region,대한민국,,,pending,,Review. Some address/physical fields may intentionally differ after geocode/API cleanup.
asset_master,review,asset_field_change_candidate,ast_e93b7e7a9f50,A112466002,country_code,국내/해외,country_code,KR,,,pending,,Review. Some address/physical fields may intentionally differ after geocode/API cleanup.
asset_master,review,asset_field_change_candidate,ast_47c9c0222e55,A112466003,portfolio_region,투자지역,portfolio_region,대한민국,,,pending,,Review. Some address/physical fields may intentionally differ after geocode/API cleanup.
asset_master,review,asset_field_change_candidate,ast_47c9c0222e55,A112466003,country_code,국내/해외,country_code,KR,,,pending,,Review. Some address/physical fields may intentionally differ after geocode/API cleanup.
asset_master,review,asset_field_change_candidate,ast_dcf834c2a811,A112466004,portfolio_region,투자지역,portfolio_region,대한민국,,,not_checked,,Review. Some address/physical fields may intentionally differ after geocode/API cleanup.
asset_master,review,asset_field_change_candidate,ast_dcf834c2a811,A112466004,country_code,국내/해외,country_code,KR,,,not_checked,,Review. Some address/physical fields may intentionally differ after geocode/API cleanup.
asset_master,review,asset_field_change_candidate,ast_b455401a3b2c,A112466005,portfolio_region,투자지역,portfolio_region,대한민국,,,not_checked,,Review. Some address/physical fields may intentionally differ after geocode/API cleanup.
asset_master,review,asset_field_change_candidate,ast_b455401a3b2c,A112466005,country_code,국내/해외,country_code,KR,,,not_checked,,Review. Some address/physical fields may intentionally differ after geocode/API cleanup.
asset_master,review,asset_field_change_candidate,ast_d4676b749cd2,A112466006,portfolio_region,투자지역,portfolio_region,대한민국,,,pending,,Review. Some address/physical fields may intentionally differ after geocode/API cleanup.
asset_master,review,asset_field_change_candidate,ast_d4676b749cd2,A112466006,country_code,국내/해외,country_code,KR,,,pending,,Review. Some address/physical fields may intentionally differ after geocode/API cleanup.
asset_master,review,asset_field_change_candidate,ast_fc9106a89950,A112466007,portfolio_region,투자지역,portfolio_region,대한민국,,,pending,,Review. Some address/physical fields may intentionally differ after geocode/API cleanup.
asset_master,review,asset_field_change_candidate,ast_fc9106a89950,A112466007,country_code,국내/해외,country_code,KR,,,pending,,Review. Some address/physical fields may intentionally differ after geocode/API cleanup.
asset_master,review,asset_field_change_candidate,ast_30ea47766ea3,A112466008,portfolio_region,투자지역,portfolio_region,대한민국,,,pending,,Review. Some address/physical fields may intentionally differ after geocode/API cleanup.
asset_master,review,asset_field_change_candidate,ast_30ea47766ea3,A112466008,country_code,국내/해외,country_code,KR,,,pending,,Review. Some address/physical fields may intentionally differ after geocode/API cleanup.
asset_master,review,asset_field_change_candidate,ast_5393f66e7bcb,A112466010,portfolio_region,투자지역,portfolio_region,대한민국,,,not_checked,,Review. Some address/physical fields may intentionally differ after geocode/API cleanup.
asset_master,review,asset_field_change_candidate,ast_5393f66e7bcb,A112466010,country_code,국내/해외,country_code,KR,,,not_checked,,Review. Some address/physical fields may intentionally differ after geocode/API cleanup.
asset_master,review,asset_field_change_candidate,ast_26e82856c0dc,A112466011,portfolio_region,투자지역,portfolio_region,대한민국,,,pending,,Review. Some address/physical fields may intentionally differ after geocode/API cleanup.
asset_master,review,asset_field_change_candidate,ast_26e82856c0dc,A112466011,country_code,국내/해외,country_code,KR,,,pending,,Review. Some address/physical fields may intentionally differ after geocode/API cleanup.
asset_master,review,asset_field_change_candidate,ast_9a719e7b4ca2,A112466012,portfolio_region,투자지역,portfolio_region,대한민국,,,pending,,Review. Some address/physical fields may intentionally differ after geocode/API cleanup.
asset_master,review,asset_field_change_candidate,ast_9a719e7b4ca2,A112466012,country_code,국내/해외,country_code,KR,,,pending,,Review. Some address/physical fields may intentionally differ after geocode/API cleanup.
asset_master,review,asset_field_change_candidate,ast_de2b4769c13a,A112466014,portfolio_region,투자지역,portfolio_region,대한민국,,,not_checked,,Review. Some address/physical fields may intentionally differ after geocode/API cleanup.
asset_master,review,asset_field_change_candidate,ast_de2b4769c13a,A112466014,country_code,국내/해외,country_code,KR,,,not_checked,,Review. Some address/physical fields may intentionally differ after geocode/API cleanup.
asset_master,review,asset_field_change_candidate,ast_44fa365fae5f,A112466015,portfolio_region,투자지역,portfolio_region,대한민국,,,not_checked,,Review. Some address/physical fields may intentionally differ after geocode/API cleanup.
asset_master,review,asset_field_change_candidate,ast_44fa365fae5f,A112466015,country_code,국내/해외,country_code,KR,,,not_checked,,Review. Some address/physical fields may intentionally differ after geocode/API cleanup.
asset_master,review,asset_field_change_candidate,ast_08feb99d7dd1,A112466016,portfolio_region,투자지역,portfolio_region,대한민국,,,pending,,Review. Some address/physical fields may intentionally differ after geocode/API cleanup.
asset_master,review,asset_field_change_candidate,ast_08feb99d7dd1,A112466016,country_code,국내/해외,country_code,KR,,,pending,,Review. Some address/physical fields may intentionally differ after geocode/API cleanup.
asset_master,review,asset_field_change_candidate,ast_a6d6041ea653,A112466017,portfolio_region,투자지역,portfolio_region,대한민국,,,pending,,Review. Some address/physical fields may intentionally differ after geocode/API cleanup.
asset_master,review,asset_field_change_candidate,ast_a6d6041ea653,A112466017,country_code,국내/해외,country_code,KR,,,pending,,Review. Some address/physical fields may intentionally differ after geocode/API cleanup.
asset_master,review,asset_field_change_candidate,ast_75abb17c6fb9,A112466018,portfolio_region,투자지역,portfolio_region,대한민국,,,pending,,Review. Some address/physical fields may intentionally differ after geocode/API cleanup.
asset_master,review,asset_field_change_candidate,ast_75abb17c6fb9,A112466018,country_code,국내/해외,country_code,KR,,,pending,,Review. Some address/physical fields may intentionally differ after geocode/API cleanup.
asset_master,review,asset_field_change_candidate,ast_12910bc887e1,A112466019,portfolio_region,투자지역,portfolio_region,대한민국,,,not_checked,,Review. Some address/physical fields may intentionally differ after geocode/API cleanup.
asset_master,review,asset_field_change_candidate,ast_12910bc887e1,A112466019,country_code,국내/해외,country_code,KR,,,not_checked,,Review. Some address/physical fields may intentionally differ after geocode/API cleanup.
asset_master,review,asset_field_change_candidate,ast_f0849461378a,A112466020,portfolio_region,투자지역,portfolio_region,대한민국,,,not_checked,,Review. Some address/physical fields may intentionally differ after geocode/API cleanup.
asset_master,review,asset_field_change_candidate,ast_f0849461378a,A112466020,country_code,국내/해외,country_code,KR,,,not_checked,,Review. Some address/physical fields may intentionally differ after geocode/API cleanup.
asset_master,review,asset_field_change_candidate,ast_6e21f7f90ac5,A112466021,portfolio_region,투자지역,portfolio_region,대한민국,,,pending,,Review. Some address/physical fields may intentionally differ after geocode/API cleanup.
asset_master,review,asset_field_change_candidate,ast_6e21f7f90ac5,A112466021,country_code,국내/해외,country_code,KR,,,pending,,Review. Some address/physical fields may intentionally differ after geocode/API cleanup.
asset_master,review,asset_field_change_candidate,ast_7f04e40d8fcc,A112466022,portfolio_region,투자지역,portfolio_region,대한민국,,,pending,,Review. Some address/physical fields may intentionally differ after geocode/API cleanup.
asset_master,review,asset_field_change_candidate,ast_7f04e40d8fcc,A112466022,country_code,국내/해외,country_code,KR,,,pending,,Review. Some address/physical fields may intentionally differ after geocode/API cleanup.
asset_master,review,asset_field_change_candidate,ast_60cc7b32c8c0,A112466023,portfolio_region,투자지역,portfolio_region,대한민국,,,pending,,Review. Some address/physical fields may intentionally differ after geocode/API cleanup.
asset_master,review,asset_field_change_candidate,ast_aab359e1cf01,A112466024,portfolio_region,투자지역,portfolio_region,대한민국,,,not_checked,,Review. Some address/physical fields may intentionally differ after geocode/API cleanup.
asset_master,review,asset_field_change_candidate,ast_aab359e1cf01,A112466024,country_code,국내/해외,country_code,KR,,,not_checked,,Review. Some address/physical fields may intentionally differ after geocode/API cleanup.
asset_master,review,asset_field_change_candidate,ast_2544de51ae5f,A112466025,portfolio_region,투자지역,portfolio_region,대한민국,,,pending,,Review. Some address/physical fields may intentionally differ after geocode/API cleanup.
asset_master,review,asset_field_change_candidate,ast_84777620581a,A112466026,portfolio_region,투자지역,portfolio_region,대한민국,,,not_checked,,Review. Some address/physical fields may intentionally differ after geocode/API cleanup.
asset_master,review,asset_field_change_candidate,ast_84777620581a,A112466026,country_code,국내/해외,country_code,KR,,,not_checked,,Review. Some address/physical fields may intentionally differ after geocode/API cleanup.
asset_master,review,asset_field_change_candidate,ast_d19640044285,A112466027,portfolio_region,투자지역,portfolio_region,대한민국,,,pending,,Review. Some address/physical fields may intentionally differ after geocode/API cleanup.
asset_master,review,asset_field_change_candidate,ast_d19640044285,A112466027,country_code,국내/해외,country_code,KR,,,pending,,Review. Some address/physical fields may intentionally differ after geocode/API cleanup.
asset_master,review,asset_field_change_candidate,ast_67c6580ada7b,A112466028,portfolio_region,투자지역,portfolio_region,대한민국,,,not_checked,,Review. Some address/physical fields may intentionally differ after geocode/API cleanup.
asset_master,review,asset_field_change_candidate,ast_67c6580ada7b,A112466028,country_code,국내/해외,country_code,KR,,,not_checked,,Review. Some address/physical fields may intentionally differ after geocode/API cleanup.
asset_master,review,asset_field_change_candidate,ast_3c2f16286fc7,A112466029,portfolio_region,투자지역,portfolio_region,대한민국,,,pending,,Review. Some address/physical fields may intentionally differ after geocode/API cleanup.
asset_master,review,asset_field_change_candidate,ast_3c2f16286fc7,A112466029,country_code,국내/해외,country_code,KR,,,pending,,Review. Some address/physical fields may intentionally differ after geocode/API cleanup.
asset_master,review,asset_field_change_candidate,ast_b0af734b18b2,A112466030,portfolio_region,투자지역,portfolio_region,대한민국,,,pending,,Review. Some address/physical fields may intentionally differ after geocode/API cleanup.
asset_master,review,asset_field_change_candidate,ast_b0af734b18b2,A112466030,country_code,국내/해외,country_code,KR,,,pending,,Review. Some address/physical fields may intentionally differ after geocode/API cleanup.
asset_master,review,asset_field_change_candidate,ast_879736673d32,A112466031,portfolio_region,투자지역,portfolio_region,대한민국,,,pending,,Review. Some address/physical fields may intentionally differ after geocode/API cleanup.
asset_master,review,asset_field_change_candidate,ast_879736673d32,A112466031,country_code,국내/해외,country_code,KR,,,pending,,Review. Some address/physical fields may intentionally differ after geocode/API cleanup.
asset_master,review,asset_field_change_candidate,ast_f111ae69e480,A112466032,portfolio_region,투자지역,portfolio_region,대한민국,,,pending,,Review. Some address/physical fields may intentionally differ after geocode/API cleanup.
asset_master,review,asset_field_change_candidate,ast_f111ae69e480,A112466032,country_code,국내/해외,country_code,KR,,,pending,,Review. Some address/physical fields may intentionally differ after geocode/API cleanup.
asset_master,review,asset_field_change_candidate,ast_df3703ad7418,A112466033,portfolio_region,투자지역,portfolio_region,대한민국,,,pending,,Review. Some address/physical fields may intentionally differ after geocode/API cleanup.
asset_master,review,asset_field_change_candidate,ast_df3703ad7418,A112466033,country_code,국내/해외,country_code,KR,,,pending,,Review. Some address/physical fields may intentionally differ after geocode/API cleanup.
asset_master,review,asset_field_change_candidate,ast_86f45a70b070,A112470001,business_stage,사업단계,business_stage,운영/실물,,,not_checked,,Review. Some address/physical fields may intentionally differ after geocode/API cleanup.
asset_master,review,asset_field_change_candidate,ast_86f45a70b070,A112470001,portfolio_region,투자지역,portfolio_region,대한민국,,,not_checked,,Review. Some address/physical fields may intentionally differ after geocode/API cleanup.
asset_master,review,asset_field_change_candidate,ast_86f45a70b070,A112470001,country_code,국내/해외,country_code,KR,,,not_checked,,Review. Some address/physical fields may intentionally differ after geocode/API cleanup.
asset_master,review,asset_field_change_candidate,ast_a74111b9d3ac,A112471001,business_stage,사업단계,business_stage,운영/실물,,,not_checked,,Review. Some address/physical fields may intentionally differ after geocode/API cleanup.
asset_master,review,asset_field_change_candidate,ast_a74111b9d3ac,A112471001,portfolio_region,투자지역,portfolio_region,대한민국,,,not_checked,,Review. Some address/physical fields may intentionally differ after geocode/API cleanup.
asset_master,review,asset_field_change_candidate,ast_a74111b9d3ac,A112471001,country_code,국내/해외,country_code,KR,,,not_checked,,Review. Some address/physical fields may intentionally differ after geocode/API cleanup.
asset_master,review,asset_field_change_candidate,ast_eb5a157872a8,A112474001,business_stage,사업단계,business_stage,운영/실물,,,pending,,Review. Some address/physical fields may intentionally differ after geocode/API cleanup.
asset_master,review,asset_field_change_candidate,ast_eb5a157872a8,A112474001,portfolio_region,투자지역,portfolio_region,대한민국,,,pending,,Review. Some address/physical fields may intentionally differ after geocode/API cleanup.
asset_master,review,asset_field_change_candidate,ast_a8f90f516d21,A112475001,business_stage,사업단계,business_stage,운영/실물,,,found,BldRgstHubService.getBrTitleInfo,Review. Some address/physical fields may intentionally differ after geocode/API cleanup.
asset_master,review,asset_field_change_candidate,ast_a8f90f516d21,A112475001,portfolio_region,투자지역,portfolio_region,대한민국,,,found,BldRgstHubService.getBrTitleInfo,Review. Some address/physical fields may intentionally differ after geocode/API cleanup.
asset_master,review,asset_field_change_candidate,ast_a8f90f516d21,A112475001,country_code,국내/해외,country_code,KR,,,found,BldRgstHubService.getBrTitleInfo,Review. Some address/physical fields may intentionally differ after geocode/API cleanup.
asset_master,review,asset_field_change_candidate,ast_a8f90f516d21,A112475001,site_area,토지면적(㎡),site_area,,6480,,found,BldRgstHubService.getBrTitleInfo,Physical fields may be API-enriched. Review provenance before overwriting.
asset_master,review,asset_field_change_candidate,ast_a8f90f516d21,A112475001,parking,주차대수,parking,,옥내 373 / 옥외 4,,found,BldRgstHubService.getBrTitleInfo,Review. Some address/physical fields may intentionally differ after geocode/API cleanup.
asset_master,review,asset_field_change_candidate,ast_86bf4722d494,A112478001,business_stage,사업단계,business_stage,운영/실물,,,not_checked,,Review. Some address/physical fields may intentionally differ after geocode/API cleanup.
asset_master,review,asset_field_change_candidate,ast_86bf4722d494,A112478001,portfolio_region,투자지역,portfolio_region,북미,,,not_checked,,Review. Some address/physical fields may intentionally differ after geocode/API cleanup.
asset_master,review,asset_field_change_candidate,ast_86bf4722d494,A112478001,country_code,국내/해외,country_code,OVERSEAS,,,not_checked,,Review. Some address/physical fields may intentionally differ after geocode/API cleanup.
asset_master,review,asset_field_change_candidate,ast_d7155e535335,A112482001,business_stage,사업단계,business_stage,운영/실물,,,not_checked,,Review. Some address/physical fields may intentionally differ after geocode/API cleanup.
asset_master,review,asset_field_change_candidate,ast_d7155e535335,A112482001,portfolio_region,투자지역,portfolio_region,유럽,,,not_checked,,Review. Some address/physical fields may intentionally differ after geocode/API cleanup.
asset_master,review,asset_field_change_candidate,ast_d7155e535335,A112482001,country_code,국내/해외,country_code,OVERSEAS,,,not_checked,,Review. Some address/physical fields may intentionally differ after geocode/API cleanup.
asset_master,review,asset_field_change_candidate,ast_5c591e0531aa,A112483001,business_stage,사업단계,business_stage,운영/실물,,,not_checked,,Review. Some address/physical fields may intentionally differ after geocode/API cleanup.
asset_master,review,asset_field_change_candidate,ast_5c591e0531aa,A112483001,portfolio_region,투자지역,portfolio_region,북미,,,not_checked,,Review. Some address/physical fields may intentionally differ after geocode/API cleanup.
asset_master,review,asset_field_change_candidate,ast_5c591e0531aa,A112483001,country_code,국내/해외,country_code,OVERSEAS,,,not_checked,,Review. Some address/physical fields may intentionally differ after geocode/API cleanup.
asset_master,review,asset_field_change_candidate,ast_f4fc6d89a82b,A112486001,business_stage,사업단계,business_stage,운영/실물,,,not_checked,,Review. Some address/physical fields may intentionally differ after geocode/API cleanup.
asset_master,review,asset_field_change_candidate,ast_f4fc6d89a82b,A112486001,portfolio_region,투자지역,portfolio_region,북미,,,not_checked,,Review. Some address/physical fields may intentionally differ after geocode/API cleanup.
asset_master,review,asset_field_change_candidate,ast_f4fc6d89a82b,A112486001,country_code,국내/해외,country_code,OVERSEAS,,,not_checked,,Review. Some address/physical fields may intentionally differ after geocode/API cleanup.
asset_master,review,asset_field_change_candidate,ast_32afdcee5368,A112487001,business_stage,사업단계,business_stage,운영/실물,,,not_checked,,Review. Some address/physical fields may intentionally differ after geocode/API cleanup.
asset_master,review,asset_field_change_candidate,ast_32afdcee5368,A112487001,portfolio_region,투자지역,portfolio_region,대한민국,,,not_checked,,Review. Some address/physical fields may intentionally differ after geocode/API cleanup.
asset_master,review,asset_field_change_candidate,ast_32afdcee5368,A112487001,country_code,국내/해외,country_code,KR,,,not_checked,,Review. Some address/physical fields may intentionally differ after geocode/API cleanup.
asset_master,review,asset_field_change_candidate,ast_af02aac59036,A112490001,business_stage,사업단계,business_stage,밸류애드,,,found,BldRgstHubService.getBrTitleInfo,Review. Some address/physical fields may intentionally differ after geocode/API cleanup.
asset_master,review,asset_field_change_candidate,ast_af02aac59036,A112490001,portfolio_region,투자지역,portfolio_region,대한민국,,,found,BldRgstHubService.getBrTitleInfo,Review. Some address/physical fields may intentionally differ after geocode/API cleanup.
asset_master,review,asset_field_change_candidate,ast_af02aac59036,A112490001,site_area,토지면적(㎡),site_area,,10623,,found,BldRgstHubService.getBrTitleInfo,Physical fields may be API-enriched. Review provenance before overwriting.
asset_master,review,asset_field_change_candidate,ast_af02aac59036,A112490001,parking,주차대수,parking,,옥내 764 / 옥외 0,,found,BldRgstHubService.getBrTitleInfo,Review. Some address/physical fields may intentionally differ after geocode/API cleanup.
asset_master,review,asset_field_change_candidate,ast_3d2e2d559411,A112493001,business_stage,사업단계,business_stage,운영/실물,,,found,BldRgstHubService.getBrTitleInfo,Review. Some address/physical fields may intentionally differ after geocode/API cleanup.
asset_master,review,asset_field_change_candidate,ast_3d2e2d559411,A112493001,portfolio_region,투자지역,portfolio_region,대한민국,,,found,BldRgstHubService.getBrTitleInfo,Review. Some address/physical fields may intentionally differ after geocode/API cleanup.
asset_master,review,asset_field_change_candidate,ast_3d2e2d559411,A112493001,country_code,국내/해외,country_code,KR,,,found,BldRgstHubService.getBrTitleInfo,Review. Some address/physical fields may intentionally differ after geocode/API cleanup.
asset_master,review,asset_field_change_candidate,ast_3d2e2d559411,A112493001,site_area,토지면적(㎡),site_area,,4006,,found,BldRgstHubService.getBrTitleInfo,Physical fields may be API-enriched. Review provenance before overwriting.
asset_master,review,asset_field_change_candidate,ast_3d2e2d559411,A112493001,completion_date,준공(예정)일,completion_date,,1986-10-15,,found,BldRgstHubService.getBrTitleInfo,Review. Some address/physical fields may intentionally differ after geocode/API cleanup.
asset_master,review,asset_field_change_candidate,ast_3d2e2d559411,A112493001,parking,주차대수,parking,,옥내 131 / 옥외 10,,found,BldRgstHubService.getBrTitleInfo,Review. Some address/physical fields may intentionally differ after geocode/API cleanup.
asset_master,review,asset_field_change_candidate,ast_fb434217c86c,A112495001,portfolio_region,투자지역,portfolio_region,대한민국,,,not_checked,,Review. Some address/physical fields may intentionally differ after geocode/API cleanup.
asset_master,review,asset_field_change_candidate,ast_3c45f673637a,A112495002,portfolio_region,투자지역,portfolio_region,글로벌,,,not_checked,,Review. Some address/physical fields may intentionally differ after geocode/API cleanup.
asset_master,review,asset_field_change_candidate,ast_3c45f673637a,A112495002,country_code,국내/해외,country_code,OVERSEAS,,,not_checked,,Review. Some address/physical fields may intentionally differ after geocode/API cleanup.
asset_master,review,asset_field_change_candidate,ast_373f87c6b8d9,A112496001,business_stage,사업단계,business_stage,운영/실물,,,not_checked,,Review. Some address/physical fields may intentionally differ after geocode/API cleanup.
asset_master,review,asset_field_change_candidate,ast_373f87c6b8d9,A112496001,portfolio_region,투자지역,portfolio_region,북미,,,not_checked,,Review. Some address/physical fields may intentionally differ after geocode/API cleanup.
asset_master,review,asset_field_change_candidate,ast_373f87c6b8d9,A112496001,country_code,국내/해외,country_code,OVERSEAS,,,not_checked,,Review. Some address/physical fields may intentionally differ after geocode/API cleanup.
asset_master,review,asset_field_change_candidate,ast_c4b09711952f,A112496004,business_stage,사업단계,business_stage,운영/실물,,,not_checked,,Review. Some address/physical fields may intentionally differ after geocode/API cleanup.
asset_master,review,asset_field_change_candidate,ast_c4b09711952f,A112496004,portfolio_region,투자지역,portfolio_region,북미,,,not_checked,,Review. Some address/physical fields may intentionally differ after geocode/API cleanup.
asset_master,review,asset_field_change_candidate,ast_c4b09711952f,A112496004,country_code,국내/해외,country_code,OVERSEAS,,,not_checked,,Review. Some address/physical fields may intentionally differ after geocode/API cleanup.
asset_master,review,asset_field_change_candidate,ast_b7500e646006,A112496005,business_stage,사업단계,business_stage,운영/실물,,,not_checked,,Review. Some address/physical fields may intentionally differ after geocode/API cleanup.
asset_master,review,asset_field_change_candidate,ast_b7500e646006,A112496005,portfolio_region,투자지역,portfolio_region,북미,,,not_checked,,Review. Some address/physical fields may intentionally differ after geocode/API cleanup.
asset_master,review,asset_field_change_candidate,ast_b7500e646006,A112496005,country_code,국내/해외,country_code,OVERSEAS,,,not_checked,,Review. Some address/physical fields may intentionally differ after geocode/API cleanup.
asset_master,review,asset_field_change_candidate,ast_5827261360b4,A112499001,business_stage,사업단계,business_stage,운영/실물,,,found,BldRgstHubService.getBrTitleInfo,Review. Some address/physical fields may intentionally differ after geocode/API cleanup.
asset_master,review,asset_field_change_candidate,ast_5827261360b4,A112499001,portfolio_region,투자지역,portfolio_region,대한민국,,,found,BldRgstHubService.getBrTitleInfo,Review. Some address/physical fields may intentionally differ after geocode/API cleanup.
asset_master,review,asset_field_change_candidate,ast_5827261360b4,A112499001,country_code,국내/해외,country_code,KR,,,found,BldRgstHubService.getBrTitleInfo,Review. Some address/physical fields may intentionally differ after geocode/API cleanup.
asset_master,review,asset_field_change_candidate,ast_5827261360b4,A112499001,site_area,토지면적(㎡),site_area,,1587,,found,BldRgstHubService.getBrTitleInfo,Physical fields may be API-enriched. Review provenance before overwriting.
asset_master,review,asset_field_change_candidate,ast_5827261360b4,A112499001,parking,주차대수,parking,,옥내 81 / 옥외 0,,found,BldRgstHubService.getBrTitleInfo,Review. Some address/physical fields may intentionally differ after geocode/API cleanup.
asset_master,review,asset_field_change_candidate,ast_2652e06dfeaa,A112500002,address_text,"전체주소(시/도, 구/군 포함)",address_text,경기도 평택시 도일유통길 64(도일동 1175-3),도일동 1175-3,,found,BldRgstHubService.getBrTitleInfo,Review. Some address/physical fields may intentionally differ after geocode/API cleanup.
asset_master,review,asset_field_change_candidate,ast_2652e06dfeaa,A112500002,business_stage,사업단계,business_stage,특수상황,,,found,BldRgstHubService.getBrTitleInfo,Review. Some address/physical fields may intentionally differ after geocode/API cleanup.
asset_master,review,asset_field_change_candidate,ast_2652e06dfeaa,A112500002,portfolio_region,투자지역,portfolio_region,대한민국,,,found,BldRgstHubService.getBrTitleInfo,Review. Some address/physical fields may intentionally differ after geocode/API cleanup.
asset_master,review,asset_field_change_candidate,ast_2652e06dfeaa,A112500002,site_area,토지면적(㎡),site_area,,63517,,found,BldRgstHubService.getBrTitleInfo,Physical fields may be API-enriched. Review provenance before overwriting.
asset_master,review,asset_field_change_candidate,ast_2652e06dfeaa,A112500002,parking,주차대수,parking,,옥내 0 / 옥외 143,,found,BldRgstHubService.getBrTitleInfo,Review. Some address/physical fields may intentionally differ after geocode/API cleanup.
asset_master,review,asset_field_change_candidate,ast_d5a492f670ed,A112500003,business_stage,사업단계,business_stage,운영/실물,,,found,BldRgstHubService.getBrTitleInfo,Review. Some address/physical fields may intentionally differ after geocode/API cleanup.
asset_master,review,asset_field_change_candidate,ast_d5a492f670ed,A112500003,portfolio_region,투자지역,portfolio_region,대한민국,,,found,BldRgstHubService.getBrTitleInfo,Review. Some address/physical fields may intentionally differ after geocode/API cleanup.
asset_master,review,asset_field_change_candidate,ast_d5a492f670ed,A112500003,site_area,토지면적(㎡),site_area,,0,,found,BldRgstHubService.getBrTitleInfo,Physical fields may be API-enriched. Review provenance before overwriting.
asset_master,review,asset_field_change_candidate,ast_d5a492f670ed,A112500003,completion_date,준공(예정)일,completion_date,,2012-10-05,,found,BldRgstHubService.getBrTitleInfo,Review. Some address/physical fields may intentionally differ after geocode/API cleanup.
asset_master,review,asset_field_change_candidate,ast_d5a492f670ed,A112500003,parking,주차대수,parking,,옥내 0 / 옥외 0,,found,BldRgstHubService.getBrTitleInfo,Review. Some address/physical fields may intentionally differ after geocode/API cleanup.
asset_master,review,asset_field_change_candidate,ast_b7f2420d1edb,A112501001,business_stage,사업단계,business_stage,운영/실물,,,not_checked,,Review. Some address/physical fields may intentionally differ after geocode/API cleanup.
asset_master,review,asset_field_change_candidate,ast_b7f2420d1edb,A112501001,portfolio_region,투자지역,portfolio_region,북미,,,not_checked,,Review. Some address/physical fields may intentionally differ after geocode/API cleanup.
asset_master,review,asset_field_change_candidate,ast_b7f2420d1edb,A112501001,country_code,국내/해외,country_code,OVERSEAS,,,not_checked,,Review. Some address/physical fields may intentionally differ after geocode/API cleanup.
asset_master,review,asset_field_change_candidate,ast_54b1a79581f6,A112502001,business_stage,사업단계,business_stage,운영/실물,,,not_checked,,Review. Some address/physical fields may intentionally differ after geocode/API cleanup.
asset_master,review,asset_field_change_candidate,ast_54b1a79581f6,A112502001,portfolio_region,투자지역,portfolio_region,북미,,,not_checked,,Review. Some address/physical fields may intentionally differ after geocode/API cleanup.
asset_master,review,asset_field_change_candidate,ast_54b1a79581f6,A112502001,country_code,국내/해외,country_code,OVERSEAS,,,not_checked,,Review. Some address/physical fields may intentionally differ after geocode/API cleanup.
asset_master,review,asset_field_change_candidate,ast_2973f4cd4890,A112504001,portfolio_region,투자지역,portfolio_region,대한민국,,,not_checked,,Review. Some address/physical fields may intentionally differ after geocode/API cleanup.
asset_master,review,asset_field_change_candidate,ast_2973f4cd4890,A112504001,country_code,국내/해외,country_code,KR,,,not_checked,,Review. Some address/physical fields may intentionally differ after geocode/API cleanup.
asset_master,review,asset_field_change_candidate,ast_85753c049318,A112504002,portfolio_region,투자지역,portfolio_region,대한민국,,,not_checked,,Review. Some address/physical fields may intentionally differ after geocode/API cleanup.
asset_master,review,asset_field_change_candidate,ast_85753c049318,A112504002,country_code,국내/해외,country_code,KR,,,not_checked,,Review. Some address/physical fields may intentionally differ after geocode/API cleanup.
asset_master,review,asset_field_change_candidate,ast_92dea7abe14c,A112504003,portfolio_region,투자지역,portfolio_region,대한민국,,,pending,,Review. Some address/physical fields may intentionally differ after geocode/API cleanup.
asset_master,review,asset_field_change_candidate,ast_92dea7abe14c,A112504003,country_code,국내/해외,country_code,KR,,,pending,,Review. Some address/physical fields may intentionally differ after geocode/API cleanup.
asset_master,review,asset_field_change_candidate,ast_1aa61ea72a74,A112504004,portfolio_region,투자지역,portfolio_region,대한민국,,,pending,,Review. Some address/physical fields may intentionally differ after geocode/API cleanup.
asset_master,review,asset_field_change_candidate,ast_1aa61ea72a74,A112504004,country_code,국내/해외,country_code,KR,,,pending,,Review. Some address/physical fields may intentionally differ after geocode/API cleanup.
asset_master,review,asset_field_change_candidate,ast_222407c92192,A112504005,canonical_name,자산(건물)명,canonical_name,새금풍력태양광발전소,이지스일반사모투자신탁392호(태양광),,found,BldRgstHubService.getBrTitleInfo,Review. Some address/physical fields may intentionally differ after geocode/API cleanup.
asset_master,review,asset_field_change_candidate,ast_222407c92192,A112504005,address_text,"전체주소(시/도, 구/군 포함)",address_text,"강원도 정선군, 삼척시 남양안길",남양동 330-3,,found,BldRgstHubService.getBrTitleInfo,Review. Some address/physical fields may intentionally differ after geocode/API cleanup.
asset_master,review,asset_field_change_candidate,ast_222407c92192,A112504005,portfolio_region,투자지역,portfolio_region,대한민국,,,found,BldRgstHubService.getBrTitleInfo,Review. Some address/physical fields may intentionally differ after geocode/API cleanup.
asset_master,review,asset_field_change_candidate,ast_222407c92192,A112504005,gross_floor_area,연면적(m²),gross_floor_area,,135,,found,BldRgstHubService.getBrTitleInfo,Physical fields may be API-enriched. Review provenance before overwriting.
asset_master,review,asset_field_change_candidate,ast_222407c92192,A112504005,site_area,토지면적(㎡),site_area,,0,,found,BldRgstHubService.getBrTitleInfo,Physical fields may be API-enriched. Review provenance before overwriting.
asset_master,review,asset_field_change_candidate,ast_222407c92192,A112504005,completion_date,준공(예정)일,completion_date,,1980-11-19,,found,BldRgstHubService.getBrTitleInfo,Review. Some address/physical fields may intentionally differ after geocode/API cleanup.
asset_master,review,asset_field_change_candidate,ast_222407c92192,A112504005,parking,주차대수,parking,,옥내 0 / 옥외 0,,found,BldRgstHubService.getBrTitleInfo,Review. Some address/physical fields may intentionally differ after geocode/API cleanup.
asset_master,review,asset_field_change_candidate,ast_b934e85074e0,A112504006,portfolio_region,투자지역,portfolio_region,대한민국,,,pending,,Review. Some address/physical fields may intentionally differ after geocode/API cleanup.
asset_master,review,asset_field_change_candidate,ast_b934e85074e0,A112504006,country_code,국내/해외,country_code,KR,,,pending,,Review. Some address/physical fields may intentionally differ after geocode/API cleanup.
asset_master,review,asset_field_change_candidate,ast_feb123f425d2,A112504007,portfolio_region,투자지역,portfolio_region,대한민국,,,not_checked,,Review. Some address/physical fields may intentionally differ after geocode/API cleanup.
asset_master,review,asset_field_change_candidate,ast_feb123f425d2,A112504007,country_code,국내/해외,country_code,KR,,,not_checked,,Review. Some address/physical fields may intentionally differ after geocode/API cleanup.
asset_master,review,asset_field_change_candidate,ast_7c345c8c857a,A112504008,portfolio_region,투자지역,portfolio_region,대한민국,,,not_checked,,Review. Some address/physical fields may intentionally differ after geocode/API cleanup.
asset_master,review,asset_field_change_candidate,ast_60152580f0fe,A112504009,portfolio_region,투자지역,portfolio_region,대한민국,,,pending,,Review. Some address/physical fields may intentionally differ after geocode/API cleanup.
asset_master,review,asset_field_change_candidate,ast_d7d1561008f1,A112504010,portfolio_region,투자지역,portfolio_region,대한민국,,,pending,,Review. Some address/physical fields may intentionally differ after geocode/API cleanup.
asset_master,review,asset_field_change_candidate,ast_d7d1561008f1,A112504010,country_code,국내/해외,country_code,KR,,,pending,,Review. Some address/physical fields may intentionally differ after geocode/API cleanup.
asset_master,review,asset_field_change_candidate,ast_c2fde5e671a6,A112504011,portfolio_region,투자지역,portfolio_region,대한민국,,,pending,,Review. Some address/physical fields may intentionally differ after geocode/API cleanup.
asset_master,review,asset_field_change_candidate,ast_c2fde5e671a6,A112504011,country_code,국내/해외,country_code,KR,,,pending,,Review. Some address/physical fields may intentionally differ after geocode/API cleanup.
asset_master,review,asset_field_change_candidate,ast_f39c0da608b1,A112504012,portfolio_region,투자지역,portfolio_region,대한민국,,,pending,,Review. Some address/physical fields may intentionally differ after geocode/API cleanup.
asset_master,review,asset_field_change_candidate,ast_f39c0da608b1,A112504012,country_code,국내/해외,country_code,KR,,,pending,,Review. Some address/physical fields may intentionally differ after geocode/API cleanup.
asset_master,review,asset_field_change_candidate,ast_419a8602469e,A112504013,portfolio_region,투자지역,portfolio_region,대한민국,,,pending,,Review. Some address/physical fields may intentionally differ after geocode/API cleanup.
asset_master,review,asset_field_change_candidate,ast_419a8602469e,A112504013,country_code,국내/해외,country_code,KR,,,pending,,Review. Some address/physical fields may intentionally differ after geocode/API cleanup.
asset_master,review,asset_field_change_candidate,ast_eadb0a414753,A112504014,portfolio_region,투자지역,portfolio_region,대한민국,,,not_checked,,Review. Some address/physical fields may intentionally differ after geocode/API cleanup.
asset_master,review,asset_field_change_candidate,ast_eadb0a414753,A112504014,country_code,국내/해외,country_code,KR,,,not_checked,,Review. Some address/physical fields may intentionally differ after geocode/API cleanup.
asset_master,review,asset_field_change_candidate,ast_2382027b08d5,A112504015,portfolio_region,투자지역,portfolio_region,대한민국,,,pending,,Review. Some address/physical fields may intentionally differ after geocode/API cleanup.
asset_master,review,asset_field_change_candidate,ast_2382027b08d5,A112504015,country_code,국내/해외,country_code,KR,,,pending,,Review. Some address/physical fields may intentionally differ after geocode/API cleanup.
asset_master,review,asset_field_change_candidate,ast_936d6d5e77d1,A112504016,portfolio_region,투자지역,portfolio_region,대한민국,,,not_checked,,Review. Some address/physical fields may intentionally differ after geocode/API cleanup.
asset_master,review,asset_field_change_candidate,ast_936d6d5e77d1,A112504016,country_code,국내/해외,country_code,KR,,,not_checked,,Review. Some address/physical fields may intentionally differ after geocode/API cleanup.
asset_master,review,asset_field_change_candidate,ast_950c70c5b87f,A112504017,portfolio_region,투자지역,portfolio_region,대한민국,,,not_checked,,Review. Some address/physical fields may intentionally differ after geocode/API cleanup.
asset_master,review,asset_field_change_candidate,ast_7cb9a346dc83,A112504018,portfolio_region,투자지역,portfolio_region,대한민국,,,pending,,Review. Some address/physical fields may intentionally differ after geocode/API cleanup.
asset_master,review,asset_field_change_candidate,ast_fc89234fd6df,A112504019,portfolio_region,투자지역,portfolio_region,대한민국,,,pending,,Review. Some address/physical fields may intentionally differ after geocode/API cleanup.
asset_master,review,asset_field_change_candidate,ast_40e6cfd14713,A112504020,portfolio_region,투자지역,portfolio_region,대한민국,,,pending,,Review. Some address/physical fields may intentionally differ after geocode/API cleanup.
asset_master,review,asset_field_change_candidate,ast_a459af6de7b3,A112504021,portfolio_region,투자지역,portfolio_region,대한민국,,,not_checked,,Review. Some address/physical fields may intentionally differ after geocode/API cleanup.
asset_master,review,asset_field_change_candidate,ast_3ebb4583bf7d,A112504022,portfolio_region,투자지역,portfolio_region,대한민국,,,not_checked,,Review. Some address/physical fields may intentionally differ after geocode/API cleanup.
asset_master,review,asset_field_change_candidate,ast_211d00ab23dd,A112504023,portfolio_region,투자지역,portfolio_region,대한민국,,,not_checked,,Review. Some address/physical fields may intentionally differ after geocode/API cleanup.
asset_master,review,asset_field_change_candidate,ast_e47259b95cda,A112504024,portfolio_region,투자지역,portfolio_region,대한민국,,,pending,,Review. Some address/physical fields may intentionally differ after geocode/API cleanup.
asset_master,review,asset_field_change_candidate,ast_dd6d598a7920,A112504025,portfolio_region,투자지역,portfolio_region,대한민국,,,pending,,Review. Some address/physical fields may intentionally differ after geocode/API cleanup.
asset_master,review,asset_field_change_candidate,ast_dd6d598a7920,A112504025,country_code,국내/해외,country_code,KR,,,pending,,Review. Some address/physical fields may intentionally differ after geocode/API cleanup.
asset_master,review,asset_field_change_candidate,ast_3165eca06342,A112504026,portfolio_region,투자지역,portfolio_region,대한민국,,,pending,,Review. Some address/physical fields may intentionally differ after geocode/API cleanup.
asset_master,review,asset_field_change_candidate,ast_3165eca06342,A112504026,country_code,국내/해외,country_code,KR,,,pending,,Review. Some address/physical fields may intentionally differ after geocode/API cleanup.
asset_master,review,asset_field_change_candidate,ast_d3958acf9d57,A112505001,address_text,"전체주소(시/도, 구/군 포함)",address_text,안성시 양성면 산정리 산11-4번지 외 17필지,입장면 용정리 116-5,,found,BldRgstHubService.getBrTitleInfo,Review. Some address/physical fields may intentionally differ after geocode/API cleanup.
asset_master,review,asset_field_change_candidate,ast_d3958acf9d57,A112505001,business_stage,사업단계,business_stage,운영/실물,,,found,BldRgstHubService.getBrTitleInfo,Review. Some address/physical fields may intentionally differ after geocode/API cleanup.
asset_master,review,asset_field_change_candidate,ast_d3958acf9d57,A112505001,portfolio_region,투자지역,portfolio_region,대한민국,,,found,BldRgstHubService.getBrTitleInfo,Review. Some address/physical fields may intentionally differ after geocode/API cleanup.
asset_master,review,asset_field_change_candidate,ast_d3958acf9d57,A112505001,site_area,토지면적(㎡),site_area,,312,,found,BldRgstHubService.getBrTitleInfo,Physical fields may be API-enriched. Review provenance before overwriting.
asset_master,review,asset_field_change_candidate,ast_d3958acf9d57,A112505001,completion_date,준공(예정)일,completion_date,,2014-09-17,,found,BldRgstHubService.getBrTitleInfo,Review. Some address/physical fields may intentionally differ after geocode/API cleanup.
asset_master,review,asset_field_change_candidate,ast_d3958acf9d57,A112505001,parking,주차대수,parking,,옥내 0 / 옥외 1,,found,BldRgstHubService.getBrTitleInfo,Review. Some address/physical fields may intentionally differ after geocode/API cleanup.
asset_master,review,asset_field_change_candidate,ast_f5dcfbca1b48,A112510001,business_stage,사업단계,business_stage,운영/실물,,,found,BldRgstHubService.getBrTitleInfo,Review. Some address/physical fields may intentionally differ after geocode/API cleanup.
asset_master,review,asset_field_change_candidate,ast_f5dcfbca1b48,A112510001,portfolio_region,투자지역,portfolio_region,대한민국,,,found,BldRgstHubService.getBrTitleInfo,Review. Some address/physical fields may intentionally differ after geocode/API cleanup.
asset_master,review,asset_field_change_candidate,ast_f5dcfbca1b48,A112510001,country_code,국내/해외,country_code,KR,,,found,BldRgstHubService.getBrTitleInfo,Review. Some address/physical fields may intentionally differ after geocode/API cleanup.
asset_master,review,asset_field_change_candidate,ast_f5dcfbca1b48,A112510001,site_area,토지면적(㎡),site_area,,651,,found,BldRgstHubService.getBrTitleInfo,Physical fields may be API-enriched. Review provenance before overwriting.
asset_master,review,asset_field_change_candidate,ast_f5dcfbca1b48,A112510001,completion_date,준공(예정)일,completion_date,,2018-04-09,,found,BldRgstHubService.getBrTitleInfo,Review. Some address/physical fields may intentionally differ after geocode/API cleanup.
asset_master,review,asset_field_change_candidate,ast_146d3e80165b,A112514001,business_stage,사업단계,business_stage,개발,,,pending,,Review. Some address/physical fields may intentionally differ after geocode/API cleanup.
asset_master,review,asset_field_change_candidate,ast_146d3e80165b,A112514001,portfolio_region,투자지역,portfolio_region,대한민국,,,pending,,Review. Some address/physical fields may intentionally differ after geocode/API cleanup.
asset_master,review,asset_field_change_candidate,ast_dd22d6a3cb4f,A112517001,business_stage,사업단계,business_stage,운영/실물,,,found,BldRgstHubService.getBrTitleInfo,Review. Some address/physical fields may intentionally differ after geocode/API cleanup.
asset_master,review,asset_field_change_candidate,ast_dd22d6a3cb4f,A112517001,portfolio_region,투자지역,portfolio_region,대한민국,,,found,BldRgstHubService.getBrTitleInfo,Review. Some address/physical fields may intentionally differ after geocode/API cleanup.
asset_master,review,asset_field_change_candidate,ast_dd22d6a3cb4f,A112517001,site_area,토지면적(㎡),site_area,,1234,,found,BldRgstHubService.getBrTitleInfo,Physical fields may be API-enriched. Review provenance before overwriting.
asset_master,review,asset_field_change_candidate,ast_dd22d6a3cb4f,A112517001,parking,주차대수,parking,,옥내 120 / 옥외 0,,found,BldRgstHubService.getBrTitleInfo,Review. Some address/physical fields may intentionally differ after geocode/API cleanup.
asset_master,review,asset_field_change_candidate,ast_e47c4c7b3344,A112519001,business_stage,사업단계,business_stage,개발,,,not_checked,,Review. Some address/physical fields may intentionally differ after geocode/API cleanup.
asset_master,review,asset_field_change_candidate,ast_e47c4c7b3344,A112519001,portfolio_region,투자지역,portfolio_region,대한민국,,,not_checked,,Review. Some address/physical fields may intentionally differ after geocode/API cleanup.
asset_master,review,asset_field_change_candidate,ast_e47c4c7b3344,A112519001,country_code,국내/해외,country_code,KR,,,not_checked,,Review. Some address/physical fields may intentionally differ after geocode/API cleanup.
asset_master,review,asset_field_change_candidate,ast_162787785646,A112521001,business_stage,사업단계,business_stage,운영/실물,,,not_checked,,Review. Some address/physical fields may intentionally differ after geocode/API cleanup.
asset_master,review,asset_field_change_candidate,ast_162787785646,A112521001,portfolio_region,투자지역,portfolio_region,글로벌,,,not_checked,,Review. Some address/physical fields may intentionally differ after geocode/API cleanup.
asset_master,review,asset_field_change_candidate,ast_162787785646,A112521001,country_code,국내/해외,country_code,OVERSEAS,,,not_checked,,Review. Some address/physical fields may intentionally differ after geocode/API cleanup.
asset_master,review,asset_field_change_candidate,ast_d67f522a279c,A112522001,business_stage,사업단계,business_stage,개발,,,pending,,Review. Some address/physical fields may intentionally differ after geocode/API cleanup.
asset_master,review,asset_field_change_candidate,ast_d67f522a279c,A112522001,portfolio_region,투자지역,portfolio_region,대한민국,,,pending,,Review. Some address/physical fields may intentionally differ after geocode/API cleanup.
asset_master,review,asset_field_change_candidate,ast_d67f522a279c,A112522001,country_code,국내/해외,country_code,KR,,,pending,,Review. Some address/physical fields may intentionally differ after geocode/API cleanup.
asset_master,review,asset_field_change_candidate,ast_287fe9589946,A112523001,business_stage,사업단계,business_stage,운영/실물,,,not_checked,,Review. Some address/physical fields may intentionally differ after geocode/API cleanup.
asset_master,review,asset_field_change_candidate,ast_287fe9589946,A112523001,portfolio_region,투자지역,portfolio_region,북미,,,not_checked,,Review. Some address/physical fields may intentionally differ after geocode/API cleanup.
asset_master,review,asset_field_change_candidate,ast_287fe9589946,A112523001,country_code,국내/해외,country_code,OVERSEAS,,,not_checked,,Review. Some address/physical fields may intentionally differ after geocode/API cleanup.
asset_master,review,asset_field_change_candidate,ast_287fe9589946,A112523001,parking,주차대수,parking,1092,,,not_checked,,Review. Some address/physical fields may intentionally differ after geocode/API cleanup.
asset_master,review,asset_field_change_candidate,ast_31a8b3ea9c30,A112524001,address_text,"전체주소(시/도, 구/군 포함)",address_text,서울시 강남구 언주로 726(논현동),논현동 105-7,,found,BldRgstHubService.getBrTitleInfo,Review. Some address/physical fields may intentionally differ after geocode/API cleanup.
asset_master,review,asset_field_change_candidate,ast_31a8b3ea9c30,A112524001,business_stage,사업단계,business_stage,운영/실물,,,found,BldRgstHubService.getBrTitleInfo,Review. Some address/physical fields may intentionally differ after geocode/API cleanup.
asset_master,review,asset_field_change_candidate,ast_31a8b3ea9c30,A112524001,portfolio_region,투자지역,portfolio_region,대한민국,,,found,BldRgstHubService.getBrTitleInfo,Review. Some address/physical fields may intentionally differ after geocode/API cleanup.
asset_master,review,asset_field_change_candidate,ast_31a8b3ea9c30,A112524001,site_area,토지면적(㎡),site_area,,3757,,found,BldRgstHubService.getBrTitleInfo,Physical fields may be API-enriched. Review provenance before overwriting.
asset_master,review,asset_field_change_candidate,ast_31a8b3ea9c30,A112524001,completion_date,준공(예정)일,completion_date,,1987-03-04,,found,BldRgstHubService.getBrTitleInfo,Review. Some address/physical fields may intentionally differ after geocode/API cleanup.
asset_master,review,asset_field_change_candidate,ast_31a8b3ea9c30,A112524001,parking,주차대수,parking,,옥내 154 / 옥외 52,,found,BldRgstHubService.getBrTitleInfo,Review. Some address/physical fields may intentionally differ after geocode/API cleanup.
asset_master,review,asset_field_change_candidate,ast_5afa53495f87,A112527001,canonical_name,자산(건물)명,canonical_name,동산물류센터,이지스전문투자형사모부동산투자신탁제404호,,found,BldRgstHubService.getBrTitleInfo,Review. Some address/physical fields may intentionally differ after geocode/API cleanup.
asset_master,review,asset_field_change_candidate,ast_5afa53495f87,A112527001,address_text,"전체주소(시/도, 구/군 포함)",address_text,경기도 이천시 호법면 매곡리 977-5외 6필지,경기도 이천시 호법면 매곡리 977-5,,found,BldRgstHubService.getBrTitleInfo,Review. Some address/physical fields may intentionally differ after geocode/API cleanup.
asset_master,review,asset_field_change_candidate,ast_5afa53495f87,A112527001,business_stage,사업단계,business_stage,운영/실물,,,found,BldRgstHubService.getBrTitleInfo,Review. Some address/physical fields may intentionally differ after geocode/API cleanup.
asset_master,review,asset_field_change_candidate,ast_5afa53495f87,A112527001,portfolio_region,투자지역,portfolio_region,대한민국,,,found,BldRgstHubService.getBrTitleInfo,Review. Some address/physical fields may intentionally differ after geocode/API cleanup.
asset_master,review,asset_field_change_candidate,ast_5afa53495f87,A112527001,site_area,토지면적(㎡),site_area,,54990,,found,BldRgstHubService.getBrTitleInfo,Physical fields may be API-enriched. Review provenance before overwriting.
asset_master,review,asset_field_change_candidate,ast_5afa53495f87,A112527001,completion_date,준공(예정)일,completion_date,,2017-09-27,,found,BldRgstHubService.getBrTitleInfo,Review. Some address/physical fields may intentionally differ after geocode/API cleanup.
asset_master,review,asset_field_change_candidate,ast_5afa53495f87,A112527001,parking,주차대수,parking,,옥내 0 / 옥외 150,,found,BldRgstHubService.getBrTitleInfo,Review. Some address/physical fields may intentionally differ after geocode/API cleanup.
asset_master,review,asset_field_change_candidate,ast_349f44ccfd1f,A112527002,canonical_name,자산(건물)명,canonical_name,부국물류센터,이지스전문투자형사모부동산투자신탁제404호,,found,BldRgstHubService.getBrTitleInfo,Review. Some address/physical fields may intentionally differ after geocode/API cleanup.
asset_master,review,asset_field_change_candidate,ast_349f44ccfd1f,A112527002,address_text,"전체주소(시/도, 구/군 포함)",address_text,경기도 이천시 대월면 도리리 3-2 외 1필지,경기도 이천시 대월면 도리리 3-2,,found,BldRgstHubService.getBrTitleInfo,Review. Some address/physical fields may intentionally differ after geocode/API cleanup.
asset_master,review,asset_field_change_candidate,ast_349f44ccfd1f,A112527002,business_stage,사업단계,business_stage,운영/실물,,,found,BldRgstHubService.getBrTitleInfo,Review. Some address/physical fields may intentionally differ after geocode/API cleanup.
asset_master,review,asset_field_change_candidate,ast_349f44ccfd1f,A112527002,portfolio_region,투자지역,portfolio_region,대한민국,,,found,BldRgstHubService.getBrTitleInfo,Review. Some address/physical fields may intentionally differ after geocode/API cleanup.
asset_master,review,asset_field_change_candidate,ast_349f44ccfd1f,A112527002,site_area,토지면적(㎡),site_area,,22559,,found,BldRgstHubService.getBrTitleInfo,Physical fields may be API-enriched. Review provenance before overwriting.
asset_master,review,asset_field_change_candidate,ast_349f44ccfd1f,A112527002,completion_date,준공(예정)일,completion_date,,2016-06-03,,found,BldRgstHubService.getBrTitleInfo,Review. Some address/physical fields may intentionally differ after geocode/API cleanup.
asset_master,review,asset_field_change_candidate,ast_349f44ccfd1f,A112527002,parking,주차대수,parking,,옥내 0 / 옥외 50,,found,BldRgstHubService.getBrTitleInfo,Review. Some address/physical fields may intentionally differ after geocode/API cleanup.
asset_master,review,asset_field_change_candidate,ast_b94e03e88d51,A112527003,business_stage,사업단계,business_stage,운영/실물,,,found,BldRgstHubService.getBrTitleInfo,Review. Some address/physical fields may intentionally differ after geocode/API cleanup.
asset_master,review,asset_field_change_candidate,ast_b94e03e88d51,A112527003,portfolio_region,투자지역,portfolio_region,대한민국,,,found,BldRgstHubService.getBrTitleInfo,Review. Some address/physical fields may intentionally differ after geocode/API cleanup.
asset_master,review,asset_field_change_candidate,ast_b94e03e88d51,A112527003,site_area,토지면적(㎡),site_area,,19604,,found,BldRgstHubService.getBrTitleInfo,Physical fields may be API-enriched. Review provenance before overwriting.
asset_master,review,asset_field_change_candidate,ast_b94e03e88d51,A112527003,completion_date,준공(예정)일,completion_date,,2016-11-04,,found,BldRgstHubService.getBrTitleInfo,Review. Some address/physical fields may intentionally differ after geocode/API cleanup.
asset_master,review,asset_field_change_candidate,ast_b94e03e88d51,A112527003,parking,주차대수,parking,,옥내 0 / 옥외 76,,found,BldRgstHubService.getBrTitleInfo,Review. Some address/physical fields may intentionally differ after geocode/API cleanup.
asset_master,review,asset_field_change_candidate,ast_91b68c7952e3,A112528001,business_stage,사업단계,business_stage,개발,,,pending,,Review. Some address/physical fields may intentionally differ after geocode/API cleanup.
asset_master,review,asset_field_change_candidate,ast_91b68c7952e3,A112528001,portfolio_region,투자지역,portfolio_region,대한민국,,,pending,,Review. Some address/physical fields may intentionally differ after geocode/API cleanup.
asset_master,review,asset_field_change_candidate,ast_91b68c7952e3,A112528001,country_code,국내/해외,country_code,KR,,,pending,,Review. Some address/physical fields may intentionally differ after geocode/API cleanup.
asset_master,review,asset_field_change_candidate,ast_46fa23347ee4,A112529001,business_stage,사업단계,business_stage,운영/실물,,,found,BldRgstHubService.getBrTitleInfo,Review. Some address/physical fields may intentionally differ after geocode/API cleanup.
asset_master,review,asset_field_change_candidate,ast_46fa23347ee4,A112529001,portfolio_region,투자지역,portfolio_region,대한민국,,,found,BldRgstHubService.getBrTitleInfo,Review. Some address/physical fields may intentionally differ after geocode/API cleanup.
asset_master,review,asset_field_change_candidate,ast_46fa23347ee4,A112529001,country_code,국내/해외,country_code,KR,,,found,BldRgstHubService.getBrTitleInfo,Review. Some address/physical fields may intentionally differ after geocode/API cleanup.
asset_master,review,asset_field_change_candidate,ast_46fa23347ee4,A112529001,gross_floor_area,연면적(m²),gross_floor_area,,11035,,found,BldRgstHubService.getBrTitleInfo,Physical fields may be API-enriched. Review provenance before overwriting.
asset_master,review,asset_field_change_candidate,ast_46fa23347ee4,A112529001,site_area,토지면적(㎡),site_area,,1049,,found,BldRgstHubService.getBrTitleInfo,Physical fields may be API-enriched. Review provenance before overwriting.
asset_master,review,asset_field_change_candidate,ast_46fa23347ee4,A112529001,completion_date,준공(예정)일,completion_date,,2022-01-25,,found,BldRgstHubService.getBrTitleInfo,Review. Some address/physical fields may intentionally differ after geocode/API cleanup.
asset_master,review,asset_field_change_candidate,ast_46fa23347ee4,A112529001,parking,주차대수,parking,,옥내 120 / 옥외 0,,found,BldRgstHubService.getBrTitleInfo,Review. Some address/physical fields may intentionally differ after geocode/API cleanup.
asset_master,review,asset_field_change_candidate,ast_30c376cd6730,A112532001,address_text,"전체주소(시/도, 구/군 포함)",address_text,이지스312호,사동 1422-15,,found,BldRgstHubService.getBrTitleInfo,Review. Some address/physical fields may intentionally differ after geocode/API cleanup.
asset_master,review,asset_field_change_candidate,ast_30c376cd6730,A112532001,asset_type,기초자산,asset_type,오피스복합,,,found,BldRgstHubService.getBrTitleInfo,Review. Some address/physical fields may intentionally differ after geocode/API cleanup.
asset_master,review,asset_field_change_candidate,ast_30c376cd6730,A112532001,business_stage,사업단계,business_stage,개발,,,found,BldRgstHubService.getBrTitleInfo,Review. Some address/physical fields may intentionally differ after geocode/API cleanup.
asset_master,review,asset_field_change_candidate,ast_30c376cd6730,A112532001,portfolio_region,투자지역,portfolio_region,대한민국,,,found,BldRgstHubService.getBrTitleInfo,Review. Some address/physical fields may intentionally differ after geocode/API cleanup.
asset_master,review,asset_field_change_candidate,ast_30c376cd6730,A112532001,site_area,토지면적(㎡),site_area,,252,,found,BldRgstHubService.getBrTitleInfo,Physical fields may be API-enriched. Review provenance before overwriting.
asset_master,review,asset_field_change_candidate,ast_30c376cd6730,A112532001,parking,주차대수,parking,,옥내 4 / 옥외 4,,found,BldRgstHubService.getBrTitleInfo,Review. Some address/physical fields may intentionally differ after geocode/API cleanup.
asset_master,review,asset_field_change_candidate,ast_880b26b6e8be,A112535001,business_stage,사업단계,business_stage,운영/실물,,,found,BldRgstHubService.getBrTitleInfo,Review. Some address/physical fields may intentionally differ after geocode/API cleanup.
asset_master,review,asset_field_change_candidate,ast_880b26b6e8be,A112535001,portfolio_region,투자지역,portfolio_region,대한민국,,,found,BldRgstHubService.getBrTitleInfo,Review. Some address/physical fields may intentionally differ after geocode/API cleanup.
asset_master,review,asset_field_change_candidate,ast_880b26b6e8be,A112535001,site_area,토지면적(㎡),site_area,,0,,found,BldRgstHubService.getBrTitleInfo,Physical fields may be API-enriched. Review provenance before overwriting.
asset_master,review,asset_field_change_candidate,ast_880b26b6e8be,A112535001,completion_date,준공(예정)일,completion_date,,2021-04-12,,found,BldRgstHubService.getBrTitleInfo,Review. Some address/physical fields may intentionally differ after geocode/API cleanup.
asset_master,review,asset_field_change_candidate,ast_880b26b6e8be,A112535001,parking,주차대수,parking,,옥내 0 / 옥외 0,,found,BldRgstHubService.getBrTitleInfo,Review. Some address/physical fields may intentionally differ after geocode/API cleanup.
asset_master,review,asset_field_change_candidate,ast_0dba05706295,A112536001,business_stage,사업단계,business_stage,운영/실물,,,found,BldRgstHubService.getBrTitleInfo,Review. Some address/physical fields may intentionally differ after geocode/API cleanup.
asset_master,review,asset_field_change_candidate,ast_0dba05706295,A112536001,portfolio_region,투자지역,portfolio_region,대한민국,,,found,BldRgstHubService.getBrTitleInfo,Review. Some address/physical fields may intentionally differ after geocode/API cleanup.
asset_master,review,asset_field_change_candidate,ast_0dba05706295,A112536001,site_area,토지면적(㎡),site_area,,0,,found,BldRgstHubService.getBrTitleInfo,Physical fields may be API-enriched. Review provenance before overwriting.
asset_master,review,asset_field_change_candidate,ast_0dba05706295,A112536001,parking,주차대수,parking,,옥내 0 / 옥외 0,,found,BldRgstHubService.getBrTitleInfo,Review. Some address/physical fields may intentionally differ after geocode/API cleanup.
asset_master,review,asset_field_change_candidate,ast_42ffd5c419d7,A112539001,portfolio_region,투자지역,portfolio_region,북미,,,not_checked,,Review. Some address/physical fields may intentionally differ after geocode/API cleanup.
asset_master,review,asset_field_change_candidate,ast_42ffd5c419d7,A112539001,country_code,국내/해외,country_code,OVERSEAS,,,not_checked,,Review. Some address/physical fields may intentionally differ after geocode/API cleanup.
asset_master,review,asset_field_change_candidate,ast_20262366f9d0,A112540001,portfolio_region,투자지역,portfolio_region,북미,,,not_checked,,Review. Some address/physical fields may intentionally differ after geocode/API cleanup.
asset_master,review,asset_field_change_candidate,ast_20262366f9d0,A112540001,country_code,국내/해외,country_code,OVERSEAS,,,not_checked,,Review. Some address/physical fields may intentionally differ after geocode/API cleanup.
asset_master,review,asset_field_change_candidate,ast_4a78efdfb00c,A112542001,business_stage,사업단계,business_stage,운영/실물,,,not_checked,,Review. Some address/physical fields may intentionally differ after geocode/API cleanup.
asset_master,review,asset_field_change_candidate,ast_4a78efdfb00c,A112542001,portfolio_region,투자지역,portfolio_region,대한민국,,,not_checked,,Review. Some address/physical fields may intentionally differ after geocode/API cleanup.
asset_master,review,asset_field_change_candidate,ast_4a78efdfb00c,A112542001,country_code,국내/해외,country_code,KR,,,not_checked,,Review. Some address/physical fields may intentionally differ after geocode/API cleanup.
asset_master,review,asset_field_change_candidate,ast_2c327419d5d5,A112543001,portfolio_region,투자지역,portfolio_region,글로벌,,,not_checked,,Review. Some address/physical fields may intentionally differ after geocode/API cleanup.
asset_master,review,asset_field_change_candidate,ast_2c327419d5d5,A112543001,country_code,국내/해외,country_code,OVERSEAS,,,not_checked,,Review. Some address/physical fields may intentionally differ after geocode/API cleanup.
asset_master,review,asset_field_change_candidate,ast_47cfb7af7038,A112546001,business_stage,사업단계,business_stage,개발,,,found,BldRgstHubService.getBrTitleInfo,Review. Some address/physical fields may intentionally differ after geocode/API cleanup.
asset_master,review,asset_field_change_candidate,ast_47cfb7af7038,A112546001,portfolio_region,투자지역,portfolio_region,대한민국,,,found,BldRgstHubService.getBrTitleInfo,Review. Some address/physical fields may intentionally differ after geocode/API cleanup.
asset_master,review,asset_field_change_candidate,ast_47cfb7af7038,A112546001,country_code,국내/해외,country_code,KR,,,found,BldRgstHubService.getBrTitleInfo,Review. Some address/physical fields may intentionally differ after geocode/API cleanup.
asset_master,review,asset_field_change_candidate,ast_47cfb7af7038,A112546001,site_area,토지면적(㎡),site_area,,0,,found,BldRgstHubService.getBrTitleInfo,Physical fields may be API-enriched. Review provenance before overwriting.
asset_master,review,asset_field_change_candidate,ast_7b6e6d2a39c2,A112547001,business_stage,사업단계,business_stage,특수상황,,,pending,,Review. Some address/physical fields may intentionally differ after geocode/API cleanup.
asset_master,review,asset_field_change_candidate,ast_7b6e6d2a39c2,A112547001,portfolio_region,투자지역,portfolio_region,대한민국,,,pending,,Review. Some address/physical fields may intentionally differ after geocode/API cleanup.
asset_master,review,asset_field_change_candidate,ast_7b6e6d2a39c2,A112547001,country_code,국내/해외,country_code,KR,,,pending,,Review. Some address/physical fields may intentionally differ after geocode/API cleanup.
asset_master,review,asset_field_change_candidate,ast_f8c612d01935,A112551001,business_stage,사업단계,business_stage,운영/실물,,,found,BldRgstHubService.getBrTitleInfo,Review. Some address/physical fields may intentionally differ after geocode/API cleanup.
asset_master,review,asset_field_change_candidate,ast_f8c612d01935,A112551001,portfolio_region,투자지역,portfolio_region,대한민국,,,found,BldRgstHubService.getBrTitleInfo,Review. Some address/physical fields may intentionally differ after geocode/API cleanup.
asset_master,review,asset_field_change_candidate,ast_f8c612d01935,A112551001,country_code,국내/해외,country_code,KR,,,found,BldRgstHubService.getBrTitleInfo,Review. Some address/physical fields may intentionally differ after geocode/API cleanup.
asset_master,review,asset_field_change_candidate,ast_f8c612d01935,A112551001,site_area,토지면적(㎡),site_area,,2116,,found,BldRgstHubService.getBrTitleInfo,Physical fields may be API-enriched. Review provenance before overwriting.
asset_master,review,asset_field_change_candidate,ast_f8c612d01935,A112551001,parking,주차대수,parking,,옥내 48 / 옥외 0,,found,BldRgstHubService.getBrTitleInfo,Review. Some address/physical fields may intentionally differ after geocode/API cleanup.
asset_master,review,asset_field_change_candidate,ast_bf0627d6fee0,A112556001,business_stage,사업단계,business_stage,운영/실물,,,found,BldRgstHubService.getBrTitleInfo,Review. Some address/physical fields may intentionally differ after geocode/API cleanup.
asset_master,review,asset_field_change_candidate,ast_bf0627d6fee0,A112556001,portfolio_region,투자지역,portfolio_region,대한민국,,,found,BldRgstHubService.getBrTitleInfo,Review. Some address/physical fields may intentionally differ after geocode/API cleanup.
asset_master,review,asset_field_change_candidate,ast_bf0627d6fee0,A112556001,country_code,국내/해외,country_code,KR,,,found,BldRgstHubService.getBrTitleInfo,Review. Some address/physical fields may intentionally differ after geocode/API cleanup.
asset_master,review,asset_field_change_candidate,ast_bf0627d6fee0,A112556001,site_area,토지면적(㎡),site_area,,1271,,found,BldRgstHubService.getBrTitleInfo,Physical fields may be API-enriched. Review provenance before overwriting.
asset_master,review,asset_field_change_candidate,ast_bf0627d6fee0,A112556001,completion_date,준공(예정)일,completion_date,,2023-06-28,,found,BldRgstHubService.getBrTitleInfo,Review. Some address/physical fields may intentionally differ after geocode/API cleanup.
asset_master,review,asset_field_change_candidate,ast_bf0627d6fee0,A112556001,parking,주차대수,parking,,옥내 77 / 옥외 0,,found,BldRgstHubService.getBrTitleInfo,Review. Some address/physical fields may intentionally differ after geocode/API cleanup.
asset_master,review,asset_field_change_candidate,ast_b939ab49c418,A112556002,business_stage,사업단계,business_stage,운영/실물,,,found,BldRgstHubService.getBrTitleInfo,Review. Some address/physical fields may intentionally differ after geocode/API cleanup.
asset_master,review,asset_field_change_candidate,ast_b939ab49c418,A112556002,portfolio_region,투자지역,portfolio_region,대한민국,,,found,BldRgstHubService.getBrTitleInfo,Review. Some address/physical fields may intentionally differ after geocode/API cleanup.
asset_master,review,asset_field_change_candidate,ast_b939ab49c418,A112556002,country_code,국내/해외,country_code,KR,,,found,BldRgstHubService.getBrTitleInfo,Review. Some address/physical fields may intentionally differ after geocode/API cleanup.
asset_master,review,asset_field_change_candidate,ast_b939ab49c418,A112556002,site_area,토지면적(㎡),site_area,,1271,,found,BldRgstHubService.getBrTitleInfo,Physical fields may be API-enriched. Review provenance before overwriting.
asset_master,review,asset_field_change_candidate,ast_b939ab49c418,A112556002,completion_date,준공(예정)일,completion_date,,2023-06-28,,found,BldRgstHubService.getBrTitleInfo,Review. Some address/physical fields may intentionally differ after geocode/API cleanup.
asset_master,review,asset_field_change_candidate,ast_b939ab49c418,A112556002,parking,주차대수,parking,,옥내 77 / 옥외 0,,found,BldRgstHubService.getBrTitleInfo,Review. Some address/physical fields may intentionally differ after geocode/API cleanup.
asset_master,review,asset_field_change_candidate,ast_f3cb5064d76b,A112556003,business_stage,사업단계,business_stage,운영/실물,,,found,BldRgstHubService.getBrTitleInfo,Review. Some address/physical fields may intentionally differ after geocode/API cleanup.
asset_master,review,asset_field_change_candidate,ast_f3cb5064d76b,A112556003,portfolio_region,투자지역,portfolio_region,대한민국,,,found,BldRgstHubService.getBrTitleInfo,Review. Some address/physical fields may intentionally differ after geocode/API cleanup.
asset_master,review,asset_field_change_candidate,ast_f3cb5064d76b,A112556003,country_code,국내/해외,country_code,KR,,,found,BldRgstHubService.getBrTitleInfo,Review. Some address/physical fields may intentionally differ after geocode/API cleanup.
asset_master,review,asset_field_change_candidate,ast_f3cb5064d76b,A112556003,site_area,토지면적(㎡),site_area,,1271,,found,BldRgstHubService.getBrTitleInfo,Physical fields may be API-enriched. Review provenance before overwriting.
asset_master,review,asset_field_change_candidate,ast_f3cb5064d76b,A112556003,completion_date,준공(예정)일,completion_date,,2023-06-28,,found,BldRgstHubService.getBrTitleInfo,Review. Some address/physical fields may intentionally differ after geocode/API cleanup.
asset_master,review,asset_field_change_candidate,ast_f3cb5064d76b,A112556003,parking,주차대수,parking,,옥내 77 / 옥외 0,,found,BldRgstHubService.getBrTitleInfo,Review. Some address/physical fields may intentionally differ after geocode/API cleanup.
asset_master,review,asset_field_change_candidate,ast_07f69f4d8b19,A112558001,portfolio_region,투자지역,portfolio_region,유럽,,,not_checked,,Review. Some address/physical fields may intentionally differ after geocode/API cleanup.
asset_master,review,asset_field_change_candidate,ast_07f69f4d8b19,A112558001,country_code,국내/해외,country_code,OVERSEAS,,,not_checked,,Review. Some address/physical fields may intentionally differ after geocode/API cleanup.
asset_master,review,asset_field_change_candidate,ast_ea83005ce057,A112559001,address_text,"전체주소(시/도, 구/군 포함)",address_text,경기도 성남시 수정구 창업로 18,경기도 성남시 수정구 시흥동 288-2,,pending,building_cache.json,Review. Some address/physical fields may intentionally differ after geocode/API cleanup.
asset_master,review,asset_field_change_candidate,ast_ea83005ce057,A112559001,business_stage,사업단계,business_stage,운영/실물,,,pending,building_cache.json,Review. Some address/physical fields may intentionally differ after geocode/API cleanup.
asset_master,review,asset_field_change_candidate,ast_ea83005ce057,A112559001,portfolio_region,투자지역,portfolio_region,대한민국,,,pending,building_cache.json,Review. Some address/physical fields may intentionally differ after geocode/API cleanup.
asset_master,review,asset_field_change_candidate,ast_ea83005ce057,A112559001,site_area,토지면적(㎡),site_area,,13830,,pending,building_cache.json,Physical fields may be API-enriched. Review provenance before overwriting.
asset_master,review,asset_field_change_candidate,ast_ea83005ce057,A112559001,parking,주차대수,parking,,옥내 973 / 옥외 0,,pending,building_cache.json,Review. Some address/physical fields may intentionally differ after geocode/API cleanup.
asset_master,review,asset_field_change_candidate,ast_834d830d4c5a,A112560001,portfolio_region,투자지역,portfolio_region,북미,,,not_checked,,Review. Some address/physical fields may intentionally differ after geocode/API cleanup.
asset_master,review,asset_field_change_candidate,ast_834d830d4c5a,A112560001,country_code,국내/해외,country_code,OVERSEAS,,,not_checked,,Review. Some address/physical fields may intentionally differ after geocode/API cleanup.
asset_master,review,asset_field_change_candidate,ast_e7e65d3bc117,A112561001,business_stage,사업단계,business_stage,개발,,,found,BldRgstHubService.getBrTitleInfo,Review. Some address/physical fields may intentionally differ after geocode/API cleanup.
asset_master,review,asset_field_change_candidate,ast_e7e65d3bc117,A112561001,portfolio_region,투자지역,portfolio_region,대한민국,,,found,BldRgstHubService.getBrTitleInfo,Review. Some address/physical fields may intentionally differ after geocode/API cleanup.
asset_master,review,asset_field_change_candidate,ast_e7e65d3bc117,A112561001,country_code,국내/해외,country_code,KR,,,found,BldRgstHubService.getBrTitleInfo,Review. Some address/physical fields may intentionally differ after geocode/API cleanup.
asset_master,review,asset_field_change_candidate,ast_e7e65d3bc117,A112561001,site_area,토지면적(㎡),site_area,,1452,,found,BldRgstHubService.getBrTitleInfo,Physical fields may be API-enriched. Review provenance before overwriting.
asset_master,review,asset_field_change_candidate,ast_e7e65d3bc117,A112561001,parking,주차대수,parking,,옥내 106 / 옥외 4,,found,BldRgstHubService.getBrTitleInfo,Review. Some address/physical fields may intentionally differ after geocode/API cleanup.
asset_master,review,asset_field_change_candidate,ast_f5220c768a13,A112564001,canonical_name,자산(건물)명,canonical_name,글로벌 리츠,Global REITs (수협),,not_checked,,Review. Some address/physical fields may intentionally differ after geocode/API cleanup.
asset_master,review,asset_field_change_candidate,ast_f5220c768a13,A112564001,portfolio_region,투자지역,portfolio_region,글로벌,,,not_checked,,Review. Some address/physical fields may intentionally differ after geocode/API cleanup.
asset_master,review,asset_field_change_candidate,ast_f5220c768a13,A112564001,country_code,국내/해외,country_code,OVERSEAS,,,not_checked,,Review. Some address/physical fields may intentionally differ after geocode/API cleanup.
asset_master,review,asset_field_change_candidate,ast_a809ac0199e2,A112568001,portfolio_region,투자지역,portfolio_region,유럽,,,not_checked,,Review. Some address/physical fields may intentionally differ after geocode/API cleanup.
asset_master,review,asset_field_change_candidate,ast_a809ac0199e2,A112568001,country_code,국내/해외,country_code,OVERSEAS,,,not_checked,,Review. Some address/physical fields may intentionally differ after geocode/API cleanup.
asset_master,review,asset_field_change_candidate,ast_7a29ef0974d5,A112569001,business_stage,사업단계,business_stage,운영/실물,,,found,BldRgstHubService.getBrTitleInfo,Review. Some address/physical fields may intentionally differ after geocode/API cleanup.
asset_master,review,asset_field_change_candidate,ast_7a29ef0974d5,A112569001,portfolio_region,투자지역,portfolio_region,대한민국,,,found,BldRgstHubService.getBrTitleInfo,Review. Some address/physical fields may intentionally differ after geocode/API cleanup.
asset_master,review,asset_field_change_candidate,ast_7a29ef0974d5,A112569001,country_code,국내/해외,country_code,KR,,,found,BldRgstHubService.getBrTitleInfo,Review. Some address/physical fields may intentionally differ after geocode/API cleanup.
asset_master,review,asset_field_change_candidate,ast_7a29ef0974d5,A112569001,site_area,토지면적(㎡),site_area,,6638,,found,BldRgstHubService.getBrTitleInfo,Physical fields may be API-enriched. Review provenance before overwriting.
asset_master,review,asset_field_change_candidate,ast_7a29ef0974d5,A112569001,parking,주차대수,parking,,옥내 177 / 옥외 0,,found,BldRgstHubService.getBrTitleInfo,Review. Some address/physical fields may intentionally differ after geocode/API cleanup.
asset_master,review,asset_field_change_candidate,ast_73e5216b97f6,A112573001,business_stage,사업단계,business_stage,운영/실물,,,not_checked,,Review. Some address/physical fields may intentionally differ after geocode/API cleanup.
asset_master,review,asset_field_change_candidate,ast_73e5216b97f6,A112573001,portfolio_region,투자지역,portfolio_region,대한민국,,,not_checked,,Review. Some address/physical fields may intentionally differ after geocode/API cleanup.
asset_master,review,asset_field_change_candidate,ast_73e5216b97f6,A112573001,country_code,국내/해외,country_code,KR,,,not_checked,,Review. Some address/physical fields may intentionally differ after geocode/API cleanup.
asset_master,review,asset_field_change_candidate,ast_8037c5fed7e0,A112576001,portfolio_region,투자지역,portfolio_region,북미,,,not_checked,,Review. Some address/physical fields may intentionally differ after geocode/API cleanup.
asset_master,review,asset_field_change_candidate,ast_8037c5fed7e0,A112576001,country_code,국내/해외,country_code,OVERSEAS,,,not_checked,,Review. Some address/physical fields may intentionally differ after geocode/API cleanup.
asset_master,review,asset_field_change_candidate,ast_89a55348d21e,A112577001,portfolio_region,투자지역,portfolio_region,북미,,,not_checked,,Review. Some address/physical fields may intentionally differ after geocode/API cleanup.
asset_master,review,asset_field_change_candidate,ast_89a55348d21e,A112577001,country_code,국내/해외,country_code,OVERSEAS,,,not_checked,,Review. Some address/physical fields may intentionally differ after geocode/API cleanup.
asset_master,review,asset_field_change_candidate,ast_5cb81c5d6700,A112578001,portfolio_region,투자지역,portfolio_region,북미,,,not_checked,,Review. Some address/physical fields may intentionally differ after geocode/API cleanup.
asset_master,review,asset_field_change_candidate,ast_5cb81c5d6700,A112578001,country_code,국내/해외,country_code,OVERSEAS,,,not_checked,,Review. Some address/physical fields may intentionally differ after geocode/API cleanup.
asset_master,review,asset_field_change_candidate,ast_bfb1c5d3da5c,A112579001,business_stage,사업단계,business_stage,부실,,,not_checked,,Review. Some address/physical fields may intentionally differ after geocode/API cleanup.
asset_master,review,asset_field_change_candidate,ast_bfb1c5d3da5c,A112579001,portfolio_region,투자지역,portfolio_region,대한민국,,,not_checked,,Review. Some address/physical fields may intentionally differ after geocode/API cleanup.
asset_master,review,asset_field_change_candidate,ast_74b58d4dd7c7,A112582001,business_stage,사업단계,business_stage,운영/실물,,,not_checked,,Review. Some address/physical fields may intentionally differ after geocode/API cleanup.
asset_master,review,asset_field_change_candidate,ast_74b58d4dd7c7,A112582001,portfolio_region,투자지역,portfolio_region,북미,,,not_checked,,Review. Some address/physical fields may intentionally differ after geocode/API cleanup.
asset_master,review,asset_field_change_candidate,ast_74b58d4dd7c7,A112582001,country_code,국내/해외,country_code,OVERSEAS,,,not_checked,,Review. Some address/physical fields may intentionally differ after geocode/API cleanup.
asset_master,review,asset_field_change_candidate,ast_fe67309c28e2,A112584001,portfolio_region,투자지역,portfolio_region,대한민국,,,pending,,Review. Some address/physical fields may intentionally differ after geocode/API cleanup.
asset_master,review,asset_field_change_candidate,ast_fe67309c28e2,A112584001,country_code,국내/해외,country_code,KR,,,pending,,Review. Some address/physical fields may intentionally differ after geocode/API cleanup.
asset_master,review,asset_field_change_candidate,ast_0595e7f4dccc,A112584002,portfolio_region,투자지역,portfolio_region,대한민국,,,pending,,Review. Some address/physical fields may intentionally differ after geocode/API cleanup.
asset_master,review,asset_field_change_candidate,ast_0595e7f4dccc,A112584002,country_code,국내/해외,country_code,KR,,,pending,,Review. Some address/physical fields may intentionally differ after geocode/API cleanup.
asset_master,review,asset_field_change_candidate,ast_119638464007,A112584003,portfolio_region,투자지역,portfolio_region,대한민국,,,pending,,Review. Some address/physical fields may intentionally differ after geocode/API cleanup.
asset_master,review,asset_field_change_candidate,ast_119638464007,A112584003,country_code,국내/해외,country_code,KR,,,pending,,Review. Some address/physical fields may intentionally differ after geocode/API cleanup.
asset_master,review,asset_field_change_candidate,ast_7b19a096c506,A112584004,portfolio_region,투자지역,portfolio_region,대한민국,,,pending,,Review. Some address/physical fields may intentionally differ after geocode/API cleanup.
asset_master,review,asset_field_change_candidate,ast_7b19a096c506,A112584004,country_code,국내/해외,country_code,KR,,,pending,,Review. Some address/physical fields may intentionally differ after geocode/API cleanup.
asset_master,review,asset_field_change_candidate,ast_9053eb385f92,A112584005,portfolio_region,투자지역,portfolio_region,대한민국,,,not_checked,,Review. Some address/physical fields may intentionally differ after geocode/API cleanup.
asset_master,review,asset_field_change_candidate,ast_9053eb385f92,A112584005,country_code,국내/해외,country_code,KR,,,not_checked,,Review. Some address/physical fields may intentionally differ after geocode/API cleanup.
asset_master,review,asset_field_change_candidate,ast_71ccb419b102,A112584006,portfolio_region,투자지역,portfolio_region,대한민국,,,pending,,Review. Some address/physical fields may intentionally differ after geocode/API cleanup.
asset_master,review,asset_field_change_candidate,ast_71ccb419b102,A112584006,country_code,국내/해외,country_code,KR,,,pending,,Review. Some address/physical fields may intentionally differ after geocode/API cleanup.
asset_master,review,asset_field_change_candidate,ast_5ffda8a73763,A112584007,portfolio_region,투자지역,portfolio_region,대한민국,,,pending,,Review. Some address/physical fields may intentionally differ after geocode/API cleanup.
asset_master,review,asset_field_change_candidate,ast_5ffda8a73763,A112584007,country_code,국내/해외,country_code,KR,,,pending,,Review. Some address/physical fields may intentionally differ after geocode/API cleanup.
asset_master,review,asset_field_change_candidate,ast_dfe3a3dedda0,A112584008,portfolio_region,투자지역,portfolio_region,대한민국,,,pending,,Review. Some address/physical fields may intentionally differ after geocode/API cleanup.
asset_master,review,asset_field_change_candidate,ast_dfe3a3dedda0,A112584008,country_code,국내/해외,country_code,KR,,,pending,,Review. Some address/physical fields may intentionally differ after geocode/API cleanup.
asset_master,review,asset_field_change_candidate,ast_49a86c456d87,A112584009,portfolio_region,투자지역,portfolio_region,대한민국,,,pending,,Review. Some address/physical fields may intentionally differ after geocode/API cleanup.
asset_master,review,asset_field_change_candidate,ast_49a86c456d87,A112584009,country_code,국내/해외,country_code,KR,,,pending,,Review. Some address/physical fields may intentionally differ after geocode/API cleanup.
asset_master,review,asset_field_change_candidate,ast_181f610edf73,A112584010,portfolio_region,투자지역,portfolio_region,대한민국,,,not_checked,,Review. Some address/physical fields may intentionally differ after geocode/API cleanup.
asset_master,review,asset_field_change_candidate,ast_181f610edf73,A112584010,country_code,국내/해외,country_code,KR,,,not_checked,,Review. Some address/physical fields may intentionally differ after geocode/API cleanup.
asset_master,review,asset_field_change_candidate,ast_62b8dcc42c6b,A112584011,portfolio_region,투자지역,portfolio_region,대한민국,,,pending,,Review. Some address/physical fields may intentionally differ after geocode/API cleanup.
asset_master,review,asset_field_change_candidate,ast_62b8dcc42c6b,A112584011,country_code,국내/해외,country_code,KR,,,pending,,Review. Some address/physical fields may intentionally differ after geocode/API cleanup.
asset_master,review,asset_field_change_candidate,ast_cbe24d6ebb07,A112584012,portfolio_region,투자지역,portfolio_region,대한민국,,,pending,,Review. Some address/physical fields may intentionally differ after geocode/API cleanup.
asset_master,review,asset_field_change_candidate,ast_cbe24d6ebb07,A112584012,country_code,국내/해외,country_code,KR,,,pending,,Review. Some address/physical fields may intentionally differ after geocode/API cleanup.
asset_master,review,asset_field_change_candidate,ast_5afd3f52bd1f,A112584013,portfolio_region,투자지역,portfolio_region,대한민국,,,pending,,Review. Some address/physical fields may intentionally differ after geocode/API cleanup.
asset_master,review,asset_field_change_candidate,ast_dd8a51e02785,A112584014,portfolio_region,투자지역,portfolio_region,대한민국,,,pending,,Review. Some address/physical fields may intentionally differ after geocode/API cleanup.
asset_master,review,asset_field_change_candidate,ast_dd8a51e02785,A112584014,country_code,국내/해외,country_code,KR,,,pending,,Review. Some address/physical fields may intentionally differ after geocode/API cleanup.
asset_master,review,asset_field_change_candidate,ast_1a611af09927,A112584015,portfolio_region,투자지역,portfolio_region,대한민국,,,pending,,Review. Some address/physical fields may intentionally differ after geocode/API cleanup.
asset_master,review,asset_field_change_candidate,ast_1a611af09927,A112584015,country_code,국내/해외,country_code,KR,,,pending,,Review. Some address/physical fields may intentionally differ after geocode/API cleanup.
asset_master,review,asset_field_change_candidate,ast_b5b2968544d4,A112584016,portfolio_region,투자지역,portfolio_region,대한민국,,,pending,,Review. Some address/physical fields may intentionally differ after geocode/API cleanup.
asset_master,review,asset_field_change_candidate,ast_b5b2968544d4,A112584016,country_code,국내/해외,country_code,KR,,,pending,,Review. Some address/physical fields may intentionally differ after geocode/API cleanup.
asset_master,review,asset_field_change_candidate,ast_fc066c8daedb,A112584017,portfolio_region,투자지역,portfolio_region,대한민국,,,pending,,Review. Some address/physical fields may intentionally differ after geocode/API cleanup.
asset_master,review,asset_field_change_candidate,ast_fc066c8daedb,A112584017,country_code,국내/해외,country_code,KR,,,pending,,Review. Some address/physical fields may intentionally differ after geocode/API cleanup.
asset_master,review,asset_field_change_candidate,ast_cb14a8027ca3,A112584018,portfolio_region,투자지역,portfolio_region,대한민국,,,pending,,Review. Some address/physical fields may intentionally differ after geocode/API cleanup.
asset_master,review,asset_field_change_candidate,ast_cb14a8027ca3,A112584018,country_code,국내/해외,country_code,KR,,,pending,,Review. Some address/physical fields may intentionally differ after geocode/API cleanup.
asset_master,review,asset_field_change_candidate,ast_401a2a614838,A112584019,portfolio_region,투자지역,portfolio_region,대한민국,,,pending,,Review. Some address/physical fields may intentionally differ after geocode/API cleanup.
asset_master,review,asset_field_change_candidate,ast_401a2a614838,A112584019,country_code,국내/해외,country_code,KR,,,pending,,Review. Some address/physical fields may intentionally differ after geocode/API cleanup.
asset_master,review,asset_field_change_candidate,ast_6fbb0d555e87,A112584020,canonical_name,자산(건물)명,canonical_name,에스와이솔라,이지스일반사모투자신탁435호(태양광),,found,BldRgstHubService.getBrTitleInfo,Review. Some address/physical fields may intentionally differ after geocode/API cleanup.
asset_master,review,asset_field_change_candidate,ast_6fbb0d555e87,A112584020,address_text,"전체주소(시/도, 구/군 포함)",address_text,부산광역시 강서구 낙동북로 236,대저1동 1619,,found,BldRgstHubService.getBrTitleInfo,Review. Some address/physical fields may intentionally differ after geocode/API cleanup.
asset_master,review,asset_field_change_candidate,ast_6fbb0d555e87,A112584020,portfolio_region,투자지역,portfolio_region,대한민국,,,found,BldRgstHubService.getBrTitleInfo,Review. Some address/physical fields may intentionally differ after geocode/API cleanup.
asset_master,review,asset_field_change_candidate,ast_6fbb0d555e87,A112584020,gross_floor_area,연면적(m²),gross_floor_area,,189,,found,BldRgstHubService.getBrTitleInfo,Physical fields may be API-enriched. Review provenance before overwriting.
asset_master,review,asset_field_change_candidate,ast_6fbb0d555e87,A112584020,site_area,토지면적(㎡),site_area,,0,,found,BldRgstHubService.getBrTitleInfo,Physical fields may be API-enriched. Review provenance before overwriting.
asset_master,review,asset_field_change_candidate,ast_6fbb0d555e87,A112584020,completion_date,준공(예정)일,completion_date,,2007-05-09,,found,BldRgstHubService.getBrTitleInfo,Review. Some address/physical fields may intentionally differ after geocode/API cleanup.
asset_master,review,asset_field_change_candidate,ast_6fbb0d555e87,A112584020,parking,주차대수,parking,,옥내 0 / 옥외 0,,found,BldRgstHubService.getBrTitleInfo,Review. Some address/physical fields may intentionally differ after geocode/API cleanup.
asset_master,review,asset_field_change_candidate,ast_db3bfd1b4baf,A112584021,canonical_name,자산(건물)명,canonical_name,에이치엠솔라1,이지스일반사모투자신탁435호(태양광),,found,BldRgstHubService.getBrTitleInfo,Review. Some address/physical fields may intentionally differ after geocode/API cleanup.
asset_master,review,asset_field_change_candidate,ast_db3bfd1b4baf,A112584021,address_text,"전체주소(시/도, 구/군 포함)",address_text,"강원도 원주시 문막읍 반계리 2255-2, 2255-3",강원특별자치도 원주시 문막읍 반계리 2255-2,,found,BldRgstHubService.getBrTitleInfo,Review. Some address/physical fields may intentionally differ after geocode/API cleanup.
asset_master,review,asset_field_change_candidate,ast_db3bfd1b4baf,A112584021,portfolio_region,투자지역,portfolio_region,대한민국,,,found,BldRgstHubService.getBrTitleInfo,Review. Some address/physical fields may intentionally differ after geocode/API cleanup.
asset_master,review,asset_field_change_candidate,ast_db3bfd1b4baf,A112584021,gross_floor_area,연면적(m²),gross_floor_area,,13227,,found,BldRgstHubService.getBrTitleInfo,Physical fields may be API-enriched. Review provenance before overwriting.
asset_master,review,asset_field_change_candidate,ast_db3bfd1b4baf,A112584021,site_area,토지면적(㎡),site_area,,20739,,found,BldRgstHubService.getBrTitleInfo,Physical fields may be API-enriched. Review provenance before overwriting.
asset_master,review,asset_field_change_candidate,ast_db3bfd1b4baf,A112584021,completion_date,준공(예정)일,completion_date,,2016-08-19,,found,BldRgstHubService.getBrTitleInfo,Review. Some address/physical fields may intentionally differ after geocode/API cleanup.
asset_master,review,asset_field_change_candidate,ast_db3bfd1b4baf,A112584021,parking,주차대수,parking,,옥내 0 / 옥외 69,,found,BldRgstHubService.getBrTitleInfo,Review. Some address/physical fields may intentionally differ after geocode/API cleanup.
asset_master,review,asset_field_change_candidate,ast_d4d0f0ff0926,A112584022,canonical_name,자산(건물)명,canonical_name,이에스에이치12,이지스일반사모투자신탁435호(태양광),,found,BldRgstHubService.getBrTitleInfo,Review. Some address/physical fields may intentionally differ after geocode/API cleanup.
asset_master,review,asset_field_change_candidate,ast_d4d0f0ff0926,A112584022,address_text,"전체주소(시/도, 구/군 포함)",address_text,전남 광양시 광양읍 세풍리 2224,전라남도 광양시 광양읍 세풍리 2224,,found,BldRgstHubService.getBrTitleInfo,Review. Some address/physical fields may intentionally differ after geocode/API cleanup.
asset_master,review,asset_field_change_candidate,ast_d4d0f0ff0926,A112584022,portfolio_region,투자지역,portfolio_region,대한민국,,,found,BldRgstHubService.getBrTitleInfo,Review. Some address/physical fields may intentionally differ after geocode/API cleanup.
asset_master,review,asset_field_change_candidate,ast_d4d0f0ff0926,A112584022,gross_floor_area,연면적(m²),gross_floor_area,,50,,found,BldRgstHubService.getBrTitleInfo,Physical fields may be API-enriched. Review provenance before overwriting.
asset_master,review,asset_field_change_candidate,ast_d4d0f0ff0926,A112584022,site_area,토지면적(㎡),site_area,,0,,found,BldRgstHubService.getBrTitleInfo,Physical fields may be API-enriched. Review provenance before overwriting.
asset_master,review,asset_field_change_candidate,ast_d4d0f0ff0926,A112584022,completion_date,준공(예정)일,completion_date,,2015-10-08,,found,BldRgstHubService.getBrTitleInfo,Review. Some address/physical fields may intentionally differ after geocode/API cleanup.
asset_master,review,asset_field_change_candidate,ast_d4d0f0ff0926,A112584022,parking,주차대수,parking,,옥내 0 / 옥외 0,,found,BldRgstHubService.getBrTitleInfo,Review. Some address/physical fields may intentionally differ after geocode/API cleanup.
asset_master,review,asset_field_change_candidate,ast_f0b3bee2e7f8,A112584023,portfolio_region,투자지역,portfolio_region,대한민국,,,pending,,Review. Some address/physical fields may intentionally differ after geocode/API cleanup.
asset_master,review,asset_field_change_candidate,ast_f0b3bee2e7f8,A112584023,country_code,국내/해외,country_code,KR,,,pending,,Review. Some address/physical fields may intentionally differ after geocode/API cleanup.
asset_master,review,asset_field_change_candidate,ast_ecbd3dcd5c8a,A112584024,portfolio_region,투자지역,portfolio_region,대한민국,,,pending,,Review. Some address/physical fields may intentionally differ after geocode/API cleanup.
asset_master,review,asset_field_change_candidate,ast_ecbd3dcd5c8a,A112584024,country_code,국내/해외,country_code,KR,,,pending,,Review. Some address/physical fields may intentionally differ after geocode/API cleanup.
asset_master,review,asset_field_change_candidate,ast_d1b08df14213,A112584025,portfolio_region,투자지역,portfolio_region,대한민국,,,pending,,Review. Some address/physical fields may intentionally differ after geocode/API cleanup.
asset_master,review,asset_field_change_candidate,ast_d1b08df14213,A112584025,country_code,국내/해외,country_code,KR,,,pending,,Review. Some address/physical fields may intentionally differ after geocode/API cleanup.
asset_master,review,asset_field_change_candidate,ast_0db517682813,A112584026,portfolio_region,투자지역,portfolio_region,대한민국,,,pending,,Review. Some address/physical fields may intentionally differ after geocode/API cleanup.
asset_master,review,asset_field_change_candidate,ast_0db517682813,A112584026,country_code,국내/해외,country_code,KR,,,pending,,Review. Some address/physical fields may intentionally differ after geocode/API cleanup.
asset_master,review,asset_field_change_candidate,ast_5d805aade4f5,A112584027,portfolio_region,투자지역,portfolio_region,대한민국,,,pending,,Review. Some address/physical fields may intentionally differ after geocode/API cleanup.
asset_master,review,asset_field_change_candidate,ast_5d805aade4f5,A112584027,country_code,국내/해외,country_code,KR,,,pending,,Review. Some address/physical fields may intentionally differ after geocode/API cleanup.
asset_master,review,asset_field_change_candidate,ast_c22cfc14fece,A112584028,portfolio_region,투자지역,portfolio_region,대한민국,,,pending,,Review. Some address/physical fields may intentionally differ after geocode/API cleanup.
asset_master,review,asset_field_change_candidate,ast_c22cfc14fece,A112584028,country_code,국내/해외,country_code,KR,,,pending,,Review. Some address/physical fields may intentionally differ after geocode/API cleanup.
asset_master,review,asset_field_change_candidate,ast_eb9fef2fb0a9,A112584029,portfolio_region,투자지역,portfolio_region,대한민국,,,pending,,Review. Some address/physical fields may intentionally differ after geocode/API cleanup.
asset_master,review,asset_field_change_candidate,ast_eb9fef2fb0a9,A112584029,country_code,국내/해외,country_code,KR,,,pending,,Review. Some address/physical fields may intentionally differ after geocode/API cleanup.
asset_master,review,asset_field_change_candidate,ast_abdd62503393,A112584030,portfolio_region,투자지역,portfolio_region,대한민국,,,pending,,Review. Some address/physical fields may intentionally differ after geocode/API cleanup.
asset_master,review,asset_field_change_candidate,ast_abdd62503393,A112584030,country_code,국내/해외,country_code,KR,,,pending,,Review. Some address/physical fields may intentionally differ after geocode/API cleanup.
asset_master,review,asset_field_change_candidate,ast_57c1d0a7ef1e,A112584031,portfolio_region,투자지역,portfolio_region,대한민국,,,pending,,Review. Some address/physical fields may intentionally differ after geocode/API cleanup.
asset_master,review,asset_field_change_candidate,ast_57c1d0a7ef1e,A112584031,country_code,국내/해외,country_code,KR,,,pending,,Review. Some address/physical fields may intentionally differ after geocode/API cleanup.
asset_master,review,asset_field_change_candidate,ast_1e2221e5e270,A112584032,portfolio_region,투자지역,portfolio_region,대한민국,,,pending,,Review. Some address/physical fields may intentionally differ after geocode/API cleanup.
asset_master,review,asset_field_change_candidate,ast_1e2221e5e270,A112584032,country_code,국내/해외,country_code,KR,,,pending,,Review. Some address/physical fields may intentionally differ after geocode/API cleanup.
asset_master,review,asset_field_change_candidate,ast_357127c88355,A112584033,canonical_name,자산(건물)명,canonical_name,씨에스에너텍,이지스일반사모투자신탁435호(태양광),,found,BldRgstHubService.getBrTitleInfo,Review. Some address/physical fields may intentionally differ after geocode/API cleanup.
asset_master,review,asset_field_change_candidate,ast_357127c88355,A112584033,address_text,"전체주소(시/도, 구/군 포함)",address_text,"경산시 진량읍 다문로 188-9, 경산시 진량읍 공단6로 42, 42-1",진량읍 신상리 1186-7,,found,BldRgstHubService.getBrTitleInfo,Review. Some address/physical fields may intentionally differ after geocode/API cleanup.
asset_master,review,asset_field_change_candidate,ast_357127c88355,A112584033,portfolio_region,투자지역,portfolio_region,대한민국,,,found,BldRgstHubService.getBrTitleInfo,Review. Some address/physical fields may intentionally differ after geocode/API cleanup.
asset_master,review,asset_field_change_candidate,ast_357127c88355,A112584033,gross_floor_area,연면적(m²),gross_floor_area,,105,,found,BldRgstHubService.getBrTitleInfo,Physical fields may be API-enriched. Review provenance before overwriting.
asset_master,review,asset_field_change_candidate,ast_357127c88355,A112584033,site_area,토지면적(㎡),site_area,,0,,found,BldRgstHubService.getBrTitleInfo,Physical fields may be API-enriched. Review provenance before overwriting.
asset_master,review,asset_field_change_candidate,ast_357127c88355,A112584033,completion_date,준공(예정)일,completion_date,,1997-04-22,,found,BldRgstHubService.getBrTitleInfo,Review. Some address/physical fields may intentionally differ after geocode/API cleanup.
asset_master,review,asset_field_change_candidate,ast_357127c88355,A112584033,parking,주차대수,parking,,옥내 0 / 옥외 13,,found,BldRgstHubService.getBrTitleInfo,Review. Some address/physical fields may intentionally differ after geocode/API cleanup.
asset_master,review,asset_field_change_candidate,ast_97b4c5674171,A112584034,portfolio_region,투자지역,portfolio_region,대한민국,,,pending,,Review. Some address/physical fields may intentionally differ after geocode/API cleanup.
asset_master,review,asset_field_change_candidate,ast_97b4c5674171,A112584034,country_code,국내/해외,country_code,KR,,,pending,,Review. Some address/physical fields may intentionally differ after geocode/API cleanup.
asset_master,review,asset_field_change_candidate,ast_fcf7c1ac3c6e,A112584035,portfolio_region,투자지역,portfolio_region,대한민국,,,pending,,Review. Some address/physical fields may intentionally differ after geocode/API cleanup.
asset_master,review,asset_field_change_candidate,ast_fcf7c1ac3c6e,A112584035,country_code,국내/해외,country_code,KR,,,pending,,Review. Some address/physical fields may intentionally differ after geocode/API cleanup.
asset_master,review,asset_field_change_candidate,ast_dafd8d7ea9a9,A112584036,portfolio_region,투자지역,portfolio_region,대한민국,,,not_checked,,Review. Some address/physical fields may intentionally differ after geocode/API cleanup.
asset_master,review,asset_field_change_candidate,ast_dafd8d7ea9a9,A112584036,country_code,국내/해외,country_code,KR,,,not_checked,,Review. Some address/physical fields may intentionally differ after geocode/API cleanup.
asset_master,review,asset_field_change_candidate,ast_5a8751925824,A112584037,portfolio_region,투자지역,portfolio_region,대한민국,,,pending,,Review. Some address/physical fields may intentionally differ after geocode/API cleanup.
asset_master,review,asset_field_change_candidate,ast_5a8751925824,A112584037,country_code,국내/해외,country_code,KR,,,pending,,Review. Some address/physical fields may intentionally differ after geocode/API cleanup.
asset_master,review,asset_field_change_candidate,ast_fa5c29f90c9f,A112584038,portfolio_region,투자지역,portfolio_region,대한민국,,,pending,,Review. Some address/physical fields may intentionally differ after geocode/API cleanup.
asset_master,review,asset_field_change_candidate,ast_fa5c29f90c9f,A112584038,country_code,국내/해외,country_code,KR,,,pending,,Review. Some address/physical fields may intentionally differ after geocode/API cleanup.
asset_master,review,asset_field_change_candidate,ast_71e2c09c8e7e,A112584039,portfolio_region,투자지역,portfolio_region,대한민국,,,pending,,Review. Some address/physical fields may intentionally differ after geocode/API cleanup.
asset_master,review,asset_field_change_candidate,ast_71e2c09c8e7e,A112584039,country_code,국내/해외,country_code,KR,,,pending,,Review. Some address/physical fields may intentionally differ after geocode/API cleanup.
asset_master,review,asset_field_change_candidate,ast_77ede44aa23a,A112584040,portfolio_region,투자지역,portfolio_region,대한민국,,,pending,,Review. Some address/physical fields may intentionally differ after geocode/API cleanup.
asset_master,review,asset_field_change_candidate,ast_77ede44aa23a,A112584040,country_code,국내/해외,country_code,KR,,,pending,,Review. Some address/physical fields may intentionally differ after geocode/API cleanup.
asset_master,review,asset_field_change_candidate,ast_60fde6988245,A112584041,portfolio_region,투자지역,portfolio_region,대한민국,,,pending,,Review. Some address/physical fields may intentionally differ after geocode/API cleanup.
asset_master,review,asset_field_change_candidate,ast_60fde6988245,A112584041,country_code,국내/해외,country_code,KR,,,pending,,Review. Some address/physical fields may intentionally differ after geocode/API cleanup.
asset_master,review,asset_field_change_candidate,ast_af81a8c4e0a3,A112584042,portfolio_region,투자지역,portfolio_region,대한민국,,,pending,,Review. Some address/physical fields may intentionally differ after geocode/API cleanup.
asset_master,review,asset_field_change_candidate,ast_af81a8c4e0a3,A112584042,country_code,국내/해외,country_code,KR,,,pending,,Review. Some address/physical fields may intentionally differ after geocode/API cleanup.
asset_master,review,asset_field_change_candidate,ast_ebcbfb2a0ea5,A112584043,portfolio_region,투자지역,portfolio_region,대한민국,,,pending,,Review. Some address/physical fields may intentionally differ after geocode/API cleanup.
asset_master,review,asset_field_change_candidate,ast_ebcbfb2a0ea5,A112584043,country_code,국내/해외,country_code,KR,,,pending,,Review. Some address/physical fields may intentionally differ after geocode/API cleanup.
asset_master,review,asset_field_change_candidate,ast_4a41b5cdfb00,A112584044,portfolio_region,투자지역,portfolio_region,대한민국,,,pending,,Review. Some address/physical fields may intentionally differ after geocode/API cleanup.
asset_master,review,asset_field_change_candidate,ast_4a41b5cdfb00,A112584044,country_code,국내/해외,country_code,KR,,,pending,,Review. Some address/physical fields may intentionally differ after geocode/API cleanup.
asset_master,review,asset_field_change_candidate,ast_88157f8599f7,A112584045,portfolio_region,투자지역,portfolio_region,대한민국,,,not_checked,,Review. Some address/physical fields may intentionally differ after geocode/API cleanup.
asset_master,review,asset_field_change_candidate,ast_88157f8599f7,A112584045,country_code,국내/해외,country_code,KR,,,not_checked,,Review. Some address/physical fields may intentionally differ after geocode/API cleanup.
asset_master,review,asset_field_change_candidate,ast_0bbbe8c5910d,A112584046,canonical_name,자산(건물)명,canonical_name,솔라팩토리19호,이지스일반사모투자신탁435호(태양광),,found,BldRgstHubService.getBrTitleInfo,Review. Some address/physical fields may intentionally differ after geocode/API cleanup.
asset_master,review,asset_field_change_candidate,ast_0bbbe8c5910d,A112584046,address_text,"전체주소(시/도, 구/군 포함)",address_text,"충북 충주시 대소원면 완오리 1165, 1166, 1167(건물 위), 충주시 대소원면 완오리 1155(건물위), 충주시 대소원면 영평리 840 (건물 위)",충청북도 충주시 대소원면 완오리 1165,,found,BldRgstHubService.getBrTitleInfo,Review. Some address/physical fields may intentionally differ after geocode/API cleanup.
asset_master,review,asset_field_change_candidate,ast_0bbbe8c5910d,A112584046,portfolio_region,투자지역,portfolio_region,대한민국,,,found,BldRgstHubService.getBrTitleInfo,Review. Some address/physical fields may intentionally differ after geocode/API cleanup.
asset_master,review,asset_field_change_candidate,ast_0bbbe8c5910d,A112584046,gross_floor_area,연면적(m²),gross_floor_area,,660,,found,BldRgstHubService.getBrTitleInfo,Physical fields may be API-enriched. Review provenance before overwriting.
asset_master,review,asset_field_change_candidate,ast_0bbbe8c5910d,A112584046,site_area,토지면적(㎡),site_area,,0,,found,BldRgstHubService.getBrTitleInfo,Physical fields may be API-enriched. Review provenance before overwriting.
asset_master,review,asset_field_change_candidate,ast_0bbbe8c5910d,A112584046,completion_date,준공(예정)일,completion_date,,2016-07-06,,found,BldRgstHubService.getBrTitleInfo,Review. Some address/physical fields may intentionally differ after geocode/API cleanup.
asset_master,review,asset_field_change_candidate,ast_0bbbe8c5910d,A112584046,parking,주차대수,parking,,옥내 0 / 옥외 0,,found,BldRgstHubService.getBrTitleInfo,Review. Some address/physical fields may intentionally differ after geocode/API cleanup.
asset_master,review,asset_field_change_candidate,ast_1a8c028a5e37,A112585001,business_stage,사업단계,business_stage,운영/실물,,,not_checked,,Review. Some address/physical fields may intentionally differ after geocode/API cleanup.
asset_master,review,asset_field_change_candidate,ast_1a8c028a5e37,A112585001,portfolio_region,투자지역,portfolio_region,북미,,,not_checked,,Review. Some address/physical fields may intentionally differ after geocode/API cleanup.
asset_master,review,asset_field_change_candidate,ast_1a8c028a5e37,A112585001,country_code,국내/해외,country_code,OVERSEAS,,,not_checked,,Review. Some address/physical fields may intentionally differ after geocode/API cleanup.
asset_master,review,asset_field_change_candidate,ast_b03e4a6447f9,A112586001,business_stage,사업단계,business_stage,운영/실물,,,found,BldRgstHubService.getBrTitleInfo,Review. Some address/physical fields may intentionally differ after geocode/API cleanup.
asset_master,review,asset_field_change_candidate,ast_b03e4a6447f9,A112586001,portfolio_region,투자지역,portfolio_region,대한민국,,,found,BldRgstHubService.getBrTitleInfo,Review. Some address/physical fields may intentionally differ after geocode/API cleanup.
asset_master,review,asset_field_change_candidate,ast_b03e4a6447f9,A112586001,country_code,국내/해외,country_code,KR,,,found,BldRgstHubService.getBrTitleInfo,Review. Some address/physical fields may intentionally differ after geocode/API cleanup.
asset_master,review,asset_field_change_candidate,ast_b03e4a6447f9,A112586001,site_area,토지면적(㎡),site_area,,1384,,found,BldRgstHubService.getBrTitleInfo,Physical fields may be API-enriched. Review provenance before overwriting.
asset_master,review,asset_field_change_candidate,ast_b03e4a6447f9,A112586001,parking,주차대수,parking,,옥내 0 / 옥외 9,,found,BldRgstHubService.getBrTitleInfo,Review. Some address/physical fields may intentionally differ after geocode/API cleanup.
asset_master,review,asset_field_change_candidate,ast_cb59978f02bf,A112587001,portfolio_region,투자지역,portfolio_region,대한민국,,,not_checked,,Review. Some address/physical fields may intentionally differ after geocode/API cleanup.
asset_master,review,asset_field_change_candidate,ast_cb59978f02bf,A112587001,country_code,국내/해외,country_code,혼합,,,not_checked,,Review. Some address/physical fields may intentionally differ after geocode/API cleanup.
asset_master,review,asset_field_change_candidate,ast_c7abc1f4627e,A112588001,business_stage,사업단계,business_stage,운영/실물,,,not_checked,,Review. Some address/physical fields may intentionally differ after geocode/API cleanup.
asset_master,review,asset_field_change_candidate,ast_c7abc1f4627e,A112588001,portfolio_region,투자지역,portfolio_region,북미,,,not_checked,,Review. Some address/physical fields may intentionally differ after geocode/API cleanup.
asset_master,review,asset_field_change_candidate,ast_c7abc1f4627e,A112588001,country_code,국내/해외,country_code,OVERSEAS,,,not_checked,,Review. Some address/physical fields may intentionally differ after geocode/API cleanup.
asset_master,review,asset_field_change_candidate,ast_74c55ca84e27,A112589001,business_stage,사업단계,business_stage,운영/실물,,,found,BldRgstHubService.getBrTitleInfo,Review. Some address/physical fields may intentionally differ after geocode/API cleanup.
asset_master,review,asset_field_change_candidate,ast_74c55ca84e27,A112589001,portfolio_region,투자지역,portfolio_region,대한민국,,,found,BldRgstHubService.getBrTitleInfo,Review. Some address/physical fields may intentionally differ after geocode/API cleanup.
asset_master,review,asset_field_change_candidate,ast_74c55ca84e27,A112589001,country_code,국내/해외,country_code,KR,,,found,BldRgstHubService.getBrTitleInfo,Review. Some address/physical fields may intentionally differ after geocode/API cleanup.
asset_master,review,asset_field_change_candidate,ast_74c55ca84e27,A112589001,site_area,토지면적(㎡),site_area,,39053,,found,BldRgstHubService.getBrTitleInfo,Physical fields may be API-enriched. Review provenance before overwriting.
asset_master,review,asset_field_change_candidate,ast_74c55ca84e27,A112589001,parking,주차대수,parking,,옥내 3608 / 옥외 0,,found,BldRgstHubService.getBrTitleInfo,Review. Some address/physical fields may intentionally differ after geocode/API cleanup.
asset_master,review,asset_field_change_candidate,ast_7a55d14dbec0,A112592001,business_stage,사업단계,business_stage,운영/실물,,,found,BldRgstHubService.getBrTitleInfo,Review. Some address/physical fields may intentionally differ after geocode/API cleanup.
asset_master,review,asset_field_change_candidate,ast_7a55d14dbec0,A112592001,portfolio_region,투자지역,portfolio_region,대한민국,,,found,BldRgstHubService.getBrTitleInfo,Review. Some address/physical fields may intentionally differ after geocode/API cleanup.
asset_master,review,asset_field_change_candidate,ast_7a55d14dbec0,A112592001,site_area,토지면적(㎡),site_area,,33140,,found,BldRgstHubService.getBrTitleInfo,Physical fields may be API-enriched. Review provenance before overwriting.
asset_master,review,asset_field_change_candidate,ast_7a55d14dbec0,A112592001,completion_date,준공(예정)일,completion_date,,2007-11-08,,found,BldRgstHubService.getBrTitleInfo,Review. Some address/physical fields may intentionally differ after geocode/API cleanup.
asset_master,review,asset_field_change_candidate,ast_7a55d14dbec0,A112592001,parking,주차대수,parking,,옥내 689 / 옥외 144,,found,BldRgstHubService.getBrTitleInfo,Review. Some address/physical fields may intentionally differ after geocode/API cleanup.
asset_master,review,asset_field_change_candidate,ast_9a12d0c2189f,A112593001,business_stage,사업단계,business_stage,운영/실물,,,found,BldRgstHubService.getBrTitleInfo,Review. Some address/physical fields may intentionally differ after geocode/API cleanup.
asset_master,review,asset_field_change_candidate,ast_9a12d0c2189f,A112593001,portfolio_region,투자지역,portfolio_region,대한민국,,,found,BldRgstHubService.getBrTitleInfo,Review. Some address/physical fields may intentionally differ after geocode/API cleanup.
asset_master,review,asset_field_change_candidate,ast_9a12d0c2189f,A112593001,country_code,국내/해외,country_code,KR,,,found,BldRgstHubService.getBrTitleInfo,Review. Some address/physical fields may intentionally differ after geocode/API cleanup.
asset_master,review,asset_field_change_candidate,ast_9a12d0c2189f,A112593001,site_area,토지면적(㎡),site_area,,1311,,found,BldRgstHubService.getBrTitleInfo,Physical fields may be API-enriched. Review provenance before overwriting.
asset_master,review,asset_field_change_candidate,ast_9a12d0c2189f,A112593001,completion_date,준공(예정)일,completion_date,,1992-07-02,,found,BldRgstHubService.getBrTitleInfo,Review. Some address/physical fields may intentionally differ after geocode/API cleanup.
asset_master,review,asset_field_change_candidate,ast_d5c833a503e2,A112593002,business_stage,사업단계,business_stage,운영/실물,,,found,BldRgstHubService.getBrTitleInfo,Review. Some address/physical fields may intentionally differ after geocode/API cleanup.
asset_master,review,asset_field_change_candidate,ast_d5c833a503e2,A112593002,portfolio_region,투자지역,portfolio_region,대한민국,,,found,BldRgstHubService.getBrTitleInfo,Review. Some address/physical fields may intentionally differ after geocode/API cleanup.
asset_master,review,asset_field_change_candidate,ast_d5c833a503e2,A112593002,country_code,국내/해외,country_code,KR,,,found,BldRgstHubService.getBrTitleInfo,Review. Some address/physical fields may intentionally differ after geocode/API cleanup.
asset_master,review,asset_field_change_candidate,ast_d5c833a503e2,A112593002,site_area,토지면적(㎡),site_area,,1120,,found,BldRgstHubService.getBrTitleInfo,Physical fields may be API-enriched. Review provenance before overwriting.
asset_master,review,asset_field_change_candidate,ast_d5c833a503e2,A112593002,completion_date,준공(예정)일,completion_date,,2009-04-22,,found,BldRgstHubService.getBrTitleInfo,Review. Some address/physical fields may intentionally differ after geocode/API cleanup.
asset_master,review,asset_field_change_candidate,ast_d5c833a503e2,A112593002,parking,주차대수,parking,,옥내 20 / 옥외 0,,found,BldRgstHubService.getBrTitleInfo,Review. Some address/physical fields may intentionally differ after geocode/API cleanup.
asset_master,review,asset_field_change_candidate,ast_4a2315b88c84,A112596001,portfolio_region,투자지역,portfolio_region,글로벌,,,not_checked,,Review. Some address/physical fields may intentionally differ after geocode/API cleanup.
asset_master,review,asset_field_change_candidate,ast_4a2315b88c84,A112596001,country_code,국내/해외,country_code,혼합,,,not_checked,,Review. Some address/physical fields may intentionally differ after geocode/API cleanup.
asset_master,review,asset_field_change_candidate,ast_d19b7e4dea84,A112598001,portfolio_region,투자지역,portfolio_region,북미,,,not_checked,,Review. Some address/physical fields may intentionally differ after geocode/API cleanup.
asset_master,review,asset_field_change_candidate,ast_d19b7e4dea84,A112598001,country_code,국내/해외,country_code,OVERSEAS,,,not_checked,,Review. Some address/physical fields may intentionally differ after geocode/API cleanup.
asset_master,review,asset_field_change_candidate,ast_a497abe03a47,A112600001,portfolio_region,투자지역,portfolio_region,북미,,,not_checked,,Review. Some address/physical fields may intentionally differ after geocode/API cleanup.
asset_master,review,asset_field_change_candidate,ast_a497abe03a47,A112600001,country_code,국내/해외,country_code,OVERSEAS,,,not_checked,,Review. Some address/physical fields may intentionally differ after geocode/API cleanup.
asset_master,review,asset_field_change_candidate,ast_51d42aef8752,A112602001,business_stage,사업단계,business_stage,특수상황,,,not_checked,,Review. Some address/physical fields may intentionally differ after geocode/API cleanup.
asset_master,review,asset_field_change_candidate,ast_51d42aef8752,A112602001,portfolio_region,투자지역,portfolio_region,대한민국,,,not_checked,,Review. Some address/physical fields may intentionally differ after geocode/API cleanup.
asset_master,review,asset_field_change_candidate,ast_51d42aef8752,A112602001,country_code,국내/해외,country_code,KR,,,not_checked,,Review. Some address/physical fields may intentionally differ after geocode/API cleanup.
asset_master,review,asset_field_change_candidate,ast_0d67a2c2d304,A112602002,business_stage,사업단계,business_stage,특수상황,,,not_checked,,Review. Some address/physical fields may intentionally differ after geocode/API cleanup.
asset_master,review,asset_field_change_candidate,ast_0d67a2c2d304,A112602002,portfolio_region,투자지역,portfolio_region,대한민국,,,not_checked,,Review. Some address/physical fields may intentionally differ after geocode/API cleanup.
asset_master,review,asset_field_change_candidate,ast_0d67a2c2d304,A112602002,country_code,국내/해외,country_code,KR,,,not_checked,,Review. Some address/physical fields may intentionally differ after geocode/API cleanup.
asset_master,review,asset_field_change_candidate,ast_b24257eace32,A112602003,business_stage,사업단계,business_stage,특수상황,,,not_checked,,Review. Some address/physical fields may intentionally differ after geocode/API cleanup.
asset_master,review,asset_field_change_candidate,ast_b24257eace32,A112602003,portfolio_region,투자지역,portfolio_region,대한민국,,,not_checked,,Review. Some address/physical fields may intentionally differ after geocode/API cleanup.
asset_master,review,asset_field_change_candidate,ast_b24257eace32,A112602003,country_code,국내/해외,country_code,KR,,,not_checked,,Review. Some address/physical fields may intentionally differ after geocode/API cleanup.
asset_master,review,asset_field_change_candidate,ast_5592bb858cba,A112602004,business_stage,사업단계,business_stage,특수상황,,,not_checked,,Review. Some address/physical fields may intentionally differ after geocode/API cleanup.
asset_master,review,asset_field_change_candidate,ast_5592bb858cba,A112602004,portfolio_region,투자지역,portfolio_region,대한민국,,,not_checked,,Review. Some address/physical fields may intentionally differ after geocode/API cleanup.
asset_master,review,asset_field_change_candidate,ast_5592bb858cba,A112602004,country_code,국내/해외,country_code,KR,,,not_checked,,Review. Some address/physical fields may intentionally differ after geocode/API cleanup.
asset_master,review,asset_field_change_candidate,ast_3f3767149c5b,A112606001,canonical_name,자산(건물)명,canonical_name,여주 본두리 물류센터,여주 본두리 물류센터 (투자),,found,BldRgstHubService.getBrTitleInfo,Review. Some address/physical fields may intentionally differ after geocode/API cleanup.
asset_master,review,asset_field_change_candidate,ast_3f3767149c5b,A112606001,business_stage,사업단계,business_stage,운영/실물,,,found,BldRgstHubService.getBrTitleInfo,Review. Some address/physical fields may intentionally differ after geocode/API cleanup.
asset_master,review,asset_field_change_candidate,ast_3f3767149c5b,A112606001,portfolio_region,투자지역,portfolio_region,대한민국,,,found,BldRgstHubService.getBrTitleInfo,Review. Some address/physical fields may intentionally differ after geocode/API cleanup.
asset_master,review,asset_field_change_candidate,ast_3f3767149c5b,A112606001,site_area,토지면적(㎡),site_area,,65249,,found,BldRgstHubService.getBrTitleInfo,Physical fields may be API-enriched. Review provenance before overwriting.
asset_master,review,asset_field_change_candidate,ast_3f3767149c5b,A112606001,parking,주차대수,parking,,옥내 0 / 옥외 421,,found,BldRgstHubService.getBrTitleInfo,Review. Some address/physical fields may intentionally differ after geocode/API cleanup.
asset_master,review,asset_field_change_candidate,ast_3fc53b50b636,A112607001,portfolio_region,투자지역,portfolio_region,글로벌,,,not_checked,,Review. Some address/physical fields may intentionally differ after geocode/API cleanup.
asset_master,review,asset_field_change_candidate,ast_3fc53b50b636,A112607001,country_code,국내/해외,country_code,OVERSEAS,,,not_checked,,Review. Some address/physical fields may intentionally differ after geocode/API cleanup.
asset_master,review,asset_field_change_candidate,ast_6c274653ed0b,A112608001,business_stage,사업단계,business_stage,개발,,,pending,,Review. Some address/physical fields may intentionally differ after geocode/API cleanup.
asset_master,review,asset_field_change_candidate,ast_6c274653ed0b,A112608001,portfolio_region,투자지역,portfolio_region,대한민국,,,pending,,Review. Some address/physical fields may intentionally differ after geocode/API cleanup.
asset_master,review,asset_field_change_candidate,ast_6c274653ed0b,A112608001,country_code,국내/해외,country_code,KR,,,pending,,Review. Some address/physical fields may intentionally differ after geocode/API cleanup.
asset_master,review,asset_field_change_candidate,ast_2ab8e79a6c7d,A112611001,business_stage,사업단계,business_stage,부실,,,pending,,Review. Some address/physical fields may intentionally differ after geocode/API cleanup.
asset_master,review,asset_field_change_candidate,ast_2ab8e79a6c7d,A112611001,portfolio_region,투자지역,portfolio_region,대한민국,,,pending,,Review. Some address/physical fields may intentionally differ after geocode/API cleanup.
asset_master,review,asset_field_change_candidate,ast_ee5b4d0511ec,A112611002,canonical_name,자산(건물)명,canonical_name,구리 수택동 오피스텔 사업부지,구리시 수택동 주거용 오피스텔 (투자),,found,BldRgstHubService.getBrTitleInfo,Review. Some address/physical fields may intentionally differ after geocode/API cleanup.
asset_master,review,asset_field_change_candidate,ast_ee5b4d0511ec,A112611002,address_text,"전체주소(시/도, 구/군 포함)",address_text,경기도 구리시 수택동 370 외 4필지,경기도 구리시 수택동 370,,found,BldRgstHubService.getBrTitleInfo,Review. Some address/physical fields may intentionally differ after geocode/API cleanup.
asset_master,review,asset_field_change_candidate,ast_ee5b4d0511ec,A112611002,business_stage,사업단계,business_stage,부실,,,found,BldRgstHubService.getBrTitleInfo,Review. Some address/physical fields may intentionally differ after geocode/API cleanup.
asset_master,review,asset_field_change_candidate,ast_ee5b4d0511ec,A112611002,portfolio_region,투자지역,portfolio_region,대한민국,,,found,BldRgstHubService.getBrTitleInfo,Review. Some address/physical fields may intentionally differ after geocode/API cleanup.
asset_master,review,asset_field_change_candidate,ast_ee5b4d0511ec,A112611002,site_area,토지면적(㎡),site_area,,1957,,found,BldRgstHubService.getBrTitleInfo,Physical fields may be API-enriched. Review provenance before overwriting.
asset_master,review,asset_field_change_candidate,ast_ee5b4d0511ec,A112611002,parking,주차대수,parking,,옥내 0 / 옥외 23,,found,BldRgstHubService.getBrTitleInfo,Review. Some address/physical fields may intentionally differ after geocode/API cleanup.
asset_master,review,asset_field_change_candidate,ast_37199617fe59,A112611003,business_stage,사업단계,business_stage,부실,,,pending,,Review. Some address/physical fields may intentionally differ after geocode/API cleanup.
asset_master,review,asset_field_change_candidate,ast_37199617fe59,A112611003,portfolio_region,투자지역,portfolio_region,대한민국,,,pending,,Review. Some address/physical fields may intentionally differ after geocode/API cleanup.
asset_master,review,asset_field_change_candidate,ast_37199617fe59,A112611003,country_code,국내/해외,country_code,KR,,,pending,,Review. Some address/physical fields may intentionally differ after geocode/API cleanup.
asset_master,review,asset_field_change_candidate,ast_cd9937cc8678,A112614001,business_stage,사업단계,business_stage,개발,,,not_checked,,Review. Some address/physical fields may intentionally differ after geocode/API cleanup.
asset_master,review,asset_field_change_candidate,ast_cd9937cc8678,A112614001,portfolio_region,투자지역,portfolio_region,대한민국,,,not_checked,,Review. Some address/physical fields may intentionally differ after geocode/API cleanup.
asset_master,review,asset_field_change_candidate,ast_cd9937cc8678,A112614001,country_code,국내/해외,country_code,KR,,,not_checked,,Review. Some address/physical fields may intentionally differ after geocode/API cleanup.
asset_master,review,asset_field_change_candidate,ast_386a43afd1af,A112616001,business_stage,사업단계,business_stage,운영/실물,,,not_checked,,Review. Some address/physical fields may intentionally differ after geocode/API cleanup.
asset_master,review,asset_field_change_candidate,ast_386a43afd1af,A112616001,portfolio_region,투자지역,portfolio_region,대한민국,,,not_checked,,Review. Some address/physical fields may intentionally differ after geocode/API cleanup.
asset_master,review,asset_field_change_candidate,ast_391dd76fd3b8,A112617001,portfolio_region,투자지역,portfolio_region,북미,,,not_checked,,Review. Some address/physical fields may intentionally differ after geocode/API cleanup.
asset_master,review,asset_field_change_candidate,ast_391dd76fd3b8,A112617001,country_code,국내/해외,country_code,OVERSEAS,,,not_checked,,Review. Some address/physical fields may intentionally differ after geocode/API cleanup.
asset_master,review,asset_field_change_candidate,ast_e8ad3281d39e,A112618001,portfolio_region,투자지역,portfolio_region,북미,,,not_checked,,Review. Some address/physical fields may intentionally differ after geocode/API cleanup.
asset_master,review,asset_field_change_candidate,ast_e8ad3281d39e,A112618001,country_code,국내/해외,country_code,OVERSEAS,,,not_checked,,Review. Some address/physical fields may intentionally differ after geocode/API cleanup.
asset_master,review,asset_field_change_candidate,ast_fc9a53f384d8,A112619001,portfolio_region,투자지역,portfolio_region,북미,,,not_checked,,Review. Some address/physical fields may intentionally differ after geocode/API cleanup.
asset_master,review,asset_field_change_candidate,ast_fc9a53f384d8,A112619001,country_code,국내/해외,country_code,OVERSEAS,,,not_checked,,Review. Some address/physical fields may intentionally differ after geocode/API cleanup.
asset_master,review,asset_field_change_candidate,ast_d21464a17e8c,A112621001,business_stage,사업단계,business_stage,운영/실물,,,not_checked,,Review. Some address/physical fields may intentionally differ after geocode/API cleanup.
asset_master,review,asset_field_change_candidate,ast_d21464a17e8c,A112621001,portfolio_region,투자지역,portfolio_region,북미,,,not_checked,,Review. Some address/physical fields may intentionally differ after geocode/API cleanup.
asset_master,review,asset_field_change_candidate,ast_d21464a17e8c,A112621001,country_code,국내/해외,country_code,OVERSEAS,,,not_checked,,Review. Some address/physical fields may intentionally differ after geocode/API cleanup.
asset_master,review,asset_field_change_candidate,ast_9dae37d9ddc4,A112626001,portfolio_region,투자지역,portfolio_region,글로벌,,,not_checked,,Review. Some address/physical fields may intentionally differ after geocode/API cleanup.
asset_master,review,asset_field_change_candidate,ast_9dae37d9ddc4,A112626001,country_code,국내/해외,country_code,OVERSEAS,,,not_checked,,Review. Some address/physical fields may intentionally differ after geocode/API cleanup.
asset_master,review,asset_field_change_candidate,ast_8485bd818e1d,A112629001,portfolio_region,투자지역,portfolio_region,대한민국,,,not_checked,,Review. Some address/physical fields may intentionally differ after geocode/API cleanup.
asset_master,review,asset_field_change_candidate,ast_8485bd818e1d,A112629001,country_code,국내/해외,country_code,KR,,,not_checked,,Review. Some address/physical fields may intentionally differ after geocode/API cleanup.
asset_master,review,asset_field_change_candidate,ast_559d02c0218e,A112640001,business_stage,사업단계,business_stage,개발,,,pending,,Review. Some address/physical fields may intentionally differ after geocode/API cleanup.
asset_master,review,asset_field_change_candidate,ast_559d02c0218e,A112640001,portfolio_region,투자지역,portfolio_region,대한민국,,,pending,,Review. Some address/physical fields may intentionally differ after geocode/API cleanup.
asset_master,review,asset_field_change_candidate,ast_559d02c0218e,A112640001,country_code,국내/해외,country_code,KR,,,pending,,Review. Some address/physical fields may intentionally differ after geocode/API cleanup.
asset_master,review,asset_field_change_candidate,ast_508cc8fee1ee,A112641001,business_stage,사업단계,business_stage,개발,,,not_checked,,Review. Some address/physical fields may intentionally differ after geocode/API cleanup.
asset_master,review,asset_field_change_candidate,ast_508cc8fee1ee,A112641001,portfolio_region,투자지역,portfolio_region,대한민국,,,not_checked,,Review. Some address/physical fields may intentionally differ after geocode/API cleanup.
asset_master,review,asset_field_change_candidate,ast_109318d66df6,A112642001,business_stage,사업단계,business_stage,운영/실물,,,pending,building_cache.json,Review. Some address/physical fields may intentionally differ after geocode/API cleanup.
asset_master,review,asset_field_change_candidate,ast_109318d66df6,A112642001,portfolio_region,투자지역,portfolio_region,대한민국,,,pending,building_cache.json,Review. Some address/physical fields may intentionally differ after geocode/API cleanup.
asset_master,review,asset_field_change_candidate,ast_109318d66df6,A112642001,site_area,토지면적(㎡),site_area,,0,,pending,building_cache.json,Physical fields may be API-enriched. Review provenance before overwriting.
asset_master,review,asset_field_change_candidate,ast_109318d66df6,A112642001,parking,주차대수,parking,,옥내 0 / 옥외 0,,pending,building_cache.json,Review. Some address/physical fields may intentionally differ after geocode/API cleanup.
asset_master,review,asset_field_change_candidate,ast_71e4c2f1e642,A112645001,portfolio_region,투자지역,portfolio_region,북미,,,not_checked,,Review. Some address/physical fields may intentionally differ after geocode/API cleanup.
asset_master,review,asset_field_change_candidate,ast_71e4c2f1e642,A112645001,country_code,국내/해외,country_code,OVERSEAS,,,not_checked,,Review. Some address/physical fields may intentionally differ after geocode/API cleanup.
asset_master,review,asset_field_change_candidate,ast_08c6f4e86f22,A112646001,portfolio_region,투자지역,portfolio_region,대한민국,,,pending,,Review. Some address/physical fields may intentionally differ after geocode/API cleanup.
asset_master,review,asset_field_change_candidate,ast_08c6f4e86f22,A112646001,country_code,국내/해외,country_code,KR,,,pending,,Review. Some address/physical fields may intentionally differ after geocode/API cleanup.
asset_master,review,asset_field_change_candidate,ast_576c45603803,A112647001,portfolio_region,투자지역,portfolio_region,대한민국,,,not_checked,,Review. Some address/physical fields may intentionally differ after geocode/API cleanup.
asset_master,review,asset_field_change_candidate,ast_576c45603803,A112647001,country_code,국내/해외,country_code,KR,,,not_checked,,Review. Some address/physical fields may intentionally differ after geocode/API cleanup.
asset_master,review,asset_field_change_candidate,ast_3ad28593fd5f,A112648001,portfolio_region,투자지역,portfolio_region,유럽,,,not_checked,,Review. Some address/physical fields may intentionally differ after geocode/API cleanup.
asset_master,review,asset_field_change_candidate,ast_3ad28593fd5f,A112648001,country_code,국내/해외,country_code,OVERSEAS,,,not_checked,,Review. Some address/physical fields may intentionally differ after geocode/API cleanup.
asset_master,review,asset_field_change_candidate,ast_f2e00117756f,A112649001,address_text,"전체주소(시/도, 구/군 포함)",address_text,부산광역시 부산진구 중앙대로 639,범천동 863-1,,found,BldRgstHubService.getBrTitleInfo,Review. Some address/physical fields may intentionally differ after geocode/API cleanup.
asset_master,review,asset_field_change_candidate,ast_f2e00117756f,A112649001,business_stage,사업단계,business_stage,운영/실물,,,found,BldRgstHubService.getBrTitleInfo,Review. Some address/physical fields may intentionally differ after geocode/API cleanup.
asset_master,review,asset_field_change_candidate,ast_f2e00117756f,A112649001,portfolio_region,투자지역,portfolio_region,대한민국,,,found,BldRgstHubService.getBrTitleInfo,Review. Some address/physical fields may intentionally differ after geocode/API cleanup.
asset_master,review,asset_field_change_candidate,ast_f2e00117756f,A112649001,site_area,토지면적(㎡),site_area,,3694,,found,BldRgstHubService.getBrTitleInfo,Physical fields may be API-enriched. Review provenance before overwriting.
asset_master,review,asset_field_change_candidate,ast_f2e00117756f,A112649001,parking,주차대수,parking,,옥내 102 / 옥외 8,,found,BldRgstHubService.getBrTitleInfo,Review. Some address/physical fields may intentionally differ after geocode/API cleanup.
asset_master,review,asset_field_change_candidate,ast_42cb4269408f,A112653001,business_stage,사업단계,business_stage,부실,,,not_checked,,Review. Some address/physical fields may intentionally differ after geocode/API cleanup.
asset_master,review,asset_field_change_candidate,ast_42cb4269408f,A112653001,portfolio_region,투자지역,portfolio_region,대한민국,,,not_checked,,Review. Some address/physical fields may intentionally differ after geocode/API cleanup.
asset_master,review,asset_field_change_candidate,ast_e4475dc34369,A112656001,business_stage,사업단계,business_stage,개발,,,pending,,Review. Some address/physical fields may intentionally differ after geocode/API cleanup.
asset_master,review,asset_field_change_candidate,ast_e4475dc34369,A112656001,portfolio_region,투자지역,portfolio_region,대한민국,,,pending,,Review. Some address/physical fields may intentionally differ after geocode/API cleanup.
asset_master,review,asset_field_change_candidate,ast_92af696ba01e,A112657001,portfolio_region,투자지역,portfolio_region,북미,,,not_checked,,Review. Some address/physical fields may intentionally differ after geocode/API cleanup.
asset_master,review,asset_field_change_candidate,ast_92af696ba01e,A112657001,country_code,국내/해외,country_code,OVERSEAS,,,not_checked,,Review. Some address/physical fields may intentionally differ after geocode/API cleanup.
asset_master,review,asset_field_change_candidate,ast_a151fc2d6f8f,A112658001,business_stage,사업단계,business_stage,운영/실물,,,not_checked,,Review. Some address/physical fields may intentionally differ after geocode/API cleanup.
asset_master,review,asset_field_change_candidate,ast_a151fc2d6f8f,A112658001,portfolio_region,투자지역,portfolio_region,북미,,,not_checked,,Review. Some address/physical fields may intentionally differ after geocode/API cleanup.
asset_master,review,asset_field_change_candidate,ast_a151fc2d6f8f,A112658001,country_code,국내/해외,country_code,OVERSEAS,,,not_checked,,Review. Some address/physical fields may intentionally differ after geocode/API cleanup.
asset_master,review,asset_field_change_candidate,ast_2e084a75011d,A112662001,business_stage,사업단계,business_stage,운영/실물,,,not_checked,,Review. Some address/physical fields may intentionally differ after geocode/API cleanup.
asset_master,review,asset_field_change_candidate,ast_2e084a75011d,A112662001,portfolio_region,투자지역,portfolio_region,북미,,,not_checked,,Review. Some address/physical fields may intentionally differ after geocode/API cleanup.
asset_master,review,asset_field_change_candidate,ast_2e084a75011d,A112662001,country_code,국내/해외,country_code,OVERSEAS,,,not_checked,,Review. Some address/physical fields may intentionally differ after geocode/API cleanup.
asset_master,review,asset_field_change_candidate,ast_92f36c01f427,A112663001,business_stage,사업단계,business_stage,운영/실물,,,not_checked,,Review. Some address/physical fields may intentionally differ after geocode/API cleanup.
asset_master,review,asset_field_change_candidate,ast_92f36c01f427,A112663001,portfolio_region,투자지역,portfolio_region,북미,,,not_checked,,Review. Some address/physical fields may intentionally differ after geocode/API cleanup.
asset_master,review,asset_field_change_candidate,ast_92f36c01f427,A112663001,country_code,국내/해외,country_code,OVERSEAS,,,not_checked,,Review. Some address/physical fields may intentionally differ after geocode/API cleanup.
asset_master,review,asset_field_change_candidate,ast_428853fb1dec,A112664001,canonical_name,자산(건물)명,canonical_name,글로벌 리츠,Global REITs(삼성OCIO),,not_checked,,Review. Some address/physical fields may intentionally differ after geocode/API cleanup.
asset_master,review,asset_field_change_candidate,ast_428853fb1dec,A112664001,portfolio_region,투자지역,portfolio_region,글로벌,,,not_checked,,Review. Some address/physical fields may intentionally differ after geocode/API cleanup.
asset_master,review,asset_field_change_candidate,ast_428853fb1dec,A112664001,country_code,국내/해외,country_code,OVERSEAS,,,not_checked,,Review. Some address/physical fields may intentionally differ after geocode/API cleanup.
asset_master,review,asset_field_change_candidate,ast_b1bc52e1340b,A112665001,portfolio_region,투자지역,portfolio_region,유럽,,,not_checked,,Review. Some address/physical fields may intentionally differ after geocode/API cleanup.
asset_master,review,asset_field_change_candidate,ast_b1bc52e1340b,A112665001,country_code,국내/해외,country_code,OVERSEAS,,,not_checked,,Review. Some address/physical fields may intentionally differ after geocode/API cleanup.
asset_master,review,asset_field_change_candidate,ast_586b7ab8eae7,A112666001,business_stage,사업단계,business_stage,운영/실물,,,found,BldRgstHubService.getBrTitleInfo,Review. Some address/physical fields may intentionally differ after geocode/API cleanup.
asset_master,review,asset_field_change_candidate,ast_586b7ab8eae7,A112666001,portfolio_region,투자지역,portfolio_region,대한민국,,,found,BldRgstHubService.getBrTitleInfo,Review. Some address/physical fields may intentionally differ after geocode/API cleanup.
asset_master,review,asset_field_change_candidate,ast_586b7ab8eae7,A112666001,country_code,국내/해외,country_code,KR,,,found,BldRgstHubService.getBrTitleInfo,Review. Some address/physical fields may intentionally differ after geocode/API cleanup.
asset_master,review,asset_field_change_candidate,ast_586b7ab8eae7,A112666001,site_area,토지면적(㎡),site_area,,0,,found,BldRgstHubService.getBrTitleInfo,Physical fields may be API-enriched. Review provenance before overwriting.
asset_master,review,asset_field_change_candidate,ast_586b7ab8eae7,A112666001,parking,주차대수,parking,,옥내 0 / 옥외 42,,found,BldRgstHubService.getBrTitleInfo,Review. Some address/physical fields may intentionally differ after geocode/API cleanup.
asset_master,review,asset_field_change_candidate,ast_55e5920ab1cd,A112666002,portfolio_region,투자지역,portfolio_region,대한민국,,,pending,,Review. Some address/physical fields may intentionally differ after geocode/API cleanup.
asset_master,review,asset_field_change_candidate,ast_05fbe6b353fb,A112666003,portfolio_region,투자지역,portfolio_region,대한민국,,,pending,,Review. Some address/physical fields may intentionally differ after geocode/API cleanup.
asset_master,review,asset_field_change_candidate,ast_7f15dadaebbf,A112666004,business_stage,사업단계,business_stage,운영/실물,,,found,BldRgstHubService.getBrTitleInfo,Review. Some address/physical fields may intentionally differ after geocode/API cleanup.
asset_master,review,asset_field_change_candidate,ast_7f15dadaebbf,A112666004,portfolio_region,투자지역,portfolio_region,대한민국,,,found,BldRgstHubService.getBrTitleInfo,Review. Some address/physical fields may intentionally differ after geocode/API cleanup.
asset_master,review,asset_field_change_candidate,ast_7f15dadaebbf,A112666004,country_code,국내/해외,country_code,KR,,,found,BldRgstHubService.getBrTitleInfo,Review. Some address/physical fields may intentionally differ after geocode/API cleanup.
asset_master,review,asset_field_change_candidate,ast_7f15dadaebbf,A112666004,site_area,토지면적(㎡),site_area,,2132,,found,BldRgstHubService.getBrTitleInfo,Physical fields may be API-enriched. Review provenance before overwriting.
asset_master,review,asset_field_change_candidate,ast_7f15dadaebbf,A112666004,parking,주차대수,parking,,옥내 239 / 옥외 0,,found,BldRgstHubService.getBrTitleInfo,Review. Some address/physical fields may intentionally differ after geocode/API cleanup.
asset_master,review,asset_field_change_candidate,ast_0d7b28ca87e1,A112666005,portfolio_region,투자지역,portfolio_region,대한민국,,,pending,,Review. Some address/physical fields may intentionally differ after geocode/API cleanup.
asset_master,review,asset_field_change_candidate,ast_9ea926bd721a,A112667001,portfolio_region,투자지역,portfolio_region,유럽,,,not_checked,,Review. Some address/physical fields may intentionally differ after geocode/API cleanup.
asset_master,review,asset_field_change_candidate,ast_9ea926bd721a,A112667001,country_code,국내/해외,country_code,OVERSEAS,,,not_checked,,Review. Some address/physical fields may intentionally differ after geocode/API cleanup.
asset_master,review,asset_field_change_candidate,ast_d6bd6b33e12b,A112668001,portfolio_region,투자지역,portfolio_region,유럽,,,not_checked,,Review. Some address/physical fields may intentionally differ after geocode/API cleanup.
asset_master,review,asset_field_change_candidate,ast_d6bd6b33e12b,A112668001,country_code,국내/해외,country_code,OVERSEAS,,,not_checked,,Review. Some address/physical fields may intentionally differ after geocode/API cleanup.
asset_master,review,asset_field_change_candidate,ast_0bab0f479396,A112669001,business_stage,사업단계,business_stage,개발,,,pending,,Review. Some address/physical fields may intentionally differ after geocode/API cleanup.
asset_master,review,asset_field_change_candidate,ast_0bab0f479396,A112669001,portfolio_region,투자지역,portfolio_region,대한민국,,,pending,,Review. Some address/physical fields may intentionally differ after geocode/API cleanup.
asset_master,review,asset_field_change_candidate,ast_0bab0f479396,A112669001,country_code,국내/해외,country_code,KR,,,pending,,Review. Some address/physical fields may intentionally differ after geocode/API cleanup.
asset_master,review,asset_field_change_candidate,ast_431f0dbd0f1f,A112672001,business_stage,사업단계,business_stage,개발,,,not_checked,,Review. Some address/physical fields may intentionally differ after geocode/API cleanup.
asset_master,review,asset_field_change_candidate,ast_431f0dbd0f1f,A112672001,portfolio_region,투자지역,portfolio_region,대한민국,,,not_checked,,Review. Some address/physical fields may intentionally differ after geocode/API cleanup.
asset_master,review,asset_field_change_candidate,ast_431f0dbd0f1f,A112672001,country_code,국내/해외,country_code,KR,,,not_checked,,Review. Some address/physical fields may intentionally differ after geocode/API cleanup.
asset_master,review,asset_field_change_candidate,ast_c73013f20dc6,A112679001,business_stage,사업단계,business_stage,밸류애드,,,not_checked,,Review. Some address/physical fields may intentionally differ after geocode/API cleanup.
asset_master,review,asset_field_change_candidate,ast_c73013f20dc6,A112679001,portfolio_region,투자지역,portfolio_region,대한민국,,,not_checked,,Review. Some address/physical fields may intentionally differ after geocode/API cleanup.
asset_master,review,asset_field_change_candidate,ast_c73013f20dc6,A112679001,country_code,국내/해외,country_code,KR,,,not_checked,,Review. Some address/physical fields may intentionally differ after geocode/API cleanup.
asset_master,review,asset_field_change_candidate,ast_9ecfbd60d856,A112680001,business_stage,사업단계,business_stage,밸류애드,,,found,BldRgstHubService.getBrTitleInfo,Review. Some address/physical fields may intentionally differ after geocode/API cleanup.
asset_master,review,asset_field_change_candidate,ast_9ecfbd60d856,A112680001,portfolio_region,투자지역,portfolio_region,대한민국,,,found,BldRgstHubService.getBrTitleInfo,Review. Some address/physical fields may intentionally differ after geocode/API cleanup.
asset_master,review,asset_field_change_candidate,ast_9ecfbd60d856,A112680001,site_area,토지면적(㎡),site_area,,25757,,found,BldRgstHubService.getBrTitleInfo,Physical fields may be API-enriched. Review provenance before overwriting.
asset_master,review,asset_field_change_candidate,ast_e3a8955cec50,A112682001,business_stage,사업단계,business_stage,밸류애드,,,not_checked,,Review. Some address/physical fields may intentionally differ after geocode/API cleanup.
asset_master,review,asset_field_change_candidate,ast_e3a8955cec50,A112682001,portfolio_region,투자지역,portfolio_region,대한민국,,,not_checked,,Review. Some address/physical fields may intentionally differ after geocode/API cleanup.
asset_master,review,asset_field_change_candidate,ast_e3a8955cec50,A112682001,country_code,국내/해외,country_code,KR,,,not_checked,,Review. Some address/physical fields may intentionally differ after geocode/API cleanup.
asset_master,review,asset_field_change_candidate,ast_c644d28176a4,A112687001,address_text,"전체주소(시/도, 구/군 포함)",address_text,울산광역시 남구 신항로716번길 1(황성동),황성동 830,,found,BldRgstHubService.getBrTitleInfo,Review. Some address/physical fields may intentionally differ after geocode/API cleanup.
asset_master,review,asset_field_change_candidate,ast_c644d28176a4,A112687001,portfolio_region,투자지역,portfolio_region,대한민국,,,found,BldRgstHubService.getBrTitleInfo,Review. Some address/physical fields may intentionally differ after geocode/API cleanup.
asset_master,review,asset_field_change_candidate,ast_c644d28176a4,A112687001,gross_floor_area,연면적(m²),gross_floor_area,,7113,,found,BldRgstHubService.getBrTitleInfo,Physical fields may be API-enriched. Review provenance before overwriting.
asset_master,review,asset_field_change_candidate,ast_c644d28176a4,A112687001,site_area,토지면적(㎡),site_area,,0,,found,BldRgstHubService.getBrTitleInfo,Physical fields may be API-enriched. Review provenance before overwriting.
asset_master,review,asset_field_change_candidate,ast_c644d28176a4,A112687001,completion_date,준공(예정)일,completion_date,,2009-05-15,,found,BldRgstHubService.getBrTitleInfo,Review. Some address/physical fields may intentionally differ after geocode/API cleanup.
asset_master,review,asset_field_change_candidate,ast_c644d28176a4,A112687001,parking,주차대수,parking,,옥내 0 / 옥외 0,,found,BldRgstHubService.getBrTitleInfo,Review. Some address/physical fields may intentionally differ after geocode/API cleanup.
asset_master,review,asset_field_change_candidate,ast_a98062ccc3a8,A112690001,business_stage,사업단계,business_stage,운영/실물,,,found,BldRgstHubService.getBrTitleInfo,Review. Some address/physical fields may intentionally differ after geocode/API cleanup.
asset_master,review,asset_field_change_candidate,ast_a98062ccc3a8,A112690001,portfolio_region,투자지역,portfolio_region,대한민국,,,found,BldRgstHubService.getBrTitleInfo,Review. Some address/physical fields may intentionally differ after geocode/API cleanup.
asset_master,review,asset_field_change_candidate,ast_a98062ccc3a8,A112690001,site_area,토지면적(㎡),site_area,,3828,,found,BldRgstHubService.getBrTitleInfo,Physical fields may be API-enriched. Review provenance before overwriting.
asset_master,review,asset_field_change_candidate,ast_a98062ccc3a8,A112690001,parking,주차대수,parking,,옥내 407 / 옥외 0,,found,BldRgstHubService.getBrTitleInfo,Review. Some address/physical fields may intentionally differ after geocode/API cleanup.
asset_master,review,asset_field_change_candidate,ast_fdc6a46958de,A112693001,business_stage,사업단계,business_stage,밸류애드,,,not_checked,,Review. Some address/physical fields may intentionally differ after geocode/API cleanup.
asset_master,review,asset_field_change_candidate,ast_fdc6a46958de,A112693001,portfolio_region,투자지역,portfolio_region,대한민국,,,not_checked,,Review. Some address/physical fields may intentionally differ after geocode/API cleanup.
asset_master,review,asset_field_change_candidate,ast_fdc6a46958de,A112693001,country_code,국내/해외,country_code,KR,,,not_checked,,Review. Some address/physical fields may intentionally differ after geocode/API cleanup.
asset_master,review,asset_field_change_candidate,ast_7e206e73f6fa,A112694001,business_stage,사업단계,business_stage,밸류애드,,,not_checked,,Review. Some address/physical fields may intentionally differ after geocode/API cleanup.
asset_master,review,asset_field_change_candidate,ast_7e206e73f6fa,A112694001,portfolio_region,투자지역,portfolio_region,대한민국,,,not_checked,,Review. Some address/physical fields may intentionally differ after geocode/API cleanup.
asset_master,review,asset_field_change_candidate,ast_7e206e73f6fa,A112694001,country_code,국내/해외,country_code,KR,,,not_checked,,Review. Some address/physical fields may intentionally differ after geocode/API cleanup.
asset_master,review,asset_field_change_candidate,ast_c28b363f2b5a,A112699001,business_stage,사업단계,business_stage,운영/실물,,,found,BldRgstHubService.getBrTitleInfo,Review. Some address/physical fields may intentionally differ after geocode/API cleanup.
asset_master,review,asset_field_change_candidate,ast_c28b363f2b5a,A112699001,portfolio_region,투자지역,portfolio_region,대한민국,,,found,BldRgstHubService.getBrTitleInfo,Review. Some address/physical fields may intentionally differ after geocode/API cleanup.
asset_master,review,asset_field_change_candidate,ast_c28b363f2b5a,A112699001,country_code,국내/해외,country_code,KR,,,found,BldRgstHubService.getBrTitleInfo,Review. Some address/physical fields may intentionally differ after geocode/API cleanup.
asset_master,review,asset_field_change_candidate,ast_c28b363f2b5a,A112699001,gross_floor_area,연면적(m²),gross_floor_area,,32055,,found,BldRgstHubService.getBrTitleInfo,Physical fields may be API-enriched. Review provenance before overwriting.
asset_master,review,asset_field_change_candidate,ast_c28b363f2b5a,A112699001,site_area,토지면적(㎡),site_area,,2525,,found,BldRgstHubService.getBrTitleInfo,Physical fields may be API-enriched. Review provenance before overwriting.
asset_master,review,asset_field_change_candidate,ast_c28b363f2b5a,A112699001,parking,주차대수,parking,,옥내 305 / 옥외 0,,found,BldRgstHubService.getBrTitleInfo,Review. Some address/physical fields may intentionally differ after geocode/API cleanup.
asset_master,review,asset_field_change_candidate,ast_3b3b6275cb37,A112700001,business_stage,사업단계,business_stage,운영/실물,,,not_checked,,Review. Some address/physical fields may intentionally differ after geocode/API cleanup.
asset_master,review,asset_field_change_candidate,ast_3b3b6275cb37,A112700001,portfolio_region,투자지역,portfolio_region,대한민국,,,not_checked,,Review. Some address/physical fields may intentionally differ after geocode/API cleanup.
asset_master,review,asset_field_change_candidate,ast_3b3b6275cb37,A112700001,country_code,국내/해외,country_code,KR,,,not_checked,,Review. Some address/physical fields may intentionally differ after geocode/API cleanup.
asset_master,review,asset_field_change_candidate,ast_52adbb346181,A112703001,address_text,"전체주소(시/도, 구/군 포함)",address_text,경기도 안성시 원곡면 칠곡리 941번지,경기도 안성시 원곡면 칠곡리 941,,found,BldRgstHubService.getBrTitleInfo,Review. Some address/physical fields may intentionally differ after geocode/API cleanup.
asset_master,review,asset_field_change_candidate,ast_52adbb346181,A112703001,business_stage,사업단계,business_stage,운영/실물,,,found,BldRgstHubService.getBrTitleInfo,Review. Some address/physical fields may intentionally differ after geocode/API cleanup.
asset_master,review,asset_field_change_candidate,ast_52adbb346181,A112703001,portfolio_region,투자지역,portfolio_region,대한민국,,,found,BldRgstHubService.getBrTitleInfo,Review. Some address/physical fields may intentionally differ after geocode/API cleanup.
asset_master,review,asset_field_change_candidate,ast_52adbb346181,A112703001,site_area,토지면적(㎡),site_area,,0,,found,BldRgstHubService.getBrTitleInfo,Physical fields may be API-enriched. Review provenance before overwriting.
asset_master,review,asset_field_change_candidate,ast_52adbb346181,A112703001,parking,주차대수,parking,,옥내 0 / 옥외 0,,found,BldRgstHubService.getBrTitleInfo,Review. Some address/physical fields may intentionally differ after geocode/API cleanup.
asset_master,review,asset_field_change_candidate,ast_0011c54227b4,A112704001,business_stage,사업단계,business_stage,개발,,,not_checked,,Review. Some address/physical fields may intentionally differ after geocode/API cleanup.
asset_master,review,asset_field_change_candidate,ast_0011c54227b4,A112704001,portfolio_region,투자지역,portfolio_region,대한민국,,,not_checked,,Review. Some address/physical fields may intentionally differ after geocode/API cleanup.
asset_master,review,asset_field_change_candidate,ast_f2586dff03b4,A112708001,canonical_name,자산(건물)명,canonical_name,캐나다 물류중개업체 인수 관련 국내 SPC 대출채권,캐나다 물류중개업체 인수 관련 국내 SPC,,found,BldRgstHubService.getBrTitleInfo,Review. Some address/physical fields may intentionally differ after geocode/API cleanup.
asset_master,review,asset_field_change_candidate,ast_f2586dff03b4,A112708001,portfolio_region,투자지역,portfolio_region,대한민국,,,found,BldRgstHubService.getBrTitleInfo,Review. Some address/physical fields may intentionally differ after geocode/API cleanup.
asset_master,review,asset_field_change_candidate,ast_f2586dff03b4,A112708001,gross_floor_area,연면적(m²),gross_floor_area,,236869,,found,BldRgstHubService.getBrTitleInfo,Physical fields may be API-enriched. Review provenance before overwriting.
asset_master,review,asset_field_change_candidate,ast_f2586dff03b4,A112708001,site_area,토지면적(㎡),site_area,,0,,found,BldRgstHubService.getBrTitleInfo,Physical fields may be API-enriched. Review provenance before overwriting.
asset_master,review,asset_field_change_candidate,ast_f2586dff03b4,A112708001,completion_date,준공(예정)일,completion_date,,1989-11-03,,found,BldRgstHubService.getBrTitleInfo,Review. Some address/physical fields may intentionally differ after geocode/API cleanup.
asset_master,review,asset_field_change_candidate,ast_64ee5ce858e3,A112709001,portfolio_region,투자지역,portfolio_region,대한민국,,,not_checked,,Review. Some address/physical fields may intentionally differ after geocode/API cleanup.
asset_master,review,asset_field_change_candidate,ast_7ff36ba40390,A112709002,portfolio_region,투자지역,portfolio_region,대한민국,,,not_checked,,Review. Some address/physical fields may intentionally differ after geocode/API cleanup.
asset_master,review,asset_field_change_candidate,ast_62198587b5d3,A112709003,portfolio_region,투자지역,portfolio_region,대한민국,,,not_checked,,Review. Some address/physical fields may intentionally differ after geocode/API cleanup.
asset_master,review,asset_field_change_candidate,ast_c638ee6122ee,A112710001,portfolio_region,투자지역,portfolio_region,대한민국,,,not_checked,,Review. Some address/physical fields may intentionally differ after geocode/API cleanup.
asset_master,review,asset_field_change_candidate,ast_4eb70494f0e5,A112718001,portfolio_region,투자지역,portfolio_region,북미,,,not_checked,,Review. Some address/physical fields may intentionally differ after geocode/API cleanup.
asset_master,review,asset_field_change_candidate,ast_4eb70494f0e5,A112718001,country_code,국내/해외,country_code,OVERSEAS,,,not_checked,,Review. Some address/physical fields may intentionally differ after geocode/API cleanup.
asset_master,review,asset_field_change_candidate,ast_4eb70494f0e5,A112718001,parking,주차대수,parking,1092,,,not_checked,,Review. Some address/physical fields may intentionally differ after geocode/API cleanup.
asset_master,review,asset_field_change_candidate,ast_60101a85f070,A112719001,business_stage,사업단계,business_stage,개발,,,pending,,Review. Some address/physical fields may intentionally differ after geocode/API cleanup.
asset_master,review,asset_field_change_candidate,ast_60101a85f070,A112719001,portfolio_region,투자지역,portfolio_region,대한민국,,,pending,,Review. Some address/physical fields may intentionally differ after geocode/API cleanup.
asset_master,review,asset_field_change_candidate,ast_2235d1489ae1,A112720001,canonical_name,자산(건물)명,canonical_name,부천카스퀘어담보대출,부천카스퀘어,,found,BldRgstHubService.getBrTitleInfo,Review. Some address/physical fields may intentionally differ after geocode/API cleanup.
asset_master,review,asset_field_change_candidate,ast_2235d1489ae1,A112720001,business_stage,사업단계,business_stage,특수상황,,,found,BldRgstHubService.getBrTitleInfo,Review. Some address/physical fields may intentionally differ after geocode/API cleanup.
asset_master,review,asset_field_change_candidate,ast_2235d1489ae1,A112720001,portfolio_region,투자지역,portfolio_region,대한민국,,,found,BldRgstHubService.getBrTitleInfo,Review. Some address/physical fields may intentionally differ after geocode/API cleanup.
asset_master,review,asset_field_change_candidate,ast_2235d1489ae1,A112720001,gross_floor_area,연면적(m²),gross_floor_area,,87314,,found,BldRgstHubService.getBrTitleInfo,Physical fields may be API-enriched. Review provenance before overwriting.
asset_master,review,asset_field_change_candidate,ast_2235d1489ae1,A112720001,site_area,토지면적(㎡),site_area,,13330,,found,BldRgstHubService.getBrTitleInfo,Physical fields may be API-enriched. Review provenance before overwriting.
asset_master,review,asset_field_change_candidate,ast_2235d1489ae1,A112720001,completion_date,준공(예정)일,completion_date,,2016-06-30,,found,BldRgstHubService.getBrTitleInfo,Review. Some address/physical fields may intentionally differ after geocode/API cleanup.
asset_master,review,asset_field_change_candidate,ast_2235d1489ae1,A112720001,parking,주차대수,parking,,옥내 482 / 옥외 39,,found,BldRgstHubService.getBrTitleInfo,Review. Some address/physical fields may intentionally differ after geocode/API cleanup.
asset_master,review,asset_field_change_candidate,ast_cc2317cd4c2a,A112721001,business_stage,사업단계,business_stage,운영/실물,,,found,BldRgstHubService.getBrTitleInfo,Review. Some address/physical fields may intentionally differ after geocode/API cleanup.
asset_master,review,asset_field_change_candidate,ast_cc2317cd4c2a,A112721001,portfolio_region,투자지역,portfolio_region,대한민국,,,found,BldRgstHubService.getBrTitleInfo,Review. Some address/physical fields may intentionally differ after geocode/API cleanup.
asset_master,review,asset_field_change_candidate,ast_cc2317cd4c2a,A112721001,country_code,국내/해외,country_code,KR,,,found,BldRgstHubService.getBrTitleInfo,Review. Some address/physical fields may intentionally differ after geocode/API cleanup.
asset_master,review,asset_field_change_candidate,ast_cc2317cd4c2a,A112721001,site_area,토지면적(㎡),site_area,,54193,,found,BldRgstHubService.getBrTitleInfo,Physical fields may be API-enriched. Review provenance before overwriting.
asset_master,review,asset_field_change_candidate,ast_cc2317cd4c2a,A112721001,parking,주차대수,parking,,옥내 1093 / 옥외 30,,found,BldRgstHubService.getBrTitleInfo,Review. Some address/physical fields may intentionally differ after geocode/API cleanup.
asset_master,review,asset_field_change_candidate,ast_f812fe4f71e8,A112722001,portfolio_region,투자지역,portfolio_region,대한민국,,,not_checked,,Review. Some address/physical fields may intentionally differ after geocode/API cleanup.
asset_master,review,asset_field_change_candidate,ast_f812fe4f71e8,A112722001,country_code,국내/해외,country_code,KR,,,not_checked,,Review. Some address/physical fields may intentionally differ after geocode/API cleanup.
asset_master,review,asset_field_change_candidate,ast_86956579cab9,A112739001,portfolio_region,투자지역,portfolio_region,북미,,,not_checked,,Review. Some address/physical fields may intentionally differ after geocode/API cleanup.
asset_master,review,asset_field_change_candidate,ast_86956579cab9,A112739001,country_code,국내/해외,country_code,OVERSEAS,,,not_checked,,Review. Some address/physical fields may intentionally differ after geocode/API cleanup.
asset_master,review,asset_field_change_candidate,ast_751de8bd6b77,A112740001,portfolio_region,투자지역,portfolio_region,대한민국,,,not_checked,,Review. Some address/physical fields may intentionally differ after geocode/API cleanup.
asset_master,review,asset_field_change_candidate,ast_62dfd826ce2e,A112744001,portfolio_region,투자지역,portfolio_region,대한민국,,,not_checked,,Review. Some address/physical fields may intentionally differ after geocode/API cleanup.
asset_master,review,asset_field_change_candidate,ast_62dfd826ce2e,A112744001,country_code,국내/해외,country_code,KR,,,not_checked,,Review. Some address/physical fields may intentionally differ after geocode/API cleanup.
asset_master,review,asset_field_change_candidate,ast_512881449c97,A112748001,business_stage,사업단계,business_stage,개발,,,pending,,Review. Some address/physical fields may intentionally differ after geocode/API cleanup.
asset_master,review,asset_field_change_candidate,ast_512881449c97,A112748001,portfolio_region,투자지역,portfolio_region,대한민국,,,pending,,Review. Some address/physical fields may intentionally differ after geocode/API cleanup.
asset_master,review,asset_field_change_candidate,ast_512881449c97,A112748001,country_code,국내/해외,country_code,KR,,,pending,,Review. Some address/physical fields may intentionally differ after geocode/API cleanup.
asset_master,review,asset_field_change_candidate,ast_ee89bc12bfd3,A112751001,business_stage,사업단계,business_stage,운영/실물,,,found,BldRgstHubService.getBrTitleInfo,Review. Some address/physical fields may intentionally differ after geocode/API cleanup.
asset_master,review,asset_field_change_candidate,ast_ee89bc12bfd3,A112751001,portfolio_region,투자지역,portfolio_region,대한민국,,,found,BldRgstHubService.getBrTitleInfo,Review. Some address/physical fields may intentionally differ after geocode/API cleanup.
asset_master,review,asset_field_change_candidate,ast_ee89bc12bfd3,A112751001,site_area,토지면적(㎡),site_area,,54193,,found,BldRgstHubService.getBrTitleInfo,Physical fields may be API-enriched. Review provenance before overwriting.
asset_master,review,asset_field_change_candidate,ast_ee89bc12bfd3,A112751001,parking,주차대수,parking,,옥내 1093 / 옥외 30,,found,BldRgstHubService.getBrTitleInfo,Review. Some address/physical fields may intentionally differ after geocode/API cleanup.
asset_master,review,asset_field_change_candidate,ast_9493e4e1b242,A112755001,business_stage,사업단계,business_stage,운영/실물,,,found,BldRgstHubService.getBrTitleInfo,Review. Some address/physical fields may intentionally differ after geocode/API cleanup.
asset_master,review,asset_field_change_candidate,ast_9493e4e1b242,A112755001,portfolio_region,투자지역,portfolio_region,대한민국,,,found,BldRgstHubService.getBrTitleInfo,Review. Some address/physical fields may intentionally differ after geocode/API cleanup.
asset_master,review,asset_field_change_candidate,ast_9493e4e1b242,A112755001,site_area,토지면적(㎡),site_area,,47029,,found,BldRgstHubService.getBrTitleInfo,Physical fields may be API-enriched. Review provenance before overwriting.
asset_master,review,asset_field_change_candidate,ast_9493e4e1b242,A112755001,parking,주차대수,parking,,옥내 0 / 옥외 185,,found,BldRgstHubService.getBrTitleInfo,Review. Some address/physical fields may intentionally differ after geocode/API cleanup.
asset_master,review,asset_field_change_candidate,ast_922b652f9355,A112756001,portfolio_region,투자지역,portfolio_region,대한민국,,,not_checked,,Review. Some address/physical fields may intentionally differ after geocode/API cleanup.
asset_master,review,asset_field_change_candidate,ast_922b652f9355,A112756001,country_code,국내/해외,country_code,혼합,,,not_checked,,Review. Some address/physical fields may intentionally differ after geocode/API cleanup.
asset_master,review,asset_field_change_candidate,ast_ada848d413b9,A112763001,portfolio_region,투자지역,portfolio_region,대한민국,,,not_checked,,Review. Some address/physical fields may intentionally differ after geocode/API cleanup.
asset_master,review,asset_field_change_candidate,ast_636fb46b115d,A112774001,portfolio_region,투자지역,portfolio_region,대한민국,,,not_checked,,Review. Some address/physical fields may intentionally differ after geocode/API cleanup.
asset_master,review,asset_field_change_candidate,ast_3378eefd074e,A112778001,business_stage,사업단계,business_stage,운영/실물,,,found,BldRgstHubService.getBrTitleInfo,Review. Some address/physical fields may intentionally differ after geocode/API cleanup.
asset_master,review,asset_field_change_candidate,ast_3378eefd074e,A112778001,portfolio_region,투자지역,portfolio_region,대한민국,,,found,BldRgstHubService.getBrTitleInfo,Review. Some address/physical fields may intentionally differ after geocode/API cleanup.
asset_master,review,asset_field_change_candidate,ast_3378eefd074e,A112778001,gross_floor_area,연면적(m²),gross_floor_area,,36207500,,found,BldRgstHubService.getBrTitleInfo,Physical fields may be API-enriched. Review provenance before overwriting.
asset_master,review,asset_field_change_candidate,ast_3378eefd074e,A112778001,site_area,토지면적(㎡),site_area,,1988,,found,BldRgstHubService.getBrTitleInfo,Physical fields may be API-enriched. Review provenance before overwriting.
asset_master,review,asset_field_change_candidate,ast_3378eefd074e,A112778001,completion_date,준공(예정)일,completion_date,,2009-03-02,,found,BldRgstHubService.getBrTitleInfo,Review. Some address/physical fields may intentionally differ after geocode/API cleanup.
asset_master,review,asset_field_change_candidate,ast_3378eefd074e,A112778001,parking,주차대수,parking,,옥내 278 / 옥외 0,,found,BldRgstHubService.getBrTitleInfo,Review. Some address/physical fields may intentionally differ after geocode/API cleanup.
asset_master,review,asset_field_change_candidate,ast_64e52adcf2aa,A112781001,portfolio_region,투자지역,portfolio_region,대한민국,,,not_checked,,Review. Some address/physical fields may intentionally differ after geocode/API cleanup.
asset_master,review,asset_field_change_candidate,ast_64e52adcf2aa,A112781001,country_code,국내/해외,country_code,KR,,,not_checked,,Review. Some address/physical fields may intentionally differ after geocode/API cleanup.
asset_master,review,asset_field_change_candidate,ast_3f8a65592274,A112782001,portfolio_region,투자지역,portfolio_region,대한민국,,,not_checked,,Review. Some address/physical fields may intentionally differ after geocode/API cleanup.
asset_master,review,asset_field_change_candidate,ast_0098d2fecd62,A112785001,business_stage,사업단계,business_stage,운영/실물,,,found,BldRgstHubService.getBrTitleInfo,Review. Some address/physical fields may intentionally differ after geocode/API cleanup.
asset_master,review,asset_field_change_candidate,ast_0098d2fecd62,A112785001,portfolio_region,투자지역,portfolio_region,대한민국,,,found,BldRgstHubService.getBrTitleInfo,Review. Some address/physical fields may intentionally differ after geocode/API cleanup.
asset_master,review,asset_field_change_candidate,ast_0098d2fecd62,A112785001,site_area,토지면적(㎡),site_area,,4268,,found,BldRgstHubService.getBrTitleInfo,Physical fields may be API-enriched. Review provenance before overwriting.
asset_master,review,asset_field_change_candidate,ast_0098d2fecd62,A112785001,parking,주차대수,parking,,옥내 49 / 옥외 19,,found,BldRgstHubService.getBrTitleInfo,Review. Some address/physical fields may intentionally differ after geocode/API cleanup.
asset_master,review,asset_field_change_candidate,ast_4d5bc767dcc2,A112790001,portfolio_region,투자지역,portfolio_region,글로벌,,,not_checked,,Review. Some address/physical fields may intentionally differ after geocode/API cleanup.
asset_master,review,asset_field_change_candidate,ast_4d5bc767dcc2,A112790001,country_code,국내/해외,country_code,OVERSEAS,,,not_checked,,Review. Some address/physical fields may intentionally differ after geocode/API cleanup.
asset_master,review,asset_field_change_candidate,ast_136a3a7abf72,A112795001,portfolio_region,투자지역,portfolio_region,글로벌,,,not_checked,,Review. Some address/physical fields may intentionally differ after geocode/API cleanup.
asset_master,review,asset_field_change_candidate,ast_136a3a7abf72,A112795001,country_code,국내/해외,country_code,OVERSEAS,,,not_checked,,Review. Some address/physical fields may intentionally differ after geocode/API cleanup.
asset_master,review,asset_field_change_candidate,ast_c90a7683fe0a,A112798001,portfolio_region,투자지역,portfolio_region,대한민국,,,not_checked,,Review. Some address/physical fields may intentionally differ after geocode/API cleanup.
asset_master,review,asset_field_change_candidate,ast_064b41e30c94,A112802001,business_stage,사업단계,business_stage,개발,,,pending,,Review. Some address/physical fields may intentionally differ after geocode/API cleanup.
asset_master,review,asset_field_change_candidate,ast_064b41e30c94,A112802001,portfolio_region,투자지역,portfolio_region,대한민국,,,pending,,Review. Some address/physical fields may intentionally differ after geocode/API cleanup.
asset_master,review,asset_field_change_candidate,ast_484614a2c1b3,A112803001,portfolio_region,투자지역,portfolio_region,유럽,,,not_checked,,Review. Some address/physical fields may intentionally differ after geocode/API cleanup.
asset_master,review,asset_field_change_candidate,ast_484614a2c1b3,A112803001,country_code,국내/해외,country_code,OVERSEAS,,,not_checked,,Review. Some address/physical fields may intentionally differ after geocode/API cleanup.
asset_master,review,asset_field_change_candidate,ast_7eff2061d2c1,A120008001,business_stage,사업단계,business_stage,운영/실물,,,not_checked,,Review. Some address/physical fields may intentionally differ after geocode/API cleanup.
asset_master,review,asset_field_change_candidate,ast_7eff2061d2c1,A120008001,portfolio_region,투자지역,portfolio_region,대한민국,,,not_checked,,Review. Some address/physical fields may intentionally differ after geocode/API cleanup.
asset_master,review,asset_field_change_candidate,ast_74c87d399577,A120017001,business_stage,사업단계,business_stage,운영/실물,,,not_checked,,Review. Some address/physical fields may intentionally differ after geocode/API cleanup.
asset_master,review,asset_field_change_candidate,ast_74c87d399577,A120017001,portfolio_region,투자지역,portfolio_region,대한민국,,,not_checked,,Review. Some address/physical fields may intentionally differ after geocode/API cleanup.
asset_master,review,asset_field_change_candidate,ast_7aa7a870d57d,A120018001,business_stage,사업단계,business_stage,개발,,,pending,,Review. Some address/physical fields may intentionally differ after geocode/API cleanup.
asset_master,review,asset_field_change_candidate,ast_7aa7a870d57d,A120018001,portfolio_region,투자지역,portfolio_region,대한민국,,,pending,,Review. Some address/physical fields may intentionally differ after geocode/API cleanup.
asset_master,review,asset_field_change_candidate,ast_d4856ef88820,A120022001,business_stage,사업단계,business_stage,개발,,,not_checked,,Review. Some address/physical fields may intentionally differ after geocode/API cleanup.
asset_master,review,asset_field_change_candidate,ast_d4856ef88820,A120022001,portfolio_region,투자지역,portfolio_region,대한민국,,,not_checked,,Review. Some address/physical fields may intentionally differ after geocode/API cleanup.
asset_master,review,asset_field_change_candidate,ast_d4856ef88820,A120022001,country_code,국내/해외,country_code,KR,,,not_checked,,Review. Some address/physical fields may intentionally differ after geocode/API cleanup.
asset_master,review,asset_field_change_candidate,ast_8ceaed1817c5,A120022002,business_stage,사업단계,business_stage,개발,,,not_checked,,Review. Some address/physical fields may intentionally differ after geocode/API cleanup.
asset_master,review,asset_field_change_candidate,ast_8ceaed1817c5,A120022002,portfolio_region,투자지역,portfolio_region,대한민국,,,not_checked,,Review. Some address/physical fields may intentionally differ after geocode/API cleanup.
asset_master,review,asset_field_change_candidate,ast_11eaa23e7e07,A120023001,business_stage,사업단계,business_stage,개발,,,found,BldRgstHubService.getBrTitleInfo,Review. Some address/physical fields may intentionally differ after geocode/API cleanup.
asset_master,review,asset_field_change_candidate,ast_11eaa23e7e07,A120023001,portfolio_region,투자지역,portfolio_region,대한민국,,,found,BldRgstHubService.getBrTitleInfo,Review. Some address/physical fields may intentionally differ after geocode/API cleanup.
asset_master,review,asset_field_change_candidate,ast_11eaa23e7e07,A120023001,site_area,토지면적(㎡),site_area,,0,,found,BldRgstHubService.getBrTitleInfo,Physical fields may be API-enriched. Review provenance before overwriting.
asset_master,review,asset_field_change_candidate,ast_11eaa23e7e07,A120023001,parking,주차대수,parking,,옥내 0 / 옥외 0,,found,BldRgstHubService.getBrTitleInfo,Review. Some address/physical fields may intentionally differ after geocode/API cleanup.
asset_master,review,asset_field_change_candidate,ast_e57ce277323d,A120037001,business_stage,사업단계,business_stage,개발,,,not_checked,,Review. Some address/physical fields may intentionally differ after geocode/API cleanup.
asset_master,review,asset_field_change_candidate,ast_e57ce277323d,A120037001,portfolio_region,투자지역,portfolio_region,대한민국,,,not_checked,,Review. Some address/physical fields may intentionally differ after geocode/API cleanup.
asset_master,review,asset_field_change_candidate,ast_51a8d2035467,A120038001,business_stage,사업단계,business_stage,개발,,,pending,,Review. Some address/physical fields may intentionally differ after geocode/API cleanup.
asset_master,review,asset_field_change_candidate,ast_51a8d2035467,A120038001,portfolio_region,투자지역,portfolio_region,대한민국,,,pending,,Review. Some address/physical fields may intentionally differ after geocode/API cleanup.
asset_master,review,asset_field_change_candidate,ast_d1def35b1c12,A120039001,business_stage,사업단계,business_stage,특수상황,,,not_checked,,Review. Some address/physical fields may intentionally differ after geocode/API cleanup.
asset_master,review,asset_field_change_candidate,ast_d1def35b1c12,A120039001,portfolio_region,투자지역,portfolio_region,대한민국,,,not_checked,,Review. Some address/physical fields may intentionally differ after geocode/API cleanup.
asset_master,review,asset_field_change_candidate,ast_ac86e3c795d0,A120044001,business_stage,사업단계,business_stage,개발,,,not_checked,,Review. Some address/physical fields may intentionally differ after geocode/API cleanup.
asset_master,review,asset_field_change_candidate,ast_ac86e3c795d0,A120044001,portfolio_region,투자지역,portfolio_region,대한민국,,,not_checked,,Review. Some address/physical fields may intentionally differ after geocode/API cleanup.
asset_master,review,asset_field_change_candidate,ast_71252a1db077,A120049001,business_stage,사업단계,business_stage,개발,,,pending,,Review. Some address/physical fields may intentionally differ after geocode/API cleanup.
asset_master,review,asset_field_change_candidate,ast_71252a1db077,A120049001,portfolio_region,투자지역,portfolio_region,대한민국,,,pending,,Review. Some address/physical fields may intentionally differ after geocode/API cleanup.
asset_master,review,asset_field_change_candidate,ast_53985b2bb7f9,A120050001,business_stage,사업단계,business_stage,개발,,,not_checked,,Review. Some address/physical fields may intentionally differ after geocode/API cleanup.
asset_master,review,asset_field_change_candidate,ast_53985b2bb7f9,A120050001,portfolio_region,투자지역,portfolio_region,대한민국,,,not_checked,,Review. Some address/physical fields may intentionally differ after geocode/API cleanup.
asset_master,review,asset_field_change_candidate,ast_fa4bc636d98d,A120056001,portfolio_region,투자지역,portfolio_region,대한민국,,,not_checked,,Review. Some address/physical fields may intentionally differ after geocode/API cleanup.
asset_master,review,asset_field_change_candidate,ast_fa4bc636d98d,A120056001,country_code,국내/해외,country_code,KR,,,not_checked,,Review. Some address/physical fields may intentionally differ after geocode/API cleanup.
asset_master,review,asset_field_change_candidate,ast_92f8a9036c31,A120056002,business_stage,사업단계,business_stage,특수상황,,,not_checked,,Review. Some address/physical fields may intentionally differ after geocode/API cleanup.
asset_master,review,asset_field_change_candidate,ast_92f8a9036c31,A120056002,portfolio_region,투자지역,portfolio_region,대한민국,,,not_checked,,Review. Some address/physical fields may intentionally differ after geocode/API cleanup.
asset_master,review,asset_field_change_candidate,ast_92f8a9036c31,A120056002,country_code,국내/해외,country_code,KR,,,not_checked,,Review. Some address/physical fields may intentionally differ after geocode/API cleanup.
asset_master,review,asset_field_change_candidate,ast_720898f0f98d,A120056003,business_stage,사업단계,business_stage,특수상황,,,not_checked,,Review. Some address/physical fields may intentionally differ after geocode/API cleanup.
asset_master,review,asset_field_change_candidate,ast_720898f0f98d,A120056003,portfolio_region,투자지역,portfolio_region,대한민국,,,not_checked,,Review. Some address/physical fields may intentionally differ after geocode/API cleanup.
asset_master,review,asset_field_change_candidate,ast_720898f0f98d,A120056003,country_code,국내/해외,country_code,KR,,,not_checked,,Review. Some address/physical fields may intentionally differ after geocode/API cleanup.
asset_master,review,asset_field_change_candidate,ast_d148de771db5,A120057001,portfolio_region,투자지역,portfolio_region,대한민국,,,not_checked,,Review. Some address/physical fields may intentionally differ after geocode/API cleanup.
asset_master,review,asset_field_change_candidate,ast_d148de771db5,A120057001,country_code,국내/해외,country_code,KR,,,not_checked,,Review. Some address/physical fields may intentionally differ after geocode/API cleanup.
asset_master,review,asset_field_change_candidate,ast_5eb6a1cf88bd,A120059001,canonical_name,자산(건물)명,canonical_name,서울 서초구 반포동 64-1번지 일원 개발사업장 브릿지대출,서울 서초구 반포동 64-1번지 일원 개발사업장 브릿지,,pending,,Review. Some address/physical fields may intentionally differ after geocode/API cleanup.
asset_master,review,asset_field_change_candidate,ast_5eb6a1cf88bd,A120059001,business_stage,사업단계,business_stage,특수상황,,,pending,,Review. Some address/physical fields may intentionally differ after geocode/API cleanup.
asset_master,review,asset_field_change_candidate,ast_5eb6a1cf88bd,A120059001,portfolio_region,투자지역,portfolio_region,대한민국,,,pending,,Review. Some address/physical fields may intentionally differ after geocode/API cleanup.
asset_master,review,asset_field_change_candidate,ast_1e6db3434a24,A120062001,business_stage,사업단계,business_stage,개발,,,pending,,Review. Some address/physical fields may intentionally differ after geocode/API cleanup.
asset_master,review,asset_field_change_candidate,ast_1e6db3434a24,A120062001,portfolio_region,투자지역,portfolio_region,대한민국,,,pending,,Review. Some address/physical fields may intentionally differ after geocode/API cleanup.
asset_master,review,asset_field_change_candidate,ast_1e6db3434a24,A120062001,country_code,국내/해외,country_code,KR,,,pending,,Review. Some address/physical fields may intentionally differ after geocode/API cleanup.
asset_master,review,asset_field_change_candidate,ast_1e6db3434a24,A120062001,site_area,토지면적(㎡),site_area,10136,,,pending,,Physical fields may be API-enriched. Review provenance before overwriting.
asset_master,review,asset_field_change_candidate,ast_6df0b80f71d4,A120070001,business_stage,사업단계,business_stage,운영/실물,,,not_checked,,Review. Some address/physical fields may intentionally differ after geocode/API cleanup.
asset_master,review,asset_field_change_candidate,ast_6df0b80f71d4,A120070001,portfolio_region,투자지역,portfolio_region,대한민국,,,not_checked,,Review. Some address/physical fields may intentionally differ after geocode/API cleanup.
asset_master,review,asset_field_change_candidate,ast_6df0b80f71d4,A120070001,country_code,국내/해외,country_code,KR,,,not_checked,,Review. Some address/physical fields may intentionally differ after geocode/API cleanup.
asset_master,review,asset_field_change_candidate,ast_ab7f584e6f30,A120074001,business_stage,사업단계,business_stage,개발,,,not_checked,,Review. Some address/physical fields may intentionally differ after geocode/API cleanup.
asset_master,review,asset_field_change_candidate,ast_ab7f584e6f30,A120074001,portfolio_region,투자지역,portfolio_region,대한민국,,,not_checked,,Review. Some address/physical fields may intentionally differ after geocode/API cleanup.
asset_master,review,asset_field_change_candidate,ast_ab7f584e6f30,A120074001,country_code,국내/해외,country_code,KR,,,not_checked,,Review. Some address/physical fields may intentionally differ after geocode/API cleanup.
asset_master,review,asset_field_change_candidate,ast_ab7f584e6f30,A120074001,site_area,토지면적(㎡),site_area,10340,,,not_checked,,Physical fields may be API-enriched. Review provenance before overwriting.
asset_master,review,asset_field_change_candidate,ast_ab7f584e6f30,A120074001,parking,주차대수,parking,841,,,not_checked,,Review. Some address/physical fields may intentionally differ after geocode/API cleanup.
asset_master,review,asset_field_change_candidate,ast_30efc1e2c218,A120076001,business_stage,사업단계,business_stage,운영/실물,,,not_checked,,Review. Some address/physical fields may intentionally differ after geocode/API cleanup.
asset_master,review,asset_field_change_candidate,ast_30efc1e2c218,A120076001,portfolio_region,투자지역,portfolio_region,대한민국,,,not_checked,,Review. Some address/physical fields may intentionally differ after geocode/API cleanup.
asset_master,review,asset_field_change_candidate,ast_30efc1e2c218,A120076001,country_code,국내/해외,country_code,KR,,,not_checked,,Review. Some address/physical fields may intentionally differ after geocode/API cleanup.
asset_master,review,asset_field_change_candidate,ast_9c85ee271a7f,A120081001,business_stage,사업단계,business_stage,운영/실물,,,not_checked,,Review. Some address/physical fields may intentionally differ after geocode/API cleanup.
asset_master,review,asset_field_change_candidate,ast_9c85ee271a7f,A120081001,portfolio_region,투자지역,portfolio_region,대한민국,,,not_checked,,Review. Some address/physical fields may intentionally differ after geocode/API cleanup.
asset_master,review,asset_field_change_candidate,ast_9c85ee271a7f,A120081001,country_code,국내/해외,country_code,KR,,,not_checked,,Review. Some address/physical fields may intentionally differ after geocode/API cleanup.
asset_master,review,asset_field_change_candidate,ast_0555a6694264,A120084001,business_stage,사업단계,business_stage,운영/실물,,,not_checked,,Review. Some address/physical fields may intentionally differ after geocode/API cleanup.
asset_master,review,asset_field_change_candidate,ast_0555a6694264,A120084001,portfolio_region,투자지역,portfolio_region,대한민국,,,not_checked,,Review. Some address/physical fields may intentionally differ after geocode/API cleanup.
asset_master,review,asset_field_change_candidate,ast_0555a6694264,A120084001,country_code,국내/해외,country_code,KR,,,not_checked,,Review. Some address/physical fields may intentionally differ after geocode/API cleanup.
asset_master,review,asset_field_change_candidate,ast_616c3d79da75,A120085001,address_text,"전체주소(시/도, 구/군 포함)",address_text,경상북도 경산시 진량읍 문천리 903번지 (경산4일반산업단지내지원시설부지),경상북도 경산시 진량읍 문천리 903,,found,BldRgstHubService.getBrTitleInfo,Review. Some address/physical fields may intentionally differ after geocode/API cleanup.
asset_master,review,asset_field_change_candidate,ast_616c3d79da75,A120085001,business_stage,사업단계,business_stage,운영/실물,,,found,BldRgstHubService.getBrTitleInfo,Review. Some address/physical fields may intentionally differ after geocode/API cleanup.
asset_master,review,asset_field_change_candidate,ast_616c3d79da75,A120085001,portfolio_region,투자지역,portfolio_region,대한민국,,,found,BldRgstHubService.getBrTitleInfo,Review. Some address/physical fields may intentionally differ after geocode/API cleanup.
asset_master,review,asset_field_change_candidate,ast_616c3d79da75,A120085001,parking,주차대수,parking,,옥내 419 / 옥외 18,,found,BldRgstHubService.getBrTitleInfo,Review. Some address/physical fields may intentionally differ after geocode/API cleanup.
asset_master,review,asset_field_change_candidate,ast_bd54043679c9,A120091001,portfolio_region,투자지역,portfolio_region,대한민국,,,not_checked,,Review. Some address/physical fields may intentionally differ after geocode/API cleanup.
asset_master,review,asset_field_change_candidate,ast_bd54043679c9,A120091001,country_code,국내/해외,country_code,KR,,,not_checked,,Review. Some address/physical fields may intentionally differ after geocode/API cleanup.
asset_master,review,asset_field_change_candidate,ast_5804290d6389,A120099001,business_stage,사업단계,business_stage,개발,,,not_checked,,Review. Some address/physical fields may intentionally differ after geocode/API cleanup.
asset_master,review,asset_field_change_candidate,ast_5804290d6389,A120099001,portfolio_region,투자지역,portfolio_region,대한민국,,,not_checked,,Review. Some address/physical fields may intentionally differ after geocode/API cleanup.
asset_master,review,asset_field_change_candidate,ast_c4abd15d239e,A120101001,portfolio_region,투자지역,portfolio_region,대한민국,,,found,BldRgstHubService.getBrTitleInfo,Review. Some address/physical fields may intentionally differ after geocode/API cleanup.
asset_master,review,asset_field_change_candidate,ast_c4abd15d239e,A120101001,site_area,토지면적(㎡),site_area,,7738,,found,BldRgstHubService.getBrTitleInfo,Physical fields may be API-enriched. Review provenance before overwriting.
asset_master,review,asset_field_change_candidate,ast_c4abd15d239e,A120101001,completion_date,준공(예정)일,completion_date,,1969-12-08,,found,BldRgstHubService.getBrTitleInfo,Review. Some address/physical fields may intentionally differ after geocode/API cleanup.
asset_master,review,asset_field_change_candidate,ast_c4abd15d239e,A120101001,parking,주차대수,parking,,옥내 0 / 옥외 97,,found,BldRgstHubService.getBrTitleInfo,Review. Some address/physical fields may intentionally differ after geocode/API cleanup.
asset_master,review,asset_field_change_candidate,ast_f13b025966c9,A120102001,business_stage,사업단계,business_stage,개발,,,not_checked,,Review. Some address/physical fields may intentionally differ after geocode/API cleanup.
asset_master,review,asset_field_change_candidate,ast_f13b025966c9,A120102001,portfolio_region,투자지역,portfolio_region,대한민국,,,not_checked,,Review. Some address/physical fields may intentionally differ after geocode/API cleanup.
asset_master,review,asset_field_change_candidate,ast_f13b025966c9,A120102001,country_code,국내/해외,country_code,KR,,,not_checked,,Review. Some address/physical fields may intentionally differ after geocode/API cleanup.
asset_master,review,asset_field_change_candidate,ast_0713581af76f,A120106001,portfolio_region,투자지역,portfolio_region,대한민국,,,found,BldRgstHubService.getBrTitleInfo,Review. Some address/physical fields may intentionally differ after geocode/API cleanup.
asset_master,review,asset_field_change_candidate,ast_0713581af76f,A120106001,site_area,토지면적(㎡),site_area,,6938,,found,BldRgstHubService.getBrTitleInfo,Physical fields may be API-enriched. Review provenance before overwriting.
asset_master,review,asset_field_change_candidate,ast_0713581af76f,A120106001,completion_date,준공(예정)일,completion_date,,2011-06-29,,found,BldRgstHubService.getBrTitleInfo,Review. Some address/physical fields may intentionally differ after geocode/API cleanup.
asset_master,review,asset_field_change_candidate,ast_0713581af76f,A120106001,parking,주차대수,parking,,옥내 436 / 옥외 0,,found,BldRgstHubService.getBrTitleInfo,Review. Some address/physical fields may intentionally differ after geocode/API cleanup.
asset_master,review,asset_field_change_candidate,ast_65a880c4a803,A120107001,portfolio_region,투자지역,portfolio_region,대한민국,,,found,BldRgstHubService.getBrTitleInfo,Review. Some address/physical fields may intentionally differ after geocode/API cleanup.
asset_master,review,asset_field_change_candidate,ast_65a880c4a803,A120107001,country_code,국내/해외,country_code,KR,,,found,BldRgstHubService.getBrTitleInfo,Review. Some address/physical fields may intentionally differ after geocode/API cleanup.
asset_master,review,asset_field_change_candidate,ast_65a880c4a803,A120107001,site_area,토지면적(㎡),site_area,,6938,,found,BldRgstHubService.getBrTitleInfo,Physical fields may be API-enriched. Review provenance before overwriting.
asset_master,review,asset_field_change_candidate,ast_65a880c4a803,A120107001,completion_date,준공(예정)일,completion_date,,2011-06-29,,found,BldRgstHubService.getBrTitleInfo,Review. Some address/physical fields may intentionally differ after geocode/API cleanup.
asset_master,review,asset_field_change_candidate,ast_65a880c4a803,A120107001,parking,주차대수,parking,,옥내 436 / 옥외 0,,found,BldRgstHubService.getBrTitleInfo,Review. Some address/physical fields may intentionally differ after geocode/API cleanup.
asset_master,review,asset_field_change_candidate,ast_004573bcb481,A120119001,portfolio_region,투자지역,portfolio_region,대한민국,,,pending,,Review. Some address/physical fields may intentionally differ after geocode/API cleanup.
asset_master,review,asset_field_change_candidate,ast_004573bcb481,A120119001,country_code,국내/해외,country_code,KR,,,pending,,Review. Some address/physical fields may intentionally differ after geocode/API cleanup.
asset_master,review,asset_field_change_candidate,ast_004573bcb481,A120119001,site_area,토지면적(㎡),site_area,0,,,pending,,Physical fields may be API-enriched. Review provenance before overwriting.
asset_master,review,asset_field_change_candidate,ast_004573bcb481,A120119001,parking,주차대수,parking,1483,,,pending,,Review. Some address/physical fields may intentionally differ after geocode/API cleanup.
asset_master,review,asset_field_change_candidate,ast_124d02c64658,A190001001,business_stage,사업단계,business_stage,개발,,,pending,,Review. Some address/physical fields may intentionally differ after geocode/API cleanup.
asset_master,review,asset_field_change_candidate,ast_124d02c64658,A190001001,portfolio_region,투자지역,portfolio_region,대한민국,,,pending,,Review. Some address/physical fields may intentionally differ after geocode/API cleanup.
asset_master,review,asset_field_change_candidate,ast_0d20df513bd5,A190002001,business_stage,사업단계,business_stage,개발,,,not_checked,,Review. Some address/physical fields may intentionally differ after geocode/API cleanup.
asset_master,review,asset_field_change_candidate,ast_0d20df513bd5,A190002001,portfolio_region,투자지역,portfolio_region,대한민국,,,not_checked,,Review. Some address/physical fields may intentionally differ after geocode/API cleanup.
asset_master,review,asset_field_change_candidate,ast_0d20df513bd5,A190002001,country_code,국내/해외,country_code,KR,,,not_checked,,Review. Some address/physical fields may intentionally differ after geocode/API cleanup.
asset_master,review,asset_field_change_candidate,ast_37df20b9e30d,A190005001,business_stage,사업단계,business_stage,개발,,,pending,,Review. Some address/physical fields may intentionally differ after geocode/API cleanup.
asset_master,review,asset_field_change_candidate,ast_37df20b9e30d,A190005001,portfolio_region,투자지역,portfolio_region,대한민국,,,pending,,Review. Some address/physical fields may intentionally differ after geocode/API cleanup.
asset_master,review,asset_field_change_candidate,ast_e88ca660b36b,A190008001,business_stage,사업단계,business_stage,개발,,,not_checked,,Review. Some address/physical fields may intentionally differ after geocode/API cleanup.
asset_master,review,asset_field_change_candidate,ast_e88ca660b36b,A190008001,portfolio_region,투자지역,portfolio_region,대한민국,,,not_checked,,Review. Some address/physical fields may intentionally differ after geocode/API cleanup.
asset_master,review,asset_field_change_candidate,ast_e88ca660b36b,A190008001,country_code,국내/해외,country_code,KR,,,not_checked,,Review. Some address/physical fields may intentionally differ after geocode/API cleanup.
asset_master,review,asset_field_change_candidate,ast_e88ca660b36b,A190008001,site_area,토지면적(㎡),site_area,1402,,,not_checked,,Physical fields may be API-enriched. Review provenance before overwriting.
asset_master,review,asset_field_change_candidate,ast_475081c32f39,A190009001,business_stage,사업단계,business_stage,개발,,,found,BldRgstHubService.getBrTitleInfo,Review. Some address/physical fields may intentionally differ after geocode/API cleanup.
asset_master,review,asset_field_change_candidate,ast_475081c32f39,A190009001,portfolio_region,투자지역,portfolio_region,대한민국,,,found,BldRgstHubService.getBrTitleInfo,Review. Some address/physical fields may intentionally differ after geocode/API cleanup.
asset_master,review,asset_field_change_candidate,ast_475081c32f39,A190009001,country_code,국내/해외,country_code,KR,,,found,BldRgstHubService.getBrTitleInfo,Review. Some address/physical fields may intentionally differ after geocode/API cleanup.
asset_master,review,asset_field_change_candidate,ast_475081c32f39,A190009001,completion_date,준공(예정)일,completion_date,,1990-12-31,,found,BldRgstHubService.getBrTitleInfo,Review. Some address/physical fields may intentionally differ after geocode/API cleanup.
asset_master,review,asset_field_change_candidate,ast_475081c32f39,A190009001,parking,주차대수,parking,"892대(옥내 428대, 옥외464대)",옥내 428 / 옥외 464,,found,BldRgstHubService.getBrTitleInfo,Review. Some address/physical fields may intentionally differ after geocode/API cleanup.
asset_master,review,asset_field_change_candidate,ast_768ab56efe64,A190010001,business_stage,사업단계,business_stage,운영/실물,,,not_checked,,Review. Some address/physical fields may intentionally differ after geocode/API cleanup.
asset_master,review,asset_field_change_candidate,ast_768ab56efe64,A190010001,portfolio_region,투자지역,portfolio_region,대한민국,,,not_checked,,Review. Some address/physical fields may intentionally differ after geocode/API cleanup.
asset_master,review,asset_field_change_candidate,ast_768ab56efe64,A190010001,country_code,국내/해외,country_code,KR,,,not_checked,,Review. Some address/physical fields may intentionally differ after geocode/API cleanup.
asset_master,review,asset_field_change_candidate,ast_deef81e70ae6,A190013001,business_stage,사업단계,business_stage,개발,,,pending,,Review. Some address/physical fields may intentionally differ after geocode/API cleanup.
asset_master,review,asset_field_change_candidate,ast_deef81e70ae6,A190013001,portfolio_region,투자지역,portfolio_region,대한민국,,,pending,,Review. Some address/physical fields may intentionally differ after geocode/API cleanup.
asset_master,review,asset_field_change_candidate,ast_deef81e70ae6,A190013001,country_code,국내/해외,country_code,KR,,,pending,,Review. Some address/physical fields may intentionally differ after geocode/API cleanup.
asset_master,review,asset_field_change_candidate,ast_b5ddd770a044,A190014001,business_stage,사업단계,business_stage,개발,,,pending,,Review. Some address/physical fields may intentionally differ after geocode/API cleanup.
asset_master,review,asset_field_change_candidate,ast_b5ddd770a044,A190014001,portfolio_region,투자지역,portfolio_region,대한민국,,,pending,,Review. Some address/physical fields may intentionally differ after geocode/API cleanup.
asset_master,review,asset_field_change_candidate,ast_b5ddd770a044,A190014001,parking,주차대수,parking,113,,,pending,,Review. Some address/physical fields may intentionally differ after geocode/API cleanup.
asset_master,review,asset_field_change_candidate,ast_2739f0f0f8b8,A190017001,business_stage,사업단계,business_stage,개발,,,not_checked,,Review. Some address/physical fields may intentionally differ after geocode/API cleanup.
asset_master,review,asset_field_change_candidate,ast_2739f0f0f8b8,A190017001,portfolio_region,투자지역,portfolio_region,대한민국,,,not_checked,,Review. Some address/physical fields may intentionally differ after geocode/API cleanup.
asset_master,review,asset_field_change_candidate,ast_a8c972e8e90e,A200001001,portfolio_region,투자지역,portfolio_region,유럽,,,not_checked,,Review. Some address/physical fields may intentionally differ after geocode/API cleanup.
asset_master,review,asset_field_change_candidate,ast_a8c972e8e90e,A200001001,country_code,국내/해외,country_code,OVERSEAS,,,not_checked,,Review. Some address/physical fields may intentionally differ after geocode/API cleanup.
asset_master,review,asset_field_change_candidate,ast_80fb948c4bbb,A200002001,portfolio_region,투자지역,portfolio_region,유럽,,,not_checked,,Review. Some address/physical fields may intentionally differ after geocode/API cleanup.
asset_master,review,asset_field_change_candidate,ast_80fb948c4bbb,A200002001,country_code,국내/해외,country_code,OVERSEAS,,,not_checked,,Review. Some address/physical fields may intentionally differ after geocode/API cleanup.
asset_master,review,asset_field_change_candidate,ast_937446d52483,A200004001,business_stage,사업단계,business_stage,운영/실물,,,not_checked,,Review. Some address/physical fields may intentionally differ after geocode/API cleanup.
asset_master,review,asset_field_change_candidate,ast_937446d52483,A200004001,portfolio_region,투자지역,portfolio_region,글로벌,,,not_checked,,Review. Some address/physical fields may intentionally differ after geocode/API cleanup.
asset_master,review,asset_field_change_candidate,ast_937446d52483,A200004001,country_code,국내/해외,country_code,OVERSEAS,,,not_checked,,Review. Some address/physical fields may intentionally differ after geocode/API cleanup.
asset_master,review,asset_field_change_candidate,ast_f9b2c2e17184,A200006001,business_stage,사업단계,business_stage,운영/실물,,,not_checked,,Review. Some address/physical fields may intentionally differ after geocode/API cleanup.
asset_master,review,asset_field_change_candidate,ast_f9b2c2e17184,A200006001,portfolio_region,투자지역,portfolio_region,글로벌,,,not_checked,,Review. Some address/physical fields may intentionally differ after geocode/API cleanup.
asset_master,review,asset_field_change_candidate,ast_f9b2c2e17184,A200006001,country_code,국내/해외,country_code,OVERSEAS,,,not_checked,,Review. Some address/physical fields may intentionally differ after geocode/API cleanup.
asset_master,review,asset_field_change_candidate,ast_451fd8930022,A200006002,business_stage,사업단계,business_stage,운영/실물,,,not_checked,,Review. Some address/physical fields may intentionally differ after geocode/API cleanup.
asset_master,review,asset_field_change_candidate,ast_451fd8930022,A200006002,portfolio_region,투자지역,portfolio_region,글로벌,,,not_checked,,Review. Some address/physical fields may intentionally differ after geocode/API cleanup.
asset_master,review,asset_field_change_candidate,ast_451fd8930022,A200006002,country_code,국내/해외,country_code,OVERSEAS,,,not_checked,,Review. Some address/physical fields may intentionally differ after geocode/API cleanup.
asset_master,review,asset_field_change_candidate,ast_c1b901dad63f,A200006003,business_stage,사업단계,business_stage,운영/실물,,,not_checked,,Review. Some address/physical fields may intentionally differ after geocode/API cleanup.
asset_master,review,asset_field_change_candidate,ast_c1b901dad63f,A200006003,portfolio_region,투자지역,portfolio_region,글로벌,,,not_checked,,Review. Some address/physical fields may intentionally differ after geocode/API cleanup.
asset_master,review,asset_field_change_candidate,ast_c1b901dad63f,A200006003,country_code,국내/해외,country_code,OVERSEAS,,,not_checked,,Review. Some address/physical fields may intentionally differ after geocode/API cleanup.
asset_master,review,asset_field_change_candidate,ast_2bf40e9e1da4,A200006004,business_stage,사업단계,business_stage,운영/실물,,,not_checked,,Review. Some address/physical fields may intentionally differ after geocode/API cleanup.
asset_master,review,asset_field_change_candidate,ast_2bf40e9e1da4,A200006004,portfolio_region,투자지역,portfolio_region,글로벌,,,not_checked,,Review. Some address/physical fields may intentionally differ after geocode/API cleanup.
asset_master,review,asset_field_change_candidate,ast_2bf40e9e1da4,A200006004,country_code,국내/해외,country_code,OVERSEAS,,,not_checked,,Review. Some address/physical fields may intentionally differ after geocode/API cleanup.
asset_master,review,asset_field_change_candidate,ast_1139d23fa5d7,A200007001,portfolio_region,투자지역,portfolio_region,글로벌,,,not_checked,,Review. Some address/physical fields may intentionally differ after geocode/API cleanup.
asset_master,review,asset_field_change_candidate,ast_1139d23fa5d7,A200007001,country_code,국내/해외,country_code,OVERSEAS,,,not_checked,,Review. Some address/physical fields may intentionally differ after geocode/API cleanup.
asset_master,review,asset_field_change_candidate,ast_c2b24d6ab2a3,A200008001,business_stage,사업단계,business_stage,운영/실물,,,not_checked,,Review. Some address/physical fields may intentionally differ after geocode/API cleanup.
asset_master,review,asset_field_change_candidate,ast_c2b24d6ab2a3,A200008001,portfolio_region,투자지역,portfolio_region,북미,,,not_checked,,Review. Some address/physical fields may intentionally differ after geocode/API cleanup.
asset_master,review,asset_field_change_candidate,ast_c2b24d6ab2a3,A200008001,country_code,국내/해외,country_code,OVERSEAS,,,not_checked,,Review. Some address/physical fields may intentionally differ after geocode/API cleanup.
asset_master,review,asset_field_change_candidate,ast_c2b24d6ab2a3,A200008001,parking,주차대수,parking,296,,,not_checked,,Review. Some address/physical fields may intentionally differ after geocode/API cleanup.
asset_master,review,asset_field_change_candidate,ast_ebb3453751e3,A200009001,business_stage,사업단계,business_stage,운영/실물,,,not_checked,,Review. Some address/physical fields may intentionally differ after geocode/API cleanup.
asset_master,review,asset_field_change_candidate,ast_ebb3453751e3,A200009001,portfolio_region,투자지역,portfolio_region,북미,,,not_checked,,Review. Some address/physical fields may intentionally differ after geocode/API cleanup.
asset_master,review,asset_field_change_candidate,ast_ebb3453751e3,A200009001,country_code,국내/해외,country_code,OVERSEAS,,,not_checked,,Review. Some address/physical fields may intentionally differ after geocode/API cleanup.
asset_master,review,asset_field_change_candidate,ast_f2b5e4f49308,A200010001,business_stage,사업단계,business_stage,운영/실물,,,not_checked,,Review. Some address/physical fields may intentionally differ after geocode/API cleanup.
asset_master,review,asset_field_change_candidate,ast_f2b5e4f49308,A200010001,portfolio_region,투자지역,portfolio_region,북미,,,not_checked,,Review. Some address/physical fields may intentionally differ after geocode/API cleanup.
asset_master,review,asset_field_change_candidate,ast_f2b5e4f49308,A200010001,country_code,국내/해외,country_code,OVERSEAS,,,not_checked,,Review. Some address/physical fields may intentionally differ after geocode/API cleanup.
asset_master,review,asset_field_change_candidate,ast_7dcd599a9654,A200011001,business_stage,사업단계,business_stage,운영/실물,,,not_checked,,Review. Some address/physical fields may intentionally differ after geocode/API cleanup.
asset_master,review,asset_field_change_candidate,ast_7dcd599a9654,A200011001,portfolio_region,투자지역,portfolio_region,유럽,,,not_checked,,Review. Some address/physical fields may intentionally differ after geocode/API cleanup.
asset_master,review,asset_field_change_candidate,ast_7dcd599a9654,A200011001,country_code,국내/해외,country_code,OVERSEAS,,,not_checked,,Review. Some address/physical fields may intentionally differ after geocode/API cleanup.
asset_master,review,asset_field_change_candidate,ast_bf7b25add095,A200012001,portfolio_region,투자지역,portfolio_region,글로벌,,,not_checked,,Review. Some address/physical fields may intentionally differ after geocode/API cleanup.
asset_master,review,asset_field_change_candidate,ast_bf7b25add095,A200012001,country_code,국내/해외,country_code,OVERSEAS,,,not_checked,,Review. Some address/physical fields may intentionally differ after geocode/API cleanup.
asset_master,review,asset_field_change_candidate,ast_0abb69999d40,A200013001,portfolio_region,투자지역,portfolio_region,글로벌,,,not_checked,,Review. Some address/physical fields may intentionally differ after geocode/API cleanup.
asset_master,review,asset_field_change_candidate,ast_0abb69999d40,A200013001,country_code,국내/해외,country_code,OVERSEAS,,,not_checked,,Review. Some address/physical fields may intentionally differ after geocode/API cleanup.
asset_master,review,asset_field_change_candidate,ast_0812bfa02848,A200013002,portfolio_region,투자지역,portfolio_region,글로벌,,,not_checked,,Review. Some address/physical fields may intentionally differ after geocode/API cleanup.
asset_master,review,asset_field_change_candidate,ast_0812bfa02848,A200013002,country_code,국내/해외,country_code,OVERSEAS,,,not_checked,,Review. Some address/physical fields may intentionally differ after geocode/API cleanup.
asset_master,review,asset_field_change_candidate,ast_864ff5655978,A200014001,business_stage,사업단계,business_stage,운영/실물,,,not_checked,,Review. Some address/physical fields may intentionally differ after geocode/API cleanup.
asset_master,review,asset_field_change_candidate,ast_864ff5655978,A200014001,portfolio_region,투자지역,portfolio_region,유럽,,,not_checked,,Review. Some address/physical fields may intentionally differ after geocode/API cleanup.
asset_master,review,asset_field_change_candidate,ast_864ff5655978,A200014001,country_code,국내/해외,country_code,OVERSEAS,,,not_checked,,Review. Some address/physical fields may intentionally differ after geocode/API cleanup.
asset_master,review,asset_field_change_candidate,ast_8fe5e8aa8a5f,A200016001,portfolio_region,투자지역,portfolio_region,유럽,,,not_checked,,Review. Some address/physical fields may intentionally differ after geocode/API cleanup.
asset_master,review,asset_field_change_candidate,ast_8fe5e8aa8a5f,A200016001,country_code,국내/해외,country_code,OVERSEAS,,,not_checked,,Review. Some address/physical fields may intentionally differ after geocode/API cleanup.
asset_master,review,asset_field_change_candidate,ast_d5b7969befe3,A200017001,business_stage,사업단계,business_stage,운영/실물,,,not_checked,,Review. Some address/physical fields may intentionally differ after geocode/API cleanup.
asset_master,review,asset_field_change_candidate,ast_d5b7969befe3,A200017001,portfolio_region,투자지역,portfolio_region,유럽,,,not_checked,,Review. Some address/physical fields may intentionally differ after geocode/API cleanup.
asset_master,review,asset_field_change_candidate,ast_d5b7969befe3,A200017001,country_code,국내/해외,country_code,OVERSEAS,,,not_checked,,Review. Some address/physical fields may intentionally differ after geocode/API cleanup.
asset_master,review,asset_field_change_candidate,ast_27e81b9a9e70,A200018001,portfolio_region,투자지역,portfolio_region,북미,,,not_checked,,Review. Some address/physical fields may intentionally differ after geocode/API cleanup.
asset_master,review,asset_field_change_candidate,ast_27e81b9a9e70,A200018001,country_code,국내/해외,country_code,OVERSEAS,,,not_checked,,Review. Some address/physical fields may intentionally differ after geocode/API cleanup.
asset_master,review,asset_field_change_candidate,ast_91459997fbb8,A200019001,portfolio_region,투자지역,portfolio_region,글로벌,,,not_checked,,Review. Some address/physical fields may intentionally differ after geocode/API cleanup.
asset_master,review,asset_field_change_candidate,ast_91459997fbb8,A200019001,country_code,국내/해외,country_code,OVERSEAS,,,not_checked,,Review. Some address/physical fields may intentionally differ after geocode/API cleanup.
asset_master,review,asset_field_change_candidate,ast_a236bc9437e2,A200019002,portfolio_region,투자지역,portfolio_region,글로벌,,,not_checked,,Review. Some address/physical fields may intentionally differ after geocode/API cleanup.
asset_master,review,asset_field_change_candidate,ast_a236bc9437e2,A200019002,country_code,국내/해외,country_code,OVERSEAS,,,not_checked,,Review. Some address/physical fields may intentionally differ after geocode/API cleanup.
asset_master,review,asset_field_change_candidate,ast_5b15a4c23cb4,A200020001,portfolio_region,투자지역,portfolio_region,북미,,,not_checked,,Review. Some address/physical fields may intentionally differ after geocode/API cleanup.
asset_master,review,asset_field_change_candidate,ast_5b15a4c23cb4,A200020001,country_code,국내/해외,country_code,OVERSEAS,,,not_checked,,Review. Some address/physical fields may intentionally differ after geocode/API cleanup.
asset_master,review,asset_field_change_candidate,ast_4d35344df3a2,A200021001,portfolio_region,투자지역,portfolio_region,유럽,,,not_checked,,Review. Some address/physical fields may intentionally differ after geocode/API cleanup.
asset_master,review,asset_field_change_candidate,ast_4d35344df3a2,A200021001,country_code,국내/해외,country_code,OVERSEAS,,,not_checked,,Review. Some address/physical fields may intentionally differ after geocode/API cleanup.
asset_master,review,asset_field_change_candidate,ast_867da725ab6d,A200022001,portfolio_region,투자지역,portfolio_region,글로벌,,,not_checked,,Review. Some address/physical fields may intentionally differ after geocode/API cleanup.
asset_master,review,asset_field_change_candidate,ast_867da725ab6d,A200022001,country_code,국내/해외,country_code,OVERSEAS,,,not_checked,,Review. Some address/physical fields may intentionally differ after geocode/API cleanup.
asset_master,review,asset_field_change_candidate,ast_1366fb10d2eb,A200023001,business_stage,사업단계,business_stage,운영/실물,,,not_checked,,Review. Some address/physical fields may intentionally differ after geocode/API cleanup.
asset_master,review,asset_field_change_candidate,ast_1366fb10d2eb,A200023001,portfolio_region,투자지역,portfolio_region,유럽,,,not_checked,,Review. Some address/physical fields may intentionally differ after geocode/API cleanup.
asset_master,review,asset_field_change_candidate,ast_1366fb10d2eb,A200023001,country_code,국내/해외,country_code,OVERSEAS,,,not_checked,,Review. Some address/physical fields may intentionally differ after geocode/API cleanup.
asset_master,review,asset_field_change_candidate,ast_1366fb10d2eb,A200023001,site_area,토지면적(㎡),site_area,0,,,not_checked,,Physical fields may be API-enriched. Review provenance before overwriting.
asset_master,review,asset_field_change_candidate,ast_f483ba7d8c86,A200024001,portfolio_region,투자지역,portfolio_region,유럽,,,not_checked,,Review. Some address/physical fields may intentionally differ after geocode/API cleanup.
asset_master,review,asset_field_change_candidate,ast_f483ba7d8c86,A200024001,country_code,국내/해외,country_code,OVERSEAS,,,not_checked,,Review. Some address/physical fields may intentionally differ after geocode/API cleanup.
asset_master,review,asset_field_change_candidate,ast_5c3c9c2755cf,A200025001,business_stage,사업단계,business_stage,운영/실물,,,not_checked,,Review. Some address/physical fields may intentionally differ after geocode/API cleanup.
asset_master,review,asset_field_change_candidate,ast_5c3c9c2755cf,A200025001,portfolio_region,투자지역,portfolio_region,북미,,,not_checked,,Review. Some address/physical fields may intentionally differ after geocode/API cleanup.
asset_master,review,asset_field_change_candidate,ast_5c3c9c2755cf,A200025001,country_code,국내/해외,country_code,OVERSEAS,,,not_checked,,Review. Some address/physical fields may intentionally differ after geocode/API cleanup.
asset_master,review,asset_field_change_candidate,ast_4ce1803146bf,A200026001,portfolio_region,투자지역,portfolio_region,글로벌,,,not_checked,,Review. Some address/physical fields may intentionally differ after geocode/API cleanup.
asset_master,review,asset_field_change_candidate,ast_4ce1803146bf,A200026001,country_code,국내/해외,country_code,OVERSEAS,,,not_checked,,Review. Some address/physical fields may intentionally differ after geocode/API cleanup.
asset_master,review,asset_field_change_candidate,ast_4e0ba511036c,A200027001,business_stage,사업단계,business_stage,운영/실물,,,not_checked,,Review. Some address/physical fields may intentionally differ after geocode/API cleanup.
asset_master,review,asset_field_change_candidate,ast_4e0ba511036c,A200027001,portfolio_region,투자지역,portfolio_region,글로벌,,,not_checked,,Review. Some address/physical fields may intentionally differ after geocode/API cleanup.
asset_master,review,asset_field_change_candidate,ast_4e0ba511036c,A200027001,country_code,국내/해외,country_code,OVERSEAS,,,not_checked,,Review. Some address/physical fields may intentionally differ after geocode/API cleanup.
asset_master,review,asset_field_change_candidate,ast_4273abf1dd9d,A200028001,business_stage,사업단계,business_stage,운영/실물,,,not_checked,,Review. Some address/physical fields may intentionally differ after geocode/API cleanup.
asset_master,review,asset_field_change_candidate,ast_4273abf1dd9d,A200028001,portfolio_region,투자지역,portfolio_region,북미,,,not_checked,,Review. Some address/physical fields may intentionally differ after geocode/API cleanup.
asset_master,review,asset_field_change_candidate,ast_4273abf1dd9d,A200028001,country_code,국내/해외,country_code,OVERSEAS,,,not_checked,,Review. Some address/physical fields may intentionally differ after geocode/API cleanup.
asset_master,review,asset_field_change_candidate,ast_8c1cc2a2dfa8,A200029001,portfolio_region,투자지역,portfolio_region,아시아,,,not_checked,,Review. Some address/physical fields may intentionally differ after geocode/API cleanup.
asset_master,review,asset_field_change_candidate,ast_8c1cc2a2dfa8,A200029001,country_code,국내/해외,country_code,OVERSEAS,,,not_checked,,Review. Some address/physical fields may intentionally differ after geocode/API cleanup.
asset_master,review,asset_field_change_candidate,ast_d6b3682a1147,A200030001,canonical_name,자산(건물)명,canonical_name,판교 테크원타워,판교 테크원타워 (우선주),,found,BldRgstHubService.getBrTitleInfo,Review. Some address/physical fields may intentionally differ after geocode/API cleanup.
asset_master,review,asset_field_change_candidate,ast_d6b3682a1147,A200030001,portfolio_region,투자지역,portfolio_region,대한민국,,,found,BldRgstHubService.getBrTitleInfo,Review. Some address/physical fields may intentionally differ after geocode/API cleanup.
asset_master,review,asset_field_change_candidate,ast_d6b3682a1147,A200030001,parking,주차대수,parking,"1,490",1490,,found,BldRgstHubService.getBrTitleInfo,Review. Some address/physical fields may intentionally differ after geocode/API cleanup.
asset_master,review,asset_field_change_candidate,ast_7d6f8cc1d9cb,A200030002,site_area,토지면적(㎡),site_area,,6938,,found,BldRgstHubService.getBrTitleInfo,Physical fields may be API-enriched. Review provenance before overwriting.
asset_master,review,asset_field_change_candidate,ast_7d6f8cc1d9cb,A200030002,parking,주차대수,parking,,옥내 436 / 옥외 0,,found,BldRgstHubService.getBrTitleInfo,Review. Some address/physical fields may intentionally differ after geocode/API cleanup.
asset_master,review,asset_field_change_candidate,ast_022d4816897f,A200030003,site_area,토지면적(㎡),site_area,,3176,,found,BldRgstHubService.getBrTitleInfo,Physical fields may be API-enriched. Review provenance before overwriting.
asset_master,review,asset_field_change_candidate,ast_022d4816897f,A200030003,parking,주차대수,parking,,옥내 370 / 옥외 0,,found,BldRgstHubService.getBrTitleInfo,Review. Some address/physical fields may intentionally differ after geocode/API cleanup.
asset_master,review,asset_field_change_candidate,ast_866314e4db59,A200030004,site_area,토지면적(㎡),site_area,,2194,,found,BldRgstHubService.getBrTitleInfo,Physical fields may be API-enriched. Review provenance before overwriting.
asset_master,review,asset_field_change_candidate,ast_866314e4db59,A200030004,parking,주차대수,parking,,옥내 124 / 옥외 0,,found,BldRgstHubService.getBrTitleInfo,Review. Some address/physical fields may intentionally differ after geocode/API cleanup.
asset_master,review,asset_field_change_candidate,ast_55b6b363ddd4,A200031001,portfolio_region,투자지역,portfolio_region,글로벌,,,not_checked,,Review. Some address/physical fields may intentionally differ after geocode/API cleanup.
asset_master,review,asset_field_change_candidate,ast_55b6b363ddd4,A200031001,country_code,국내/해외,country_code,OVERSEAS,,,not_checked,,Review. Some address/physical fields may intentionally differ after geocode/API cleanup.
asset_master,review,asset_field_change_candidate,ast_76ad3509ee19,A200033001,portfolio_region,투자지역,portfolio_region,글로벌,,,not_checked,,Review. Some address/physical fields may intentionally differ after geocode/API cleanup.
asset_master,review,asset_field_change_candidate,ast_76ad3509ee19,A200033001,country_code,국내/해외,country_code,OVERSEAS,,,not_checked,,Review. Some address/physical fields may intentionally differ after geocode/API cleanup.
asset_master,review,asset_field_change_candidate,ast_199ba4e0626d,A200034001,portfolio_region,투자지역,portfolio_region,글로벌,,,not_checked,,Review. Some address/physical fields may intentionally differ after geocode/API cleanup.
asset_master,review,asset_field_change_candidate,ast_199ba4e0626d,A200034001,country_code,국내/해외,country_code,OVERSEAS,,,not_checked,,Review. Some address/physical fields may intentionally differ after geocode/API cleanup.
asset_master,review,asset_field_change_candidate,ast_aca39ce05f05,A200035001,business_stage,사업단계,business_stage,운영/실물,,,not_checked,,Review. Some address/physical fields may intentionally differ after geocode/API cleanup.
asset_master,review,asset_field_change_candidate,ast_aca39ce05f05,A200035001,portfolio_region,투자지역,portfolio_region,글로벌,,,not_checked,,Review. Some address/physical fields may intentionally differ after geocode/API cleanup.
asset_master,review,asset_field_change_candidate,ast_aca39ce05f05,A200035001,country_code,국내/해외,country_code,OVERSEAS,,,not_checked,,Review. Some address/physical fields may intentionally differ after geocode/API cleanup.
asset_master,review,asset_field_change_candidate,ast_c0ba855ea88d,A200036001,portfolio_region,투자지역,portfolio_region,북미,,,not_checked,,Review. Some address/physical fields may intentionally differ after geocode/API cleanup.
asset_master,review,asset_field_change_candidate,ast_c0ba855ea88d,A200036001,country_code,국내/해외,country_code,OVERSEAS,,,not_checked,,Review. Some address/physical fields may intentionally differ after geocode/API cleanup.
asset_master,review,asset_field_change_candidate,ast_b0958ad3f79d,A200037001,portfolio_region,투자지역,portfolio_region,북미,,,not_checked,,Review. Some address/physical fields may intentionally differ after geocode/API cleanup.
asset_master,review,asset_field_change_candidate,ast_b0958ad3f79d,A200037001,country_code,국내/해외,country_code,OVERSEAS,,,not_checked,,Review. Some address/physical fields may intentionally differ after geocode/API cleanup.
asset_master,review,asset_field_change_candidate,ast_9295ffd5dc91,A200038001,portfolio_region,투자지역,portfolio_region,유럽,,,not_checked,,Review. Some address/physical fields may intentionally differ after geocode/API cleanup.
asset_master,review,asset_field_change_candidate,ast_9295ffd5dc91,A200038001,country_code,국내/해외,country_code,OVERSEAS,,,not_checked,,Review. Some address/physical fields may intentionally differ after geocode/API cleanup.
asset_master,review,asset_field_change_candidate,ast_23cef84d6f3d,A200039001,portfolio_region,투자지역,portfolio_region,유럽,,,not_checked,,Review. Some address/physical fields may intentionally differ after geocode/API cleanup.
asset_master,review,asset_field_change_candidate,ast_23cef84d6f3d,A200039001,country_code,국내/해외,country_code,OVERSEAS,,,not_checked,,Review. Some address/physical fields may intentionally differ after geocode/API cleanup.
asset_master,review,asset_field_change_candidate,ast_1a6da4237f05,A200040001,portfolio_region,투자지역,portfolio_region,유럽,,,not_checked,,Review. Some address/physical fields may intentionally differ after geocode/API cleanup.
asset_master,review,asset_field_change_candidate,ast_1a6da4237f05,A200040001,country_code,국내/해외,country_code,OVERSEAS,,,not_checked,,Review. Some address/physical fields may intentionally differ after geocode/API cleanup.
asset_master,review,asset_field_change_candidate,ast_6d46843010b7,A200041001,portfolio_region,투자지역,portfolio_region,북미,,,not_checked,,Review. Some address/physical fields may intentionally differ after geocode/API cleanup.
asset_master,review,asset_field_change_candidate,ast_6d46843010b7,A200041001,country_code,국내/해외,country_code,OVERSEAS,,,not_checked,,Review. Some address/physical fields may intentionally differ after geocode/API cleanup.
asset_master,review,asset_field_change_candidate,ast_866984747e2a,A200042001,portfolio_region,투자지역,portfolio_region,유럽,,,not_checked,,Review. Some address/physical fields may intentionally differ after geocode/API cleanup.
asset_master,review,asset_field_change_candidate,ast_866984747e2a,A200042001,country_code,국내/해외,country_code,OVERSEAS,,,not_checked,,Review. Some address/physical fields may intentionally differ after geocode/API cleanup.
asset_master,review,asset_field_change_candidate,ast_1f99948b6e40,A200044001,canonical_name,자산(건물)명,canonical_name,괌 소재 종합병원(GRMC)에 대한 선순위 대출,괌 소재 종합병원(GRMC)에 대한 선순위,,not_checked,,Review. Some address/physical fields may intentionally differ after geocode/API cleanup.
asset_master,review,asset_field_change_candidate,ast_1f99948b6e40,A200044001,portfolio_region,투자지역,portfolio_region,글로벌,,,not_checked,,Review. Some address/physical fields may intentionally differ after geocode/API cleanup.
asset_master,review,asset_field_change_candidate,ast_1f99948b6e40,A200044001,country_code,국내/해외,country_code,OVERSEAS,,,not_checked,,Review. Some address/physical fields may intentionally differ after geocode/API cleanup.
asset_master,review,asset_field_change_candidate,ast_8e3a0cd2dbb4,A200045001,portfolio_region,투자지역,portfolio_region,북미,,,not_checked,,Review. Some address/physical fields may intentionally differ after geocode/API cleanup.
asset_master,review,asset_field_change_candidate,ast_8e3a0cd2dbb4,A200045001,country_code,국내/해외,country_code,OVERSEAS,,,not_checked,,Review. Some address/physical fields may intentionally differ after geocode/API cleanup.
asset_master,review,asset_field_change_candidate,ast_1ba78b46e989,A300001001,portfolio_region,투자지역,portfolio_region,대한민국,,,not_checked,,Review. Some address/physical fields may intentionally differ after geocode/API cleanup.
asset_master,review,asset_field_change_candidate,ast_2abc73265d3d,A300006001,portfolio_region,투자지역,portfolio_region,대한민국,,,not_checked,,Review. Some address/physical fields may intentionally differ after geocode/API cleanup.
asset_master,review,asset_field_change_candidate,ast_2756cfcf8361,A300010001,portfolio_region,투자지역,portfolio_region,글로벌,,,not_checked,,Review. Some address/physical fields may intentionally differ after geocode/API cleanup.
asset_master,review,asset_field_change_candidate,ast_2756cfcf8361,A300010001,country_code,국내/해외,country_code,OVERSEAS,,,not_checked,,Review. Some address/physical fields may intentionally differ after geocode/API cleanup.
asset_master,review,asset_field_change_candidate,ast_17859af0b93a,A300011001,portfolio_region,투자지역,portfolio_region,대한민국,,,not_checked,,Review. Some address/physical fields may intentionally differ after geocode/API cleanup.
asset_master,review,asset_field_change_candidate,ast_204fd0903755,A300012001,portfolio_region,투자지역,portfolio_region,대한민국,,,not_checked,,Review. Some address/physical fields may intentionally differ after geocode/API cleanup.
asset_master,review,asset_field_change_candidate,ast_9d78f7be9afb,A300015001,portfolio_region,투자지역,portfolio_region,대한민국,,,not_checked,,Review. Some address/physical fields may intentionally differ after geocode/API cleanup.
asset_master,review,asset_field_change_candidate,ast_28f8c726fc8f,A300016001,portfolio_region,투자지역,portfolio_region,대한민국,,,not_checked,,Review. Some address/physical fields may intentionally differ after geocode/API cleanup.
asset_master,review,asset_field_change_candidate,ast_df9311763a69,A300017001,portfolio_region,투자지역,portfolio_region,대한민국,,,not_checked,,Review. Some address/physical fields may intentionally differ after geocode/API cleanup.
asset_master,review,asset_field_change_candidate,ast_b74794104f0e,A300018001,portfolio_region,투자지역,portfolio_region,대한민국,,,not_checked,,Review. Some address/physical fields may intentionally differ after geocode/API cleanup.
asset_master,review,asset_field_change_candidate,ast_f5638b202fba,A300019001,portfolio_region,투자지역,portfolio_region,대한민국,,,not_checked,,Review. Some address/physical fields may intentionally differ after geocode/API cleanup.
asset_master,review,asset_field_change_candidate,ast_9672f00925b5,A300020001,portfolio_region,투자지역,portfolio_region,대한민국,,,not_checked,,Review. Some address/physical fields may intentionally differ after geocode/API cleanup.
asset_master,review,asset_field_change_candidate,ast_e3855badc0c0,A300028001,portfolio_region,투자지역,portfolio_region,대한민국,,,not_checked,,Review. Some address/physical fields may intentionally differ after geocode/API cleanup.
asset_master,review,asset_field_change_candidate,ast_5933e6ee5160,A300032001,portfolio_region,투자지역,portfolio_region,대한민국,,,not_checked,,Review. Some address/physical fields may intentionally differ after geocode/API cleanup.
asset_master,review,asset_field_change_candidate,ast_6f30b531d9a2,A300036001,portfolio_region,투자지역,portfolio_region,대한민국,,,not_checked,,Review. Some address/physical fields may intentionally differ after geocode/API cleanup.
asset_master,review,asset_field_change_candidate,ast_f26dd6678598,A300037001,portfolio_region,투자지역,portfolio_region,대한민국,,,not_checked,,Review. Some address/physical fields may intentionally differ after geocode/API cleanup.
asset_master,review,asset_field_change_candidate,ast_7d37fa81629c,A300039001,portfolio_region,투자지역,portfolio_region,대한민국,,,not_checked,,Review. Some address/physical fields may intentionally differ after geocode/API cleanup.
asset_master,review,asset_field_change_candidate,ast_1283cae9910d,A300040001,portfolio_region,투자지역,portfolio_region,대한민국,,,not_checked,,Review. Some address/physical fields may intentionally differ after geocode/API cleanup.
asset_master,review,asset_field_change_candidate,ast_4e98244e7898,A300044001,portfolio_region,투자지역,portfolio_region,대한민국,,,not_checked,,Review. Some address/physical fields may intentionally differ after geocode/API cleanup.
asset_master,review,asset_field_change_candidate,ast_fe2742669ca3,A300046001,portfolio_region,투자지역,portfolio_region,대한민국,,,not_checked,,Review. Some address/physical fields may intentionally differ after geocode/API cleanup.
asset_master,review,asset_field_change_candidate,ast_640aad4b6a23,A300047001,portfolio_region,투자지역,portfolio_region,대한민국,,,not_checked,,Review. Some address/physical fields may intentionally differ after geocode/API cleanup.
asset_master,review,asset_field_change_candidate,ast_3790cde01d6c,A300050001,portfolio_region,투자지역,portfolio_region,대한민국,,,not_checked,,Review. Some address/physical fields may intentionally differ after geocode/API cleanup.
asset_master,review,asset_field_change_candidate,ast_8c4bee05b692,A300051001,portfolio_region,투자지역,portfolio_region,대한민국,,,not_checked,,Review. Some address/physical fields may intentionally differ after geocode/API cleanup.
asset_master,review,asset_field_change_candidate,ast_de42c797815f,A300052001,portfolio_region,투자지역,portfolio_region,대한민국,,,not_checked,,Review. Some address/physical fields may intentionally differ after geocode/API cleanup.
asset_master,review,asset_field_change_candidate,ast_7447893893dc,A300053001,portfolio_region,투자지역,portfolio_region,글로벌,,,not_checked,,Review. Some address/physical fields may intentionally differ after geocode/API cleanup.
asset_master,review,asset_field_change_candidate,ast_7447893893dc,A300053001,country_code,국내/해외,country_code,OVERSEAS,,,not_checked,,Review. Some address/physical fields may intentionally differ after geocode/API cleanup.
asset_master,review,asset_field_change_candidate,ast_76dc6e70b8de,A300054001,portfolio_region,투자지역,portfolio_region,대한민국,,,not_checked,,Review. Some address/physical fields may intentionally differ after geocode/API cleanup.
asset_master,review,asset_field_change_candidate,ast_567d9ac13840,A300057001,portfolio_region,투자지역,portfolio_region,대한민국,,,not_checked,,Review. Some address/physical fields may intentionally differ after geocode/API cleanup.
asset_master,review,asset_field_change_candidate,ast_4c95baf19598,A300061001,portfolio_region,투자지역,portfolio_region,글로벌,,,not_checked,,Review. Some address/physical fields may intentionally differ after geocode/API cleanup.
asset_master,review,asset_field_change_candidate,ast_4c95baf19598,A300061001,country_code,국내/해외,country_code,혼합,,,not_checked,,Review. Some address/physical fields may intentionally differ after geocode/API cleanup.
asset_master,review,asset_field_change_candidate,ast_dc9b51df4a56,A300063001,portfolio_region,투자지역,portfolio_region,대한민국,,,not_checked,,Review. Some address/physical fields may intentionally differ after geocode/API cleanup.
asset_master,review,asset_field_change_candidate,ast_ca8728fa5c54,A300066001,portfolio_region,투자지역,portfolio_region,글로벌,,,not_checked,,Review. Some address/physical fields may intentionally differ after geocode/API cleanup.
asset_master,review,asset_field_change_candidate,ast_ca8728fa5c54,A300066001,country_code,국내/해외,country_code,OVERSEAS,,,not_checked,,Review. Some address/physical fields may intentionally differ after geocode/API cleanup.
asset_master,review,asset_field_change_candidate,ast_ea7cfe2c034c,A300067001,portfolio_region,투자지역,portfolio_region,대한민국,,,not_checked,,Review. Some address/physical fields may intentionally differ after geocode/API cleanup.
asset_master,review,asset_field_change_candidate,ast_29d7a94f5571,A300073001,portfolio_region,투자지역,portfolio_region,대한민국,,,not_checked,,Review. Some address/physical fields may intentionally differ after geocode/API cleanup.
asset_master,review,asset_field_change_candidate,ast_bdcfe83d9647,A300074001,portfolio_region,투자지역,portfolio_region,대한민국,,,not_checked,,Review. Some address/physical fields may intentionally differ after geocode/API cleanup.
asset_master,review,asset_field_change_candidate,ast_ea90d1d50c7d,A300075001,portfolio_region,투자지역,portfolio_region,대한민국,,,not_checked,,Review. Some address/physical fields may intentionally differ after geocode/API cleanup.
asset_master,review,asset_field_change_candidate,ast_de9d530fc253,A300076001,portfolio_region,투자지역,portfolio_region,대한민국,,,not_checked,,Review. Some address/physical fields may intentionally differ after geocode/API cleanup.
asset_master,review,asset_field_change_candidate,ast_2f76d32aed7a,A300079001,portfolio_region,투자지역,portfolio_region,대한민국,,,not_checked,,Review. Some address/physical fields may intentionally differ after geocode/API cleanup.
asset_master,review,asset_field_change_candidate,ast_8a924c865968,A300080001,portfolio_region,투자지역,portfolio_region,대한민국,,,not_checked,,Review. Some address/physical fields may intentionally differ after geocode/API cleanup.
asset_master,review,asset_field_change_candidate,ast_34abd4a0e354,A300085001,portfolio_region,투자지역,portfolio_region,대한민국,,,not_checked,,Review. Some address/physical fields may intentionally differ after geocode/API cleanup.
asset_master,review,asset_field_change_candidate,ast_34abd4a0e354,A300085001,country_code,국내/해외,country_code,KR,,,not_checked,,Review. Some address/physical fields may intentionally differ after geocode/API cleanup.
asset_master,review,asset_field_change_candidate,ast_4b214a3d68c2,AP00001001,business_stage,사업단계,business_stage,운영/실물,,,not_checked,,Review. Some address/physical fields may intentionally differ after geocode/API cleanup.
asset_master,review,asset_field_change_candidate,ast_4b214a3d68c2,AP00001001,portfolio_region,투자지역,portfolio_region,대한민국,,,not_checked,,Review. Some address/physical fields may intentionally differ after geocode/API cleanup.
asset_master,review,asset_field_change_candidate,ast_3294b7419653,AP00002001,business_stage,사업단계,business_stage,개발,,,not_checked,,Review. Some address/physical fields may intentionally differ after geocode/API cleanup.
asset_master,review,asset_field_change_candidate,ast_3294b7419653,AP00002001,portfolio_region,투자지역,portfolio_region,대한민국,,,not_checked,,Review. Some address/physical fields may intentionally differ after geocode/API cleanup.
asset_master,review,asset_field_change_candidate,ast_84a189ca5219,AP00003001,business_stage,사업단계,business_stage,운영/실물,,,not_checked,,Review. Some address/physical fields may intentionally differ after geocode/API cleanup.
asset_master,review,asset_field_change_candidate,ast_84a189ca5219,AP00003001,portfolio_region,투자지역,portfolio_region,대한민국,,,not_checked,,Review. Some address/physical fields may intentionally differ after geocode/API cleanup.
asset_master,review,asset_field_change_candidate,ast_093042bc2e8e,AP00004001,business_stage,사업단계,business_stage,운영/실물,,,not_checked,,Review. Some address/physical fields may intentionally differ after geocode/API cleanup.
asset_master,review,asset_field_change_candidate,ast_093042bc2e8e,AP00004001,portfolio_region,투자지역,portfolio_region,대한민국,,,not_checked,,Review. Some address/physical fields may intentionally differ after geocode/API cleanup.
asset_master,review,asset_field_change_candidate,ast_41455c9fd7e7,AP00005001,business_stage,사업단계,business_stage,개발,,,not_checked,,Review. Some address/physical fields may intentionally differ after geocode/API cleanup.
asset_master,review,asset_field_change_candidate,ast_41455c9fd7e7,AP00005001,portfolio_region,투자지역,portfolio_region,대한민국,,,not_checked,,Review. Some address/physical fields may intentionally differ after geocode/API cleanup.
asset_master,review,asset_field_change_candidate,ast_c14f12c21203,AP00006001,business_stage,사업단계,business_stage,개발,,,pending,,Review. Some address/physical fields may intentionally differ after geocode/API cleanup.
asset_master,review,asset_field_change_candidate,ast_c14f12c21203,AP00006001,portfolio_region,투자지역,portfolio_region,대한민국,,,pending,,Review. Some address/physical fields may intentionally differ after geocode/API cleanup.
asset_master,review,asset_field_change_candidate,ast_42a97e89a9a5,AP00007002,business_stage,사업단계,business_stage,운영/실물,,,found,BldRgstHubService.getBrTitleInfo,Review. Some address/physical fields may intentionally differ after geocode/API cleanup.
asset_master,review,asset_field_change_candidate,ast_42a97e89a9a5,AP00007002,portfolio_region,투자지역,portfolio_region,대한민국,,,found,BldRgstHubService.getBrTitleInfo,Review. Some address/physical fields may intentionally differ after geocode/API cleanup.
asset_master,review,asset_field_change_candidate,ast_42a97e89a9a5,AP00007002,site_area,토지면적(㎡),site_area,,5853,,found,BldRgstHubService.getBrTitleInfo,Physical fields may be API-enriched. Review provenance before overwriting.
asset_master,review,asset_field_change_candidate,ast_42a97e89a9a5,AP00007002,parking,주차대수,parking,,옥내 120 / 옥외 2,,found,BldRgstHubService.getBrTitleInfo,Review. Some address/physical fields may intentionally differ after geocode/API cleanup.
asset_master,review,asset_field_change_candidate,ast_24463e868506,AP00008001,business_stage,사업단계,business_stage,개발,,,pending,,Review. Some address/physical fields may intentionally differ after geocode/API cleanup.
asset_master,review,asset_field_change_candidate,ast_24463e868506,AP00008001,portfolio_region,투자지역,portfolio_region,대한민국,,,pending,,Review. Some address/physical fields may intentionally differ after geocode/API cleanup.
asset_master,review,asset_field_change_candidate,ast_58e1f6750cf0,AP00009001,business_stage,사업단계,business_stage,부실,,,pending,,Review. Some address/physical fields may intentionally differ after geocode/API cleanup.
asset_master,review,asset_field_change_candidate,ast_58e1f6750cf0,AP00009001,portfolio_region,투자지역,portfolio_region,대한민국,,,pending,,Review. Some address/physical fields may intentionally differ after geocode/API cleanup.
asset_master,review,asset_field_change_candidate,ast_023cb333482d,AP00010001,business_stage,사업단계,business_stage,운영/실물,,,not_checked,,Review. Some address/physical fields may intentionally differ after geocode/API cleanup.
asset_master,review,asset_field_change_candidate,ast_023cb333482d,AP00010001,portfolio_region,투자지역,portfolio_region,대한민국,,,not_checked,,Review. Some address/physical fields may intentionally differ after geocode/API cleanup.
asset_master,review,asset_field_change_candidate,ast_58f18cb76dad,AP00011001,business_stage,사업단계,business_stage,운영/실물,,,found,BldRgstHubService.getBrTitleInfo,Review. Some address/physical fields may intentionally differ after geocode/API cleanup.
asset_master,review,asset_field_change_candidate,ast_58f18cb76dad,AP00011001,portfolio_region,투자지역,portfolio_region,대한민국,,,found,BldRgstHubService.getBrTitleInfo,Review. Some address/physical fields may intentionally differ after geocode/API cleanup.
asset_master,review,asset_field_change_candidate,ast_58f18cb76dad,AP00011001,gross_floor_area,연면적(m²),gross_floor_area,,0,,found,BldRgstHubService.getBrTitleInfo,Physical fields may be API-enriched. Review provenance before overwriting.
asset_master,review,asset_field_change_candidate,ast_58f18cb76dad,AP00011001,site_area,토지면적(㎡),site_area,,0,,found,BldRgstHubService.getBrTitleInfo,Physical fields may be API-enriched. Review provenance before overwriting.
asset_master,review,asset_field_change_candidate,ast_58f18cb76dad,AP00011001,completion_date,준공(예정)일,completion_date,,2025-04-29,,found,BldRgstHubService.getBrTitleInfo,Review. Some address/physical fields may intentionally differ after geocode/API cleanup.
asset_master,review,asset_field_change_candidate,ast_58f18cb76dad,AP00011001,parking,주차대수,parking,,옥내 0 / 옥외 0,,found,BldRgstHubService.getBrTitleInfo,Review. Some address/physical fields may intentionally differ after geocode/API cleanup.
asset_master,review,asset_field_change_candidate,ast_1f096e28a63c,AP00012001,business_stage,사업단계,business_stage,개발,,,not_checked,,Review. Some address/physical fields may intentionally differ after geocode/API cleanup.
asset_master,review,asset_field_change_candidate,ast_1f096e28a63c,AP00012001,portfolio_region,투자지역,portfolio_region,대한민국,,,not_checked,,Review. Some address/physical fields may intentionally differ after geocode/API cleanup.
asset_master,review,asset_field_change_candidate,ast_a6782d520cea,AP00013001,business_stage,사업단계,business_stage,개발,,,pending,,Review. Some address/physical fields may intentionally differ after geocode/API cleanup.
asset_master,review,asset_field_change_candidate,ast_a6782d520cea,AP00013001,portfolio_region,투자지역,portfolio_region,대한민국,,,pending,,Review. Some address/physical fields may intentionally differ after geocode/API cleanup.
asset_master,review,asset_field_change_candidate,ast_a6782d520cea,AP00013001,country_code,국내/해외,country_code,KR,,,pending,,Review. Some address/physical fields may intentionally differ after geocode/API cleanup.
asset_master,review,asset_field_change_candidate,ast_c216d24d224b,AP00014001,business_stage,사업단계,business_stage,운영/실물,,,not_checked,,Review. Some address/physical fields may intentionally differ after geocode/API cleanup.
asset_master,review,asset_field_change_candidate,ast_c216d24d224b,AP00014001,portfolio_region,투자지역,portfolio_region,대한민국,,,not_checked,,Review. Some address/physical fields may intentionally differ after geocode/API cleanup.
asset_master,review,asset_field_change_candidate,ast_35ecf256fe62,AP00015001,business_stage,사업단계,business_stage,개발,,,pending,,Review. Some address/physical fields may intentionally differ after geocode/API cleanup.
asset_master,review,asset_field_change_candidate,ast_35ecf256fe62,AP00015001,portfolio_region,투자지역,portfolio_region,대한민국,,,pending,,Review. Some address/physical fields may intentionally differ after geocode/API cleanup.
asset_master,review,asset_field_change_candidate,ast_6823b524f42f,AP00016001,business_stage,사업단계,business_stage,부실,,,found,BldRgstHubService.getBrTitleInfo,Review. Some address/physical fields may intentionally differ after geocode/API cleanup.
asset_master,review,asset_field_change_candidate,ast_6823b524f42f,AP00016001,portfolio_region,투자지역,portfolio_region,대한민국,,,found,BldRgstHubService.getBrTitleInfo,Review. Some address/physical fields may intentionally differ after geocode/API cleanup.
asset_master,review,asset_field_change_candidate,ast_6823b524f42f,AP00016001,site_area,토지면적(㎡),site_area,,0,,found,BldRgstHubService.getBrTitleInfo,Physical fields may be API-enriched. Review provenance before overwriting.
asset_master,review,asset_field_change_candidate,ast_3c022176b9c4,AP00017001,business_stage,사업단계,business_stage,개발,,,found,BldRgstHubService.getBrTitleInfo,Review. Some address/physical fields may intentionally differ after geocode/API cleanup.
asset_master,review,asset_field_change_candidate,ast_3c022176b9c4,AP00017001,portfolio_region,투자지역,portfolio_region,대한민국,,,found,BldRgstHubService.getBrTitleInfo,Review. Some address/physical fields may intentionally differ after geocode/API cleanup.
asset_master,review,asset_field_change_candidate,ast_3c022176b9c4,AP00017001,site_area,토지면적(㎡),site_area,,0,,found,BldRgstHubService.getBrTitleInfo,Physical fields may be API-enriched. Review provenance before overwriting.
asset_master,review,asset_field_change_candidate,ast_3c022176b9c4,AP00017001,parking,주차대수,parking,,옥내 0 / 옥외 13,,found,BldRgstHubService.getBrTitleInfo,Review. Some address/physical fields may intentionally differ after geocode/API cleanup.
asset_master,review,asset_field_change_candidate,ast_bb3782e6cd9f,AP00018001,business_stage,사업단계,business_stage,운영/실물,,,found,BldRgstHubService.getBrTitleInfo,Review. Some address/physical fields may intentionally differ after geocode/API cleanup.
asset_master,review,asset_field_change_candidate,ast_bb3782e6cd9f,AP00018001,portfolio_region,투자지역,portfolio_region,대한민국,,,found,BldRgstHubService.getBrTitleInfo,Review. Some address/physical fields may intentionally differ after geocode/API cleanup.
asset_master,review,asset_field_change_candidate,ast_bb3782e6cd9f,AP00018001,country_code,국내/해외,country_code,KR,,,found,BldRgstHubService.getBrTitleInfo,Review. Some address/physical fields may intentionally differ after geocode/API cleanup.
asset_master,review,asset_field_change_candidate,ast_bb3782e6cd9f,AP00018001,site_area,토지면적(㎡),site_area,,39053,,found,BldRgstHubService.getBrTitleInfo,Physical fields may be API-enriched. Review provenance before overwriting.
asset_master,review,asset_field_change_candidate,ast_bb3782e6cd9f,AP00018001,completion_date,준공(예정)일,completion_date,,2024-09-24,,found,BldRgstHubService.getBrTitleInfo,Review. Some address/physical fields may intentionally differ after geocode/API cleanup.
asset_master,review,asset_field_change_candidate,ast_bb3782e6cd9f,AP00018001,parking,주차대수,parking,,옥내 3608 / 옥외 0,,found,BldRgstHubService.getBrTitleInfo,Review. Some address/physical fields may intentionally differ after geocode/API cleanup.
asset_master,review,asset_field_change_candidate,ast_e4e8c1b51392,AP00019001,business_stage,사업단계,business_stage,운영/실물,,,not_checked,,Review. Some address/physical fields may intentionally differ after geocode/API cleanup.
asset_master,review,asset_field_change_candidate,ast_e4e8c1b51392,AP00019001,portfolio_region,투자지역,portfolio_region,대한민국,,,not_checked,,Review. Some address/physical fields may intentionally differ after geocode/API cleanup.
asset_master,review,asset_field_change_candidate,ast_4993a29b4a10,AP00020001,business_stage,사업단계,business_stage,개발,,,not_checked,,Review. Some address/physical fields may intentionally differ after geocode/API cleanup.
asset_master,review,asset_field_change_candidate,ast_4993a29b4a10,AP00020001,portfolio_region,투자지역,portfolio_region,대한민국,,,not_checked,,Review. Some address/physical fields may intentionally differ after geocode/API cleanup.
asset_master,review,asset_field_change_candidate,ast_bc54b586be28,AP00021001,business_stage,사업단계,business_stage,운영/실물,,,found,BldRgstHubService.getBrTitleInfo,Review. Some address/physical fields may intentionally differ after geocode/API cleanup.
asset_master,review,asset_field_change_candidate,ast_bc54b586be28,AP00021001,portfolio_region,투자지역,portfolio_region,대한민국,,,found,BldRgstHubService.getBrTitleInfo,Review. Some address/physical fields may intentionally differ after geocode/API cleanup.
asset_master,review,asset_field_change_candidate,ast_bc54b586be28,AP00021001,gross_floor_area,연면적(m²),gross_floor_area,,20624,,found,BldRgstHubService.getBrTitleInfo,Physical fields may be API-enriched. Review provenance before overwriting.
asset_master,review,asset_field_change_candidate,ast_bc54b586be28,AP00021001,site_area,토지면적(㎡),site_area,,2588,,found,BldRgstHubService.getBrTitleInfo,Physical fields may be API-enriched. Review provenance before overwriting.
asset_master,review,asset_field_change_candidate,ast_bc54b586be28,AP00021001,parking,주차대수,parking,,옥내 162 / 옥외 0,,found,BldRgstHubService.getBrTitleInfo,Review. Some address/physical fields may intentionally differ after geocode/API cleanup.
asset_master,review,asset_field_change_candidate,ast_1f6899d52522,AP00022001,business_stage,사업단계,business_stage,부실,,,pending,,Review. Some address/physical fields may intentionally differ after geocode/API cleanup.
asset_master,review,asset_field_change_candidate,ast_1f6899d52522,AP00022001,portfolio_region,투자지역,portfolio_region,대한민국,,,pending,,Review. Some address/physical fields may intentionally differ after geocode/API cleanup.
asset_master,review,asset_field_change_candidate,ast_d874a81175a1,AP00024001,business_stage,사업단계,business_stage,부실,,,pending,,Review. Some address/physical fields may intentionally differ after geocode/API cleanup.
asset_master,review,asset_field_change_candidate,ast_d874a81175a1,AP00024001,portfolio_region,투자지역,portfolio_region,대한민국,,,pending,,Review. Some address/physical fields may intentionally differ after geocode/API cleanup.
asset_master,review,asset_field_change_candidate,ast_4b5c26617588,AP00025001,business_stage,사업단계,business_stage,부실,,,pending,,Review. Some address/physical fields may intentionally differ after geocode/API cleanup.
asset_master,review,asset_field_change_candidate,ast_4b5c26617588,AP00025001,portfolio_region,투자지역,portfolio_region,대한민국,,,pending,,Review. Some address/physical fields may intentionally differ after geocode/API cleanup.
asset_master,review,asset_field_change_candidate,ast_d3f5d6add1ca,AP00026001,business_stage,사업단계,business_stage,부실,,,pending,,Review. Some address/physical fields may intentionally differ after geocode/API cleanup.
asset_master,review,asset_field_change_candidate,ast_d3f5d6add1ca,AP00026001,portfolio_region,투자지역,portfolio_region,대한민국,,,pending,,Review. Some address/physical fields may intentionally differ after geocode/API cleanup.
asset_master,review,asset_field_change_candidate,ast_081de2d9bdd9,AP00027001,business_stage,사업단계,business_stage,개발,,,pending,,Review. Some address/physical fields may intentionally differ after geocode/API cleanup.
asset_master,review,asset_field_change_candidate,ast_081de2d9bdd9,AP00027001,portfolio_region,투자지역,portfolio_region,대한민국,,,pending,,Review. Some address/physical fields may intentionally differ after geocode/API cleanup.
asset_master,review,asset_field_change_candidate,ast_c3ac30b33acf,AP00028001,business_stage,사업단계,business_stage,부실,,,not_checked,,Review. Some address/physical fields may intentionally differ after geocode/API cleanup.
asset_master,review,asset_field_change_candidate,ast_c3ac30b33acf,AP00028001,portfolio_region,투자지역,portfolio_region,대한민국,,,not_checked,,Review. Some address/physical fields may intentionally differ after geocode/API cleanup.
asset_master,review,asset_field_change_candidate,ast_0527c87b54b5,AP00029001,business_stage,사업단계,business_stage,개발,,,pending,,Review. Some address/physical fields may intentionally differ after geocode/API cleanup.
asset_master,review,asset_field_change_candidate,ast_0527c87b54b5,AP00029001,portfolio_region,투자지역,portfolio_region,대한민국,,,pending,,Review. Some address/physical fields may intentionally differ after geocode/API cleanup.
asset_master,review,asset_field_change_candidate,ast_a4549cd85c41,AP00030001,business_stage,사업단계,business_stage,개발,,,found,BldRgstHubService.getBrTitleInfo,Review. Some address/physical fields may intentionally differ after geocode/API cleanup.
asset_master,review,asset_field_change_candidate,ast_a4549cd85c41,AP00030001,portfolio_region,투자지역,portfolio_region,대한민국,,,found,BldRgstHubService.getBrTitleInfo,Review. Some address/physical fields may intentionally differ after geocode/API cleanup.
asset_master,review,asset_field_change_candidate,ast_a4549cd85c41,AP00030001,site_area,토지면적(㎡),site_area,,18760,,found,BldRgstHubService.getBrTitleInfo,Physical fields may be API-enriched. Review provenance before overwriting.
asset_master,review,asset_field_change_candidate,ast_a4549cd85c41,AP00030001,completion_date,준공(예정)일,completion_date,,1984-11-29,,found,BldRgstHubService.getBrTitleInfo,Review. Some address/physical fields may intentionally differ after geocode/API cleanup.
asset_master,review,asset_field_change_candidate,ast_a4549cd85c41,AP00030001,parking,주차대수,parking,,옥내 401 / 옥외 88,,found,BldRgstHubService.getBrTitleInfo,Review. Some address/physical fields may intentionally differ after geocode/API cleanup.
asset_master,review,asset_field_change_candidate,ast_89f1f1989a34,AP00031001,business_stage,사업단계,business_stage,부실,,,found,BldRgstHubService.getBrTitleInfo,Review. Some address/physical fields may intentionally differ after geocode/API cleanup.
asset_master,review,asset_field_change_candidate,ast_89f1f1989a34,AP00031001,portfolio_region,투자지역,portfolio_region,대한민국,,,found,BldRgstHubService.getBrTitleInfo,Review. Some address/physical fields may intentionally differ after geocode/API cleanup.
asset_master,review,asset_field_change_candidate,ast_89f1f1989a34,AP00031001,site_area,토지면적(㎡),site_area,,1957,,found,BldRgstHubService.getBrTitleInfo,Physical fields may be API-enriched. Review provenance before overwriting.
asset_master,review,asset_field_change_candidate,ast_89f1f1989a34,AP00031001,parking,주차대수,parking,,옥내 0 / 옥외 23,,found,BldRgstHubService.getBrTitleInfo,Review. Some address/physical fields may intentionally differ after geocode/API cleanup.
asset_master,review,asset_field_change_candidate,ast_ba5f85af264f,AP00032001,business_stage,사업단계,business_stage,개발,,,pending,,Review. Some address/physical fields may intentionally differ after geocode/API cleanup.
asset_master,review,asset_field_change_candidate,ast_ba5f85af264f,AP00032001,portfolio_region,투자지역,portfolio_region,대한민국,,,pending,,Review. Some address/physical fields may intentionally differ after geocode/API cleanup.
asset_master,review,asset_field_change_candidate,ast_94dd7f193182,AP00033001,business_stage,사업단계,business_stage,개발,,,pending,,Review. Some address/physical fields may intentionally differ after geocode/API cleanup.
asset_master,review,asset_field_change_candidate,ast_94dd7f193182,AP00033001,portfolio_region,투자지역,portfolio_region,대한민국,,,pending,,Review. Some address/physical fields may intentionally differ after geocode/API cleanup.
asset_master,review,asset_field_change_candidate,ast_bad984e26b0b,AP00034001,business_stage,사업단계,business_stage,부실,,,pending,,Review. Some address/physical fields may intentionally differ after geocode/API cleanup.
asset_master,review,asset_field_change_candidate,ast_bad984e26b0b,AP00034001,portfolio_region,투자지역,portfolio_region,대한민국,,,pending,,Review. Some address/physical fields may intentionally differ after geocode/API cleanup.
asset_master,review,asset_field_change_candidate,ast_5316c8adc2fb,AP00035001,business_stage,사업단계,business_stage,개발,,,pending,,Review. Some address/physical fields may intentionally differ after geocode/API cleanup.
asset_master,review,asset_field_change_candidate,ast_5316c8adc2fb,AP00035001,portfolio_region,투자지역,portfolio_region,대한민국,,,pending,,Review. Some address/physical fields may intentionally differ after geocode/API cleanup.
asset_master,review,asset_field_change_candidate,ast_2c946ed0b0fa,AP00037001,business_stage,사업단계,business_stage,개발,,,found,BldRgstHubService.getBrTitleInfo,Review. Some address/physical fields may intentionally differ after geocode/API cleanup.
asset_master,review,asset_field_change_candidate,ast_2c946ed0b0fa,AP00037001,portfolio_region,투자지역,portfolio_region,대한민국,,,found,BldRgstHubService.getBrTitleInfo,Review. Some address/physical fields may intentionally differ after geocode/API cleanup.
asset_master,review,asset_field_change_candidate,ast_2c946ed0b0fa,AP00037001,site_area,토지면적(㎡),site_area,,3965,,found,BldRgstHubService.getBrTitleInfo,Physical fields may be API-enriched. Review provenance before overwriting.
asset_master,review,asset_field_change_candidate,ast_2c946ed0b0fa,AP00037001,completion_date,준공(예정)일,completion_date,,1970-08-20,,found,BldRgstHubService.getBrTitleInfo,Review. Some address/physical fields may intentionally differ after geocode/API cleanup.
asset_master,review,asset_field_change_candidate,ast_bb94f2f213ab,AP00039001,business_stage,사업단계,business_stage,개발,,,not_checked,,Review. Some address/physical fields may intentionally differ after geocode/API cleanup.
asset_master,review,asset_field_change_candidate,ast_c560bb54059f,AP00040001,portfolio_region,투자지역,portfolio_region,대한민국,,,not_checked,,Review. Some address/physical fields may intentionally differ after geocode/API cleanup.
asset_master,review,asset_field_change_candidate,ast_24f9e46b72d9,AR00001001,portfolio_region,투자지역,portfolio_region,대한민국,,,pending,,Review. Some address/physical fields may intentionally differ after geocode/API cleanup.
asset_master,review,asset_field_change_candidate,ast_fe54855dac7e,AR00004001,portfolio_region,투자지역,portfolio_region,대한민국,,,pending,,Review. Some address/physical fields may intentionally differ after geocode/API cleanup.
asset_master,review,asset_field_change_candidate,ast_df61856e9446,AR00006001,portfolio_region,투자지역,portfolio_region,대한민국,,,found,BldRgstHubService.getBrTitleInfo,Review. Some address/physical fields may intentionally differ after geocode/API cleanup.
asset_master,review,asset_field_change_candidate,ast_df61856e9446,AR00006001,site_area,토지면적(㎡),site_area,,3588,,found,BldRgstHubService.getBrTitleInfo,Physical fields may be API-enriched. Review provenance before overwriting.
asset_master,review,asset_field_change_candidate,ast_df61856e9446,AR00006001,completion_date,준공(예정)일,completion_date,,2000-06-10,,found,BldRgstHubService.getBrTitleInfo,Review. Some address/physical fields may intentionally differ after geocode/API cleanup.
asset_master,review,asset_field_change_candidate,ast_df61856e9446,AR00006001,parking,주차대수,parking,,옥내 41 / 옥외 0,,found,BldRgstHubService.getBrTitleInfo,Review. Some address/physical fields may intentionally differ after geocode/API cleanup.
asset_master,review,asset_field_change_candidate,ast_c4e7fa860d3b,AR00006002,portfolio_region,투자지역,portfolio_region,북미,,,not_checked,,Review. Some address/physical fields may intentionally differ after geocode/API cleanup.
asset_master,review,asset_field_change_candidate,ast_c4e7fa860d3b,AR00006002,country_code,국내/해외,country_code,OVERSEAS,,,not_checked,,Review. Some address/physical fields may intentionally differ after geocode/API cleanup.
asset_master,review,asset_field_change_candidate,ast_30141631f2e1,AR00007001,portfolio_region,투자지역,portfolio_region,대한민국,,,found,BldRgstHubService.getBrTitleInfo,Review. Some address/physical fields may intentionally differ after geocode/API cleanup.
asset_master,review,asset_field_change_candidate,ast_30141631f2e1,AR00007001,site_area,토지면적(㎡),site_area,,28879,,found,BldRgstHubService.getBrTitleInfo,Physical fields may be API-enriched. Review provenance before overwriting.
asset_master,review,asset_field_change_candidate,ast_30141631f2e1,AR00007001,completion_date,준공(예정)일,completion_date,,2017-05-16,,found,BldRgstHubService.getBrTitleInfo,Review. Some address/physical fields may intentionally differ after geocode/API cleanup.
asset_master,review,asset_field_change_candidate,ast_30141631f2e1,AR00007001,parking,주차대수,parking,,옥내 0 / 옥외 110,,found,BldRgstHubService.getBrTitleInfo,Review. Some address/physical fields may intentionally differ after geocode/API cleanup.
asset_master,review,asset_field_change_candidate,ast_1267a3bda5d2,AR00008001,portfolio_region,투자지역,portfolio_region,대한민국,,,found,BldRgstHubService.getBrTitleInfo,Review. Some address/physical fields may intentionally differ after geocode/API cleanup.
asset_master,review,asset_field_change_candidate,ast_1267a3bda5d2,AR00008001,site_area,토지면적(㎡),site_area,,4094,,found,BldRgstHubService.getBrTitleInfo,Physical fields may be API-enriched. Review provenance before overwriting.
asset_master,review,asset_field_change_candidate,ast_1267a3bda5d2,AR00008001,completion_date,준공(예정)일,completion_date,,1997-05-06,,found,BldRgstHubService.getBrTitleInfo,Review. Some address/physical fields may intentionally differ after geocode/API cleanup.
asset_master,review,asset_field_change_candidate,ast_1267a3bda5d2,AR00008001,parking,주차대수,parking,,옥내 71 / 옥외 42,,found,BldRgstHubService.getBrTitleInfo,Review. Some address/physical fields may intentionally differ after geocode/API cleanup.
asset_master,review,asset_field_change_candidate,ast_3ea6cef0a8e3,AR00008002,portfolio_region,투자지역,portfolio_region,대한민국,,,found,BldRgstHubService.getBrTitleInfo,Review. Some address/physical fields may intentionally differ after geocode/API cleanup.
asset_master,review,asset_field_change_candidate,ast_3ea6cef0a8e3,AR00008002,site_area,토지면적(㎡),site_area,,651,,found,BldRgstHubService.getBrTitleInfo,Physical fields may be API-enriched. Review provenance before overwriting.
asset_master,review,asset_field_change_candidate,ast_3ea6cef0a8e3,AR00008002,completion_date,준공(예정)일,completion_date,,2018-04-09,,found,BldRgstHubService.getBrTitleInfo,Review. Some address/physical fields may intentionally differ after geocode/API cleanup.
asset_master,review,asset_field_change_candidate,ast_0c50fdc60ef8,AR00008003,portfolio_region,투자지역,portfolio_region,대한민국,,,found,BldRgstHubService.getBrTitleInfo,Review. Some address/physical fields may intentionally differ after geocode/API cleanup.
asset_master,review,asset_field_change_candidate,ast_0c50fdc60ef8,AR00008003,site_area,토지면적(㎡),site_area,,3622,,found,BldRgstHubService.getBrTitleInfo,Physical fields may be API-enriched. Review provenance before overwriting.
asset_master,review,asset_field_change_candidate,ast_0c50fdc60ef8,AR00008003,completion_date,준공(예정)일,completion_date,,2023-04-21,,found,BldRgstHubService.getBrTitleInfo,Review. Some address/physical fields may intentionally differ after geocode/API cleanup.
asset_master,review,asset_field_change_candidate,ast_0c50fdc60ef8,AR00008003,parking,주차대수,parking,,옥내 101 / 옥외 0,,found,BldRgstHubService.getBrTitleInfo,Review. Some address/physical fields may intentionally differ after geocode/API cleanup.
asset_master,review,asset_field_change_candidate,ast_0eb50d2cf958,AR00008004,portfolio_region,투자지역,portfolio_region,대한민국,,,found,BldRgstHubService.getBrTitleInfo,Review. Some address/physical fields may intentionally differ after geocode/API cleanup.
asset_master,review,asset_field_change_candidate,ast_0eb50d2cf958,AR00008004,site_area,토지면적(㎡),site_area,,22592,,found,BldRgstHubService.getBrTitleInfo,Physical fields may be API-enriched. Review provenance before overwriting.
asset_master,review,asset_field_change_candidate,ast_0eb50d2cf958,AR00008004,completion_date,준공(예정)일,completion_date,,2017-10-17,,found,BldRgstHubService.getBrTitleInfo,Review. Some address/physical fields may intentionally differ after geocode/API cleanup.
asset_master,review,asset_field_change_candidate,ast_0eb50d2cf958,AR00008004,parking,주차대수,parking,,옥내 635 / 옥외 0,,found,BldRgstHubService.getBrTitleInfo,Review. Some address/physical fields may intentionally differ after geocode/API cleanup.
asset_master,review,asset_field_change_candidate,ast_c390565c53af,AR00008005,portfolio_region,투자지역,portfolio_region,대한민국,,,found,BldRgstHubService.getBrTitleInfo,Review. Some address/physical fields may intentionally differ after geocode/API cleanup.
asset_master,review,asset_field_change_candidate,ast_c390565c53af,AR00008005,site_area,토지면적(㎡),site_area,,22592,,found,BldRgstHubService.getBrTitleInfo,Physical fields may be API-enriched. Review provenance before overwriting.
asset_master,review,asset_field_change_candidate,ast_c390565c53af,AR00008005,completion_date,준공(예정)일,completion_date,,2017-10-17,,found,BldRgstHubService.getBrTitleInfo,Review. Some address/physical fields may intentionally differ after geocode/API cleanup.
asset_master,review,asset_field_change_candidate,ast_c390565c53af,AR00008005,parking,주차대수,parking,,옥내 635 / 옥외 0,,found,BldRgstHubService.getBrTitleInfo,Review. Some address/physical fields may intentionally differ after geocode/API cleanup.
asset_master,review,asset_field_change_candidate,ast_ae0f1f82c083,AR00009001,portfolio_region,투자지역,portfolio_region,대한민국,,,found,BldRgstHubService.getBrTitleInfo,Review. Some address/physical fields may intentionally differ after geocode/API cleanup.
asset_master,review,asset_field_change_candidate,ast_ae0f1f82c083,AR00009001,site_area,토지면적(㎡),site_area,,19074,,found,BldRgstHubService.getBrTitleInfo,Physical fields may be API-enriched. Review provenance before overwriting.
asset_master,review,asset_field_change_candidate,ast_ae0f1f82c083,AR00009001,completion_date,준공(예정)일,completion_date,,2021-10-19,,found,BldRgstHubService.getBrTitleInfo,Review. Some address/physical fields may intentionally differ after geocode/API cleanup.
asset_master,review,asset_field_change_candidate,ast_ae0f1f82c083,AR00009001,parking,주차대수,parking,,옥내 0 / 옥외 101,,found,BldRgstHubService.getBrTitleInfo,Review. Some address/physical fields may intentionally differ after geocode/API cleanup.
asset_master,review,asset_field_change_candidate,ast_17d191ea5a3f,AR00010001,portfolio_region,투자지역,portfolio_region,북미,,,not_checked,,Review. Some address/physical fields may intentionally differ after geocode/API cleanup.
asset_master,review,asset_field_change_candidate,ast_17d191ea5a3f,AR00010001,country_code,국내/해외,country_code,OVERSEAS,,,not_checked,,Review. Some address/physical fields may intentionally differ after geocode/API cleanup.
asset_master,review,asset_field_change_candidate,ast_b3c81fc9c5cf,AR00013001,business_stage,사업단계,business_stage,운영/실물,,,found,BldRgstHubService.getBrTitleInfo,Review. Some address/physical fields may intentionally differ after geocode/API cleanup.
asset_master,review,asset_field_change_candidate,ast_b3c81fc9c5cf,AR00013001,portfolio_region,투자지역,portfolio_region,대한민국,,,found,BldRgstHubService.getBrTitleInfo,Review. Some address/physical fields may intentionally differ after geocode/API cleanup.
asset_master,review,asset_field_change_candidate,ast_922fd1f841cc,AR00015001,business_stage,사업단계,business_stage,운영/실물,,,found,BldRgstHubService.getBrTitleInfo,Review. Some address/physical fields may intentionally differ after geocode/API cleanup.
asset_master,review,asset_field_change_candidate,ast_922fd1f841cc,AR00015001,portfolio_region,투자지역,portfolio_region,대한민국,,,found,BldRgstHubService.getBrTitleInfo,Review. Some address/physical fields may intentionally differ after geocode/API cleanup.
asset_master,review,asset_field_change_candidate,ast_922fd1f841cc,AR00015001,parking,주차대수,parking,,옥내 513 / 옥외 2,,found,BldRgstHubService.getBrTitleInfo,Review. Some address/physical fields may intentionally differ after geocode/API cleanup.
asset_master,review,asset_field_change_candidate,ast_c1aba7a35f32,AR00016001,business_stage,사업단계,business_stage,개발,,,pending,,Review. Some address/physical fields may intentionally differ after geocode/API cleanup.
asset_master,review,asset_field_change_candidate,ast_c1aba7a35f32,AR00016001,portfolio_region,투자지역,portfolio_region,대한민국,,,pending,,Review. Some address/physical fields may intentionally differ after geocode/API cleanup.
asset_master,review,asset_field_change_candidate,ast_4ea718fb3f43,AS00002001,business_stage,사업단계,business_stage,부실,,,found,BldRgstHubService.getBrTitleInfo,Review. Some address/physical fields may intentionally differ after geocode/API cleanup.
asset_master,review,asset_field_change_candidate,ast_4ea718fb3f43,AS00002001,portfolio_region,투자지역,portfolio_region,대한민국,,,found,BldRgstHubService.getBrTitleInfo,Review. Some address/physical fields may intentionally differ after geocode/API cleanup.
asset_master,review,asset_field_change_candidate,ast_4ea718fb3f43,AS00002001,site_area,토지면적(㎡),site_area,,23946,,found,BldRgstHubService.getBrTitleInfo,Physical fields may be API-enriched. Review provenance before overwriting.
asset_master,review,asset_field_change_candidate,ast_4ea718fb3f43,AS00002001,parking,주차대수,parking,,옥내 97 / 옥외 43,,found,BldRgstHubService.getBrTitleInfo,Review. Some address/physical fields may intentionally differ after geocode/API cleanup.
