domain,severity,issue_type,fund_id,source_asset_name,db_asset_candidates_for_fund,recommendation,asset_id,db_asset_name,relation_type
fund_asset_link,update_candidate,source_pair_not_in_supabase_exact,112006,눈스퀘어,,Check canonical merge/inferred link before deciding whether to update asset_fund_links.,,,
fund_asset_link,review,source_pair_not_in_supabase_exact,112008,홈플러스금천점,홈플러스센텀시티점 | 홈플러스동수원점,Check canonical merge/inferred link before deciding whether to update asset_fund_links.,,,
fund_asset_link,review,source_pair_not_in_supabase_exact,112008,홈플러스영등포점,홈플러스센텀시티점 | 홈플러스동수원점,Check canonical merge/inferred link before deciding whether to update asset_fund_links.,,,
fund_asset_link,update_candidate,source_pair_not_in_supabase_exact,112016,남산그린빌딩,,Check canonical merge/inferred link before deciding whether to update asset_fund_links.,,,
fund_asset_link,update_candidate,source_pair_not_in_supabase_exact,112017,G밸리비즈플라자,,Check canonical merge/inferred link before deciding whether to update asset_fund_links.,,,
fund_asset_link,update_candidate,source_pair_not_in_supabase_exact,112024,트윈트리타워,,Check canonical merge/inferred link before deciding whether to update asset_fund_links.,,,
fund_asset_link,update_candidate,source_pair_not_in_supabase_exact,112029,노스게이트빌딩,,Check canonical merge/inferred link before deciding whether to update asset_fund_links.,,,
fund_asset_link,update_candidate,source_pair_not_in_supabase_exact,112038,오토웨이타워,,Check canonical merge/inferred link before deciding whether to update asset_fund_links.,,,
fund_asset_link,update_candidate,source_pair_not_in_supabase_exact,112039,정동빌딩,,Check canonical merge/inferred link before deciding whether to update asset_fund_links.,,,
fund_asset_link,update_candidate,source_pair_not_in_supabase_exact,112064,쌈지길,,Check canonical merge/inferred link before deciding whether to update asset_fund_links.,,,
fund_asset_link,update_candidate,source_pair_not_in_supabase_exact,112086,신도림핀포인트,,Check canonical merge/inferred link before deciding whether to update asset_fund_links.,,,
fund_asset_link,update_candidate,source_pair_not_in_supabase_exact,112104,태평로빌딩,,Check canonical merge/inferred link before deciding whether to update asset_fund_links.,,,
fund_asset_link,update_candidate,source_pair_not_in_supabase_exact,112114,PFV_Lotus (지분증권),,Check canonical merge/inferred link before deciding whether to update asset_fund_links.,,,
fund_asset_link,update_candidate,source_pair_not_in_supabase_exact,112115,PFV_Lotus (사채),,Check canonical merge/inferred link before deciding whether to update asset_fund_links.,,,
fund_asset_link,review,source_pair_not_in_supabase_exact,112128,시그니쳐타워,아레나스양지물류센터,Check canonical merge/inferred link before deciding whether to update asset_fund_links.,,,
fund_asset_link,review,source_pair_not_in_supabase_exact,112128,V플렉스,아레나스양지물류센터,Check canonical merge/inferred link before deciding whether to update asset_fund_links.,,,
fund_asset_link,review,source_pair_not_in_supabase_exact,112128,포포인츠바이쉐라톤조선서울명동,아레나스양지물류센터,Check canonical merge/inferred link before deciding whether to update asset_fund_links.,,,
fund_asset_link,update_candidate,source_pair_not_in_supabase_exact,112144,V플렉스,,Check canonical merge/inferred link before deciding whether to update asset_fund_links.,,,
fund_asset_link,update_candidate,source_pair_not_in_supabase_exact,112146,V플렉스,,Check canonical merge/inferred link before deciding whether to update asset_fund_links.,,,
fund_asset_link,update_candidate,source_pair_not_in_supabase_exact,112160,지엘가산메트로 주식회사,,Check canonical merge/inferred link before deciding whether to update asset_fund_links.,,,
fund_asset_link,review,source_pair_not_in_supabase_exact,112175,151호 수익증권(재간접),부평 더샵센트럴시티 공공지원민간임대주택,Check canonical merge/inferred link before deciding whether to update asset_fund_links.,,,
fund_asset_link,update_candidate,source_pair_not_in_supabase_exact,112205,건대몰오브K,,Check canonical merge/inferred link before deciding whether to update asset_fund_links.,,,
fund_asset_link,update_candidate,source_pair_not_in_supabase_exact,112209,센터필드,,Check canonical merge/inferred link before deciding whether to update asset_fund_links.,,,
fund_asset_link,update_candidate,source_pair_not_in_supabase_exact,112210,센터필드,,Check canonical merge/inferred link before deciding whether to update asset_fund_links.,,,
fund_asset_link,update_candidate,source_pair_not_in_supabase_exact,112211,센터필드,,Check canonical merge/inferred link before deciding whether to update asset_fund_links.,,,
fund_asset_link,update_candidate,source_pair_not_in_supabase_exact,112212,센터필드,,Check canonical merge/inferred link before deciding whether to update asset_fund_links.,,,
fund_asset_link,review,source_pair_not_in_supabase_exact,112237,오투타워,타임테라스동탄,Check canonical merge/inferred link before deciding whether to update asset_fund_links.,,,
fund_asset_link,review,source_pair_not_in_supabase_exact,112237,타임워크명동,타임테라스동탄,Check canonical merge/inferred link before deciding whether to update asset_fund_links.,,,
fund_asset_link,review,source_pair_not_in_supabase_exact,112237,서울로타워,타임테라스동탄,Check canonical merge/inferred link before deciding whether to update asset_fund_links.,,,
fund_asset_link,update_candidate,source_pair_not_in_supabase_exact,112268,트레블로지명동시티홀호텔,,Check canonical merge/inferred link before deciding whether to update asset_fund_links.,,,
fund_asset_link,update_candidate,source_pair_not_in_supabase_exact,112270,반포이수화학본사사옥,,Check canonical merge/inferred link before deciding whether to update asset_fund_links.,,,
fund_asset_link,update_candidate,source_pair_not_in_supabase_exact,112271,반포이수화학본사사옥,,Check canonical merge/inferred link before deciding whether to update asset_fund_links.,,,
fund_asset_link,update_candidate,source_pair_not_in_supabase_exact,112272,반포이수화학본사사옥,,Check canonical merge/inferred link before deciding whether to update asset_fund_links.,,,
fund_asset_link,update_candidate,source_pair_not_in_supabase_exact,112305,금강타워3,,Check canonical merge/inferred link before deciding whether to update asset_fund_links.,,,
fund_asset_link,update_candidate,source_pair_not_in_supabase_exact,112350,타임워크명동,,Check canonical merge/inferred link before deciding whether to update asset_fund_links.,,,
fund_asset_link,update_candidate,source_pair_not_in_supabase_exact,112351,타임워크명동,,Check canonical merge/inferred link before deciding whether to update asset_fund_links.,,,
fund_asset_link,review,source_pair_not_in_supabase_exact,112362,GRAN PASEO 혼코마고메,Tokyo District 23 Residential Portfolio,Check canonical merge/inferred link before deciding whether to update asset_fund_links.,,,
fund_asset_link,review,source_pair_not_in_supabase_exact,112362,PASEO 신주쿠,Tokyo District 23 Residential Portfolio,Check canonical merge/inferred link before deciding whether to update asset_fund_links.,,,
fund_asset_link,review,source_pair_not_in_supabase_exact,112362,PASEO 오기쿠보,Tokyo District 23 Residential Portfolio,Check canonical merge/inferred link before deciding whether to update asset_fund_links.,,,
fund_asset_link,review,source_pair_not_in_supabase_exact,112362,PASEO 사사즈카,Tokyo District 23 Residential Portfolio,Check canonical merge/inferred link before deciding whether to update asset_fund_links.,,,
fund_asset_link,review,source_pair_not_in_supabase_exact,112362,GRAN PASEO 신주쿠,Tokyo District 23 Residential Portfolio,Check canonical merge/inferred link before deciding whether to update asset_fund_links.,,,
fund_asset_link,review,source_pair_not_in_supabase_exact,112362,PASEO 시모키타자와,Tokyo District 23 Residential Portfolio,Check canonical merge/inferred link before deciding whether to update asset_fund_links.,,,
fund_asset_link,review,source_pair_not_in_supabase_exact,112362,GRAN PASEO 칸다에키마에,Tokyo District 23 Residential Portfolio,Check canonical merge/inferred link before deciding whether to update asset_fund_links.,,,
fund_asset_link,review,source_pair_not_in_supabase_exact,112362,LEGALAND 와세다미나미,Tokyo District 23 Residential Portfolio,Check canonical merge/inferred link before deciding whether to update asset_fund_links.,,,
fund_asset_link,review,source_pair_not_in_supabase_exact,112362,PASEO 토부네리마,Tokyo District 23 Residential Portfolio,Check canonical merge/inferred link before deciding whether to update asset_fund_links.,,,
fund_asset_link,review,source_pair_not_in_supabase_exact,112362,아버하이츠 오우기오하시,Tokyo District 23 Residential Portfolio,Check canonical merge/inferred link before deciding whether to update asset_fund_links.,,,
fund_asset_link,update_candidate,source_pair_not_in_supabase_exact,112365,CGV대학로,,Check canonical merge/inferred link before deciding whether to update asset_fund_links.,,,
fund_asset_link,update_candidate,source_pair_not_in_supabase_exact,112366,CGV대학로,,Check canonical merge/inferred link before deciding whether to update asset_fund_links.,,,
fund_asset_link,update_candidate,source_pair_not_in_supabase_exact,112368,KORNER 136,,Check canonical merge/inferred link before deciding whether to update asset_fund_links.,,,
fund_asset_link,update_candidate,source_pair_not_in_supabase_exact,112369,KORNER 136,,Check canonical merge/inferred link before deciding whether to update asset_fund_links.,,,
fund_asset_link,update_candidate,source_pair_not_in_supabase_exact,112370,KORNER 136,,Check canonical merge/inferred link before deciding whether to update asset_fund_links.,,,
fund_asset_link,update_candidate,source_pair_not_in_supabase_exact,112375,OPUS407,,Check canonical merge/inferred link before deciding whether to update asset_fund_links.,,,
fund_asset_link,update_candidate,source_pair_not_in_supabase_exact,112376,OPUS407,,Check canonical merge/inferred link before deciding whether to update asset_fund_links.,,,
fund_asset_link,update_candidate,source_pair_not_in_supabase_exact,112377,OPUS407,,Check canonical merge/inferred link before deciding whether to update asset_fund_links.,,,
fund_asset_link,update_candidate,source_pair_not_in_supabase_exact,112378,OPUS407,,Check canonical merge/inferred link before deciding whether to update asset_fund_links.,,,
fund_asset_link,review,source_pair_not_in_supabase_exact,112380,"이지스기회추구2-1호 (330호, OPUS407/舊뉴욕제과빌딩)",호수빌딩,Check canonical merge/inferred link before deciding whether to update asset_fund_links.,,,
fund_asset_link,review,source_pair_not_in_supabase_exact,112380,"이지스기회추구2-2호(353호,OPUS459/舊백암빌딩)",호수빌딩,Check canonical merge/inferred link before deciding whether to update asset_fund_links.,,,
fund_asset_link,update_candidate,source_pair_not_in_supabase_exact,112400,태평로빌딩,,Check canonical merge/inferred link before deciding whether to update asset_fund_links.,,,
fund_asset_link,update_candidate,source_pair_not_in_supabase_exact,112421,OPUS459(구. 백암빌딩),,Check canonical merge/inferred link before deciding whether to update asset_fund_links.,,,
fund_asset_link,update_candidate,source_pair_not_in_supabase_exact,112422,OPUS459(구. 백암빌딩),,Check canonical merge/inferred link before deciding whether to update asset_fund_links.,,,
fund_asset_link,update_candidate,source_pair_not_in_supabase_exact,112423,OPUS459(구. 백암빌딩),,Check canonical merge/inferred link before deciding whether to update asset_fund_links.,,,
fund_asset_link,update_candidate,source_pair_not_in_supabase_exact,112424,OPUS459(구. 백암빌딩),,Check canonical merge/inferred link before deciding whether to update asset_fund_links.,,,
fund_asset_link,review,source_pair_not_in_supabase_exact,112445,맹그로브 신설,맹그로브 신촌,Check canonical merge/inferred link before deciding whether to update asset_fund_links.,,,
fund_asset_link,review,source_pair_not_in_supabase_exact,112445,맹그로브 동대문,맹그로브 신촌,Check canonical merge/inferred link before deciding whether to update asset_fund_links.,,,
fund_asset_link,update_candidate,source_pair_not_in_supabase_exact,112450,더강남832PFV의 지분증권 및 대출채권,,Check canonical merge/inferred link before deciding whether to update asset_fund_links.,,,
fund_asset_link,review,source_pair_not_in_supabase_exact,112471,"이지스기회추구2-2호(353호,OPUS459/舊백암빌딩) 공동투자",호수빌딩,Check canonical merge/inferred link before deciding whether to update asset_fund_links.,,,
fund_asset_link,update_candidate,source_pair_not_in_supabase_exact,112475,CJ제일제당센터,,Check canonical merge/inferred link before deciding whether to update asset_fund_links.,,,
fund_asset_link,update_candidate,source_pair_not_in_supabase_exact,112493,두산타워(재간접),,Check canonical merge/inferred link before deciding whether to update asset_fund_links.,,,
fund_asset_link,update_candidate,source_pair_not_in_supabase_exact,112499,선릉위워크타워,,Check canonical merge/inferred link before deciding whether to update asset_fund_links.,,,
fund_asset_link,review,source_pair_not_in_supabase_exact,112500,선릉위워크타워,인천석남물류센터 | 평택아디다스물류센터 | 안성홈플러스물류센터,Check canonical merge/inferred link before deciding whether to update asset_fund_links.,,,
fund_asset_link,review,source_pair_not_in_supabase_exact,112527,동산물류센터,에이블로지스물류센터 | 이지스전문투자형사모부동산투자신탁제404호 | 이지스전문투자형사모부동산투자신탁제404호 | 이지스전문투자형사모부동산투자신탁제404호,Check canonical merge/inferred link before deciding whether to update asset_fund_links.,,,
fund_asset_link,review,source_pair_not_in_supabase_exact,112527,부국물류센터,에이블로지스물류센터 | 이지스전문투자형사모부동산투자신탁제404호 | 이지스전문투자형사모부동산투자신탁제404호 | 이지스전문투자형사모부동산투자신탁제404호,Check canonical merge/inferred link before deciding whether to update asset_fund_links.,,,
fund_asset_link,update_candidate,source_pair_not_in_supabase_exact,112531,트윈트리타워,,Check canonical merge/inferred link before deciding whether to update asset_fund_links.,,,
fund_asset_link,review,source_pair_not_in_supabase_exact,112535,판교아이스퀘어D동,판교아이스퀘어E동,Check canonical merge/inferred link before deciding whether to update asset_fund_links.,,,
fund_asset_link,review,source_pair_not_in_supabase_exact,112569,이지스354호 수익증권,하남데이터센터,Check canonical merge/inferred link before deciding whether to update asset_fund_links.,,,
fund_asset_link,review,source_pair_not_in_supabase_exact,112584,에스와이솔라,케이앤스틸테크놀로지 | 윈즈에너지 | 지티씨솔라13호 | 에스이피브 | 어량리 | 이인메가태양광 | 리에너지 | 소망 | 강구16호 | 케이앤씨헤르메스,Check canonical merge/inferred link before deciding whether to update asset_fund_links.,,,
fund_asset_link,review,source_pair_not_in_supabase_exact,112584,에이치엠솔라1,케이앤스틸테크놀로지 | 윈즈에너지 | 지티씨솔라13호 | 에스이피브 | 어량리 | 이인메가태양광 | 리에너지 | 소망 | 강구16호 | 케이앤씨헤르메스,Check canonical merge/inferred link before deciding whether to update asset_fund_links.,,,
fund_asset_link,review,source_pair_not_in_supabase_exact,112584,이에스에이치12,케이앤스틸테크놀로지 | 윈즈에너지 | 지티씨솔라13호 | 에스이피브 | 어량리 | 이인메가태양광 | 리에너지 | 소망 | 강구16호 | 케이앤씨헤르메스,Check canonical merge/inferred link before deciding whether to update asset_fund_links.,,,
fund_asset_link,review,source_pair_not_in_supabase_exact,112584,씨에스에너텍,케이앤스틸테크놀로지 | 윈즈에너지 | 지티씨솔라13호 | 에스이피브 | 어량리 | 이인메가태양광 | 리에너지 | 소망 | 강구16호 | 케이앤씨헤르메스,Check canonical merge/inferred link before deciding whether to update asset_fund_links.,,,
fund_asset_link,review,source_pair_not_in_supabase_exact,112584,솔라팩토리19호,케이앤스틸테크놀로지 | 윈즈에너지 | 지티씨솔라13호 | 에스이피브 | 어량리 | 이인메가태양광 | 리에너지 | 소망 | 강구16호 | 케이앤씨헤르메스,Check canonical merge/inferred link before deciding whether to update asset_fund_links.,,,
fund_asset_link,update_candidate,source_pair_not_in_supabase_exact,112589,원그로브(마곡CP4 복합개발사업),,Check canonical merge/inferred link before deciding whether to update asset_fund_links.,,,
fund_asset_link,update_candidate,source_pair_not_in_supabase_exact,112590,원그로브(마곡CP4 복합개발사업),,Check canonical merge/inferred link before deciding whether to update asset_fund_links.,,,
fund_asset_link,update_candidate,source_pair_not_in_supabase_exact,112591,원그로브(마곡CP4 복합개발사업),,Check canonical merge/inferred link before deciding whether to update asset_fund_links.,,,
fund_asset_link,review,source_pair_not_in_supabase_exact,112611,구리 수택동 오피스텔 사업부지,효제동 오피스텔 사업부지 | 울산KTX역 오피스텔 사업부지 | 구리시 수택동 주거용 오피스텔 (투자),Check canonical merge/inferred link before deciding whether to update asset_fund_links.,,,
fund_asset_link,review,source_pair_not_in_supabase_exact,112664,글로벌 리츠,Global REITs(삼성OCIO),Check canonical merge/inferred link before deciding whether to update asset_fund_links.,,,
fund_asset_link,review,source_pair_not_in_supabase_exact,112666,웨스트게이트타워 선순위 담보대출,당산 지식산업센터 개발사업 PF대출 | 여의도 유수홀딩스부지 오피스텔 개발사업 PF대출 | 성수동 오피스 개발사업 선순위 브릿지론,Check canonical merge/inferred link before deciding whether to update asset_fund_links.,,,
fund_asset_link,review,source_pair_not_in_supabase_exact,112666,카이트타워 선순위 담보대출,당산 지식산업센터 개발사업 PF대출 | 여의도 유수홀딩스부지 오피스텔 개발사업 PF대출 | 성수동 오피스 개발사업 선순위 브릿지론,Check canonical merge/inferred link before deciding whether to update asset_fund_links.,,,
fund_asset_link,update_candidate,source_pair_not_in_supabase_exact,112680,펨코제17호기업구조조정부동산투자회사의 주식,,Check canonical merge/inferred link before deciding whether to update asset_fund_links.,,,
fund_asset_link,update_candidate,source_pair_not_in_supabase_exact,112681,펨코제17호기업구조조정부동산투자회사의 주식,,Check canonical merge/inferred link before deciding whether to update asset_fund_links.,,,
fund_asset_link,update_candidate,source_pair_not_in_supabase_exact,112683,펨코제17호기업구조조정부동산투자회사의 주식,,Check canonical merge/inferred link before deciding whether to update asset_fund_links.,,,
fund_asset_link,update_candidate,source_pair_not_in_supabase_exact,112690,서울시티타워,,Check canonical merge/inferred link before deciding whether to update asset_fund_links.,,,
fund_asset_link,update_candidate,source_pair_not_in_supabase_exact,112692,서울시티타워,,Check canonical merge/inferred link before deciding whether to update asset_fund_links.,,,
fund_asset_link,update_candidate,source_pair_not_in_supabase_exact,112700,여의도 신한금융투자타워,,Check canonical merge/inferred link before deciding whether to update asset_fund_links.,,,
fund_asset_link,review,source_pair_not_in_supabase_exact,112702,홈플러스영등포점,홈플러스센텀시티점 | 홈플러스동수원점,Check canonical merge/inferred link before deciding whether to update asset_fund_links.,,,
fund_asset_link,review,source_pair_not_in_supabase_exact,112702,홈플러스금천점,홈플러스센텀시티점 | 홈플러스동수원점,Check canonical merge/inferred link before deciding whether to update asset_fund_links.,,,
fund_asset_link,update_candidate,source_pair_not_in_supabase_exact,112785,종로구 시니어주택 리모델링,,Check canonical merge/inferred link before deciding whether to update asset_fund_links.,,,
fund_asset_link,update_candidate,source_pair_not_in_supabase_exact,112789,종로구 시니어주택 리모델링,,Check canonical merge/inferred link before deciding whether to update asset_fund_links.,,,
fund_asset_link,update_candidate,source_pair_not_in_supabase_exact,112794,남산그린빌딩,,Check canonical merge/inferred link before deciding whether to update asset_fund_links.,,,
fund_asset_link,update_candidate,source_pair_not_in_supabase_exact,120026,태평로빌딩,,Check canonical merge/inferred link before deciding whether to update asset_fund_links.,,,
fund_asset_link,review,source_pair_not_in_supabase_exact,120044,이지스제542호부동산일반사모투자회사(제1종),이지스산업단지환경개선일반사모부동산투자신탁제1호,Check canonical merge/inferred link before deciding whether to update asset_fund_links.,,,
fund_asset_link,update_candidate,source_pair_not_in_supabase_exact,120074,용산라이프PFV(보통주),,Check canonical merge/inferred link before deciding whether to update asset_fund_links.,,,
fund_asset_link,update_candidate,source_pair_not_in_supabase_exact,120094,서울인터내셔널타워(SI타워),,Check canonical merge/inferred link before deciding whether to update asset_fund_links.,,,
fund_asset_link,review,source_pair_not_in_supabase_exact,120101,용산전자상가 특별계획구역8 B/L (이지스용산PF재구조화1호 2종 수익증권),용산라이프PFV 대여금,Check canonical merge/inferred link before deciding whether to update asset_fund_links.,,,
fund_asset_link,review,source_pair_not_in_supabase_exact,120102,이지스용산PF재구조화일반사모1호(2종),이지스국내PF재구조화일반사모부동산모투자신탁제1-3호,Check canonical merge/inferred link before deciding whether to update asset_fund_links.,,,
fund_asset_link,review,source_pair_not_in_supabase_exact,120119,안성산하3지구물류센터개발사업,신라스테이울산,Check canonical merge/inferred link before deciding whether to update asset_fund_links.,,,
fund_asset_link,update_candidate,source_pair_not_in_supabase_exact,190008,이태원동 133-17 외 2필지,,Check canonical merge/inferred link before deciding whether to update asset_fund_links.,,,
fund_asset_link,update_candidate,source_pair_not_in_supabase_exact,190009,The-K호텔서울 부지 재개발사업,,Check canonical merge/inferred link before deciding whether to update asset_fund_links.,,,
fund_asset_link,review,source_pair_not_in_supabase_exact,190010,이지스일반사모426호(1종),이천 마장면 물류센터,Check canonical merge/inferred link before deciding whether to update asset_fund_links.,,,
fund_asset_link,review,source_pair_not_in_supabase_exact,200006,PGSF VII,Pantheon Viking Co-Invest LP | NMP V | PGSF VII | PSD III | Pantheon Viking Co-Invest LP | NMP V | PGSF VII | PSD III | Pantheon Viking Co-Invest LP | NMP V | 이지스글로벌세컨더리일반사모혼합자산투자신탁제1호 | 이지스글로벌세컨더리일반사모혼합자산투자신탁제1호,Check canonical merge/inferred link before deciding whether to update asset_fund_links.,,,
fund_asset_link,review,source_pair_not_in_supabase_exact,200006,PSD III,Pantheon Viking Co-Invest LP | NMP V | PGSF VII | PSD III | Pantheon Viking Co-Invest LP | NMP V | PGSF VII | PSD III | Pantheon Viking Co-Invest LP | NMP V | 이지스글로벌세컨더리일반사모혼합자산투자신탁제1호 | 이지스글로벌세컨더리일반사모혼합자산투자신탁제1호,Check canonical merge/inferred link before deciding whether to update asset_fund_links.,,,
fund_asset_link,review,source_pair_not_in_supabase_exact,200030,판교 테크원타워,판교 테크원타워 (우선주),Check canonical merge/inferred link before deciding whether to update asset_fund_links.,,,
fund_asset_link,review,source_pair_not_in_supabase_exact,200030,시그니처타워,판교 테크원타워 (우선주),Check canonical merge/inferred link before deciding whether to update asset_fund_links.,,,
fund_asset_link,review,source_pair_not_in_supabase_exact,200030,여의도 파이낸스타워,판교 테크원타워 (우선주),Check canonical merge/inferred link before deciding whether to update asset_fund_links.,,,
fund_asset_link,review,source_pair_not_in_supabase_exact,200030,삼성동 빌딩,판교 테크원타워 (우선주),Check canonical merge/inferred link before deciding whether to update asset_fund_links.,,,
fund_asset_link,review,source_pair_not_in_supabase_exact,200036,"미국 Delaware 소재 ROCKWOOD LSF III, LP (역외펀드)의 수익증권",더피나클강남 (투자),Check canonical merge/inferred link before deciding whether to update asset_fund_links.,,,
fund_asset_link,review,source_pair_not_in_supabase_exact,200037,"Helix Buyer, LLC에 대한 선순위 대출",더피나클강남 (투자),Check canonical merge/inferred link before deciding whether to update asset_fund_links.,,,
fund_asset_link,review,source_pair_not_in_supabase_exact,200038,Pan-European Infrastructure Fund IV SCSp,PFV_Westwood 지분증권,Check canonical merge/inferred link before deciding whether to update asset_fund_links.,,,
fund_asset_link,review,source_pair_not_in_supabase_exact,200039,InfraViaEuropean Infrastructure Fund VI,Dallas KPMG Plaza Senior Loan,Check canonical merge/inferred link before deciding whether to update asset_fund_links.,,,
fund_asset_link,update_candidate,source_pair_not_in_supabase_exact,200040,ARDIAN ASF IX Infrastructure SWF,,Check canonical merge/inferred link before deciding whether to update asset_fund_links.,,,
fund_asset_link,update_candidate,source_pair_not_in_supabase_exact,200041,Helios Sidecar II L.P.의 수익증권,,Check canonical merge/inferred link before deciding whether to update asset_fund_links.,,,
fund_asset_link,update_candidate,source_pair_not_in_supabase_exact,200042,Booster Zabrze 물류단지,,Check canonical merge/inferred link before deciding whether to update asset_fund_links.,,,
fund_asset_link,review,source_pair_not_in_supabase_exact,200044,괌 소재 종합병원(GRMC)에 대한 선순위 대출,Miami Courvoisier Center Senior Loan,Check canonical merge/inferred link before deciding whether to update asset_fund_links.,,,
fund_asset_link,update_candidate,source_pair_not_in_supabase_exact,200045,Chauncey Square,,Check canonical merge/inferred link before deciding whether to update asset_fund_links.,,,
fund_asset_link,update_candidate,source_pair_not_in_supabase_exact,300001,채권,,Check canonical merge/inferred link before deciding whether to update asset_fund_links.,,,
fund_asset_link,review,source_pair_not_in_supabase_exact,300018,"메자닌, 공모주, 이벤트 드리븐",전환사채 | 공모주 | 비상장RCPS | 상장리츠 | AA+ 회사채 | 전환사채 | 공모주 | 비상장RCPS | 상장리츠 | AA+ 회사채 | 전환사채 | 공모주 | 비상장RCPS | 상장리츠 | AA+ 회사채 | 공모주,Check canonical merge/inferred link before deciding whether to update asset_fund_links.,,,
fund_asset_link,review,source_pair_not_in_supabase_exact,300019,AA- 이상 채권,전환사채 | 공모주 | 비상장RCPS | 상장리츠 | AA+ 회사채 | 전환사채 | 공모주 | 비상장RCPS | 상장리츠 | AA+ 회사채 | 전환사채 | 공모주 | 비상장RCPS | 상장리츠 | AA+ 회사채 | 공모주,Check canonical merge/inferred link before deciding whether to update asset_fund_links.,,,
fund_asset_link,review,source_pair_not_in_supabase_exact,300037,"채권, 메자닌, 국내 주식, ETF, 상장 리츠, 공모주, 이벤트 드리븐",전환사채 | 공모주 | 비상장RCPS | 상장리츠 | AA+ 회사채 | 전환사채 | 공모주 | 비상장RCPS | 상장리츠 | AA+ 회사채 | 전환사채 | 공모주 | 비상장RCPS | 상장리츠 | AA+ 회사채 | 공모주,Check canonical merge/inferred link before deciding whether to update asset_fund_links.,,,
fund_asset_link,review,source_pair_not_in_supabase_exact,300039,"집합투자증권, 조합 출자지분, 메자닌, 이벤트 드리븐, 공모주, 스팩, ETF",전환사채 | 공모주 | 비상장RCPS | 상장리츠 | AA+ 회사채 | 전환사채 | 공모주 | 비상장RCPS | 상장리츠 | AA+ 회사채 | 전환사채 | 공모주 | 비상장RCPS | 상장리츠 | AA+ 회사채 | 공모주,Check canonical merge/inferred link before deciding whether to update asset_fund_links.,,,
fund_asset_link,review,source_pair_not_in_supabase_exact,300044,"메자닌, 공모주, 이벤트 드리븐, 스팩",전환사채 | 공모주 | 비상장RCPS | 상장리츠 | AA+ 회사채 | 전환사채 | 공모주 | 비상장RCPS | 상장리츠 | AA+ 회사채 | 전환사채 | 공모주 | 비상장RCPS | 상장리츠 | AA+ 회사채 | 공모주,Check canonical merge/inferred link before deciding whether to update asset_fund_links.,,,
fund_asset_link,update_candidate,source_pair_not_in_supabase_exact,300046,ETF,,Check canonical merge/inferred link before deciding whether to update asset_fund_links.,,,
fund_asset_link,review,source_pair_not_in_supabase_exact,300050,"BBB+ 이하 채권, 공모주, 스팩, ETF, 이벤트 드리븐, 레포",전환사채 | 공모주 | 비상장RCPS | 상장리츠 | AA+ 회사채 | 전환사채 | 공모주 | 비상장RCPS | 상장리츠 | AA+ 회사채 | 전환사채 | 공모주 | 비상장RCPS | 상장리츠 | AA+ 회사채 | 공모주,Check canonical merge/inferred link before deciding whether to update asset_fund_links.,,,
fund_asset_link,review,source_pair_not_in_supabase_exact,300052,"메자닌, 이벤트 드리븐, 공모주, ETF, 채권",전환사채 | 공모주 | 비상장RCPS | 상장리츠 | AA+ 회사채 | 전환사채 | 공모주 | 비상장RCPS | 상장리츠 | AA+ 회사채 | 전환사채 | 공모주 | 비상장RCPS | 상장리츠 | AA+ 회사채 | 공모주,Check canonical merge/inferred link before deciding whether to update asset_fund_links.,,,
fund_asset_link,review,source_pair_not_in_supabase_exact,300057,"메자닌, 공모주, 이벤트 드리븐, 스팩, ETF",전환사채 | 공모주 | 비상장RCPS | 상장리츠 | AA+ 회사채 | 전환사채 | 공모주 | 비상장RCPS | 상장리츠 | AA+ 회사채 | 전환사채 | 공모주 | 비상장RCPS | 상장리츠 | AA+ 회사채 | 공모주,Check canonical merge/inferred link before deciding whether to update asset_fund_links.,,,
fund_asset_link,review,source_pair_not_in_supabase_exact,300061,"해외 주식, 채권, 공모주, 스팩, ETF, 선물, 단기금융상품",전환사채 | 공모주 | 비상장RCPS | 상장리츠 | AA+ 회사채 | 전환사채 | 공모주 | 비상장RCPS | 상장리츠 | AA+ 회사채 | 전환사채 | 공모주 | 비상장RCPS | 상장리츠 | AA+ 회사채 | 공모주,Check canonical merge/inferred link before deciding whether to update asset_fund_links.,,,
fund_asset_link,review,source_pair_not_in_supabase_exact,300063,"국내 주식, 채권, ETF, 공모주, 스팩",전환사채 | 공모주 | 비상장RCPS | 상장리츠 | AA+ 회사채 | 전환사채 | 공모주 | 비상장RCPS | 상장리츠 | AA+ 회사채 | 전환사채 | 공모주 | 비상장RCPS | 상장리츠 | AA+ 회사채 | 공모주,Check canonical merge/inferred link before deciding whether to update asset_fund_links.,,,
fund_asset_link,update_candidate,source_pair_not_in_supabase_exact,300066,글로벌 상장 인프라 증권,,Check canonical merge/inferred link before deciding whether to update asset_fund_links.,,,
fund_asset_link,update_candidate,source_pair_not_in_supabase_exact,300067,"채권, 자산유동화 증권, 어음, 레포",,Check canonical merge/inferred link before deciding whether to update asset_fund_links.,,,
fund_asset_link,review,source_pair_not_in_supabase_exact,300073,"채권, 레포, 공모주",전환사채 | 공모주 | 비상장RCPS | 상장리츠 | AA+ 회사채 | 전환사채 | 공모주 | 비상장RCPS | 상장리츠 | AA+ 회사채 | 전환사채 | 공모주 | 비상장RCPS | 상장리츠 | AA+ 회사채 | 공모주,Check canonical merge/inferred link before deciding whether to update asset_fund_links.,,,
fund_asset_link,review,source_pair_not_in_supabase_exact,300074,"메자닌, 공모주, 이벤트 드리븐",전환사채 | 공모주 | 비상장RCPS | 상장리츠 | AA+ 회사채 | 전환사채 | 공모주 | 비상장RCPS | 상장리츠 | AA+ 회사채 | 전환사채 | 공모주 | 비상장RCPS | 상장리츠 | AA+ 회사채 | 공모주,Check canonical merge/inferred link before deciding whether to update asset_fund_links.,,,
fund_asset_link,review,source_pair_not_in_supabase_exact,300075,"BBB+ 이하 채권, 공모주, 스팩, 이벤트 드리븐, CP, 레포",전환사채 | 공모주 | 비상장RCPS | 상장리츠 | AA+ 회사채 | 전환사채 | 공모주 | 비상장RCPS | 상장리츠 | AA+ 회사채 | 전환사채 | 공모주 | 비상장RCPS | 상장리츠 | AA+ 회사채 | 공모주,Check canonical merge/inferred link before deciding whether to update asset_fund_links.,,,
fund_asset_link,review,source_pair_not_in_supabase_exact,300079,"메자닌, 이벤트 드리븐, 공모주, 스팩",전환사채 | 공모주 | 비상장RCPS | 상장리츠 | AA+ 회사채 | 전환사채 | 공모주 | 비상장RCPS | 상장리츠 | AA+ 회사채 | 전환사채 | 공모주 | 비상장RCPS | 상장리츠 | AA+ 회사채 | 공모주,Check canonical merge/inferred link before deciding whether to update asset_fund_links.,,,
fund_asset_link,review,source_pair_not_in_supabase_exact,300080,"공모주, 국내 주식",전환사채 | 공모주 | 비상장RCPS | 상장리츠 | AA+ 회사채 | 전환사채 | 공모주 | 비상장RCPS | 상장리츠 | AA+ 회사채 | 전환사채 | 공모주 | 비상장RCPS | 상장리츠 | AA+ 회사채 | 공모주,Check canonical merge/inferred link before deciding whether to update asset_fund_links.,,,
fund_asset_link,update_candidate,source_pair_not_in_supabase_exact,300085,국내 채권형 ETF,,Check canonical merge/inferred link before deciding whether to update asset_fund_links.,,,
fund_asset_link,update_candidate,source_pair_not_in_supabase_exact,P00007,안녕인사동,,Check canonical merge/inferred link before deciding whether to update asset_fund_links.,,,
fund_asset_link,update_candidate,source_pair_not_in_supabase_exact,P00030,밀레니엄힐튼호텔,,Check canonical merge/inferred link before deciding whether to update asset_fund_links.,,,
fund_asset_link,update_candidate,source_pair_not_in_supabase_exact,P00032,부림빌딩,,Check canonical merge/inferred link before deciding whether to update asset_fund_links.,,,
fund_asset_link,update_candidate,source_pair_not_in_supabase_exact,P00037,메트로타워,,Check canonical merge/inferred link before deciding whether to update asset_fund_links.,,,
fund_asset_link,update_candidate,source_pair_not_in_supabase_exact,P00037,서울로타워,,Check canonical merge/inferred link before deciding whether to update asset_fund_links.,,,
fund_asset_link,update_candidate,source_pair_not_in_supabase_exact,P00040,안성 산하3지구 물류센터 개발사업,,Check canonical merge/inferred link before deciding whether to update asset_fund_links.,,,
fund_asset_link,review,source_pair_not_in_supabase_exact,R00006,분당Hostway IDC,북미DC포트폴리오 | 이지스데이터센터위탁관리부동산투자회사 주식회사,Check canonical merge/inferred link before deciding whether to update asset_fund_links.,,,
fund_asset_link,review,source_pair_not_in_supabase_exact,R00008,이지스333호(홍대 코리빙 복합시설),"이지스333호(디어스 명동) | 이지스151호(더샵 부평) | 이지스200호(디어스 판교) | 이지스411호(200호 재간접, 디어스 판교) | 주식회사 이지스레지던스위탁관리부동산투자회사 | 이지스411호(200호 재간접, 디어스 판교)",Check canonical merge/inferred link before deciding whether to update asset_fund_links.,,,
fund_asset_link,update_candidate,source_pair_not_in_supabase_exact,R00011,태평로빌딩,,Check canonical merge/inferred link before deciding whether to update asset_fund_links.,,,
fund_asset_link,update_candidate,source_pair_not_in_supabase_exact,R00015,서울인터내셔널타워(SI타워),,Check canonical merge/inferred link before deciding whether to update asset_fund_links.,,,
fund_asset_link,info,supabase_pair_not_in_today_source_exact,112319,,,"May be older, inferred, synthetic, or out-of-scope for today's active source export.",ast_9e54163d0926,롯데마트대덕점,underlying_asset
fund_asset_link,info,supabase_pair_not_in_today_source_exact,112556,,,"May be older, inferred, synthetic, or out-of-scope for today's active source export.",ast_aac5427c01f4,전환사채 | 공모주 | 비상장RCPS | 상장리츠 | AA+ 회사채,underlying_asset
fund_asset_link,info,supabase_pair_not_in_today_source_exact,112714,,,"May be older, inferred, synthetic, or out-of-scope for today's active source export.",ast_904ac8d066fb,전환사채 | 공모주 | 비상장RCPS | 상장리츠 | AA+ 회사채,name_only_underlying_asset
fund_asset_link,info,supabase_pair_not_in_today_source_exact,300012,,,"May be older, inferred, synthetic, or out-of-scope for today's active source export.",ast_904ac8d066fb,전환사채 | 공모주 | 비상장RCPS | 상장리츠 | AA+ 회사채,name_only_underlying_asset
fund_asset_link,info,supabase_pair_not_in_today_source_exact,300033,,,"May be older, inferred, synthetic, or out-of-scope for today's active source export.",ast_904ac8d066fb,전환사채 | 공모주 | 비상장RCPS | 상장리츠 | AA+ 회사채,name_only_underlying_asset
fund_asset_link,info,supabase_pair_not_in_today_source_exact,300044,,,"May be older, inferred, synthetic, or out-of-scope for today's active source export.",ast_904ac8d066fb,전환사채 | 공모주 | 비상장RCPS | 상장리츠 | AA+ 회사채,name_only_underlying_asset
fund_asset_link,info,supabase_pair_not_in_today_source_exact,300057,,,"May be older, inferred, synthetic, or out-of-scope for today's active source export.",ast_904ac8d066fb,전환사채 | 공모주 | 비상장RCPS | 상장리츠 | AA+ 회사채,name_only_underlying_asset
fund_asset_link,info,supabase_pair_not_in_today_source_exact,300076,,,"May be older, inferred, synthetic, or out-of-scope for today's active source export.",ast_904ac8d066fb,전환사채 | 공모주 | 비상장RCPS | 상장리츠 | AA+ 회사채,name_only_underlying_asset
fund_asset_link,info,supabase_pair_not_in_today_source_exact,112711,,,"May be older, inferred, synthetic, or out-of-scope for today's active source export.",ast_904ac8d066fb,전환사채 | 공모주 | 비상장RCPS | 상장리츠 | AA+ 회사채,name_only_underlying_asset
fund_asset_link,info,supabase_pair_not_in_today_source_exact,300007,,,"May be older, inferred, synthetic, or out-of-scope for today's active source export.",ast_904ac8d066fb,전환사채 | 공모주 | 비상장RCPS | 상장리츠 | AA+ 회사채,name_only_underlying_asset
fund_asset_link,info,supabase_pair_not_in_today_source_exact,300020,,,"May be older, inferred, synthetic, or out-of-scope for today's active source export.",ast_904ac8d066fb,전환사채 | 공모주 | 비상장RCPS | 상장리츠 | AA+ 회사채,name_only_underlying_asset
fund_asset_link,info,supabase_pair_not_in_today_source_exact,112319,,,"May be older, inferred, synthetic, or out-of-scope for today's active source export.",ast_44e362fded27,이지스리테일제55호사모부동산투자유한회사,inferred_underlying_asset
fund_asset_link,info,supabase_pair_not_in_today_source_exact,112709,,,"May be older, inferred, synthetic, or out-of-scope for today's active source export.",ast_904ac8d066fb,전환사채 | 공모주 | 비상장RCPS | 상장리츠 | AA+ 회사채,name_only_underlying_asset
fund_asset_link,info,supabase_pair_not_in_today_source_exact,112763,,,"May be older, inferred, synthetic, or out-of-scope for today's active source export.",ast_904ac8d066fb,전환사채 | 공모주 | 비상장RCPS | 상장리츠 | AA+ 회사채,name_only_underlying_asset
fund_asset_link,info,supabase_pair_not_in_today_source_exact,300018,,,"May be older, inferred, synthetic, or out-of-scope for today's active source export.",ast_904ac8d066fb,전환사채 | 공모주 | 비상장RCPS | 상장리츠 | AA+ 회사채,name_only_underlying_asset
fund_asset_link,info,supabase_pair_not_in_today_source_exact,300034,,,"May be older, inferred, synthetic, or out-of-scope for today's active source export.",ast_904ac8d066fb,전환사채 | 공모주 | 비상장RCPS | 상장리츠 | AA+ 회사채,name_only_underlying_asset
fund_asset_link,info,supabase_pair_not_in_today_source_exact,300047,,,"May be older, inferred, synthetic, or out-of-scope for today's active source export.",ast_904ac8d066fb,전환사채 | 공모주 | 비상장RCPS | 상장리츠 | AA+ 회사채,name_only_underlying_asset
fund_asset_link,info,supabase_pair_not_in_today_source_exact,300061,,,"May be older, inferred, synthetic, or out-of-scope for today's active source export.",ast_904ac8d066fb,전환사채 | 공모주 | 비상장RCPS | 상장리츠 | AA+ 회사채,name_only_underlying_asset
fund_asset_link,info,supabase_pair_not_in_today_source_exact,300079,,,"May be older, inferred, synthetic, or out-of-scope for today's active source export.",ast_904ac8d066fb,전환사채 | 공모주 | 비상장RCPS | 상장리츠 | AA+ 회사채,name_only_underlying_asset
fund_asset_link,info,supabase_pair_not_in_today_source_exact,112712,,,"May be older, inferred, synthetic, or out-of-scope for today's active source export.",ast_904ac8d066fb,전환사채 | 공모주 | 비상장RCPS | 상장리츠 | AA+ 회사채,name_only_underlying_asset
fund_asset_link,info,supabase_pair_not_in_today_source_exact,300008,,,"May be older, inferred, synthetic, or out-of-scope for today's active source export.",ast_904ac8d066fb,전환사채 | 공모주 | 비상장RCPS | 상장리츠 | AA+ 회사채,name_only_underlying_asset
fund_asset_link,info,supabase_pair_not_in_today_source_exact,300028,,,"May be older, inferred, synthetic, or out-of-scope for today's active source export.",ast_904ac8d066fb,전환사채 | 공모주 | 비상장RCPS | 상장리츠 | AA+ 회사채,name_only_underlying_asset
fund_asset_link,info,supabase_pair_not_in_today_source_exact,112710,,,"May be older, inferred, synthetic, or out-of-scope for today's active source export.",ast_904ac8d066fb,전환사채 | 공모주 | 비상장RCPS | 상장리츠 | AA+ 회사채,name_only_underlying_asset
fund_asset_link,info,supabase_pair_not_in_today_source_exact,300006,,,"May be older, inferred, synthetic, or out-of-scope for today's active source export.",ast_904ac8d066fb,전환사채 | 공모주 | 비상장RCPS | 상장리츠 | AA+ 회사채,name_only_underlying_asset
fund_asset_link,info,supabase_pair_not_in_today_source_exact,300019,,,"May be older, inferred, synthetic, or out-of-scope for today's active source export.",ast_904ac8d066fb,전환사채 | 공모주 | 비상장RCPS | 상장리츠 | AA+ 회사채,name_only_underlying_asset
fund_asset_link,info,supabase_pair_not_in_today_source_exact,300035,,,"May be older, inferred, synthetic, or out-of-scope for today's active source export.",ast_904ac8d066fb,전환사채 | 공모주 | 비상장RCPS | 상장리츠 | AA+ 회사채,name_only_underlying_asset
fund_asset_link,info,supabase_pair_not_in_today_source_exact,300050,,,"May be older, inferred, synthetic, or out-of-scope for today's active source export.",ast_d03e122e0d2d,전환사채 | 공모주 | 비상장RCPS | 상장리츠 | AA+ 회사채,underlying_asset
fund_asset_link,info,supabase_pair_not_in_today_source_exact,300063,,,"May be older, inferred, synthetic, or out-of-scope for today's active source export.",ast_d03e122e0d2d,전환사채 | 공모주 | 비상장RCPS | 상장리츠 | AA+ 회사채,underlying_asset
fund_asset_link,info,supabase_pair_not_in_today_source_exact,300080,,,"May be older, inferred, synthetic, or out-of-scope for today's active source export.",ast_d03e122e0d2d,전환사채 | 공모주 | 비상장RCPS | 상장리츠 | AA+ 회사채,underlying_asset
fund_asset_link,info,supabase_pair_not_in_today_source_exact,112713,,,"May be older, inferred, synthetic, or out-of-scope for today's active source export.",ast_904ac8d066fb,전환사채 | 공모주 | 비상장RCPS | 상장리츠 | AA+ 회사채,name_only_underlying_asset
fund_asset_link,info,supabase_pair_not_in_today_source_exact,300009,,,"May be older, inferred, synthetic, or out-of-scope for today's active source export.",ast_904ac8d066fb,전환사채 | 공모주 | 비상장RCPS | 상장리츠 | AA+ 회사채,name_only_underlying_asset
fund_asset_link,info,supabase_pair_not_in_today_source_exact,300032,,,"May be older, inferred, synthetic, or out-of-scope for today's active source export.",ast_904ac8d066fb,전환사채 | 공모주 | 비상장RCPS | 상장리츠 | AA+ 회사채,name_only_underlying_asset
fund_asset_link,info,supabase_pair_not_in_today_source_exact,300036,,,"May be older, inferred, synthetic, or out-of-scope for today's active source export.",ast_904ac8d066fb,전환사채 | 공모주 | 비상장RCPS | 상장리츠 | AA+ 회사채,name_only_underlying_asset
fund_asset_link,info,supabase_pair_not_in_today_source_exact,300051,,,"May be older, inferred, synthetic, or out-of-scope for today's active source export.",ast_904ac8d066fb,전환사채 | 공모주 | 비상장RCPS | 상장리츠 | AA+ 회사채,name_only_underlying_asset
fund_asset_link,info,supabase_pair_not_in_today_source_exact,300073,,,"May be older, inferred, synthetic, or out-of-scope for today's active source export.",ast_904ac8d066fb,전환사채 | 공모주 | 비상장RCPS | 상장리츠 | AA+ 회사채,name_only_underlying_asset
fund_asset_link,info,supabase_pair_not_in_today_source_exact,112740,,,"May be older, inferred, synthetic, or out-of-scope for today's active source export.",ast_d03e122e0d2d,전환사채 | 공모주 | 비상장RCPS | 상장리츠 | AA+ 회사채,underlying_asset
fund_asset_link,info,supabase_pair_not_in_today_source_exact,300037,,,"May be older, inferred, synthetic, or out-of-scope for today's active source export.",ast_904ac8d066fb,전환사채 | 공모주 | 비상장RCPS | 상장리츠 | AA+ 회사채,name_only_underlying_asset
fund_asset_link,info,supabase_pair_not_in_today_source_exact,300052,,,"May be older, inferred, synthetic, or out-of-scope for today's active source export.",ast_904ac8d066fb,전환사채 | 공모주 | 비상장RCPS | 상장리츠 | AA+ 회사채,name_only_underlying_asset
fund_asset_link,info,supabase_pair_not_in_today_source_exact,300074,,,"May be older, inferred, synthetic, or out-of-scope for today's active source export.",ast_904ac8d066fb,전환사채 | 공모주 | 비상장RCPS | 상장리츠 | AA+ 회사채,name_only_underlying_asset
fund_asset_link,info,supabase_pair_not_in_today_source_exact,300039,,,"May be older, inferred, synthetic, or out-of-scope for today's active source export.",ast_904ac8d066fb,전환사채 | 공모주 | 비상장RCPS | 상장리츠 | AA+ 회사채,name_only_underlying_asset
fund_asset_link,info,supabase_pair_not_in_today_source_exact,300054,,,"May be older, inferred, synthetic, or out-of-scope for today's active source export.",ast_904ac8d066fb,전환사채 | 공모주 | 비상장RCPS | 상장리츠 | AA+ 회사채,name_only_underlying_asset
fund_asset_link,info,supabase_pair_not_in_today_source_exact,300075,,,"May be older, inferred, synthetic, or out-of-scope for today's active source export.",ast_904ac8d066fb,전환사채 | 공모주 | 비상장RCPS | 상장리츠 | AA+ 회사채,name_only_underlying_asset
fund_asset_link,info,supabase_pair_not_in_today_source_exact,112344,,,"May be older, inferred, synthetic, or out-of-scope for today's active source export.",ast_db35eead7a91,홈플러스 인천인하점,underlying_asset
fund_asset_link,info,supabase_pair_not_in_today_source_exact,112344,,,"May be older, inferred, synthetic, or out-of-scope for today's active source export.",ast_288a4f9c263b,홈플러스 전주완산점,underlying_asset
fund_asset_link,info,supabase_pair_not_in_today_source_exact,112710,,,"May be older, inferred, synthetic, or out-of-scope for today's active source export.",ast_35fef6fb5746,상장리츠 | 공모주 | AA+ 회사채,name_only_underlying_asset
fund_asset_link,info,supabase_pair_not_in_today_source_exact,112510,,,"May be older, inferred, synthetic, or out-of-scope for today's active source export.",ast_65e587cdb88a,이지스333호(디어스 명동),underlying_asset
fund_asset_link,info,supabase_pair_not_in_today_source_exact,200006,,,"May be older, inferred, synthetic, or out-of-scope for today's active source export.",ast_d71e828b5656,Pantheon Viking Co-Invest LP | NMP V | PGSF VII | PSD III,name_only_underlying_asset
fund_asset_link,info,supabase_pair_not_in_today_source_exact,112010,,,"May be older, inferred, synthetic, or out-of-scope for today's active source export.",ast_8e254bfe7df1,런던원우드스트리트 Prime오피스,underlying_asset
fund_asset_link,info,supabase_pair_not_in_today_source_exact,112019,,,"May be older, inferred, synthetic, or out-of-scope for today's active source export.",ast_f5fc5bbdb980,London Office Ropemaker Place,underlying_asset
fund_asset_link,info,supabase_pair_not_in_today_source_exact,112020,,,"May be older, inferred, synthetic, or out-of-scope for today's active source export.",ast_f5fc5bbdb980,London Office Ropemaker Place,underlying_asset
fund_asset_link,info,supabase_pair_not_in_today_source_exact,112021,,,"May be older, inferred, synthetic, or out-of-scope for today's active source export.",ast_f5fc5bbdb980,London Office Ropemaker Place,underlying_asset
fund_asset_link,info,supabase_pair_not_in_today_source_exact,112022,,,"May be older, inferred, synthetic, or out-of-scope for today's active source export.",ast_f5fc5bbdb980,London Office Ropemaker Place,underlying_asset
fund_asset_link,info,supabase_pair_not_in_today_source_exact,112025,,,"May be older, inferred, synthetic, or out-of-scope for today's active source export.",ast_1b09ced3f5a7,호수빌딩,underlying_asset
fund_asset_link,info,supabase_pair_not_in_today_source_exact,112041,,,"May be older, inferred, synthetic, or out-of-scope for today's active source export.",ast_a86fcdf7e228,CBRE IM European Logistics Partners Fund,underlying_asset
fund_asset_link,info,supabase_pair_not_in_today_source_exact,112042,,,"May be older, inferred, synthetic, or out-of-scope for today's active source export.",ast_8237a62aef6a,신라스테이서대문,underlying_asset
fund_asset_link,info,supabase_pair_not_in_today_source_exact,112043,,,"May be older, inferred, synthetic, or out-of-scope for today's active source export.",ast_a71132d3cc09,이지스모 43호,underlying_asset
fund_asset_link,info,supabase_pair_not_in_today_source_exact,112044,,,"May be older, inferred, synthetic, or out-of-scope for today's active source export.",ast_a71132d3cc09,이지스모 43호,underlying_asset
fund_asset_link,info,supabase_pair_not_in_today_source_exact,112046,,,"May be older, inferred, synthetic, or out-of-scope for today's active source export.",ast_230b908af3f7,프랑스 Orange Telecome 오피스,underlying_asset
fund_asset_link,info,supabase_pair_not_in_today_source_exact,112050,,,"May be older, inferred, synthetic, or out-of-scope for today's active source export.",ast_6b75948563b6,Prologis Targeted European Logistics Fund,underlying_asset
fund_asset_link,info,supabase_pair_not_in_today_source_exact,112125,,,"May be older, inferred, synthetic, or out-of-scope for today's active source export.",ast_6b75948563b6,Prologis Targeted European Logistics Fund,underlying_asset
fund_asset_link,info,supabase_pair_not_in_today_source_exact,112063,,,"May be older, inferred, synthetic, or out-of-scope for today's active source export.",ast_7a41b6b1cb32,Washington D.C. Washington Square Mezzanine Loan,underlying_asset
fund_asset_link,info,supabase_pair_not_in_today_source_exact,112065,,,"May be older, inferred, synthetic, or out-of-scope for today's active source export.",ast_b1f5f079a694,Miami Courvoisier Center Senior Loan,underlying_asset
fund_asset_link,info,supabase_pair_not_in_today_source_exact,112066,,,"May be older, inferred, synthetic, or out-of-scope for today's active source export.",ast_c77b0263f7c6,PFV_Westwood 지분증권,underlying_asset
fund_asset_link,info,supabase_pair_not_in_today_source_exact,112072,,,"May be older, inferred, synthetic, or out-of-scope for today's active source export.",ast_f2df751470ee,Nuveen UK Enhanced Debt Fund,underlying_asset
fund_asset_link,info,supabase_pair_not_in_today_source_exact,112137,,,"May be older, inferred, synthetic, or out-of-scope for today's active source export.",ast_f2df751470ee,Nuveen UK Enhanced Debt Fund,underlying_asset
fund_asset_link,info,supabase_pair_not_in_today_source_exact,112073,,,"May be older, inferred, synthetic, or out-of-scope for today's active source export.",ast_3575c5ffffe0,Dallas KPMG Plaza Senior Loan,underlying_asset
fund_asset_link,info,supabase_pair_not_in_today_source_exact,112076,,,"May be older, inferred, synthetic, or out-of-scope for today's active source export.",ast_d27d2be05580,US BioMed Portfolio Senior Loan,underlying_asset
fund_asset_link,info,supabase_pair_not_in_today_source_exact,112081,,,"May be older, inferred, synthetic, or out-of-scope for today's active source export.",ast_12056ec44b17,NC백화점(야탑),underlying_asset
fund_asset_link,info,supabase_pair_not_in_today_source_exact,112155,,,"May be older, inferred, synthetic, or out-of-scope for today's active source export.",ast_12056ec44b17,NC백화점(야탑),underlying_asset
fund_asset_link,info,supabase_pair_not_in_today_source_exact,112082,,,"May be older, inferred, synthetic, or out-of-scope for today's active source export.",ast_17db161a53b5,부실채권을 기초자산으로 하는 SPC의 출자지분 및 사채,underlying_asset
fund_asset_link,info,supabase_pair_not_in_today_source_exact,112307,,,"May be older, inferred, synthetic, or out-of-scope for today's active source export.",ast_17db161a53b5,부실채권을 기초자산으로 하는 SPC의 출자지분 및 사채,underlying_asset
fund_asset_link,info,supabase_pair_not_in_today_source_exact,112094,,,"May be older, inferred, synthetic, or out-of-scope for today's active source export.",ast_564945797e16,GLP U.S. Income Partners III,underlying_asset
fund_asset_link,info,supabase_pair_not_in_today_source_exact,112101,,,"May be older, inferred, synthetic, or out-of-scope for today's active source export.",ast_14f3dd9eb1f9,마제스타시티타워1,underlying_asset
fund_asset_link,info,supabase_pair_not_in_today_source_exact,112107,,,"May be older, inferred, synthetic, or out-of-scope for today's active source export.",ast_511ba5b81207,102호 수익증권(재간접),underlying_asset
fund_asset_link,info,supabase_pair_not_in_today_source_exact,112108,,,"May be older, inferred, synthetic, or out-of-scope for today's active source export.",ast_5db71e381d95,LasVegas The Cosmopolitan Hotel Junior Mezzanine Loan,underlying_asset
fund_asset_link,info,supabase_pair_not_in_today_source_exact,112113,,,"May be older, inferred, synthetic, or out-of-scope for today's active source export.",ast_3b7fc78aeb9e,Shiba Park Building,underlying_asset
fund_asset_link,info,supabase_pair_not_in_today_source_exact,112116,,,"May be older, inferred, synthetic, or out-of-scope for today's active source export.",ast_31d5292aa061,Newark Two Riverfront Plaza Senior B-Note Loan (Panasonic),underlying_asset
fund_asset_link,info,supabase_pair_not_in_today_source_exact,112117,,,"May be older, inferred, synthetic, or out-of-scope for today's active source export.",ast_a5d1e84522ed,진해오션리조트 선순위 대출,underlying_asset
fund_asset_link,info,supabase_pair_not_in_today_source_exact,112124,,,"May be older, inferred, synthetic, or out-of-scope for today's active source export.",ast_30937d64ae67,부실채권을 기초자산으로 하는 SPC 사채,underlying_asset
fund_asset_link,info,supabase_pair_not_in_today_source_exact,112126,,,"May be older, inferred, synthetic, or out-of-scope for today's active source export.",ast_e45b98ccfc65,"세운 6-3-1,2구역 도시환경정비사업",underlying_asset
fund_asset_link,info,supabase_pair_not_in_today_source_exact,112131,,,"May be older, inferred, synthetic, or out-of-scope for today's active source export.",ast_55e5cc352c17,118호 수익증권(재간접),underlying_asset
fund_asset_link,info,supabase_pair_not_in_today_source_exact,112135,,,"May be older, inferred, synthetic, or out-of-scope for today's active source export.",ast_307e1f83e0d2,Canyon Distressed Opportunity Fund II,underlying_asset
fund_asset_link,info,supabase_pair_not_in_today_source_exact,112138,,,"May be older, inferred, synthetic, or out-of-scope for today's active source export.",ast_3e58fbce109d,J.P. Morgan Asia-Pacific Property Fund,underlying_asset
fund_asset_link,info,supabase_pair_not_in_today_source_exact,112142,,,"May be older, inferred, synthetic, or out-of-scope for today's active source export.",ast_6a798e5e30ee,태양광설비회사 대출채권,underlying_asset
fund_asset_link,info,supabase_pair_not_in_today_source_exact,112150,,,"May be older, inferred, synthetic, or out-of-scope for today's active source export.",ast_00df26953973,New York 1551 Broadway Mezzanine Loan,underlying_asset
fund_asset_link,info,supabase_pair_not_in_today_source_exact,112152,,,"May be older, inferred, synthetic, or out-of-scope for today's active source export.",ast_5f1f6f6aa534,판교 창조경제밸리 특별계획구역(I-Square),underlying_asset
fund_asset_link,info,supabase_pair_not_in_today_source_exact,112154,,,"May be older, inferred, synthetic, or out-of-scope for today's active source export.",ast_2769c1d0b916,세종시 어반아트리움,underlying_asset
fund_asset_link,info,supabase_pair_not_in_today_source_exact,112157,,,"May be older, inferred, synthetic, or out-of-scope for today's active source export.",ast_2ca6ba796227,154호 수익증권(재간접),underlying_asset
fund_asset_link,info,supabase_pair_not_in_today_source_exact,112161,,,"May be older, inferred, synthetic, or out-of-scope for today's active source export.",ast_36740c106490,한남동 외국인아파트부지 신축 PF대출,underlying_asset
fund_asset_link,info,supabase_pair_not_in_today_source_exact,112163,,,"May be older, inferred, synthetic, or out-of-scope for today's active source export.",ast_a08672efd868,하남강변미사지구 업무4BL 3LOT,underlying_asset
fund_asset_link,info,supabase_pair_not_in_today_source_exact,112164,,,"May be older, inferred, synthetic, or out-of-scope for today's active source export.",ast_225077ef8c95,Las Vegas Cosmopolitan Hotel Mezzanine C Loan,underlying_asset
fund_asset_link,info,supabase_pair_not_in_today_source_exact,112166,,,"May be older, inferred, synthetic, or out-of-scope for today's active source export.",ast_73f09d84ccfa,한남동 외국인아파트부지 재개발사업 PF대출,underlying_asset
fund_asset_link,info,supabase_pair_not_in_today_source_exact,112174,,,"May be older, inferred, synthetic, or out-of-scope for today's active source export.",ast_0d9b6bc27220,Balbec InSolve Global Credit Fund III,underlying_asset
fund_asset_link,info,supabase_pair_not_in_today_source_exact,112201,,,"May be older, inferred, synthetic, or out-of-scope for today's active source export.",ast_0d9b6bc27220,Balbec InSolve Global Credit Fund III,underlying_asset
fund_asset_link,info,supabase_pair_not_in_today_source_exact,112188,,,"May be older, inferred, synthetic, or out-of-scope for today's active source export.",ast_8058fee6124d,Sun Crest Kameari,underlying_asset
fund_asset_link,info,supabase_pair_not_in_today_source_exact,112188,,,"May be older, inferred, synthetic, or out-of-scope for today's active source export.",ast_3fe7501ac3ff,Cosmo Gracia Ryogoku,underlying_asset
fund_asset_link,info,supabase_pair_not_in_today_source_exact,112188,,,"May be older, inferred, synthetic, or out-of-scope for today's active source export.",ast_4b60082f6ba4,Reglus Ootorii Airport West,underlying_asset
fund_asset_link,info,supabase_pair_not_in_today_source_exact,112190,,,"May be older, inferred, synthetic, or out-of-scope for today's active source export.",ast_1a7e1fbe1ed6,남양주 다산진건지구 오피스텔,underlying_asset
fund_asset_link,info,supabase_pair_not_in_today_source_exact,112199,,,"May be older, inferred, synthetic, or out-of-scope for today's active source export.",ast_72434a85fc8f,강서 마곡지구 근린생활시설 개발사업 PF대출,underlying_asset
fund_asset_link,info,supabase_pair_not_in_today_source_exact,112199,,,"May be older, inferred, synthetic, or out-of-scope for today's active source export.",ast_5e6798e4e6be,하남 미사지구 오피스텔 개발사업 PF대출,underlying_asset
fund_asset_link,info,supabase_pair_not_in_today_source_exact,112202,,,"May be older, inferred, synthetic, or out-of-scope for today's active source export.",ast_5853b093d79c,제주 신화월드 개발사업(한화전문투자형사모부동산자투자신탁5호6M),underlying_asset
fund_asset_link,info,supabase_pair_not_in_today_source_exact,112215,,,"May be older, inferred, synthetic, or out-of-scope for today's active source export.",ast_5853b093d79c,제주 신화월드 개발사업(한화전문투자형사모부동산자투자신탁5호6M),underlying_asset
fund_asset_link,info,supabase_pair_not_in_today_source_exact,112207,,,"May be older, inferred, synthetic, or out-of-scope for today's active source export.",ast_c26748845c6b,시흥 센트럴푸르지오 사업장 공사대금 예금반환채권 금전채권신탁 담보대출,underlying_asset
fund_asset_link,info,supabase_pair_not_in_today_source_exact,112216,,,"May be older, inferred, synthetic, or out-of-scope for today's active source export.",ast_f541715b8374,Barcelona Office Nestle HQ,underlying_asset
fund_asset_link,info,supabase_pair_not_in_today_source_exact,112222,,,"May be older, inferred, synthetic, or out-of-scope for today's active source export.",ast_f541715b8374,Barcelona Office Nestle HQ,underlying_asset
fund_asset_link,info,supabase_pair_not_in_today_source_exact,112230,,,"May be older, inferred, synthetic, or out-of-scope for today's active source export.",ast_327f60afc82b,Uki Retail AEON Mall,underlying_asset
fund_asset_link,info,supabase_pair_not_in_today_source_exact,112236,,,"May be older, inferred, synthetic, or out-of-scope for today's active source export.",ast_4960a4a8e607,New York Manhattan Holiday Inn B-Note,underlying_asset
fund_asset_link,info,supabase_pair_not_in_today_source_exact,112246,,,"May be older, inferred, synthetic, or out-of-scope for today's active source export.",ast_55478b8ac17a,GIDC 광명역 지식산업센터,underlying_asset
fund_asset_link,info,supabase_pair_not_in_today_source_exact,112248,,,"May be older, inferred, synthetic, or out-of-scope for today's active source export.",ast_55478b8ac17a,GIDC 광명역 지식산업센터,underlying_asset
fund_asset_link,info,supabase_pair_not_in_today_source_exact,112249,,,"May be older, inferred, synthetic, or out-of-scope for today's active source export.",ast_82a02139e4fd,동삭센토피아 지역주택조합 아파트,underlying_asset
fund_asset_link,info,supabase_pair_not_in_today_source_exact,112259,,,"May be older, inferred, synthetic, or out-of-scope for today's active source export.",ast_8fdf7890a11b,판교 알파돔시티 중심상업용지 7-1BL/주차장용지17BL 오피스텔 및 근린생활시설 개발사업 선순위 PF대출,underlying_asset
fund_asset_link,info,supabase_pair_not_in_today_source_exact,112264,,,"May be older, inferred, synthetic, or out-of-scope for today's active source export.",ast_1273fe709763,익선동 상업시설 개발,underlying_asset
fund_asset_link,info,supabase_pair_not_in_today_source_exact,112274,,,"May be older, inferred, synthetic, or out-of-scope for today's active source export.",ast_cbc413cdfd7f,고양 일산 식사2구역 A2BL 공동주택 개발사업 선순위 PF대출채권,underlying_asset
fund_asset_link,info,supabase_pair_not_in_today_source_exact,112275,,,"May be older, inferred, synthetic, or out-of-scope for today's active source export.",ast_8f71aef30468,도농역 오피스텔,underlying_asset
fund_asset_link,info,supabase_pair_not_in_today_source_exact,112285,,,"May be older, inferred, synthetic, or out-of-scope for today's active source export.",ast_28817669f116,용인기흥 파워센(개발),underlying_asset
fund_asset_link,info,supabase_pair_not_in_today_source_exact,112293,,,"May be older, inferred, synthetic, or out-of-scope for today's active source export.",ast_2397942b2f4e,광주 월산현대지역주택조합 공동주택 개발사업 Bridge Loan 현대엔지니어링 채무인수 확약 후순위 대출채권,underlying_asset
fund_asset_link,info,supabase_pair_not_in_today_source_exact,112295,,,"May be older, inferred, synthetic, or out-of-scope for today's active source export.",ast_b4128c33bb53,New York 564 6th Avenue Mezzanine Loan,underlying_asset
fund_asset_link,info,supabase_pair_not_in_today_source_exact,112297,,,"May be older, inferred, synthetic, or out-of-scope for today's active source export.",ast_854de4d7b05b,하남미사 지식산업센터,underlying_asset
fund_asset_link,info,supabase_pair_not_in_today_source_exact,112300,,,"May be older, inferred, synthetic, or out-of-scope for today's active source export.",ast_a26d74763046,"Ku'damm 12, 13-15",underlying_asset
fund_asset_link,info,supabase_pair_not_in_today_source_exact,112301,,,"May be older, inferred, synthetic, or out-of-scope for today's active source export.",ast_f02b527b7861,이천 한익스프레스 물류센터 개발사업,underlying_asset
fund_asset_link,info,supabase_pair_not_in_today_source_exact,112304,,,"May be older, inferred, synthetic, or out-of-scope for today's active source export.",ast_ce621c527b00,Frankfurt St.Martine Tower Mezzanine Loan,underlying_asset
fund_asset_link,info,supabase_pair_not_in_today_source_exact,112308,,,"May be older, inferred, synthetic, or out-of-scope for today's active source export.",ast_e5211e566e98,New York 564 6th Avenue Senior Loan,underlying_asset
fund_asset_link,info,supabase_pair_not_in_today_source_exact,112309,,,"May be older, inferred, synthetic, or out-of-scope for today's active source export.",ast_6b047e815c5e,해운대구 재송동 한진 CY부지 공동주택 등 개발사업 선순위 BrLoan 담보대출,underlying_asset
fund_asset_link,info,supabase_pair_not_in_today_source_exact,112603,,,"May be older, inferred, synthetic, or out-of-scope for today's active source export.",ast_0bed91ccb4ec,부실채권을 기초자산으로 하는 SPC의 사채,underlying_asset
fund_asset_link,info,supabase_pair_not_in_today_source_exact,112321,,,"May be older, inferred, synthetic, or out-of-scope for today's active source export.",ast_446647af6ed1,세운5구역PFV,underlying_asset
fund_asset_link,info,supabase_pair_not_in_today_source_exact,112334,,,"May be older, inferred, synthetic, or out-of-scope for today's active source export.",ast_7689cf60369b,글로벌 리츠,underlying_asset
fund_asset_link,info,supabase_pair_not_in_today_source_exact,112335,,,"May be older, inferred, synthetic, or out-of-scope for today's active source export.",ast_7689cf60369b,글로벌 리츠,underlying_asset
fund_asset_link,info,supabase_pair_not_in_today_source_exact,112342,,,"May be older, inferred, synthetic, or out-of-scope for today's active source export.",ast_9cf4a8abd36c,평택 고덕 업무12-2-3BL PF 선순위 대출채권,underlying_asset
fund_asset_link,info,supabase_pair_not_in_today_source_exact,112343,,,"May be older, inferred, synthetic, or out-of-scope for today's active source export.",ast_7658ea6ef139,독일 프랑크푸르트 소재 개발사업부지,underlying_asset
fund_asset_link,info,supabase_pair_not_in_today_source_exact,112356,,,"May be older, inferred, synthetic, or out-of-scope for today's active source export.",ast_29998629e2b9,Essen TA2 Mezzanine Loan,underlying_asset
fund_asset_link,info,supabase_pair_not_in_today_source_exact,112362,,,"May be older, inferred, synthetic, or out-of-scope for today's active source export.",ast_329735309847,Tokyo District 23 Residential Portfolio,underlying_asset
fund_asset_link,info,supabase_pair_not_in_today_source_exact,112372,,,"May be older, inferred, synthetic, or out-of-scope for today's active source export.",ast_617613cdf1a8,역삼동 개발사업,underlying_asset
fund_asset_link,info,supabase_pair_not_in_today_source_exact,112401,,,"May be older, inferred, synthetic, or out-of-scope for today's active source export.",ast_ff8a69b5d1fd,San Mauro Torinese,underlying_asset
fund_asset_link,info,supabase_pair_not_in_today_source_exact,112401,,,"May be older, inferred, synthetic, or out-of-scope for today's active source export.",ast_ead5386059f5,Carugate,underlying_asset
fund_asset_link,info,supabase_pair_not_in_today_source_exact,112401,,,"May be older, inferred, synthetic, or out-of-scope for today's active source export.",ast_615cb3a61bf2,Verona,underlying_asset
fund_asset_link,info,supabase_pair_not_in_today_source_exact,112401,,,"May be older, inferred, synthetic, or out-of-scope for today's active source export.",ast_179a3e793b6f,Tori Di Quartesolo,underlying_asset
fund_asset_link,info,supabase_pair_not_in_today_source_exact,112401,,,"May be older, inferred, synthetic, or out-of-scope for today's active source export.",ast_afa982be63cc,Campegine,underlying_asset
fund_asset_link,info,supabase_pair_not_in_today_source_exact,112401,,,"May be older, inferred, synthetic, or out-of-scope for today's active source export.",ast_c70882b2b3ff,Camplogalliano,underlying_asset
fund_asset_link,info,supabase_pair_not_in_today_source_exact,112401,,,"May be older, inferred, synthetic, or out-of-scope for today's active source export.",ast_c7e88869e4e6,Bologna Interporto,underlying_asset
fund_asset_link,info,supabase_pair_not_in_today_source_exact,112705,,,"May be older, inferred, synthetic, or out-of-scope for today's active source export.",ast_e505ab13fd73,타이거대체전문투자형사모부동산투자신탁5호(미국캘리포니아주오렌지카운티소재상업용오피스 투자),underlying_asset
fund_asset_link,info,supabase_pair_not_in_today_source_exact,112418,,,"May be older, inferred, synthetic, or out-of-scope for today's active source export.",ast_e505ab13fd73,타이거대체전문투자형사모부동산투자신탁5호(미국캘리포니아주오렌지카운티소재상업용오피스 투자),underlying_asset
fund_asset_link,info,supabase_pair_not_in_today_source_exact,112419,,,"May be older, inferred, synthetic, or out-of-scope for today's active source export.",ast_e505ab13fd73,타이거대체전문투자형사모부동산투자신탁5호(미국캘리포니아주오렌지카운티소재상업용오피스 투자),underlying_asset
fund_asset_link,info,supabase_pair_not_in_today_source_exact,112420,,,"May be older, inferred, synthetic, or out-of-scope for today's active source export.",ast_e505ab13fd73,타이거대체전문투자형사모부동산투자신탁5호(미국캘리포니아주오렌지카운티소재상업용오피스 투자),underlying_asset
fund_asset_link,info,supabase_pair_not_in_today_source_exact,112449,,,"May be older, inferred, synthetic, or out-of-scope for today's active source export.",ast_e60d36b43a64,해운대 센텀 한진CY부지 Bridge Loan 선순위 담보대출 투자,underlying_asset
fund_asset_link,info,supabase_pair_not_in_today_source_exact,112456,,,"May be older, inferred, synthetic, or out-of-scope for today's active source export.",ast_e2910b24e5e7,원효로3가 공공지원민간임대주택,underlying_asset
fund_asset_link,info,supabase_pair_not_in_today_source_exact,112474,,,"May be older, inferred, synthetic, or out-of-scope for today's active source export.",ast_eb5a157872a8,효제아트PFV(주식 및 주주대여),underlying_asset
fund_asset_link,info,supabase_pair_not_in_today_source_exact,112502,,,"May be older, inferred, synthetic, or out-of-scope for today's active source export.",ast_f7a36f9524d4,뉴멕시코주 아마존 물류센터,underlying_asset
fund_asset_link,info,supabase_pair_not_in_today_source_exact,112503,,,"May be older, inferred, synthetic, or out-of-scope for today's active source export.",ast_f7a36f9524d4,뉴멕시코주 아마존 물류센터,underlying_asset
fund_asset_link,info,supabase_pair_not_in_today_source_exact,112522,,,"May be older, inferred, synthetic, or out-of-scope for today's active source export.",ast_d67f522a279c,안성 당목리 물류 개발사업,underlying_asset
fund_asset_link,info,supabase_pair_not_in_today_source_exact,112539,,,"May be older, inferred, synthetic, or out-of-scope for today's active source export.",ast_42ffd5c419d7,Hawaii Sky Ala Moana Senior B-note Loan,underlying_asset
fund_asset_link,info,supabase_pair_not_in_today_source_exact,112544,,,"May be older, inferred, synthetic, or out-of-scope for today's active source export.",ast_42ffd5c419d7,Hawaii Sky Ala Moana Senior B-note Loan,underlying_asset
fund_asset_link,info,supabase_pair_not_in_today_source_exact,112545,,,"May be older, inferred, synthetic, or out-of-scope for today's active source export.",ast_42ffd5c419d7,Hawaii Sky Ala Moana Senior B-note Loan,underlying_asset
fund_asset_link,info,supabase_pair_not_in_today_source_exact,112560,,,"May be older, inferred, synthetic, or out-of-scope for today's active source export.",ast_834d830d4c5a,Manhattan Meatpacking Plaza Senior + Mezz Loan,underlying_asset
fund_asset_link,info,supabase_pair_not_in_today_source_exact,112564,,,"May be older, inferred, synthetic, or out-of-scope for today's active source export.",ast_f5220c768a13,Global REITs (수협),underlying_asset
fund_asset_link,info,supabase_pair_not_in_today_source_exact,112616,,,"May be older, inferred, synthetic, or out-of-scope for today's active source export.",ast_386a43afd1af,서초동 오피스텔 개발 사업,underlying_asset
fund_asset_link,info,supabase_pair_not_in_today_source_exact,112618,,,"May be older, inferred, synthetic, or out-of-scope for today's active source export.",ast_e8ad3281d39e,Enlink project patton,underlying_asset
fund_asset_link,info,supabase_pair_not_in_today_source_exact,112647,,,"May be older, inferred, synthetic, or out-of-scope for today's active source export.",ast_576c45603803,신재생에너지 발전사업 PF대출,underlying_asset
fund_asset_link,info,supabase_pair_not_in_today_source_exact,112664,,,"May be older, inferred, synthetic, or out-of-scope for today's active source export.",ast_428853fb1dec,Global REITs(삼성OCIO),underlying_asset
fund_asset_link,info,supabase_pair_not_in_today_source_exact,112693,,,"May be older, inferred, synthetic, or out-of-scope for today's active source export.",ast_fdc6a46958de,이지스제463호부동산일반사모투자회사 주식,underlying_asset
fund_asset_link,info,supabase_pair_not_in_today_source_exact,112709,,,"May be older, inferred, synthetic, or out-of-scope for today's active source export.",ast_b826792d7e17,비상장 상환전환우선주,underlying_asset
fund_asset_link,info,supabase_pair_not_in_today_source_exact,112709,,,"May be older, inferred, synthetic, or out-of-scope for today's active source export.",ast_ac998c897426,전환사채,underlying_asset
fund_asset_link,info,supabase_pair_not_in_today_source_exact,112709,,,"May be older, inferred, synthetic, or out-of-scope for today's active source export.",ast_4d1430b5f175,공모주,underlying_asset
fund_asset_link,info,supabase_pair_not_in_today_source_exact,112710,,,"May be older, inferred, synthetic, or out-of-scope for today's active source export.",ast_4d1430b5f175,공모주,underlying_asset
fund_asset_link,info,supabase_pair_not_in_today_source_exact,112710,,,"May be older, inferred, synthetic, or out-of-scope for today's active source export.",ast_f230c76d6975,"AA- 이상 채권, 국내 상장 리츠, 공모주, 스팩",underlying_asset
fund_asset_link,info,supabase_pair_not_in_today_source_exact,112710,,,"May be older, inferred, synthetic, or out-of-scope for today's active source export.",ast_4ffe4ac306f2,이지스 멀티인컴 일반사모투자신탁 제1호(운용),underlying_asset
fund_asset_link,info,supabase_pair_not_in_today_source_exact,112718,,,"May be older, inferred, synthetic, or out-of-scope for today's active source export.",ast_1bf3c754cc2c,LA Wilshire Grand Center Senior Loan,underlying_asset
fund_asset_link,info,supabase_pair_not_in_today_source_exact,112523,,,"May be older, inferred, synthetic, or out-of-scope for today's active source export.",ast_1bf3c754cc2c,LA Wilshire Grand Center Senior Loan,underlying_asset
fund_asset_link,info,supabase_pair_not_in_today_source_exact,112740,,,"May be older, inferred, synthetic, or out-of-scope for today's active source export.",ast_3a760d38807f,"AA- 이상 채권, 국내 상장 리츠, 공모주, 스팩",underlying_asset
fund_asset_link,info,supabase_pair_not_in_today_source_exact,112757,,,"May be older, inferred, synthetic, or out-of-scope for today's active source export.",ast_2ee9ca3d2082,"해외 주식, 채권, ETF",underlying_asset
fund_asset_link,info,supabase_pair_not_in_today_source_exact,112758,,,"May be older, inferred, synthetic, or out-of-scope for today's active source export.",ast_2ee9ca3d2082,"해외 주식, 채권, ETF",underlying_asset
fund_asset_link,info,supabase_pair_not_in_today_source_exact,112759,,,"May be older, inferred, synthetic, or out-of-scope for today's active source export.",ast_2ee9ca3d2082,"해외 주식, 채권, ETF",underlying_asset
fund_asset_link,info,supabase_pair_not_in_today_source_exact,112760,,,"May be older, inferred, synthetic, or out-of-scope for today's active source export.",ast_2ee9ca3d2082,"해외 주식, 채권, ETF",underlying_asset
fund_asset_link,info,supabase_pair_not_in_today_source_exact,112782,,,"May be older, inferred, synthetic, or out-of-scope for today's active source export.",ast_cad3ca04538a,"메자닌, 공모주, 스팩, 이벤트 드리븐",underlying_asset
fund_asset_link,info,supabase_pair_not_in_today_source_exact,112799,,,"May be older, inferred, synthetic, or out-of-scope for today's active source export.",ast_9e6791cd4061,성내동 개발부지 담보대출(브릿지론),underlying_asset
fund_asset_link,info,supabase_pair_not_in_today_source_exact,112800,,,"May be older, inferred, synthetic, or out-of-scope for today's active source export.",ast_9e6791cd4061,성내동 개발부지 담보대출(브릿지론),underlying_asset
fund_asset_link,info,supabase_pair_not_in_today_source_exact,112798,,,"May be older, inferred, synthetic, or out-of-scope for today's active source export.",ast_9e6791cd4061,성내동 개발부지 담보대출(브릿지론),underlying_asset
fund_asset_link,info,supabase_pair_not_in_today_source_exact,120018,,,"May be older, inferred, synthetic, or out-of-scope for today's active source export.",ast_726cfaffb03f,신영문봉PFV의 대출채권 및 지분증권,underlying_asset
fund_asset_link,info,supabase_pair_not_in_today_source_exact,120037,,,"May be older, inferred, synthetic, or out-of-scope for today's active source export.",ast_38527bcff111,성수동2가 268-2 업무시설 개발사업 브릿지대출,underlying_asset
fund_asset_link,info,supabase_pair_not_in_today_source_exact,120038,,,"May be older, inferred, synthetic, or out-of-scope for today's active source export.",ast_8574787ff3ec,성수 빅트라이앵글B/L(이지스성수PF재구조화 2종 수익증권),underlying_asset
fund_asset_link,info,supabase_pair_not_in_today_source_exact,120044,,,"May be older, inferred, synthetic, or out-of-scope for today's active source export.",ast_b0956b6f4029,이지스산업단지환경개선일반사모부동산투자신탁제1호,underlying_asset
fund_asset_link,info,supabase_pair_not_in_today_source_exact,120049,,,"May be older, inferred, synthetic, or out-of-scope for today's active source export.",ast_71252a1db077,수서 역세권B1-3BL B/L(이지스수서PF재구조화 2종 수익증권),underlying_asset
fund_asset_link,info,supabase_pair_not_in_today_source_exact,120050,,,"May be older, inferred, synthetic, or out-of-scope for today's active source export.",ast_53985b2bb7f9,수서역세권 공공주택지구 B1-3BL 개발사업 브릿지대출,underlying_asset
fund_asset_link,info,supabase_pair_not_in_today_source_exact,120057,,,"May be older, inferred, synthetic, or out-of-scope for today's active source export.",ast_d148de771db5,세원이앤씨(주)의 담보부 신주인수권부 사채,underlying_asset
fund_asset_link,info,supabase_pair_not_in_today_source_exact,120060,,,"May be older, inferred, synthetic, or out-of-scope for today's active source export.",ast_02e499cf476b,서울 서초구 반포동 64-1번지 일원 개발사업장 브릿지대출,underlying_asset
fund_asset_link,info,supabase_pair_not_in_today_source_exact,120059,,,"May be older, inferred, synthetic, or out-of-scope for today's active source export.",ast_02e499cf476b,서울 서초구 반포동 64-1번지 일원 개발사업장 브릿지대출,underlying_asset
fund_asset_link,info,supabase_pair_not_in_today_source_exact,120064,,,"May be older, inferred, synthetic, or out-of-scope for today's active source export.",ast_cd234848887e,위례Senior Living 개발사업,underlying_asset
fund_asset_link,info,supabase_pair_not_in_today_source_exact,120065,,,"May be older, inferred, synthetic, or out-of-scope for today's active source export.",ast_cd234848887e,위례Senior Living 개발사업,underlying_asset
fund_asset_link,info,supabase_pair_not_in_today_source_exact,120066,,,"May be older, inferred, synthetic, or out-of-scope for today's active source export.",ast_cd234848887e,위례Senior Living 개발사업,underlying_asset
fund_asset_link,info,supabase_pair_not_in_today_source_exact,120067,,,"May be older, inferred, synthetic, or out-of-scope for today's active source export.",ast_cd234848887e,위례Senior Living 개발사업,underlying_asset
fund_asset_link,info,supabase_pair_not_in_today_source_exact,120068,,,"May be older, inferred, synthetic, or out-of-scope for today's active source export.",ast_cd234848887e,위례Senior Living 개발사업,underlying_asset
fund_asset_link,info,supabase_pair_not_in_today_source_exact,120069,,,"May be older, inferred, synthetic, or out-of-scope for today's active source export.",ast_cd234848887e,위례Senior Living 개발사업,underlying_asset
fund_asset_link,info,supabase_pair_not_in_today_source_exact,120102,,,"May be older, inferred, synthetic, or out-of-scope for today's active source export.",ast_b4ff0851baae,이지스국내PF재구조화일반사모부동산모투자신탁제1-3호,underlying_asset
fund_asset_link,info,supabase_pair_not_in_today_source_exact,200006,,,"May be older, inferred, synthetic, or out-of-scope for today's active source export.",ast_02f2fb35a743,이지스글로벌세컨더리일반사모혼합자산투자신탁제1호,underlying_asset
fund_asset_link,info,supabase_pair_not_in_today_source_exact,P00003,,,"May be older, inferred, synthetic, or out-of-scope for today's active source export.",ast_808ae65372f4,오시리아타워레지던스,underlying_asset
fund_asset_link,info,supabase_pair_not_in_today_source_exact,P00004,,,"May be older, inferred, synthetic, or out-of-scope for today's active source export.",ast_6d51cde27e33,해운대 L7,underlying_asset
fund_asset_link,info,supabase_pair_not_in_today_source_exact,P00010,,,"May be older, inferred, synthetic, or out-of-scope for today's active source export.",ast_fa825d8bd449,성수동 복합시설 개발사업,underlying_asset
fund_asset_link,info,supabase_pair_not_in_today_source_exact,P00020,,,"May be older, inferred, synthetic, or out-of-scope for today's active source export.",ast_7ab6aebd7878,검단 오피스텔 개발,underlying_asset
fund_asset_link,info,supabase_pair_not_in_today_source_exact,P00036,,,"May be older, inferred, synthetic, or out-of-scope for today's active source export.",ast_9b0de0a4a118,성수동2가오피스,underlying_asset
fund_asset_link,info,supabase_pair_not_in_today_source_exact,112185,,,"May be older, inferred, synthetic, or out-of-scope for today's active source export.",ast_3e8fec277620,와이플러스빌딩 (투자),underlying_asset
fund_asset_link,info,supabase_pair_not_in_today_source_exact,112322,,,"May be older, inferred, synthetic, or out-of-scope for today's active source export.",ast_4f5ea25eb396,피겨앤그라운드,underlying_asset
fund_asset_link,info,supabase_pair_not_in_today_source_exact,112025,,,"May be older, inferred, synthetic, or out-of-scope for today's active source export.",ast_a39455191564,트리스빌딩 (투자),underlying_asset
fund_asset_link,info,supabase_pair_not_in_today_source_exact,112298,,,"May be older, inferred, synthetic, or out-of-scope for today's active source export.",ast_56e6a7e4b54b,잠실새내 오피스텔 신축사업,underlying_asset
fund_asset_link,info,supabase_pair_not_in_today_source_exact,112306,,,"May be older, inferred, synthetic, or out-of-scope for today's active source export.",ast_541ce8b9c351,부산 온천동 복합시설 신축사업,underlying_asset
fund_asset_link,info,supabase_pair_not_in_today_source_exact,112677,,,"May be older, inferred, synthetic, or out-of-scope for today's active source export.",ast_39df6f35071a,신라스테이해운대,underlying_asset
fund_asset_link,info,supabase_pair_not_in_today_source_exact,112584,,,"May be older, inferred, synthetic, or out-of-scope for today's active source export.",ast_db3bfd1b4baf,이지스일반사모투자신탁435호(태양광),underlying_asset
fund_asset_link,info,supabase_pair_not_in_today_source_exact,112163,,,"May be older, inferred, synthetic, or out-of-scope for today's active source export.",ast_25e1a4cc6c6f,부산 수영구 광안동 98-1외 7필지 오피스텔 PF,underlying_asset
fund_asset_link,info,supabase_pair_not_in_today_source_exact,112252,,,"May be older, inferred, synthetic, or out-of-scope for today's active source export.",ast_b6574cf0dc13,"부산시 사상구 괘법동 오피스텔, 도시형생활주택 및 근린생활시설 신축사업",underlying_asset
fund_asset_link,info,supabase_pair_not_in_today_source_exact,112054,,,"May be older, inferred, synthetic, or out-of-scope for today's active source export.",ast_8f63f7ec9170,이지스리테일제55호사모부동산투자유한회사,underlying_asset
fund_asset_link,info,supabase_pair_not_in_today_source_exact,112255,,,"May be older, inferred, synthetic, or out-of-scope for today's active source export.",ast_bd308f82a818,잭니클라우스GC 단독주택부지 담보신탁 1순위 우선수익권 담보부,underlying_asset
fund_asset_link,info,supabase_pair_not_in_today_source_exact,112373,,,"May be older, inferred, synthetic, or out-of-scope for today's active source export.",ast_701635aba4fc,송도 센토피아더샵 공동주택 및 근린생활시설 개발사업 PF Refinancing,underlying_asset
fund_asset_link,info,supabase_pair_not_in_today_source_exact,112184,,,"May be older, inferred, synthetic, or out-of-scope for today's active source export.",ast_ed6a011723e2,남동테크노타워 지식산업센터 개발사업 PF,underlying_asset
fund_asset_link,info,supabase_pair_not_in_today_source_exact,R00008,,,"May be older, inferred, synthetic, or out-of-scope for today's active source export.",ast_ec5c572ce8a7,주식회사 이지스레지던스위탁관리부동산투자회사,underlying_asset
fund_asset_link,info,supabase_pair_not_in_today_source_exact,112175,,,"May be older, inferred, synthetic, or out-of-scope for today's active source export.",ast_b5b13984b5c2,부평 더샵센트럴시티 공공지원민간임대주택,underlying_asset
fund_asset_link,info,supabase_pair_not_in_today_source_exact,120029,,,"May be older, inferred, synthetic, or out-of-scope for today's active source export.",ast_0920c9043185,인천석남물류센터,underlying_asset
fund_asset_link,info,supabase_pair_not_in_today_source_exact,120030,,,"May be older, inferred, synthetic, or out-of-scope for today's active source export.",ast_0920c9043185,인천석남물류센터,underlying_asset
fund_asset_link,info,supabase_pair_not_in_today_source_exact,112213,,,"May be older, inferred, synthetic, or out-of-scope for today's active source export.",ast_f341642853ae,인천 가좌동 오피스텔 선순위 PF,underlying_asset
fund_asset_link,info,supabase_pair_not_in_today_source_exact,112314,,,"May be older, inferred, synthetic, or out-of-scope for today's active source export.",ast_d2b291b01082,돈의문3구역 게이트타워,underlying_asset
fund_asset_link,info,supabase_pair_not_in_today_source_exact,112344,,,"May be older, inferred, synthetic, or out-of-scope for today's active source export.",ast_0d034e04e91f,홈플러스 대전문화점 (투자),underlying_asset
fund_asset_link,info,supabase_pair_not_in_today_source_exact,112054,,,"May be older, inferred, synthetic, or out-of-scope for today's active source export.",ast_9e54163d0926,롯데마트대덕점,underlying_asset
fund_asset_link,info,supabase_pair_not_in_today_source_exact,112592,,,"May be older, inferred, synthetic, or out-of-scope for today's active source export.",ast_9e54163d0926,롯데마트대덕점,underlying_asset
fund_asset_link,info,supabase_pair_not_in_today_source_exact,112294,,,"May be older, inferred, synthetic, or out-of-scope for today's active source export.",ast_90a7471e6e20,수원 이비스 앰배서더 수원 호텔 후순위,underlying_asset
fund_asset_link,info,supabase_pair_not_in_today_source_exact,112296,,,"May be older, inferred, synthetic, or out-of-scope for today's active source export.",ast_9b294af79693,광교 아이파크 주상복합 내 판매시설 선순위 담보,underlying_asset
fund_asset_link,info,supabase_pair_not_in_today_source_exact,112535,,,"May be older, inferred, synthetic, or out-of-scope for today's active source export.",ast_578a66328a1e,판교아이스퀘어E동,underlying_asset
fund_asset_link,info,supabase_pair_not_in_today_source_exact,112025,,,"May be older, inferred, synthetic, or out-of-scope for today's active source export.",ast_19e5bba5f247,서영빌딩 (투자),underlying_asset
fund_asset_link,info,supabase_pair_not_in_today_source_exact,R00006,,,"May be older, inferred, synthetic, or out-of-scope for today's active source export.",ast_7a35fc542c9f,이지스데이터센터위탁관리부동산투자회사 주식회사,underlying_asset
fund_asset_link,info,supabase_pair_not_in_today_source_exact,112025,,,"May be older, inferred, synthetic, or out-of-scope for today's active source export.",ast_03afde6453fc,탑빌딩,underlying_asset
fund_asset_link,info,supabase_pair_not_in_today_source_exact,200030,,,"May be older, inferred, synthetic, or out-of-scope for today's active source export.",ast_d6b3682a1147,판교 테크원타워 (우선주),underlying_asset
fund_asset_link,info,supabase_pair_not_in_today_source_exact,112148,,,"May be older, inferred, synthetic, or out-of-scope for today's active source export.",ast_eb058774b3aa,판교 알파돔시티 비즈니스호텔 (투자),underlying_asset
fund_asset_link,info,supabase_pair_not_in_today_source_exact,112001,,,"May be older, inferred, synthetic, or out-of-scope for today's active source export.",ast_d2b8095c4603,2001아울렛(안양) (투자),underlying_asset
fund_asset_link,info,supabase_pair_not_in_today_source_exact,112155,,,"May be older, inferred, synthetic, or out-of-scope for today's active source export.",ast_223bae23bf93,뉴코아아울렛(평촌),underlying_asset
fund_asset_link,info,supabase_pair_not_in_today_source_exact,112081,,,"May be older, inferred, synthetic, or out-of-scope for today's active source export.",ast_223bae23bf93,뉴코아아울렛(평촌),underlying_asset
fund_asset_link,info,supabase_pair_not_in_today_source_exact,112720,,,"May be older, inferred, synthetic, or out-of-scope for today's active source export.",ast_6526b194cc13,부천카스퀘어담보대출,underlying_asset
fund_asset_link,info,supabase_pair_not_in_today_source_exact,112136,,,"May be older, inferred, synthetic, or out-of-scope for today's active source export.",ast_5eda17cd5cf3,광명 역세권지구 복합시설 신축 (투자),underlying_asset
fund_asset_link,info,supabase_pair_not_in_today_source_exact,112194,,,"May be older, inferred, synthetic, or out-of-scope for today's active source export.",ast_6e943e2850e9,고양시 화정동 아이씨티일산,underlying_asset
fund_asset_link,info,supabase_pair_not_in_today_source_exact,112414,,,"May be older, inferred, synthetic, or out-of-scope for today's active source export.",ast_cf7655c37f5e,일산CLC,underlying_asset
fund_asset_link,info,supabase_pair_not_in_today_source_exact,112081,,,"May be older, inferred, synthetic, or out-of-scope for today's active source export.",ast_c9b5f50bc992,뉴코아아울렛(일산),underlying_asset
fund_asset_link,info,supabase_pair_not_in_today_source_exact,112155,,,"May be older, inferred, synthetic, or out-of-scope for today's active source export.",ast_c9b5f50bc992,뉴코아아울렛(일산),underlying_asset
fund_asset_link,info,supabase_pair_not_in_today_source_exact,112611,,,"May be older, inferred, synthetic, or out-of-scope for today's active source export.",ast_ee5b4d0511ec,구리시 수택동 주거용 오피스텔 (투자),underlying_asset
fund_asset_link,info,supabase_pair_not_in_today_source_exact,112099,,,"May be older, inferred, synthetic, or out-of-scope for today's active source export.",ast_288840e4c692,하남미사우성르보아파크,underlying_asset
fund_asset_link,info,supabase_pair_not_in_today_source_exact,112189,,,"May be older, inferred, synthetic, or out-of-scope for today's active source export.",ast_288840e4c692,하남미사우성르보아파크,underlying_asset
fund_asset_link,info,supabase_pair_not_in_today_source_exact,112594,,,"May be older, inferred, synthetic, or out-of-scope for today's active source export.",ast_84491d5860d7,하남데이터센터,underlying_asset
fund_asset_link,info,supabase_pair_not_in_today_source_exact,112595,,,"May be older, inferred, synthetic, or out-of-scope for today's active source export.",ast_84491d5860d7,하남데이터센터,underlying_asset
fund_asset_link,info,supabase_pair_not_in_today_source_exact,112569,,,"May be older, inferred, synthetic, or out-of-scope for today's active source export.",ast_84491d5860d7,하남데이터센터,underlying_asset
fund_asset_link,info,supabase_pair_not_in_today_source_exact,112442,,,"May be older, inferred, synthetic, or out-of-scope for today's active source export.",ast_84491d5860d7,하남데이터센터,underlying_asset
fund_asset_link,info,supabase_pair_not_in_today_source_exact,112527,,,"May be older, inferred, synthetic, or out-of-scope for today's active source export.",ast_349f44ccfd1f,이지스전문투자형사모부동산투자신탁제404호,underlying_asset
fund_asset_link,info,supabase_pair_not_in_today_source_exact,112277,,,"May be older, inferred, synthetic, or out-of-scope for today's active source export.",ast_8d2911b657d8,파주 운정지구 오피스 개발사업,underlying_asset
fund_asset_link,info,supabase_pair_not_in_today_source_exact,112245,,,"May be older, inferred, synthetic, or out-of-scope for today's active source export.",ast_6f4f44b4c3aa,도지물류센터 (투자),underlying_asset
fund_asset_link,info,supabase_pair_not_in_today_source_exact,112328,,,"May be older, inferred, synthetic, or out-of-scope for today's active source export.",ast_0264aa763175,덕평CJ물류센터 (투자),underlying_asset
fund_asset_link,info,supabase_pair_not_in_today_source_exact,R00007,,,"May be older, inferred, synthetic, or out-of-scope for today's active source export.",ast_8f4a16aa66fa,여주쿠팡물류센터,underlying_asset
fund_asset_link,info,supabase_pair_not_in_today_source_exact,112387,,,"May be older, inferred, synthetic, or out-of-scope for today's active source export.",ast_3a33a41d444e,충북 청주시 서원구 잠두봉근린공원 공동주택 개발사업 PF,underlying_asset
fund_asset_link,info,supabase_pair_not_in_today_source_exact,112279,,,"May be older, inferred, synthetic, or out-of-scope for today's active source export.",ast_e6eadbaa08bd,클럽디 속리산,underlying_asset
fund_asset_link,info,supabase_pair_not_in_today_source_exact,112007,,,"May be older, inferred, synthetic, or out-of-scope for today's active source export.",ast_668935b47b6b,롯데마트(나주),underlying_asset
fund_asset_link,info,supabase_pair_not_in_today_source_exact,112047,,,"May be older, inferred, synthetic, or out-of-scope for today's active source export.",ast_e2fd03212beb,남악신도시 복합쇼핑몰 (투자),underlying_asset
fund_asset_link,info,supabase_pair_not_in_today_source_exact,112056,,,"May be older, inferred, synthetic, or out-of-scope for today's active source export.",ast_2599313d9083,롯데마트(포항) (투자),underlying_asset
fund_asset_link,info,supabase_pair_not_in_today_source_exact,112194,,,"May be older, inferred, synthetic, or out-of-scope for today's active source export.",ast_3ac68d303b60,이지스부동산투자신탁187호,underlying_asset
fund_asset_link,info,supabase_pair_not_in_today_source_exact,112226,,,"May be older, inferred, synthetic, or out-of-scope for today's active source export.",ast_e3779cfe5ab2,켄싱턴 제주호텔 부동산담보신탁 1종 수익권,underlying_asset
fund_asset_link,info,supabase_pair_not_in_today_source_exact,112004,,,"May be older, inferred, synthetic, or out-of-scope for today's active source export.",ast_58e37903d5ef,원주AK,underlying_asset
fund_asset_link,info,supabase_pair_not_in_today_source_exact,P00011,,,"May be older, inferred, synthetic, or out-of-scope for today's active source export.",ast_8a93d35b0890,디오션259피에프브이 주식회사,underlying_asset
fund_asset_link,info,supabase_pair_not_in_today_source_exact,112504,,,"May be older, inferred, synthetic, or out-of-scope for today's active source export.",ast_222407c92192,이지스일반사모투자신탁392호(태양광),underlying_asset
fund_asset_link,info,supabase_pair_not_in_today_source_exact,112344,,,"May be older, inferred, synthetic, or out-of-scope for today's active source export.",ast_765cc3a1898a,이지스코어리테일부동산투자신탁302호(운용),underlying_asset
fund_asset_link,info,supabase_pair_not_in_today_source_exact,112040,,,"May be older, inferred, synthetic, or out-of-scope for today's active source export.",ast_58e37903d5ef,원주AK,inferred_underlying_asset
fund_asset_link,info,supabase_pair_not_in_today_source_exact,112060,,,"May be older, inferred, synthetic, or out-of-scope for today's active source export.",ast_edd6f6c3e3e5,더피나클강남 (투자),inferred_underlying_asset
fund_asset_link,info,supabase_pair_not_in_today_source_exact,112084,,,"May be older, inferred, synthetic, or out-of-scope for today's active source export.",ast_6d4a384539b2,Hines Poland Sustainable Income Fund,inferred_underlying_asset
fund_asset_link,info,supabase_pair_not_in_today_source_exact,112091,,,"May be older, inferred, synthetic, or out-of-scope for today's active source export.",ast_edd6f6c3e3e5,더피나클강남 (투자),inferred_underlying_asset
fund_asset_link,info,supabase_pair_not_in_today_source_exact,112119,,,"May be older, inferred, synthetic, or out-of-scope for today's active source export.",ast_58e37903d5ef,원주AK,inferred_underlying_asset
fund_asset_link,info,supabase_pair_not_in_today_source_exact,112762,,,"May be older, inferred, synthetic, or out-of-scope for today's active source export.",ast_bd9afab36d26,이지스일반사모부동산투자신탁제439호,inferred_underlying_asset
fund_asset_link,info,supabase_pair_not_in_today_source_exact,112120,,,"May be older, inferred, synthetic, or out-of-scope for today's active source export.",ast_58e37903d5ef,원주AK,inferred_underlying_asset
fund_asset_link,info,supabase_pair_not_in_today_source_exact,112121,,,"May be older, inferred, synthetic, or out-of-scope for today's active source export.",ast_58e37903d5ef,원주AK,inferred_underlying_asset
fund_asset_link,info,supabase_pair_not_in_today_source_exact,112122,,,"May be older, inferred, synthetic, or out-of-scope for today's active source export.",ast_58e37903d5ef,원주AK,inferred_underlying_asset
fund_asset_link,info,supabase_pair_not_in_today_source_exact,112123,,,"May be older, inferred, synthetic, or out-of-scope for today's active source export.",ast_58e37903d5ef,원주AK,inferred_underlying_asset
fund_asset_link,info,supabase_pair_not_in_today_source_exact,112151,,,"May be older, inferred, synthetic, or out-of-scope for today's active source export.",ast_6d4a384539b2,Hines Poland Sustainable Income Fund,inferred_underlying_asset
fund_asset_link,info,supabase_pair_not_in_today_source_exact,112167,,,"May be older, inferred, synthetic, or out-of-scope for today's active source export.",ast_73f09d84ccfa,한남동 외국인아파트부지 재개발사업 PF대출,inferred_underlying_asset
fund_asset_link,info,supabase_pair_not_in_today_source_exact,112168,,,"May be older, inferred, synthetic, or out-of-scope for today's active source export.",ast_73f09d84ccfa,한남동 외국인아파트부지 재개발사업 PF대출,inferred_underlying_asset
fund_asset_link,info,supabase_pair_not_in_today_source_exact,112176,,,"May be older, inferred, synthetic, or out-of-scope for today's active source export.",ast_b5b13984b5c2,부평 더샵센트럴시티 공공지원민간임대주택,inferred_underlying_asset
fund_asset_link,info,supabase_pair_not_in_today_source_exact,112177,,,"May be older, inferred, synthetic, or out-of-scope for today's active source export.",ast_b5b13984b5c2,부평 더샵센트럴시티 공공지원민간임대주택,inferred_underlying_asset
fund_asset_link,info,supabase_pair_not_in_today_source_exact,112178,,,"May be older, inferred, synthetic, or out-of-scope for today's active source export.",ast_b5b13984b5c2,부평 더샵센트럴시티 공공지원민간임대주택,inferred_underlying_asset
fund_asset_link,info,supabase_pair_not_in_today_source_exact,112179,,,"May be older, inferred, synthetic, or out-of-scope for today's active source export.",ast_b5b13984b5c2,부평 더샵센트럴시티 공공지원민간임대주택,inferred_underlying_asset
fund_asset_link,info,supabase_pair_not_in_today_source_exact,112186,,,"May be older, inferred, synthetic, or out-of-scope for today's active source export.",ast_3e8fec277620,와이플러스빌딩 (투자),inferred_underlying_asset
fund_asset_link,info,supabase_pair_not_in_today_source_exact,112187,,,"May be older, inferred, synthetic, or out-of-scope for today's active source export.",ast_3e8fec277620,와이플러스빌딩 (투자),inferred_underlying_asset
fund_asset_link,info,supabase_pair_not_in_today_source_exact,112329,,,"May be older, inferred, synthetic, or out-of-scope for today's active source export.",ast_0264aa763175,덕평CJ물류센터 (투자),inferred_underlying_asset
fund_asset_link,info,supabase_pair_not_in_today_source_exact,112203,,,"May be older, inferred, synthetic, or out-of-scope for today's active source export.",ast_72434a85fc8f,강서 마곡지구 근린생활시설 개발사업 PF대출,inferred_underlying_asset
fund_asset_link,info,supabase_pair_not_in_today_source_exact,112204,,,"May be older, inferred, synthetic, or out-of-scope for today's active source export.",ast_72434a85fc8f,강서 마곡지구 근린생활시설 개발사업 PF대출,inferred_underlying_asset
fund_asset_link,info,supabase_pair_not_in_today_source_exact,112221,,,"May be older, inferred, synthetic, or out-of-scope for today's active source export.",ast_f541715b8374,Barcelona Office Nestle HQ,inferred_underlying_asset
fund_asset_link,info,supabase_pair_not_in_today_source_exact,112224,,,"May be older, inferred, synthetic, or out-of-scope for today's active source export.",ast_230b908af3f7,프랑스 Orange Telecome 오피스,inferred_underlying_asset
fund_asset_link,info,supabase_pair_not_in_today_source_exact,112225,,,"May be older, inferred, synthetic, or out-of-scope for today's active source export.",ast_1f446ce9025d,홈플러스죽도점 (투자),inferred_underlying_asset
fund_asset_link,info,supabase_pair_not_in_today_source_exact,112227,,,"May be older, inferred, synthetic, or out-of-scope for today's active source export.",ast_e3779cfe5ab2,켄싱턴 제주호텔 부동산담보신탁 1종 수익권,inferred_underlying_asset
fund_asset_link,info,supabase_pair_not_in_today_source_exact,112228,,,"May be older, inferred, synthetic, or out-of-scope for today's active source export.",ast_e3779cfe5ab2,켄싱턴 제주호텔 부동산담보신탁 1종 수익권,inferred_underlying_asset
fund_asset_link,info,supabase_pair_not_in_today_source_exact,112265,,,"May be older, inferred, synthetic, or out-of-scope for today's active source export.",ast_6f4f44b4c3aa,도지물류센터 (투자),inferred_underlying_asset
fund_asset_link,info,supabase_pair_not_in_today_source_exact,112266,,,"May be older, inferred, synthetic, or out-of-scope for today's active source export.",ast_6f4f44b4c3aa,도지물류센터 (투자),inferred_underlying_asset
fund_asset_link,info,supabase_pair_not_in_today_source_exact,112280,,,"May be older, inferred, synthetic, or out-of-scope for today's active source export.",ast_e6eadbaa08bd,클럽디 속리산,inferred_underlying_asset
fund_asset_link,info,supabase_pair_not_in_today_source_exact,112281,,,"May be older, inferred, synthetic, or out-of-scope for today's active source export.",ast_e6eadbaa08bd,클럽디 속리산,inferred_underlying_asset
fund_asset_link,info,supabase_pair_not_in_today_source_exact,112282,,,"May be older, inferred, synthetic, or out-of-scope for today's active source export.",ast_e6eadbaa08bd,클럽디 속리산,inferred_underlying_asset
fund_asset_link,info,supabase_pair_not_in_today_source_exact,112288,,,"May be older, inferred, synthetic, or out-of-scope for today's active source export.",ast_021767a7f029,강동 성내 역세권 청년주택,inferred_underlying_asset
fund_asset_link,info,supabase_pair_not_in_today_source_exact,112289,,,"May be older, inferred, synthetic, or out-of-scope for today's active source export.",ast_021767a7f029,강동 성내 역세권 청년주택,inferred_underlying_asset
fund_asset_link,info,supabase_pair_not_in_today_source_exact,112302,,,"May be older, inferred, synthetic, or out-of-scope for today's active source export.",ast_d27d2be05580,US BioMed Portfolio Senior Loan,inferred_underlying_asset
fund_asset_link,info,supabase_pair_not_in_today_source_exact,112315,,,"May be older, inferred, synthetic, or out-of-scope for today's active source export.",ast_d2b291b01082,돈의문3구역 게이트타워,inferred_underlying_asset
fund_asset_link,info,supabase_pair_not_in_today_source_exact,112316,,,"May be older, inferred, synthetic, or out-of-scope for today's active source export.",ast_d2b291b01082,돈의문3구역 게이트타워,inferred_underlying_asset
fund_asset_link,info,supabase_pair_not_in_today_source_exact,112318,,,"May be older, inferred, synthetic, or out-of-scope for today's active source export.",ast_0bed91ccb4ec,부실채권을 기초자산으로 하는 SPC의 사채,inferred_underlying_asset
fund_asset_link,info,supabase_pair_not_in_today_source_exact,112327,,,"May be older, inferred, synthetic, or out-of-scope for today's active source export.",ast_713f8b4e24da,Paris Logistics Amazon,inferred_underlying_asset
fund_asset_link,info,supabase_pair_not_in_today_source_exact,112330,,,"May be older, inferred, synthetic, or out-of-scope for today's active source export.",ast_0264aa763175,덕평CJ물류센터 (투자),inferred_underlying_asset
fund_asset_link,info,supabase_pair_not_in_today_source_exact,112336,,,"May be older, inferred, synthetic, or out-of-scope for today's active source export.",ast_7689cf60369b,글로벌 리츠,inferred_underlying_asset
fund_asset_link,info,supabase_pair_not_in_today_source_exact,112337,,,"May be older, inferred, synthetic, or out-of-scope for today's active source export.",ast_7689cf60369b,글로벌 리츠,inferred_underlying_asset
fund_asset_link,info,supabase_pair_not_in_today_source_exact,112345,,,"May be older, inferred, synthetic, or out-of-scope for today's active source export.",ast_db35eead7a91,홈플러스 인천인하점,inferred_underlying_asset
fund_asset_link,info,supabase_pair_not_in_today_source_exact,112346,,,"May be older, inferred, synthetic, or out-of-scope for today's active source export.",ast_db35eead7a91,홈플러스 인천인하점,inferred_underlying_asset
fund_asset_link,info,supabase_pair_not_in_today_source_exact,112348,,,"May be older, inferred, synthetic, or out-of-scope for today's active source export.",ast_db35eead7a91,홈플러스 인천인하점,inferred_underlying_asset
fund_asset_link,info,supabase_pair_not_in_today_source_exact,112380,,,"May be older, inferred, synthetic, or out-of-scope for today's active source export.",ast_1b09ced3f5a7,호수빌딩,inferred_underlying_asset
fund_asset_link,info,supabase_pair_not_in_today_source_exact,112402,,,"May be older, inferred, synthetic, or out-of-scope for today's active source export.",ast_ff8a69b5d1fd,San Mauro Torinese,inferred_underlying_asset
fund_asset_link,info,supabase_pair_not_in_today_source_exact,112403,,,"May be older, inferred, synthetic, or out-of-scope for today's active source export.",ast_ff8a69b5d1fd,San Mauro Torinese,inferred_underlying_asset
fund_asset_link,info,supabase_pair_not_in_today_source_exact,112412,,,"May be older, inferred, synthetic, or out-of-scope for today's active source export.",ast_0bed91ccb4ec,부실채권을 기초자산으로 하는 SPC의 사채,inferred_underlying_asset
fund_asset_link,info,supabase_pair_not_in_today_source_exact,112415,,,"May be older, inferred, synthetic, or out-of-scope for today's active source export.",ast_cf7655c37f5e,일산CLC,inferred_underlying_asset
fund_asset_link,info,supabase_pair_not_in_today_source_exact,112416,,,"May be older, inferred, synthetic, or out-of-scope for today's active source export.",ast_cf7655c37f5e,일산CLC,inferred_underlying_asset
fund_asset_link,info,supabase_pair_not_in_today_source_exact,112417,,,"May be older, inferred, synthetic, or out-of-scope for today's active source export.",ast_cf7655c37f5e,일산CLC,inferred_underlying_asset
fund_asset_link,info,supabase_pair_not_in_today_source_exact,112428,,,"May be older, inferred, synthetic, or out-of-scope for today's active source export.",ast_c010b7ae021c,글로벌 리츠,inferred_underlying_asset
fund_asset_link,info,supabase_pair_not_in_today_source_exact,112431,,,"May be older, inferred, synthetic, or out-of-scope for today's active source export.",ast_c010b7ae021c,글로벌 리츠,inferred_underlying_asset
fund_asset_link,info,supabase_pair_not_in_today_source_exact,112433,,,"May be older, inferred, synthetic, or out-of-scope for today's active source export.",ast_c010b7ae021c,글로벌 리츠,inferred_underlying_asset
fund_asset_link,info,supabase_pair_not_in_today_source_exact,112443,,,"May be older, inferred, synthetic, or out-of-scope for today's active source export.",ast_84491d5860d7,하남데이터센터,inferred_underlying_asset
fund_asset_link,info,supabase_pair_not_in_today_source_exact,112444,,,"May be older, inferred, synthetic, or out-of-scope for today's active source export.",ast_84491d5860d7,하남데이터센터,inferred_underlying_asset
fund_asset_link,info,supabase_pair_not_in_today_source_exact,112452,,,"May be older, inferred, synthetic, or out-of-scope for today's active source export.",ast_fbe13b6b1e0a,글로벌 리츠,inferred_underlying_asset
fund_asset_link,info,supabase_pair_not_in_today_source_exact,112457,,,"May be older, inferred, synthetic, or out-of-scope for today's active source export.",ast_e2910b24e5e7,원효로3가 공공지원민간임대주택,inferred_underlying_asset
fund_asset_link,info,supabase_pair_not_in_today_source_exact,112458,,,"May be older, inferred, synthetic, or out-of-scope for today's active source export.",ast_e2910b24e5e7,원효로3가 공공지원민간임대주택,inferred_underlying_asset
fund_asset_link,info,supabase_pair_not_in_today_source_exact,112460,,,"May be older, inferred, synthetic, or out-of-scope for today's active source export.",ast_f2df751470ee,Nuveen UK Enhanced Debt Fund,inferred_underlying_asset
fund_asset_link,info,supabase_pair_not_in_today_source_exact,112471,,,"May be older, inferred, synthetic, or out-of-scope for today's active source export.",ast_1b09ced3f5a7,호수빌딩,inferred_underlying_asset
fund_asset_link,info,supabase_pair_not_in_today_source_exact,112472,,,"May be older, inferred, synthetic, or out-of-scope for today's active source export.",ast_aefd81e93778,Colony Distressed Credit Fund IV,inferred_underlying_asset
fund_asset_link,info,supabase_pair_not_in_today_source_exact,112473,,,"May be older, inferred, synthetic, or out-of-scope for today's active source export.",ast_aefd81e93778,Colony Distressed Credit Fund IV,inferred_underlying_asset
fund_asset_link,info,supabase_pair_not_in_today_source_exact,112506,,,"May be older, inferred, synthetic, or out-of-scope for today's active source export.",ast_f7a36f9524d4,뉴멕시코주 아마존 물류센터,inferred_underlying_asset
fund_asset_link,info,supabase_pair_not_in_today_source_exact,112507,,,"May be older, inferred, synthetic, or out-of-scope for today's active source export.",ast_f7a36f9524d4,뉴멕시코주 아마존 물류센터,inferred_underlying_asset
fund_asset_link,info,supabase_pair_not_in_today_source_exact,112508,,,"May be older, inferred, synthetic, or out-of-scope for today's active source export.",ast_f7a36f9524d4,뉴멕시코주 아마존 물류센터,inferred_underlying_asset
fund_asset_link,info,supabase_pair_not_in_today_source_exact,112509,,,"May be older, inferred, synthetic, or out-of-scope for today's active source export.",ast_f7a36f9524d4,뉴멕시코주 아마존 물류센터,inferred_underlying_asset
fund_asset_link,info,supabase_pair_not_in_today_source_exact,112526,,,"May be older, inferred, synthetic, or out-of-scope for today's active source export.",ast_31a8b3ea9c30,두산빌딩,inferred_underlying_asset
fund_asset_link,info,supabase_pair_not_in_today_source_exact,112548,,,"May be older, inferred, synthetic, or out-of-scope for today's active source export.",ast_7b6e6d2a39c2,완장리 물류센터,inferred_underlying_asset
fund_asset_link,info,supabase_pair_not_in_today_source_exact,112549,,,"May be older, inferred, synthetic, or out-of-scope for today's active source export.",ast_7b6e6d2a39c2,완장리 물류센터,inferred_underlying_asset
fund_asset_link,info,supabase_pair_not_in_today_source_exact,112550,,,"May be older, inferred, synthetic, or out-of-scope for today's active source export.",ast_7b6e6d2a39c2,완장리 물류센터,inferred_underlying_asset
fund_asset_link,info,supabase_pair_not_in_today_source_exact,112565,,,"May be older, inferred, synthetic, or out-of-scope for today's active source export.",ast_58e37903d5ef,원주AK,inferred_underlying_asset
fund_asset_link,info,supabase_pair_not_in_today_source_exact,112567,,,"May be older, inferred, synthetic, or out-of-scope for today's active source export.",ast_1f446ce9025d,홈플러스죽도점 (투자),inferred_underlying_asset
fund_asset_link,info,supabase_pair_not_in_today_source_exact,112570,,,"May be older, inferred, synthetic, or out-of-scope for today's active source export.",ast_84491d5860d7,하남데이터센터,inferred_underlying_asset
fund_asset_link,info,supabase_pair_not_in_today_source_exact,112571,,,"May be older, inferred, synthetic, or out-of-scope for today's active source export.",ast_84491d5860d7,하남데이터센터,inferred_underlying_asset
fund_asset_link,info,supabase_pair_not_in_today_source_exact,112572,,,"May be older, inferred, synthetic, or out-of-scope for today's active source export.",ast_84491d5860d7,하남데이터센터,inferred_underlying_asset
fund_asset_link,info,supabase_pair_not_in_today_source_exact,112574,,,"May be older, inferred, synthetic, or out-of-scope for today's active source export.",ast_73e5216b97f6,이천 마장면 물류센터,inferred_underlying_asset
fund_asset_link,info,supabase_pair_not_in_today_source_exact,112575,,,"May be older, inferred, synthetic, or out-of-scope for today's active source export.",ast_73e5216b97f6,이천 마장면 물류센터,inferred_underlying_asset
fund_asset_link,info,supabase_pair_not_in_today_source_exact,112580,,,"May be older, inferred, synthetic, or out-of-scope for today's active source export.",ast_bfb1c5d3da5c,마곡 명소화부지 개발사업,inferred_underlying_asset
fund_asset_link,info,supabase_pair_not_in_today_source_exact,112581,,,"May be older, inferred, synthetic, or out-of-scope for today's active source export.",ast_bfb1c5d3da5c,마곡 명소화부지 개발사업,inferred_underlying_asset
fund_asset_link,info,supabase_pair_not_in_today_source_exact,112609,,,"May be older, inferred, synthetic, or out-of-scope for today's active source export.",ast_6c274653ed0b,고양삼송데이터센터,inferred_underlying_asset
fund_asset_link,info,supabase_pair_not_in_today_source_exact,112610,,,"May be older, inferred, synthetic, or out-of-scope for today's active source export.",ast_6c274653ed0b,고양삼송데이터센터,inferred_underlying_asset
fund_asset_link,info,supabase_pair_not_in_today_source_exact,112612,,,"May be older, inferred, synthetic, or out-of-scope for today's active source export.",ast_2ab8e79a6c7d,효제동 오피스텔 사업부지,inferred_underlying_asset
fund_asset_link,info,supabase_pair_not_in_today_source_exact,112613,,,"May be older, inferred, synthetic, or out-of-scope for today's active source export.",ast_2ab8e79a6c7d,효제동 오피스텔 사업부지,inferred_underlying_asset
fund_asset_link,info,supabase_pair_not_in_today_source_exact,112009,,,"May be older, inferred, synthetic, or out-of-scope for today's active source export.",ast_8e254bfe7df1,런던원우드스트리트 Prime오피스,inferred_underlying_asset
fund_asset_link,info,supabase_pair_not_in_today_source_exact,112620,,,"May be older, inferred, synthetic, or out-of-scope for today's active source export.",ast_5cb81c5d6700,Goldman Sachs West Street Infrastructure Partner IV,inferred_underlying_asset
fund_asset_link,info,supabase_pair_not_in_today_source_exact,112631,,,"May be older, inferred, synthetic, or out-of-scope for today's active source export.",ast_8485bd818e1d,국내 리츠,inferred_underlying_asset
fund_asset_link,info,supabase_pair_not_in_today_source_exact,112632,,,"May be older, inferred, synthetic, or out-of-scope for today's active source export.",ast_8485bd818e1d,국내 리츠,inferred_underlying_asset
fund_asset_link,info,supabase_pair_not_in_today_source_exact,112633,,,"May be older, inferred, synthetic, or out-of-scope for today's active source export.",ast_8485bd818e1d,국내 리츠,inferred_underlying_asset
fund_asset_link,info,supabase_pair_not_in_today_source_exact,112634,,,"May be older, inferred, synthetic, or out-of-scope for today's active source export.",ast_8485bd818e1d,국내 리츠,inferred_underlying_asset
fund_asset_link,info,supabase_pair_not_in_today_source_exact,112635,,,"May be older, inferred, synthetic, or out-of-scope for today's active source export.",ast_8485bd818e1d,국내 리츠,inferred_underlying_asset
fund_asset_link,info,supabase_pair_not_in_today_source_exact,112636,,,"May be older, inferred, synthetic, or out-of-scope for today's active source export.",ast_8485bd818e1d,국내 리츠,inferred_underlying_asset
fund_asset_link,info,supabase_pair_not_in_today_source_exact,112640,,,"May be older, inferred, synthetic, or out-of-scope for today's active source export.",ast_6d4a384539b2,Hines Poland Sustainable Income Fund,inferred_underlying_asset
fund_asset_link,info,supabase_pair_not_in_today_source_exact,112643,,,"May be older, inferred, synthetic, or out-of-scope for today's active source export.",ast_109318d66df6,화성 석포리 물류센터,inferred_underlying_asset
fund_asset_link,info,supabase_pair_not_in_today_source_exact,112644,,,"May be older, inferred, synthetic, or out-of-scope for today's active source export.",ast_109318d66df6,화성 석포리 물류센터,inferred_underlying_asset
fund_asset_link,info,supabase_pair_not_in_today_source_exact,112675,,,"May be older, inferred, synthetic, or out-of-scope for today's active source export.",ast_e3a8955cec50,이지스일반사모부동산투자신탁제468-2호(2종)의 수익증권,inferred_underlying_asset
fund_asset_link,info,supabase_pair_not_in_today_source_exact,112676,,,"May be older, inferred, synthetic, or out-of-scope for today's active source export.",ast_e3a8955cec50,이지스일반사모부동산투자신탁제468-2호(2종)의 수익증권,inferred_underlying_asset
fund_asset_link,info,supabase_pair_not_in_today_source_exact,112711,,,"May be older, inferred, synthetic, or out-of-scope for today's active source export.",ast_4d1430b5f175,공모주,inferred_underlying_asset
fund_asset_link,info,supabase_pair_not_in_today_source_exact,112712,,,"May be older, inferred, synthetic, or out-of-scope for today's active source export.",ast_4d1430b5f175,공모주,inferred_underlying_asset
fund_asset_link,info,supabase_pair_not_in_today_source_exact,112713,,,"May be older, inferred, synthetic, or out-of-scope for today's active source export.",ast_4d1430b5f175,공모주,inferred_underlying_asset
fund_asset_link,info,supabase_pair_not_in_today_source_exact,112714,,,"May be older, inferred, synthetic, or out-of-scope for today's active source export.",ast_4d1430b5f175,공모주,inferred_underlying_asset
fund_asset_link,info,supabase_pair_not_in_today_source_exact,112717,,,"May be older, inferred, synthetic, or out-of-scope for today's active source export.",ast_0920c9043185,인천석남물류센터,inferred_underlying_asset
fund_asset_link,info,supabase_pair_not_in_today_source_exact,112722,,,"May be older, inferred, synthetic, or out-of-scope for today's active source export.",ast_f230c76d6975,"AA- 이상 채권, 국내 상장 리츠, 공모주, 스팩",inferred_underlying_asset
fund_asset_link,info,supabase_pair_not_in_today_source_exact,112723,,,"May be older, inferred, synthetic, or out-of-scope for today's active source export.",ast_cb59978f02bf,국내 리츠,inferred_underlying_asset
fund_asset_link,info,supabase_pair_not_in_today_source_exact,112724,,,"May be older, inferred, synthetic, or out-of-scope for today's active source export.",ast_cb59978f02bf,국내 리츠,inferred_underlying_asset
fund_asset_link,info,supabase_pair_not_in_today_source_exact,112725,,,"May be older, inferred, synthetic, or out-of-scope for today's active source export.",ast_cb59978f02bf,국내 리츠,inferred_underlying_asset
fund_asset_link,info,supabase_pair_not_in_today_source_exact,112726,,,"May be older, inferred, synthetic, or out-of-scope for today's active source export.",ast_cb59978f02bf,국내 리츠,inferred_underlying_asset
fund_asset_link,info,supabase_pair_not_in_today_source_exact,112727,,,"May be older, inferred, synthetic, or out-of-scope for today's active source export.",ast_cb59978f02bf,국내 리츠,inferred_underlying_asset
fund_asset_link,info,supabase_pair_not_in_today_source_exact,112728,,,"May be older, inferred, synthetic, or out-of-scope for today's active source export.",ast_cb59978f02bf,국내 리츠,inferred_underlying_asset
fund_asset_link,info,supabase_pair_not_in_today_source_exact,112729,,,"May be older, inferred, synthetic, or out-of-scope for today's active source export.",ast_cb59978f02bf,국내 리츠,inferred_underlying_asset
fund_asset_link,info,supabase_pair_not_in_today_source_exact,112730,,,"May be older, inferred, synthetic, or out-of-scope for today's active source export.",ast_cb59978f02bf,국내 리츠,inferred_underlying_asset
fund_asset_link,info,supabase_pair_not_in_today_source_exact,112731,,,"May be older, inferred, synthetic, or out-of-scope for today's active source export.",ast_cb59978f02bf,국내 리츠,inferred_underlying_asset
fund_asset_link,info,supabase_pair_not_in_today_source_exact,112732,,,"May be older, inferred, synthetic, or out-of-scope for today's active source export.",ast_cb59978f02bf,국내 리츠,inferred_underlying_asset
fund_asset_link,info,supabase_pair_not_in_today_source_exact,112733,,,"May be older, inferred, synthetic, or out-of-scope for today's active source export.",ast_cb59978f02bf,국내 리츠,inferred_underlying_asset
fund_asset_link,info,supabase_pair_not_in_today_source_exact,112734,,,"May be older, inferred, synthetic, or out-of-scope for today's active source export.",ast_cb59978f02bf,국내 리츠,inferred_underlying_asset
fund_asset_link,info,supabase_pair_not_in_today_source_exact,112735,,,"May be older, inferred, synthetic, or out-of-scope for today's active source export.",ast_cb59978f02bf,국내 리츠,inferred_underlying_asset
fund_asset_link,info,supabase_pair_not_in_today_source_exact,112736,,,"May be older, inferred, synthetic, or out-of-scope for today's active source export.",ast_cb59978f02bf,국내 리츠,inferred_underlying_asset
fund_asset_link,info,supabase_pair_not_in_today_source_exact,112737,,,"May be older, inferred, synthetic, or out-of-scope for today's active source export.",ast_cb59978f02bf,국내 리츠,inferred_underlying_asset
fund_asset_link,info,supabase_pair_not_in_today_source_exact,112738,,,"May be older, inferred, synthetic, or out-of-scope for today's active source export.",ast_cb59978f02bf,국내 리츠,inferred_underlying_asset
fund_asset_link,info,supabase_pair_not_in_today_source_exact,112741,,,"May be older, inferred, synthetic, or out-of-scope for today's active source export.",ast_3a760d38807f,"AA- 이상 채권, 국내 상장 리츠, 공모주, 스팩",inferred_underlying_asset
fund_asset_link,info,supabase_pair_not_in_today_source_exact,112742,,,"May be older, inferred, synthetic, or out-of-scope for today's active source export.",ast_3a760d38807f,"AA- 이상 채권, 국내 상장 리츠, 공모주, 스팩",inferred_underlying_asset
fund_asset_link,info,supabase_pair_not_in_today_source_exact,112743,,,"May be older, inferred, synthetic, or out-of-scope for today's active source export.",ast_3a760d38807f,"AA- 이상 채권, 국내 상장 리츠, 공모주, 스팩",inferred_underlying_asset
fund_asset_link,info,supabase_pair_not_in_today_source_exact,112749,,,"May be older, inferred, synthetic, or out-of-scope for today's active source export.",ast_0920c9043185,인천석남물류센터,inferred_underlying_asset
fund_asset_link,info,supabase_pair_not_in_today_source_exact,112750,,,"May be older, inferred, synthetic, or out-of-scope for today's active source export.",ast_0920c9043185,인천석남물류센터,inferred_underlying_asset
fund_asset_link,info,supabase_pair_not_in_today_source_exact,112763,,,"May be older, inferred, synthetic, or out-of-scope for today's active source export.",ast_4d1430b5f175,공모주,inferred_underlying_asset
fund_asset_link,info,supabase_pair_not_in_today_source_exact,112775,,,"May be older, inferred, synthetic, or out-of-scope for today's active source export.",ast_3201a934e6fd,수익/지분증권,inferred_underlying_asset
fund_asset_link,info,supabase_pair_not_in_today_source_exact,112776,,,"May be older, inferred, synthetic, or out-of-scope for today's active source export.",ast_3201a934e6fd,수익/지분증권,inferred_underlying_asset
fund_asset_link,info,supabase_pair_not_in_today_source_exact,112777,,,"May be older, inferred, synthetic, or out-of-scope for today's active source export.",ast_3201a934e6fd,수익/지분증권,inferred_underlying_asset
fund_asset_link,info,supabase_pair_not_in_today_source_exact,120022,,,"May be older, inferred, synthetic, or out-of-scope for today's active source export.",ast_c73013f20dc6,이지스 468-2호 수익증권,inferred_underlying_asset
fund_asset_link,info,supabase_pair_not_in_today_source_exact,120027,,,"May be older, inferred, synthetic, or out-of-scope for today's active source export.",ast_109318d66df6,화성 석포리 물류센터,inferred_underlying_asset
fund_asset_link,info,supabase_pair_not_in_today_source_exact,120040,,,"May be older, inferred, synthetic, or out-of-scope for today's active source export.",ast_38527bcff111,성수동2가 268-2 업무시설 개발사업 브릿지대출,inferred_underlying_asset
fund_asset_link,info,supabase_pair_not_in_today_source_exact,120041,,,"May be older, inferred, synthetic, or out-of-scope for today's active source export.",ast_38527bcff111,성수동2가 268-2 업무시설 개발사업 브릿지대출,inferred_underlying_asset
fund_asset_link,info,supabase_pair_not_in_today_source_exact,120051,,,"May be older, inferred, synthetic, or out-of-scope for today's active source export.",ast_53985b2bb7f9,수서역세권 공공주택지구 B1-3BL 개발사업 브릿지대출,inferred_underlying_asset
fund_asset_link,info,supabase_pair_not_in_today_source_exact,120052,,,"May be older, inferred, synthetic, or out-of-scope for today's active source export.",ast_53985b2bb7f9,수서역세권 공공주택지구 B1-3BL 개발사업 브릿지대출,inferred_underlying_asset
fund_asset_link,info,supabase_pair_not_in_today_source_exact,120075,,,"May be older, inferred, synthetic, or out-of-scope for today's active source export.",ast_dd6e846e65f4,신라스테이제주,inferred_underlying_asset
fund_asset_link,info,supabase_pair_not_in_today_source_exact,120077,,,"May be older, inferred, synthetic, or out-of-scope for today's active source export.",ast_30efc1e2c218,이지스경산물류제1호일반사모부동산투자회사의 1종 종류주식,inferred_underlying_asset
fund_asset_link,info,supabase_pair_not_in_today_source_exact,120082,,,"May be older, inferred, synthetic, or out-of-scope for today's active source export.",ast_9c85ee271a7f,이지스경산로지스1호(보통주),inferred_underlying_asset
fund_asset_link,info,supabase_pair_not_in_today_source_exact,120083,,,"May be older, inferred, synthetic, or out-of-scope for today's active source export.",ast_9c85ee271a7f,이지스경산로지스1호(보통주),inferred_underlying_asset
fund_asset_link,info,supabase_pair_not_in_today_source_exact,120086,,,"May be older, inferred, synthetic, or out-of-scope for today's active source export.",ast_616c3d79da75,경산 쿠팡물류센터,inferred_underlying_asset
fund_asset_link,info,supabase_pair_not_in_today_source_exact,120087,,,"May be older, inferred, synthetic, or out-of-scope for today's active source export.",ast_616c3d79da75,경산 쿠팡물류센터,inferred_underlying_asset
fund_asset_link,info,supabase_pair_not_in_today_source_exact,120088,,,"May be older, inferred, synthetic, or out-of-scope for today's active source export.",ast_616c3d79da75,경산 쿠팡물류센터,inferred_underlying_asset
fund_asset_link,info,supabase_pair_not_in_today_source_exact,120089,,,"May be older, inferred, synthetic, or out-of-scope for today's active source export.",ast_146d3e80165b,"신동해빌딩, NICE2사옥",inferred_underlying_asset
fund_asset_link,info,supabase_pair_not_in_today_source_exact,120090,,,"May be older, inferred, synthetic, or out-of-scope for today's active source export.",ast_146d3e80165b,"신동해빌딩, NICE2사옥",inferred_underlying_asset
fund_asset_link,info,supabase_pair_not_in_today_source_exact,120092,,,"May be older, inferred, synthetic, or out-of-scope for today's active source export.",ast_bd54043679c9,"재생에너지 플랫폼회사(""HoldCo"")에 대한 지분 및 주주대여금",inferred_underlying_asset
fund_asset_link,info,supabase_pair_not_in_today_source_exact,120093,,,"May be older, inferred, synthetic, or out-of-scope for today's active source export.",ast_bd54043679c9,"재생에너지 플랫폼회사(""HoldCo"")에 대한 지분 및 주주대여금",inferred_underlying_asset
fund_asset_link,info,supabase_pair_not_in_today_source_exact,120100,,,"May be older, inferred, synthetic, or out-of-scope for today's active source export.",ast_5804290d6389,용산라이프PFV 대여금,inferred_underlying_asset
fund_asset_link,info,supabase_pair_not_in_today_source_exact,120101,,,"May be older, inferred, synthetic, or out-of-scope for today's active source export.",ast_5804290d6389,용산라이프PFV 대여금,inferred_underlying_asset
fund_asset_link,info,supabase_pair_not_in_today_source_exact,120105,,,"May be older, inferred, synthetic, or out-of-scope for today's active source export.",ast_a60db5e30056,이지스 330호 (OPUS407/舊뉴욕제과빌딩),inferred_underlying_asset
fund_asset_link,info,supabase_pair_not_in_today_source_exact,120106,,,"May be older, inferred, synthetic, or out-of-scope for today's active source export.",ast_e0a9abed71bf,롯데수원역쇼핑타운토지,inferred_underlying_asset
fund_asset_link,info,supabase_pair_not_in_today_source_exact,120107,,,"May be older, inferred, synthetic, or out-of-scope for today's active source export.",ast_e0a9abed71bf,롯데수원역쇼핑타운토지,inferred_underlying_asset
fund_asset_link,info,supabase_pair_not_in_today_source_exact,120113,,,"May be older, inferred, synthetic, or out-of-scope for today's active source export.",ast_cd9937cc8678,와이디427피에프브이 주식회사,inferred_underlying_asset
fund_asset_link,info,supabase_pair_not_in_today_source_exact,120114,,,"May be older, inferred, synthetic, or out-of-scope for today's active source export.",ast_b9718f8cb5fe,아레나스영종,inferred_underlying_asset
fund_asset_link,info,supabase_pair_not_in_today_source_exact,120115,,,"May be older, inferred, synthetic, or out-of-scope for today's active source export.",ast_b9718f8cb5fe,아레나스영종,inferred_underlying_asset
fund_asset_link,info,supabase_pair_not_in_today_source_exact,120116,,,"May be older, inferred, synthetic, or out-of-scope for today's active source export.",ast_b9718f8cb5fe,아레나스영종,inferred_underlying_asset
fund_asset_link,info,supabase_pair_not_in_today_source_exact,120117,,,"May be older, inferred, synthetic, or out-of-scope for today's active source export.",ast_b9718f8cb5fe,아레나스영종,inferred_underlying_asset
fund_asset_link,info,supabase_pair_not_in_today_source_exact,120118,,,"May be older, inferred, synthetic, or out-of-scope for today's active source export.",ast_109318d66df6,화성 석포리 물류센터,inferred_underlying_asset
fund_asset_link,info,supabase_pair_not_in_today_source_exact,120119,,,"May be older, inferred, synthetic, or out-of-scope for today's active source export.",ast_74fc8d406c81,신라스테이울산,inferred_underlying_asset
fund_asset_link,info,supabase_pair_not_in_today_source_exact,190003,,,"May be older, inferred, synthetic, or out-of-scope for today's active source export.",ast_34e35d0dff33,분당야탑물류센터,inferred_underlying_asset
fund_asset_link,info,supabase_pair_not_in_today_source_exact,190004,,,"May be older, inferred, synthetic, or out-of-scope for today's active source export.",ast_34e35d0dff33,분당야탑물류센터,inferred_underlying_asset
fund_asset_link,info,supabase_pair_not_in_today_source_exact,190010,,,"May be older, inferred, synthetic, or out-of-scope for today's active source export.",ast_73e5216b97f6,이천 마장면 물류센터,inferred_underlying_asset
fund_asset_link,info,supabase_pair_not_in_today_source_exact,190015,,,"May be older, inferred, synthetic, or out-of-scope for today's active source export.",ast_0555a6694264,이지스제572호부동산일반사모투자회사(1종),inferred_underlying_asset
fund_asset_link,info,supabase_pair_not_in_today_source_exact,190016,,,"May be older, inferred, synthetic, or out-of-scope for today's active source export.",ast_0555a6694264,이지스제572호부동산일반사모투자회사(1종),inferred_underlying_asset
fund_asset_link,info,supabase_pair_not_in_today_source_exact,190018,,,"May be older, inferred, synthetic, or out-of-scope for today's active source export.",ast_d139acda1f42,하남시풍산동9MW 데이터센터,inferred_underlying_asset
fund_asset_link,info,supabase_pair_not_in_today_source_exact,190019,,,"May be older, inferred, synthetic, or out-of-scope for today's active source export.",ast_d139acda1f42,하남시풍산동9MW 데이터센터,inferred_underlying_asset
fund_asset_link,info,supabase_pair_not_in_today_source_exact,200003,,,"May be older, inferred, synthetic, or out-of-scope for today's active source export.",ast_1f446ce9025d,홈플러스죽도점 (투자),inferred_underlying_asset
fund_asset_link,info,supabase_pair_not_in_today_source_exact,200036,,,"May be older, inferred, synthetic, or out-of-scope for today's active source export.",ast_edd6f6c3e3e5,더피나클강남 (투자),inferred_underlying_asset
fund_asset_link,info,supabase_pair_not_in_today_source_exact,200037,,,"May be older, inferred, synthetic, or out-of-scope for today's active source export.",ast_edd6f6c3e3e5,더피나클강남 (투자),inferred_underlying_asset
fund_asset_link,info,supabase_pair_not_in_today_source_exact,200038,,,"May be older, inferred, synthetic, or out-of-scope for today's active source export.",ast_c77b0263f7c6,PFV_Westwood 지분증권,inferred_underlying_asset
fund_asset_link,info,supabase_pair_not_in_today_source_exact,200039,,,"May be older, inferred, synthetic, or out-of-scope for today's active source export.",ast_3575c5ffffe0,Dallas KPMG Plaza Senior Loan,inferred_underlying_asset
fund_asset_link,info,supabase_pair_not_in_today_source_exact,200044,,,"May be older, inferred, synthetic, or out-of-scope for today's active source export.",ast_b1f5f079a694,Miami Courvoisier Center Senior Loan,inferred_underlying_asset
fund_asset_link,info,supabase_pair_not_in_today_source_exact,300006,,,"May be older, inferred, synthetic, or out-of-scope for today's active source export.",ast_4d1430b5f175,공모주,inferred_underlying_asset
fund_asset_link,info,supabase_pair_not_in_today_source_exact,300007,,,"May be older, inferred, synthetic, or out-of-scope for today's active source export.",ast_4d1430b5f175,공모주,inferred_underlying_asset
fund_asset_link,info,supabase_pair_not_in_today_source_exact,300008,,,"May be older, inferred, synthetic, or out-of-scope for today's active source export.",ast_4d1430b5f175,공모주,inferred_underlying_asset
fund_asset_link,info,supabase_pair_not_in_today_source_exact,300009,,,"May be older, inferred, synthetic, or out-of-scope for today's active source export.",ast_4d1430b5f175,공모주,inferred_underlying_asset
fund_asset_link,info,supabase_pair_not_in_today_source_exact,300010,,,"May be older, inferred, synthetic, or out-of-scope for today's active source export.",ast_fbe13b6b1e0a,글로벌 리츠,inferred_underlying_asset
fund_asset_link,info,supabase_pair_not_in_today_source_exact,300011,,,"May be older, inferred, synthetic, or out-of-scope for today's active source export.",ast_f230c76d6975,"AA- 이상 채권, 국내 상장 리츠, 공모주, 스팩",inferred_underlying_asset
fund_asset_link,info,supabase_pair_not_in_today_source_exact,300012,,,"May be older, inferred, synthetic, or out-of-scope for today's active source export.",ast_4d1430b5f175,공모주,inferred_underlying_asset
fund_asset_link,info,supabase_pair_not_in_today_source_exact,300016,,,"May be older, inferred, synthetic, or out-of-scope for today's active source export.",ast_f230c76d6975,"AA- 이상 채권, 국내 상장 리츠, 공모주, 스팩",inferred_underlying_asset
fund_asset_link,info,supabase_pair_not_in_today_source_exact,300018,,,"May be older, inferred, synthetic, or out-of-scope for today's active source export.",ast_4d1430b5f175,공모주,inferred_underlying_asset
fund_asset_link,info,supabase_pair_not_in_today_source_exact,300019,,,"May be older, inferred, synthetic, or out-of-scope for today's active source export.",ast_4d1430b5f175,공모주,inferred_underlying_asset
fund_asset_link,info,supabase_pair_not_in_today_source_exact,300020,,,"May be older, inferred, synthetic, or out-of-scope for today's active source export.",ast_4d1430b5f175,공모주,inferred_underlying_asset
fund_asset_link,info,supabase_pair_not_in_today_source_exact,300028,,,"May be older, inferred, synthetic, or out-of-scope for today's active source export.",ast_4d1430b5f175,공모주,inferred_underlying_asset
fund_asset_link,info,supabase_pair_not_in_today_source_exact,300032,,,"May be older, inferred, synthetic, or out-of-scope for today's active source export.",ast_4d1430b5f175,공모주,inferred_underlying_asset
fund_asset_link,info,supabase_pair_not_in_today_source_exact,300033,,,"May be older, inferred, synthetic, or out-of-scope for today's active source export.",ast_4d1430b5f175,공모주,inferred_underlying_asset
fund_asset_link,info,supabase_pair_not_in_today_source_exact,300034,,,"May be older, inferred, synthetic, or out-of-scope for today's active source export.",ast_4d1430b5f175,공모주,inferred_underlying_asset
fund_asset_link,info,supabase_pair_not_in_today_source_exact,300035,,,"May be older, inferred, synthetic, or out-of-scope for today's active source export.",ast_4d1430b5f175,공모주,inferred_underlying_asset
fund_asset_link,info,supabase_pair_not_in_today_source_exact,300036,,,"May be older, inferred, synthetic, or out-of-scope for today's active source export.",ast_4d1430b5f175,공모주,inferred_underlying_asset
fund_asset_link,info,supabase_pair_not_in_today_source_exact,300037,,,"May be older, inferred, synthetic, or out-of-scope for today's active source export.",ast_4d1430b5f175,공모주,inferred_underlying_asset
fund_asset_link,info,supabase_pair_not_in_today_source_exact,300039,,,"May be older, inferred, synthetic, or out-of-scope for today's active source export.",ast_4d1430b5f175,공모주,inferred_underlying_asset
fund_asset_link,info,supabase_pair_not_in_today_source_exact,300040,,,"May be older, inferred, synthetic, or out-of-scope for today's active source export.",ast_f230c76d6975,"AA- 이상 채권, 국내 상장 리츠, 공모주, 스팩",inferred_underlying_asset
fund_asset_link,info,supabase_pair_not_in_today_source_exact,300044,,,"May be older, inferred, synthetic, or out-of-scope for today's active source export.",ast_4d1430b5f175,공모주,inferred_underlying_asset
fund_asset_link,info,supabase_pair_not_in_today_source_exact,300047,,,"May be older, inferred, synthetic, or out-of-scope for today's active source export.",ast_4d1430b5f175,공모주,inferred_underlying_asset
fund_asset_link,info,supabase_pair_not_in_today_source_exact,300050,,,"May be older, inferred, synthetic, or out-of-scope for today's active source export.",ast_4d1430b5f175,공모주,inferred_underlying_asset
fund_asset_link,info,supabase_pair_not_in_today_source_exact,300051,,,"May be older, inferred, synthetic, or out-of-scope for today's active source export.",ast_4d1430b5f175,공모주,inferred_underlying_asset
fund_asset_link,info,supabase_pair_not_in_today_source_exact,300052,,,"May be older, inferred, synthetic, or out-of-scope for today's active source export.",ast_4d1430b5f175,공모주,inferred_underlying_asset
fund_asset_link,info,supabase_pair_not_in_today_source_exact,300054,,,"May be older, inferred, synthetic, or out-of-scope for today's active source export.",ast_4d1430b5f175,공모주,inferred_underlying_asset
fund_asset_link,info,supabase_pair_not_in_today_source_exact,300057,,,"May be older, inferred, synthetic, or out-of-scope for today's active source export.",ast_4d1430b5f175,공모주,inferred_underlying_asset
fund_asset_link,info,supabase_pair_not_in_today_source_exact,300061,,,"May be older, inferred, synthetic, or out-of-scope for today's active source export.",ast_4d1430b5f175,공모주,inferred_underlying_asset
fund_asset_link,info,supabase_pair_not_in_today_source_exact,300063,,,"May be older, inferred, synthetic, or out-of-scope for today's active source export.",ast_4d1430b5f175,공모주,inferred_underlying_asset
fund_asset_link,info,supabase_pair_not_in_today_source_exact,300073,,,"May be older, inferred, synthetic, or out-of-scope for today's active source export.",ast_4d1430b5f175,공모주,inferred_underlying_asset
fund_asset_link,info,supabase_pair_not_in_today_source_exact,300074,,,"May be older, inferred, synthetic, or out-of-scope for today's active source export.",ast_4d1430b5f175,공모주,inferred_underlying_asset
fund_asset_link,info,supabase_pair_not_in_today_source_exact,300075,,,"May be older, inferred, synthetic, or out-of-scope for today's active source export.",ast_4d1430b5f175,공모주,inferred_underlying_asset
fund_asset_link,info,supabase_pair_not_in_today_source_exact,300076,,,"May be older, inferred, synthetic, or out-of-scope for today's active source export.",ast_4d1430b5f175,공모주,inferred_underlying_asset
fund_asset_link,info,supabase_pair_not_in_today_source_exact,300079,,,"May be older, inferred, synthetic, or out-of-scope for today's active source export.",ast_4d1430b5f175,공모주,inferred_underlying_asset
fund_asset_link,info,supabase_pair_not_in_today_source_exact,300080,,,"May be older, inferred, synthetic, or out-of-scope for today's active source export.",ast_4d1430b5f175,공모주,inferred_underlying_asset
fund_asset_link,info,supabase_pair_not_in_today_source_exact,R00002,,,"May be older, inferred, synthetic, or out-of-scope for today's active source export.",ast_1f446ce9025d,홈플러스죽도점 (투자),inferred_underlying_asset
