entity_key,entity_type,entity_id,display_title,display_subtitle,source_table,source_id,confidence,status,metadata_json
asset:ast_0011c54227b4,asset,ast_0011c54227b4,A112704001,A112704001 | verified,asset_master,ast_0011c54227b4,1.0,confirmed,"{""cleanup_action"": null, ""source_canonical_name"": ""인천 가좌동 소재 개발자산 선매입""}"
asset:ast_004573bcb481,asset,ast_004573bcb481,A120119001,A120119001 | 경기도 안성시 원곡면 산하리500번지 외 168필지 | verified,asset_master,ast_004573bcb481,1.0,confirmed,"{""cleanup_action"": null, ""source_canonical_name"": ""안성산하3지구물류센터개발사업""}"
asset:ast_0098d2fecd62,asset,ast_0098d2fecd62,A112785001,A112785001 | 서울시 종로구 평창동 153-3 | verified,asset_master,ast_0098d2fecd62,1.0,confirmed,"{""cleanup_action"": null, ""source_canonical_name"": ""종로구 시니어주택 리모델링""}"
asset:ast_00d6ab2ffdec,asset,ast_00d6ab2ffdec,A120070001,A120070001 | verified,asset_master,ast_00d6ab2ffdec,1.0,confirmed,"{""cleanup_action"": null, ""source_canonical_name"": ""이지스10호(2종)의  수익증권""}"
asset:ast_00df26953973,asset,ast_00df26953973,A112150001,"A112150001 | 1551 Broadway New York, NY | verified",asset_master,ast_00df26953973,1.0,confirmed,"{""cleanup_action"": null, ""source_canonical_name"": ""New York 1551 Broadway Mezzanine Loan""}"
asset:ast_01045c0cd92d,asset,ast_01045c0cd92d,AR00008002,AR00008002 | 서울시 중구 남학동 13-2외 1필지 | verified,asset_master,ast_01045c0cd92d,1.0,confirmed,"{""cleanup_action"": null, ""source_canonical_name"": ""이지스333호(디어스 명동)""}"
asset:ast_019336217588,asset,ast_019336217588,ast_019336217588,충청남도 천안시 동남구 동면 401-8 | auto_created,asset_master,ast_019336217588,1.0,confirmed,"{""cleanup_action"": null, ""source_canonical_name"": ""행암에너지일호""}"
asset:ast_021767a7f029,asset,ast_021767a7f029,A112287001,A112287001 | 성내동 190-11 | auto_created,asset_master,ast_021767a7f029,1.0,confirmed,"{""cleanup_action"": null, ""source_canonical_name"": ""강동 성내 역세권 청년주택""}"
asset:ast_022d4816897f,asset,ast_022d4816897f,A200030003,A200030003 | 서울특별시 영등포구 국제금융로 2길 32 | verified,asset_master,ast_022d4816897f,1.0,confirmed,"{""cleanup_action"": null, ""source_canonical_name"": ""여의도 파이낸스타워""}"
asset:ast_023cb333482d,asset,ast_023cb333482d,AP00010001,"AP00010001 | 서울특별시 성동구 성수동2가 314-10, 314-11, 314-27번지 | verified",asset_master,ast_023cb333482d,1.0,confirmed,"{""cleanup_action"": null, ""source_canonical_name"": ""성수동 복합시설 개발사업""}"
asset:ast_024953888c95,asset,ast_024953888c95,A200030001,A200030001 | 경기도 성남시 분당구 백현동 534 | verified,asset_master,ast_024953888c95,1.0,confirmed,"{""cleanup_action"": null, ""source_canonical_name"": ""판교 테크원타워""}"
asset:ast_0264aa763175,asset,ast_0264aa763175,A112328001,A112328001 | 경기도 이천시 호법면 매곡리 118-2 | auto_created,asset_master,ast_0264aa763175,1.0,confirmed,"{""cleanup_action"": null, ""source_canonical_name"": ""덕평CJ물류센터 (투자)""}"
asset:ast_02870a4cfd6e,asset,ast_02870a4cfd6e,A112140001,A112140001 | 서울특별시 중구 수표동 99 | verified,asset_master,ast_02870a4cfd6e,1.0,confirmed,"{""cleanup_action"": null, ""source_canonical_name"": ""시그니쳐타워""}"
asset:ast_02e499cf476b,asset,ast_02e499cf476b,A120059001,A120059001 | 서울 서초구 반포동 64-1번지 일원 | verified,asset_master,ast_02e499cf476b,1.0,confirmed,"{""cleanup_action"": null, ""source_canonical_name"": ""서울 서초구 반포동 64-1번지 일원 개발사업장 브릿지대출""}"
asset:ast_02f2fb35a743,asset,ast_02f2fb35a743,A20000604,A20000604 | auto_created,asset_master,ast_02f2fb35a743,1.0,confirmed,"{""cleanup_action"": null, ""source_canonical_name"": ""이지스글로벌세컨더리일반사모혼합자산투자신탁제1호""}"
asset:ast_03afde6453fc,asset,ast_03afde6453fc,A112025002,A112025002 | 경기도 성남시 분당구 야탑동 361-4 | auto_created,asset_master,ast_03afde6453fc,1.0,confirmed,"{""cleanup_action"": null, ""source_canonical_name"": ""탑빌딩""}"
asset:ast_03b867e56a1e,asset,ast_03b867e56a1e,A112085001,A112085001 | 경기도 안양시 동안구 호계동 1039 | auto_created,asset_master,ast_03b867e56a1e,1.0,confirmed,"{""cleanup_action"": null, ""source_canonical_name"": ""평촌G스퀘어""}"
asset:ast_03c3c2e1b0b2,asset,ast_03c3c2e1b0b2,A112011001,A112011001 | 울산광역시 남구 달동 1247-1 외 2필지 | verified,asset_master,ast_03c3c2e1b0b2,1.0,confirmed,"{""cleanup_action"": null, ""source_canonical_name"": ""신라스테이울산""}"
asset:ast_03f61e21a973,asset,ast_03f61e21a973,A112606001,A112606001 | 경기도 여주시 가남읍 본두리 18-3 | verified,asset_master,ast_03f61e21a973,1.0,confirmed,"{""cleanup_action"": null, ""source_canonical_name"": ""여주 본두리 물류센터""}"
asset:ast_042b9d125ed3,asset,ast_042b9d125ed3,A300018001,A300018001 | verified,asset_master,ast_042b9d125ed3,1.0,confirmed,"{""cleanup_action"": null, ""source_canonical_name"": ""메자닌, 공모주, 이벤트 드리븐""}"
asset:ast_04878d0c997e,asset,ast_04878d0c997e,AR00015001,AR00015001 | 서울시 강남구 테헤란로 203(역삼동 679-4) | verified,asset_master,ast_04878d0c997e,1.0,confirmed,"{""cleanup_action"": null, ""source_canonical_name"": ""서울인터내셔널타워(SI타워)""}"
asset:ast_04bd4d02a1f5,asset,ast_04bd4d02a1f5,ast_04bd4d02a1f5,전라남도 진도군 지산면 와우리 137-3 | auto_created,asset_master,ast_04bd4d02a1f5,1.0,confirmed,"{""cleanup_action"": null, ""source_canonical_name"": ""케이앤씨벨에포크""}"
asset:ast_04ce3ef6593c,asset,ast_04ce3ef6593c,AP00012001,AP00012001 | 경기도 오산시 오산세교2지구 M1BL | verified,asset_master,ast_04ce3ef6593c,1.0,confirmed,"{""cleanup_action"": null, ""source_canonical_name"": ""오산세교2지구 M-1BL 주상복합""}"
asset:ast_04fa217d3e90,asset,ast_04fa217d3e90,A300044001,A300044001 | verified,asset_master,ast_04fa217d3e90,1.0,confirmed,"{""cleanup_action"": null, ""source_canonical_name"": ""메자닌, 공모주, 이벤트 드리븐, 스팩""}"
asset:ast_0527c87b54b5,asset,ast_0527c87b54b5,AP00029001,AP00029001 | 을지로3가 95-11 일원 | verified,asset_master,ast_0527c87b54b5,1.0,confirmed,"{""cleanup_action"": null, ""source_canonical_name"": ""을지로3가 도시환경정비구역 제10지구 신축 오피스""}"
asset:ast_0546ff4ee9db,asset,ast_0546ff4ee9db,A112035003,"A112035003 | 810 7th Street, N.W., Washington D.C., U.S.A. | verified",asset_master,ast_0546ff4ee9db,1.0,confirmed,"{""cleanup_action"": null, ""source_canonical_name"": ""OJP사옥(워싱턴)""}"
asset:ast_0555a6694264,asset,ast_0555a6694264,A120084001,A120084001 | verified,asset_master,ast_0555a6694264,1.0,confirmed,"{""cleanup_action"": null, ""source_canonical_name"": ""이지스제572호부동산일반사모투자회사(1종)""}"
asset:ast_05637427d30e,asset,ast_05637427d30e,A112245001,A112245001 | 경기도 이천시 백사면 조읍리 25 | verified,asset_master,ast_05637427d30e,1.0,confirmed,"{""cleanup_action"": null, ""source_canonical_name"": ""도지물류센터""}"
asset:ast_0595e7f4dccc,asset,ast_0595e7f4dccc,A112584002,A112584002 | 경상북도 예천군 은풍면 부초리 산44 | verified,asset_master,ast_0595e7f4dccc,1.0,confirmed,"{""cleanup_action"": null, ""source_canonical_name"": ""동서발전""}"
asset:ast_05a1704bed45,asset,ast_05a1704bed45,A112075001,A112075001 | 서울특별시 마포구 동교동 165-4 | verified,asset_master,ast_05a1704bed45,1.0,confirmed,"{""cleanup_action"": null, ""source_canonical_name"": ""유림빌딩""}"
asset:ast_05fbe6b353fb,asset,ast_05fbe6b353fb,A112666003,A112666003 | 서울특별시 영등포구 여의도동 25-11 | verified,asset_master,ast_05fbe6b353fb,1.0,confirmed,"{""cleanup_action"": null, ""source_canonical_name"": ""여의도 유수홀딩스부지 오피스텔 개발사업 PF대출""}"
asset:ast_064b41e30c94,asset,ast_064b41e30c94,A112802001,A112802001 | 경기도 고양시 덕양구 오금동 690번지 | verified,asset_master,ast_064b41e30c94,1.0,confirmed,"{""cleanup_action"": null, ""source_canonical_name"": ""이지스일반사모부동산투자신탁제439호""}"
asset:ast_0663f6f024ef,asset,ast_0663f6f024ef,ast_0663f6f024ef,경기도 연천군 중면 합수리 122 | auto_created,asset_master,ast_0663f6f024ef,1.0,confirmed,"{""cleanup_action"": null, ""source_canonical_name"": ""에스지""}"
asset:ast_0713581af76f,asset,ast_0713581af76f,A120106001,A120106001 | 서울특별시 중구 청계천로 100 | verified,asset_master,ast_0713581af76f,1.0,confirmed,"{""cleanup_action"": null, ""source_canonical_name"": ""이지스 130호(모) 제1-1종 수익증권""}"
asset:ast_0766c7718345,asset,ast_0766c7718345,AP00002001,AP00002001 | 부산광역시 기장군 기장읍 일원 (동부산관광단지내) | verified,asset_master,ast_0766c7718345,1.0,confirmed,"{""cleanup_action"": null, ""source_canonical_name"": ""동부산 테마파크 개발사업""}"
asset:ast_07a74d2ee7e4,asset,ast_07a74d2ee7e4,A112073001,"A112073001 | 2323 Ross Avenue, Dallas, Texas 75201 | verified",asset_master,ast_07a74d2ee7e4,1.0,confirmed,"{""cleanup_action"": null, ""source_canonical_name"": ""Dallas KPMG Plaza Senior Loan""}"
asset:ast_07e0f0bb366d,asset,ast_07e0f0bb366d,A112025003,A112025003 | 서울특별시 강남구 논현동 70-6 | verified,asset_master,ast_07e0f0bb366d,1.0,confirmed,"{""cleanup_action"": null, ""source_canonical_name"": ""트리스빌딩""}"
asset:ast_07e49a3487e7,asset,ast_07e49a3487e7,A112287001,A112287001 | 서울시 강동구 성내동 87-1번지 일원 | verified,asset_master,ast_07e49a3487e7,1.0,confirmed,"{""cleanup_action"": null, ""source_canonical_name"": ""강동 성내 역세권 청년주택""}"
asset:ast_07f69f4d8b19,asset,ast_07f69f4d8b19,A112558001,A112558001 | verified,asset_master,ast_07f69f4d8b19,1.0,confirmed,"{""cleanup_action"": null, ""source_canonical_name"": ""KKR Real Estate Partners Europe II""}"
asset:ast_0812bfa02848,asset,ast_0812bfa02848,A200013002,A200013002 | verified,asset_master,ast_0812bfa02848,1.0,confirmed,"{""cleanup_action"": null, ""source_canonical_name"": ""StepStone Secondary Opportunities Fund V Offshore Holdings, L.P.  가 발행하는 지분증권""}"
asset:ast_081de2d9bdd9,asset,ast_081de2d9bdd9,AP00027001,AP00027001 | 서울시 강남구 수서동 197번지 일원 | verified,asset_master,ast_081de2d9bdd9,1.0,confirmed,"{""cleanup_action"": null, ""source_canonical_name"": ""수서역환승센터복합개발사업""}"
asset:ast_088dd044de37,asset,ast_088dd044de37,A112306001,A112306001 | 온천동 180-14번지 복합시설 신축공사 | verified,asset_master,ast_088dd044de37,1.0,confirmed,"{""cleanup_action"": null, ""source_canonical_name"": ""부산 온천동 복합시설 신축사업""}"
asset:ast_08c6f4e86f22,asset,ast_08c6f4e86f22,A112646001,A112646001 | 전라북도 군산시 비응도동 19 | verified,asset_master,ast_08c6f4e86f22,1.0,confirmed,"{""cleanup_action"": null, ""source_canonical_name"": ""군산수상태양광 PF대출""}"
asset:ast_08feb99d7dd1,asset,ast_08feb99d7dd1,A112466016,A112466016 | 경상북도 의성군 금성면 하리 산72 | verified,asset_master,ast_08feb99d7dd1,1.0,confirmed,"{""cleanup_action"": null, ""source_canonical_name"": ""맥스에너지금성태양광발전""}"
asset:ast_0920c9043185,asset,ast_0920c9043185,A112751001,A112751001 | 인천광역시 서구 석남동 224-8 | auto_created,asset_master,ast_0920c9043185,1.0,confirmed,"{""cleanup_action"": null, ""source_canonical_name"": ""인천석남물류센터""}"
asset:ast_093042bc2e8e,asset,ast_093042bc2e8e,AP00004001,AP00004001 | 부산광역시 해운대구 우동 626-14번지 일원 | verified,asset_master,ast_093042bc2e8e,1.0,confirmed,"{""cleanup_action"": null, ""source_canonical_name"": ""해운대 L7""}"
asset:ast_09cbe4380781,asset,ast_09cbe4380781,A112584046,"A112584046 | 충북 충주시 대소원면 완오리 1165, 1166, 1167(건물 위), 충주시 대소원면 완오리 1155(건물위), 충주시 대소원면 영평리 840 (건물 위) | verified",asset_master,ast_09cbe4380781,1.0,confirmed,"{""cleanup_action"": null, ""source_canonical_name"": ""솔라팩토리19호""}"
asset:ast_09e5db3eee02,asset,ast_09e5db3eee02,A112080001,A112080001 | 울산광역시 남구 삼산동 1569-1 | verified,asset_master,ast_09e5db3eee02,1.0,confirmed,"{""cleanup_action"": null, ""source_canonical_name"": ""업스퀘어""}"
asset:ast_0a0e2cc5bc0e,asset,ast_0a0e2cc5bc0e,A200034001,A200034001 | verified,asset_master,ast_0a0e2cc5bc0e,1.0,confirmed,"{""cleanup_action"": null, ""source_canonical_name"": ""MRP Buyer, LLC에 대한 선순위 대출""}"
asset:ast_0aa438f94f1a,asset,ast_0aa438f94f1a,A120045006,A120045006 | verified,asset_master,ast_0aa438f94f1a,1.0,confirmed,"{""cleanup_action"": null, ""source_canonical_name"": ""와이에이치파워2 주식""}"
asset:ast_0abb69999d40,asset,ast_0abb69999d40,A200013001,A200013001 | verified,asset_master,ast_0abb69999d40,1.0,confirmed,"{""cleanup_action"": null, ""source_canonical_name"": ""StepStone Secondary Opportunities Fund V Offshore, L.P.""}"
asset:ast_0ae67887921d,asset,ast_0ae67887921d,A300074001,A300074001 | verified,asset_master,ast_0ae67887921d,1.0,confirmed,"{""cleanup_action"": null, ""source_canonical_name"": ""메자닌, 공모주, 이벤트 드리븐""}"
asset:ast_0bab0f479396,asset,ast_0bab0f479396,A112669001,A112669001 | 경기도 김포시 장기동 2008-6 | verified,asset_master,ast_0bab0f479396,1.0,confirmed,"{""cleanup_action"": null, ""source_canonical_name"": ""김포DC 개발사업""}"
asset:ast_0bb41d4e593f,asset,ast_0bb41d4e593f,A112303001,A112303001 | verified,asset_master,ast_0bb41d4e593f,1.0,confirmed,"{""cleanup_action"": null, ""source_canonical_name"": ""GLP Japan Develoment Partners III""}"
asset:ast_0bbbe8c5910d,asset,ast_0bbbe8c5910d,A112584046,A112584046 | 충청북도 충주시 대소원면 완오리 1165 | auto_created,asset_master,ast_0bbbe8c5910d,1.0,confirmed,"{""cleanup_action"": null, ""source_canonical_name"": ""이지스일반사모투자신탁435호(태양광)""}"
asset:ast_0bed91ccb4ec,asset,ast_0bed91ccb4ec,A112318001,A112318001 | verified,asset_master,ast_0bed91ccb4ec,1.0,confirmed,"{""cleanup_action"": null, ""source_canonical_name"": ""부실채권을 기초자산으로 하는 SPC의 사채""}"
asset:ast_0c50fdc60ef8,asset,ast_0c50fdc60ef8,AR00008003,AR00008003 | 서울시 마포구 서교동 460-25 일원 | verified,asset_master,ast_0c50fdc60ef8,1.0,confirmed,"{""cleanup_action"": null, ""source_canonical_name"": ""이지스333호(홍대 코리빙 복합시설)""}"
asset:ast_0c68bbfd7099,asset,ast_0c68bbfd7099,A112194002,A112194002 | 제주도 제주시 연동 261-23 | verified,asset_master,ast_0c68bbfd7099,1.0,confirmed,"{""cleanup_action"": null, ""source_canonical_name"": ""제주 연동 오피스텔""}"
asset:ast_0d034e04e91f,asset,ast_0d034e04e91f,A112344002,A112344002 | 대전광역시 중구 문화동 1-17 | auto_created,asset_master,ast_0d034e04e91f,1.0,confirmed,"{""cleanup_action"": null, ""source_canonical_name"": ""홈플러스 대전문화점 (투자)""}"
asset:ast_0d20df513bd5,asset,ast_0d20df513bd5,A190002001,A190002001 | verified,asset_master,ast_0d20df513bd5,1.0,confirmed,"{""cleanup_action"": null, ""source_canonical_name"": ""분당야탑물류센터""}"
asset:ast_0d67a2c2d304,asset,ast_0d67a2c2d304,A112602002,A112602002 | verified,asset_master,ast_0d67a2c2d304,1.0,confirmed,"{""cleanup_action"": null, ""source_canonical_name"": ""아이에이제십사차유동화전문 유한회사""}"
asset:ast_0d7b28ca87e1,asset,ast_0d7b28ca87e1,A112666005,A112666005 | 서울특별시 성동구 성수동2가 279 | verified,asset_master,ast_0d7b28ca87e1,1.0,confirmed,"{""cleanup_action"": null, ""source_canonical_name"": ""성수동 오피스 개발사업 선순위 브릿지론""}"
asset:ast_0d9b6bc27220,asset,ast_0d9b6bc27220,A112174001,A112174001 | verified,asset_master,ast_0d9b6bc27220,1.0,confirmed,"{""cleanup_action"": null, ""source_canonical_name"": ""Balbec InSolve Global Credit Fund III""}"
asset:ast_0db517682813,asset,ast_0db517682813,A112584026,A112584026 | 경상북도 봉화군 봉성면 외삼리 792 외 | verified,asset_master,ast_0db517682813,1.0,confirmed,"{""cleanup_action"": null, ""source_canonical_name"": ""외삼2호""}"
asset:ast_0dba05706295,asset,ast_0dba05706295,A112536001,A112536001 | 경기도 성남시 창업로 17 | verified,asset_master,ast_0dba05706295,1.0,confirmed,"{""cleanup_action"": null, ""source_canonical_name"": ""판교아이스퀘어E동""}"
asset:ast_0dc44d526fb4,asset,ast_0dc44d526fb4,A112071001,A112071001 | 서울특별시 종로구 종로2가 6 | verified,asset_master,ast_0dc44d526fb4,1.0,confirmed,"{""cleanup_action"": null, ""source_canonical_name"": ""종로타워""}"
asset:ast_0e748b87e46f,asset,ast_0e748b87e46f,A112270001,A112270001 | 서울시 서초구 반포동 112-4 외 8필지 | verified,asset_master,ast_0e748b87e46f,1.0,confirmed,"{""cleanup_action"": null, ""source_canonical_name"": ""반포이수화학본사사옥""}"
asset:ast_0e81972e2bec,asset,ast_0e81972e2bec,A112535001,A112535001 | 경기도 성남시 수정구 창업로 17 | verified,asset_master,ast_0e81972e2bec,1.0,confirmed,"{""cleanup_action"": null, ""source_canonical_name"": ""판교아이스퀘어D동""}"
asset:ast_0e8530670140,asset,ast_0e8530670140,A112067001,"A112067001 | 105 Gun Beach Road, Tumon, Guam 96913 U.S.A | verified",asset_master,ast_0e8530670140,1.0,confirmed,"{""cleanup_action"": null, ""source_canonical_name"": ""괌 웨스틴 호텔""}"
asset:ast_0eb50d2cf958,asset,ast_0eb50d2cf958,AR00008004,AR00008004 | 경기도 성남시 수정구 대왕판교로 815 | verified,asset_master,ast_0eb50d2cf958,1.0,confirmed,"{""cleanup_action"": null, ""source_canonical_name"": ""이지스411호(200호 재간접, 디어스 판교)""}"
asset:ast_0eebe3722ecd,asset,ast_0eebe3722ecd,A112012001,A112012001 | 서울특별시 강남구 대치동 1004 | auto_created,asset_master,ast_0eebe3722ecd,1.0,confirmed,"{""cleanup_action"": null, ""source_canonical_name"": ""동일타워 (투자)""}"
asset:ast_0f622a720449,asset,ast_0f622a720449,A11279001,A11279001 | auto_created,asset_master,ast_0f622a720449,1.0,confirmed,"{""cleanup_action"": null, ""source_canonical_name"": ""Partners Group Tactical Real Estate Fund, L.P.""}"
asset:ast_0fa1343c8192,asset,ast_0fa1343c8192,A112223024,A112223024 | 30190 Van Dyke Avenue | verified,asset_master,ast_0fa1343c8192,1.0,confirmed,"{""cleanup_action"": null, ""source_canonical_name"": ""Courtyard Detroit Warren""}"
asset:ast_10445d29926b,asset,ast_10445d29926b,A112362005,A112362005 | 일본 도쿄도 23구 내 | verified,asset_master,ast_10445d29926b,1.0,confirmed,"{""cleanup_action"": null, ""source_canonical_name"": ""PASEO 사사즈카""}"
asset:ast_1063cfdde684,asset,ast_1063cfdde684,A112586001,A112586001 | 경기도 성남시 분당구 수내동 22-2 | auto_created,asset_master,ast_1063cfdde684,1.0,confirmed,"{""cleanup_action"": null, ""source_canonical_name"": ""후너스빌딩 (투자)""}"
asset:ast_10667fe678d4,asset,ast_10667fe678d4,A120084001,A120084001 | verified,asset_master,ast_10667fe678d4,1.0,confirmed,"{""cleanup_action"": null, ""source_canonical_name"": ""이지스제572호부동산일반사모투자회사(1종)""}"
asset:ast_109318d66df6,asset,ast_109318d66df6,A112642001,A112642001 | 경기도 화성시 장안면 석포리 147-12 | auto_created,asset_master,ast_109318d66df6,1.0,confirmed,"{""cleanup_action"": null, ""source_canonical_name"": ""화성 석포리 물류센터""}"
asset:ast_10ad74d3885c,asset,ast_10ad74d3885c,AR00001001,"AR00001001 | 서울 성동구 용답동 231,231-1번지 | verified",asset_master,ast_10ad74d3885c,1.0,confirmed,"{""cleanup_action"": null, ""source_canonical_name"": ""용답동 청년주택 개발사업""}"
asset:ast_112711a59b76,asset,ast_112711a59b76,A120045002,A120045002 | verified,asset_master,ast_112711a59b76,1.0,confirmed,"{""cleanup_action"": null, ""source_canonical_name"": ""코어그린에너지 주식 및 대여금""}"
asset:ast_1139d23fa5d7,asset,ast_1139d23fa5d7,A200007001,A200007001 | verified,asset_master,ast_1139d23fa5d7,1.0,confirmed,"{""cleanup_action"": null, ""source_canonical_name"": ""Pantheon Viking Co-Invest LP, NMP V""}"
asset:ast_115f3c3277d4,asset,ast_115f3c3277d4,A112025001,A112025001 | 경기도 성남시 분당구 수내동 6-3 | verified,asset_master,ast_115f3c3277d4,1.0,confirmed,"{""cleanup_action"": null, ""source_canonical_name"": ""서영빌딩""}"
asset:ast_11888bd81598,asset,ast_11888bd81598,A112086001,A112086001 | 서울특별시 구로구 신도림동 337 | verified,asset_master,ast_11888bd81598,1.0,confirmed,"{""cleanup_action"": null, ""source_canonical_name"": ""신도림핀포인트""}"
asset:ast_11919c561605,asset,ast_11919c561605,A112328001,A112328001 | 경기도 이천시 호법면 매곡리 118-2 | verified,asset_master,ast_11919c561605,1.0,confirmed,"{""cleanup_action"": null, ""source_canonical_name"": ""덕평CJ물류센터""}"
asset:ast_119638464007,asset,ast_119638464007,A112584003,A112584003 | 충청북도 진천군 문백면 평산리 산 54 | verified,asset_master,ast_119638464007,1.0,confirmed,"{""cleanup_action"": null, ""source_canonical_name"": ""진이엔지""}"
asset:ast_11eaa23e7e07,asset,ast_11eaa23e7e07,A120023001,A120023001 | 제주시 애월읍 상가리 17-6 번지 일원 | verified,asset_master,ast_11eaa23e7e07,1.0,confirmed,"{""cleanup_action"": null, ""source_canonical_name"": ""애월 복합관광단지 개발""}"
asset:ast_12056ec44b17,asset,ast_12056ec44b17,A112081001,A112081001 | 경기도 성남시 분당구 야탑동 356 | verified,asset_master,ast_12056ec44b17,1.0,confirmed,"{""cleanup_action"": null, ""source_canonical_name"": ""NC백화점(야탑)""}"
asset:ast_122d47e0ef63,asset,ast_122d47e0ef63,A112008001,A112008001 | 서울특별시 금천구 독산동 291-7 | verified,asset_master,ast_122d47e0ef63,1.0,confirmed,"{""cleanup_action"": null, ""source_canonical_name"": ""홈플러스금천점""}"
asset:ast_12357627ab53,asset,ast_12357627ab53,AP00021001,AP00021001 | 서울시 강남구 청담동 129 | verified,asset_master,ast_12357627ab53,1.0,confirmed,"{""cleanup_action"": null, ""source_canonical_name"": ""청담펜트하우스""}"
asset:ast_124d02c64658,asset,ast_124d02c64658,A190001001,A190001001 | 서울특별시 은평구 진관동 160 번지 일원 | verified,asset_master,ast_124d02c64658,1.0,confirmed,"{""cleanup_action"": null, ""source_canonical_name"": ""은평 시니어리빙 복합시설 개발""}"
asset:ast_1267a3bda5d2,asset,ast_1267a3bda5d2,AR00008001,AR00008001 | 인천시 부평구 십정동 216번지 일원 | verified,asset_master,ast_1267a3bda5d2,1.0,confirmed,"{""cleanup_action"": null, ""source_canonical_name"": ""이지스151호(더샵 부평)""}"
asset:ast_1273fe709763,asset,ast_1273fe709763,A112264001,A112264001 | 서울 종로구 익선동 138-6 | verified,asset_master,ast_1273fe709763,1.0,confirmed,"{""cleanup_action"": null, ""source_canonical_name"": ""익선동 상업시설 개발""}"
asset:ast_1283cae9910d,asset,ast_1283cae9910d,A300040001,A300040001 | verified,asset_master,ast_1283cae9910d,1.0,confirmed,"{""cleanup_action"": null, ""source_canonical_name"": ""국내 상장 리츠,  인프라 펀드,  주식, ETF""}"
asset:ast_12910bc887e1,asset,ast_12910bc887e1,A112466019,A112466019 | 전라북도 남원시 대산면 신계리 산429-98 | verified,asset_master,ast_12910bc887e1,1.0,confirmed,"{""cleanup_action"": null, ""source_canonical_name"": ""성남제이씨에너지""}"
asset:ast_12a2b6420432,asset,ast_12a2b6420432,A120045005,A120045005 | verified,asset_master,ast_12a2b6420432,1.0,confirmed,"{""cleanup_action"": null, ""source_canonical_name"": ""와이에이치파워1 주식""}"
asset:ast_1366fb10d2eb,asset,ast_1366fb10d2eb,A200023001,A200023001 | London EC2R 8EJ | verified,asset_master,ast_1366fb10d2eb,1.0,confirmed,"{""cleanup_action"": null, ""source_canonical_name"": ""London Office One Poultry""}"
asset:ast_136a3a7abf72,asset,ast_136a3a7abf72,A112795001,A112795001 | verified,asset_master,ast_136a3a7abf72,1.0,confirmed,"{""cleanup_action"": null, ""source_canonical_name"": ""StepStone Secondary Opportunities Fund V Offshore, L.P.""}"
asset:ast_13b334c7bf6b,asset,ast_13b334c7bf6b,A190001001,A190001001 | 서울특별시 은평구 진관동 160 번지 일원 | verified,asset_master,ast_13b334c7bf6b,1.0,confirmed,"{""cleanup_action"": null, ""source_canonical_name"": ""은평 시니어리빙 복합시설 개발""}"
asset:ast_1413056b8256,asset,ast_1413056b8256,A112362002,A112362002 | 일본 도쿄도 23구 내 | verified,asset_master,ast_1413056b8256,1.0,confirmed,"{""cleanup_action"": null, ""source_canonical_name"": ""GRAN PASEO 혼코마고메""}"
asset:ast_146d3e80165b,asset,ast_146d3e80165b,A112514001,"A112514001 | 서울특별시 영등포구 여의도동 15-3, 15-28 | verified",asset_master,ast_146d3e80165b,1.0,confirmed,"{""cleanup_action"": null, ""source_canonical_name"": ""신동해빌딩, NICE2사옥""}"
asset:ast_14c10f336834,asset,ast_14c10f336834,A112362003,A112362003 | 일본 도쿄도 23구 내 | verified,asset_master,ast_14c10f336834,1.0,confirmed,"{""cleanup_action"": null, ""source_canonical_name"": ""PASEO 신주쿠""}"
asset:ast_14eb09ddf188,asset,ast_14eb09ddf188,A112175001,A112175001 | 열우물로 90 | verified,asset_master,ast_14eb09ddf188,1.0,confirmed,"{""cleanup_action"": null, ""source_canonical_name"": ""151호 수익증권(재간접)""}"
asset:ast_14f3dd9eb1f9,asset,ast_14f3dd9eb1f9,A112101001,A112101001 | 서울특별시 서초구 서초동 1501-1 | verified,asset_master,ast_14f3dd9eb1f9,1.0,confirmed,"{""cleanup_action"": null, ""source_canonical_name"": ""마제스타시티타워1""}"
asset:ast_15237c00f653,asset,ast_15237c00f653,A112490001,A112490001 | 경기도 성남시 분당구 수내동 14 | verified,asset_master,ast_15237c00f653,1.0,confirmed,"{""cleanup_action"": null, ""source_canonical_name"": ""롯데백화점분당점""}"
asset:ast_15470fbdefbf,asset,ast_15470fbdefbf,A112173001,A112173001 | verified,asset_master,ast_15470fbdefbf,1.0,confirmed,"{""cleanup_action"": null, ""source_canonical_name"": ""GLP Europe Income/Development Partners I""}"
asset:ast_156c375e17dc,asset,ast_156c375e17dc,AR00013001,AR00013001 | 경기도 성남시 분당구 삼평동 615 | auto_created,asset_master,ast_156c375e17dc,1.0,confirmed,"{""cleanup_action"": null, ""source_canonical_name"": ""삼성중공업판교R&D센터""}"
asset:ast_15f689589eb3,asset,ast_15f689589eb3,A112139001,A112139001 | 서울특별시 중구 수표동 99 | verified,asset_master,ast_15f689589eb3,1.0,confirmed,"{""cleanup_action"": null, ""source_canonical_name"": ""시그니쳐타워""}"
asset:ast_162787785646,asset,ast_162787785646,A112521001,A112521001 | verified,asset_master,ast_162787785646,1.0,confirmed,"{""cleanup_action"": null, ""source_canonical_name"": ""Brookfield Super-Core Infrastructure Partners""}"
asset:ast_16a56a088f89,asset,ast_16a56a088f89,A112053001,A112053001 | 서울특별시 영등포구 영등포동1가 143-3 | verified,asset_master,ast_16a56a088f89,1.0,confirmed,"{""cleanup_action"": null, ""source_canonical_name"": ""영등포역 오피스텔 개발사업""}"
asset:ast_16fa6fcbebcc,asset,ast_16fa6fcbebcc,A200007001,A200007001 | verified,asset_master,ast_16fa6fcbebcc,1.0,confirmed,"{""cleanup_action"": null, ""source_canonical_name"": ""Pantheon Viking Co-Invest LP, NMP V""}"
asset:ast_177a1b236451,asset,ast_177a1b236451,A112223014,A112223014 | 1041 Wake Towne Drive | verified,asset_master,ast_177a1b236451,1.0,confirmed,"{""cleanup_action"": null, ""source_canonical_name"": ""Courtyard Raleigh Midtown""}"
asset:ast_17859af0b93a,asset,ast_17859af0b93a,A300011001,A300011001 | verified,asset_master,ast_17859af0b93a,1.0,confirmed,"{""cleanup_action"": null, ""source_canonical_name"": ""국내 상장 리츠, 리츠IPO""}"
asset:ast_179a3e793b6f,asset,ast_179a3e793b6f,A112401004,"A112401004 | Veneto, Vicenza, Italy | verified",asset_master,ast_179a3e793b6f,1.0,confirmed,"{""cleanup_action"": null, ""source_canonical_name"": ""Tori Di Quartesolo""}"
asset:ast_17d191ea5a3f,asset,ast_17d191ea5a3f,AR00010001,"AR00010001 | 1255 Granville Payne Ave, Brooklyn, NY | verified",asset_master,ast_17d191ea5a3f,1.0,confirmed,"{""cleanup_action"": null, ""source_canonical_name"": ""Spring Creek Towers""}"
asset:ast_17db161a53b5,asset,ast_17db161a53b5,A112082001,A112082001 | - | verified,asset_master,ast_17db161a53b5,1.0,confirmed,"{""cleanup_action"": null, ""source_canonical_name"": ""부실채권을 기초자산으로 하는 SPC의 출자지분 및 사채""}"
asset:ast_181f610edf73,asset,ast_181f610edf73,A112584010,"A112584010 | 경상북도 예천군 풍양면 홍천리 356, 357, 390 | verified",asset_master,ast_181f610edf73,1.0,confirmed,"{""cleanup_action"": null, ""source_canonical_name"": ""케이에이치테크단북1호""}"
asset:ast_18332a11a1f7,asset,ast_18332a11a1f7,A120044001,A120044001 | verified,asset_master,ast_18332a11a1f7,1.0,confirmed,"{""cleanup_action"": null, ""source_canonical_name"": ""이지스제542호부동산일반사모투자회사(제1종)""}"
asset:ast_19343fe25554,asset,ast_19343fe25554,A120047001,A120047001 | verified,asset_master,ast_19343fe25554,1.0,confirmed,"{""cleanup_action"": null, ""source_canonical_name"": ""이지스 코어에너지인프라 1호 수익증권""}"
asset:ast_199ba4e0626d,asset,ast_199ba4e0626d,A200034001,A200034001 | verified,asset_master,ast_199ba4e0626d,1.0,confirmed,"{""cleanup_action"": null, ""source_canonical_name"": ""MRP Buyer, LLC에 대한 선순위 대출""}"
asset:ast_19c7f152ec57,asset,ast_19c7f152ec57,ast_19c7f152ec57,대구광역시 군위군 소보면 도산리 1181-3 | auto_created,asset_master,ast_19c7f152ec57,1.0,confirmed,"{""cleanup_action"": null, ""source_canonical_name"": ""투태모에너지3호""}"
asset:ast_19dc673946e8,asset,ast_19dc673946e8,A112763001,A112763001 | verified,asset_master,ast_19dc673946e8,1.0,confirmed,"{""cleanup_action"": null, ""source_canonical_name"": ""AA- 이상 채권,  메자닌, 리츠IPO, 국내 상장 리츠, 공모주, 스팩""}"
asset:ast_19e5bba5f247,asset,ast_19e5bba5f247,A112025001,A112025001 | 경기도 성남시 분당구 수내동 6-3 | auto_created,asset_master,ast_19e5bba5f247,1.0,confirmed,"{""cleanup_action"": null, ""source_canonical_name"": ""서영빌딩 (투자)""}"
asset:ast_1a20ea59c075,asset,ast_1a20ea59c075,A112450001,A112450001 | 서울 강남구 강남대로 330 | verified,asset_master,ast_1a20ea59c075,1.0,confirmed,"{""cleanup_action"": null, ""source_canonical_name"": ""더강남832PFV의 지분증권 및 대출채권""}"
asset:ast_1a611af09927,asset,ast_1a611af09927,A112584015,"A112584015 | 충청남도 서천군 서면 원두리 산79-1, 80 | verified",asset_master,ast_1a611af09927,1.0,confirmed,"{""cleanup_action"": null, ""source_canonical_name"": ""청수""}"
asset:ast_1a6da4237f05,asset,ast_1a6da4237f05,A200040001,A200040001 | verified,asset_master,ast_1a6da4237f05,1.0,confirmed,"{""cleanup_action"": null, ""source_canonical_name"": ""ARDIAN ASF IX Infrastructure SWF""}"
asset:ast_1a7bbfa76876,asset,ast_1a7bbfa76876,A112324003,"A112324003 | Unit 4, Central Park, Central Avenue, Severn Beach, Bristol, UK | verified",asset_master,ast_1a7bbfa76876,1.0,confirmed,"{""cleanup_action"": null, ""source_canonical_name"": ""Bristol Logistics Amazon""}"
asset:ast_1a7e1fbe1ed6,asset,ast_1a7e1fbe1ed6,A112190001,"A112190001 | 경기도 남양주 다산진건지구상업3 5-1, 5-2블럭 | verified",asset_master,ast_1a7e1fbe1ed6,1.0,confirmed,"{""cleanup_action"": null, ""source_canonical_name"": ""남양주 다산진건지구 오피스텔""}"
asset:ast_1a8c028a5e37,asset,ast_1a8c028a5e37,A112585001,A112585001 | verified,asset_master,ast_1a8c028a5e37,1.0,confirmed,"{""cleanup_action"": null, ""source_canonical_name"": ""NY Brooklyn MF SpringCreek Tower""}"
asset:ast_1a8c0ab8b13b,asset,ast_1a8c0ab8b13b,A112237002,A112237002 | 서울시 중구 명동1가 59-5외 8필지 | verified,asset_master,ast_1a8c0ab8b13b,1.0,confirmed,"{""cleanup_action"": null, ""source_canonical_name"": ""SK명동빌딩""}"
asset:ast_1aa61ea72a74,asset,ast_1aa61ea72a74,A112504004,A112504004 | 경상남도 합천군 대병면 성리 산 117 | verified,asset_master,ast_1aa61ea72a74,1.0,confirmed,"{""cleanup_action"": null, ""source_canonical_name"": ""성리태양광발전소""}"
asset:ast_1b09ced3f5a7,asset,ast_1b09ced3f5a7,A112025004,A112025004 | 대구광역시 중구 동인동2가 50-3 | verified,asset_master,ast_1b09ced3f5a7,1.0,confirmed,"{""cleanup_action"": null, ""source_canonical_name"": ""호수빌딩""}"
asset:ast_1b445b832a9b,asset,ast_1b445b832a9b,A112183001,"A112183001 | 65 Bay Street, Jersey City, NJ | verified",asset_master,ast_1b445b832a9b,1.0,confirmed,"{""cleanup_action"": null, ""source_canonical_name"": ""Jersey City 65 Bay Street B-Note Loan""}"
asset:ast_1ba78b46e989,asset,ast_1ba78b46e989,A300001001,A300001001 | verified,asset_master,ast_1ba78b46e989,1.0,confirmed,"{""cleanup_action"": null, ""source_canonical_name"": ""채권""}"
asset:ast_1bf3c754cc2c,asset,ast_1bf3c754cc2c,A112718001,"A112718001 | 900 Wilshire Boulevard, Los Angeles, California | verified",asset_master,ast_1bf3c754cc2c,1.0,confirmed,"{""cleanup_action"": null, ""source_canonical_name"": ""LA Wilshire Grand Center Senior Loan""}"
asset:ast_1c2b0c57e8b7,asset,ast_1c2b0c57e8b7,A112033001,A112033001 | 대구광역시 중구 문화동 11-1 | auto_created,asset_master,ast_1c2b0c57e8b7,1.0,confirmed,"{""cleanup_action"": null, ""source_canonical_name"": ""대구시티센터 (투자)""}"
asset:ast_1c98656c9aa6,asset,ast_1c98656c9aa6,A20000601,A20000601 | auto_created,asset_master,ast_1c98656c9aa6,1.0,confirmed,"{""cleanup_action"": null, ""source_canonical_name"": ""Pantheon Viking Co-Invest LP""}"
asset:ast_1ce55ba1b6ee,asset,ast_1ce55ba1b6ee,A112041001,A112041001 | verified,asset_master,ast_1ce55ba1b6ee,1.0,confirmed,"{""cleanup_action"": null, ""source_canonical_name"": ""CBRE IM European Logistics Partners Fund""}"
asset:ast_1daf77258172,asset,ast_1daf77258172,AP00017001,AP00017001 | 충남 천안시 서북구 성성동 366-3번지 일원 | verified,asset_master,ast_1daf77258172,1.0,confirmed,"{""cleanup_action"": null, ""source_canonical_name"": ""천안성성7지구공동주택""}"
asset:ast_1db4b67ee880,asset,ast_1db4b67ee880,A300017001,A300017001 | verified,asset_master,ast_1db4b67ee880,1.0,confirmed,"{""cleanup_action"": null, ""source_canonical_name"": ""공모주, 스팩""}"
asset:ast_1e2221e5e270,asset,ast_1e2221e5e270,A112584032,"A112584032 | 포천시 자작동 595, 596, 709-77 외 7개사 지붕 | verified",asset_master,ast_1e2221e5e270,1.0,confirmed,"{""cleanup_action"": null, ""source_canonical_name"": ""솔라팩토리10호""}"
asset:ast_1e36ef9dd9b2,asset,ast_1e36ef9dd9b2,A112722001,A112722001 | verified,asset_master,ast_1e36ef9dd9b2,1.0,confirmed,"{""cleanup_action"": null, ""source_canonical_name"": ""국내 상장 리츠, 상장 인프라펀드, 채권형 펀드""}"
asset:ast_1e6db3434a24,asset,ast_1e6db3434a24,A120062001,A120062001 | 서울시 송파구 거여동 573-1 일원 | verified,asset_master,ast_1e6db3434a24,1.0,confirmed,"{""cleanup_action"": null, ""source_canonical_name"": ""위례Senior Living 개발사업""}"
asset:ast_1eb3221796bb,asset,ast_1eb3221796bb,AR00008003,AR00008003 | 서울시 마포구 서교동 460-25 일원 | verified,asset_master,ast_1eb3221796bb,1.0,confirmed,"{""cleanup_action"": null, ""source_canonical_name"": ""이지스333호(홍대 코리빙 복합시설)""}"
asset:ast_1f096e28a63c,asset,ast_1f096e28a63c,AP00012001,AP00012001 | 경기도 오산시 오산세교2지구 M1BL | verified,asset_master,ast_1f096e28a63c,1.0,confirmed,"{""cleanup_action"": null, ""source_canonical_name"": ""오산세교2지구 M-1BL 주상복합""}"
asset:ast_1f446ce9025d,asset,ast_1f446ce9025d,A112018003,A112018003 | 경상북도 포항시 북구 죽도동 50-1 | auto_created,asset_master,ast_1f446ce9025d,1.0,confirmed,"{""cleanup_action"": null, ""source_canonical_name"": ""홈플러스죽도점 (투자)""}"
asset:ast_1f6899d52522,asset,ast_1f6899d52522,AP00022001,AP00022001 | 서울특별시 종로구 효제동 21-3번지 일원 | verified,asset_master,ast_1f6899d52522,1.0,confirmed,"{""cleanup_action"": null, ""source_canonical_name"": ""효제동 주거용 오피스텔""}"
asset:ast_1f7b90e8b01b,asset,ast_1f7b90e8b01b,A112504021,A112504021 | 전라남도 고흥군 도화면 봉룡리 산221-1 | verified,asset_master,ast_1f7b90e8b01b,1.0,confirmed,"{""cleanup_action"": null, ""source_canonical_name"": ""옥스포드""}"
asset:ast_1f99948b6e40,asset,ast_1f99948b6e40,A200044001,"A200044001 | 133 Route 3, Dededo, County, Guam 96912 | verified",asset_master,ast_1f99948b6e40,1.0,confirmed,"{""cleanup_action"": null, ""source_canonical_name"": ""괌 소재 종합병원(GRMC)에 대한 선순위""}"
asset:ast_1fa2fdab17e6,asset,ast_1fa2fdab17e6,ast_1fa2fdab17e6,강원특별자치도 화천군 사내면 용담리 602 | auto_created,asset_master,ast_1fa2fdab17e6,1.0,confirmed,"{""cleanup_action"": null, ""source_canonical_name"": ""지티씨솔라13호""}"
asset:ast_1fd14a31b02a,asset,ast_1fd14a31b02a,A112223008,A112223008 | 3929 NW 79th Avenue | verified,asset_master,ast_1fd14a31b02a,1.0,confirmed,"{""cleanup_action"": null, ""source_canonical_name"": ""Courtyard Miami Airport West Doral""}"
asset:ast_20262366f9d0,asset,ast_20262366f9d0,A112540001,"A112540001 | 1100 15th Street, NW Washington, D.C. | verified",asset_master,ast_20262366f9d0,1.0,confirmed,"{""cleanup_action"": null, ""source_canonical_name"": ""Washington D.C. Office Midtown Center""}"
asset:ast_204fd0903755,asset,ast_204fd0903755,A300012001,A300012001 | verified,asset_master,ast_204fd0903755,1.0,confirmed,"{""cleanup_action"": null, ""source_canonical_name"": ""국내 상장 리츠, 신주인수권증서, 공모주""}"
asset:ast_2050b844c69c,asset,ast_2050b844c69c,ast_2050b844c69c,강원특별자치도 영월군 상동읍 구래리 194-9 | auto_created,asset_master,ast_2050b844c69c,1.0,confirmed,"{""cleanup_action"": null, ""source_canonical_name"": ""김송하""}"
asset:ast_20f01c104a7a,asset,ast_20f01c104a7a,A112071001,A112071001 | 서울특별시 종로구 종로2가 6 | verified,asset_master,ast_20f01c104a7a,1.0,confirmed,"{""cleanup_action"": null, ""source_canonical_name"": ""종로타워""}"
asset:ast_211d00ab23dd,asset,ast_211d00ab23dd,A112504023,A112504023 | 전라남도 고흥군 도화면 봉룡리 산221-1 | verified,asset_master,ast_211d00ab23dd,1.0,confirmed,"{""cleanup_action"": null, ""source_canonical_name"": ""해바라기""}"
asset:ast_211db1826682,asset,ast_211db1826682,A112504020,A112504020 | 강원도 평창군 평창읍 고길리 86-1 | verified,asset_master,ast_211db1826682,1.0,confirmed,"{""cleanup_action"": null, ""source_canonical_name"": ""평화와번영""}"
asset:ast_2135120fef32,asset,ast_2135120fef32,AP00025001,AP00025001 | 충청남도 공주시 웅진동 | verified,asset_master,ast_2135120fef32,1.0,confirmed,"{""cleanup_action"": null, ""source_canonical_name"": ""공주시 웅진동 공동주택""}"
asset:ast_21ccb7c9f7bd,asset,ast_21ccb7c9f7bd,A112017001,A112017001 | 서울특별시 구로구 구로동 188-25 | verified,asset_master,ast_21ccb7c9f7bd,1.0,confirmed,"{""cleanup_action"": null, ""source_canonical_name"": ""G밸리비즈플라자""}"
asset:ast_222407c92192,asset,ast_222407c92192,A112504005,A112504005 | 남양동 330-3 | auto_created,asset_master,ast_222407c92192,1.0,confirmed,"{""cleanup_action"": null, ""source_canonical_name"": ""이지스일반사모투자신탁392호(태양광)""}"
asset:ast_222f559296b4,asset,ast_222f559296b4,ast_222f559296b4,전라북도 남원시 보절면 사촌리 산18-3 | auto_created,asset_master,ast_222f559296b4,1.0,confirmed,"{""cleanup_action"": null, ""source_canonical_name"": ""은하수솔라""}"
asset:ast_223406583df1,asset,ast_223406583df1,A190009001,A190009001 | 서울시 서초구 양재동 202외 3 필지 | verified,asset_master,ast_223406583df1,1.0,confirmed,"{""cleanup_action"": null, ""source_canonical_name"": ""The-K호텔서울 부지 재개발사업""}"
asset:ast_2235d1489ae1,asset,ast_2235d1489ae1,A112720001,"A112720001 | 경기도 부천시 오정구 삼정동 366-1, 366-10 토지 및 건물 전체 *366-1번지 일부 | verified",asset_master,ast_2235d1489ae1,1.0,confirmed,"{""cleanup_action"": null, ""source_canonical_name"": ""부천카스퀘어""}"
asset:ast_223bae23bf93,asset,ast_223bae23bf93,A112081002,A112081002 | 경기도 안양시 동안구 호계동 1039-3 | auto_created,asset_master,ast_223bae23bf93,1.0,confirmed,"{""cleanup_action"": null, ""source_canonical_name"": ""뉴코아아울렛(평촌)""}"
asset:ast_225077ef8c95,asset,ast_225077ef8c95,A112164001,"A112164001 | 3708 Las Vegas Blvd, Las Vegas, NV 89109 | verified",asset_master,ast_225077ef8c95,1.0,confirmed,"{""cleanup_action"": null, ""source_canonical_name"": ""Las Vegas Cosmopolitan Hotel Mezzanine C Loan""}"
asset:ast_22796a68985d,asset,ast_22796a68985d,A300037001,A300037001 | verified,asset_master,ast_22796a68985d,1.0,confirmed,"{""cleanup_action"": null, ""source_canonical_name"": ""채권, 메자닌, 국내 주식, ETF, 상장 리츠, 공모주, 이벤트 드리븐""}"
asset:ast_22f2b5989936,asset,ast_22f2b5989936,A112408001,A112408001 | verified,asset_master,ast_22f2b5989936,1.0,confirmed,"{""cleanup_action"": null, ""source_canonical_name"": ""Nuveen Real Estate U.S. Cities Multifamily Fund""}"
asset:ast_22ffb98ad420,asset,ast_22ffb98ad420,A300061001,A300061001 | verified,asset_master,ast_22ffb98ad420,1.0,confirmed,"{""cleanup_action"": null, ""source_canonical_name"": ""해외 주식, 채권, 공모주, 스팩, ETF, 선물, 단기금융상품""}"
asset:ast_230b908af3f7,asset,ast_230b908af3f7,A112046001,"A112046001 | 59 avenue Vladimir Ilitch Lénine, ARCEUIL | verified",asset_master,ast_230b908af3f7,1.0,confirmed,"{""cleanup_action"": null, ""source_canonical_name"": ""프랑스 Orange Telecome 오피스""}"
asset:ast_2382027b08d5,asset,ast_2382027b08d5,A112504015,A112504015 | 양양군 현남면 정자리 | verified,asset_master,ast_2382027b08d5,1.0,confirmed,"{""cleanup_action"": null, ""source_canonical_name"": ""비취정보기술""}"
asset:ast_2397942b2f4e,asset,ast_2397942b2f4e,A112293001,A112293001 | 광주광역시 남구 월산동 258번지 일 | verified,asset_master,ast_2397942b2f4e,1.0,confirmed,"{""cleanup_action"": null, ""source_canonical_name"": ""광주 월산현대지역주택조합 공동주택 개발사업 Bridge Loan 현대엔지니어링 채무인수 확약 후순위 대출채권""}"
asset:ast_23c79539e93e,asset,ast_23c79539e93e,A112118001,A112118001 | 서울특별시 용산구 한강로2가 191 | verified,asset_master,ast_23c79539e93e,1.0,confirmed,"{""cleanup_action"": null, ""source_canonical_name"": ""LS용산타워""}"
asset:ast_23cef84d6f3d,asset,ast_23cef84d6f3d,A200039001,A200039001 | verified,asset_master,ast_23cef84d6f3d,1.0,confirmed,"{""cleanup_action"": null, ""source_canonical_name"": ""InfraViaEuropean Infrastructure Fund VI""}"
asset:ast_24463e868506,asset,ast_24463e868506,AP00008001,AP00008001 | 경기도 부천시 소사본동 134 | verified,asset_master,ast_24463e868506,1.0,confirmed,"{""cleanup_action"": null, ""source_canonical_name"": ""부천소사 공동주택""}"
asset:ast_24f9e46b72d9,asset,ast_24f9e46b72d9,AR00001001,"AR00001001 | 서울 성동구 용답동 231,231-1번지 | verified",asset_master,ast_24f9e46b72d9,1.0,confirmed,"{""cleanup_action"": null, ""source_canonical_name"": ""용답동 청년주택 개발사업""}"
asset:ast_25028177c0ce,asset,ast_25028177c0ce,A112154002,A112154002 | 서울특별시 광진구 화양동116-2 외 5필지 | verified,asset_master,ast_25028177c0ce,1.0,confirmed,"{""cleanup_action"": null, ""source_canonical_name"": ""화양동 도시형생활주택""}"
asset:ast_251d0a3de508,asset,ast_251d0a3de508,A112194001,A112194001 | 경기도 고양시 덕양구 화정동 1148-6 | verified,asset_master,ast_251d0a3de508,1.0,confirmed,"{""cleanup_action"": null, ""source_canonical_name"": ""고양시 화정동 아이씨티일산""}"
asset:ast_253ab07291de,asset,ast_253ab07291de,ast_253ab07291de,경기도 용인시 처인구 백암면 767-13 | auto_created,asset_master,ast_253ab07291de,1.0,confirmed,"{""cleanup_action"": null, ""source_canonical_name"": ""에이블로지스물류센터""}"
asset:ast_2544de51ae5f,asset,ast_2544de51ae5f,A112466025,A112466025 | 경북 영천시 신기동 산 14외 | verified,asset_master,ast_2544de51ae5f,1.0,confirmed,"{""cleanup_action"": null, ""source_canonical_name"": ""디앤피영천신기""}"
asset:ast_257c44fe46f4,asset,ast_257c44fe46f4,A300020001,A300020001 | verified,asset_master,ast_257c44fe46f4,1.0,confirmed,"{""cleanup_action"": null, ""source_canonical_name"": ""AA+ 이상 채권, 공모주, 스팩""}"
asset:ast_2599313d9083,asset,ast_2599313d9083,A112056001,A112056001 | 경상북도 포항시 남구 지곡동 481-1 | auto_created,asset_master,ast_2599313d9083,1.0,confirmed,"{""cleanup_action"": null, ""source_canonical_name"": ""롯데마트(포항) (투자)""}"
asset:ast_25e1a4cc6c6f,asset,ast_25e1a4cc6c6f,A112163001,A112163001 | 부산광역시 수영구 광안동 98-1 | auto_created,asset_master,ast_25e1a4cc6c6f,1.0,confirmed,"{""cleanup_action"": null, ""source_canonical_name"": ""부산 수영구 광안동 98-1외 7필지 오피스텔 PF""}"
asset:ast_2629edf793c9,asset,ast_2629edf793c9,AP00039001,AP00039001 | verified,asset_master,ast_2629edf793c9,1.0,confirmed,"{""cleanup_action"": null, ""source_canonical_name"": ""용산전자상가 특별계획구역8 개발사업""}"
asset:ast_2638f065215a,asset,ast_2638f065215a,A112672001,A112672001 | verified,asset_master,ast_2638f065215a,1.0,confirmed,"{""cleanup_action"": null, ""source_canonical_name"": ""이지스제472호일반사모부동산투자회사의 지분증권 (재간접)""}"
asset:ast_2652e06dfeaa,asset,ast_2652e06dfeaa,A112500002,A112500002 | 도일동 1175-3 | auto_created,asset_master,ast_2652e06dfeaa,1.0,confirmed,"{""cleanup_action"": null, ""source_canonical_name"": ""평택아디다스물류센터""}"
asset:ast_2680fd8ec249,asset,ast_2680fd8ec249,ast_2680fd8ec249,경상남도 의령군 화정면 상일리 산95 | auto_created,asset_master,ast_2680fd8ec249,1.0,confirmed,"{""cleanup_action"": null, ""source_canonical_name"": ""의령1호""}"
asset:ast_26e82856c0dc,asset,ast_26e82856c0dc,A112466011,A112466011 | 경상북도 의성군 장춘리 산88 외2필지 | verified,asset_master,ast_26e82856c0dc,1.0,confirmed,"{""cleanup_action"": null, ""source_canonical_name"": ""솔라팜1호""}"
asset:ast_2739f0f0f8b8,asset,ast_2739f0f0f8b8,A190017001,A190017001 | 경기도하남시풍산동590-4번지 | verified,asset_master,ast_2739f0f0f8b8,1.0,confirmed,"{""cleanup_action"": null, ""source_canonical_name"": ""하남시풍산동9MW 데이터센터""}"
asset:ast_2756cfcf8361,asset,ast_2756cfcf8361,A300010001,A300010001 | verified,asset_master,ast_2756cfcf8361,1.0,confirmed,"{""cleanup_action"": null, ""source_canonical_name"": ""글로벌 리츠, 해외 주식""}"
asset:ast_2769c1d0b916,asset,ast_2769c1d0b916,A112154001,A112154001 | 세종특별시 나성동 2421-8501 | verified,asset_master,ast_2769c1d0b916,1.0,confirmed,"{""cleanup_action"": null, ""source_canonical_name"": ""세종시 어반아트리움""}"
asset:ast_27e81b9a9e70,asset,ast_27e81b9a9e70,A200018001,A200018001 | verified,asset_master,ast_27e81b9a9e70,1.0,confirmed,"{""cleanup_action"": null, ""source_canonical_name"": ""Golub Capital Partners International 11, L.P.""}"
asset:ast_282ed30bb789,asset,ast_282ed30bb789,A112018002,A112018002 | 경상남도 진주시 상대동 181-1 | auto_created,asset_master,ast_282ed30bb789,1.0,confirmed,"{""cleanup_action"": null, ""source_canonical_name"": ""홈플러스진주점 (투자)""}"
asset:ast_287fe9589946,asset,ast_287fe9589946,A112523001,"A112523001 | 900 Wilshire Boulevard, Los Angeles, California | verified",asset_master,ast_287fe9589946,1.0,confirmed,"{""cleanup_action"": null, ""source_canonical_name"": ""LA Wilshire Grand Center Senior Loan""}"
asset:ast_28817669f116,asset,ast_28817669f116,A112285001,A112285001 | 용인 기흥구 고매동 271번지 일원(총 14개 필지) | verified,asset_master,ast_28817669f116,1.0,confirmed,"{""cleanup_action"": null, ""source_canonical_name"": ""용인기흥 파워센(개발)""}"
asset:ast_288840e4c692,asset,ast_288840e4c692,A112099001,A112099001 | 경기도 하남시 망월동 1079 | auto_created,asset_master,ast_288840e4c692,1.0,confirmed,"{""cleanup_action"": null, ""source_canonical_name"": ""하남미사우성르보아파크""}"
asset:ast_288a4f9c263b,asset,ast_288a4f9c263b,ast_288a4f9c263b,전라북도 전주시 완산구 중노송동 495-6 | auto_created,asset_master,ast_288a4f9c263b,1.0,confirmed,"{""cleanup_action"": null, ""source_canonical_name"": ""홈플러스 전주완산점""}"
asset:ast_28ca5c846449,asset,ast_28ca5c846449,A112056001,A112056001 | 경상북도 포항시 남구 지곡동 481-1 | verified,asset_master,ast_28ca5c846449,1.0,confirmed,"{""cleanup_action"": null, ""source_canonical_name"": ""롯데마트(포항)""}"
asset:ast_28f8c726fc8f,asset,ast_28f8c726fc8f,A300016001,A300016001 | verified,asset_master,ast_28f8c726fc8f,1.0,confirmed,"{""cleanup_action"": null, ""source_canonical_name"": ""상장 리츠 메자닌, 국내 상장 리츠, 이벤트 드리븐""}"
asset:ast_28fa6c0336df,asset,ast_28fa6c0336df,A200010001,A200010001 | verified,asset_master,ast_28fa6c0336df,1.0,confirmed,"{""cleanup_action"": null, ""source_canonical_name"": ""Blackstone Real Estate Debt Strategies V""}"
asset:ast_2901ee96b420,asset,ast_2901ee96b420,A112296001,A112296001 | 경기도 수원시 영통구 원천동 593번지 일원 | verified,asset_master,ast_2901ee96b420,1.0,confirmed,"{""cleanup_action"": null, ""source_canonical_name"": ""광교 아이파크 주상복합 내 판매시설 선순위 담보 대출채권""}"
asset:ast_29346a8cb5b3,asset,ast_29346a8cb5b3,ast_29346a8cb5b3,충청남도 부여군 임천면 점리 산9-1 | auto_created,asset_master,ast_29346a8cb5b3,1.0,confirmed,"{""cleanup_action"": null, ""source_canonical_name"": ""나눔과사랑""}"
asset:ast_2973f4cd4890,asset,ast_2973f4cd4890,A112504001,A112504001 | 경상북도 성주군 초천면 고산리 산61 | verified,asset_master,ast_2973f4cd4890,1.0,confirmed,"{""cleanup_action"": null, ""source_canonical_name"": ""참빛솔라 태양광발전소""}"
asset:ast_29998629e2b9,asset,ast_29998629e2b9,A112356001,"A112356001 | Theodor Althoff Straße 2, 45133 Essen, Germany | verified",asset_master,ast_29998629e2b9,1.0,confirmed,"{""cleanup_action"": null, ""source_canonical_name"": ""Essen TA2 Mezzanine Loan""}"
asset:ast_29d7a94f5571,asset,ast_29d7a94f5571,A300073001,A300073001 | verified,asset_master,ast_29d7a94f5571,1.0,confirmed,"{""cleanup_action"": null, ""source_canonical_name"": ""채권, 레포, 공모주""}"
asset:ast_2aa8ef574b46,asset,ast_2aa8ef574b46,A112347003,A112347003 | 네덜란드 | verified,asset_master,ast_2aa8ef574b46,1.0,confirmed,"{""cleanup_action"": null, ""source_canonical_name"": ""Kuhn Portfolio""}"
asset:ast_2ab8e79a6c7d,asset,ast_2ab8e79a6c7d,A112611001,A112611001 | 서울특별시 종로구 효제동 24-3 외 26필지 | verified,asset_master,ast_2ab8e79a6c7d,1.0,confirmed,"{""cleanup_action"": null, ""source_canonical_name"": ""효제동 오피스텔 사업부지""}"
asset:ast_2abc73265d3d,asset,ast_2abc73265d3d,A300006001,A300006001 | verified,asset_master,ast_2abc73265d3d,1.0,confirmed,"{""cleanup_action"": null, ""source_canonical_name"": ""BBB+이하 채권, 공모주, 스팩, 이벤트 드리븐""}"
asset:ast_2ae45eda2604,asset,ast_2ae45eda2604,A112125001,A112125001 | verified,asset_master,ast_2ae45eda2604,1.0,confirmed,"{""cleanup_action"": null, ""source_canonical_name"": ""Prologis Targeted European Logistics Fund""}"
asset:ast_2afd5e4b541f,asset,ast_2afd5e4b541f,AP00024001,AP00024001 | 경기도 안산시 단원구 고잔동 542-1 외 1필지 | verified,asset_master,ast_2afd5e4b541f,1.0,confirmed,"{""cleanup_action"": null, ""source_canonical_name"": ""안산시 고잔동 오피스텔 및 근린생활시설""}"
asset:ast_2b86e2fb0350,asset,ast_2b86e2fb0350,A112050001,A112050001 | verified,asset_master,ast_2b86e2fb0350,1.0,confirmed,"{""cleanup_action"": null, ""source_canonical_name"": ""Prologis Targeted European Logistics Fund""}"
asset:ast_2b8d6d15574a,asset,ast_2b8d6d15574a,A112104001,A112104001 | 서울특별시 중구 서소문동 111 | verified,asset_master,ast_2b8d6d15574a,1.0,confirmed,"{""cleanup_action"": null, ""source_canonical_name"": ""태평로빌딩""}"
asset:ast_2bf40e9e1da4,asset,ast_2bf40e9e1da4,A200006004,A200006004 | verified,asset_master,ast_2bf40e9e1da4,1.0,confirmed,"{""cleanup_action"": null, ""source_canonical_name"": ""PSD III""}"
asset:ast_2c327419d5d5,asset,ast_2c327419d5d5,A112543001,A112543001 | verified,asset_master,ast_2c327419d5d5,1.0,confirmed,"{""cleanup_action"": null, ""source_canonical_name"": ""글로벌 리츠""}"
asset:ast_2c3a67886c92,asset,ast_2c3a67886c92,A112054003,A112054003 | 인천시 중구 항동7가 76-2 | verified,asset_master,ast_2c3a67886c92,1.0,confirmed,"{""cleanup_action"": null, ""source_canonical_name"": ""롯데팩토리아울렛(인천)""}"
asset:ast_2c7e83c527e8,asset,ast_2c7e83c527e8,A120008001,A120008001 | verified,asset_master,ast_2c7e83c527e8,1.0,confirmed,"{""cleanup_action"": null, ""source_canonical_name"": ""용산더프라임""}"
asset:ast_2c946ed0b0fa,asset,ast_2c946ed0b0fa,AP00037001,AP00037001 | 서울특별시 중구 퇴계로 10 | verified,asset_master,ast_2c946ed0b0fa,1.0,confirmed,"{""cleanup_action"": null, ""source_canonical_name"": ""메트로타워""}"
asset:ast_2ca6ba796227,asset,ast_2ca6ba796227,A112157001,A112157001 | verified,asset_master,ast_2ca6ba796227,1.0,confirmed,"{""cleanup_action"": null, ""source_canonical_name"": ""154호 수익증권(재간접)""}"
asset:ast_2d6772e4d2c7,asset,ast_2d6772e4d2c7,A112034001,A112034001 | 제주특별자치도 제주시 연동 274-16 외 2필지 | verified,asset_master,ast_2d6772e4d2c7,1.0,confirmed,"{""cleanup_action"": null, ""source_canonical_name"": ""신라스테이제주""}"
asset:ast_2d9d0a468e18,asset,ast_2d9d0a468e18,A120045001,A120045001 | verified,asset_master,ast_2d9d0a468e18,1.0,confirmed,"{""cleanup_action"": null, ""source_canonical_name"": ""한림그린에너지 주식 및 대여금""}"
asset:ast_2dabc46c306b,asset,ast_2dabc46c306b,A112049001,"A112049001 | 754 PeachtreeStreet, Fulton County, GA 30308, Atlanta | verified",asset_master,ast_2dabc46c306b,1.0,confirmed,"{""cleanup_action"": null, ""source_canonical_name"": ""Atlanta Office Midtown I""}"
asset:ast_2e084a75011d,asset,ast_2e084a75011d,A112662001,A112662001 | verified,asset_master,ast_2e084a75011d,1.0,confirmed,"{""cleanup_action"": null, ""source_canonical_name"": ""TPG Real Estate Partners IV""}"
asset:ast_2e5bd324e0df,asset,ast_2e5bd324e0df,AP00018001,"AP00018001 | 마곡동 769,769-1 | verified",asset_master,ast_2e5bd324e0df,1.0,confirmed,"{""cleanup_action"": null, ""source_canonical_name"": ""마곡CP4 복합시설 개발""}"
asset:ast_2e88e9b329e3,asset,ast_2e88e9b329e3,AR00008005,AR00008005 | 경기도 성남시 수정구 대왕판교로 815 | verified,asset_master,ast_2e88e9b329e3,1.0,confirmed,"{""cleanup_action"": null, ""source_canonical_name"": ""이지스200호(디어스 판교)""}"
asset:ast_2ee9ca3d2082,asset,ast_2ee9ca3d2082,A112756001,A112756001 | verified,asset_master,ast_2ee9ca3d2082,1.0,confirmed,"{""cleanup_action"": null, ""source_canonical_name"": ""해외 주식, 채권, ETF""}"
asset:ast_2f6ea0226f48,asset,ast_2f6ea0226f48,A112093002,"A112093002 | Rue Brederode 13, 1000 Bruxelles, Belgium | verified",asset_master,ast_2f6ea0226f48,1.0,confirmed,"{""cleanup_action"": null, ""source_canonical_name"": ""Brussels Office Brederode""}"
asset:ast_2f76d32aed7a,asset,ast_2f76d32aed7a,A300079001,A300079001 | verified,asset_master,ast_2f76d32aed7a,1.0,confirmed,"{""cleanup_action"": null, ""source_canonical_name"": ""메자닌, 이벤트 드리븐, 공모주, 스팩""}"
asset:ast_2fd5f7d4daa1,asset,ast_2fd5f7d4daa1,A120085001,A120085001 | 경상북도 경산시 진량읍 문천리 903번지 (경산4일반산업단지내지원시설부지) | verified,asset_master,ast_2fd5f7d4daa1,1.0,confirmed,"{""cleanup_action"": null, ""source_canonical_name"": ""경산 쿠팡물류센터""}"
asset:ast_2fd6370e9280,asset,ast_2fd6370e9280,A120074001,A120074001 | 서울용산구 청파로125 (한강로2가15-2) 일원 | verified,asset_master,ast_2fd6370e9280,1.0,confirmed,"{""cleanup_action"": null, ""source_canonical_name"": ""용산라이프PFV(보통주)""}"
asset:ast_2fec603a4a04,asset,ast_2fec603a4a04,A200001001,A200001001 | verified,asset_master,ast_2fec603a4a04,1.0,confirmed,"{""cleanup_action"": null, ""source_canonical_name"": ""Hines European Property Partners""}"
asset:ast_30057bd3458e,asset,ast_30057bd3458e,A200030003,A200030003 | 서울특별시 영등포구 국제금융로 2길 32 | verified,asset_master,ast_30057bd3458e,1.0,confirmed,"{""cleanup_action"": null, ""source_canonical_name"": ""여의도 파이낸스타워""}"
asset:ast_30141631f2e1,asset,ast_30141631f2e1,AR00007001,AR00007001 | 경기도 여주시 점봉동 204-3 | verified,asset_master,ast_30141631f2e1,1.0,confirmed,"{""cleanup_action"": null, ""source_canonical_name"": ""여주쿠팡물류센터""}"
asset:ast_302a423013bf,asset,ast_302a423013bf,A112223019,A112223019 | 5059 Hopyard Road | verified,asset_master,ast_302a423013bf,1.0,confirmed,"{""cleanup_action"": null, ""source_canonical_name"": ""Courtyard Pleasanton""}"
asset:ast_3048a53624b2,asset,ast_3048a53624b2,A112132001,A112132001 | 전라북도 전주시 완산구 효자동1가 431-5 외 14필지 | verified,asset_master,ast_3048a53624b2,1.0,confirmed,"{""cleanup_action"": null, ""source_canonical_name"": ""홈플러스전주효자점""}"
asset:ast_307e1f83e0d2,asset,ast_307e1f83e0d2,A112135001,A112135001 | verified,asset_master,ast_307e1f83e0d2,1.0,confirmed,"{""cleanup_action"": null, ""source_canonical_name"": ""Canyon Distressed Opportunity Fund II""}"
asset:ast_30821b7cbbab,asset,ast_30821b7cbbab,ast_30821b7cbbab,충청남도 공주시 이인면 오룡리 산2-32 | auto_created,asset_master,ast_30821b7cbbab,1.0,confirmed,"{""cleanup_action"": null, ""source_canonical_name"": ""이인메가태양광""}"
asset:ast_30937d64ae67,asset,ast_30937d64ae67,A112124001,A112124001 | verified,asset_master,ast_30937d64ae67,1.0,confirmed,"{""cleanup_action"": null, ""source_canonical_name"": ""부실채권을 기초자산으로 하는 SPC 사채""}"
asset:ast_30a89c098710,asset,ast_30a89c098710,A112055001,A112055001 | 서울특별시 영등포구 여의도동 여의도동 25 | verified,asset_master,ast_30a89c098710,1.0,confirmed,"{""cleanup_action"": null, ""source_canonical_name"": ""씨티플라자""}"
asset:ast_30c376cd6730,asset,ast_30c376cd6730,A112532001,A112532001 | 사동 1422-15 | auto_created,asset_master,ast_30c376cd6730,1.0,confirmed,"{""cleanup_action"": null, ""source_canonical_name"": ""이지스312호 수익증권""}"
asset:ast_30ea47766ea3,asset,ast_30ea47766ea3,A112466008,A112466008 | 충청북도 괴산군 감물면 구월리 산31-3 | verified,asset_master,ast_30ea47766ea3,1.0,confirmed,"{""cleanup_action"": null, ""source_canonical_name"": ""엠아이에너지태양광발전소""}"
asset:ast_30efc1e2c218,asset,ast_30efc1e2c218,A120076001,A120076001 | verified,asset_master,ast_30efc1e2c218,1.0,confirmed,"{""cleanup_action"": null, ""source_canonical_name"": ""이지스경산물류제1호일반사모부동산투자회사의 1종 종류주식""}"
asset:ast_31591298f257,asset,ast_31591298f257,A120119001,A120119001 | 경기도 안성시 원곡면 산하리500번지 외 168필지 | verified,asset_master,ast_31591298f257,1.0,confirmed,"{""cleanup_action"": null, ""source_canonical_name"": ""안성산하3지구물류센터개발사업""}"
asset:ast_3165eca06342,asset,ast_3165eca06342,A112504026,"A112504026 | 강원도 삼척시 하장면 장전리 138, 139 | verified",asset_master,ast_3165eca06342,1.0,confirmed,"{""cleanup_action"": null, ""source_canonical_name"": ""해담은삼척1호""}"
asset:ast_31a8b3ea9c30,asset,ast_31a8b3ea9c30,A112524001,A112524001 | 논현동 105-7 | auto_created,asset_master,ast_31a8b3ea9c30,1.0,confirmed,"{""cleanup_action"": null, ""source_canonical_name"": ""두산빌딩""}"
asset:ast_31b606a68614,asset,ast_31b606a68614,AR00010001,"AR00010001 | 1255 Granville Payne Ave, Brooklyn, NY | verified",asset_master,ast_31b606a68614,1.0,confirmed,"{""cleanup_action"": null, ""source_canonical_name"": ""Spring Creek Towers""}"
asset:ast_31d5292aa061,asset,ast_31d5292aa061,A112116001,"A112116001 | Two Riverfront Plaza, Newark, NJ 07102 | verified",asset_master,ast_31d5292aa061,1.0,confirmed,"{""cleanup_action"": null, ""source_canonical_name"": ""Newark Two Riverfront Plaza Senior B-Note Loan (Panasonic)""}"
asset:ast_31da440b4288,asset,ast_31da440b4288,A112365001,A112365001 | 서울시 종로구 대명길28 | verified,asset_master,ast_31da440b4288,1.0,confirmed,"{""cleanup_action"": null, ""source_canonical_name"": ""CGV대학로""}"
asset:ast_3201a934e6fd,asset,ast_3201a934e6fd,A112774001,A112774001 | verified,asset_master,ast_3201a934e6fd,1.0,confirmed,"{""cleanup_action"": null, ""source_canonical_name"": ""수익/지분증권""}"
asset:ast_327f60afc82b,asset,ast_327f60afc82b,A112230001,"A112230001 | 1-1,Gonoe,Ogawamachi,Uki-shi,Kumamoto-ken, Japan | verified",asset_master,ast_327f60afc82b,1.0,confirmed,"{""cleanup_action"": null, ""source_canonical_name"": ""Uki Retail AEON Mall""}"
asset:ast_3294b7419653,asset,ast_3294b7419653,AP00002001,AP00002001 | 부산광역시 기장군 기장읍 일원 (동부산관광단지내) | verified,asset_master,ast_3294b7419653,1.0,confirmed,"{""cleanup_action"": null, ""source_canonical_name"": ""동부산 테마파크 개발사업""}"
asset:ast_329735309847,asset,ast_329735309847,A112362001,A112362001 | 일본 도쿄도 23구 내 | verified,asset_master,ast_329735309847,1.0,confirmed,"{""cleanup_action"": null, ""source_canonical_name"": ""Tokyo District 23 Residential Portfolio""}"
asset:ast_32afdcee5368,asset,ast_32afdcee5368,A112487001,A112487001 | verified,asset_master,ast_32afdcee5368,1.0,confirmed,"{""cleanup_action"": null, ""source_canonical_name"": ""부산 메디컬빌딩""}"
asset:ast_32b8e4125074,asset,ast_32b8e4125074,A112687001,A112687001 | 울산광역시 남구 신항로716번길 1(황성동) | verified,asset_master,ast_32b8e4125074,1.0,confirmed,"{""cleanup_action"": null, ""source_canonical_name"": ""㈜동방 보유 유엔씨티㈜ 대출채권 매입""}"
asset:ast_334dab757ff6,asset,ast_334dab757ff6,A112617001,A112617001 | verified,asset_master,ast_334dab757ff6,1.0,confirmed,"{""cleanup_action"": null, ""source_canonical_name"": ""Unico Core Plus Partners""}"
asset:ast_3363b64de849,asset,ast_3363b64de849,A112409001,A112409001 | verified,asset_master,ast_3363b64de849,1.0,confirmed,"{""cleanup_action"": null, ""source_canonical_name"": ""JP Morgan AMH HB Venture""}"
asset:ast_3378eefd074e,asset,ast_3378eefd074e,A112778001,A112778001 | 대전광역시 서구 둔산동 1413 | verified,asset_master,ast_3378eefd074e,1.0,confirmed,"{""cleanup_action"": null, ""source_canonical_name"": ""대전 둔산파이낸스빌딩""}"
asset:ast_3394bcf0a0cd,asset,ast_3394bcf0a0cd,A112252002,A112252002 | 부산시 사상구 괘법동 564-8번지 | verified,asset_master,ast_3394bcf0a0cd,1.0,confirmed,"{""cleanup_action"": null, ""source_canonical_name"": ""부산시 사상구 괘법동 오피스텔, 도시형생활주택 및 근린생활시설 신축사업""}"
asset:ast_33b7088ae1e9,asset,ast_33b7088ae1e9,A112235001,A112235001 | 인천광역시 중구 운북동 1328-1 | verified,asset_master,ast_33b7088ae1e9,1.0,confirmed,"{""cleanup_action"": null, ""source_canonical_name"": ""아레나스영종""}"
asset:ast_33e54322817d,asset,ast_33e54322817d,A112095001,"A112095001 | 85 10th Avenue, New York,NY, USA (NY10001) | verified",asset_master,ast_33e54322817d,1.0,confirmed,"{""cleanup_action"": null, ""source_canonical_name"": ""New York Office 85 Tenth Avenue Senior Loan""}"
asset:ast_344729614f8e,asset,ast_344729614f8e,A300085001,A300085001 | verified,asset_master,ast_344729614f8e,1.0,confirmed,"{""cleanup_action"": null, ""source_canonical_name"": ""국내 채권형 ETF""}"
asset:ast_349f44ccfd1f,asset,ast_349f44ccfd1f,A112527002,A112527002 | 경기도 이천시 대월면 도리리 3-2 | auto_created,asset_master,ast_349f44ccfd1f,1.0,confirmed,"{""cleanup_action"": null, ""source_canonical_name"": ""이지스전문투자형사모부동산투자신탁제404호""}"
asset:ast_34abd4a0e354,asset,ast_34abd4a0e354,A300085001,A300085001 | verified,asset_master,ast_34abd4a0e354,1.0,confirmed,"{""cleanup_action"": null, ""source_canonical_name"": ""국내 채권형 ETF""}"
asset:ast_34e35d0dff33,asset,ast_34e35d0dff33,A19000201,A19000201 | 경기도 성남시 분당구 야탑동 403 | auto_created,asset_master,ast_34e35d0dff33,1.0,confirmed,"{""cleanup_action"": null, ""source_canonical_name"": ""분당야탑물류센터""}"
asset:ast_34f6c712284a,asset,ast_34f6c712284a,A200041001,A200041001 | verified,asset_master,ast_34f6c712284a,1.0,confirmed,"{""cleanup_action"": null, ""source_canonical_name"": ""Helios Sidecar II L.P.의 수익증권""}"
asset:ast_357127c88355,asset,ast_357127c88355,A112584033,A112584033 | 진량읍 신상리 1186-7 | auto_created,asset_master,ast_357127c88355,1.0,confirmed,"{""cleanup_action"": null, ""source_canonical_name"": ""이지스일반사모투자신탁435호(태양광)""}"
asset:ast_3575c5ffffe0,asset,ast_3575c5ffffe0,A112073001,"A112073001 | 2323 Ross Avenue, Dallas, Texas 75201 | verified",asset_master,ast_3575c5ffffe0,1.0,confirmed,"{""cleanup_action"": null, ""source_canonical_name"": ""Dallas KPMG Plaza Senior Loan""}"
asset:ast_35c0d3505765,asset,ast_35c0d3505765,A112527001,A112527001 | 경기도 이천시 호법면 매곡리 977-5외 6필지 | verified,asset_master,ast_35c0d3505765,1.0,confirmed,"{""cleanup_action"": null, ""source_canonical_name"": ""동산물류센터""}"
asset:ast_35ecf256fe62,asset,ast_35ecf256fe62,AP00015001,AP00015001 | 인천광역시 서구 청라동 6-7 | verified,asset_master,ast_35ecf256fe62,1.0,confirmed,"{""cleanup_action"": null, ""source_canonical_name"": ""청라동 오피스텔 분양사업""}"
asset:ast_35fef6fb5746,asset,ast_35fef6fb5746,ast_35fef6fb5746,needs_review,asset_master,ast_35fef6fb5746,1.0,confirmed,"{""cleanup_action"": null, ""source_canonical_name"": ""상장리츠 | 공모주 | AA+ 회사채""}"
asset:ast_3604f654fa0f,asset,ast_3604f654fa0f,A112362005,A112362005 | 일본 도쿄도 23구 내 | verified,asset_master,ast_3604f654fa0f,1.0,confirmed,"{""cleanup_action"": null, ""source_canonical_name"": ""PASEO 사사즈카""}"
asset:ast_3610ec7fb906,asset,ast_3610ec7fb906,A112018003,A112018003 | 경상북도 포항시 북구 죽도동 50-1 | verified,asset_master,ast_3610ec7fb906,1.0,confirmed,"{""cleanup_action"": null, ""source_canonical_name"": ""홈플러스죽도점""}"
asset:ast_36148ade77b4,asset,ast_36148ade77b4,A112223012,A112223012 | 6015 Park Avenue | verified,asset_master,ast_36148ade77b4,1.0,confirmed,"{""cleanup_action"": null, ""source_canonical_name"": ""Courtyard Memphis East/Park Avenue""}"
asset:ast_3659980079c3,asset,ast_3659980079c3,A200006003,A200006003 | verified,asset_master,ast_3659980079c3,1.0,confirmed,"{""cleanup_action"": null, ""source_canonical_name"": ""PGSF VII""}"
asset:ast_3660f9bb2ed5,asset,ast_3660f9bb2ed5,A112214001,A112214001 | verified,asset_master,ast_3660f9bb2ed5,1.0,confirmed,"{""cleanup_action"": null, ""source_canonical_name"": ""디어스판교""}"
asset:ast_366f9df25803,asset,ast_366f9df25803,A112081003,A112081003 | 경기도 고양시 일산동구 마두동 797 | verified,asset_master,ast_366f9df25803,1.0,confirmed,"{""cleanup_action"": null, ""source_canonical_name"": ""뉴코아아울렛(일산)""}"
asset:ast_36740c106490,asset,ast_36740c106490,A112161001,A112161001 | 서울특별시 용산구 한남동 680-1 | verified,asset_master,ast_36740c106490,1.0,confirmed,"{""cleanup_action"": null, ""source_canonical_name"": ""한남동 외국인아파트부지 신축 PF대출""}"
asset:ast_37199617fe59,asset,ast_37199617fe59,A112611003,A112611003 | 울산광역시 울주군 삼남읍 교동리 1682-1번지 | verified,asset_master,ast_37199617fe59,1.0,confirmed,"{""cleanup_action"": null, ""source_canonical_name"": ""울산KTX역 오피스텔 사업부지""}"
asset:ast_373f87c6b8d9,asset,ast_373f87c6b8d9,A112496001,"A112496001 | 25 Strategy Drive, Fredericksburg, Stafford, VA | verified",asset_master,ast_373f87c6b8d9,1.0,confirmed,"{""cleanup_action"": null, ""source_canonical_name"": ""Virginia Amazon Warehouse""}"
asset:ast_3770bb0a2344,asset,ast_3770bb0a2344,A200009001,A200009001 | verified,asset_master,ast_3770bb0a2344,1.0,confirmed,"{""cleanup_action"": null, ""source_canonical_name"": ""Bridge Debt Strategies V Green Bridge LP""}"
asset:ast_3790cde01d6c,asset,ast_3790cde01d6c,A300050001,A300050001 | verified,asset_master,ast_3790cde01d6c,1.0,confirmed,"{""cleanup_action"": null, ""source_canonical_name"": ""BBB+ 이하 채권, 공모주, 스팩, ETF, 이벤트 드리븐, 레포""}"
asset:ast_37a066e39a75,asset,ast_37a066e39a75,A112223020,A112223020 | 10683 White Rock Road | verified,asset_master,ast_37a066e39a75,1.0,confirmed,"{""cleanup_action"": null, ""source_canonical_name"": ""Courtyard Sacramento Rancho Cordova""}"
asset:ast_37df20b9e30d,asset,ast_37df20b9e30d,A190005001,A190005001 | 서울시 금천구 가산동 319-18 | verified,asset_master,ast_37df20b9e30d,1.0,confirmed,"{""cleanup_action"": null, ""source_canonical_name"": ""가산 임대형기숙사개발사업""}"
asset:ast_381df0a46484,asset,ast_381df0a46484,A200002001,A200002001 | verified,asset_master,ast_381df0a46484,1.0,confirmed,"{""cleanup_action"": null, ""source_canonical_name"": ""Hines European Property Partners""}"
asset:ast_38527bcff111,asset,ast_38527bcff111,A120037001,A120037001 | verified,asset_master,ast_38527bcff111,1.0,confirmed,"{""cleanup_action"": null, ""source_canonical_name"": ""성수동2가 268-2 업무시설 개발사업 브릿지대출""}"
asset:ast_386a43afd1af,asset,ast_386a43afd1af,A112616001,"A112616001 | 서울시 서초구 서초동 1454-1, 2 | verified",asset_master,ast_386a43afd1af,1.0,confirmed,"{""cleanup_action"": null, ""source_canonical_name"": ""서초동 오피스텔 개발 사업""}"
asset:ast_391dd76fd3b8,asset,ast_391dd76fd3b8,A112617001,A112617001 | verified,asset_master,ast_391dd76fd3b8,1.0,confirmed,"{""cleanup_action"": null, ""source_canonical_name"": ""Unico Core Plus Partners""}"
asset:ast_397055de0844,asset,ast_397055de0844,ast_397055de0844,충청남도 부여군 장암면 지토리 산26 | auto_created,asset_master,ast_397055de0844,1.0,confirmed,"{""cleanup_action"": null, ""source_canonical_name"": ""적화솔라""}"
asset:ast_3970a929aade,asset,ast_3970a929aade,A200016001,A200016001 | verified,asset_master,ast_3970a929aade,1.0,confirmed,"{""cleanup_action"": null, ""source_canonical_name"": ""ARDIAN Infrastructure Fund VI S.C.S., SICAV-RAIF""}"
asset:ast_39ccf4397829,asset,ast_39ccf4397829,A112036001,"A112036001 | 54/56 Rue la Boetie, Paris, France | verified",asset_master,ast_39ccf4397829,1.0,confirmed,"{""cleanup_action"": null, ""source_canonical_name"": ""Sanofi 본사(파리) 대출""}"
asset:ast_39df6f35071a,asset,ast_39df6f35071a,A112048001,A112048001 | 부산광역시 해운대구 우동 629-6 | auto_created,asset_master,ast_39df6f35071a,1.0,confirmed,"{""cleanup_action"": null, ""source_canonical_name"": ""신라스테이해운대""}"
asset:ast_3a33a41d444e,asset,ast_3a33a41d444e,A112387001,A112387001 | 충청북도 청주시 서원구 수곡동 산 22 | auto_created,asset_master,ast_3a33a41d444e,1.0,confirmed,"{""cleanup_action"": null, ""source_canonical_name"": ""충북 청주시 서원구 잠두봉근린공원 공동주택 개발사업 PF""}"
asset:ast_3a760d38807f,asset,ast_3a760d38807f,A112740001,A112740001 | verified,asset_master,ast_3a760d38807f,1.0,confirmed,"{""cleanup_action"": null, ""source_canonical_name"": ""AA- 이상 채권, 국내 상장 리츠, 공모주, 스팩""}"
asset:ast_3ac68d303b60,asset,ast_3ac68d303b60,A112194002,A112194002 | 제주특별자치도 제주시 연동 261-23 | auto_created,asset_master,ast_3ac68d303b60,1.0,confirmed,"{""cleanup_action"": null, ""source_canonical_name"": ""이지스부동산투자신탁187호""}"
asset:ast_3ad28593fd5f,asset,ast_3ad28593fd5f,A112648001,A112648001 | verified,asset_master,ast_3ad28593fd5f,1.0,confirmed,"{""cleanup_action"": null, ""source_canonical_name"": ""Brookfield UK Gas Distribution Sidecar (SGN)""}"
asset:ast_3aee5443a745,asset,ast_3aee5443a745,A112127001,A112127001 | 경기도 용인시 처인구 양지면 양지리 914 | verified,asset_master,ast_3aee5443a745,1.0,confirmed,"{""cleanup_action"": null, ""source_canonical_name"": ""아레나스양지물류센터""}"
asset:ast_3b3b6275cb37,asset,ast_3b3b6275cb37,A112700001,A112700001 | 여의대로70 | verified,asset_master,ast_3b3b6275cb37,1.0,confirmed,"{""cleanup_action"": null, ""source_canonical_name"": ""여의도 신한금융투자타워""}"
asset:ast_3b3e44da06d7,asset,ast_3b3e44da06d7,A112276001,A112276001 | 서울시 중구 을지로4가 261-4외 | verified,asset_master,ast_3b3e44da06d7,1.0,confirmed,"{""cleanup_action"": null, ""source_canonical_name"": ""세운 6-3-1,2구역 도시환경정비사업 개발사업 중순위 PF대출채권 및 토지신탁 우선수익권을 기초자산으로 ?""}"
asset:ast_3b4b047a6381,asset,ast_3b4b047a6381,A112242001,"A112242001 | Mainzer Landstraße 16, 60325, Frankfurt | verified",asset_master,ast_3b4b047a6381,1.0,confirmed,"{""cleanup_action"": null, ""source_canonical_name"": ""Frankfurt Office Trianon""}"
asset:ast_3b7fc78aeb9e,asset,ast_3b7fc78aeb9e,A112113001,"A112113001 | 2-4-1 Shiba-Koen, Minato Ward, Tokyo | verified",asset_master,ast_3b7fc78aeb9e,1.0,confirmed,"{""cleanup_action"": null, ""source_canonical_name"": ""Shiba Park Building""}"
asset:ast_3c022176b9c4,asset,ast_3c022176b9c4,AP00017001,AP00017001 | 충남 천안시 서북구 성성동 366-3번지 일원 | verified,asset_master,ast_3c022176b9c4,1.0,confirmed,"{""cleanup_action"": null, ""source_canonical_name"": ""천안성성7지구공동주택""}"
asset:ast_3c18a81268d7,asset,ast_3c18a81268d7,A112223017,A112223017 | 3002 S. Harbor Boulevard | verified,asset_master,ast_3c18a81268d7,1.0,confirmed,"{""cleanup_action"": null, ""source_canonical_name"": ""Courtyard Costa Mesa South Coast""}"
asset:ast_3c2f16286fc7,asset,ast_3c2f16286fc7,A112466029,"A112466029 | 강원도 삼척시 도계읍 전두리 166,167 | verified",asset_master,ast_3c2f16286fc7,1.0,confirmed,"{""cleanup_action"": null, ""source_canonical_name"": ""호니파워""}"
asset:ast_3c45f673637a,asset,ast_3c45f673637a,A112495002,A112495002 | verified,asset_master,ast_3c45f673637a,1.0,confirmed,"{""cleanup_action"": null, ""source_canonical_name"": ""글로벌 리츠""}"
asset:ast_3c6660ce41f1,asset,ast_3c6660ce41f1,A112008003,A112008003 | 부산광역시 해운대구 우동 1499 | verified,asset_master,ast_3c6660ce41f1,1.0,confirmed,"{""cleanup_action"": null, ""source_canonical_name"": ""홈플러스센텀시티점""}"
asset:ast_3c691076eae5,asset,ast_3c691076eae5,A300051001,A300051001 | verified,asset_master,ast_3c691076eae5,1.0,confirmed,"{""cleanup_action"": null, ""source_canonical_name"": ""미국상장BDC, 공모주 집합투자증권, ETF, 채권, 국내 MMF""}"
asset:ast_3d2e2d559411,asset,ast_3d2e2d559411,A112493001,A112493001 | 서울특별시 중구 을지로 6가 18-12 외 1필지 | verified,asset_master,ast_3d2e2d559411,1.0,confirmed,"{""cleanup_action"": null, ""source_canonical_name"": ""두산타워(재간접)""}"
asset:ast_3d612b21dda3,asset,ast_3d612b21dda3,A120045006,A120045006 | verified,asset_master,ast_3d612b21dda3,1.0,confirmed,"{""cleanup_action"": null, ""source_canonical_name"": ""와이에이치파워2 주식""}"
asset:ast_3e4a7ba7841a,asset,ast_3e4a7ba7841a,A112038001,A112038001 | 서울특별시 강남구 대치동 948 | verified,asset_master,ast_3e4a7ba7841a,1.0,confirmed,"{""cleanup_action"": null, ""source_canonical_name"": ""오토웨이타워""}"
asset:ast_3e58fbce109d,asset,ast_3e58fbce109d,A112138001,A112138001 | verified,asset_master,ast_3e58fbce109d,1.0,confirmed,"{""cleanup_action"": null, ""source_canonical_name"": ""J.P. Morgan Asia-Pacific Property Fund""}"
asset:ast_3e6ab9503501,asset,ast_3e6ab9503501,A112524001,A112524001 | 서울시 강남구 언주로 726(논현동) | verified,asset_master,ast_3e6ab9503501,1.0,confirmed,"{""cleanup_action"": null, ""source_canonical_name"": ""두산빌딩""}"
asset:ast_3e8fec277620,asset,ast_3e8fec277620,A112185001,A112185001 | 서울특별시 강남구 신사동 533-3 | auto_created,asset_master,ast_3e8fec277620,1.0,confirmed,"{""cleanup_action"": null, ""source_canonical_name"": ""와이플러스빌딩 (투자)""}"
asset:ast_3ea6cef0a8e3,asset,ast_3ea6cef0a8e3,AR00008002,AR00008002 | 서울시 중구 남학동 13-2외 1필지 | verified,asset_master,ast_3ea6cef0a8e3,1.0,confirmed,"{""cleanup_action"": null, ""source_canonical_name"": ""이지스333호(디어스 명동)""}"
asset:ast_3ebb4583bf7d,asset,ast_3ebb4583bf7d,A112504022,A112504022 | 전라남도 고흥군 도화면 봉룡리 산221-1 | verified,asset_master,ast_3ebb4583bf7d,1.0,confirmed,"{""cleanup_action"": null, ""source_canonical_name"": ""미래화희망""}"
asset:ast_3f19dc443d1d,asset,ast_3f19dc443d1d,A11279501,A11279501 | auto_created,asset_master,ast_3f19dc443d1d,1.0,confirmed,"{""cleanup_action"": null, ""source_canonical_name"": ""StepStone Secondary Opportunities Fund V Offshore, L.P.""}"
asset:ast_3f3767149c5b,asset,ast_3f3767149c5b,A112606001,A112606001 | 경기도 여주시 가남읍 본두리 18-3 | auto_created,asset_master,ast_3f3767149c5b,1.0,confirmed,"{""cleanup_action"": null, ""source_canonical_name"": ""여주 본두리 물류센터 (투자)""}"
asset:ast_3f8a65592274,asset,ast_3f8a65592274,A112782001,A112782001 | verified,asset_master,ast_3f8a65592274,1.0,confirmed,"{""cleanup_action"": null, ""source_canonical_name"": ""메자닌, 공모주, 스팩, 이벤트 드리븐""}"
asset:ast_3fc53b50b636,asset,ast_3fc53b50b636,A112607001,A112607001 | verified,asset_master,ast_3fc53b50b636,1.0,confirmed,"{""cleanup_action"": null, ""source_canonical_name"": ""Brookfield Super-Core Infrastructure Partners""}"
asset:ast_3fe7501ac3ff,asset,ast_3fe7501ac3ff,A112188002,"A112188002 | 1-1-2 Ishihara, Sumida-ku, Tokyo | verified",asset_master,ast_3fe7501ac3ff,1.0,confirmed,"{""cleanup_action"": null, ""source_canonical_name"": ""Cosmo Gracia Ryogoku""}"
asset:ast_401a2a614838,asset,ast_401a2a614838,A112584019,"A112584019 | 경상남도 함안군 군북면 장지리 659, 유현리 1365 일원 | verified",asset_master,ast_401a2a614838,1.0,confirmed,"{""cleanup_action"": null, ""source_canonical_name"": ""솔빛에너지""}"
asset:ast_403ec12279a7,asset,ast_403ec12279a7,A112256001,"A112256001 | 685 Fifth Avenue, Manhattan, NY | verified",asset_master,ast_403ec12279a7,1.0,confirmed,"{""cleanup_action"": null, ""source_canonical_name"": ""New York 685 5th Avenue Mezzanine Loan""}"
asset:ast_409a7de0ff61,asset,ast_409a7de0ff61,A112347004,A112347004 | 네덜란드 | verified,asset_master,ast_409a7de0ff61,1.0,confirmed,"{""cleanup_action"": null, ""source_canonical_name"": ""Nabuurs Portfolio""}"
asset:ast_40c746673d87,asset,ast_40c746673d87,A200030002,A200030002 | 서울특별시 중구 청계천로 100 | verified,asset_master,ast_40c746673d87,1.0,confirmed,"{""cleanup_action"": null, ""source_canonical_name"": ""시그니처타워""}"
asset:ast_40cc5cccfb6c,asset,ast_40cc5cccfb6c,A112035002,"A112035002 | 1 Carrefour Alexander-Graham-Bell. Montreal, Canada | verified",asset_master,ast_40cc5cccfb6c,1.0,confirmed,"{""cleanup_action"": null, ""source_canonical_name"": ""Bell 본사(몬트리올)""}"
asset:ast_40e6cfd14713,asset,ast_40e6cfd14713,A112504020,A112504020 | 강원도 평창군 평창읍 고길리 86-1 | verified,asset_master,ast_40e6cfd14713,1.0,confirmed,"{""cleanup_action"": null, ""source_canonical_name"": ""평화와번영""}"
asset:ast_40eb7f1348f6,asset,ast_40eb7f1348f6,A112081003,A112081003 | 경기도 고양시 일산동구 마두동 797 | verified,asset_master,ast_40eb7f1348f6,1.0,confirmed,"{""cleanup_action"": null, ""source_canonical_name"": ""뉴코아아울렛(일산)""}"
asset:ast_4116c5d4131d,asset,ast_4116c5d4131d,ast_4116c5d4131d,강원특별자치도 철원군 갈말읍 동막리 산166 | auto_created,asset_master,ast_4116c5d4131d,1.0,confirmed,"{""cleanup_action"": null, ""source_canonical_name"": ""봉산햇빛""}"
asset:ast_41455c9fd7e7,asset,ast_41455c9fd7e7,AP00005001,AP00005001 | 서울시 서초구 서초동 1005-1 외 | verified,asset_master,ast_41455c9fd7e7,1.0,confirmed,"{""cleanup_action"": null, ""source_canonical_name"": ""서리풀개발사업""}"
asset:ast_419a8602469e,asset,ast_419a8602469e,A112504013,A112504013 | 경남 의령군 대의면 천곡리 산50 | verified,asset_master,ast_419a8602469e,1.0,confirmed,"{""cleanup_action"": null, ""source_canonical_name"": ""건화솔라""}"
asset:ast_42424e07828d,asset,ast_42424e07828d,ast_42424e07828d,경상북도 봉화군 봉성면 외삼리 793 | auto_created,asset_master,ast_42424e07828d,1.0,confirmed,"{""cleanup_action"": null, ""source_canonical_name"": ""외삼1호""}"
asset:ast_4273abf1dd9d,asset,ast_4273abf1dd9d,A200028001,"A200028001 | 285 Madison Avenue, New York, NY 10017 | verified",asset_master,ast_4273abf1dd9d,1.0,confirmed,"{""cleanup_action"": null, ""source_canonical_name"": ""미국 뉴욕 맨하탄 소재 오피스 자산 “285 Madison Avenue”의 선순위 담보대출""}"
asset:ast_428853fb1dec,asset,ast_428853fb1dec,A112664001,A112664001 | verified,asset_master,ast_428853fb1dec,1.0,confirmed,"{""cleanup_action"": null, ""source_canonical_name"": ""Global REITs(삼성OCIO)""}"
asset:ast_42a97e89a9a5,asset,ast_42a97e89a9a5,AP00007002,AP00007002 | 서울특별시 종로구 관훈동 155-2 외 4필지 | verified,asset_master,ast_42a97e89a9a5,1.0,confirmed,"{""cleanup_action"": null, ""source_canonical_name"": ""안녕인사동""}"
asset:ast_42cb4269408f,asset,ast_42cb4269408f,A112653001,A112653001 | verified,asset_master,ast_42cb4269408f,1.0,confirmed,"{""cleanup_action"": null, ""source_canonical_name"": ""디에스PFV 2종 종류주 및 주주대여""}"
asset:ast_42ffd5c419d7,asset,ast_42ffd5c419d7,A112539001,"A112539001 | 1388, 1400 & Kapiolani Boulevard, Honolulu, Hawaii, United States | verified",asset_master,ast_42ffd5c419d7,1.0,confirmed,"{""cleanup_action"": null, ""source_canonical_name"": ""Hawaii Sky Ala Moana Senior B-note Loan""}"
asset:ast_431f0dbd0f1f,asset,ast_431f0dbd0f1f,A112672001,A112672001 | verified,asset_master,ast_431f0dbd0f1f,1.0,confirmed,"{""cleanup_action"": null, ""source_canonical_name"": ""이지스제472호일반사모부동산투자회사의 지분증권 (재간접)""}"
asset:ast_43a233492c49,asset,ast_43a233492c49,AP00011001,AP00011001 | 강원도 강릉시 송정동 259 일원 | verified,asset_master,ast_43a233492c49,1.0,confirmed,"{""cleanup_action"": null, ""source_canonical_name"": ""신라모노그램 강릉 복합숙박시설""}"
asset:ast_4409771035d2,asset,ast_4409771035d2,A112143001,A112143001 | verified,asset_master,ast_4409771035d2,1.0,confirmed,"{""cleanup_action"": null, ""source_canonical_name"": ""Ares Landmark Real Estate Partners VIII""}"
asset:ast_445bfca846fe,asset,ast_445bfca846fe,A300028001,A300028001 | verified,asset_master,ast_445bfca846fe,1.0,confirmed,"{""cleanup_action"": null, ""source_canonical_name"": ""상장리츠 발행 채권, 국내 주식, 공모주, 스팩, ETF""}"
asset:ast_446647af6ed1,asset,ast_446647af6ed1,A112321001,"A112321001 | 서울시 중구 산림동 190-3번지 일원 (세운지구 5-1, 5-3구역) | verified",asset_master,ast_446647af6ed1,1.0,confirmed,"{""cleanup_action"": null, ""source_canonical_name"": ""세운5구역PFV""}"
asset:ast_44d286211fa7,asset,ast_44d286211fa7,ast_44d286211fa7,경상남도 합천군 대병면 성리 산117 | auto_created,asset_master,ast_44d286211fa7,1.0,confirmed,"{""cleanup_action"": null, ""source_canonical_name"": ""성리태양광발전소""}"
asset:ast_44e362fded27,asset,ast_44e362fded27,A112054003,A112054003 | 인천광역시 중구 항동7가 76-2 | auto_created,asset_master,ast_44e362fded27,1.0,confirmed,"{""cleanup_action"": null, ""source_canonical_name"": ""이지스리테일제55호사모부동산투자유한회사""}"
asset:ast_44fa365fae5f,asset,ast_44fa365fae5f,A112466015,A112466015 | 경상북도 의성군 하리면 하리 산72 | verified,asset_master,ast_44fa365fae5f,1.0,confirmed,"{""cleanup_action"": null, ""source_canonical_name"": ""맥스에너지하리태양광발전""}"
asset:ast_451fd8930022,asset,ast_451fd8930022,A200006002,A200006002 | verified,asset_master,ast_451fd8930022,1.0,confirmed,"{""cleanup_action"": null, ""source_canonical_name"": ""NMP V""}"
asset:ast_45b2d66f02a6,asset,ast_45b2d66f02a6,AR00004001,AR00004001 | 서울특별시 용산구 원효로3가 1-159외 3필지 | verified,asset_master,ast_45b2d66f02a6,1.0,confirmed,"{""cleanup_action"": null, ""source_canonical_name"": ""용산구 원효로3가 역세권 청년주택""}"
asset:ast_4635019d1baf,asset,ast_4635019d1baf,A200044001,"A200044001 | 133 Route 3, Dededo, County, Guam 96912 | verified",asset_master,ast_4635019d1baf,1.0,confirmed,"{""cleanup_action"": null, ""source_canonical_name"": ""괌 소재 종합병원(GRMC)에 대한 선순위 대출""}"
asset:ast_468704b8269a,asset,ast_468704b8269a,A20000901,A20000901 | auto_created,asset_master,ast_468704b8269a,1.0,confirmed,"{""cleanup_action"": null, ""source_canonical_name"": ""Bridge Debt Strategies V Green Bridge LP""}"
asset:ast_46a7ecc290e9,asset,ast_46a7ecc290e9,A112093001,"A112093001 | Heidenkampsweg 74-76, 20097 Hamburg, Germany | verified",asset_master,ast_46a7ecc290e9,1.0,confirmed,"{""cleanup_action"": null, ""source_canonical_name"": ""Hamburg Office Fleet II""}"
asset:ast_46fa23347ee4,asset,ast_46fa23347ee4,A112529001,A112529001 | 서울특별시 동대문구 용두동 144-31번지 일원 | verified,asset_master,ast_46fa23347ee4,1.0,confirmed,"{""cleanup_action"": null, ""source_canonical_name"": ""동대문구 용두동 오피스텔 PF대출채권""}"
asset:ast_470c38b64eb9,asset,ast_470c38b64eb9,A120023001,A120023001 | 제주시 애월읍 상가리 17-6 번지 일원 | verified,asset_master,ast_470c38b64eb9,1.0,confirmed,"{""cleanup_action"": null, ""source_canonical_name"": ""애월 복합관광단지 개발""}"
asset:ast_47369fe0367d,asset,ast_47369fe0367d,A120045003,A120045003 | verified,asset_master,ast_47369fe0367d,1.0,confirmed,"{""cleanup_action"": null, ""source_canonical_name"": ""이지스유에이치 주식 및 대여금""}"
asset:ast_473b1c633c1b,asset,ast_473b1c633c1b,AP00022001,AP00022001 | 서울특별시 종로구 효제동 21-3번지 일원 | verified,asset_master,ast_473b1c633c1b,1.0,confirmed,"{""cleanup_action"": null, ""source_canonical_name"": ""효제동 주거용 오피스텔""}"
asset:ast_475081c32f39,asset,ast_475081c32f39,A190009001,A190009001 | 서울시 서초구 양재동 202외 3 필지 | verified,asset_master,ast_475081c32f39,1.0,confirmed,"{""cleanup_action"": null, ""source_canonical_name"": ""The-K호텔서울 부지 재개발사업""}"
asset:ast_47c9c0222e55,asset,ast_47c9c0222e55,A112466003,"A112466003 | 경상북도 의성군 비안면 장춘리 산88, 산89, 산88-2 | verified",asset_master,ast_47c9c0222e55,1.0,confirmed,"{""cleanup_action"": null, ""source_canonical_name"": ""예지안빛에너지""}"
asset:ast_47cfb7af7038,asset,ast_47cfb7af7038,A112546001,A112546001 | 서울특별시 중구 퇴계로18 | verified,asset_master,ast_47cfb7af7038,1.0,confirmed,"{""cleanup_action"": null, ""source_canonical_name"": ""서울로타워""}"
asset:ast_47df51a6036d,asset,ast_47df51a6036d,A112025004,A112025004 | 대구광역시 중구 동인동2가 50-3 | verified,asset_master,ast_47df51a6036d,1.0,confirmed,"{""cleanup_action"": null, ""source_canonical_name"": ""호수빌딩""}"
asset:ast_484614a2c1b3,asset,ast_484614a2c1b3,A112803001,A112803001 | verified,asset_master,ast_484614a2c1b3,1.0,confirmed,"{""cleanup_action"": null, ""source_canonical_name"": ""ARDIAN Infrastructure Fund VI""}"
asset:ast_485346cd7578,asset,ast_485346cd7578,A112362007,A112362007 | 일본 도쿄도 23구 내 | verified,asset_master,ast_485346cd7578,1.0,confirmed,"{""cleanup_action"": null, ""source_canonical_name"": ""PASEO 시모키타자와""}"
asset:ast_493f723e41a1,asset,ast_493f723e41a1,A112314001,A112314001 | 서울시 종로구 평동 222번지 일대 | verified,asset_master,ast_493f723e41a1,1.0,confirmed,"{""cleanup_action"": null, ""source_canonical_name"": ""돈의문3구역 게이트타워""}"
asset:ast_4960a4a8e607,asset,ast_4960a4a8e607,A112236001,"A112236001 | 99 Washington Street, New York | verified",asset_master,ast_4960a4a8e607,1.0,confirmed,"{""cleanup_action"": null, ""source_canonical_name"": ""New York Manhattan Holiday Inn B-Note""}"
asset:ast_498605d11e47,asset,ast_498605d11e47,R00016001,R00016001 | 서울특별시 성동구 용답동 231 | auto_created,asset_master,ast_498605d11e47,1.0,confirmed,"{""cleanup_action"": null, ""source_canonical_name"": ""용답동 231, 231-1 공동주택 및 근린생활시설""}"
asset:ast_4993a29b4a10,asset,ast_4993a29b4a10,AP00020001,"AP00020001 | 인천광역시 서구 원당동 3203-104, 105 | verified",asset_master,ast_4993a29b4a10,1.0,confirmed,"{""cleanup_action"": null, ""source_canonical_name"": ""검단 오피스텔 개발""}"
asset:ast_49a86c456d87,asset,ast_49a86c456d87,A112584009,"A112584009 | 전라남도 진도군 지산면 와우리 137-3, 140-1 | verified",asset_master,ast_49a86c456d87,1.0,confirmed,"{""cleanup_action"": null, ""source_canonical_name"": ""케이앤씨벨에포크""}"
asset:ast_49de163142b2,asset,ast_49de163142b2,A112324002,"A112324002 | Avinguda Les Garrigue, 2 N2-N12, El Prat de Llobregat, Barcelona, Spain | verified",asset_master,ast_49de163142b2,1.0,confirmed,"{""cleanup_action"": null, ""source_canonical_name"": ""Barcelona Logistics Amazon""}"
asset:ast_4a2315b88c84,asset,ast_4a2315b88c84,A112596001,A112596001 | verified,asset_master,ast_4a2315b88c84,1.0,confirmed,"{""cleanup_action"": null, ""source_canonical_name"": ""국내 리츠, 글로벌 리츠""}"
asset:ast_4a2972f3fd4f,asset,ast_4a2972f3fd4f,S00002001,S00002001 | 경상남도 양산시 유산동 509 | auto_created,asset_master,ast_4a2972f3fd4f,1.0,confirmed,"{""cleanup_action"": null, ""source_canonical_name"": ""양산 유산동 물류센터""}"
asset:ast_4a41b5cdfb00,asset,ast_4a41b5cdfb00,A112584044,"A112584044 | 충남 공주시 이인면 오룡리 산 2-32, 264, 265, 406-2, 219-2, 262-1, 262-2, 406-3 | verified",asset_master,ast_4a41b5cdfb00,1.0,confirmed,"{""cleanup_action"": null, ""source_canonical_name"": ""이인메가태양광""}"
asset:ast_4a78efdfb00c,asset,ast_4a78efdfb00c,A112542001,A112542001 | verified,asset_master,ast_4a78efdfb00c,1.0,confirmed,"{""cleanup_action"": null, ""source_canonical_name"": ""이지스제200호일반사모부동산투자유한회사 2종 수익증권""}"
asset:ast_4ae20e9370ca,asset,ast_4ae20e9370ca,A11280301,A11280301 | auto_created,asset_master,ast_4ae20e9370ca,1.0,confirmed,"{""cleanup_action"": null, ""source_canonical_name"": ""ARDIAN Infrastructure Fund VI""}"
asset:ast_4b214a3d68c2,asset,ast_4b214a3d68c2,AP00001001,AP00001001 | 경기도 판교 제2테크노밸리 C1 C2블록 | verified,asset_master,ast_4b214a3d68c2,1.0,confirmed,"{""cleanup_action"": null, ""source_canonical_name"": ""판교 제2테크노밸리 C1 C2블록 I-Square 개발""}"
asset:ast_4b343ec79ade,asset,ast_4b343ec79ade,A112267001,A112267001 | verified,asset_master,ast_4b343ec79ade,1.0,confirmed,"{""cleanup_action"": null, ""source_canonical_name"": ""Brookfield Premier Real Estate Partners Australia""}"
asset:ast_4b461cc661b2,asset,ast_4b461cc661b2,A112002001,A112002001 | 서울특별시 관악구 신림동 1641-2 | verified,asset_master,ast_4b461cc661b2,1.0,confirmed,"{""cleanup_action"": null, ""source_canonical_name"": ""포도몰""}"
asset:ast_4b5b1a719671,asset,ast_4b5b1a719671,A200013001,A200013001 | verified,asset_master,ast_4b5b1a719671,1.0,confirmed,"{""cleanup_action"": null, ""source_canonical_name"": ""StepStone Secondary Opportunities Fund V Offshore, L.P.""}"
asset:ast_4b5c26617588,asset,ast_4b5c26617588,AP00025001,AP00025001 | 충청남도 공주시 웅진동 | verified,asset_master,ast_4b5c26617588,1.0,confirmed,"{""cleanup_action"": null, ""source_canonical_name"": ""공주시 웅진동 공동주택""}"
asset:ast_4b60082f6ba4,asset,ast_4b60082f6ba4,A112188003,"A112188003 | 3-2-14 Haginaka, Ota-ku, Tokyo | verified",asset_master,ast_4b60082f6ba4,1.0,confirmed,"{""cleanup_action"": null, ""source_canonical_name"": ""Reglus Ootorii Airport West""}"
asset:ast_4b619049d6d7,asset,ast_4b619049d6d7,A112495002,A112495002 | verified,asset_master,ast_4b619049d6d7,1.0,confirmed,"{""cleanup_action"": null, ""source_canonical_name"": ""글로벌 리츠""}"
asset:ast_4b71eb552741,asset,ast_4b71eb552741,A112159001,A112159001 | 충북 청주시 홍덕구 강서 2동 일원 (청주테크노폴리스) | verified,asset_master,ast_4b71eb552741,1.0,confirmed,"{""cleanup_action"": null, ""source_canonical_name"": ""에스피청주 복합상업시설""}"
asset:ast_4c0d7e5f8a03,asset,ast_4c0d7e5f8a03,A112270001,A112270001 | 서울시 서초구 반포동 112-4 외 8필지 | verified,asset_master,ast_4c0d7e5f8a03,1.0,confirmed,"{""cleanup_action"": null, ""source_canonical_name"": ""반포이수화학본사사옥""}"
asset:ast_4c95baf19598,asset,ast_4c95baf19598,A300061001,A300061001 | verified,asset_master,ast_4c95baf19598,1.0,confirmed,"{""cleanup_action"": null, ""source_canonical_name"": ""해외 주식, 채권, 공모주, 스팩, ETF, 선물, 단기금융상품""}"
asset:ast_4cdaa02c3ae7,asset,ast_4cdaa02c3ae7,A112682001,A112682001 | verified,asset_master,ast_4cdaa02c3ae7,1.0,confirmed,"{""cleanup_action"": null, ""source_canonical_name"": ""이지스일반사모부동산투자신탁제468-2호(2종)의 수익증권""}"
asset:ast_4ce1803146bf,asset,ast_4ce1803146bf,A200026001,A200026001 | verified,asset_master,ast_4ce1803146bf,1.0,confirmed,"{""cleanup_action"": null, ""source_canonical_name"": ""Brookfield Strategic Real Estate Partners V""}"
asset:ast_4d1430b5f175,asset,ast_4d1430b5f175,A112709003,A112709003 | verified,asset_master,ast_4d1430b5f175,1.0,confirmed,"{""cleanup_action"": null, ""source_canonical_name"": ""공모주""}"
asset:ast_4d35344df3a2,asset,ast_4d35344df3a2,A200021001,A200021001 | verified,asset_master,ast_4d35344df3a2,1.0,confirmed,"{""cleanup_action"": null, ""source_canonical_name"": ""Abry Advanced Securities Fund III CV-A""}"
asset:ast_4d5bc767dcc2,asset,ast_4d5bc767dcc2,A112790001,A112790001 | verified,asset_master,ast_4d5bc767dcc2,1.0,confirmed,"{""cleanup_action"": null, ""source_canonical_name"": ""Partners Group Tactical Real Estate Fund, L.P.""}"
asset:ast_4e0ba511036c,asset,ast_4e0ba511036c,A200027001,A200027001 | verified,asset_master,ast_4e0ba511036c,1.0,confirmed,"{""cleanup_action"": null, ""source_canonical_name"": ""EQT Infrastructure VI (No.1) EUR SCSp""}"
asset:ast_4e15ca971054,asset,ast_4e15ca971054,A120039001,A120039001 | verified,asset_master,ast_4e15ca971054,1.0,confirmed,"{""cleanup_action"": null, ""source_canonical_name"": ""부실 및 부실우려 PF사업장 대출채권, 대출, 지분 등에 투자하는 모집합투자기구(모자형 블라인드 펀드)""}"
asset:ast_4e209ca0367c,asset,ast_4e209ca0367c,A112536001,A112536001 | 경기도 성남시 창업로 17 | verified,asset_master,ast_4e209ca0367c,1.0,confirmed,"{""cleanup_action"": null, ""source_canonical_name"": ""판교아이스퀘어E동""}"
asset:ast_4e98244e7898,asset,ast_4e98244e7898,A300044001,A300044001 | verified,asset_master,ast_4e98244e7898,1.0,confirmed,"{""cleanup_action"": null, ""source_canonical_name"": ""메자닌, 공모주, 이벤트 드리븐, 스팩""}"
asset:ast_4e9c841b327e,asset,ast_4e9c841b327e,A112185001,A112185001 | 서울특별시 강남구 신사동 533-3 | verified,asset_master,ast_4e9c841b327e,1.0,confirmed,"{""cleanup_action"": null, ""source_canonical_name"": ""와이플러스빌딩""}"
asset:ast_4ea718fb3f43,asset,ast_4ea718fb3f43,AS00002001,AS00002001 | 경남 양산시 유산동 509 외 2필지 | verified,asset_master,ast_4ea718fb3f43,1.0,confirmed,"{""cleanup_action"": null, ""source_canonical_name"": ""양산 유산동 물류센터""}"
asset:ast_4eb70494f0e5,asset,ast_4eb70494f0e5,A112718001,"A112718001 | 900 Wilshire Boulevard, Los Angeles, California | verified",asset_master,ast_4eb70494f0e5,1.0,confirmed,"{""cleanup_action"": null, ""source_canonical_name"": ""LA Wilshire Grand Center Senior Loan""}"
asset:ast_4ed0982904a0,asset,ast_4ed0982904a0,A112611002,A112611002 | 경기도 구리시 수택동 370 외 4필지 | verified,asset_master,ast_4ed0982904a0,1.0,confirmed,"{""cleanup_action"": null, ""source_canonical_name"": ""구리 수택동 오피스텔 사업부지""}"
asset:ast_4f18f7d89d7d,asset,ast_4f18f7d89d7d,AP00015001,AP00015001 | 인천광역시 서구 청라동 6-7 | verified,asset_master,ast_4f18f7d89d7d,1.0,confirmed,"{""cleanup_action"": null, ""source_canonical_name"": ""청라동 오피스텔 분양사업""}"
asset:ast_4f430ef52910,asset,ast_4f430ef52910,A112383001,"A112383001 | 28-40 Jackson Ave, Long Island City, NY 11101, United States | verified",asset_master,ast_4f430ef52910,1.0,confirmed,"{""cleanup_action"": null, ""source_canonical_name"": ""New York Jackson Park CMBS Loan""}"
asset:ast_4f455c2dd45f,asset,ast_4f455c2dd45f,A112362004,A112362004 | 일본 도쿄도 23구 내 | verified,asset_master,ast_4f455c2dd45f,1.0,confirmed,"{""cleanup_action"": null, ""source_canonical_name"": ""PASEO 오기쿠보""}"
asset:ast_4f5ea25eb396,asset,ast_4f5ea25eb396,A112322001,A112322001 | 서울특별시 강남구 신사동 543 | auto_created,asset_master,ast_4f5ea25eb396,1.0,confirmed,"{""cleanup_action"": null, ""source_canonical_name"": ""피겨앤그라운드""}"
asset:ast_4fb907d35b52,asset,ast_4fb907d35b52,A112223027,A112223027 | 1151 W. Walnut Hill Lane | verified,asset_master,ast_4fb907d35b52,1.0,confirmed,"{""cleanup_action"": null, ""source_canonical_name"": ""Courtyard by Marriott""}"
asset:ast_4fd1e29a3132,asset,ast_4fd1e29a3132,A200019002,A200019002 | verified,asset_master,ast_4fd1e29a3132,1.0,confirmed,"{""cleanup_action"": null, ""source_canonical_name"": ""AbryAdvanced Securities Fund III CV-A, L.P.""}"
asset:ast_4fe2e0788658,asset,ast_4fe2e0788658,A300006001,A300006001 | verified,asset_master,ast_4fe2e0788658,1.0,confirmed,"{""cleanup_action"": null, ""source_canonical_name"": ""BBB+이하 채권, 공모주, 스팩, 이벤트 드리븐""}"
asset:ast_4ffe4ac306f2,asset,ast_4ffe4ac306f2,A112710003,A112710003 | auto_created,asset_master,ast_4ffe4ac306f2,1.0,confirmed,"{""cleanup_action"": null, ""source_canonical_name"": ""이지스 멀티인컴 일반사모투자신탁 제1호(운용)""}"
asset:ast_508cc8fee1ee,asset,ast_508cc8fee1ee,A112641001,A112641001 | verified,asset_master,ast_508cc8fee1ee,1.0,confirmed,"{""cleanup_action"": null, ""source_canonical_name"": ""세운5구역PFV(주) 지분""}"
asset:ast_50b96d931bfa,asset,ast_50b96d931bfa,A112505001,A112505001 | 안성시 양성면 산정리 산11-4번지 외 17필지 | verified,asset_master,ast_50b96d931bfa,1.0,confirmed,"{""cleanup_action"": null, ""source_canonical_name"": ""아레나스안성""}"
asset:ast_50f5141fc4b8,asset,ast_50f5141fc4b8,A112268001,A112268001 | 서울특별시 중구 세종대로16길 22(북창동 17-1외 2필지) | verified,asset_master,ast_50f5141fc4b8,1.0,confirmed,"{""cleanup_action"": null, ""source_canonical_name"": ""트레블로지명동시티홀호텔""}"
asset:ast_511ba5b81207,asset,ast_511ba5b81207,A112107001,A112107001 | verified,asset_master,ast_511ba5b81207,1.0,confirmed,"{""cleanup_action"": null, ""source_canonical_name"": ""102호 수익증권(재간접)""}"
asset:ast_512881449c97,asset,ast_512881449c97,A112748001,A112748001 | 경기도 안산시 초지동 624-3 | verified,asset_master,ast_512881449c97,1.0,confirmed,"{""cleanup_action"": null, ""source_canonical_name"": ""안산 초지동 데이터센터""}"
asset:ast_513f15f30c21,asset,ast_513f15f30c21,A112287001,A112287001 | 서울시 강동구 성내동 87-1번지 일원 | verified,asset_master,ast_513f15f30c21,1.0,confirmed,"{""cleanup_action"": null, ""source_canonical_name"": ""강동 성내 역세권 청년주택""}"
asset:ast_51861017a45e,asset,ast_51861017a45e,A112781001,A112781001 | verified,asset_master,ast_51861017a45e,1.0,confirmed,"{""cleanup_action"": null, ""source_canonical_name"": ""채권""}"
asset:ast_51a8d2035467,asset,ast_51a8d2035467,A120038001,A120038001 | 서울특별시 성동구 성수동 268-2번지 외 2필지 | verified,asset_master,ast_51a8d2035467,1.0,confirmed,"{""cleanup_action"": null, ""source_canonical_name"": ""성수 빅트라이앵글B/L(이지스성수PF재구조화 2종 수익증권)""}"
asset:ast_51d214497682,asset,ast_51d214497682,A200030004,A200030004 | 서울특별시 강남구 삼성로 512 | verified,asset_master,ast_51d214497682,1.0,confirmed,"{""cleanup_action"": null, ""source_canonical_name"": ""삼성동 빌딩""}"
asset:ast_51d42aef8752,asset,ast_51d42aef8752,A112602001,A112602001 | verified,asset_master,ast_51d42aef8752,1.0,confirmed,"{""cleanup_action"": null, ""source_canonical_name"": ""아이에이제십삼차유동화전문 유한회사""}"
asset:ast_5264d55d0bc9,asset,ast_5264d55d0bc9,A112278001,"A112278001 | J844+CX Olsztynek, Poland | verified",asset_master,ast_5264d55d0bc9,1.0,confirmed,"{""cleanup_action"": null, ""source_canonical_name"": ""Poland Logistics Zalando""}"
asset:ast_526e7318eac3,asset,ast_526e7318eac3,A112013001,A112013001 | 서울특별시 구로구 구로동 1258 | verified,asset_master,ast_526e7318eac3,1.0,confirmed,"{""cleanup_action"": null, ""source_canonical_name"": ""SKT구로사옥""}"
asset:ast_52adbb346181,asset,ast_52adbb346181,A112703001,A112703001 | 경기도 안성시 원곡면 칠곡리 941 | auto_created,asset_master,ast_52adbb346181,1.0,confirmed,"{""cleanup_action"": null, ""source_canonical_name"": ""안성홈플러스물류센터""}"
asset:ast_53119042a240,asset,ast_53119042a240,A112362004,A112362004 | 일본 도쿄도 23구 내 | verified,asset_master,ast_53119042a240,1.0,confirmed,"{""cleanup_action"": null, ""source_canonical_name"": ""PASEO 오기쿠보""}"
asset:ast_5316c8adc2fb,asset,ast_5316c8adc2fb,AP00035001,AP00035001 | 부산시 해운대 중동 256-5번지 일원 | verified,asset_master,ast_5316c8adc2fb,1.0,confirmed,"{""cleanup_action"": null, ""source_canonical_name"": ""해운대중동공동주택""}"
asset:ast_538e594239c1,asset,ast_538e594239c1,ast_538e594239c1,경상북도 상주시 화동면 어산리 524-1 | auto_created,asset_master,ast_538e594239c1,1.0,confirmed,"{""cleanup_action"": null, ""source_canonical_name"": ""디앤피상주""}"
asset:ast_5393f66e7bcb,asset,ast_5393f66e7bcb,A112466010,A112466010 | 경상북도 영천시 북안면 효리 산82-1 외 2필지 | verified,asset_master,ast_5393f66e7bcb,1.0,confirmed,"{""cleanup_action"": null, ""source_canonical_name"": ""한국쏠라알피에스태양광발전소""}"
asset:ast_53985b2bb7f9,asset,ast_53985b2bb7f9,A120050001,A120050001 | verified,asset_master,ast_53985b2bb7f9,1.0,confirmed,"{""cleanup_action"": null, ""source_canonical_name"": ""수서역세권 공공주택지구 B1-3BL 개발사업 브릿지대출""}"
asset:ast_53a1b2b68541,asset,ast_53a1b2b68541,A112693001,A112693001 | verified,asset_master,ast_53a1b2b68541,1.0,confirmed,"{""cleanup_action"": null, ""source_canonical_name"": ""이지스제463호부동산일반사모투자회사 주식""}"
asset:ast_53a61027bef6,asset,ast_53a61027bef6,A112100001,A112100001 | 경기도 고양시 덕양구 동산동 370 | auto_created,asset_master,ast_53a61027bef6,1.0,confirmed,"{""cleanup_action"": null, ""source_canonical_name"": ""스타필드(고양) (투자)""}"
asset:ast_541ce8b9c351,asset,ast_541ce8b9c351,A112306001,A112306001 | 부산광역시 동래구 온천동 1838 | auto_created,asset_master,ast_541ce8b9c351,1.0,confirmed,"{""cleanup_action"": null, ""source_canonical_name"": ""부산 온천동 복합시설 신축사업""}"
asset:ast_548ddb1877f9,asset,ast_548ddb1877f9,A200006002,A200006002 | verified,asset_master,ast_548ddb1877f9,1.0,confirmed,"{""cleanup_action"": null, ""source_canonical_name"": ""NMP V""}"
asset:ast_54b1a79581f6,asset,ast_54b1a79581f6,A112502001,A112502001 | verified,asset_master,ast_54b1a79581f6,1.0,confirmed,"{""cleanup_action"": null, ""source_canonical_name"": ""뉴멕시코주 아마존 물류센터""}"
asset:ast_54efcc8cb9d2,asset,ast_54efcc8cb9d2,A112095001,"A112095001 | 85 10th Avenue, New York,NY, USA (NY10001) | verified",asset_master,ast_54efcc8cb9d2,1.0,confirmed,"{""cleanup_action"": null, ""source_canonical_name"": ""New York Office 85 Tenth Avenue Senior Loan""}"
asset:ast_5524410f1c09,asset,ast_5524410f1c09,A112049000,A112049000 | 아래 자산별 상세 내역 | verified,asset_master,ast_5524410f1c09,1.0,confirmed,"{""cleanup_action"": null, ""source_canonical_name"": ""Atlanta Office Midtown I&II""}"
asset:ast_55478b8ac17a,asset,ast_55478b8ac17a,A112246001,A112246001 | 경기도 광명시 광명역세권 도시지원시설용지 1-1BL | verified,asset_master,ast_55478b8ac17a,1.0,confirmed,"{""cleanup_action"": null, ""source_canonical_name"": ""GIDC 광명역 지식산업센터""}"
asset:ast_55528b4074b3,asset,ast_55528b4074b3,ast_55528b4074b3,경상북도 봉화군 봉성면 외삼리 792 | auto_created,asset_master,ast_55528b4074b3,1.0,confirmed,"{""cleanup_action"": null, ""source_canonical_name"": ""외삼2호""}"
asset:ast_55647389ae80,asset,ast_55647389ae80,A112008004,A112008004 | 서울특별시 영등포구 문래동3가 55-3 | verified,asset_master,ast_55647389ae80,1.0,confirmed,"{""cleanup_action"": null, ""source_canonical_name"": ""홈플러스영등포점""}"
asset:ast_5592bb858cba,asset,ast_5592bb858cba,A112602004,A112602004 | verified,asset_master,ast_5592bb858cba,1.0,confirmed,"{""cleanup_action"": null, ""source_canonical_name"": ""아이에이와이디유동화전문 유한회사""}"
asset:ast_559d02c0218e,asset,ast_559d02c0218e,A112640001,A112640001 | 인천광역시 서구 가좌동 585-49 | verified,asset_master,ast_559d02c0218e,1.0,confirmed,"{""cleanup_action"": null, ""source_canonical_name"": ""인천가좌동데이터센터""}"
asset:ast_55b6b363ddd4,asset,ast_55b6b363ddd4,A200031001,A200031001 | verified,asset_master,ast_55b6b363ddd4,1.0,confirmed,"{""cleanup_action"": null, ""source_canonical_name"": ""Coller Capital이 운용하는 크레딧 세컨더리 관련 SMA의 집합투자증권""}"
asset:ast_55e5920ab1cd,asset,ast_55e5920ab1cd,A112666002,A112666002 | 서울특별시 영등포구 당산동5가 9-9번지 일원 | verified,asset_master,ast_55e5920ab1cd,1.0,confirmed,"{""cleanup_action"": null, ""source_canonical_name"": ""당산 지식산업센터 개발사업 PF대출""}"
asset:ast_55e5cc352c17,asset,ast_55e5cc352c17,A112131001,A112131001 | verified,asset_master,ast_55e5cc352c17,1.0,confirmed,"{""cleanup_action"": null, ""source_canonical_name"": ""118호 수익증권(재간접)""}"
asset:ast_55fcaa57d7ab,asset,ast_55fcaa57d7ab,AR00009001,AR00009001 | 경기도 이천시 대월면 초지리 273-1 | verified,asset_master,ast_55fcaa57d7ab,1.0,confirmed,"{""cleanup_action"": null, ""source_canonical_name"": ""이천YM물류센터""}"
asset:ast_562a1580ea14,asset,ast_562a1580ea14,A112504009,A112504009 | 경상남도 의령군 화정면 상일리 산95 | verified,asset_master,ast_562a1580ea14,1.0,confirmed,"{""cleanup_action"": null, ""source_canonical_name"": ""의령1호""}"
asset:ast_564945797e16,asset,ast_564945797e16,A112094001,A112094001 | verified,asset_master,ast_564945797e16,1.0,confirmed,"{""cleanup_action"": null, ""source_canonical_name"": ""GLP U.S. Income Partners III""}"
asset:ast_56793c2827ee,asset,ast_56793c2827ee,A112078001,A112078001 | 서울특별시 중구 순화동 66 | verified,asset_master,ast_56793c2827ee,1.0,confirmed,"{""cleanup_action"": null, ""source_canonical_name"": ""순화타워""}"
asset:ast_567d9ac13840,asset,ast_567d9ac13840,A300057001,A300057001 | verified,asset_master,ast_567d9ac13840,1.0,confirmed,"{""cleanup_action"": null, ""source_canonical_name"": ""메자닌, 공모주, 이벤트 드리븐, 스팩, ETF""}"
asset:ast_56ba3af5aedc,asset,ast_56ba3af5aedc,A112362008,A112362008 | 일본 도쿄도 23구 내 | verified,asset_master,ast_56ba3af5aedc,1.0,confirmed,"{""cleanup_action"": null, ""source_canonical_name"": ""GRAN PASEO 칸다에키마에""}"
asset:ast_56e6a7e4b54b,asset,ast_56e6a7e4b54b,A112298001,A112298001 | 서울특별시 송파구 잠실동 183-12 | auto_created,asset_master,ast_56e6a7e4b54b,1.0,confirmed,"{""cleanup_action"": null, ""source_canonical_name"": ""잠실새내 오피스텔 신축사업""}"
asset:ast_576c45603803,asset,ast_576c45603803,A112647001,A112647001 | verified,asset_master,ast_576c45603803,1.0,confirmed,"{""cleanup_action"": null, ""source_canonical_name"": ""신재생에너지 발전사업 PF대출""}"
asset:ast_57891a43269b,asset,ast_57891a43269b,A112380001,A112380001 | verified,asset_master,ast_57891a43269b,1.0,confirmed,"{""cleanup_action"": null, ""source_canonical_name"": ""이지스기회추구2-1호 (330호, OPUS407/舊뉴욕제과빌딩)""}"
asset:ast_578a66328a1e,asset,ast_578a66328a1e,A112535001,A112535001 | 시흥동 339 | auto_created,asset_master,ast_578a66328a1e,1.0,confirmed,"{""cleanup_action"": null, ""source_canonical_name"": ""판교아이스퀘어E동""}"
asset:ast_57c1d0a7ef1e,asset,ast_57c1d0a7ef1e,A112584031,"A112584031 | 경주시 강동면 왕신리 산 141-1, 2-1, 2-2, 141-3 | verified",asset_master,ast_57c1d0a7ef1e,1.0,confirmed,"{""cleanup_action"": null, ""source_canonical_name"": ""모두에너지""}"
asset:ast_5804290d6389,asset,ast_5804290d6389,A120099001,A120099001 | 서울특별시용산구청파로125 (한강로2가15-2) | verified,asset_master,ast_5804290d6389,1.0,confirmed,"{""cleanup_action"": null, ""source_canonical_name"": ""용산라이프PFV 대여금""}"
asset:ast_5827261360b4,asset,ast_5827261360b4,A112499001,A112499001 | 서울특별시 강남구 테헤란로302(역삼동 706) | verified,asset_master,ast_5827261360b4,1.0,confirmed,"{""cleanup_action"": null, ""source_canonical_name"": ""선릉위워크타워""}"
asset:ast_5853b093d79c,asset,ast_5853b093d79c,A112202001,A112202001 | verified,asset_master,ast_5853b093d79c,1.0,confirmed,"{""cleanup_action"": null, ""source_canonical_name"": ""제주 신화월드 개발사업(한화전문투자형사모부동산자투자신탁5호6M)""}"
asset:ast_585e399aa10a,asset,ast_585e399aa10a,A112081002,A112081002 | 경기도 안양시 동안구 호계동 1039-3 | verified,asset_master,ast_585e399aa10a,1.0,confirmed,"{""cleanup_action"": null, ""source_canonical_name"": ""뉴코아아울렛(평촌)""}"
asset:ast_58653579359f,asset,ast_58653579359f,A120085001,A120085001 | 경상북도 경산시 진량읍 문천리 903번지 (경산4일반산업단지내지원시설부지) | verified,asset_master,ast_58653579359f,1.0,confirmed,"{""cleanup_action"": null, ""source_canonical_name"": ""경산 쿠팡물류센터""}"
asset:ast_586b7ab8eae7,asset,ast_586b7ab8eae7,A112666001,A112666001 | 서울특별시 서대문구 충정로70 | verified,asset_master,ast_586b7ab8eae7,1.0,confirmed,"{""cleanup_action"": null, ""source_canonical_name"": ""웨스트게이트타워 선순위 담보대출""}"
asset:ast_5871de909717,asset,ast_5871de909717,A112803001,A112803001 | verified,asset_master,ast_5871de909717,1.0,confirmed,"{""cleanup_action"": null, ""source_canonical_name"": ""ARDIAN Infrastructure Fund VI""}"
asset:ast_589e9475da13,asset,ast_589e9475da13,A200025001,A200025001 | verified,asset_master,ast_589e9475da13,1.0,confirmed,"{""cleanup_action"": null, ""source_canonical_name"": ""AEW Partners Real Estate Fund X""}"
asset:ast_58e1f6750cf0,asset,ast_58e1f6750cf0,AP00009001,"AP00009001 | 서울특별시 종로구 효제동 315-1, 315-6 | verified",asset_master,ast_58e1f6750cf0,1.0,confirmed,"{""cleanup_action"": null, ""source_canonical_name"": ""효제동 오피스텔 개발사업""}"
asset:ast_58e37903d5ef,asset,ast_58e37903d5ef,A112004001,A112004001 | 강원특별자치도 원주시 단계동 1123 | auto_created,asset_master,ast_58e37903d5ef,1.0,confirmed,"{""cleanup_action"": null, ""source_canonical_name"": ""원주AK""}"
asset:ast_58f18cb76dad,asset,ast_58f18cb76dad,AP00011001,AP00011001 | 강원도 강릉시 송정동 259 일원 | verified,asset_master,ast_58f18cb76dad,1.0,confirmed,"{""cleanup_action"": null, ""source_canonical_name"": ""신라모노그램 강릉 복합숙박시설""}"
asset:ast_5933e6ee5160,asset,ast_5933e6ee5160,A300032001,A300032001 | verified,asset_master,ast_5933e6ee5160,1.0,confirmed,"{""cleanup_action"": null, ""source_canonical_name"": ""BBB+ 이하 채권, 공모주, 스팩, 이벤트 드리븐""}"
asset:ast_59d30ecfb664,asset,ast_59d30ecfb664,A112721001,A112721001 | 인천시 서구 석남동 224-8번지 일원 | verified,asset_master,ast_59d30ecfb664,1.0,confirmed,"{""cleanup_action"": null, ""source_canonical_name"": ""인천석남물류센터""}"
asset:ast_5a5178267eeb,asset,ast_5a5178267eeb,A112074001,A112074001 | verified,asset_master,ast_5a5178267eeb,1.0,confirmed,"{""cleanup_action"": null, ""source_canonical_name"": ""AXA Real Estate Development Venture IV""}"
asset:ast_5a6aabdecd80,asset,ast_5a6aabdecd80,A112036003,"A112036003 | 810 7th Street, N.W., Washington D.C., U.S.A. | verified",asset_master,ast_5a6aabdecd80,1.0,confirmed,"{""cleanup_action"": null, ""source_canonical_name"": ""OJP사옥(워싱턴) (대출)""}"
asset:ast_5a8751925824,asset,ast_5a8751925824,A112584037,A112584037 | 충북 진천군 문백면 계산리 359-1 | verified,asset_master,ast_5a8751925824,1.0,confirmed,"{""cleanup_action"": null, ""source_canonical_name"": ""비케이솔라""}"
asset:ast_5aa554bf9521,asset,ast_5aa554bf9521,A112355001,"A112355001 | One Bloor St. West, Toronto, Ontario | verified",asset_master,ast_5aa554bf9521,1.0,confirmed,"{""cleanup_action"": null, ""source_canonical_name"": ""Toronto The One Senior Loan (Term Facility)""}"
asset:ast_5afa53495f87,asset,ast_5afa53495f87,A112527001,A112527001 | 경기도 이천시 호법면 매곡리 977-5 | auto_created,asset_master,ast_5afa53495f87,1.0,confirmed,"{""cleanup_action"": null, ""source_canonical_name"": ""이지스전문투자형사모부동산투자신탁제404호""}"
asset:ast_5afd3f52bd1f,asset,ast_5afd3f52bd1f,A112584013,A112584013 | 경상북도 영주시 조와동 346 일원 | verified,asset_master,ast_5afd3f52bd1f,1.0,confirmed,"{""cleanup_action"": null, ""source_canonical_name"": ""이큐에너지""}"
asset:ast_5b15a4c23cb4,asset,ast_5b15a4c23cb4,A200020001,A200020001 | verified,asset_master,ast_5b15a4c23cb4,1.0,confirmed,"{""cleanup_action"": null, ""source_canonical_name"": ""SB Holding AB 그룹의 MidCo에 대한 중순위 대출""}"
asset:ast_5bc90f317060,asset,ast_5bc90f317060,A300075001,A300075001 | verified,asset_master,ast_5bc90f317060,1.0,confirmed,"{""cleanup_action"": null, ""source_canonical_name"": ""BBB+ 이하 채권, 공모주, 스팩, 이벤트 드리븐, CP, 레포""}"
asset:ast_5c3c9c2755cf,asset,ast_5c3c9c2755cf,A200025001,A200025001 | verified,asset_master,ast_5c3c9c2755cf,1.0,confirmed,"{""cleanup_action"": null, ""source_canonical_name"": ""AEW Partners Real Estate Fund X""}"
asset:ast_5c591e0531aa,asset,ast_5c591e0531aa,A112483001,"A112483001 | 801 Boxwood Rd, Wilmington, Delaware 19804 | verified",asset_master,ast_5c591e0531aa,1.0,confirmed,"{""cleanup_action"": null, ""source_canonical_name"": ""Delaware Logistics Amazon FC""}"
asset:ast_5c8bf1549256,asset,ast_5c8bf1549256,A120045007,A120045007 | verified,asset_master,ast_5c8bf1549256,1.0,confirmed,"{""cleanup_action"": null, ""source_canonical_name"": ""와이에이치파워3 주식""}"
asset:ast_5cb81c5d6700,asset,ast_5cb81c5d6700,A112578001,A112578001 | verified,asset_master,ast_5cb81c5d6700,1.0,confirmed,"{""cleanup_action"": null, ""source_canonical_name"": ""Goldman Sachs West Street Infrastructure Partner IV""}"
asset:ast_5cdc7b07b41f,asset,ast_5cdc7b07b41f,A300040001,A300040001 | verified,asset_master,ast_5cdc7b07b41f,1.0,confirmed,"{""cleanup_action"": null, ""source_canonical_name"": ""국내 상장 리츠,  인프라 펀드,  주식, ETF""}"
asset:ast_5d4460265c4e,asset,ast_5d4460265c4e,AP00029001,AP00029001 | 을지로3가 95-11 일원 | verified,asset_master,ast_5d4460265c4e,1.0,confirmed,"{""cleanup_action"": null, ""source_canonical_name"": ""을지로3가 도시환경정비구역 제10지구 신축 오피스""}"
asset:ast_5d805aade4f5,asset,ast_5d805aade4f5,A112584027,A112584027 | 충청북도 제천시 봉양읍 공전리 359-1 외 | verified,asset_master,ast_5d805aade4f5,1.0,confirmed,"{""cleanup_action"": null, ""source_canonical_name"": ""솔라트리1호""}"
asset:ast_5db71e381d95,asset,ast_5db71e381d95,A112108001,"A112108001 | 3708 Las Vegas Blvd, Las Vegas, NV 89109 | verified",asset_master,ast_5db71e381d95,1.0,confirmed,"{""cleanup_action"": null, ""source_canonical_name"": ""LasVegas The Cosmopolitan Hotel Junior Mezzanine Loan""}"
asset:ast_5e6798e4e6be,asset,ast_5e6798e4e6be,A112199002,"A112199002 | 경기도 하남시 하남미사지구 업무시설용지2-1,2 | verified",asset_master,ast_5e6798e4e6be,1.0,confirmed,"{""cleanup_action"": null, ""source_canonical_name"": ""하남 미사지구 오피스텔 개발사업 PF대출""}"
asset:ast_5e6893cec720,asset,ast_5e6893cec720,A20000101,A20000101 | auto_created,asset_master,ast_5e6893cec720,1.0,confirmed,"{""cleanup_action"": null, ""source_canonical_name"": ""Hines European Property Partners""}"
asset:ast_5e78208b8107,asset,ast_5e78208b8107,AP00019001,AP00019001 | 중랑구 상봉동 109-28 외 | verified,asset_master,ast_5e78208b8107,1.0,confirmed,"{""cleanup_action"": null, ""source_canonical_name"": ""상봉 청년주택 개발""}"
asset:ast_5eb6a1cf88bd,asset,ast_5eb6a1cf88bd,A120059001,A120059001 | 서울 서초구 반포동 64-1번지 일원 | verified,asset_master,ast_5eb6a1cf88bd,1.0,confirmed,"{""cleanup_action"": null, ""source_canonical_name"": ""서울 서초구 반포동 64-1번지 일원 개발사업장 브릿지""}"
asset:ast_5ed13d6feb57,asset,ast_5ed13d6feb57,A112290001,A112290001 | 경기도 화성시 반송동 96/98번지 | verified,asset_master,ast_5ed13d6feb57,1.0,confirmed,"{""cleanup_action"": null, ""source_canonical_name"": ""타임테라스동탄""}"
asset:ast_5eda17cd5cf3,asset,ast_5eda17cd5cf3,A112136001,A112136001 | 경기도 광명시 일직동 508-4 | auto_created,asset_master,ast_5eda17cd5cf3,1.0,confirmed,"{""cleanup_action"": null, ""source_canonical_name"": ""광명 역세권지구 복합시설 신축 (투자)""}"
asset:ast_5f1f6f6aa534,asset,ast_5f1f6f6aa534,A112152001,A112152001 | 경기도 판교 창조경제밸리 C2블록 | verified,asset_master,ast_5f1f6f6aa534,1.0,confirmed,"{""cleanup_action"": null, ""source_canonical_name"": ""판교 창조경제밸리 특별계획구역(I-Square)""}"
asset:ast_5f8e6966509b,asset,ast_5f8e6966509b,A120046001,A120046001 | verified,asset_master,ast_5f8e6966509b,1.0,confirmed,"{""cleanup_action"": null, ""source_canonical_name"": ""이지스 코어에너지인프라 1호 수익증권""}"
asset:ast_5f977fd5ec54,asset,ast_5f977fd5ec54,A300016001,A300016001 | verified,asset_master,ast_5f977fd5ec54,1.0,confirmed,"{""cleanup_action"": null, ""source_canonical_name"": ""상장 리츠 메자닌, 국내 상장 리츠, 이벤트 드리븐""}"
asset:ast_5fbc6512fe46,asset,ast_5fbc6512fe46,A200036001,A200036001 | verified,asset_master,ast_5fbc6512fe46,1.0,confirmed,"{""cleanup_action"": null, ""source_canonical_name"": ""미국 Delaware 소재 ROCKWOOD LSF III, LP (역외펀드)의 수익증권""}"
asset:ast_5fedae1c0415,asset,ast_5fedae1c0415,A112373001,A112373001 | 인천광역시 연수구 송도동 308-1 일원 | verified,asset_master,ast_5fedae1c0415,1.0,confirmed,"{""cleanup_action"": null, ""source_canonical_name"": ""송도 센토피아더샵 공동주택 및 근린생활시설 개발사업 PF Refinancing 대출채권""}"
asset:ast_5ffda8a73763,asset,ast_5ffda8a73763,A112584007,"A112584007 | 경상남도 산청군 산청읍 내수리 산49-1, 산51-4 | verified",asset_master,ast_5ffda8a73763,1.0,confirmed,"{""cleanup_action"": null, ""source_canonical_name"": ""지우태양광""}"
asset:ast_60101a85f070,asset,ast_60101a85f070,A112719001,A112719001 | 부산시 해운대 중동 256-5번지 일원 | verified,asset_master,ast_60101a85f070,1.0,confirmed,"{""cleanup_action"": null, ""source_canonical_name"": ""공동주택""}"
asset:ast_60152580f0fe,asset,ast_60152580f0fe,A112504009,A112504009 | 경상남도 의령군 화정면 상일리 산95 | verified,asset_master,ast_60152580f0fe,1.0,confirmed,"{""cleanup_action"": null, ""source_canonical_name"": ""의령1호""}"
asset:ast_60cc7b32c8c0,asset,ast_60cc7b32c8c0,A112466023,A112466023 | 경상북도 영주시 조와동 133 | verified,asset_master,ast_60cc7b32c8c0,1.0,confirmed,"{""cleanup_action"": null, ""source_canonical_name"": ""에이스쏠라""}"
asset:ast_60fde6988245,asset,ast_60fde6988245,A112584041,"A112584041 | 경북 상주시 화동면 어산리 524-1, 524-9 | verified",asset_master,ast_60fde6988245,1.0,confirmed,"{""cleanup_action"": null, ""source_canonical_name"": ""디앤피상주""}"
asset:ast_612cef5b7905,asset,ast_612cef5b7905,A112018002,A112018002 | 경상남도 진주시 상대동 181-1 | verified,asset_master,ast_612cef5b7905,1.0,confirmed,"{""cleanup_action"": null, ""source_canonical_name"": ""홈플러스진주점""}"
asset:ast_61465a8dd9a1,asset,ast_61465a8dd9a1,A112096001,A112096001 | 서울특별시 중구 남대문로5가 827 | verified,asset_master,ast_61465a8dd9a1,1.0,confirmed,"{""cleanup_action"": null, ""source_canonical_name"": ""T타워""}"
asset:ast_6147631e29d1,asset,ast_6147631e29d1,A112201001,A112201001 | verified,asset_master,ast_6147631e29d1,1.0,confirmed,"{""cleanup_action"": null, ""source_canonical_name"": ""Balbec InSolve Global Credit Fund III""}"
asset:ast_615cb3a61bf2,asset,ast_615cb3a61bf2,A112401003,"A112401003 | Veneto, Verona, Italy | verified",asset_master,ast_615cb3a61bf2,1.0,confirmed,"{""cleanup_action"": null, ""source_canonical_name"": ""Verona""}"
asset:ast_616c3d79da75,asset,ast_616c3d79da75,A120085001,A120085001 | 경상북도 경산시 진량읍 문천리 903 | auto_created,asset_master,ast_616c3d79da75,1.0,confirmed,"{""cleanup_action"": null, ""source_canonical_name"": ""경산 쿠팡물류센터""}"
asset:ast_617613cdf1a8,asset,ast_617613cdf1a8,A112372001,A112372001 | 강남구 역삼동 831-19 일원 | verified,asset_master,ast_617613cdf1a8,1.0,confirmed,"{""cleanup_action"": null, ""source_canonical_name"": ""역삼동 개발사업""}"
asset:ast_62198587b5d3,asset,ast_62198587b5d3,A112709003,A112709003 | verified,asset_master,ast_62198587b5d3,1.0,confirmed,"{""cleanup_action"": null, ""source_canonical_name"": ""공모주""}"
asset:ast_6221d5b4dfe9,asset,ast_6221d5b4dfe9,A112223025,A112223025 | 475 White Plains Road | verified,asset_master,ast_6221d5b4dfe9,1.0,confirmed,"{""cleanup_action"": null, ""source_canonical_name"": ""Courtyard Tarrytown Greenburgh""}"
asset:ast_62541f3646a0,asset,ast_62541f3646a0,A112299001,A112299001 | 인천광역시 서구 오류동 1549-4 외 1필지 | verified,asset_master,ast_62541f3646a0,1.0,confirmed,"{""cleanup_action"": null, ""source_canonical_name"": ""스카이박스1, 스카이박스2""}"
asset:ast_62878f0c6996,asset,ast_62878f0c6996,AR00016001,"AR00016001 | 서울특별시 성동구 용답동 231, 231-1번지 | verified",asset_master,ast_62878f0c6996,1.0,confirmed,"{""cleanup_action"": null, ""source_canonical_name"": ""용답동 231, 231-1 공동주택 및 근린생활시설""}"
asset:ast_628e6a71f779,asset,ast_628e6a71f779,ast_628e6a71f779,강원특별자치도 삼척시 원덕읍 임원리 산255 | auto_created,asset_master,ast_628e6a71f779,1.0,confirmed,"{""cleanup_action"": null, ""source_canonical_name"": ""누리""}"
asset:ast_62b8dcc42c6b,asset,ast_62b8dcc42c6b,A112584011,A112584011 | 경상북도 영주시 조와동 346 일원 | verified,asset_master,ast_62b8dcc42c6b,1.0,confirmed,"{""cleanup_action"": null, ""source_canonical_name"": ""미션""}"
asset:ast_62cb735c467e,asset,ast_62cb735c467e,A112559001,A112559001 | 경기도 성남시 수정구 창업로 18 | verified,asset_master,ast_62cb735c467e,1.0,confirmed,"{""cleanup_action"": null, ""source_canonical_name"": ""판교아이스퀘어C1블럭상업및숙박시설""}"
asset:ast_62dfd826ce2e,asset,ast_62dfd826ce2e,A112744001,A112744001 | verified,asset_master,ast_62dfd826ce2e,1.0,confirmed,"{""cleanup_action"": null, ""source_canonical_name"": ""공모주, 스팩""}"
asset:ast_636fb46b115d,asset,ast_636fb46b115d,A112774001,A112774001 | verified,asset_master,ast_636fb46b115d,1.0,confirmed,"{""cleanup_action"": null, ""source_canonical_name"": ""수익/지분증권""}"
asset:ast_6384991ee54c,asset,ast_6384991ee54c,A112255001,A112255001 | 인천광역시 연수구 송도동 117-91외 | verified,asset_master,ast_6384991ee54c,1.0,confirmed,"{""cleanup_action"": null, ""source_canonical_name"": ""잭니클라우스GC 단독주택부지 담보신탁 1순위 우선수익권 담보부대출""}"
asset:ast_640aad4b6a23,asset,ast_640aad4b6a23,A300047001,A300047001 | verified,asset_master,ast_640aad4b6a23,1.0,confirmed,"{""cleanup_action"": null, ""source_canonical_name"": ""공모주, 스팩, 국내 주식, 집합투자증권, 레포""}"
asset:ast_6447958fda73,asset,ast_6447958fda73,A112517001,A112517001 | 경기도 성남시 분당구 수내동 6-4 | verified,asset_master,ast_6447958fda73,1.0,confirmed,"{""cleanup_action"": null, ""source_canonical_name"": ""티맥스수내타워""}"
asset:ast_6459d1f7f3f6,asset,ast_6459d1f7f3f6,A112049002,"A112049002 | 725 West Peachtree Street, Fulton County, GA 30308, Atlanta | verified",asset_master,ast_6459d1f7f3f6,1.0,confirmed,"{""cleanup_action"": null, ""source_canonical_name"": ""Atlanta Office Midtown II""}"
asset:ast_648143d38572,asset,ast_648143d38572,A300012001,A300012001 | verified,asset_master,ast_648143d38572,1.0,confirmed,"{""cleanup_action"": null, ""source_canonical_name"": ""국내 상장 리츠, 신주인수권증서, 공모주""}"
asset:ast_64855a473d9f,asset,ast_64855a473d9f,A112445001,A112445001 | 서울특별시 마포구 노고산동 56-68 외 | verified,asset_master,ast_64855a473d9f,1.0,confirmed,"{""cleanup_action"": null, ""source_canonical_name"": ""맹그로브 신촌""}"
asset:ast_64e52adcf2aa,asset,ast_64e52adcf2aa,A112781001,A112781001 | verified,asset_master,ast_64e52adcf2aa,1.0,confirmed,"{""cleanup_action"": null, ""source_canonical_name"": ""채권""}"
asset:ast_64ee5ce858e3,asset,ast_64ee5ce858e3,A112709001,A112709001 | verified,asset_master,ast_64ee5ce858e3,1.0,confirmed,"{""cleanup_action"": null, ""source_canonical_name"": ""비상장 상환전환우선주""}"
asset:ast_6526b194cc13,asset,ast_6526b194cc13,A112720001,A112720001 | 경기도 부천시 삼정동 366-1 | auto_created,asset_master,ast_6526b194cc13,1.0,confirmed,"{""cleanup_action"": null, ""source_canonical_name"": ""부천카스퀘어담보대출""}"
asset:ast_656236266bd0,asset,ast_656236266bd0,A112362011,A112362011 | 일본 도쿄도 23구 내 | verified,asset_master,ast_656236266bd0,1.0,confirmed,"{""cleanup_action"": null, ""source_canonical_name"": ""아버하이츠 오우기오하시""}"
asset:ast_65a77996a9ee,asset,ast_65a77996a9ee,A112223026,A112223026 | 1500 Nolan Ryan Expressway | verified,asset_master,ast_65a77996a9ee,1.0,confirmed,"{""cleanup_action"": null, ""source_canonical_name"": ""Courtyard by Marriott""}"
asset:ast_65a880c4a803,asset,ast_65a880c4a803,A120107001,A120107001 | 서울특별시 중구 청계천로 100 | verified,asset_master,ast_65a880c4a803,1.0,confirmed,"{""cleanup_action"": null, ""source_canonical_name"": ""이지스 130호(모) 제2-1종 수익증권""}"
asset:ast_65e587cdb88a,asset,ast_65e587cdb88a,ast_65e587cdb88a,서울특별시 중구 남학동 13-2 | auto_created,asset_master,ast_65e587cdb88a,1.0,confirmed,"{""cleanup_action"": null, ""source_canonical_name"": ""이지스333호(디어스 명동)""}"
asset:ast_65fb39722de4,asset,ast_65fb39722de4,AP00031001,AP00031001 | 경기도 구리시 수택동 370 | verified,asset_master,ast_65fb39722de4,1.0,confirmed,"{""cleanup_action"": null, ""source_canonical_name"": ""구리시 수택동 주거용 오피스텔""}"
asset:ast_6620a797dae4,asset,ast_6620a797dae4,A112704001,A112704001 | verified,asset_master,ast_6620a797dae4,1.0,confirmed,"{""cleanup_action"": null, ""source_canonical_name"": ""인천 가좌동 소재 개발자산 선매입""}"
asset:ast_6631b5895164,asset,ast_6631b5895164,A300076001,A300076001 | verified,asset_master,ast_6631b5895164,1.0,confirmed,"{""cleanup_action"": null, ""source_canonical_name"": ""채권, 국내 주식, ETF, 공모주, 스팩""}"
asset:ast_667927af8983,asset,ast_667927af8983,A120045003,A120045003 | verified,asset_master,ast_667927af8983,1.0,confirmed,"{""cleanup_action"": null, ""source_canonical_name"": ""이지스유에이치 주식 및 대여금""}"
asset:ast_668935b47b6b,asset,ast_668935b47b6b,A112007001,A112007001 | 전라남도 나주시 송월동 1106-2 | auto_created,asset_master,ast_668935b47b6b,1.0,confirmed,"{""cleanup_action"": null, ""source_canonical_name"": ""롯데마트(나주)""}"
asset:ast_66c280969512,asset,ast_66c280969512,ast_66c280969512,needs_review,asset_master,ast_66c280969512,1.0,confirmed,"{""cleanup_action"": null, ""source_canonical_name"": ""이지스151호(더샵 부평)""}"
asset:ast_66c76bd0edbb,asset,ast_66c76bd0edbb,A112277001,A112277001 | 경기도 파주시 와동동 1433번지 | verified,asset_master,ast_66c76bd0edbb,1.0,confirmed,"{""cleanup_action"": null, ""source_canonical_name"": ""파주 운정지구 오피스 개발사업""}"
asset:ast_67c6580ada7b,asset,ast_67c6580ada7b,A112466028,A112466028 | 경북 의성군 다인면 삼분리 산 101-14 | verified,asset_master,ast_67c6580ada7b,1.0,confirmed,"{""cleanup_action"": null, ""source_canonical_name"": ""케이앤씨솔라리아""}"
asset:ast_6823b524f42f,asset,ast_6823b524f42f,AP00016001,AP00016001 | 중구 남창동 9-1 외 4필지 | verified,asset_master,ast_6823b524f42f,1.0,confirmed,"{""cleanup_action"": null, ""source_canonical_name"": ""삼부빌딩 개발사업""}"
asset:ast_683e8481561e,asset,ast_683e8481561e,A112362010,A112362010 | 일본 도쿄도 23구 내 | verified,asset_master,ast_683e8481561e,1.0,confirmed,"{""cleanup_action"": null, ""source_canonical_name"": ""PASEO 토부네리마""}"
asset:ast_6943582c5ffa,asset,ast_6943582c5ffa,A112165001,A112165001 | 서울특별시 중구 명동2가 33-1 | verified,asset_master,ast_6943582c5ffa,1.0,confirmed,"{""cleanup_action"": null, ""source_canonical_name"": ""명동청휘빌딩""}"
asset:ast_697ed2622b49,asset,ast_697ed2622b49,A120047001,A120047001 | verified,asset_master,ast_697ed2622b49,1.0,confirmed,"{""cleanup_action"": null, ""source_canonical_name"": ""이지스 코어에너지인프라 1호 수익증권""}"
asset:ast_699a38d90c72,asset,ast_699a38d90c72,A112057001,A112057001 | verified,asset_master,ast_699a38d90c72,1.0,confirmed,"{""cleanup_action"": null, ""source_canonical_name"": ""Colony Distressed Credit Fund IV""}"
asset:ast_6a1d2d5f164d,asset,ast_6a1d2d5f164d,A112699001,A112699001 | 서울 영등포구 경인로 870 | verified,asset_master,ast_6a1d2d5f164d,1.0,confirmed,"{""cleanup_action"": null, ""source_canonical_name"": ""페어필드 메리어트 서울""}"
asset:ast_6a798e5e30ee,asset,ast_6a798e5e30ee,A112142001,A112142001 | verified,asset_master,ast_6a798e5e30ee,1.0,confirmed,"{""cleanup_action"": null, ""source_canonical_name"": ""태양광설비회사 대출채권""}"
asset:ast_6b047e815c5e,asset,ast_6b047e815c5e,A112309001,A112309001 | 부산시 해운대구 재송동 856-1번지 일원 | verified,asset_master,ast_6b047e815c5e,1.0,confirmed,"{""cleanup_action"": null, ""source_canonical_name"": ""해운대구 재송동 한진 CY부지 공동주택 등 개발사업 선순위 BrLoan 담보대출""}"
asset:ast_6b3f8d30ec34,asset,ast_6b3f8d30ec34,AR00008004,AR00008004 | 경기도 성남시 수정구 대왕판교로 815 | verified,asset_master,ast_6b3f8d30ec34,1.0,confirmed,"{""cleanup_action"": null, ""source_canonical_name"": ""이지스411호(200호 재간접, 디어스 판교)""}"
asset:ast_6b4d336a4622,asset,ast_6b4d336a4622,ast_6b4d336a4622,경상남도 의령군 대의면 천곡리 산50 | auto_created,asset_master,ast_6b4d336a4622,1.0,confirmed,"{""cleanup_action"": null, ""source_canonical_name"": ""건화솔라""}"
asset:ast_6b75948563b6,asset,ast_6b75948563b6,A112050001,A112050001 | verified,asset_master,ast_6b75948563b6,1.0,confirmed,"{""cleanup_action"": null, ""source_canonical_name"": ""Prologis Targeted European Logistics Fund""}"
asset:ast_6be590f974c1,asset,ast_6be590f974c1,A112396001,A112396001 | 서울특별시 서교동 460-25 | verified,asset_master,ast_6be590f974c1,1.0,confirmed,"{""cleanup_action"": null, ""source_canonical_name"": ""누디트 홍대""}"
asset:ast_6bec29e8a059,asset,ast_6bec29e8a059,A300047001,A300047001 | verified,asset_master,ast_6bec29e8a059,1.0,confirmed,"{""cleanup_action"": null, ""source_canonical_name"": ""공모주, 스팩, 국내 주식, 집합투자증권, 레포""}"
asset:ast_6bfb26e9f2e6,asset,ast_6bfb26e9f2e6,A112008002,A112008002 | 경기도 수원시 팔달구 인계동 1045 | verified,asset_master,ast_6bfb26e9f2e6,1.0,confirmed,"{""cleanup_action"": null, ""source_canonical_name"": ""홈플러스동수원점""}"
asset:ast_6c15b114075c,asset,ast_6c15b114075c,A12000801,A12000801 | 서울특별시 용산구 원효로1가 121-90 | auto_created,asset_master,ast_6c15b114075c,1.0,confirmed,"{""cleanup_action"": null, ""source_canonical_name"": ""용산더프라임""}"
asset:ast_6c23d16c3202,asset,ast_6c23d16c3202,A300010001,A300010001 | verified,asset_master,ast_6c23d16c3202,1.0,confirmed,"{""cleanup_action"": null, ""source_canonical_name"": ""글로벌 리츠, 해외 주식""}"
asset:ast_6c274653ed0b,asset,ast_6c274653ed0b,A112608001,A112608001 | 경기도 고양시 덕양구 오금동 690 | verified,asset_master,ast_6c274653ed0b,1.0,confirmed,"{""cleanup_action"": null, ""source_canonical_name"": ""고양삼송데이터센터""}"
asset:ast_6ce950493e21,asset,ast_6ce950493e21,A112592001,A112592001 | 대전광역시 유성구 관평동 887 | verified,asset_master,ast_6ce950493e21,1.0,confirmed,"{""cleanup_action"": null, ""source_canonical_name"": ""롯데마트대덕점""}"
asset:ast_6d43f949aadc,asset,ast_6d43f949aadc,A190005001,A190005001 | 서울시 금천구 가산동 319-18 | verified,asset_master,ast_6d43f949aadc,1.0,confirmed,"{""cleanup_action"": null, ""source_canonical_name"": ""가산 임대형기숙사개발사업""}"
asset:ast_6d46843010b7,asset,ast_6d46843010b7,A200041001,A200041001 | verified,asset_master,ast_6d46843010b7,1.0,confirmed,"{""cleanup_action"": null, ""source_canonical_name"": ""Helios Sidecar II L.P.의 수익증권""}"
asset:ast_6d4a384539b2,asset,ast_6d4a384539b2,A112051001,A112051001 | verified,asset_master,ast_6d4a384539b2,1.0,confirmed,"{""cleanup_action"": null, ""source_canonical_name"": ""Hines Poland Sustainable Income Fund""}"
asset:ast_6d51cde27e33,asset,ast_6d51cde27e33,AP00004001,AP00004001 | 부산광역시 해운대구 우동 626-14번지 일원 | verified,asset_master,ast_6d51cde27e33,1.0,confirmed,"{""cleanup_action"": null, ""source_canonical_name"": ""해운대 L7""}"
asset:ast_6d6422bca00c,asset,ast_6d6422bca00c,A112755001,A112755001 | 경상남도 창원시 진해구 두동 1875 | verified,asset_master,ast_6d6422bca00c,1.0,confirmed,"{""cleanup_action"": null, ""source_canonical_name"": ""두동 LG전자 통합물류센터""}"
asset:ast_6d6a311a894b,asset,ast_6d6a311a894b,ast_6d6a311a894b,강원특별자치도 양양군 현남면 정자리 126-10 | auto_created,asset_master,ast_6d6a311a894b,1.0,confirmed,"{""cleanup_action"": null, ""source_canonical_name"": ""비취정보기술""}"
asset:ast_6df0b80f71d4,asset,ast_6df0b80f71d4,A120070001,A120070001 | verified,asset_master,ast_6df0b80f71d4,1.0,confirmed,"{""cleanup_action"": null, ""source_canonical_name"": ""이지스10호(2종)의  수익증권""}"
asset:ast_6e0f3b872714,asset,ast_6e0f3b872714,A112362006,A112362006 | 일본 도쿄도 23구 내 | verified,asset_master,ast_6e0f3b872714,1.0,confirmed,"{""cleanup_action"": null, ""source_canonical_name"": ""GRAN PASEO 신주쿠""}"
asset:ast_6e21f7f90ac5,asset,ast_6e21f7f90ac5,A112466021,A112466021 | 충청남도 금산군 남일면 신정리 122-1 | verified,asset_master,ast_6e21f7f90ac5,1.0,confirmed,"{""cleanup_action"": null, ""source_canonical_name"": ""일순에너지""}"
asset:ast_6e2b174fa83f,asset,ast_6e2b174fa83f,A300050001,A300050001 | verified,asset_master,ast_6e2b174fa83f,1.0,confirmed,"{""cleanup_action"": null, ""source_canonical_name"": ""BBB+ 이하 채권, 공모주, 스팩, ETF, 이벤트 드리븐, 레포""}"
asset:ast_6e943e2850e9,asset,ast_6e943e2850e9,A112194001,A112194001 | 경기도 고양시 덕양구 화정동 1148-6 | auto_created,asset_master,ast_6e943e2850e9,1.0,confirmed,"{""cleanup_action"": null, ""source_canonical_name"": ""고양시 화정동 아이씨티일산""}"
asset:ast_6edbffb304dc,asset,ast_6edbffb304dc,A112093003,"A112093003 | De Fontanella, 6-8, 08010 Barcelona, Spain | verified",asset_master,ast_6edbffb304dc,1.0,confirmed,"{""cleanup_action"": null, ""source_canonical_name"": ""Barcelona Office Fontanella""}"
asset:ast_6f30b531d9a2,asset,ast_6f30b531d9a2,A300036001,A300036001 | verified,asset_master,ast_6f30b531d9a2,1.0,confirmed,"{""cleanup_action"": null, ""source_canonical_name"": ""국내 상장 리츠""}"
asset:ast_6f4f44b4c3aa,asset,ast_6f4f44b4c3aa,A112245001,A112245001 | 경기도 이천시 백사면 조읍리 25 | auto_created,asset_master,ast_6f4f44b4c3aa,1.0,confirmed,"{""cleanup_action"": null, ""source_canonical_name"": ""도지물류센터 (투자)""}"
asset:ast_6fad3e601ab5,asset,ast_6fad3e601ab5,A112223010,A112223010 | 1018 Apalachee Parkway | verified,asset_master,ast_6fad3e601ab5,1.0,confirmed,"{""cleanup_action"": null, ""source_canonical_name"": ""Courtyard Tallahassee Capital""}"
asset:ast_6fbb0d555e87,asset,ast_6fbb0d555e87,A112584020,A112584020 | 대저1동 1619 | auto_created,asset_master,ast_6fbb0d555e87,1.0,confirmed,"{""cleanup_action"": null, ""source_canonical_name"": ""이지스일반사모투자신탁435호(태양광)""}"
asset:ast_701635aba4fc,asset,ast_701635aba4fc,A112373001,A112373001 | 인천광역시 연수구 송도동 308-1 | auto_created,asset_master,ast_701635aba4fc,1.0,confirmed,"{""cleanup_action"": null, ""source_canonical_name"": ""송도 센토피아더샵 공동주택 및 근린생활시설 개발사업 PF Refinancing""}"
asset:ast_7045c219d59c,asset,ast_7045c219d59c,A112247001,A112247001 | verified,asset_master,ast_7045c219d59c,1.0,confirmed,"{""cleanup_action"": null, ""source_canonical_name"": ""Nuveen RE-PCCP U.S. Core-Plus Real Estate Debt Fund""}"
asset:ast_70643a0dfbdd,asset,ast_70643a0dfbdd,A112223006,A112223006 | 1045 Stevens Creek Road | verified,asset_master,ast_70643a0dfbdd,1.0,confirmed,"{""cleanup_action"": null, ""source_canonical_name"": ""Courtyard by Marriott""}"
asset:ast_70826a89921c,asset,ast_70826a89921c,A120045008,A120045008 | verified,asset_master,ast_70826a89921c,1.0,confirmed,"{""cleanup_action"": null, ""source_canonical_name"": ""와이에이치파워4 주식""}"
asset:ast_70ace4e1d11b,asset,ast_70ace4e1d11b,A200028001,"A200028001 | 285 Madison Avenue, New York, NY 10017 | verified",asset_master,ast_70ace4e1d11b,1.0,confirmed,"{""cleanup_action"": null, ""source_canonical_name"": ""미국 뉴욕 맨하탄 소재 오피스 자산 “285 Madison Avenue”의 선순위""}"
asset:ast_71152b54836a,asset,ast_71152b54836a,A112380002,A112380002 | verified,asset_master,ast_71152b54836a,1.0,confirmed,"{""cleanup_action"": null, ""source_canonical_name"": ""이지스기회추구2-2호(353호,OPUS459/舊백암빌딩)""}"
asset:ast_71252a1db077,asset,ast_71252a1db077,A120049001,A120049001 | 서울특별시 강남구 자곡동 198 (수서역세권 공공주택지구 B1-3BL) | verified,asset_master,ast_71252a1db077,1.0,confirmed,"{""cleanup_action"": null, ""source_canonical_name"": ""수서 역세권B1-3BL B/L(이지스수서PF재구조화 2종 수익증권)""}"
asset:ast_713975b50199,asset,ast_713975b50199,A200020001,A200020001 | verified,asset_master,ast_713975b50199,1.0,confirmed,"{""cleanup_action"": null, ""source_canonical_name"": ""SB Holding AB 그룹의 MidCo에 대한 중순위 대출""}"
asset:ast_713f8b4e24da,asset,ast_713f8b4e24da,A112324001,"A112324001 | Base Aerienne 217, 91220 Bretigny-sur-Orge, Paris, France | verified",asset_master,ast_713f8b4e24da,1.0,confirmed,"{""cleanup_action"": null, ""source_canonical_name"": ""Paris Logistics Amazon""}"
asset:ast_718a6d8b52dc,asset,ast_718a6d8b52dc,AR00008001,AR00008001 | 인천시 부평구 십정동 216번지 일원 | verified,asset_master,ast_718a6d8b52dc,1.0,confirmed,"{""cleanup_action"": null, ""source_canonical_name"": ""이지스151호(더샵 부평)""}"
asset:ast_7190747891b3,asset,ast_7190747891b3,ast_7190747891b3,강원특별자치도 영월군 상동읍 구래리 194-1 | auto_created,asset_master,ast_7190747891b3,1.0,confirmed,"{""cleanup_action"": null, ""source_canonical_name"": ""최강일 태양광발전소""}"
asset:ast_71ccb419b102,asset,ast_71ccb419b102,A112584006,A112584006 | 경북 상주시 사벌국면 용담리 산42-1 | verified,asset_master,ast_71ccb419b102,1.0,confirmed,"{""cleanup_action"": null, ""source_canonical_name"": ""리에너지""}"
asset:ast_71e2c09c8e7e,asset,ast_71e2c09c8e7e,A112584039,A112584039 | 충북 진천군 문백면 계산리 359-1 | verified,asset_master,ast_71e2c09c8e7e,1.0,confirmed,"{""cleanup_action"": null, ""source_canonical_name"": ""유현그린""}"
asset:ast_71e4c2f1e642,asset,ast_71e4c2f1e642,A112645001,A112645001 | verified,asset_master,ast_71e4c2f1e642,1.0,confirmed,"{""cleanup_action"": null, ""source_canonical_name"": ""ARES Special Opportunities Fund""}"
asset:ast_720898f0f98d,asset,ast_720898f0f98d,A120056003,A120056003 | verified,asset_master,ast_720898f0f98d,1.0,confirmed,"{""cleanup_action"": null, ""source_canonical_name"": ""아이에이제십육차유동화전문 유한회사""}"
asset:ast_72434a85fc8f,asset,ast_72434a85fc8f,A112199001,A112199001 | 서울특별시 마곡지구 지원시설용지 DS9BL | verified,asset_master,ast_72434a85fc8f,1.0,confirmed,"{""cleanup_action"": null, ""source_canonical_name"": ""강서 마곡지구 근린생활시설 개발사업 PF대출""}"
asset:ast_72454765bf79,asset,ast_72454765bf79,A112077001,"A112077001 | 950 F Street, NW Washington, D.C. 20004 | verified",asset_master,ast_72454765bf79,1.0,confirmed,"{""cleanup_action"": null, ""source_canonical_name"": ""Washington D.C. Atlantic Building Senior Loan""}"
asset:ast_726cfaffb03f,asset,ast_726cfaffb03f,A120018001,A120018001 | 경기도 고양시 일산동구 문봉동 16-21 외 | verified,asset_master,ast_726cfaffb03f,1.0,confirmed,"{""cleanup_action"": null, ""source_canonical_name"": ""신영문봉PFV의 대출채권 및 지분증권""}"
asset:ast_733ffde19ae9,asset,ast_733ffde19ae9,A200019001,A200019001 | verified,asset_master,ast_733ffde19ae9,1.0,confirmed,"{""cleanup_action"": null, ""source_canonical_name"": ""CollerCredit Secondaries - Opportunities Fund II-B, L.P.""}"
asset:ast_7384f101a20f,asset,ast_7384f101a20f,A112200001,"A112200001 | 65 Bay Street, Jersey City, NJ | verified",asset_master,ast_7384f101a20f,1.0,confirmed,"{""cleanup_action"": null, ""source_canonical_name"": ""Jersey City 65 Bay Street A2-Note Loan""}"
asset:ast_73e5216b97f6,asset,ast_73e5216b97f6,A112573001,A112573001 | 경기도 이천시 마장면 회억리 104 | verified,asset_master,ast_73e5216b97f6,1.0,confirmed,"{""cleanup_action"": null, ""source_canonical_name"": ""이천 마장면 물류센터""}"
asset:ast_73f09d84ccfa,asset,ast_73f09d84ccfa,A112166001,A112166001 | 서울특별시 용산구 한남동 680-1 | verified,asset_master,ast_73f09d84ccfa,1.0,confirmed,"{""cleanup_action"": null, ""source_canonical_name"": ""한남동 외국인아파트부지 재개발사업 PF대출""}"
asset:ast_740742dbd00f,asset,ast_740742dbd00f,A112414001,"A112414001 | 경기도 고양시 일산동구 장항동 889,889-1,889-2 | verified",asset_master,ast_740742dbd00f,1.0,confirmed,"{""cleanup_action"": null, ""source_canonical_name"": ""일산CLC""}"
asset:ast_7418f76af537,asset,ast_7418f76af537,A112025002,A112025002 | 경기도 성남시 분당구 야탑동 361-4 | verified,asset_master,ast_7418f76af537,1.0,confirmed,"{""cleanup_action"": null, ""source_canonical_name"": ""탑빌딩""}"
asset:ast_74207a7495b3,asset,ast_74207a7495b3,A112195001,A112195001 | 서울특별시 영등포구 영등포동1가 143-3 | verified,asset_master,ast_74207a7495b3,1.0,confirmed,"{""cleanup_action"": null, ""source_canonical_name"": ""페어필드 메리어트 서울 메자닌 대출""}"
asset:ast_7447893893dc,asset,ast_7447893893dc,A300053001,A300053001 | verified,asset_master,ast_7447893893dc,1.0,confirmed,"{""cleanup_action"": null, ""source_canonical_name"": ""글로벌 리츠""}"
asset:ast_74aec6939fcf,asset,ast_74aec6939fcf,A112197001,A112197001 | 서울특별시 중구 삼일대로10길 36 | verified,asset_master,ast_74aec6939fcf,1.0,confirmed,"{""cleanup_action"": null, ""source_canonical_name"": ""포포인츠바이쉐라톤조선서울명동""}"
asset:ast_74b58d4dd7c7,asset,ast_74b58d4dd7c7,A112582001,A112582001 | verified,asset_master,ast_74b58d4dd7c7,1.0,confirmed,"{""cleanup_action"": null, ""source_canonical_name"": ""Albany, Cleveland, Omaha BTS Logistics""}"
asset:ast_74c55ca84e27,asset,ast_74c55ca84e27,A112589001,"A112589001 | 서울시 강서구 마곡동 769,769-1 | verified",asset_master,ast_74c55ca84e27,1.0,confirmed,"{""cleanup_action"": null, ""source_canonical_name"": ""원그로브(마곡CP4 복합개발사업)""}"
asset:ast_74c87d399577,asset,ast_74c87d399577,A120017001,A120017001 | verified,asset_master,ast_74c87d399577,1.0,confirmed,"{""cleanup_action"": null, ""source_canonical_name"": ""에스엔에스랩""}"
asset:ast_74fc8d406c81,asset,ast_74fc8d406c81,A112011001,A112011001 | 울산광역시 남구 달동 1247-1 | auto_created,asset_master,ast_74fc8d406c81,1.0,confirmed,"{""cleanup_action"": null, ""source_canonical_name"": ""신라스테이울산""}"
asset:ast_751de8bd6b77,asset,ast_751de8bd6b77,A112740001,A112740001 | verified,asset_master,ast_751de8bd6b77,1.0,confirmed,"{""cleanup_action"": null, ""source_canonical_name"": ""AA- 이상 채권, 국내 상장 리츠, 공모주, 스팩""}"
asset:ast_7530c5363c92,asset,ast_7530c5363c92,A112527001,A112527001 | 경기도 이천시 호법면 매곡리 977-5외 6필지 | verified,asset_master,ast_7530c5363c92,1.0,confirmed,"{""cleanup_action"": null, ""source_canonical_name"": ""동산물류센터""}"
asset:ast_755dc2078b8b,asset,ast_755dc2078b8b,A112311001,"A112311001 | 서울시 양천구 목동 962,962-1 | verified",asset_master,ast_755dc2078b8b,1.0,confirmed,"{""cleanup_action"": null, ""source_canonical_name"": ""목동 트라팰리스 스퀘어""}"
asset:ast_75abb17c6fb9,asset,ast_75abb17c6fb9,A112466018,A112466018 | 강원도 평창군 평창읍 지동리 320 | verified,asset_master,ast_75abb17c6fb9,1.0,confirmed,"{""cleanup_action"": null, ""source_canonical_name"": ""지동쏠라에너지태양광발전""}"
asset:ast_75b0e5442e9f,asset,ast_75b0e5442e9f,ast_75b0e5442e9f,강원특별자치도 삼척시 하장면 장전리 138 | auto_created,asset_master,ast_75b0e5442e9f,1.0,confirmed,"{""cleanup_action"": null, ""source_canonical_name"": ""해담은삼척1호""}"
asset:ast_75c6cda594b3,asset,ast_75c6cda594b3,A112290001,A112290001 | 경기도 화성시 동탄구 반송동 96 | auto_created,asset_master,ast_75c6cda594b3,1.0,confirmed,"{""cleanup_action"": null, ""source_canonical_name"": ""타임테라스동탄""}"
asset:ast_760783862172,asset,ast_760783862172,A300015001,A300015001 | verified,asset_master,ast_760783862172,1.0,confirmed,"{""cleanup_action"": null, ""source_canonical_name"": ""국내 리츠""}"
asset:ast_762c9fa6b134,asset,ast_762c9fa6b134,A112292001,A112292001 | 서울시 서초구 반포동 112-4 외 8필지 | verified,asset_master,ast_762c9fa6b134,1.0,confirmed,"{""cleanup_action"": null, ""source_canonical_name"": ""반포 이수화학 본사 사옥(재간접)""}"
asset:ast_763ddcf74f9c,asset,ast_763ddcf74f9c,ast_763ddcf74f9c,강원특별자치도 평창군 평창읍 고길리 86-1 | auto_created,asset_master,ast_763ddcf74f9c,1.0,confirmed,"{""cleanup_action"": null, ""source_canonical_name"": ""평화와번영""}"
asset:ast_764edeb2506b,asset,ast_764edeb2506b,A112055001,A112055001 | 서울특별시 영등포구 여의도동 여의도동 25 | verified,asset_master,ast_764edeb2506b,1.0,confirmed,"{""cleanup_action"": null, ""source_canonical_name"": ""씨티플라자""}"
asset:ast_7652b80e18a2,asset,ast_7652b80e18a2,A112380002,A112380002 | verified,asset_master,ast_7652b80e18a2,1.0,confirmed,"{""cleanup_action"": null, ""source_canonical_name"": ""이지스기회추구2-2호(353호,OPUS459/舊백암빌딩)""}"
asset:ast_7658ea6ef139,asset,ast_7658ea6ef139,A112343001,A112343001 | Mainzer Landstrasse 23 | verified,asset_master,ast_7658ea6ef139,1.0,confirmed,"{""cleanup_action"": null, ""source_canonical_name"": ""독일 프랑크푸르트 소재 개발사업부지""}"
asset:ast_765cc3a1898a,asset,ast_765cc3a1898a,A112344003,A112344003 | 전북특별자치도 전주시 완산구 중노송동 495-6 | auto_created,asset_master,ast_765cc3a1898a,1.0,confirmed,"{""cleanup_action"": null, ""source_canonical_name"": ""이지스코어리테일부동산투자신탁302호(운용)""}"
asset:ast_7672f8ce7f37,asset,ast_7672f8ce7f37,A112584013,A112584013 | 경상북도 영주시 조와동 346 일원 | verified,asset_master,ast_7672f8ce7f37,1.0,confirmed,"{""cleanup_action"": null, ""source_canonical_name"": ""이큐에너지""}"
asset:ast_7689cf60369b,asset,ast_7689cf60369b,A112334001,A112334001 | verified,asset_master,ast_7689cf60369b,1.0,confirmed,"{""cleanup_action"": null, ""source_canonical_name"": ""글로벌 리츠""}"
asset:ast_768ab56efe64,asset,ast_768ab56efe64,A190010001,A190010001 | verified,asset_master,ast_768ab56efe64,1.0,confirmed,"{""cleanup_action"": null, ""source_canonical_name"": ""이지스일반사모426호(1종)""}"
asset:ast_769515754a68,asset,ast_769515754a68,A112322001,A112322001 | 서울시 강남구 신사동 543 | verified,asset_master,ast_769515754a68,1.0,confirmed,"{""cleanup_action"": null, ""source_canonical_name"": ""피겨앤그라운드""}"
asset:ast_76ad3509ee19,asset,ast_76ad3509ee19,A200033001,A200033001 | verified,asset_master,ast_76ad3509ee19,1.0,confirmed,"{""cleanup_action"": null, ""source_canonical_name"": ""Partners Group Private Loan SICAV-SIF""}"
asset:ast_76b291b30aae,asset,ast_76b291b30aae,A190002001,A190002001 | verified,asset_master,ast_76b291b30aae,1.0,confirmed,"{""cleanup_action"": null, ""source_canonical_name"": ""분당야탑물류센터""}"
asset:ast_76dc6e70b8de,asset,ast_76dc6e70b8de,A300054001,A300054001 | verified,asset_master,ast_76dc6e70b8de,1.0,confirmed,"{""cleanup_action"": null, ""source_canonical_name"": ""국내 상장 리츠, 주식, ETF, 공모주, 이벤트 드리븐""}"
asset:ast_77132a62be4b,asset,ast_77132a62be4b,A112338000,A112338000 | 아래 자산별 상세 내역 | verified,asset_master,ast_77132a62be4b,1.0,confirmed,"{""cleanup_action"": null, ""source_canonical_name"": ""Odawara Logistics Amazon FC""}"
asset:ast_7773542720e0,asset,ast_7773542720e0,A112003002,A112003002 | 서울특별시 서대문구 미근동 257 | verified,asset_master,ast_7773542720e0,1.0,confirmed,"{""cleanup_action"": null, ""source_canonical_name"": ""NH농협생명빌딩 동관(구, 임광빌딩 신관)""}"
asset:ast_77c2451f5139,asset,ast_77c2451f5139,A112249001,A112249001 | 경기도 평택시 동삭동 342번지 일원 | verified,asset_master,ast_77c2451f5139,1.0,confirmed,"{""cleanup_action"": null, ""source_canonical_name"": ""동삭센토피아 지역주택조합 아파트""}"
asset:ast_77ede44aa23a,asset,ast_77ede44aa23a,A112584040,"A112584040 | 충남 논산시 은진면 용산리 296, 299-5 | verified",asset_master,ast_77ede44aa23a,1.0,confirmed,"{""cleanup_action"": null, ""source_canonical_name"": ""케이앤씨그린북""}"
asset:ast_782f84536edf,asset,ast_782f84536edf,A112466023,A112466023 | 경상북도 영주시 조와동 133 | verified,asset_master,ast_782f84536edf,1.0,confirmed,"{""cleanup_action"": null, ""source_canonical_name"": ""에이스쏠라""}"
asset:ast_7895e015edf7,asset,ast_7895e015edf7,A120045002,A120045002 | verified,asset_master,ast_7895e015edf7,1.0,confirmed,"{""cleanup_action"": null, ""source_canonical_name"": ""코어그린에너지 주식 및 대여금""}"
asset:ast_78c438a9c9a1,asset,ast_78c438a9c9a1,A112223022,A112223022 | 5200 Mercury Drive | verified,asset_master,ast_78c438a9c9a1,1.0,confirmed,"{""cleanup_action"": null, ""source_canonical_name"": ""Courtyard Detroit Dearborn""}"
asset:ast_78dab1be1bf0,asset,ast_78dab1be1bf0,A112208001,A112208001 | 701 7th Ave New York NY | verified,asset_master,ast_78dab1be1bf0,1.0,confirmed,"{""cleanup_action"": null, ""source_canonical_name"": ""New York 20 Times Square Senior Loan""}"
asset:ast_790533b0da44,asset,ast_790533b0da44,A112003001,A112003001 | 서울특별시 서대문구 미근동 267 | verified,asset_master,ast_790533b0da44,1.0,confirmed,"{""cleanup_action"": null, ""source_canonical_name"": ""NH농협생명빌딩 서관(구, 임광빌딩 본관)""}"
asset:ast_791b962e0c10,asset,ast_791b962e0c10,A112217001,A112217001 | 서울시 종로구 관철동 10-2 및 7-3 | verified,asset_master,ast_791b962e0c10,1.0,confirmed,"{""cleanup_action"": null, ""source_canonical_name"": ""삼일빌딩""}"
asset:ast_793a6f36a0f5,asset,ast_793a6f36a0f5,A300039001,A300039001 | verified,asset_master,ast_793a6f36a0f5,1.0,confirmed,"{""cleanup_action"": null, ""source_canonical_name"": ""집합투자증권, 조합 출자지분, 메자닌, 이벤트 드리븐, 공모주, 스팩, ETF""}"
asset:ast_79be067b7ddd,asset,ast_79be067b7ddd,A112252001,"A112252001 | 서울시 강남구 역삼동 605-17, 605-27번지 | verified",asset_master,ast_79be067b7ddd,1.0,confirmed,"{""cleanup_action"": null, ""source_canonical_name"": ""강남구 역삼동 오피스텔 및 근린생활시설 신축사업""}"
asset:ast_79c9f274cd28,asset,ast_79c9f274cd28,A112500003,A112500003 | 경기도 안성시 원곡면 칠곡리 941번지 | verified,asset_master,ast_79c9f274cd28,1.0,confirmed,"{""cleanup_action"": null, ""source_canonical_name"": ""안성 홈플러스 중부허브 물류센터""}"
asset:ast_79e367791fe8,asset,ast_79e367791fe8,A120056002,A120056002 | verified,asset_master,ast_79e367791fe8,1.0,confirmed,"{""cleanup_action"": null, ""source_canonical_name"": ""아이에이제십오차유동화전문 유한회사""}"
asset:ast_7a24bbf34ad5,asset,ast_7a24bbf34ad5,A112642001,A112642001 | 경기도 화성시 장안면 석포리 147-12 | verified,asset_master,ast_7a24bbf34ad5,1.0,confirmed,"{""cleanup_action"": null, ""source_canonical_name"": ""화성 석포리 물류센터""}"
asset:ast_7a29ef0974d5,asset,ast_7a29ef0974d5,A112569001,"A112569001 | 경기도 하남시 풍산동 607-2,3 | verified",asset_master,ast_7a29ef0974d5,1.0,confirmed,"{""cleanup_action"": null, ""source_canonical_name"": ""이지스354호 수익증권""}"
asset:ast_7a35fc542c9f,asset,ast_7a35fc542c9f,AR00006001,AR00006001 | 야탑동 343-1 | auto_created,asset_master,ast_7a35fc542c9f,1.0,confirmed,"{""cleanup_action"": null, ""source_canonical_name"": ""이지스데이터센터위탁관리부동산투자회사 주식회사""}"
asset:ast_7a413edaa9cb,asset,ast_7a413edaa9cb,A112250001,A112250001 | verified,asset_master,ast_7a413edaa9cb,1.0,confirmed,"{""cleanup_action"": null, ""source_canonical_name"": ""Glennmont REBS Europe Fund I""}"
asset:ast_7a41b6b1cb32,asset,ast_7a41b6b1cb32,A112063001,"A112063001 | 1050 Connecticut Avenue NW, Washington, D.C. | verified",asset_master,ast_7a41b6b1cb32,1.0,confirmed,"{""cleanup_action"": null, ""source_canonical_name"": ""Washington D.C. Washington Square Mezzanine Loan""}"
asset:ast_7a55d14dbec0,asset,ast_7a55d14dbec0,A112592001,A112592001 | 대전광역시 유성구 관평동 887 | verified,asset_master,ast_7a55d14dbec0,1.0,confirmed,"{""cleanup_action"": null, ""source_canonical_name"": ""롯데마트대덕점""}"
asset:ast_7aa7a870d57d,asset,ast_7aa7a870d57d,A120018001,A120018001 | 경기도 고양시 일산동구 문봉동 16-21 외 | verified,asset_master,ast_7aa7a870d57d,1.0,confirmed,"{""cleanup_action"": null, ""source_canonical_name"": ""신영문봉PFV의 대출채권 및 지분증권""}"
asset:ast_7ab6aebd7878,asset,ast_7ab6aebd7878,AP00020001,"AP00020001 | 인천광역시 서구 원당동 3203-104, 105 | verified",asset_master,ast_7ab6aebd7878,1.0,confirmed,"{""cleanup_action"": null, ""source_canonical_name"": ""검단 오피스텔 개발""}"
asset:ast_7b19a096c506,asset,ast_7b19a096c506,A112584004,"A112584004 | 경북 의성군 옥산면 입암리 7,9,10 | verified",asset_master,ast_7b19a096c506,1.0,confirmed,"{""cleanup_action"": null, ""source_canonical_name"": ""현대산업쏠라5호""}"
asset:ast_7b6983c76267,asset,ast_7b6983c76267,A112226001,A112226001 | 제주특별자치도 서귀포시 색달동 2785 外 | verified,asset_master,ast_7b6983c76267,1.0,confirmed,"{""cleanup_action"": null, ""source_canonical_name"": ""켄싱턴 제주호텔 부동산담보신탁 1종 수익권""}"
asset:ast_7b6a0d5ee212,asset,ast_7b6a0d5ee212,A112001002,A112001002 | 경기도 안양시 만안구 안양동 627-287 | verified,asset_master,ast_7b6a0d5ee212,1.0,confirmed,"{""cleanup_action"": null, ""source_canonical_name"": ""2001아울렛(안양)""}"
asset:ast_7b6e6d2a39c2,asset,ast_7b6e6d2a39c2,A112547001,A112547001 | 경기도 용인시 처인구 남사읍 완장리 산100번지 일원 | verified,asset_master,ast_7b6e6d2a39c2,1.0,confirmed,"{""cleanup_action"": null, ""source_canonical_name"": ""완장리 물류센터""}"
asset:ast_7b9428967d1a,asset,ast_7b9428967d1a,A112223016,A112223016 | 7621 Beach Boulevard | verified,asset_master,ast_7b9428967d1a,1.0,confirmed,"{""cleanup_action"": null, ""source_canonical_name"": ""Courtyard Anaheim Buena Park""}"
asset:ast_7b9ae18fb951,asset,ast_7b9ae18fb951,A190014001,A190014001 | 부산광역시 강서구 송정동 1711-4번지 외 4필지 | verified,asset_master,ast_7b9ae18fb951,1.0,confirmed,"{""cleanup_action"": null, ""source_canonical_name"": ""명지녹산데이터센터개발사업""}"
asset:ast_7bb76c255a79,asset,ast_7bb76c255a79,A112258001,A112258001 | 서울 양천구 신정동 329-10번지 | verified,asset_master,ast_7bb76c255a79,1.0,confirmed,"{""cleanup_action"": null, ""source_canonical_name"": ""신정동 근린생활시설""}"
asset:ast_7bee65577fd7,asset,ast_7bee65577fd7,ast_7bee65577fd7,전라남도 고흥군 도화면 봉룡리 산222 | auto_created,asset_master,ast_7bee65577fd7,1.0,confirmed,"{""cleanup_action"": null, ""source_canonical_name"": ""미래화희망""}"
asset:ast_7c345c8c857a,asset,ast_7c345c8c857a,A112504008,A112504008 | 경북 영천시 북안면 효리 산82-1 | verified,asset_master,ast_7c345c8c857a,1.0,confirmed,"{""cleanup_action"": null, ""source_canonical_name"": ""시온솔라""}"
asset:ast_7cb9a346dc83,asset,ast_7cb9a346dc83,A112504018,A112504018 | 강원도 삼척시 원덕읍 임원리 산255 | verified,asset_master,ast_7cb9a346dc83,1.0,confirmed,"{""cleanup_action"": null, ""source_canonical_name"": ""임원""}"
asset:ast_7cf20a80bc30,asset,ast_7cf20a80bc30,A112064001,"A112064001 | 서울특별시 종로구 관훈동 38, 44 | verified",asset_master,ast_7cf20a80bc30,1.0,confirmed,"{""cleanup_action"": null, ""source_canonical_name"": ""쌈지길""}"
asset:ast_7cfadd3adb65,asset,ast_7cfadd3adb65,A112350001,A112350001 | 서울특별시 중구 명동1가 59-5외 8필지 | verified,asset_master,ast_7cfadd3adb65,1.0,confirmed,"{""cleanup_action"": null, ""source_canonical_name"": ""타임워크명동""}"
asset:ast_7d37fa81629c,asset,ast_7d37fa81629c,A300039001,A300039001 | verified,asset_master,ast_7d37fa81629c,1.0,confirmed,"{""cleanup_action"": null, ""source_canonical_name"": ""집합투자증권, 조합 출자지분, 메자닌, 이벤트 드리븐, 공모주, 스팩, ETF""}"
asset:ast_7d6f8cc1d9cb,asset,ast_7d6f8cc1d9cb,A200030002,A200030002 | 서울특별시 중구 청계천로 100 | verified,asset_master,ast_7d6f8cc1d9cb,1.0,confirmed,"{""cleanup_action"": null, ""source_canonical_name"": ""시그니처타워""}"
asset:ast_7dbf61112b72,asset,ast_7dbf61112b72,A112690001,A112690001 | 서울특별시 중구 후암로 110(남대문로5가) | verified,asset_master,ast_7dbf61112b72,1.0,confirmed,"{""cleanup_action"": null, ""source_canonical_name"": ""서울시티타워""}"
asset:ast_7dc6f67bfd0a,asset,ast_7dc6f67bfd0a,AP00033001,AP00033001 | 은평구 진관동 208-10 일원 | verified,asset_master,ast_7dc6f67bfd0a,1.0,confirmed,"{""cleanup_action"": null, ""source_canonical_name"": ""은평 시니어레지던스""}"
asset:ast_7dcd599a9654,asset,ast_7dcd599a9654,A200011001,A200011001 | verified,asset_master,ast_7dcd599a9654,1.0,confirmed,"{""cleanup_action"": null, ""source_canonical_name"": ""Starwood European Real Estate Debt Finance II (SEREDF II""}"
asset:ast_7de62416869e,asset,ast_7de62416869e,A112054001,A112054001 | 대전시 유성구 관평동 887 | verified,asset_master,ast_7de62416869e,1.0,confirmed,"{""cleanup_action"": null, ""source_canonical_name"": ""롯데마트(대전대덕)""}"
asset:ast_7e206e73f6fa,asset,ast_7e206e73f6fa,A112694001,A112694001 | 후암로110 | verified,asset_master,ast_7e206e73f6fa,1.0,confirmed,"{""cleanup_action"": null, ""source_canonical_name"": ""이지스제463호부동산일반사모투자회사""}"
asset:ast_7e3205174267,asset,ast_7e3205174267,A190008001,A190008001 | 서울특별시 용산구 | verified,asset_master,ast_7e3205174267,1.0,confirmed,"{""cleanup_action"": null, ""source_canonical_name"": ""이태원동 133-17 외 2필지""}"
asset:ast_7e5918652b7b,asset,ast_7e5918652b7b,A112700001,A112700001 | 여의대로70 | verified,asset_master,ast_7e5918652b7b,1.0,confirmed,"{""cleanup_action"": null, ""source_canonical_name"": ""여의도 신한금융투자타워""}"
asset:ast_7e82a79ae501,asset,ast_7e82a79ae501,A112584021,"A112584021 | 강원도 원주시 문막읍 반계리 2255-2, 2255-3 | verified",asset_master,ast_7e82a79ae501,1.0,confirmed,"{""cleanup_action"": null, ""source_canonical_name"": ""에이치엠솔라1""}"
asset:ast_7e9acc299d06,asset,ast_7e9acc299d06,A112144001,A112144001 | 서울특별시 강남구 삼성동 157-27 | verified,asset_master,ast_7e9acc299d06,1.0,confirmed,"{""cleanup_action"": null, ""source_canonical_name"": ""V플렉스""}"
asset:ast_7eff2061d2c1,asset,ast_7eff2061d2c1,A120008001,A120008001 | verified,asset_master,ast_7eff2061d2c1,1.0,confirmed,"{""cleanup_action"": null, ""source_canonical_name"": ""용산더프라임""}"
asset:ast_7f04e40d8fcc,asset,ast_7f04e40d8fcc,A112466022,"A112466022 | 강원도 정선군 북평면 남평리 271, 271-2 | verified",asset_master,ast_7f04e40d8fcc,1.0,confirmed,"{""cleanup_action"": null, ""source_canonical_name"": ""스카이에너지""}"
asset:ast_7f15b2995cda,asset,ast_7f15b2995cda,AR00014001,AR00014001 | verified,asset_master,ast_7f15b2995cda,1.0,confirmed,"{""cleanup_action"": null, ""source_canonical_name"": ""신도림 디큐브시티 백화점""}"
asset:ast_7f15dadaebbf,asset,ast_7f15dadaebbf,A112666004,A112666004 | 서울특별시 강남구 테헤란로 306 | verified,asset_master,ast_7f15dadaebbf,1.0,confirmed,"{""cleanup_action"": null, ""source_canonical_name"": ""카이트타워 선순위 담보대출""}"
asset:ast_7f66d2a674c4,asset,ast_7f66d2a674c4,A112012001,A112012001 | 서울특별시 강남구 대치동 1004 | verified,asset_master,ast_7f66d2a674c4,1.0,confirmed,"{""cleanup_action"": null, ""source_canonical_name"": ""동일타워""}"
asset:ast_7fab604da477,asset,ast_7fab604da477,A200018001,A200018001 | verified,asset_master,ast_7fab604da477,1.0,confirmed,"{""cleanup_action"": null, ""source_canonical_name"": ""Golub Capital Partners International 11, L.P.""}"
asset:ast_7fe8561ccfd3,asset,ast_7fe8561ccfd3,A112163001,A112163001 | 부산광역시 수영구 광안동 98-1 외 6필지 | verified,asset_master,ast_7fe8561ccfd3,1.0,confirmed,"{""cleanup_action"": null, ""source_canonical_name"": ""부산 수영구 광안동 98-1외 7필지 오피스텔 PF대출""}"
asset:ast_7ff36ba40390,asset,ast_7ff36ba40390,A112709002,A112709002 | verified,asset_master,ast_7ff36ba40390,1.0,confirmed,"{""cleanup_action"": null, ""source_canonical_name"": ""전환사채""}"
asset:ast_7ff7300b8ef6,asset,ast_7ff7300b8ef6,A112182001,A112182001 | verified,asset_master,ast_7ff7300b8ef6,1.0,confirmed,"{""cleanup_action"": null, ""source_canonical_name"": ""Nuveen Global Real Estate Debt Partners Fund II (UK)""}"
asset:ast_8037c5fed7e0,asset,ast_8037c5fed7e0,A112576001,A112576001 | verified,asset_master,ast_8037c5fed7e0,1.0,confirmed,"{""cleanup_action"": null, ""source_canonical_name"": ""Macquarie Infrasturcture Partners V, L.P""}"
asset:ast_8058fee6124d,asset,ast_8058fee6124d,A112188001,"A112188001 | 3-10-14 Kameari, Katsushika-ku, Tokyo | verified",asset_master,ast_8058fee6124d,1.0,confirmed,"{""cleanup_action"": null, ""source_canonical_name"": ""Sun Crest Kameari""}"
asset:ast_8073fc1f9032,asset,ast_8073fc1f9032,ast_8073fc1f9032,경상북도 의성군 옥산면 입암리 9 | auto_created,asset_master,ast_8073fc1f9032,1.0,confirmed,"{""cleanup_action"": null, ""source_canonical_name"": ""현대산업쏠라5호""}"
asset:ast_808ae65372f4,asset,ast_808ae65372f4,AP00003001,AP00003001 | verified,asset_master,ast_808ae65372f4,1.0,confirmed,"{""cleanup_action"": null, ""source_canonical_name"": ""오시리아타워레지던스""}"
asset:ast_80fb948c4bbb,asset,ast_80fb948c4bbb,A200002001,A200002001 | verified,asset_master,ast_80fb948c4bbb,1.0,confirmed,"{""cleanup_action"": null, ""source_canonical_name"": ""Hines European Property Partners""}"
asset:ast_814387955675,asset,ast_814387955675,A112066001,A112066001 | verified,asset_master,ast_814387955675,1.0,confirmed,"{""cleanup_action"": null, ""source_canonical_name"": ""PFV_Westwood 지분증권""}"
asset:ast_81f9f27b2736,asset,ast_81f9f27b2736,A112362007,A112362007 | 일본 도쿄도 23구 내 | verified,asset_master,ast_81f9f27b2736,1.0,confirmed,"{""cleanup_action"": null, ""source_canonical_name"": ""PASEO 시모키타자와""}"
asset:ast_8237a62aef6a,asset,ast_8237a62aef6a,A112042001,A112042001 | 서울특별시 서대문구 미근동 163 | verified,asset_master,ast_8237a62aef6a,1.0,confirmed,"{""cleanup_action"": null, ""source_canonical_name"": ""신라스테이서대문""}"
asset:ast_82588f68640c,asset,ast_82588f68640c,A112153001,A112153001 | 서울특별시 강남구 신사동 545-18 외 1필지 | verified,asset_master,ast_82588f68640c,1.0,confirmed,"{""cleanup_action"": null, ""source_canonical_name"": ""가로골목""}"
asset:ast_8265c901d300,asset,ast_8265c901d300,A200014001,A200014001 | verified,asset_master,ast_8265c901d300,1.0,confirmed,"{""cleanup_action"": null, ""source_canonical_name"": ""TIKEHAU Capital이운용하는TIKEHAU Direct Lending 6L의수익증권""}"
asset:ast_82a02139e4fd,asset,ast_82a02139e4fd,A112249001,A112249001 | 경기도 평택시 동삭동 342번지 일원 | verified,asset_master,ast_82a02139e4fd,1.0,confirmed,"{""cleanup_action"": null, ""source_canonical_name"": ""동삭센토피아 지역주택조합 아파트""}"
asset:ast_82cde1ed5a30,asset,ast_82cde1ed5a30,A112298001,A112298001 | 서울 송파구 잠실동 183-12외 2필지 | verified,asset_master,ast_82cde1ed5a30,1.0,confirmed,"{""cleanup_action"": null, ""source_canonical_name"": ""잠실새내 오피스텔 신축사업""}"
asset:ast_834d830d4c5a,asset,ast_834d830d4c5a,A112560001,A112560001 | 44-54 Ninth Avenue | verified,asset_master,ast_834d830d4c5a,1.0,confirmed,"{""cleanup_action"": null, ""source_canonical_name"": ""Manhattan Meatpacking Plaza Senior + Mezz Loan""}"
asset:ast_835e9f381ae3,asset,ast_835e9f381ae3,A112299001,A112299001 | 인천광역시 서구 오류동 1549-4 | auto_created,asset_master,ast_835e9f381ae3,1.0,confirmed,"{""cleanup_action"": null, ""source_canonical_name"": ""스카이박스1, 스카이박스2""}"
asset:ast_83cfca9b7e9b,asset,ast_83cfca9b7e9b,A200038001,A200038001 | verified,asset_master,ast_83cfca9b7e9b,1.0,confirmed,"{""cleanup_action"": null, ""source_canonical_name"": ""Pan-European Infrastructure Fund IV SCSp""}"
asset:ast_84125d66e5f0,asset,ast_84125d66e5f0,A112368001,"A112368001 | 서울시 마포구 서교동 354-1, 3, 22번지 | verified",asset_master,ast_84125d66e5f0,1.0,confirmed,"{""cleanup_action"": null, ""source_canonical_name"": ""KORNER 136""}"
asset:ast_842871707662,asset,ast_842871707662,ast_842871707662,충청북도 진천군 문백면 계산리 359-1 | auto_created,asset_master,ast_842871707662,1.0,confirmed,"{""cleanup_action"": null, ""source_canonical_name"": ""와이알에너지""}"
asset:ast_84491d5860d7,asset,ast_84491d5860d7,A112442001,A112442001 | 경기도 하남시 풍산동 607-2 | auto_created,asset_master,ast_84491d5860d7,1.0,confirmed,"{""cleanup_action"": null, ""source_canonical_name"": ""하남데이터센터""}"
asset:ast_8463e9312b39,asset,ast_8463e9312b39,A120046001,A120046001 | verified,asset_master,ast_8463e9312b39,1.0,confirmed,"{""cleanup_action"": null, ""source_canonical_name"": ""이지스 코어에너지인프라 1호 수익증권""}"
asset:ast_84777620581a,asset,ast_84777620581a,A112466026,A112466026 | 전남 순천시 주암면 백록리 산 41-8 | verified,asset_master,ast_84777620581a,1.0,confirmed,"{""cleanup_action"": null, ""source_canonical_name"": ""곡성""}"
asset:ast_8485bd818e1d,asset,ast_8485bd818e1d,A112629001,A112629001 | verified,asset_master,ast_8485bd818e1d,1.0,confirmed,"{""cleanup_action"": null, ""source_canonical_name"": ""국내 리츠""}"
asset:ast_84a189ca5219,asset,ast_84a189ca5219,AP00003001,AP00003001 | verified,asset_master,ast_84a189ca5219,1.0,confirmed,"{""cleanup_action"": null, ""source_canonical_name"": ""오시리아타워레지던스""}"
asset:ast_84c127b8ca64,asset,ast_84c127b8ca64,A120045001,A120045001 | verified,asset_master,ast_84c127b8ca64,1.0,confirmed,"{""cleanup_action"": null, ""source_canonical_name"": ""한림그린에너지 주식 및 대여금""}"
asset:ast_84c4e6c8e0bf,asset,ast_84c4e6c8e0bf,A112136001,A112136001 | 경기도 광명시 일직동 508-4 | verified,asset_master,ast_84c4e6c8e0bf,1.0,confirmed,"{""cleanup_action"": null, ""source_canonical_name"": ""광명 역세권지구 복합시설 신축""}"
asset:ast_854de4d7b05b,asset,ast_854de4d7b05b,A112297001,A112297001 | 경기도 하남시 하남미사 자족시설용지 12-2/3BL | verified,asset_master,ast_854de4d7b05b,1.0,confirmed,"{""cleanup_action"": null, ""source_canonical_name"": ""하남미사 지식산업센터""}"
asset:ast_855b77ffc374,asset,ast_855b77ffc374,A112028001,A112028001 | 서울특별시 종로구 수송동 156 | verified,asset_master,ast_855b77ffc374,1.0,confirmed,"{""cleanup_action"": null, ""source_canonical_name"": ""광화문G타워""}"
asset:ast_8574787ff3ec,asset,ast_8574787ff3ec,A120038001,A120038001 | 서울특별시 성동구 성수동 268-2번지 외 2필지 | verified,asset_master,ast_8574787ff3ec,1.0,confirmed,"{""cleanup_action"": null, ""source_canonical_name"": ""성수 빅트라이앵글B/L(이지스성수PF재구조화 2종 수익증권)""}"
asset:ast_85753c049318,asset,ast_85753c049318,A112504002,A112504002 | 강원도 영월군 상동읍 수래리 194-1 | verified,asset_master,ast_85753c049318,1.0,confirmed,"{""cleanup_action"": null, ""source_canonical_name"": ""최강일 태양광발전소""}"
asset:ast_859c72f41f43,asset,ast_859c72f41f43,A112501001,A112501001 | verified,asset_master,ast_859c72f41f43,1.0,confirmed,"{""cleanup_action"": null, ""source_canonical_name"": ""Clarion Lion Properties Fund""}"
asset:ast_859f99e97066,asset,ast_859f99e97066,A112007001,A112007001 | 전라남도 나주시 송월동 1106-2 외 2필지 | verified,asset_master,ast_859f99e97066,1.0,confirmed,"{""cleanup_action"": null, ""source_canonical_name"": ""롯데마트(나주)""}"
asset:ast_85c4284120a0,asset,ast_85c4284120a0,ast_85c4284120a0,경상북도 상주시 내서면 노류리 572-2 | auto_created,asset_master,ast_85c4284120a0,1.0,confirmed,"{""cleanup_action"": null, ""source_canonical_name"": ""케이앤스틸테크놀로지""}"
asset:ast_863c34bc88b1,asset,ast_863c34bc88b1,A112005001,A112005001 | 서울특별시 강남구 논현동 119 | verified,asset_master,ast_863c34bc88b1,1.0,confirmed,"{""cleanup_action"": null, ""source_canonical_name"": ""더피나클강남""}"
asset:ast_8645e842633c,asset,ast_8645e842633c,A112237001,A112237001 | 서울특별시 영등포구 여의도동 23-6 | verified,asset_master,ast_8645e842633c,1.0,confirmed,"{""cleanup_action"": null, ""source_canonical_name"": ""오투타워""}"
asset:ast_864ff5655978,asset,ast_864ff5655978,A200014001,A200014001 | verified,asset_master,ast_864ff5655978,1.0,confirmed,"{""cleanup_action"": null, ""source_canonical_name"": ""TIKEHAU Capital이운용하는TIKEHAU Direct Lending 6L의수익증권""}"
asset:ast_866314e4db59,asset,ast_866314e4db59,A200030004,A200030004 | 서울특별시 강남구 삼성로 512 | verified,asset_master,ast_866314e4db59,1.0,confirmed,"{""cleanup_action"": null, ""source_canonical_name"": ""삼성동 빌딩""}"
asset:ast_866984747e2a,asset,ast_866984747e2a,A200042001,"A200042001 | Gazdy, 41-806 Zabrze, Poland | verified",asset_master,ast_866984747e2a,1.0,confirmed,"{""cleanup_action"": null, ""source_canonical_name"": ""Booster Zabrze 물류단지""}"
asset:ast_867da725ab6d,asset,ast_867da725ab6d,A200022001,A200022001 | verified,asset_master,ast_867da725ab6d,1.0,confirmed,"{""cleanup_action"": null, ""source_canonical_name"": ""Brookfield Super-Core Infrastructure Partners Partnership L.P.""}"
asset:ast_86956579cab9,asset,ast_86956579cab9,A112739001,A112739001 | verified,asset_master,ast_86956579cab9,1.0,confirmed,"{""cleanup_action"": null, ""source_canonical_name"": ""Apollo European Principal Finance Fund IV""}"
asset:ast_8695f175dd4a,asset,ast_8695f175dd4a,A200006001,A200006001 | verified,asset_master,ast_8695f175dd4a,1.0,confirmed,"{""cleanup_action"": null, ""source_canonical_name"": ""Pantheon Viking Co-Invest LP""}"
asset:ast_86b73cdb75eb,asset,ast_86b73cdb75eb,A112205001,A112205001 | 서울특별시 광진구 자양동 9-4 | verified,asset_master,ast_86b73cdb75eb,1.0,confirmed,"{""cleanup_action"": null, ""source_canonical_name"": ""건대몰오브K""}"
asset:ast_86bf4722d494,asset,ast_86bf4722d494,A112478001,A112478001 | 아래 자산별 상세 내역 | verified,asset_master,ast_86bf4722d494,1.0,confirmed,"{""cleanup_action"": null, ""source_canonical_name"": ""US Courtyard by Marriott Portfolio Rescue Capital Loan""}"
asset:ast_86f45a70b070,asset,ast_86f45a70b070,A112470001,A112470001 | verified,asset_master,ast_86f45a70b070,1.0,confirmed,"{""cleanup_action"": null, ""source_canonical_name"": ""이지스 353호 (OPUS 459/舊백암빌딩)""}"
asset:ast_878300cda6ad,asset,ast_878300cda6ad,A112445003,A112445003 | 서울특별시 중구 광희동2가 238-1 | verified,asset_master,ast_878300cda6ad,1.0,confirmed,"{""cleanup_action"": null, ""source_canonical_name"": ""맹그로브 동대문""}"
asset:ast_879736673d32,asset,ast_879736673d32,A112466031,"A112466031 | 강원도 삼척시 도계읍 전두리 166,167 | verified",asset_master,ast_879736673d32,1.0,confirmed,"{""cleanup_action"": null, ""source_canonical_name"": ""에스플래닛삼십사호""}"
asset:ast_880b26b6e8be,asset,ast_880b26b6e8be,A112535001,A112535001 | 경기도 성남시 수정구 창업로 17 | verified,asset_master,ast_880b26b6e8be,1.0,confirmed,"{""cleanup_action"": null, ""source_canonical_name"": ""판교아이스퀘어D동""}"
asset:ast_8811b74d45af,asset,ast_8811b74d45af,ast_8811b74d45af,강원특별자치도 횡성군 횡성읍 송전리 34 | auto_created,asset_master,ast_8811b74d45af,1.0,confirmed,"{""cleanup_action"": null, ""source_canonical_name"": ""신명솔라 태양광발전소""}"
asset:ast_88157f8599f7,asset,ast_88157f8599f7,A112584045,A112584045 | 경북 김천시 어모면 남신리 213번지 | verified,asset_master,ast_88157f8599f7,1.0,confirmed,"{""cleanup_action"": null, ""source_canonical_name"": ""솔라팩토리22호""}"
asset:ast_8870b9567bcd,asset,ast_8870b9567bcd,A12002301,A12002301 | 제주특별자치도 제주시 애월읍 상가리 17-6 | auto_created,asset_master,ast_8870b9567bcd,1.0,confirmed,"{""cleanup_action"": null, ""source_canonical_name"": ""애월 복합관광단지 개발""}"
asset:ast_89172a057e86,asset,ast_89172a057e86,ast_89172a057e86,충청북도 제천시 봉양읍 공전리 359-1 | auto_created,asset_master,ast_89172a057e86,1.0,confirmed,"{""cleanup_action"": null, ""source_canonical_name"": ""솔라트리1호""}"
asset:ast_8964bf5b27c4,asset,ast_8964bf5b27c4,A112081001,A112081001 | 경기도 성남시 분당구 야탑동 356 | verified,asset_master,ast_8964bf5b27c4,1.0,confirmed,"{""cleanup_action"": null, ""source_canonical_name"": ""NC백화점(야탑)""}"
asset:ast_89a1de3b387b,asset,ast_89a1de3b387b,A112147001,A112147001 | verified,asset_master,ast_89a1de3b387b,1.0,confirmed,"{""cleanup_action"": null, ""source_canonical_name"": ""Rockpoint Growth and Income Real Estate Fund II""}"
asset:ast_89a55348d21e,asset,ast_89a55348d21e,A112577001,A112577001 | verified,asset_master,ast_89a55348d21e,1.0,confirmed,"{""cleanup_action"": null, ""source_canonical_name"": ""Ardian Americas Infrastructure Fund V S.C.S., SICAV-RAIF""}"
asset:ast_89f1f1989a34,asset,ast_89f1f1989a34,AP00031001,AP00031001 | 경기도 구리시 수택동 370 | verified,asset_master,ast_89f1f1989a34,1.0,confirmed,"{""cleanup_action"": null, ""source_canonical_name"": ""구리시 수택동 주거용 오피스텔""}"
asset:ast_89fe99414d33,asset,ast_89fe99414d33,A112347001,A112347001 | verified,asset_master,ast_89fe99414d33,1.0,confirmed,"{""cleanup_action"": null, ""source_canonical_name"": ""Townsend Europe Logistics Venture II Korea Feeder""}"
asset:ast_89ffa6034b43,asset,ast_89ffa6034b43,A112694001,A112694001 | 후암로110 | verified,asset_master,ast_89ffa6034b43,1.0,confirmed,"{""cleanup_action"": null, ""source_canonical_name"": ""이지스제463호부동산일반사모투자회사""}"
asset:ast_8a013a44ba44,asset,ast_8a013a44ba44,A112333001,"A112333001 | 208 South Akard Street, Dallas, Texas 75201 | verified",asset_master,ast_8a013a44ba44,1.0,confirmed,"{""cleanup_action"": null, ""source_canonical_name"": ""Dallas Office One AT&T Plaza""}"
asset:ast_8a2bc4422178,asset,ast_8a2bc4422178,A112180001,A112180001 | verified,asset_master,ast_8a2bc4422178,1.0,confirmed,"{""cleanup_action"": null, ""source_canonical_name"": ""UBS Trumbull Property Income Fund""}"
asset:ast_8a924c865968,asset,ast_8a924c865968,A300080001,A300080001 | verified,asset_master,ast_8a924c865968,1.0,confirmed,"{""cleanup_action"": null, ""source_canonical_name"": ""공모주,  국내 주식""}"
asset:ast_8a93d35b0890,asset,ast_8a93d35b0890,AP00011001,AP00011001 | 강원특별자치도 강릉시 송정동 259 | auto_created,asset_master,ast_8a93d35b0890,1.0,confirmed,"{""cleanup_action"": null, ""source_canonical_name"": ""디오션259피에프브이 주식회사""}"
asset:ast_8b4c1f448d43,asset,ast_8b4c1f448d43,A112347003,A112347003 | 네덜란드 | verified,asset_master,ast_8b4c1f448d43,1.0,confirmed,"{""cleanup_action"": null, ""source_canonical_name"": ""Kuhn Portfolio""}"
asset:ast_8b720b34e564,asset,ast_8b720b34e564,A200027001,A200027001 | verified,asset_master,ast_8b720b34e564,1.0,confirmed,"{""cleanup_action"": null, ""source_canonical_name"": ""EQT Infrastructure VI (No.1) EUR SCSp""}"
asset:ast_8b9207d29b9d,asset,ast_8b9207d29b9d,A112054002,A112054002 | 제주시 노형동 708 | verified,asset_master,ast_8b9207d29b9d,1.0,confirmed,"{""cleanup_action"": null, ""source_canonical_name"": ""롯데마트(제주)""}"
asset:ast_8bd8d91c9bb8,asset,ast_8bd8d91c9bb8,AP00017001,AP00017001 | 충청남도 천안시 서북구 성성동 366-3 | auto_created,asset_master,ast_8bd8d91c9bb8,1.0,confirmed,"{""cleanup_action"": null, ""source_canonical_name"": ""천안성성7지구공동주택""}"
asset:ast_8be0e8a3b047,asset,ast_8be0e8a3b047,ast_8be0e8a3b047,충청남도 서천군 서면 원두리 산79-1 | auto_created,asset_master,ast_8be0e8a3b047,1.0,confirmed,"{""cleanup_action"": null, ""source_canonical_name"": ""소망""}"
asset:ast_8c1cc2a2dfa8,asset,ast_8c1cc2a2dfa8,A200029001,A200029001 | verified,asset_master,ast_8c1cc2a2dfa8,1.0,confirmed,"{""cleanup_action"": null, ""source_canonical_name"": ""PMBK가 운용하는 APAC Sustainable Infrastructure Fund LP의 수익증권""}"
asset:ast_8c4bee05b692,asset,ast_8c4bee05b692,A300051001,A300051001 | verified,asset_master,ast_8c4bee05b692,1.0,confirmed,"{""cleanup_action"": null, ""source_canonical_name"": ""미국상장BDC, 공모주 집합투자증권, ETF, 채권, 국내 MMF""}"
asset:ast_8c5d70080541,asset,ast_8c5d70080541,A120050001,A120050001 | verified,asset_master,ast_8c5d70080541,1.0,confirmed,"{""cleanup_action"": null, ""source_canonical_name"": ""수서역세권 공공주택지구 B1-3BL 개발사업 브릿지대출""}"
asset:ast_8ceaed1817c5,asset,ast_8ceaed1817c5,A120022002,A120022002 | verified,asset_master,ast_8ceaed1817c5,1.0,confirmed,"{""cleanup_action"": null, ""source_canonical_name"": ""랜드플랫폼 1-2호""}"
asset:ast_8cec1143f42b,asset,ast_8cec1143f42b,A120106001,A120106001 | 서울특별시 중구 청계천로 100 | verified,asset_master,ast_8cec1143f42b,1.0,confirmed,"{""cleanup_action"": null, ""source_canonical_name"": ""이지스 130호(모) 제1-1종 수익증권""}"
asset:ast_8d2911b657d8,asset,ast_8d2911b657d8,A112277001,A112277001 | 경기도 파주시 와동동 1433 | auto_created,asset_master,ast_8d2911b657d8,1.0,confirmed,"{""cleanup_action"": null, ""source_canonical_name"": ""파주 운정지구 오피스 개발사업""}"
asset:ast_8e254bfe7df1,asset,ast_8e254bfe7df1,A112010001,"A112010001 | One Wood Street, London, EC2 | verified",asset_master,ast_8e254bfe7df1,1.0,confirmed,"{""cleanup_action"": null, ""source_canonical_name"": ""런던원우드스트리트 Prime오피스""}"
asset:ast_8e3a0cd2dbb4,asset,ast_8e3a0cd2dbb4,A200045001,A200045001 | 미국 인디애나州 Purdue University 인근 | verified,asset_master,ast_8e3a0cd2dbb4,1.0,confirmed,"{""cleanup_action"": null, ""source_canonical_name"": ""Chauncey Square""}"
asset:ast_8e5fda3d061a,asset,ast_8e5fda3d061a,A112421001,A112421001 | 서울특별시 서초구 서초동 1303-34 | verified,asset_master,ast_8e5fda3d061a,1.0,confirmed,"{""cleanup_action"": null, ""source_canonical_name"": ""OPUS459(구. 백암빌딩)""}"
asset:ast_8e5fe1b9981e,asset,ast_8e5fe1b9981e,A112223006,A112223006 | 1045 Stevens Creek Road | verified,asset_master,ast_8e5fe1b9981e,1.0,confirmed,"{""cleanup_action"": null, ""source_canonical_name"": ""Courtyard by Marriott""}"
asset:ast_8f4a16aa66fa,asset,ast_8f4a16aa66fa,AR00007001,AR00007001 | 경기도 여주시 점봉동 204-3 | auto_created,asset_master,ast_8f4a16aa66fa,1.0,confirmed,"{""cleanup_action"": null, ""source_canonical_name"": ""여주쿠팡물류센터""}"
asset:ast_8f63f7ec9170,asset,ast_8f63f7ec9170,A112054002,A112054002 | 제주특별자치도 제주시 노형동 708 | auto_created,asset_master,ast_8f63f7ec9170,1.0,confirmed,"{""cleanup_action"": null, ""source_canonical_name"": ""이지스리테일제55호사모부동산투자유한회사""}"
asset:ast_8f71aef30468,asset,ast_8f71aef30468,A112275001,A112275001 | 경기도 남양주시 도농동 56-7 | verified,asset_master,ast_8f71aef30468,1.0,confirmed,"{""cleanup_action"": null, ""source_canonical_name"": ""도농역 오피스텔""}"
asset:ast_8fdf7890a11b,asset,ast_8fdf7890a11b,A112259001,A112259001 | 경기 성남시 분당구 백현동 알파돔시티 중심상업용지 7-1BL/주차장용지17BL | verified,asset_master,ast_8fdf7890a11b,1.0,confirmed,"{""cleanup_action"": null, ""source_canonical_name"": ""판교 알파돔시티 중심상업용지 7-1BL/주차장용지17BL 오피스텔 및 근린생활시설 개발사업 선순위 PF대출""}"
asset:ast_8fe5e8aa8a5f,asset,ast_8fe5e8aa8a5f,A200016001,A200016001 | verified,asset_master,ast_8fe5e8aa8a5f,1.0,confirmed,"{""cleanup_action"": null, ""source_canonical_name"": ""ARDIAN Infrastructure Fund VI S.C.S., SICAV-RAIF""}"
asset:ast_904ac8d066fb,asset,ast_904ac8d066fb,ast_904ac8d066fb,needs_review,asset_master,ast_904ac8d066fb,1.0,confirmed,"{""cleanup_action"": null, ""source_canonical_name"": ""전환사채 | 공모주 | 비상장RCPS | 상장리츠 | AA+ 회사채""}"
asset:ast_9053eb385f92,asset,ast_9053eb385f92,A112584005,"A112584005 | 경상북도 상주시 내서면 노류리 산141-1, 572-1, 모서면 대포리 산20-5 | verified",asset_master,ast_9053eb385f92,1.0,confirmed,"{""cleanup_action"": null, ""source_canonical_name"": ""케이앤스틸테크놀로지""}"
asset:ast_907e54764123,asset,ast_907e54764123,A300054001,A300054001 | verified,asset_master,ast_907e54764123,1.0,confirmed,"{""cleanup_action"": null, ""source_canonical_name"": ""국내 상장 리츠, 주식, ETF, 공모주, 이벤트 드리븐""}"
asset:ast_90a7471e6e20,asset,ast_90a7471e6e20,A112294001,A112294001 | 경기도 수원시 팔달구 인계동 1132-12 | auto_created,asset_master,ast_90a7471e6e20,1.0,confirmed,"{""cleanup_action"": null, ""source_canonical_name"": ""수원 이비스 앰배서더 수원 호텔 후순위""}"
asset:ast_90c2fcf7c1e0,asset,ast_90c2fcf7c1e0,A120101001,A120101001 | 서울특별시 용산구 한강로2가 15-2 | verified,asset_master,ast_90c2fcf7c1e0,1.0,confirmed,"{""cleanup_action"": null, ""source_canonical_name"": ""용산전자상가 특별계획구역8 B/L (이지스용산PF재구조화1호 2종 수익증권)""}"
asset:ast_9111b48bf63d,asset,ast_9111b48bf63d,A112223005,A112223005 | 1236 Executive Park Drive NE | verified,asset_master,ast_9111b48bf63d,1.0,confirmed,"{""cleanup_action"": null, ""source_canonical_name"": ""Courtyard Executive Park""}"
asset:ast_91459997fbb8,asset,ast_91459997fbb8,A200019001,A200019001 | verified,asset_master,ast_91459997fbb8,1.0,confirmed,"{""cleanup_action"": null, ""source_canonical_name"": ""CollerCredit Secondaries - Opportunities Fund II-B, L.P.""}"
asset:ast_914c4ba3efd4,asset,ast_914c4ba3efd4,A112446001,A112446001 | verified,asset_master,ast_914c4ba3efd4,1.0,confirmed,"{""cleanup_action"": null, ""source_canonical_name"": ""리빙플랫폼 1호""}"
asset:ast_9152993b89ea,asset,ast_9152993b89ea,A112082001,A112082001 | - | verified,asset_master,ast_9152993b89ea,1.0,confirmed,"{""cleanup_action"": null, ""source_canonical_name"": ""부실채권을 기초자산으로 하는 SPC의 출자지분 및 사채""}"
asset:ast_915527e80f33,asset,ast_915527e80f33,ast_915527e80f33,전라북도 남원시 대강면 송대리 3-7 | auto_created,asset_master,ast_915527e80f33,1.0,confirmed,"{""cleanup_action"": null, ""source_canonical_name"": ""케이앤씨헤르메스""}"
asset:ast_917d85fb6b02,asset,ast_917d85fb6b02,A20000602,A20000602 | auto_created,asset_master,ast_917d85fb6b02,1.0,confirmed,"{""cleanup_action"": null, ""source_canonical_name"": ""NMP V""}"
asset:ast_91b68c7952e3,asset,ast_91b68c7952e3,A112528001,"A112528001 | 인천광역시 서구 청라동 6-7, 6-8번지 | verified",asset_master,ast_91b68c7952e3,1.0,confirmed,"{""cleanup_action"": null, ""source_canonical_name"": ""청라 오피스텔""}"
asset:ast_91c206cb4478,asset,ast_91c206cb4478,A120062001,A120062001 | 서울시 송파구 거여동 573-1 일원 | verified,asset_master,ast_91c206cb4478,1.0,confirmed,"{""cleanup_action"": null, ""source_canonical_name"": ""위례Senior Living 개발사업""}"
asset:ast_91e7a3c81910,asset,ast_91e7a3c81910,A190013001,A190013001 | 경기도 포천시 가산면 정교리 272-1번지 외 12필지 | verified,asset_master,ast_91e7a3c81910,1.0,confirmed,"{""cleanup_action"": null, ""source_canonical_name"": ""포천정교리물류센터""}"
asset:ast_922b652f9355,asset,ast_922b652f9355,A112756001,A112756001 | verified,asset_master,ast_922b652f9355,1.0,confirmed,"{""cleanup_action"": null, ""source_canonical_name"": ""해외 주식, 채권, ETF""}"
asset:ast_922fd1f841cc,asset,ast_922fd1f841cc,AR00015001,AR00015001 | 서울시 강남구 테헤란로 203(역삼동 679-4) | verified,asset_master,ast_922fd1f841cc,1.0,confirmed,"{""cleanup_action"": null, ""source_canonical_name"": ""서울인터내셔널타워(SI타워)""}"
asset:ast_9295ffd5dc91,asset,ast_9295ffd5dc91,A200038001,A200038001 | verified,asset_master,ast_9295ffd5dc91,1.0,confirmed,"{""cleanup_action"": null, ""source_canonical_name"": ""Pan-European Infrastructure Fund IV SCSp""}"
asset:ast_92af696ba01e,asset,ast_92af696ba01e,A112657001,"A112657001 | 409E Chalmers St, Champaign, IL | verified",asset_master,ast_92af696ba01e,1.0,confirmed,"{""cleanup_action"": null, ""source_canonical_name"": ""Chicago Student Housing Illini Tower""}"
asset:ast_92dea7abe14c,asset,ast_92dea7abe14c,A112504003,A112504003 | 강원도 횡성군 횡성읍 송전리 34 | verified,asset_master,ast_92dea7abe14c,1.0,confirmed,"{""cleanup_action"": null, ""source_canonical_name"": ""신명솔라 태양광발전소""}"
asset:ast_92f36c01f427,asset,ast_92f36c01f427,A112663001,A112663001 | verified,asset_master,ast_92f36c01f427,1.0,confirmed,"{""cleanup_action"": null, ""source_canonical_name"": ""DWS Four Columns Junior Capital Fund Ⅵ""}"
asset:ast_92f8a9036c31,asset,ast_92f8a9036c31,A120056002,A120056002 | verified,asset_master,ast_92f8a9036c31,1.0,confirmed,"{""cleanup_action"": null, ""source_canonical_name"": ""아이에이제십오차유동화전문 유한회사""}"
asset:ast_930b2bd97924,asset,ast_930b2bd97924,A112719001,A112719001 | 부산시 해운대 중동 256-5번지 일원 | verified,asset_master,ast_930b2bd97924,1.0,confirmed,"{""cleanup_action"": null, ""source_canonical_name"": ""공동주택""}"
asset:ast_931a2e2ed032,asset,ast_931a2e2ed032,A200033001,A200033001 | verified,asset_master,ast_931a2e2ed032,1.0,confirmed,"{""cleanup_action"": null, ""source_canonical_name"": ""Partners Group Private Loan SICAV-SIF""}"
asset:ast_936d6d5e77d1,asset,ast_936d6d5e77d1,A112504016,A112504016 | 전라북도 남원시 보절면 사촌리 산18-3 | verified,asset_master,ast_936d6d5e77d1,1.0,confirmed,"{""cleanup_action"": null, ""source_canonical_name"": ""은하수솔라""}"
asset:ast_937446d52483,asset,ast_937446d52483,A200004001,A200004001 | verified,asset_master,ast_937446d52483,1.0,confirmed,"{""cleanup_action"": null, ""source_canonical_name"": ""Pantheon PGSF VII""}"
asset:ast_9375f251bf8a,asset,ast_9375f251bf8a,A112223029,A112223029 | 6400 West Broad Street | verified,asset_master,ast_9375f251bf8a,1.0,confirmed,"{""cleanup_action"": null, ""source_canonical_name"": ""Courtyard Richmond""}"
asset:ast_938f03c98067,asset,ast_938f03c98067,A112054001,A112054001 | 대전시 유성구 관평동 887 | verified,asset_master,ast_938f03c98067,1.0,confirmed,"{""cleanup_action"": null, ""source_canonical_name"": ""롯데마트(대전대덕)""}"
asset:ast_93fedc1f0d0f,asset,ast_93fedc1f0d0f,A112018001,A112018001 | 경상남도 사천시 벌리동 58-3 | auto_created,asset_master,ast_93fedc1f0d0f,1.0,confirmed,"{""cleanup_action"": null, ""source_canonical_name"": ""홈플러스삼천포점 (투자)""}"
asset:ast_9493e4e1b242,asset,ast_9493e4e1b242,A112755001,A112755001 | 경상남도 창원시 진해구 두동 1875 | verified,asset_master,ast_9493e4e1b242,1.0,confirmed,"{""cleanup_action"": null, ""source_canonical_name"": ""두동 LG전자 통합물류센터""}"
asset:ast_94cd6c685a31,asset,ast_94cd6c685a31,A112223030,A112223030 | 2500 Research Boulevard | verified,asset_master,ast_94cd6c685a31,1.0,confirmed,"{""cleanup_action"": null, ""source_canonical_name"": ""Courtyard Rockville""}"
asset:ast_94dd7f193182,asset,ast_94dd7f193182,AP00033001,AP00033001 | 은평구 진관동 208-10 일원 | verified,asset_master,ast_94dd7f193182,1.0,confirmed,"{""cleanup_action"": null, ""source_canonical_name"": ""은평 시니어레지던스""}"
asset:ast_950c70c5b87f,asset,ast_950c70c5b87f,A112504017,A112504017 | 전북 남원시 보절면사촌리 산18-4 | verified,asset_master,ast_950c70c5b87f,1.0,confirmed,"{""cleanup_action"": null, ""source_canonical_name"": ""화성솔라""}"
asset:ast_9526a04cfdf6,asset,ast_9526a04cfdf6,ast_9526a04cfdf6,경상남도 함안군 군북면 장지리 659 | auto_created,asset_master,ast_9526a04cfdf6,1.0,confirmed,"{""cleanup_action"": null, ""source_canonical_name"": ""솔빛에너지""}"
asset:ast_95374ce1a930,asset,ast_95374ce1a930,A120076001,A120076001 | verified,asset_master,ast_95374ce1a930,1.0,confirmed,"{""cleanup_action"": null, ""source_canonical_name"": ""이지스경산물류제1호일반사모부동산투자회사의 1종 종류주식""}"
asset:ast_953c098ae44b,asset,ast_953c098ae44b,A112068001,"A112068001 | 787 Seventh Avenue (51st & 52nd Street), NY | verified",asset_master,ast_953c098ae44b,1.0,confirmed,"{""cleanup_action"": null, ""source_canonical_name"": ""New York 787 Seventh Avenue Mezzanine Loan""}"
asset:ast_95bd0edf061a,asset,ast_95bd0edf061a,A112196001,A112196001 | 서울특별시 강남구 삼성동 112-5 | verified,asset_master,ast_95bd0edf061a,1.0,confirmed,"{""cleanup_action"": null, ""source_canonical_name"": ""라마다서울호텔 담보대출""}"
asset:ast_95fb4c52cddc,asset,ast_95fb4c52cddc,A112223025,A112223025 | 475 White Plains Road | verified,asset_master,ast_95fb4c52cddc,1.0,confirmed,"{""cleanup_action"": null, ""source_canonical_name"": ""Courtyard Tarrytown Greenburgh""}"
asset:ast_9672f00925b5,asset,ast_9672f00925b5,A300020001,A300020001 | verified,asset_master,ast_9672f00925b5,1.0,confirmed,"{""cleanup_action"": null, ""source_canonical_name"": ""AA+ 이상 채권, 공모주, 스팩""}"
asset:ast_96aea8917bf5,asset,ast_96aea8917bf5,A112234001,"A112234001 | 경남 양산시 상북면 효충2길13(페트로콕증기생산시설), 경기 시흥시 서울대학로 59-5 배곧가압장(연료전지 | verified",asset_master,ast_96aea8917bf5,1.0,confirmed,"{""cleanup_action"": null, ""source_canonical_name"": ""(주)페트로코너지 발행 지분증권 및 투자대상회사(이지스페트로코너지(주))에 대한""}"
asset:ast_96ba37c659ef,asset,ast_96ba37c659ef,A300052001,A300052001 | verified,asset_master,ast_96ba37c659ef,1.0,confirmed,"{""cleanup_action"": null, ""source_canonical_name"": ""메자닌, 이벤트 드리븐, 공모주, ETF, 채권""}"
asset:ast_97000349e062,asset,ast_97000349e062,A112004001,A112004001 | 강원도 원주시 단계동 1123 | verified,asset_master,ast_97000349e062,1.0,confirmed,"{""cleanup_action"": null, ""source_canonical_name"": ""원주AK""}"
asset:ast_97346b281c40,asset,ast_97346b281c40,A112054002,A112054002 | 제주시 노형동 708 | verified,asset_master,ast_97346b281c40,1.0,confirmed,"{""cleanup_action"": null, ""source_canonical_name"": ""롯데마트(제주)""}"
asset:ast_974048441032,asset,ast_974048441032,A120053001,A120053001 | verified,asset_master,ast_974048441032,1.0,confirmed,"{""cleanup_action"": null, ""source_canonical_name"": ""하이파킹 대여금""}"
asset:ast_97638ebe48e2,asset,ast_97638ebe48e2,A112059001,A112059001 | 서울특별시 종로구 수송동 83-1 | verified,asset_master,ast_97638ebe48e2,1.0,confirmed,"{""cleanup_action"": null, ""source_canonical_name"": ""수송스퀘어""}"
asset:ast_97b4c5674171,asset,ast_97b4c5674171,A112584034,"A112584034 | 경기도 가평군 설악면 천안리 21-2, 21, 19-1, 19-10, 19-11 | verified",asset_master,ast_97b4c5674171,1.0,confirmed,"{""cleanup_action"": null, ""source_canonical_name"": ""알이씨에너지""}"
asset:ast_97eee497ab45,asset,ast_97eee497ab45,A112114001,A112114001 | 서울특별시 종로구 관훈동 155-2 외 4필지 | verified,asset_master,ast_97eee497ab45,1.0,confirmed,"{""cleanup_action"": null, ""source_canonical_name"": ""PFV_Lotus (지분증권)""}"
asset:ast_9855c32af978,asset,ast_9855c32af978,A112160001,A112160001 | 서울특별시 금천구 가산동 60-29 | verified,asset_master,ast_9855c32af978,1.0,confirmed,"{""cleanup_action"": null, ""source_canonical_name"": ""지엘가산메트로 주식회사""}"
asset:ast_992b226b8a43,asset,ast_992b226b8a43,AP00032001,"AP00032001 | 서울특별시 중구 을지로 1가 42, 을지로1가 71-9번지 | verified",asset_master,ast_992b226b8a43,1.0,confirmed,"{""cleanup_action"": null, ""source_canonical_name"": ""부림빌딩""}"
asset:ast_993ee19a2b04,asset,ast_993ee19a2b04,A112795001,A112795001 | verified,asset_master,ast_993ee19a2b04,1.0,confirmed,"{""cleanup_action"": null, ""source_canonical_name"": ""StepStone Secondary Opportunities Fund V Offshore, L.P.""}"
asset:ast_99b034f39db3,asset,ast_99b034f39db3,AP00013001,AP00013001 | 경기도 안성시 당목리 995번지 일원 | verified,asset_master,ast_99b034f39db3,1.0,confirmed,"{""cleanup_action"": null, ""source_canonical_name"": ""안성 당목리 995번지 외 44개필지 물류센터 개발사업""}"
asset:ast_99b63c12cc89,asset,ast_99b63c12cc89,A112495001,A112495001 | verified,asset_master,ast_99b63c12cc89,1.0,confirmed,"{""cleanup_action"": null, ""source_canonical_name"": ""국내 리츠""}"
asset:ast_99bb7e6dd0fa,asset,ast_99bb7e6dd0fa,A112029001,A112029001 | 서울특별시 종로구 적선동 66 | verified,asset_master,ast_99bb7e6dd0fa,1.0,confirmed,"{""cleanup_action"": null, ""source_canonical_name"": ""노스게이트빌딩""}"
asset:ast_9a12d0c2189f,asset,ast_9a12d0c2189f,A112593001,"A112593001 | 서울시 강남구 삼성동 168-1, 168-2 | verified",asset_master,ast_9a12d0c2189f,1.0,confirmed,"{""cleanup_action"": null, ""source_canonical_name"": ""영보빌딩1""}"
asset:ast_9a70bf0b0afd,asset,ast_9a70bf0b0afd,A112153001,A112153001 | 서울특별시 강남구 신사동 545-18 | auto_created,asset_master,ast_9a70bf0b0afd,1.0,confirmed,"{""cleanup_action"": null, ""source_canonical_name"": ""가로골목""}"
asset:ast_9a719e7b4ca2,asset,ast_9a719e7b4ca2,A112466012,A112466012 | 경상북도 의성군 장춘리 산88 외2필지 | verified,asset_master,ast_9a719e7b4ca2,1.0,confirmed,"{""cleanup_action"": null, ""source_canonical_name"": ""솔라팜2호""}"
asset:ast_9aa66d591848,asset,ast_9aa66d591848,A200026001,A200026001 | verified,asset_master,ast_9aa66d591848,1.0,confirmed,"{""cleanup_action"": null, ""source_canonical_name"": ""Brookfield Strategic Real Estate Partners V""}"
asset:ast_9ab31b323659,asset,ast_9ab31b323659,A200045001,A200045001 | 미국 인디애나州 Purdue University 인근 | verified,asset_master,ast_9ab31b323659,1.0,confirmed,"{""cleanup_action"": null, ""source_canonical_name"": ""Chauncey Square""}"
asset:ast_9af08cf90d71,asset,ast_9af08cf90d71,A112036003,"A112036003 | 810 7th Street, N.W., Washington D.C., U.S.A. | verified",asset_master,ast_9af08cf90d71,1.0,confirmed,"{""cleanup_action"": null, ""source_canonical_name"": ""OJP사옥(워싱턴) 대출""}"
asset:ast_9b0de0a4a118,asset,ast_9b0de0a4a118,AP00026001,AP00026001 | 서울시 성동구 성수동2가 269-208 일원 | verified,asset_master,ast_9b0de0a4a118,1.0,confirmed,"{""cleanup_action"": null, ""source_canonical_name"": ""성수동2가오피스""}"
asset:ast_9b294af79693,asset,ast_9b294af79693,A112296001,A112296001 | 경기도 수원시 영통구 원천동 593 | auto_created,asset_master,ast_9b294af79693,1.0,confirmed,"{""cleanup_action"": null, ""source_canonical_name"": ""광교 아이파크 주상복합 내 판매시설 선순위 담보""}"
asset:ast_9b387d397c17,asset,ast_9b387d397c17,A112504019,A112504019 | 강원도 삼척시 원덕읍 임원리 산255 | verified,asset_master,ast_9b387d397c17,1.0,confirmed,"{""cleanup_action"": null, ""source_canonical_name"": ""누리""}"
asset:ast_9b4469f9065d,asset,ast_9b4469f9065d,A112184001,A112184001 | 인천광역시 남동구 고잔동 648-1 | verified,asset_master,ast_9b4469f9065d,1.0,confirmed,"{""cleanup_action"": null, ""source_canonical_name"": ""남동테크노타워 지식산업센터 개발사업 PF대출""}"
asset:ast_9b78a5e73c6b,asset,ast_9b78a5e73c6b,A112072001,A112072001 | 7개 포트폴리오 | verified,asset_master,ast_9b78a5e73c6b,1.0,confirmed,"{""cleanup_action"": null, ""source_canonical_name"": ""Nuveen UK Enhanced Debt Fund""}"
asset:ast_9bedafe14895,asset,ast_9bedafe14895,A112755001,A112755001 | 경상남도 창원시 진해구 두동 1875 | auto_created,asset_master,ast_9bedafe14895,1.0,confirmed,"{""cleanup_action"": null, ""source_canonical_name"": ""두동 LG전자 통합물류센터 (투자)""}"
asset:ast_9bf678a7d2ae,asset,ast_9bf678a7d2ae,A112411001,A112411001 | verified,asset_master,ast_9bf678a7d2ae,1.0,confirmed,"{""cleanup_action"": null, ""source_canonical_name"": ""글로벌 리츠""}"
asset:ast_9c32381fc123,asset,ast_9c32381fc123,A112347002,A112347002 | 네덜란드 | verified,asset_master,ast_9c32381fc123,1.0,confirmed,"{""cleanup_action"": null, ""source_canonical_name"": ""Venlo""}"
asset:ast_9c85ee271a7f,asset,ast_9c85ee271a7f,A120081001,A120081001 | verified,asset_master,ast_9c85ee271a7f,1.0,confirmed,"{""cleanup_action"": null, ""source_canonical_name"": ""이지스경산로지스1호(보통주)""}"
asset:ast_9cf4a8abd36c,asset,ast_9cf4a8abd36c,A112342001,A112342001 | 경기도 평택시 고덕면 고덕 국제화계획지구 업무용지 12-2-3BL | verified,asset_master,ast_9cf4a8abd36c,1.0,confirmed,"{""cleanup_action"": null, ""source_canonical_name"": ""평택 고덕 업무12-2-3BL PF 선순위 대출채권""}"
asset:ast_9d78f7be9afb,asset,ast_9d78f7be9afb,A300015001,A300015001 | verified,asset_master,ast_9d78f7be9afb,1.0,confirmed,"{""cleanup_action"": null, ""source_canonical_name"": ""국내 리츠""}"
asset:ast_9dae37d9ddc4,asset,ast_9dae37d9ddc4,A112626001,A112626001 | verified,asset_master,ast_9dae37d9ddc4,1.0,confirmed,"{""cleanup_action"": null, ""source_canonical_name"": ""글로벌 리츠""}"
asset:ast_9de000745f5e,asset,ast_9de000745f5e,A112223001,A112223001 | 1 Day Hill Road | verified,asset_master,ast_9de000745f5e,1.0,confirmed,"{""cleanup_action"": null, ""source_canonical_name"": ""US Courtyard by Marriott Portfolio Mezzanine A Loan""}"
asset:ast_9e287de54a5c,asset,ast_9e287de54a5c,A20000401,A20000401 | auto_created,asset_master,ast_9e287de54a5c,1.0,confirmed,"{""cleanup_action"": null, ""source_canonical_name"": ""Pantheon PGSF VII""}"
asset:ast_9e54163d0926,asset,ast_9e54163d0926,A112592001,A112592001 | 대전광역시 유성구 관평동 887 | auto_created,asset_master,ast_9e54163d0926,1.0,confirmed,"{""cleanup_action"": null, ""source_canonical_name"": ""롯데마트대덕점""}"
asset:ast_9e6791cd4061,asset,ast_9e6791cd4061,A112798001,A112798001 | verified,asset_master,ast_9e6791cd4061,1.0,confirmed,"{""cleanup_action"": null, ""source_canonical_name"": ""성내동 개발부지 담보대출(브릿지론)""}"
asset:ast_9ea926bd721a,asset,ast_9ea926bd721a,A112667001,A112667001 | verified,asset_master,ast_9ea926bd721a,1.0,confirmed,"{""cleanup_action"": null, ""source_canonical_name"": ""HSBC Senior UK Direct Lending Fund 2020 RAIF SICAV-S.A.""}"
asset:ast_9ecfbd60d856,asset,ast_9ecfbd60d856,A112680001,A112680001 | 서울특별시 구로구 경인로 662(신도림동 692) | verified,asset_master,ast_9ecfbd60d856,1.0,confirmed,"{""cleanup_action"": null, ""source_canonical_name"": ""펨코제17호기업구조조정부동산투자회사의 주식""}"
asset:ast_9f24f6c24f75,asset,ast_9f24f6c24f75,ast_9f24f6c24f75,needs_review,asset_master,ast_9f24f6c24f75,1.0,confirmed,"{""cleanup_action"": null, ""source_canonical_name"": ""이지스411호(200호 재간접, 디어스 판교)""}"
asset:ast_9fa9d0943be6,asset,ast_9fa9d0943be6,A112065001,"A112065001 | 501 Brickell Key Drive, Miami, Florida 33131 | verified",asset_master,ast_9fa9d0943be6,1.0,confirmed,"{""cleanup_action"": null, ""source_canonical_name"": ""Miami Courvoisier Center Senior Loan""}"
asset:ast_9fb48d4d8ce0,asset,ast_9fb48d4d8ce0,A112045001,A112045001 | 서울특별시 중구 저동2가 24-1 | verified,asset_master,ast_9fb48d4d8ce0,1.0,confirmed,"{""cleanup_action"": null, ""source_canonical_name"": ""씨티센터타워""}"
asset:ast_9fce646527d1,asset,ast_9fce646527d1,ast_9fce646527d1,경상북도 안동시 길안면 현하리 1115-19 | auto_created,asset_master,ast_9fce646527d1,1.0,confirmed,"{""cleanup_action"": null, ""source_canonical_name"": ""강구16호""}"
asset:ast_9ff3ad09710f,asset,ast_9ff3ad09710f,A200022001,A200022001 | verified,asset_master,ast_9ff3ad09710f,1.0,confirmed,"{""cleanup_action"": null, ""source_canonical_name"": ""Brookfield Super-Core Infrastructure Partners Partnership L.P.""}"
asset:ast_a01ce9c12e6b,asset,ast_a01ce9c12e6b,A112206001,A112206001 | verified,asset_master,ast_a01ce9c12e6b,1.0,confirmed,"{""cleanup_action"": null, ""source_canonical_name"": ""Quarterra Lennar Multifamily Venture II""}"
asset:ast_a08672efd868,asset,ast_a08672efd868,A112163002,A112163002 | 경기도 하남시 하남미사지구 업무시설용지 4-3 (2043-3) | verified,asset_master,ast_a08672efd868,1.0,confirmed,"{""cleanup_action"": null, ""source_canonical_name"": ""하남강변미사지구 업무4BL 3LOT""}"
asset:ast_a0c153e36050,asset,ast_a0c153e36050,A112025001,A112025001 | 경기도 성남시 분당구 수내동 6-3 | verified,asset_master,ast_a0c153e36050,1.0,confirmed,"{""cleanup_action"": null, ""source_canonical_name"": ""서영빌딩""}"
asset:ast_a151fc2d6f8f,asset,ast_a151fc2d6f8f,A112658001,A112658001 | verified,asset_master,ast_a151fc2d6f8f,1.0,confirmed,"{""cleanup_action"": null, ""source_canonical_name"": ""Clarion Gables Multifamily Fund""}"
asset:ast_a236bc9437e2,asset,ast_a236bc9437e2,A200019002,A200019002 | verified,asset_master,ast_a236bc9437e2,1.0,confirmed,"{""cleanup_action"": null, ""source_canonical_name"": ""AbryAdvanced Securities Fund III CV-A, L.P.""}"
asset:ast_a26d74763046,asset,ast_a26d74763046,A112300001,"A112300001 | Ku'damm 12, 13-15, 10719 Berlin | verified",asset_master,ast_a26d74763046,1.0,confirmed,"{""cleanup_action"": null, ""source_canonical_name"": ""Ku'damm 12, 13-15""}"
asset:ast_a3403c93d165,asset,ast_a3403c93d165,A112744001,A112744001 | verified,asset_master,ast_a3403c93d165,1.0,confirmed,"{""cleanup_action"": null, ""source_canonical_name"": ""공모주, 스팩""}"
asset:ast_a36a0293fea2,asset,ast_a36a0293fea2,A112099001,A112099001 | 경기도 하남시 망월동 1079 | verified,asset_master,ast_a36a0293fea2,1.0,confirmed,"{""cleanup_action"": null, ""source_canonical_name"": ""하남미사우성르보아파크""}"
asset:ast_a36fb8af4acf,asset,ast_a36fb8af4acf,A112393001,A112393001 | 서울시 중구 퇴계로 173 (충무로3가 60-1) | verified,asset_master,ast_a36fb8af4acf,1.0,confirmed,"{""cleanup_action"": null, ""source_canonical_name"": ""남산스퀘어""}"
asset:ast_a39455191564,asset,ast_a39455191564,A112025003,A112025003 | 서울특별시 강남구 논현동 70-6 | auto_created,asset_master,ast_a39455191564,1.0,confirmed,"{""cleanup_action"": null, ""source_canonical_name"": ""트리스빌딩 (투자)""}"
asset:ast_a422589fe744,asset,ast_a422589fe744,A112080001,A112080001 | 울산광역시 남구 삼산동 1569-1 | auto_created,asset_master,ast_a422589fe744,1.0,confirmed,"{""cleanup_action"": null, ""source_canonical_name"": ""업스퀘어 (투자)""}"
asset:ast_a43bd38945be,asset,ast_a43bd38945be,A112223018,A112223018 | 2621 South 47th Street | verified,asset_master,ast_a43bd38945be,1.0,confirmed,"{""cleanup_action"": null, ""source_canonical_name"": ""Courtyard Phoenix Airport""}"
asset:ast_a4549cd85c41,asset,ast_a4549cd85c41,AP00030001,AP00030001 | 서울특별시 중구 소월로 50 | verified,asset_master,ast_a4549cd85c41,1.0,confirmed,"{""cleanup_action"": null, ""source_canonical_name"": ""밀레니엄힐튼호텔""}"
asset:ast_a459af6de7b3,asset,ast_a459af6de7b3,A112504021,A112504021 | 전라남도 고흥군 도화면 봉룡리 산221-1 | verified,asset_master,ast_a459af6de7b3,1.0,confirmed,"{""cleanup_action"": null, ""source_canonical_name"": ""옥스포드""}"
asset:ast_a48eb6e898c0,asset,ast_a48eb6e898c0,A200035001,A200035001 | verified,asset_master,ast_a48eb6e898c0,1.0,confirmed,"{""cleanup_action"": null, ""source_canonical_name"": ""Nuveen C-PACE Lending Fund III""}"
asset:ast_a497abe03a47,asset,ast_a497abe03a47,A112600001,"A112600001 | 2480 Rock House Road, Lithia Springs, GA, USA | verified",asset_master,ast_a497abe03a47,1.0,confirmed,"{""cleanup_action"": null, ""source_canonical_name"": ""Atlanta Data Center PwC""}"
asset:ast_a56330cfa5d8,asset,ast_a56330cfa5d8,A112466001,A112466001 | 충청남도 서산시 지곡면 환성리 777-90 | verified,asset_master,ast_a56330cfa5d8,1.0,confirmed,"{""cleanup_action"": null, ""source_canonical_name"": ""환성2호태양광발전소""}"
asset:ast_a5a50c01a582,asset,ast_a5a50c01a582,A112149001,A112149001 | 인천광역시 부평구 열우물로 90 | verified,asset_master,ast_a5a50c01a582,1.0,confirmed,"{""cleanup_action"": null, ""source_canonical_name"": ""부평 더샵센트럴시티 공공지원민간임대주택""}"
asset:ast_a5ca6d81dcd9,asset,ast_a5ca6d81dcd9,AP00005001,AP00005001 | 서울시 서초구 서초동 1005-1 외 | verified,asset_master,ast_a5ca6d81dcd9,1.0,confirmed,"{""cleanup_action"": null, ""source_canonical_name"": ""서리풀개발사업""}"
asset:ast_a5d1e84522ed,asset,ast_a5d1e84522ed,A112117001,A112117001 | 경상남도 창원시 진해구 제덕동 일원 | verified,asset_master,ast_a5d1e84522ed,1.0,confirmed,"{""cleanup_action"": null, ""source_canonical_name"": ""진해오션리조트 선순위 대출""}"
asset:ast_a60a75cb3e01,asset,ast_a60a75cb3e01,A112039001,A112039001 | 서울특별시 중구 정동 15-5 | verified,asset_master,ast_a60a75cb3e01,1.0,confirmed,"{""cleanup_action"": null, ""source_canonical_name"": ""정동빌딩""}"
asset:ast_a60db5e30056,asset,ast_a60db5e30056,A112379001,A112379001 | verified,asset_master,ast_a60db5e30056,1.0,confirmed,"{""cleanup_action"": null, ""source_canonical_name"": ""이지스 330호 (OPUS407/舊뉴욕제과빌딩)""}"
asset:ast_a67100590140,asset,ast_a67100590140,A120056003,A120056003 | verified,asset_master,ast_a67100590140,1.0,confirmed,"{""cleanup_action"": null, ""source_canonical_name"": ""아이에이제십육차유동화전문 유한회사""}"
asset:ast_a6782d520cea,asset,ast_a6782d520cea,AP00013001,AP00013001 | 경기도 안성시 당목리 995번지 일원 | verified,asset_master,ast_a6782d520cea,1.0,confirmed,"{""cleanup_action"": null, ""source_canonical_name"": ""안성 당목리 995번지 외 44개필지 물류센터 개발사업""}"
asset:ast_a69271e859b5,asset,ast_a69271e859b5,A112026001,A112026001 | verified,asset_master,ast_a69271e859b5,1.0,confirmed,"{""cleanup_action"": null, ""source_canonical_name"": ""PartnersGroup Real Estate Secondary 2013""}"
asset:ast_a6bdd852cbf7,asset,ast_a6bdd852cbf7,AP00008001,AP00008001 | 경기도 부천시 소사본동 134 | verified,asset_master,ast_a6bdd852cbf7,1.0,confirmed,"{""cleanup_action"": null, ""source_canonical_name"": ""부천소사 공동주택""}"
asset:ast_a6d6041ea653,asset,ast_a6d6041ea653,A112466017,A112466017 | 경상북도 상주시 공성면 금계리 662번지 | verified,asset_master,ast_a6d6041ea653,1.0,confirmed,"{""cleanup_action"": null, ""source_canonical_name"": ""제이에스금계태양광발전""}"
asset:ast_a71132d3cc09,asset,ast_a71132d3cc09,A112043001,A112043001 | 이지스모 43호 | verified,asset_master,ast_a71132d3cc09,1.0,confirmed,"{""cleanup_action"": null, ""source_canonical_name"": ""이지스모 43호""}"
asset:ast_a726e9da31e0,asset,ast_a726e9da31e0,A112310001,A112310001 | 제주시 애월읍 부룡수길 33외 13필지 | verified,asset_master,ast_a726e9da31e0,1.0,confirmed,"{""cleanup_action"": null, ""source_canonical_name"": ""제주올레리조트""}"
asset:ast_a732f4857c2e,asset,ast_a732f4857c2e,A120081001,A120081001 | verified,asset_master,ast_a732f4857c2e,1.0,confirmed,"{""cleanup_action"": null, ""source_canonical_name"": ""이지스경산로지스1호(보통주)""}"
asset:ast_a74111b9d3ac,asset,ast_a74111b9d3ac,A112471001,A112471001 | verified,asset_master,ast_a74111b9d3ac,1.0,confirmed,"{""cleanup_action"": null, ""source_canonical_name"": ""이지스기회추구2-2호(353호,OPUS459/舊백암빌딩) 공동투자""}"
asset:ast_a809ac0199e2,asset,ast_a809ac0199e2,A112568001,A112568001 | verified,asset_master,ast_a809ac0199e2,1.0,confirmed,"{""cleanup_action"": null, ""source_canonical_name"": ""Nuveen Global Real Estate Debt Partners Fund III (UK)""}"
asset:ast_a81bf18a93d4,asset,ast_a81bf18a93d4,A112100001,A112100001 | 경기도 고양시 덕양구 동산동 370 | verified,asset_master,ast_a81bf18a93d4,1.0,confirmed,"{""cleanup_action"": null, ""source_canonical_name"": ""스타필드(고양)""}"
asset:ast_a838dff2176d,asset,ast_a838dff2176d,A112036002,"A112036002 | 1 Carrefour Alexander-Graham-Bell. Montreal, Canada | verified",asset_master,ast_a838dff2176d,1.0,confirmed,"{""cleanup_action"": null, ""source_canonical_name"": ""Bell 본사(몬트리올) (대출)""}"
asset:ast_a84cff7133f8,asset,ast_a84cff7133f8,ast_a84cff7133f8,전라북도 남원시 보절면 사촌리 산18-4 | auto_created,asset_master,ast_a84cff7133f8,1.0,confirmed,"{""cleanup_action"": null, ""source_canonical_name"": ""화성솔라""}"
asset:ast_a86fcdf7e228,asset,ast_a86fcdf7e228,A112041001,A112041001 | verified,asset_master,ast_a86fcdf7e228,1.0,confirmed,"{""cleanup_action"": null, ""source_canonical_name"": ""CBRE IM European Logistics Partners Fund""}"
asset:ast_a87124d2b233,asset,ast_a87124d2b233,A112015001,A112015001 | 서울특별시 중구 남대문로5가 267 | verified,asset_master,ast_a87124d2b233,1.0,confirmed,"{""cleanup_action"": null, ""source_canonical_name"": ""남산그린빌딩""}"
asset:ast_a8ad83130e72,asset,ast_a8ad83130e72,A112344002,A112344002 | 대전광역시 중구 문화동 1-17 | verified,asset_master,ast_a8ad83130e72,1.0,confirmed,"{""cleanup_action"": null, ""source_canonical_name"": ""홈플러스 대전문화점""}"
asset:ast_a8c972e8e90e,asset,ast_a8c972e8e90e,A200001001,A200001001 | verified,asset_master,ast_a8c972e8e90e,1.0,confirmed,"{""cleanup_action"": null, ""source_canonical_name"": ""Hines European Property Partners""}"
asset:ast_a8d37cc1f751,asset,ast_a8d37cc1f751,A112680001,A112680001 | 서울특별시 구로구 경인로 662(신도림동 692) | verified,asset_master,ast_a8d37cc1f751,1.0,confirmed,"{""cleanup_action"": null, ""source_canonical_name"": ""펨코제17호기업구조조정부동산투자회사의 주식""}"
asset:ast_a8f90f516d21,asset,ast_a8f90f516d21,A112475001,A112475001 | 서울특별시 중구 동호로 330 | verified,asset_master,ast_a8f90f516d21,1.0,confirmed,"{""cleanup_action"": null, ""source_canonical_name"": ""CJ제일제당센터""}"
asset:ast_a90871f38856,asset,ast_a90871f38856,A112748001,A112748001 | 경기도 안산시 초지동 624-3 | verified,asset_master,ast_a90871f38856,1.0,confirmed,"{""cleanup_action"": null, ""source_canonical_name"": ""안산 초지동 데이터센터""}"
asset:ast_a9239e56b790,asset,ast_a9239e56b790,AP00016001,AP00016001 | 중구 남창동 9-1 외 4필지 | verified,asset_master,ast_a9239e56b790,1.0,confirmed,"{""cleanup_action"": null, ""source_canonical_name"": ""삼부빌딩 개발사업""}"
asset:ast_a9606b58f51e,asset,ast_a9606b58f51e,A112679001,A112679001 | verified,asset_master,ast_a9606b58f51e,1.0,confirmed,"{""cleanup_action"": null, ""source_canonical_name"": ""이지스 468-2호 수익증권""}"
asset:ast_a98062ccc3a8,asset,ast_a98062ccc3a8,A112690001,A112690001 | 서울특별시 중구 후암로 110(남대문로5가) | verified,asset_master,ast_a98062ccc3a8,1.0,confirmed,"{""cleanup_action"": null, ""source_canonical_name"": ""서울시티타워""}"
asset:ast_a9ed8293cd98,asset,ast_a9ed8293cd98,A112703001,A112703001 | 경기도 안성시 원곡면 칠곡리 941번지 | verified,asset_master,ast_a9ed8293cd98,1.0,confirmed,"{""cleanup_action"": null, ""source_canonical_name"": ""안성홈플러스물류센터""}"
asset:ast_aa235517fdc1,asset,ast_aa235517fdc1,A120099001,A120099001 | 서울특별시용산구청파로125 (한강로2가15-2) | verified,asset_master,ast_aa235517fdc1,1.0,confirmed,"{""cleanup_action"": null, ""source_canonical_name"": ""용산라이프PFV 대여금""}"
asset:ast_aab359e1cf01,asset,ast_aab359e1cf01,A112466024,A112466024 | 경북 의성군 비안면 옥연길 677-1 | verified,asset_master,ast_aab359e1cf01,1.0,confirmed,"{""cleanup_action"": null, ""source_canonical_name"": ""디앤피옥연""}"
asset:ast_aac5427c01f4,asset,ast_aac5427c01f4,ast_aac5427c01f4,서울특별시 용산구 한남동 736-9 | auto_created,asset_master,ast_aac5427c01f4,1.0,confirmed,"{""cleanup_action"": null, ""source_canonical_name"": ""전환사채 | 공모주 | 비상장RCPS | 상장리츠 | AA+ 회사채""}"
asset:ast_aaf7f9cbe8b3,asset,ast_aaf7f9cbe8b3,A112148001,A112148001 | 경기도 성남시 분당구 백현동 539 | verified,asset_master,ast_aaf7f9cbe8b3,1.0,confirmed,"{""cleanup_action"": null, ""source_canonical_name"": ""판교 알파돔시티 비즈니스호텔""}"
asset:ast_ab4857d97964,asset,ast_ab4857d97964,AS00002001,AS00002001 | 경남 양산시 유산동 509 외 2필지 | verified,asset_master,ast_ab4857d97964,1.0,confirmed,"{""cleanup_action"": null, ""source_canonical_name"": ""양산 유산동 물류센터""}"
asset:ast_ab7f584e6f30,asset,ast_ab7f584e6f30,A120074001,A120074001 | 서울용산구 청파로125 (한강로2가15-2) 일원 | verified,asset_master,ast_ab7f584e6f30,1.0,confirmed,"{""cleanup_action"": null, ""source_canonical_name"": ""용산라이프PFV(보통주)""}"
asset:ast_ab8634f252b3,asset,ast_ab8634f252b3,ast_ab8634f252b3,경상북도 경주시 강동면 왕신리 산141-1 | auto_created,asset_master,ast_ab8634f252b3,1.0,confirmed,"{""cleanup_action"": null, ""source_canonical_name"": ""모두에너지""}"
asset:ast_ab996f8ae3c9,asset,ast_ab996f8ae3c9,A300046001,A300046001 | verified,asset_master,ast_ab996f8ae3c9,1.0,confirmed,"{""cleanup_action"": null, ""source_canonical_name"": ""ETF""}"
asset:ast_abdd62503393,asset,ast_abdd62503393,A112584030,"A112584030 | 전라북도 남원시 대강면 송대리 3-7, 3-9, 3-13, 3-19, 보절면 괴양리 45-17, 4-19 | verified",asset_master,ast_abdd62503393,1.0,confirmed,"{""cleanup_action"": null, ""source_canonical_name"": ""케이앤씨헤르메스""}"
asset:ast_ac51c5236199,asset,ast_ac51c5236199,A112374002,"A112374002 | 510 East 14th Streeet, NY | verified",asset_master,ast_ac51c5236199,1.0,confirmed,"{""cleanup_action"": null, ""source_canonical_name"": ""New York 510 East 14th Mezzanine Loan""}"
asset:ast_ac65d3bb465d,asset,ast_ac65d3bb465d,A300066001,A300066001 | verified,asset_master,ast_ac65d3bb465d,1.0,confirmed,"{""cleanup_action"": null, ""source_canonical_name"": ""글로벌 상장 인프라 증권""}"
asset:ast_ac86e3c795d0,asset,ast_ac86e3c795d0,A120044001,A120044001 | verified,asset_master,ast_ac86e3c795d0,1.0,confirmed,"{""cleanup_action"": null, ""source_canonical_name"": ""이지스제542호부동산일반사모투자회사(제1종)""}"
asset:ast_ac998c897426,asset,ast_ac998c897426,A112709002,A112709002 | verified,asset_master,ast_ac998c897426,1.0,confirmed,"{""cleanup_action"": null, ""source_canonical_name"": ""전환사채""}"
asset:ast_aca39ce05f05,asset,ast_aca39ce05f05,A200035001,A200035001 | verified,asset_master,ast_aca39ce05f05,1.0,confirmed,"{""cleanup_action"": null, ""source_canonical_name"": ""Nuveen C-PACE Lending Fund III""}"
asset:ast_acf1169ec73d,asset,ast_acf1169ec73d,AP00025001,AP00025001 | 충청남도 공주시 웅진동 1-1 | auto_created,asset_master,ast_acf1169ec73d,1.0,confirmed,"{""cleanup_action"": null, ""source_canonical_name"": ""공주시 웅진동 공동주택""}"
asset:ast_ada848d413b9,asset,ast_ada848d413b9,A112763001,A112763001 | verified,asset_master,ast_ada848d413b9,1.0,confirmed,"{""cleanup_action"": null, ""source_canonical_name"": ""AA- 이상 채권,  메자닌, 리츠IPO, 국내 상장 리츠, 공모주, 스팩""}"
asset:ast_ae0f1f82c083,asset,ast_ae0f1f82c083,AR00009001,AR00009001 | 경기도 이천시 대월면 초지리 273-1 | verified,asset_master,ast_ae0f1f82c083,1.0,confirmed,"{""cleanup_action"": null, ""source_canonical_name"": ""이천YM물류센터""}"
asset:ast_ae8448d99472,asset,ast_ae8448d99472,A200037001,A200037001 | verified,asset_master,ast_ae8448d99472,1.0,confirmed,"{""cleanup_action"": null, ""source_canonical_name"": ""Helix Buyer, LLC에 대한 선순위 대출""}"
asset:ast_aefd81e93778,asset,ast_aefd81e93778,A112057001,A112057001 | verified,asset_master,ast_aefd81e93778,1.0,confirmed,"{""cleanup_action"": null, ""source_canonical_name"": ""Colony Distressed Credit Fund IV""}"
asset:ast_af02aac59036,asset,ast_af02aac59036,A112490001,A112490001 | 경기도 성남시 분당구 수내동 14 | auto_created,asset_master,ast_af02aac59036,1.0,confirmed,"{""cleanup_action"": null, ""source_canonical_name"": ""롯데백화점분당점""}"
asset:ast_af5f71776ae0,asset,ast_af5f71776ae0,A112110001,A112110001 | 서울특별시 강남구 대치동 945-27 | verified,asset_master,ast_af5f71776ae0,1.0,confirmed,"{""cleanup_action"": null, ""source_canonical_name"": ""바른빌딩""}"
asset:ast_af81a8c4e0a3,asset,ast_af81a8c4e0a3,A112584042,A112584042 | 충남 부여군 장암면 지토리 산26번지 | verified,asset_master,ast_af81a8c4e0a3,1.0,confirmed,"{""cleanup_action"": null, ""source_canonical_name"": ""적화솔라""}"
asset:ast_afa982be63cc,asset,ast_afa982be63cc,A112401005,"A112401005 | Emilia-Romagna (Bologna), Parma, Italy | verified",asset_master,ast_afa982be63cc,1.0,confirmed,"{""cleanup_action"": null, ""source_canonical_name"": ""Campegine""}"
asset:ast_afb26eedbbe3,asset,ast_afb26eedbbe3,A112109001,A112109001 | 부산광역시 강서구 송정동 1715-2 | auto_created,asset_master,ast_afb26eedbbe3,1.0,confirmed,"{""cleanup_action"": null, ""source_canonical_name"": ""부산송정물류센터 (투자)""}"
asset:ast_afdaf8446aaa,asset,ast_afdaf8446aaa,A112294001,A112294001 | 경기도 수원시 팔달구 인계동 1132-12 | verified,asset_master,ast_afdaf8446aaa,1.0,confirmed,"{""cleanup_action"": null, ""source_canonical_name"": ""수원 이비스 앰배서더 수원 호텔 후순위 담보대출""}"
asset:ast_b03e4a6447f9,asset,ast_b03e4a6447f9,A112586001,A112586001 | 경기도 성남시 분당구 수내동 22-2 | verified,asset_master,ast_b03e4a6447f9,1.0,confirmed,"{""cleanup_action"": null, ""source_canonical_name"": ""후너스빌딩""}"
asset:ast_b04e9cb1a044,asset,ast_b04e9cb1a044,AP00006001,"AP00006001 | 서울시 중구 산림동 190-3번지 일원 (세운지구 5-1, 5-3구역) | verified",asset_master,ast_b04e9cb1a044,1.0,confirmed,"{""cleanup_action"": null, ""source_canonical_name"": ""세운5구역 개발사업""}"
asset:ast_b0956b6f4029,asset,ast_b0956b6f4029,A12004401,A12004401 | auto_created,asset_master,ast_b0956b6f4029,1.0,confirmed,"{""cleanup_action"": null, ""source_canonical_name"": ""이지스산업단지환경개선일반사모부동산투자신탁제1호""}"
asset:ast_b0958ad3f79d,asset,ast_b0958ad3f79d,A200037001,A200037001 | verified,asset_master,ast_b0958ad3f79d,1.0,confirmed,"{""cleanup_action"": null, ""source_canonical_name"": ""Helix Buyer, LLC에 대한 선순위 대출""}"
asset:ast_b0ab64c0c474,asset,ast_b0ab64c0c474,A200042001,"A200042001 | Gazdy, 41-806 Zabrze, Poland | verified",asset_master,ast_b0ab64c0c474,1.0,confirmed,"{""cleanup_action"": null, ""source_canonical_name"": ""Booster Zabrze 물류단지""}"
asset:ast_b0af734b18b2,asset,ast_b0af734b18b2,A112466030,"A112466030 | 강원도 삼척시 도계읍 전두리 166,167, 172 | verified",asset_master,ast_b0af734b18b2,1.0,confirmed,"{""cleanup_action"": null, ""source_canonical_name"": ""에스디일호""}"
asset:ast_b11095ea4292,asset,ast_b11095ea4292,ast_b11095ea4292,충청남도 논산시 은진면 용산리 296 | auto_created,asset_master,ast_b11095ea4292,1.0,confirmed,"{""cleanup_action"": null, ""source_canonical_name"": ""케이앤씨그린북""}"
asset:ast_b15d07c78d56,asset,ast_b15d07c78d56,A112051001,A112051001 | verified,asset_master,ast_b15d07c78d56,1.0,confirmed,"{""cleanup_action"": null, ""source_canonical_name"": ""Hines Poland Sustainable Income Fund""}"
asset:ast_b1a009f2fa36,asset,ast_b1a009f2fa36,A112527003,A112527003 | 경기도 용인시 처인구 백암면 백봉리 767-13 | auto_created,asset_master,ast_b1a009f2fa36,1.0,confirmed,"{""cleanup_action"": null, ""source_canonical_name"": ""이지스전문투자형사모부동산투자신탁제404호""}"
asset:ast_b1a13c4b0522,asset,ast_b1a13c4b0522,A300053001,A300053001 | verified,asset_master,ast_b1a13c4b0522,1.0,confirmed,"{""cleanup_action"": null, ""source_canonical_name"": ""글로벌 리츠""}"
asset:ast_b1bc52e1340b,asset,ast_b1bc52e1340b,A112665001,"A112665001 | Joseph-Meyer-Straße 5, 99195 Erfurt, Germany | verified",asset_master,ast_b1bc52e1340b,1.0,confirmed,"{""cleanup_action"": null, ""source_canonical_name"": ""Erfurt Amazon Robotics Fulfillment Center Senior Mezzanine Loan""}"
asset:ast_b1f5f079a694,asset,ast_b1f5f079a694,A112065001,"A112065001 | 501 Brickell Key Drive, Miami, Florida 33131 | verified",asset_master,ast_b1f5f079a694,1.0,confirmed,"{""cleanup_action"": null, ""source_canonical_name"": ""Miami Courvoisier Center Senior Loan""}"
asset:ast_b24257eace32,asset,ast_b24257eace32,A112602003,A112602003 | verified,asset_master,ast_b24257eace32,1.0,confirmed,"{""cleanup_action"": null, ""source_canonical_name"": ""주식회사 아이에이에이치에프합정""}"
asset:ast_b257dd733dea,asset,ast_b257dd733dea,A112081002,A112081002 | 경기도 안양시 동안구 호계동 1039-3 | verified,asset_master,ast_b257dd733dea,1.0,confirmed,"{""cleanup_action"": null, ""source_canonical_name"": ""뉴코아아울렛(평촌)""}"
asset:ast_b2fa1e20d812,asset,ast_b2fa1e20d812,P00039001,P00039001 | 서울특별시 용산구 한강로2가 15-2 | auto_created,asset_master,ast_b2fa1e20d812,1.0,confirmed,"{""cleanup_action"": null, ""source_canonical_name"": ""용산전자상가 특별계획구역8 개발사업""}"
asset:ast_b31d2e0680ae,asset,ast_b31d2e0680ae,ast_b31d2e0680ae,경상북도 성주군 초전면 고산리 산61 | auto_created,asset_master,ast_b31d2e0680ae,1.0,confirmed,"{""cleanup_action"": null, ""source_canonical_name"": ""참빛솔라 태양광발전소""}"
asset:ast_b3322591803f,asset,ast_b3322591803f,ast_b3322591803f,경기도 가평군 설악면 천안리 14-1 | auto_created,asset_master,ast_b3322591803f,1.0,confirmed,"{""cleanup_action"": null, ""source_canonical_name"": ""알이엔네트웍스""}"
asset:ast_b37459d7bd24,asset,ast_b37459d7bd24,A112279001,A112279001 | 충청북도 보은군 탄부면 평각상장로 230 | verified,asset_master,ast_b37459d7bd24,1.0,confirmed,"{""cleanup_action"": null, ""source_canonical_name"": ""클럽디 속리산""}"
asset:ast_b37ed37a3540,asset,ast_b37ed37a3540,A120045004,A120045004 | verified,asset_master,ast_b37ed37a3540,1.0,confirmed,"{""cleanup_action"": null, ""source_canonical_name"": ""유에이치파워 대여금""}"
asset:ast_b3c81fc9c5cf,asset,ast_b3c81fc9c5cf,AR00013001,AR00013001 | 경기도 성남시 분당구 삼평동 615 | verified,asset_master,ast_b3c81fc9c5cf,1.0,confirmed,"{""cleanup_action"": null, ""source_canonical_name"": ""삼성중공업판교R&D센터""}"
asset:ast_b3cbbcaf74d0,asset,ast_b3cbbcaf74d0,A112785001,A112785001 | 서울시 종로구 평창동 153-3 | verified,asset_master,ast_b3cbbcaf74d0,1.0,confirmed,"{""cleanup_action"": null, ""source_canonical_name"": ""종로구 시니어주택 리모델링""}"
asset:ast_b3db1f189553,asset,ast_b3db1f189553,A112209001,A112209001 | 서울특별시 강남구 역삼동 676 | verified,asset_master,ast_b3db1f189553,1.0,confirmed,"{""cleanup_action"": null, ""source_canonical_name"": ""센터필드""}"
asset:ast_b3f61c8578bc,asset,ast_b3f61c8578bc,A112223000,A112223000 | 아래 자산별 상세 내역 | verified,asset_master,ast_b3f61c8578bc,1.0,confirmed,"{""cleanup_action"": null, ""source_canonical_name"": ""Courtyard by Marriott Portfolio Senior Mezzanine Loan""}"
asset:ast_b4128c33bb53,asset,ast_b4128c33bb53,A112295001,"A112295001 | 564 5th Avenue New York, NY 10036 | verified",asset_master,ast_b4128c33bb53,1.0,confirmed,"{""cleanup_action"": null, ""source_canonical_name"": ""New York 564 6th Avenue Mezzanine Loan""}"
asset:ast_b439b42b3d44,asset,ast_b439b42b3d44,A112158001,A112158001 | verified,asset_master,ast_b439b42b3d44,1.0,confirmed,"{""cleanup_action"": null, ""source_canonical_name"": ""TH Real Estate China Outlet Mall Fund""}"
asset:ast_b455401a3b2c,asset,ast_b455401a3b2c,A112466005,A112466005 | 경상북도 의성군 장춘리 산88-2 | verified,asset_master,ast_b455401a3b2c,1.0,confirmed,"{""cleanup_action"": null, ""source_canonical_name"": ""하늘별빛에너지태양광발전소""}"
asset:ast_b487a63c00bc,asset,ast_b487a63c00bc,A112404001,A112404001 | 제주특별자치도 제주시 노연로 100 | verified,asset_master,ast_b487a63c00bc,1.0,confirmed,"{""cleanup_action"": null, ""source_canonical_name"": ""신라스테이(제주)""}"
asset:ast_b48f4cef1665,asset,ast_b48f4cef1665,A112223003,A112223003 | 1050 Bayhill Drive | verified,asset_master,ast_b48f4cef1665,1.0,confirmed,"{""cleanup_action"": null, ""source_canonical_name"": ""Courtyard San Francisco Airport""}"
asset:ast_b4b61550017e,asset,ast_b4b61550017e,A112584022,A112584022 | 전남 광양시 광양읍 세풍리 2224 | verified,asset_master,ast_b4b61550017e,1.0,confirmed,"{""cleanup_action"": null, ""source_canonical_name"": ""이에스에이치12""}"
asset:ast_b4ff0851baae,asset,ast_b4ff0851baae,A120102,A120102 | auto_created,asset_master,ast_b4ff0851baae,1.0,confirmed,"{""cleanup_action"": null, ""source_canonical_name"": ""이지스국내PF재구조화일반사모부동산모투자신탁제1-3호""}"
asset:ast_b59dddacbfb7,asset,ast_b59dddacbfb7,A120022002,A120022002 | verified,asset_master,ast_b59dddacbfb7,1.0,confirmed,"{""cleanup_action"": null, ""source_canonical_name"": ""랜드플랫폼 1-2호""}"
asset:ast_b5a8681c1621,asset,ast_b5a8681c1621,A112362009,A112362009 | 일본 도쿄도 23구 내 | verified,asset_master,ast_b5a8681c1621,1.0,confirmed,"{""cleanup_action"": null, ""source_canonical_name"": ""LEGALAND 와세다미나미""}"
asset:ast_b5b13984b5c2,asset,ast_b5b13984b5c2,A112149001,A112149001 | 십정동 630 | auto_created,asset_master,ast_b5b13984b5c2,1.0,confirmed,"{""cleanup_action"": null, ""source_canonical_name"": ""부평 더샵센트럴시티 공공지원민간임대주택""}"
asset:ast_b5b2968544d4,asset,ast_b5b2968544d4,A112584016,A112584016 | 강원도 철원군 갈말읍 동막리 산166 | verified,asset_master,ast_b5b2968544d4,1.0,confirmed,"{""cleanup_action"": null, ""source_canonical_name"": ""봉산햇빛""}"
asset:ast_b5ddd770a044,asset,ast_b5ddd770a044,A190014001,A190014001 | 부산광역시 강서구 송정동 1711-4번지 외 4필지 | verified,asset_master,ast_b5ddd770a044,1.0,confirmed,"{""cleanup_action"": null, ""source_canonical_name"": ""명지녹산데이터센터개발사업""}"
asset:ast_b60bc5039d9c,asset,ast_b60bc5039d9c,AR00013001,AR00013001 | 경기도 성남시 분당구 삼평동 615 | verified,asset_master,ast_b60bc5039d9c,1.0,confirmed,"{""cleanup_action"": null, ""source_canonical_name"": ""삼성중공업판교R&D센터""}"
asset:ast_b63d20942515,asset,ast_b63d20942515,A112584033,"A112584033 | 경산시 진량읍 다문로 188-9, 경산시 진량읍 공단6로 42, 42-1 | verified",asset_master,ast_b63d20942515,1.0,confirmed,"{""cleanup_action"": null, ""source_canonical_name"": ""씨에스에너텍""}"
asset:ast_b64b7d2f05cc,asset,ast_b64b7d2f05cc,A112362003,A112362003 | 일본 도쿄도 23구 내 | verified,asset_master,ast_b64b7d2f05cc,1.0,confirmed,"{""cleanup_action"": null, ""source_canonical_name"": ""PASEO 신주쿠""}"
asset:ast_b6574cf0dc13,asset,ast_b6574cf0dc13,A112252002,A112252002 | 부산광역시 사상구 괘법동 564-8 | auto_created,asset_master,ast_b6574cf0dc13,1.0,confirmed,"{""cleanup_action"": null, ""source_canonical_name"": ""부산시 사상구 괘법동 오피스텔, 도시형생활주택 및 근린생활시설 신축사업""}"
asset:ast_b67c10418036,asset,ast_b67c10418036,A112052001,A112052001 | 서울특별시 강남구 역삼동 832-2 | verified,asset_master,ast_b67c10418036,1.0,confirmed,"{""cleanup_action"": null, ""source_canonical_name"": ""우덕빌딩""}"
asset:ast_b74794104f0e,asset,ast_b74794104f0e,A300018001,A300018001 | verified,asset_master,ast_b74794104f0e,1.0,confirmed,"{""cleanup_action"": null, ""source_canonical_name"": ""메자닌, 공모주, 이벤트 드리븐""}"
asset:ast_b7500e646006,asset,ast_b7500e646006,A112496005,A112496005 | verified,asset_master,ast_b7500e646006,1.0,confirmed,"{""cleanup_action"": null, ""source_canonical_name"": ""Kansas city Amazon Warehouse""}"
asset:ast_b78f4cd39988,asset,ast_b78f4cd39988,A112361001,"A112361001 | 1-8-8 Harumi, Chuo-ku, Tokyo | verified",asset_master,ast_b78f4cd39988,1.0,confirmed,"{""cleanup_action"": null, ""source_canonical_name"": ""Tokyo Office Harumi Island Triton Square Tower W""}"
asset:ast_b79d97794e21,asset,ast_b79d97794e21,A112024001,A112024001 | 서울특별시 종로구 중학동 14 | verified,asset_master,ast_b79d97794e21,1.0,confirmed,"{""cleanup_action"": null, ""source_canonical_name"": ""트윈트리타워""}"
asset:ast_b7f2420d1edb,asset,ast_b7f2420d1edb,A112501001,A112501001 | verified,asset_master,ast_b7f2420d1edb,1.0,confirmed,"{""cleanup_action"": null, ""source_canonical_name"": ""Clarion Lion Properties Fund""}"
asset:ast_b8260924bf5c,asset,ast_b8260924bf5c,A120022001,A120022001 | verified,asset_master,ast_b8260924bf5c,1.0,confirmed,"{""cleanup_action"": null, ""source_canonical_name"": ""랜드플랫폼 1-1호""}"
asset:ast_b826792d7e17,asset,ast_b826792d7e17,A112709001,A112709001 | verified,asset_master,ast_b826792d7e17,1.0,confirmed,"{""cleanup_action"": null, ""source_canonical_name"": ""비상장 상환전환우선주""}"
asset:ast_b8463cf0d2c3,asset,ast_b8463cf0d2c3,ast_b8463cf0d2c3,경상남도 산청군 산청읍 내수리 산49-1 | auto_created,asset_master,ast_b8463cf0d2c3,1.0,confirmed,"{""cleanup_action"": null, ""source_canonical_name"": ""지우태양광""}"
asset:ast_b8dc59bf595f,asset,ast_b8dc59bf595f,A120045008,A120045008 | verified,asset_master,ast_b8dc59bf595f,1.0,confirmed,"{""cleanup_action"": null, ""source_canonical_name"": ""와이에이치파워4 주식""}"
asset:ast_b934e85074e0,asset,ast_b934e85074e0,A112504006,A112504006 | 경북 청도군 풍각면 월봉리 산 10번지 | verified,asset_master,ast_b934e85074e0,1.0,confirmed,"{""cleanup_action"": null, ""source_canonical_name"": ""엠아이파워""}"
asset:ast_b939ab49c418,asset,ast_b939ab49c418,A112556002,A112556002 | 서울시 용산구 한남동 736-9 외 2필지 | verified,asset_master,ast_b939ab49c418,1.0,confirmed,"{""cleanup_action"": null, ""source_canonical_name"": ""네오밸류한남PFV의 전환사채""}"
asset:ast_b94e03e88d51,asset,ast_b94e03e88d51,A112527003,A112527003 | 경기도 용인시 처인구 백암면 백봉리 767-13외 1필지 | verified,asset_master,ast_b94e03e88d51,1.0,confirmed,"{""cleanup_action"": null, ""source_canonical_name"": ""에이블로지스물류센터""}"
asset:ast_b9718f8cb5fe,asset,ast_b9718f8cb5fe,A112235001,A112235001 | 인천광역시 중구 운북동 1328-1 | auto_created,asset_master,ast_b9718f8cb5fe,1.0,confirmed,"{""cleanup_action"": null, ""source_canonical_name"": ""아레나스영종""}"
asset:ast_ba08839e7d49,asset,ast_ba08839e7d49,A112109001,A112109001 | 부산광역시 강서구 송정동 1715-2 | verified,asset_master,ast_ba08839e7d49,1.0,confirmed,"{""cleanup_action"": null, ""source_canonical_name"": ""부산송정물류센터""}"
asset:ast_ba2f0f5d53f3,asset,ast_ba2f0f5d53f3,ast_ba2f0f5d53f3,인천광역시 미추홀구 용현동 648 | auto_created,asset_master,ast_ba2f0f5d53f3,1.0,confirmed,"{""cleanup_action"": null, ""source_canonical_name"": ""홈플러스 인천인하점""}"
asset:ast_ba5f85af264f,asset,ast_ba5f85af264f,AP00032001,"AP00032001 | 서울특별시 중구 을지로 1가 42, 을지로1가 71-9번지 | verified",asset_master,ast_ba5f85af264f,1.0,confirmed,"{""cleanup_action"": null, ""source_canonical_name"": ""부림빌딩""}"
asset:ast_ba62b631b6c6,asset,ast_ba62b631b6c6,A112362006,A112362006 | 일본 도쿄도 23구 내 | verified,asset_master,ast_ba62b631b6c6,1.0,confirmed,"{""cleanup_action"": null, ""source_canonical_name"": ""GRAN PASEO 신주쿠""}"
asset:ast_bad984e26b0b,asset,ast_bad984e26b0b,AP00034001,AP00034001 | 울산광역시 울주군 삼남읍 교동리 1682-1번지 | verified,asset_master,ast_bad984e26b0b,1.0,confirmed,"{""cleanup_action"": null, ""source_canonical_name"": ""KTX울산역 오피스텔 개발사업""}"
asset:ast_baffca3def0d,asset,ast_baffca3def0d,A112338001,"A112338001 | 4-Chome 5-1 Ogicho, Odawara, Kanagawa-Ken | verified",asset_master,ast_baffca3def0d,1.0,confirmed,"{""cleanup_action"": null, ""source_canonical_name"": ""Odawara Logistics Amazon FC I""}"
asset:ast_bb2cc0b2b2e3,asset,ast_bb2cc0b2b2e3,A112033001,A112033001 | 대구광역시 중구 문화동 11-1 | verified,asset_master,ast_bb2cc0b2b2e3,1.0,confirmed,"{""cleanup_action"": null, ""source_canonical_name"": ""대구시티센터""}"
asset:ast_bb3782e6cd9f,asset,ast_bb3782e6cd9f,AP00018001,"AP00018001 | 마곡동 769,769-1 | verified",asset_master,ast_bb3782e6cd9f,1.0,confirmed,"{""cleanup_action"": null, ""source_canonical_name"": ""마곡CP4 복합시설 개발""}"
asset:ast_bb50a5baa03a,asset,ast_bb50a5baa03a,A112500002,A112500002 | 경기도 평택시 도일유통길 64(도일동 1175-3) | verified,asset_master,ast_bb50a5baa03a,1.0,confirmed,"{""cleanup_action"": null, ""source_canonical_name"": ""평택아디다스물류센터""}"
asset:ast_bb94f2f213ab,asset,ast_bb94f2f213ab,AP00039001,AP00039001 | verified,asset_master,ast_bb94f2f213ab,1.0,confirmed,"{""cleanup_action"": null, ""source_canonical_name"": ""용산전자상가 특별계획구역8 개발사업""}"
asset:ast_bbcdf21f274e,asset,ast_bbcdf21f274e,A300011001,A300011001 | verified,asset_master,ast_bbcdf21f274e,1.0,confirmed,"{""cleanup_action"": null, ""source_canonical_name"": ""국내 상장 리츠, 리츠IPO""}"
asset:ast_bc4589571b0d,asset,ast_bc4589571b0d,A112035001,"A112035001 | 54/56 Rue la Boetie, Paris, France | verified",asset_master,ast_bc4589571b0d,1.0,confirmed,"{""cleanup_action"": null, ""source_canonical_name"": ""Sanofi 본사(파리)""}"
asset:ast_bc54b586be28,asset,ast_bc54b586be28,AP00021001,AP00021001 | 서울시 강남구 청담동 129 | verified,asset_master,ast_bc54b586be28,1.0,confirmed,"{""cleanup_action"": null, ""source_canonical_name"": ""청담펜트하우스""}"
asset:ast_bc6a604e91d6,asset,ast_bc6a604e91d6,A112085001,A112085001 | 경기도 안양시 동안구 호계동 1039 외 2필지 | verified,asset_master,ast_bc6a604e91d6,1.0,confirmed,"{""cleanup_action"": null, ""source_canonical_name"": ""평촌G스퀘어""}"
asset:ast_bd308f82a818,asset,ast_bd308f82a818,A112255001,A112255001 | 인천광역시 연수구 송도동 117-91 | auto_created,asset_master,ast_bd308f82a818,1.0,confirmed,"{""cleanup_action"": null, ""source_canonical_name"": ""잭니클라우스GC 단독주택부지 담보신탁 1순위 우선수익권 담보부""}"
asset:ast_bd3d31c699b0,asset,ast_bd3d31c699b0,A112036002,"A112036002 | 1 Carrefour Alexander-Graham-Bell. Montreal, Canada | verified",asset_master,ast_bd3d31c699b0,1.0,confirmed,"{""cleanup_action"": null, ""source_canonical_name"": ""Bell 본사(몬트리올) 대출""}"
asset:ast_bd54043679c9,asset,ast_bd54043679c9,A120091001,A120091001 | verified,asset_master,ast_bd54043679c9,1.0,confirmed,"{""cleanup_action"": null, ""source_canonical_name"": ""재생에너지 플랫폼회사(\""HoldCo\"")에 대한 지분 및 주주대여금""}"
asset:ast_bd9afab36d26,asset,ast_bd9afab36d26,A112802001,A112802001 | 경기도 고양시 덕양구 오금동 690번지 | verified,asset_master,ast_bd9afab36d26,1.0,confirmed,"{""cleanup_action"": null, ""source_canonical_name"": ""이지스일반사모부동산투자신탁제439호""}"
asset:ast_bdcfe83d9647,asset,ast_bdcfe83d9647,A300074001,A300074001 | verified,asset_master,ast_bdcfe83d9647,1.0,confirmed,"{""cleanup_action"": null, ""source_canonical_name"": ""메자닌, 공모주, 이벤트 드리븐""}"
asset:ast_bdd954c47a29,asset,ast_bdd954c47a29,A112532001,A112532001 | 이지스312호 | verified,asset_master,ast_bdd954c47a29,1.0,confirmed,"{""cleanup_action"": null, ""source_canonical_name"": ""이지스312호 수익증권""}"
asset:ast_bdf2b065aa67,asset,ast_bdf2b065aa67,ast_bdf2b065aa67,경기도 가평군 설악면 천안리 21-2 | auto_created,asset_master,ast_bdf2b065aa67,1.0,confirmed,"{""cleanup_action"": null, ""source_canonical_name"": ""알이씨에너지""}"
asset:ast_beb45fea6c85,asset,ast_beb45fea6c85,A20000801,"A20000801 | One Bloor St. West, Toronto, Ontario | auto_created",asset_master,ast_beb45fea6c85,1.0,confirmed,"{""cleanup_action"": null, ""source_canonical_name"": ""Toronto The One Super-senior Loan (Receivership Funding)""}"
asset:ast_bec58069f5fb,asset,ast_bec58069f5fb,A112237003,A112237003 | 경기도 화성시 반송동 96/96번지 | verified,asset_master,ast_bec58069f5fb,1.0,confirmed,"{""cleanup_action"": null, ""source_canonical_name"": ""동탄센터포인트몰""}"
asset:ast_bf0627d6fee0,asset,ast_bf0627d6fee0,A112556001,A112556001 | 서울시 용산구 한남동 736-9 외 2필지 | verified,asset_master,ast_bf0627d6fee0,1.0,confirmed,"{""cleanup_action"": null, ""source_canonical_name"": ""네오밸류한남PFV의 제2종 종류주식""}"
asset:ast_bf7b25add095,asset,ast_bf7b25add095,A200012001,A200012001 | verified,asset_master,ast_bf7b25add095,1.0,confirmed,"{""cleanup_action"": null, ""source_canonical_name"": ""StepStone Secondary Opportunities Fund V Offshore, L.P.""}"
asset:ast_bf82c8889090,asset,ast_bf82c8889090,ast_bf82c8889090,경기도 포천시 자작동 595 | auto_created,asset_master,ast_bf82c8889090,1.0,confirmed,"{""cleanup_action"": null, ""source_canonical_name"": ""솔라팩토리10호""}"
asset:ast_bfb1c5d3da5c,asset,ast_bfb1c5d3da5c,A112579001,"A112579001 | 서울 강서구 마곡동 지원시설용지 DSP1, DSP2 | verified",asset_master,ast_bfb1c5d3da5c,1.0,confirmed,"{""cleanup_action"": null, ""source_canonical_name"": ""마곡 명소화부지 개발사업""}"
asset:ast_c010b7ae021c,asset,ast_c010b7ae021c,A112425001,A112425001 | verified,asset_master,ast_c010b7ae021c,1.0,confirmed,"{""cleanup_action"": null, ""source_canonical_name"": ""글로벌 리츠""}"
asset:ast_c0ac2f0648ba,asset,ast_c0ac2f0648ba,A112047001,A112047001 | 전라남도 무안군 삼향읍 남악리 2622 | verified,asset_master,ast_c0ac2f0648ba,1.0,confirmed,"{""cleanup_action"": null, ""source_canonical_name"": ""남악신도시 복합쇼핑몰""}"
asset:ast_c0ba855ea88d,asset,ast_c0ba855ea88d,A200036001,A200036001 | verified,asset_master,ast_c0ba855ea88d,1.0,confirmed,"{""cleanup_action"": null, ""source_canonical_name"": ""미국 Delaware 소재 ROCKWOOD LSF III, LP (역외펀드)의 수익증권""}"
asset:ast_c14f12c21203,asset,ast_c14f12c21203,AP00006001,"AP00006001 | 서울시 중구 산림동 190-3번지 일원 (세운지구 5-1, 5-3구역) | verified",asset_master,ast_c14f12c21203,1.0,confirmed,"{""cleanup_action"": null, ""source_canonical_name"": ""세운5구역 개발사업""}"
asset:ast_c174f71f733d,asset,ast_c174f71f733d,A112311001,"A112311001 | 서울시 양천구 목동 962,962-1 | verified",asset_master,ast_c174f71f733d,1.0,confirmed,"{""cleanup_action"": null, ""source_canonical_name"": ""목동 트라팰리스 스퀘어""}"
asset:ast_c18ecd73207e,asset,ast_c18ecd73207e,A200013002,A200013002 | verified,asset_master,ast_c18ecd73207e,1.0,confirmed,"{""cleanup_action"": null, ""source_canonical_name"": ""StepStone Secondary Opportunities Fund V Offshore Holdings, L.P.  가 발행하는 지분증권""}"
asset:ast_c1aba7a35f32,asset,ast_c1aba7a35f32,AR00016001,"AR00016001 | 서울특별시 성동구 용답동 231, 231-1번지 | verified",asset_master,ast_c1aba7a35f32,1.0,confirmed,"{""cleanup_action"": null, ""source_canonical_name"": ""용답동 231, 231-1 공동주택 및 근린생활시설""}"
asset:ast_c1b901dad63f,asset,ast_c1b901dad63f,A200006003,A200006003 | verified,asset_master,ast_c1b901dad63f,1.0,confirmed,"{""cleanup_action"": null, ""source_canonical_name"": ""PGSF VII""}"
asset:ast_c1bf03575e07,asset,ast_c1bf03575e07,AP00040001,AP00040001 | verified,asset_master,ast_c1bf03575e07,1.0,confirmed,"{""cleanup_action"": null, ""source_canonical_name"": ""안성 산하3지구 물류센터 개발사업""}"
asset:ast_c1c3fa74d17e,asset,ast_c1c3fa74d17e,A300001001,A300001001 | verified,asset_master,ast_c1c3fa74d17e,1.0,confirmed,"{""cleanup_action"": null, ""source_canonical_name"": ""채권""}"
asset:ast_c216d24d224b,asset,ast_c216d24d224b,AP00014001,AP00014001 | 경기도 안성시 원곡면 성은리 319-1 | verified,asset_master,ast_c216d24d224b,1.0,confirmed,"{""cleanup_action"": null, ""source_canonical_name"": ""안성 성은지구 물류센터""}"
asset:ast_c22cfc14fece,asset,ast_c22cfc14fece,A112584028,A112584028 | 강원도 영월군 상동읍 구래리 194-9번지 외 3필지 | verified,asset_master,ast_c22cfc14fece,1.0,confirmed,"{""cleanup_action"": null, ""source_canonical_name"": ""김송하""}"
asset:ast_c26748845c6b,asset,ast_c26748845c6b,A112207001,A112207001 | verified,asset_master,ast_c26748845c6b,1.0,confirmed,"{""cleanup_action"": null, ""source_canonical_name"": ""시흥 센트럴푸르지오 사업장 공사대금 예금반환채권 금전채권신탁 담보대출""}"
asset:ast_c28b363f2b5a,asset,ast_c28b363f2b5a,A112699001,A112699001 | 서울 영등포구 경인로 870 | verified,asset_master,ast_c28b363f2b5a,1.0,confirmed,"{""cleanup_action"": null, ""source_canonical_name"": ""페어필드 메리어트 서울""}"
asset:ast_c2b24d6ab2a3,asset,ast_c2b24d6ab2a3,A200008001,"A200008001 | One Bloor St. West, Toronto, Ontario | verified",asset_master,ast_c2b24d6ab2a3,1.0,confirmed,"{""cleanup_action"": null, ""source_canonical_name"": ""Toronto The One Super-senior Loan (Receivership Funding)""}"
asset:ast_c2fde5e671a6,asset,ast_c2fde5e671a6,A112504011,A112504011 | 경상남도 의령군 화정면 상일리 산95 | verified,asset_master,ast_c2fde5e671a6,1.0,confirmed,"{""cleanup_action"": null, ""source_canonical_name"": ""의령3호""}"
asset:ast_c36e38cae9e1,asset,ast_c36e38cae9e1,A112223028,A112223028 | 533 Herndon Parkway | verified,asset_master,ast_c36e38cae9e1,1.0,confirmed,"{""cleanup_action"": null, ""source_canonical_name"": ""Courtyard Herndon""}"
asset:ast_c390565c53af,asset,ast_c390565c53af,AR00008005,AR00008005 | 경기도 성남시 수정구 대왕판교로 815 | verified,asset_master,ast_c390565c53af,1.0,confirmed,"{""cleanup_action"": null, ""source_canonical_name"": ""이지스200호(디어스 판교)""}"
asset:ast_c3ac30b33acf,asset,ast_c3ac30b33acf,AP00028001,AP00028001 | verified,asset_master,ast_c3ac30b33acf,1.0,confirmed,"{""cleanup_action"": null, ""source_canonical_name"": ""제주화북상업지역 주상복합용지 C1블럭 주상복합시설""}"
asset:ast_c4abd15d239e,asset,ast_c4abd15d239e,A120101001,A120101001 | 서울특별시 용산구 한강로2가 15-2 | verified,asset_master,ast_c4abd15d239e,1.0,confirmed,"{""cleanup_action"": null, ""source_canonical_name"": ""용산전자상가 특별계획구역8 B/L (이지스용산PF재구조화1호 2종 수익증권)""}"
asset:ast_c4b09711952f,asset,ast_c4b09711952f,A112496004,A112496004 | verified,asset_master,ast_c4b09711952f,1.0,confirmed,"{""cleanup_action"": null, ""source_canonical_name"": ""Lakeville Amazon Warehouse""}"
asset:ast_c4e7fa860d3b,asset,ast_c4e7fa860d3b,AR00006002,AR00006002 | verified,asset_master,ast_c4e7fa860d3b,1.0,confirmed,"{""cleanup_action"": null, ""source_canonical_name"": ""북미DC포트폴리오""}"
asset:ast_c560bb54059f,asset,ast_c560bb54059f,AP00040001,AP00040001 | verified,asset_master,ast_c560bb54059f,1.0,confirmed,"{""cleanup_action"": null, ""source_canonical_name"": ""안성 산하3지구 물류센터 개발사업""}"
asset:ast_c629e1d10c4f,asset,ast_c629e1d10c4f,A112668001,A112668001 | verified,asset_master,ast_c629e1d10c4f,1.0,confirmed,"{""cleanup_action"": null, ""source_canonical_name"": ""HSBC Senior UK Direct Lending Fund 2020 RAIF SICAV-S.A.""}"
asset:ast_c638ee6122ee,asset,ast_c638ee6122ee,A112710001,A112710001 | verified,asset_master,ast_c638ee6122ee,1.0,confirmed,"{""cleanup_action"": null, ""source_canonical_name"": ""AA- 이상 채권, 국내 상장 리츠, 공모주, 스팩""}"
asset:ast_c644d28176a4,asset,ast_c644d28176a4,A112687001,A112687001 | 황성동 830 | auto_created,asset_master,ast_c644d28176a4,1.0,confirmed,"{""cleanup_action"": null, ""source_canonical_name"": ""㈜동방 보유 유엔씨티㈜ 대출채권 매입""}"
asset:ast_c67fa13e0d92,asset,ast_c67fa13e0d92,A190010001,A190010001 | verified,asset_master,ast_c67fa13e0d92,1.0,confirmed,"{""cleanup_action"": null, ""source_canonical_name"": ""이지스일반사모426호(1종)""}"
asset:ast_c6d650564064,asset,ast_c6d650564064,AR00008004,AR00008004 | 시흥동 321 | auto_created,asset_master,ast_c6d650564064,1.0,confirmed,"{""cleanup_action"": null, ""source_canonical_name"": ""이지스411호(200호 재간접, 디어스 판교)""}"
asset:ast_c70882b2b3ff,asset,ast_c70882b2b3ff,A112401006,"A112401006 | Emilia-Romagna (Bologna), Modena, Italy | verified",asset_master,ast_c70882b2b3ff,1.0,confirmed,"{""cleanup_action"": null, ""source_canonical_name"": ""Camplogalliano""}"
asset:ast_c73013f20dc6,asset,ast_c73013f20dc6,A112679001,A112679001 | verified,asset_master,ast_c73013f20dc6,1.0,confirmed,"{""cleanup_action"": null, ""source_canonical_name"": ""이지스 468-2호 수익증권""}"
asset:ast_c738d1b8cbc2,asset,ast_c738d1b8cbc2,A112077001,"A112077001 | 950 F Street, NW Washington, D.C. 20004 | verified",asset_master,ast_c738d1b8cbc2,1.0,confirmed,"{""cleanup_action"": null, ""source_canonical_name"": ""Washington D.C. Atlantic Building Senior Loan""}"
asset:ast_c77b0263f7c6,asset,ast_c77b0263f7c6,A112066001,A112066001 | verified,asset_master,ast_c77b0263f7c6,1.0,confirmed,"{""cleanup_action"": null, ""source_canonical_name"": ""PFV_Westwood 지분증권""}"
asset:ast_c7abc1f4627e,asset,ast_c7abc1f4627e,A112588001,"A112588001 | One Bloor St. West, Toronto, Ontario | verified",asset_master,ast_c7abc1f4627e,1.0,confirmed,"{""cleanup_action"": null, ""source_canonical_name"": ""Toronto The One Senior Loan (Standby Facility)""}"
asset:ast_c7e88869e4e6,asset,ast_c7e88869e4e6,A112401007,"A112401007 | Emilia-Romagna (Bologna), Bologna, Italy | verified",asset_master,ast_c7e88869e4e6,1.0,confirmed,"{""cleanup_action"": null, ""source_canonical_name"": ""Bologna Interporto""}"
asset:ast_c7f4cc2c568d,asset,ast_c7f4cc2c568d,A112387001,A112387001 | 충청북도 청주시 서원구 수곡동 산22번지 일원 | verified,asset_master,ast_c7f4cc2c568d,1.0,confirmed,"{""cleanup_action"": null, ""source_canonical_name"": ""충북 청주시 서원구 잠두봉근린공원 공동주택 개발사업 PF 대출채권""}"
asset:ast_c809dd5ea928,asset,ast_c809dd5ea928,A200021001,A200021001 | verified,asset_master,ast_c809dd5ea928,1.0,confirmed,"{""cleanup_action"": null, ""source_canonical_name"": ""Abry Advanced Securities Fund III CV-A""}"
asset:ast_c8a0466da702,asset,ast_c8a0466da702,A200031001,A200031001 | verified,asset_master,ast_c8a0466da702,1.0,confirmed,"{""cleanup_action"": null, ""source_canonical_name"": ""Coller Capital이 운용하는 크레딧 세컨더리 관련 SMA의 집합투자증권""}"
asset:ast_c8c2e5210765,asset,ast_c8c2e5210765,A112064001,"A112064001 | 서울특별시 종로구 관훈동 38, 44 | verified",asset_master,ast_c8c2e5210765,1.0,confirmed,"{""cleanup_action"": null, ""source_canonical_name"": ""쌈지길""}"
asset:ast_c90a7683fe0a,asset,ast_c90a7683fe0a,A112798001,A112798001 | verified,asset_master,ast_c90a7683fe0a,1.0,confirmed,"{""cleanup_action"": null, ""source_canonical_name"": ""성내동 개발부지 담보대출(브릿지론)""}"
asset:ast_c930b43436c8,asset,ast_c930b43436c8,A112213001,A112213001 | 인천광역시 서구 가좌동 212-8 | verified,asset_master,ast_c930b43436c8,1.0,confirmed,"{""cleanup_action"": null, ""source_canonical_name"": ""인천 가좌동 오피스텔 선순위 PF대출채권""}"
asset:ast_c9b5f50bc992,asset,ast_c9b5f50bc992,A112081003,A112081003 | 경기도 고양시 일산동구 마두동 797 | auto_created,asset_master,ast_c9b5f50bc992,1.0,confirmed,"{""cleanup_action"": null, ""source_canonical_name"": ""뉴코아아울렛(일산)""}"
asset:ast_c9cb9c4a7013,asset,ast_c9cb9c4a7013,A112344003,A112344003 | 전라북도 전주시 중노송동 495-6 | verified,asset_master,ast_c9cb9c4a7013,1.0,confirmed,"{""cleanup_action"": null, ""source_canonical_name"": ""홈플러스 전주완산점""}"
asset:ast_ca5e36cf0326,asset,ast_ca5e36cf0326,A300067001,A300067001 | verified,asset_master,ast_ca5e36cf0326,1.0,confirmed,"{""cleanup_action"": null, ""source_canonical_name"": ""채권, 자산유동화 증권, 어음, 레포""}"
asset:ast_ca6affbba270,asset,ast_ca6affbba270,A112653001,A112653001 | verified,asset_master,ast_ca6affbba270,1.0,confirmed,"{""cleanup_action"": null, ""source_canonical_name"": ""디에스PFV 2종 종류주 및 주주대여""}"
asset:ast_ca7e42523746,asset,ast_ca7e42523746,A112504008,A112504008 | 경북 영천시 북안면 효리 산82-1 | verified,asset_master,ast_ca7e42523746,1.0,confirmed,"{""cleanup_action"": null, ""source_canonical_name"": ""시온솔라""}"
asset:ast_ca8728fa5c54,asset,ast_ca8728fa5c54,A300066001,A300066001 | verified,asset_master,ast_ca8728fa5c54,1.0,confirmed,"{""cleanup_action"": null, ""source_canonical_name"": ""글로벌 상장 인프라 증권""}"
asset:ast_cad3ca04538a,asset,ast_cad3ca04538a,A112782001,A112782001 | verified,asset_master,ast_cad3ca04538a,1.0,confirmed,"{""cleanup_action"": null, ""source_canonical_name"": ""메자닌, 공모주, 스팩, 이벤트 드리븐""}"
asset:ast_cb14a8027ca3,asset,ast_cb14a8027ca3,A112584018,A112584018 | 경상남도 하동군 양보면 감당리 산85-1 | verified,asset_master,ast_cb14a8027ca3,1.0,confirmed,"{""cleanup_action"": null, ""source_canonical_name"": ""도원에너지""}"
asset:ast_cb59978f02bf,asset,ast_cb59978f02bf,A112587001,A112587001 | verified,asset_master,ast_cb59978f02bf,1.0,confirmed,"{""cleanup_action"": null, ""source_canonical_name"": ""국내 리츠""}"
asset:ast_cb61fdbd9aa4,asset,ast_cb61fdbd9aa4,A112170001,"A112170001 | Lot 28, SudirmanCentral Business District | verified",asset_master,ast_cb61fdbd9aa4,1.0,confirmed,"{""cleanup_action"": null, ""source_canonical_name"": ""Jakarta Office Treasury Tower""}"
asset:ast_cb72bc41c781,asset,ast_cb72bc41c781,A120045007,A120045007 | verified,asset_master,ast_cb72bc41c781,1.0,confirmed,"{""cleanup_action"": null, ""source_canonical_name"": ""와이에이치파워3 주식""}"
asset:ast_cb763ed28220,asset,ast_cb763ed28220,A112461001,A112461001 | 서울특별시 강남구 삼성동 3-1 | verified,asset_master,ast_cb763ed28220,1.0,confirmed,"{""cleanup_action"": null, ""source_canonical_name"": ""삼성월드타워아파트""}"
asset:ast_cbc413cdfd7f,asset,ast_cbc413cdfd7f,A112274001,A112274001 | 경기 고양시 일산동구 식사2도시개발구역 A2블록 | verified,asset_master,ast_cbc413cdfd7f,1.0,confirmed,"{""cleanup_action"": null, ""source_canonical_name"": ""고양 일산 식사2구역 A2BL 공동주택 개발사업 선순위 PF대출채권""}"
asset:ast_cbe24d6ebb07,asset,ast_cbe24d6ebb07,A112584012,A112584012 | 경상북도 영주시 조와동 346 일원 | verified,asset_master,ast_cbe24d6ebb07,1.0,confirmed,"{""cleanup_action"": null, ""source_canonical_name"": ""윈즈에너지""}"
asset:ast_cbf922113fc6,asset,ast_cbf922113fc6,AP00001001,AP00001001 | 경기도 판교 제2테크노밸리 C1 C2블록 | verified,asset_master,ast_cbf922113fc6,1.0,confirmed,"{""cleanup_action"": null, ""source_canonical_name"": ""판교 제2테크노밸리 C1 C2블록 I-Square 개발""}"
asset:ast_cc17ca0f4c91,asset,ast_cc17ca0f4c91,A112290001,A112290001 | 경기도 화성시 반송동 96/98번지 | verified,asset_master,ast_cc17ca0f4c91,1.0,confirmed,"{""cleanup_action"": null, ""source_canonical_name"": ""타임테라스동탄""}"
asset:ast_cc2317cd4c2a,asset,ast_cc2317cd4c2a,A112721001,A112721001 | 인천시 서구 석남동 224-8번지 일원 | verified,asset_master,ast_cc2317cd4c2a,1.0,confirmed,"{""cleanup_action"": null, ""source_canonical_name"": ""인천석남물류센터""}"
asset:ast_cc5aa1a95e56,asset,ast_cc5aa1a95e56,A112504017,A112504017 | 전북 남원시 보절면사촌리 산18-4 | verified,asset_master,ast_cc5aa1a95e56,1.0,confirmed,"{""cleanup_action"": null, ""source_canonical_name"": ""화성솔라""}"
asset:ast_ccd25e3078c5,asset,ast_ccd25e3078c5,A112527003,A112527003 | 경기도 용인시 처인구 백암면 백봉리 767-13외 1필지 | verified,asset_master,ast_ccd25e3078c5,1.0,confirmed,"{""cleanup_action"": null, ""source_canonical_name"": ""에이블로지스물류센터""}"
asset:ast_ccfeb37ef968,asset,ast_ccfeb37ef968,ast_ccfeb37ef968,경상북도 의성군 옥산면 입암리 28 | auto_created,asset_master,ast_ccfeb37ef968,1.0,confirmed,"{""cleanup_action"": null, ""source_canonical_name"": ""디앤피입암리1호""}"
asset:ast_cd00a5beb0b3,asset,ast_cd00a5beb0b3,AP00030001,AP00030001 | 서울특별시 중구 소월로 50 | verified,asset_master,ast_cd00a5beb0b3,1.0,confirmed,"{""cleanup_action"": null, ""source_canonical_name"": ""밀레니엄힐튼호텔""}"
asset:ast_cd18ba041afc,asset,ast_cd18ba041afc,AP00037001,AP00037001 | 서울특별시 중구 퇴계로 10 | verified,asset_master,ast_cd18ba041afc,1.0,confirmed,"{""cleanup_action"": null, ""source_canonical_name"": ""메트로타워""}"
asset:ast_cd234848887e,asset,ast_cd234848887e,A120062,A120062 | 서울특별시 송파구 거여동 573-1 | auto_created,asset_master,ast_cd234848887e,1.0,confirmed,"{""cleanup_action"": null, ""source_canonical_name"": ""위례Senior Living 개발사업""}"
asset:ast_cd2c32700ef7,asset,ast_cd2c32700ef7,AP00027001,AP00027001 | 서울시 강남구 수서동 197번지 일원 | verified,asset_master,ast_cd2c32700ef7,1.0,confirmed,"{""cleanup_action"": null, ""source_canonical_name"": ""수서역환승센터복합개발사업""}"
asset:ast_cd4e754af9e0,asset,ast_cd4e754af9e0,A112085001,A112085001 | 경기도 안양시 동안구 호계동 1039 외 2필지 | verified,asset_master,ast_cd4e754af9e0,1.0,confirmed,"{""cleanup_action"": null, ""source_canonical_name"": ""평촌G스퀘어""}"
asset:ast_cd9937cc8678,asset,ast_cd9937cc8678,A112614001,A112614001 | verified,asset_master,ast_cd9937cc8678,1.0,confirmed,"{""cleanup_action"": null, ""source_canonical_name"": ""와이디427피에프브이 주식회사""}"
asset:ast_ce2d13497cbc,asset,ast_ce2d13497cbc,A112410001,"A112410001 | 30 Hudson Yards, New York | verified",asset_master,ast_ce2d13497cbc,1.0,confirmed,"{""cleanup_action"": null, ""source_canonical_name"": ""New York 30 Hudson Yards Mezzanine Loan""}"
asset:ast_ce4731bc6968,asset,ast_ce4731bc6968,A300036001,A300036001 | verified,asset_master,ast_ce4731bc6968,1.0,confirmed,"{""cleanup_action"": null, ""source_canonical_name"": ""국내 상장 리츠""}"
asset:ast_ce621c527b00,asset,ast_ce621c527b00,A112304001,"A112304001 | Franklinstraße 61-63, 60486, Frankfurt | verified",asset_master,ast_ce621c527b00,1.0,confirmed,"{""cleanup_action"": null, ""source_canonical_name"": ""Frankfurt St.Martine Tower Mezzanine Loan""}"
asset:ast_cef2499eacaa,asset,ast_cef2499eacaa,A112223015,A112223015 | 1155 East Diehl Road | verified,asset_master,ast_cef2499eacaa,1.0,confirmed,"{""cleanup_action"": null, ""source_canonical_name"": ""Courtyard Naperville""}"
asset:ast_cf0bf50af6cc,asset,ast_cf0bf50af6cc,A112093004,"A112093004 | Pernerova 149/35, 186 00 Karlín, Czech | verified",asset_master,ast_cf0bf50af6cc,1.0,confirmed,"{""cleanup_action"": null, ""source_canonical_name"": ""Prague Office Praga Studios""}"
asset:ast_cf36161fc545,asset,ast_cf36161fc545,A200029001,A200029001 | verified,asset_master,ast_cf36161fc545,1.0,confirmed,"{""cleanup_action"": null, ""source_canonical_name"": ""PMBK가 운용하는 APAC Sustainable Infrastructure Fund LP의 수익증권""}"
asset:ast_cf7655c37f5e,asset,ast_cf7655c37f5e,A112414001,A112414001 | 경기도 고양시 일산동구 장항동 889 | auto_created,asset_master,ast_cf7655c37f5e,1.0,confirmed,"{""cleanup_action"": null, ""source_canonical_name"": ""일산CLC""}"
asset:ast_d024a0fadf65,asset,ast_d024a0fadf65,A112708001,"A112708001 | 테헤란로87길 36, 1903호 | verified",asset_master,ast_d024a0fadf65,1.0,confirmed,"{""cleanup_action"": null, ""source_canonical_name"": ""캐나다 물류중개업체 인수 관련 국내 SPC 대출채권""}"
asset:ast_d03e122e0d2d,asset,ast_d03e122e0d2d,ast_d03e122e0d2d,영등포구 여의공원로 115 | auto_created,asset_master,ast_d03e122e0d2d,1.0,confirmed,"{""cleanup_action"": null, ""source_canonical_name"": ""전환사채 | 공모주 | 비상장RCPS | 상장리츠 | AA+ 회사채""}"
asset:ast_d052165ba593,asset,ast_d052165ba593,A112001001,A112001001 | 서울특별시 강서구 등촌동 689번지 외 2필지 | verified,asset_master,ast_d052165ba593,1.0,confirmed,"{""cleanup_action"": null, ""source_canonical_name"": ""NC백화점(강서)""}"
asset:ast_d0735c2d17ab,asset,ast_d0735c2d17ab,A112049003,"A112049003 | 37Fifth Street, Fulton County, GA 30308, Atlanta | verified",asset_master,ast_d0735c2d17ab,1.0,confirmed,"{""cleanup_action"": null, ""source_canonical_name"": ""Atlanta Office Midtown 주차빌딩""}"
asset:ast_d0789172de8b,asset,ast_d0789172de8b,A112223005,A112223005 | 1236 Executive Park Drive NE | verified,asset_master,ast_d0789172de8b,1.0,confirmed,"{""cleanup_action"": null, ""source_canonical_name"": ""Courtyard Executive Park""}"
asset:ast_d0b122c1f8a8,asset,ast_d0b122c1f8a8,A300019001,A300019001 | verified,asset_master,ast_d0b122c1f8a8,1.0,confirmed,"{""cleanup_action"": null, ""source_canonical_name"": ""AA- 이상 채권""}"
asset:ast_d0ca1e8f80e8,asset,ast_d0ca1e8f80e8,A112504018,A112504018 | 강원도 삼척시 원덕읍 임원리 산255 | verified,asset_master,ast_d0ca1e8f80e8,1.0,confirmed,"{""cleanup_action"": null, ""source_canonical_name"": ""임원""}"
asset:ast_d139acda1f42,asset,ast_d139acda1f42,A190017001,A190017001 | 경기도하남시풍산동590-4번지 | verified,asset_master,ast_d139acda1f42,1.0,confirmed,"{""cleanup_action"": null, ""source_canonical_name"": ""하남시풍산동9MW 데이터센터""}"
asset:ast_d148de771db5,asset,ast_d148de771db5,A120057001,A120057001 | verified,asset_master,ast_d148de771db5,1.0,confirmed,"{""cleanup_action"": null, ""source_canonical_name"": ""세원이앤씨(주)의 담보부 신주인수권부 사채""}"
asset:ast_d16ce1cedc18,asset,ast_d16ce1cedc18,A112504022,A112504022 | 전라남도 고흥군 도화면 봉룡리 산221-1 | verified,asset_master,ast_d16ce1cedc18,1.0,confirmed,"{""cleanup_action"": null, ""source_canonical_name"": ""미래화희망""}"
asset:ast_d19640044285,asset,ast_d19640044285,A112466027,A112466027 | 경북 의성군 비안면 옥연리 676-2 | verified,asset_master,ast_d19640044285,1.0,confirmed,"{""cleanup_action"": null, ""source_canonical_name"": ""케이앤씨해바라기""}"
asset:ast_d19b7e4dea84,asset,ast_d19b7e4dea84,A112598001,"A112598001 | 2470 Madeville Ln, Alexandria, VA 22314 | verified",asset_master,ast_d19b7e4dea84,1.0,confirmed,"{""cleanup_action"": null, ""source_canonical_name"": ""East Alexandria Multifamily The Foundry""}"
asset:ast_d1b08df14213,asset,ast_d1b08df14213,A112584025,A112584025 | 경상북도 봉화군 봉성면 외삼리 793 외 | verified,asset_master,ast_d1b08df14213,1.0,confirmed,"{""cleanup_action"": null, ""source_canonical_name"": ""외삼1호""}"
asset:ast_d1def35b1c12,asset,ast_d1def35b1c12,A120039001,A120039001 | verified,asset_master,ast_d1def35b1c12,1.0,confirmed,"{""cleanup_action"": null, ""source_canonical_name"": ""부실 및 부실우려 PF사업장 대출채권, 대출, 지분 등에 투자하는 모집합투자기구(모자형 블라인드 펀드)""}"
asset:ast_d1ef2293c6ff,asset,ast_d1ef2293c6ff,AR00014001,AR00014001 | verified,asset_master,ast_d1ef2293c6ff,1.0,confirmed,"{""cleanup_action"": null, ""source_canonical_name"": ""신도림 디큐브시티 백화점""}"
asset:ast_d2047ba66f85,asset,ast_d2047ba66f85,A112338002,"A112338002 | 4-Chome 5-1 Ogicho, Odawara, Kanagawa-Ken | verified",asset_master,ast_d2047ba66f85,1.0,confirmed,"{""cleanup_action"": null, ""source_canonical_name"": ""Odawara Logistics Amazon FC II""}"
asset:ast_d21464a17e8c,asset,ast_d21464a17e8c,A112621001,A112621001 | verified,asset_master,ast_d21464a17e8c,1.0,confirmed,"{""cleanup_action"": null, ""source_canonical_name"": ""Hines US Property Partners""}"
asset:ast_d27d2be05580,asset,ast_d27d2be05580,A112076001,A112076001 | 16개 자산 포트폴리오 | verified,asset_master,ast_d27d2be05580,1.0,confirmed,"{""cleanup_action"": null, ""source_canonical_name"": ""US BioMed Portfolio Senior Loan""}"
asset:ast_d2b153d30e56,asset,ast_d2b153d30e56,A112687001,A112687001 | 울산광역시 남구 신항로716번길 1(황성동) | verified,asset_master,ast_d2b153d30e56,1.0,confirmed,"{""cleanup_action"": null, ""source_canonical_name"": ""㈜동방 보유 유엔씨티㈜ 대출채권 매입""}"
asset:ast_d2b291b01082,asset,ast_d2b291b01082,A112314001,A112314001 | 서울특별시 종로구 평동 234 | auto_created,asset_master,ast_d2b291b01082,1.0,confirmed,"{""cleanup_action"": null, ""source_canonical_name"": ""돈의문3구역 게이트타워""}"
asset:ast_d2b681f14622,asset,ast_d2b681f14622,A112504023,A112504023 | 전라남도 고흥군 도화면 봉룡리 산221-1 | verified,asset_master,ast_d2b681f14622,1.0,confirmed,"{""cleanup_action"": null, ""source_canonical_name"": ""해바라기""}"
asset:ast_d2b8095c4603,asset,ast_d2b8095c4603,A112001002,A112001002 | 경기도 안양시 만안구 안양동 627-287 | auto_created,asset_master,ast_d2b8095c4603,1.0,confirmed,"{""cleanup_action"": null, ""source_canonical_name"": ""2001아울렛(안양) (투자)""}"
asset:ast_d36a3b06c819,asset,ast_d36a3b06c819,A112018001,A112018001 | 경상남도 사천시 벌리동 58-3 | verified,asset_master,ast_d36a3b06c819,1.0,confirmed,"{""cleanup_action"": null, ""source_canonical_name"": ""홈플러스삼천포점""}"
asset:ast_d36d4302f996,asset,ast_d36d4302f996,A112285001,A112285001 | 용인 기흥구 고매동 271번지 일원(총 14개 필지) | verified,asset_master,ast_d36d4302f996,1.0,confirmed,"{""cleanup_action"": null, ""source_canonical_name"": ""용인기흥 파워센(개발)""}"
asset:ast_d3958acf9d57,asset,ast_d3958acf9d57,A112505001,A112505001 | 입장면 용정리 116-5 | auto_created,asset_master,ast_d3958acf9d57,1.0,confirmed,"{""cleanup_action"": null, ""source_canonical_name"": ""아레나스안성""}"
asset:ast_d3f5d6add1ca,asset,ast_d3f5d6add1ca,AP00026001,AP00026001 | 서울시 성동구 성수동2가 269-208 일원 | verified,asset_master,ast_d3f5d6add1ca,1.0,confirmed,"{""cleanup_action"": null, ""source_canonical_name"": ""성수동2가오피스""}"
asset:ast_d3ff3c41d7cb,asset,ast_d3ff3c41d7cb,A112442001,"A112442001 | 경기도 하남시 풍산동 607-2,3 | verified",asset_master,ast_d3ff3c41d7cb,1.0,confirmed,"{""cleanup_action"": null, ""source_canonical_name"": ""하남데이터센터""}"
asset:ast_d4676b749cd2,asset,ast_d4676b749cd2,A112466006,A112466006 | 경상북도 의성군 장춘리 산88 외2필지 | verified,asset_master,ast_d4676b749cd2,1.0,confirmed,"{""cleanup_action"": null, ""source_canonical_name"": ""해누리7호태양광발전소""}"
asset:ast_d4856ef88820,asset,ast_d4856ef88820,A120022001,A120022001 | verified,asset_master,ast_d4856ef88820,1.0,confirmed,"{""cleanup_action"": null, ""source_canonical_name"": ""랜드플랫폼 1-1호""}"
asset:ast_d4a56bde92c8,asset,ast_d4a56bde92c8,A112078001,A112078001 | 서울특별시 중구 순화동 66 | verified,asset_master,ast_d4a56bde92c8,1.0,confirmed,"{""cleanup_action"": null, ""source_canonical_name"": ""순화타워""}"
asset:ast_d4d0f0ff0926,asset,ast_d4d0f0ff0926,A112584022,A112584022 | 전라남도 광양시 광양읍 세풍리 2224 | auto_created,asset_master,ast_d4d0f0ff0926,1.0,confirmed,"{""cleanup_action"": null, ""source_canonical_name"": ""이지스일반사모투자신탁435호(태양광)""}"
asset:ast_d4da0b74e017,asset,ast_d4da0b74e017,AP00035001,AP00035001 | 부산시 해운대 중동 256-5번지 일원 | verified,asset_master,ast_d4da0b74e017,1.0,confirmed,"{""cleanup_action"": null, ""source_canonical_name"": ""해운대중동공동주택""}"
asset:ast_d4faf53bb85a,asset,ast_d4faf53bb85a,A112500002,A112500002 | 경기도 평택시 도일유통길 64(도일동 1175-3) | verified,asset_master,ast_d4faf53bb85a,1.0,confirmed,"{""cleanup_action"": null, ""source_canonical_name"": ""평택아디다스물류센터""}"
asset:ast_d4fbfceea801,asset,ast_d4fbfceea801,A112223021,A112223021 | 4625 Lake Forest Drive | verified,asset_master,ast_d4fbfceea801,1.0,confirmed,"{""cleanup_action"": null, ""source_canonical_name"": ""Courtyard Cincinnati Blue Ash""}"
asset:ast_d568c3621c14,asset,ast_d568c3621c14,ast_d568c3621c14,경기도 연천군 중면 합수리 661 | auto_created,asset_master,ast_d568c3621c14,1.0,confirmed,"{""cleanup_action"": null, ""source_canonical_name"": ""에스이피브""}"
asset:ast_d5a492f670ed,asset,ast_d5a492f670ed,A112500003,A112500003 | 경기도 안성시 원곡면 칠곡리 941번지 | verified,asset_master,ast_d5a492f670ed,1.0,confirmed,"{""cleanup_action"": null, ""source_canonical_name"": ""안성 홈플러스 중부허브 물류센터""}"
asset:ast_d5b7969befe3,asset,ast_d5b7969befe3,A200017001,A200017001 | verified,asset_master,ast_d5b7969befe3,1.0,confirmed,"{""cleanup_action"": null, ""source_canonical_name"": ""London Canon Bridge House Senior Loan""}"
asset:ast_d5c833a503e2,asset,ast_d5c833a503e2,A112593002,A112593002 | 서울시 강남구 삼성동 168-20 | verified,asset_master,ast_d5c833a503e2,1.0,confirmed,"{""cleanup_action"": null, ""source_canonical_name"": ""영보빌딩2""}"
asset:ast_d67f522a279c,asset,ast_d67f522a279c,A112522001,A112522001 | 경기도 안성시 죽산면 당목리 995-46번지 일원 | verified,asset_master,ast_d67f522a279c,1.0,confirmed,"{""cleanup_action"": null, ""source_canonical_name"": ""안성 당목리 물류 개발사업""}"
asset:ast_d6b3682a1147,asset,ast_d6b3682a1147,A200030001,A200030001 | 경기도 성남시 분당구 백현동 534 | auto_created,asset_master,ast_d6b3682a1147,1.0,confirmed,"{""cleanup_action"": null, ""source_canonical_name"": ""판교 테크원타워 (우선주)""}"
asset:ast_d6bd6b33e12b,asset,ast_d6bd6b33e12b,A112668001,A112668001 | verified,asset_master,ast_d6bd6b33e12b,1.0,confirmed,"{""cleanup_action"": null, ""source_canonical_name"": ""HSBC Senior UK Direct Lending Fund 2020 RAIF SICAV-S.A.""}"
asset:ast_d6fa4da10a91,asset,ast_d6fa4da10a91,ast_d6fa4da10a91,전라남도 해남군 해남읍 복평리 995-7 | auto_created,asset_master,ast_d6fa4da10a91,1.0,confirmed,"{""cleanup_action"": null, ""source_canonical_name"": ""다산1""}"
asset:ast_d7155e535335,asset,ast_d7155e535335,A112482001,A112482001 | verified,asset_master,ast_d7155e535335,1.0,confirmed,"{""cleanup_action"": null, ""source_canonical_name"": ""GLP Europe Income Partners II""}"
asset:ast_d71e828b5656,asset,ast_d71e828b5656,ast_d71e828b5656,needs_review,asset_master,ast_d71e828b5656,1.0,confirmed,"{""cleanup_action"": null, ""source_canonical_name"": ""Pantheon Viking Co-Invest LP | NMP V | PGSF VII | PSD III""}"
asset:ast_d7ac46c9c051,asset,ast_d7ac46c9c051,ast_d7ac46c9c051,경상북도 김천시 어모면 남산리 2033 | auto_created,asset_master,ast_d7ac46c9c051,1.0,confirmed,"{""cleanup_action"": null, ""source_canonical_name"": ""솔라팩토리22호""}"
asset:ast_d7cf5a8a230f,asset,ast_d7cf5a8a230f,A112075001,A112075001 | 서울특별시 마포구 동교동 165-4 | verified,asset_master,ast_d7cf5a8a230f,1.0,confirmed,"{""cleanup_action"": null, ""source_canonical_name"": ""유림빌딩""}"
asset:ast_d7d1561008f1,asset,ast_d7d1561008f1,A112504010,A112504010 | 경상남도 의령군 화정면 상일리 산95 | verified,asset_master,ast_d7d1561008f1,1.0,confirmed,"{""cleanup_action"": null, ""source_canonical_name"": ""의령2호""}"
asset:ast_d874a81175a1,asset,ast_d874a81175a1,AP00024001,AP00024001 | 경기도 안산시 단원구 고잔동 542-1 외 1필지 | verified,asset_master,ast_d874a81175a1,1.0,confirmed,"{""cleanup_action"": null, ""source_canonical_name"": ""안산시 고잔동 오피스텔 및 근린생활시설""}"
asset:ast_d8e5a4d52634,asset,ast_d8e5a4d52634,A112076001,A112076001 | 16개 자산 포트폴리오 | verified,asset_master,ast_d8e5a4d52634,1.0,confirmed,"{""cleanup_action"": null, ""source_canonical_name"": ""US BioMed Portfolio Senior Loan""}"
asset:ast_d92e2b93a0fd,asset,ast_d92e2b93a0fd,A112778001,A112778001 | 대전광역시 서구 둔산동 1413 | verified,asset_master,ast_d92e2b93a0fd,1.0,confirmed,"{""cleanup_action"": null, ""source_canonical_name"": ""대전 둔산파이낸스빌딩""}"
asset:ast_d98173641af0,asset,ast_d98173641af0,A112790001,A112790001 | verified,asset_master,ast_d98173641af0,1.0,confirmed,"{""cleanup_action"": null, ""source_canonical_name"": ""Partners Group Tactical Real Estate Fund, L.P.""}"
asset:ast_d9f820e5df21,asset,ast_d9f820e5df21,AP00014001,AP00014001 | 경기도 안성시 원곡면 성은리 319-1 | verified,asset_master,ast_d9f820e5df21,1.0,confirmed,"{""cleanup_action"": null, ""source_canonical_name"": ""안성 성은지구 물류센터""}"
asset:ast_da18f033a8bc,asset,ast_da18f033a8bc,A120107001,A120107001 | 서울특별시 중구 청계천로 100 | verified,asset_master,ast_da18f033a8bc,1.0,confirmed,"{""cleanup_action"": null, ""source_canonical_name"": ""이지스 130호(모) 제2-1종 수익증권""}"
asset:ast_da7c46d1cf41,asset,ast_da7c46d1cf41,A200039001,A200039001 | verified,asset_master,ast_da7c46d1cf41,1.0,confirmed,"{""cleanup_action"": null, ""source_canonical_name"": ""InfraViaEuropean Infrastructure Fund VI""}"
asset:ast_da9f73969f26,asset,ast_da9f73969f26,A112341001,A112341001 | 서울시 서초구 서초동 1005-1외 | verified,asset_master,ast_da9f73969f26,1.0,confirmed,"{""cleanup_action"": null, ""source_canonical_name"": ""에스비씨PFV(P00005)""}"
asset:ast_dafd8d7ea9a9,asset,ast_dafd8d7ea9a9,A112584036,"A112584036 | 전라북도 익산시 밍상면 어량리 1743-14, 906-47, 906-46, 1743-13 | verified",asset_master,ast_dafd8d7ea9a9,1.0,confirmed,"{""cleanup_action"": null, ""source_canonical_name"": ""어량리""}"
asset:ast_db35eead7a91,asset,ast_db35eead7a91,A112344001,A112344001 | 인천광역시 미추홀구 용현동 648 | verified,asset_master,ast_db35eead7a91,1.0,confirmed,"{""cleanup_action"": null, ""source_canonical_name"": ""홈플러스 인천인하점""}"
asset:ast_db3bfd1b4baf,asset,ast_db3bfd1b4baf,A112584021,A112584021 | 강원특별자치도 원주시 문막읍 반계리 2255-2 | auto_created,asset_master,ast_db3bfd1b4baf,1.0,confirmed,"{""cleanup_action"": null, ""source_canonical_name"": ""이지스일반사모투자신탁435호(태양광)""}"
asset:ast_db4799e88a26,asset,ast_db4799e88a26,A112223007,A112223007 | 2101 West New Haven Avenue | verified,asset_master,ast_db4799e88a26,1.0,confirmed,"{""cleanup_action"": null, ""source_canonical_name"": ""Courtyard Melbourne West""}"
asset:ast_db4e0440e038,asset,ast_db4e0440e038,A112074001,A112074001 | verified,asset_master,ast_db4e0440e038,1.0,confirmed,"{""cleanup_action"": null, ""source_canonical_name"": ""AXA Real Estate Development Venture IV""}"
asset:ast_db5ed66e1434,asset,ast_db5ed66e1434,A112413001,A112413001 | verified,asset_master,ast_db5ed66e1434,1.0,confirmed,"{""cleanup_action"": null, ""source_canonical_name"": ""Brookfield Super-Core Infrastructure Partners""}"
asset:ast_db8623f6f559,asset,ast_db8623f6f559,A120017001,A120017001 | verified,asset_master,ast_db8623f6f559,1.0,confirmed,"{""cleanup_action"": null, ""source_canonical_name"": ""에스엔에스랩""}"
asset:ast_db8fd17c8890,asset,ast_db8fd17c8890,A112132001,A112132001 | 전북특별자치도 전주시 완산구 효자동1가 431-5 | auto_created,asset_master,ast_db8fd17c8890,1.0,confirmed,"{""cleanup_action"": null, ""source_canonical_name"": ""홈플러스전주효자점""}"
asset:ast_dbc79cb5a626,asset,ast_dbc79cb5a626,A300080001,A300080001 | verified,asset_master,ast_dbc79cb5a626,1.0,confirmed,"{""cleanup_action"": null, ""source_canonical_name"": ""공모주,  국내 주식""}"
asset:ast_dbcae6af9a45,asset,ast_dbcae6af9a45,A112362002,A112362002 | 일본 도쿄도 23구 내 | verified,asset_master,ast_dbcae6af9a45,1.0,confirmed,"{""cleanup_action"": null, ""source_canonical_name"": ""GRAN PASEO 혼코마고메""}"
asset:ast_dc0316795e8e,asset,ast_dc0316795e8e,A112268001,A112268001 | 서울특별시 중구 세종대로16길 22(북창동 17-1외 2필지) | verified,asset_master,ast_dc0316795e8e,1.0,confirmed,"{""cleanup_action"": null, ""source_canonical_name"": ""트레블로지명동시티홀호텔""}"
asset:ast_dc11f9b4f515,asset,ast_dc11f9b4f515,A20000603,A20000603 | auto_created,asset_master,ast_dc11f9b4f515,1.0,confirmed,"{""cleanup_action"": null, ""source_canonical_name"": ""이지스글로벌세컨더리일반사모혼합자산투자신탁제1호""}"
asset:ast_dc99a27ccb95,asset,ast_dc99a27ccb95,A120091001,A120091001 | verified,asset_master,ast_dc99a27ccb95,1.0,confirmed,"{""cleanup_action"": null, ""source_canonical_name"": ""재생에너지 플랫폼회사(\""HoldCo\"")에 대한 지분 및 주주대여금""}"
asset:ast_dc9b51df4a56,asset,ast_dc9b51df4a56,A300063001,A300063001 | verified,asset_master,ast_dc9b51df4a56,1.0,confirmed,"{""cleanup_action"": null, ""source_canonical_name"": ""국내 주식, 채권, ETF, 공모주, 스팩""}"
asset:ast_dcc6905b8a09,asset,ast_dcc6905b8a09,A112223009,A112223009 | 6703 Abercorn Street | verified,asset_master,ast_dcc6905b8a09,1.0,confirmed,"{""cleanup_action"": null, ""source_canonical_name"": ""Courtyard Savannah Midtown""}"
asset:ast_dcf834c2a811,asset,ast_dcf834c2a811,A112466004,A112466004 | 경상북도 의성군 장춘리 산88-2 | verified,asset_master,ast_dcf834c2a811,1.0,confirmed,"{""cleanup_action"": null, ""source_canonical_name"": ""장춘3호태양광발전소""}"
asset:ast_dd22d6a3cb4f,asset,ast_dd22d6a3cb4f,A112517001,A112517001 | 경기도 성남시 분당구 수내동 6-4 | auto_created,asset_master,ast_dd22d6a3cb4f,1.0,confirmed,"{""cleanup_action"": null, ""source_canonical_name"": ""티맥스수내타워""}"
asset:ast_dd450e43e303,asset,ast_dd450e43e303,A112504024,"A112504024 | 경상북도 의성군 옥산면 입암리 28, 29번지 | verified",asset_master,ast_dd450e43e303,1.0,confirmed,"{""cleanup_action"": null, ""source_canonical_name"": ""디앤피입암리1호""}"
asset:ast_dd63895bac49,asset,ast_dd63895bac49,A20001101,A20001101 | auto_created,asset_master,ast_dd63895bac49,1.0,confirmed,"{""cleanup_action"": null, ""source_canonical_name"": ""Starwood European Real Estate Debt Finance II (SEREDF II""}"
asset:ast_dd6d598a7920,asset,ast_dd6d598a7920,A112504025,"A112504025 | 경남 남해군 창선면 서대리 산112, 112-1, 112-2 | verified",asset_master,ast_dd6d598a7920,1.0,confirmed,"{""cleanup_action"": null, ""source_canonical_name"": ""한려""}"
asset:ast_dd6e846e65f4,asset,ast_dd6e846e65f4,A112034001,A112034001 | 제주특별자치도 제주시 연동 274-16 | auto_created,asset_master,ast_dd6e846e65f4,1.0,confirmed,"{""cleanup_action"": null, ""source_canonical_name"": ""신라스테이제주""}"
asset:ast_dd8a51e02785,asset,ast_dd8a51e02785,A112584014,"A112584014 | 충청남도 서천군 서면 원두리 산79-1, 80 | verified",asset_master,ast_dd8a51e02785,1.0,confirmed,"{""cleanup_action"": null, ""source_canonical_name"": ""소망""}"
asset:ast_de2b4769c13a,asset,ast_de2b4769c13a,A112466014,A112466014 | 경상남도 고성군 삼산면 장치리 산103-16 | verified,asset_master,ast_de2b4769c13a,1.0,confirmed,"{""cleanup_action"": null, ""source_canonical_name"": ""삼산태양광발전소""}"
asset:ast_de42c797815f,asset,ast_de42c797815f,A300052001,A300052001 | verified,asset_master,ast_de42c797815f,1.0,confirmed,"{""cleanup_action"": null, ""source_canonical_name"": ""메자닌, 이벤트 드리븐, 공모주, ETF, 채권""}"
asset:ast_de6ef6887dbb,asset,ast_de6ef6887dbb,A300073001,A300073001 | verified,asset_master,ast_de6ef6887dbb,1.0,confirmed,"{""cleanup_action"": null, ""source_canonical_name"": ""채권, 레포, 공모주""}"
asset:ast_de9d530fc253,asset,ast_de9d530fc253,A300076001,A300076001 | verified,asset_master,ast_de9d530fc253,1.0,confirmed,"{""cleanup_action"": null, ""source_canonical_name"": ""채권, 국내 주식, ETF, 공모주, 스팩""}"
asset:ast_dea48a44c033,asset,ast_dea48a44c033,A200008001,"A200008001 | One Bloor St. West, Toronto, Ontario | verified",asset_master,ast_dea48a44c033,1.0,confirmed,"{""cleanup_action"": null, ""source_canonical_name"": ""Toronto The One Super-senior Loan (Receivership Funding)""}"
asset:ast_deef81e70ae6,asset,ast_deef81e70ae6,A190013001,A190013001 | 경기도 포천시 가산면 정교리 272-1번지 외 12필지 | verified,asset_master,ast_deef81e70ae6,1.0,confirmed,"{""cleanup_action"": null, ""source_canonical_name"": ""포천정교리물류센터""}"
asset:ast_df3703ad7418,asset,ast_df3703ad7418,A112466033,A112466033 | 경상북도 안동시 임동면 중평리 산 13-11 | verified,asset_master,ast_df3703ad7418,1.0,confirmed,"{""cleanup_action"": null, ""source_canonical_name"": ""제이피에너지""}"
asset:ast_df61856e9446,asset,ast_df61856e9446,AR00006001,AR00006001 | 분당구 장미로 36 | verified,asset_master,ast_df61856e9446,1.0,confirmed,"{""cleanup_action"": null, ""source_canonical_name"": ""분당Hostway IDC""}"
asset:ast_df9311763a69,asset,ast_df9311763a69,A300017001,A300017001 | verified,asset_master,ast_df9311763a69,1.0,confirmed,"{""cleanup_action"": null, ""source_canonical_name"": ""공모주, 스팩""}"
asset:ast_dfa1348ddd15,asset,ast_dfa1348ddd15,AP00009001,"AP00009001 | 서울특별시 종로구 효제동 315-1, 315-6 | verified",asset_master,ast_dfa1348ddd15,1.0,confirmed,"{""cleanup_action"": null, ""source_canonical_name"": ""효제동 오피스텔 개발사업""}"
asset:ast_dfe3a3dedda0,asset,ast_dfe3a3dedda0,A112584008,A112584008 | 경기도 연천군 중면 합수리 122 | verified,asset_master,ast_dfe3a3dedda0,1.0,confirmed,"{""cleanup_action"": null, ""source_canonical_name"": ""에스지""}"
asset:ast_e055ba2f7430,asset,ast_e055ba2f7430,ast_e055ba2f7430,needs_review,asset_master,ast_e055ba2f7430,1.0,confirmed,"{""cleanup_action"": null, ""source_canonical_name"": ""이지스200호(디어스 판교)""}"
asset:ast_e0a9abed71bf,asset,ast_e0a9abed71bf,A112037001,A112037001 | 경기도 수원시 권선구 서둔동 296-77 외 2필지 | verified,asset_master,ast_e0a9abed71bf,1.0,confirmed,"{""cleanup_action"": null, ""source_canonical_name"": ""롯데수원역쇼핑타운토지""}"
asset:ast_e0b140083119,asset,ast_e0b140083119,ast_e0b140083119,강원특별자치도 삼척시 남양동 산33 | auto_created,asset_master,ast_e0b140083119,1.0,confirmed,"{""cleanup_action"": null, ""source_canonical_name"": ""새금풍력태양광발전소""}"
asset:ast_e0d705ed16ed,asset,ast_e0d705ed16ed,A112658001,A112658001 | verified,asset_master,ast_e0d705ed16ed,1.0,confirmed,"{""cleanup_action"": null, ""source_canonical_name"": ""Clarion Gables Multifamily Fund""}"
asset:ast_e10a51769654,asset,ast_e10a51769654,AP00007002,AP00007002 | 서울특별시 종로구 관훈동 155-2 외 4필지 | verified,asset_master,ast_e10a51769654,1.0,confirmed,"{""cleanup_action"": null, ""source_canonical_name"": ""안녕인사동""}"
asset:ast_e123d535adec,asset,ast_e123d535adec,A120057001,A120057001 | verified,asset_master,ast_e123d535adec,1.0,confirmed,"{""cleanup_action"": null, ""source_canonical_name"": ""세원이앤씨(주)의 담보부 신주인수권부 사채""}"
asset:ast_e13b8d7b93b9,asset,ast_e13b8d7b93b9,A120056001,A120056001 | verified,asset_master,ast_e13b8d7b93b9,1.0,confirmed,"{""cleanup_action"": null, ""source_canonical_name"": ""금융기관 등이 보유하는 담보부 부실 대출재권, 기타 부실징후자산 및 기업관련 대출 채권 등(블라인드)""}"
asset:ast_e1569e444936,asset,ast_e1569e444936,A112703001,A112703001 | 경기도 안성시 원곡면 칠곡리 941번지 | verified,asset_master,ast_e1569e444936,1.0,confirmed,"{""cleanup_action"": null, ""source_canonical_name"": ""안성홈플러스물류센터""}"
asset:ast_e16f5dce563a,asset,ast_e16f5dce563a,A300057001,A300057001 | verified,asset_master,ast_e16f5dce563a,1.0,confirmed,"{""cleanup_action"": null, ""source_canonical_name"": ""메자닌, 공모주, 이벤트 드리븐, 스팩, ETF""}"
asset:ast_e1d9cebad545,asset,ast_e1d9cebad545,A112291001,A112291001 | verified,asset_master,ast_e1d9cebad545,1.0,confirmed,"{""cleanup_action"": null, ""source_canonical_name"": ""ISF모1-3호(타임테라스동탄)""}"
asset:ast_e28d1ea3fa3e,asset,ast_e28d1ea3fa3e,AR00006001,AR00006001 | 분당구 장미로 36 | verified,asset_master,ast_e28d1ea3fa3e,1.0,confirmed,"{""cleanup_action"": null, ""source_canonical_name"": ""분당Hostway IDC""}"
asset:ast_e2910b24e5e7,asset,ast_e2910b24e5e7,A112456001,A112456001 | 서울특별시 용산구 원효로3가 1-159번지 외 3필지 | verified,asset_master,ast_e2910b24e5e7,1.0,confirmed,"{""cleanup_action"": null, ""source_canonical_name"": ""원효로3가 공공지원민간임대주택""}"
asset:ast_e2bbe7ecc53c,asset,ast_e2bbe7ecc53c,A112223013,A112223013 | 103 East Park Drive | verified,asset_master,ast_e2bbe7ecc53c,1.0,confirmed,"{""cleanup_action"": null, ""source_canonical_name"": ""Courtyard Nashville Brentwood""}"
asset:ast_e2de71b1eff9,asset,ast_e2de71b1eff9,A112223002,A112223002 | 47000 Lakeview Boulevard | verified,asset_master,ast_e2de71b1eff9,1.0,confirmed,"{""cleanup_action"": null, ""source_canonical_name"": ""Courtyard Fremont""}"
asset:ast_e2fd03212beb,asset,ast_e2fd03212beb,A112047001,A112047001 | 전라남도 무안군 삼향읍 남악리 2622 | auto_created,asset_master,ast_e2fd03212beb,1.0,confirmed,"{""cleanup_action"": null, ""source_canonical_name"": ""남악신도시 복합쇼핑몰 (투자)""}"
asset:ast_e342ebe1ccdf,asset,ast_e342ebe1ccdf,A112067001,"A112067001 | 105 Gun Beach Road, Tumon, Guam 96913 U.S.A | verified",asset_master,ast_e342ebe1ccdf,1.0,confirmed,"{""cleanup_action"": null, ""source_canonical_name"": ""괌 웨스틴 호텔""}"
asset:ast_e3779cfe5ab2,asset,ast_e3779cfe5ab2,A112226001,A112226001 | 제주특별자치도 서귀포시 색달동 2785 | auto_created,asset_master,ast_e3779cfe5ab2,1.0,confirmed,"{""cleanup_action"": null, ""source_canonical_name"": ""켄싱턴 제주호텔 부동산담보신탁 1종 수익권""}"
asset:ast_e3855badc0c0,asset,ast_e3855badc0c0,A300028001,A300028001 | verified,asset_master,ast_e3855badc0c0,1.0,confirmed,"{""cleanup_action"": null, ""source_canonical_name"": ""상장리츠 발행 채권, 국내 주식, 공모주, 스팩, ETF""}"
asset:ast_e3a8955cec50,asset,ast_e3a8955cec50,A112682001,A112682001 | verified,asset_master,ast_e3a8955cec50,1.0,confirmed,"{""cleanup_action"": null, ""source_canonical_name"": ""이지스일반사모부동산투자신탁제468-2호(2종)의 수익증권""}"
asset:ast_e43315f52192,asset,ast_e43315f52192,A112080001,A112080001 | 울산광역시 남구 삼산동 1569-1 | verified,asset_master,ast_e43315f52192,1.0,confirmed,"{""cleanup_action"": null, ""source_canonical_name"": ""업스퀘어""}"
asset:ast_e4475dc34369,asset,ast_e4475dc34369,A112656001,A112656001 | 서울특별시 중구 을지로1가 71-9번지 | verified,asset_master,ast_e4475dc34369,1.0,confirmed,"{""cleanup_action"": null, ""source_canonical_name"": ""을지로부림빌딩""}"
asset:ast_e4545b0356db,asset,ast_e4545b0356db,ast_e4545b0356db,경상북도 영주시 조와동 346 | auto_created,asset_master,ast_e4545b0356db,1.0,confirmed,"{""cleanup_action"": null, ""source_canonical_name"": ""윈즈에너지""}"
asset:ast_e45b98ccfc65,asset,ast_e45b98ccfc65,A112126001,A112126001 | 서울특별시 중구 을지로4가 261-1 일원 | verified,asset_master,ast_e45b98ccfc65,1.0,confirmed,"{""cleanup_action"": null, ""source_canonical_name"": ""세운 6-3-1,2구역 도시환경정비사업""}"
asset:ast_e47259b95cda,asset,ast_e47259b95cda,A112504024,"A112504024 | 경상북도 의성군 옥산면 입암리 28, 29번지 | verified",asset_master,ast_e47259b95cda,1.0,confirmed,"{""cleanup_action"": null, ""source_canonical_name"": ""디앤피입암리1호""}"
asset:ast_e47c4c7b3344,asset,ast_e47c4c7b3344,A112519001,A112519001 | 경기도 오산시 오산세교2지구 M1BL | verified,asset_master,ast_e47c4c7b3344,1.0,confirmed,"{""cleanup_action"": null, ""source_canonical_name"": ""오산세교 주거시설""}"
asset:ast_e4e8c1b51392,asset,ast_e4e8c1b51392,AP00019001,AP00019001 | 중랑구 상봉동 109-28 외 | verified,asset_master,ast_e4e8c1b51392,1.0,confirmed,"{""cleanup_action"": null, ""source_canonical_name"": ""상봉 청년주택 개발""}"
asset:ast_e4f79a3917ba,asset,ast_e4f79a3917ba,A300032001,A300032001 | verified,asset_master,ast_e4f79a3917ba,1.0,confirmed,"{""cleanup_action"": null, ""source_canonical_name"": ""BBB+ 이하 채권, 공모주, 스팩, 이벤트 드리븐""}"
asset:ast_e505ab13fd73,asset,ast_e505ab13fd73,A112418001,"A112418001 | 2 MacArthur Place, Santa Ana, CA 92707 | verified",asset_master,ast_e505ab13fd73,1.0,confirmed,"{""cleanup_action"": null, ""source_canonical_name"": ""타이거대체전문투자형사모부동산투자신탁5호(미국캘리포니아주오렌지카운티소재상업용오피스 투자)""}"
asset:ast_e5211e566e98,asset,ast_e5211e566e98,A112308001,"A112308001 | 564 5th Avenue New York, NY 10036 | verified",asset_master,ast_e5211e566e98,1.0,confirmed,"{""cleanup_action"": null, ""source_canonical_name"": ""New York 564 6th Avenue Senior Loan""}"
asset:ast_e534a7538cd4,asset,ast_e534a7538cd4,A112223011,A112223011 | 800 West Arrowood Road | verified,asset_master,ast_e534a7538cd4,1.0,confirmed,"{""cleanup_action"": null, ""source_canonical_name"": ""Courtyard Charlotte Arrowood""}"
asset:ast_e53c191931b7,asset,ast_e53c191931b7,A120053001,A120053001 | verified,asset_master,ast_e53c191931b7,1.0,confirmed,"{""cleanup_action"": null, ""source_canonical_name"": ""하이파킹 대여금""}"
asset:ast_e547d4e384c5,asset,ast_e547d4e384c5,A112778001,A112778001 | 대전광역시 서구 둔산동 1413 | auto_created,asset_master,ast_e547d4e384c5,1.0,confirmed,"{""cleanup_action"": null, ""source_canonical_name"": ""대전 둔산파이낸스빌딩""}"
asset:ast_e564a0a4bfde,asset,ast_e564a0a4bfde,A300063001,A300063001 | verified,asset_master,ast_e564a0a4bfde,1.0,confirmed,"{""cleanup_action"": null, ""source_canonical_name"": ""국내 주식, 채권, ETF, 공모주, 스팩""}"
asset:ast_e57ce277323d,asset,ast_e57ce277323d,A120037001,A120037001 | verified,asset_master,ast_e57ce277323d,1.0,confirmed,"{""cleanup_action"": null, ""source_canonical_name"": ""성수동2가 268-2 업무시설 개발사업 브릿지대출""}"
asset:ast_e58f637f20d9,asset,ast_e58f637f20d9,A112086001,A112086001 | 서울특별시 구로구 신도림동 337 | verified,asset_master,ast_e58f637f20d9,1.0,confirmed,"{""cleanup_action"": null, ""source_canonical_name"": ""신도림핀포인트""}"
asset:ast_e5daaa392be6,asset,ast_e5daaa392be6,A112092001,"A112092001 | 1001 & 1025 F Street NW, Washington, D.C. 20004 | verified",asset_master,ast_e5daaa392be6,1.0,confirmed,"{""cleanup_action"": null, ""source_canonical_name"": ""Washington D.C. Woodies Building Senior Loan""}"
asset:ast_e60d36b43a64,asset,ast_e60d36b43a64,A112449001,A112449001 | 부산광역시 해운대구 재송동 856-1 | verified,asset_master,ast_e60d36b43a64,1.0,confirmed,"{""cleanup_action"": null, ""source_canonical_name"": ""해운대 센텀 한진CY부지 Bridge Loan 선순위 담보대출 투자""}"
asset:ast_e6354f73d483,asset,ast_e6354f73d483,A112523001,"A112523001 | 900 Wilshire Boulevard, Los Angeles, California | verified",asset_master,ast_e6354f73d483,1.0,confirmed,"{""cleanup_action"": null, ""source_canonical_name"": ""LA Wilshire Grand Center Senior Loan""}"
asset:ast_e658d751f1bd,asset,ast_e658d751f1bd,A200030001,A200030001 | 경기도 성남시 분당구 백현동 534 | verified,asset_master,ast_e658d751f1bd,1.0,confirmed,"{""cleanup_action"": null, ""source_canonical_name"": ""판교 테크원타워""}"
asset:ast_e6eadbaa08bd,asset,ast_e6eadbaa08bd,A112279001,A112279001 | 충청북도 보은군 탄부면 상장리 643-3 | auto_created,asset_master,ast_e6eadbaa08bd,1.0,confirmed,"{""cleanup_action"": null, ""source_canonical_name"": ""클럽디 속리산""}"
asset:ast_e78bd37a55e6,asset,ast_e78bd37a55e6,A200004001,A200004001 | verified,asset_master,ast_e78bd37a55e6,1.0,confirmed,"{""cleanup_action"": null, ""source_canonical_name"": ""Pantheon PGSF VII""}"
asset:ast_e7e65d3bc117,asset,ast_e7e65d3bc117,A112561001,A112561001 | 서울시 강남구 테헤란로 218 | verified,asset_master,ast_e7e65d3bc117,1.0,confirmed,"{""cleanup_action"": null, ""source_canonical_name"": ""역삼AP타워""}"
asset:ast_e825b5c5a33f,asset,ast_e825b5c5a33f,A112558001,A112558001 | verified,asset_master,ast_e825b5c5a33f,1.0,confirmed,"{""cleanup_action"": null, ""source_canonical_name"": ""KKR Real Estate Partners Europe II""}"
asset:ast_e82ed4b638d4,asset,ast_e82ed4b638d4,A112068001,"A112068001 | 787 Seventh Avenue (51st & 52nd Street), NY | verified",asset_master,ast_e82ed4b638d4,1.0,confirmed,"{""cleanup_action"": null, ""source_canonical_name"": ""New York 787 Seventh Avenue Mezzanine Loan""}"
asset:ast_e8488224f793,asset,ast_e8488224f793,A200017001,A200017001 | verified,asset_master,ast_e8488224f793,1.0,confirmed,"{""cleanup_action"": null, ""source_canonical_name"": ""London Canon Bridge House Senior Loan""}"
asset:ast_e88ca660b36b,asset,ast_e88ca660b36b,A190008001,A190008001 | 서울특별시 용산구 | verified,asset_master,ast_e88ca660b36b,1.0,confirmed,"{""cleanup_action"": null, ""source_canonical_name"": ""이태원동 133-17 외 2필지""}"
asset:ast_e8ad3281d39e,asset,ast_e8ad3281d39e,A112618001,A112618001 | verified,asset_master,ast_e8ad3281d39e,1.0,confirmed,"{""cleanup_action"": null, ""source_canonical_name"": ""Enlink project patton""}"
asset:ast_e93b7e7a9f50,asset,ast_e93b7e7a9f50,A112466002,A112466002 | 충청남도 서산시 지곡면 환성리 777-90 | verified,asset_master,ast_e93b7e7a9f50,1.0,confirmed,"{""cleanup_action"": null, ""source_canonical_name"": ""환성3호태양광발전소""}"
asset:ast_e951a12e306d,asset,ast_e951a12e306d,ast_e951a12e306d,충청남도 보령시 천북면 장은리 214-8 | auto_created,asset_master,ast_e951a12e306d,1.0,confirmed,"{""cleanup_action"": null, ""source_canonical_name"": ""해량에너지""}"
asset:ast_e96ccf31559a,asset,ast_e96ccf31559a,ast_e96ccf31559a,경상남도 남해군 창선면 서대리 77-2 | auto_created,asset_master,ast_e96ccf31559a,1.0,confirmed,"{""cleanup_action"": null, ""source_canonical_name"": ""한려""}"
asset:ast_e99c7779c9b8,asset,ast_e99c7779c9b8,A112524001,A112524001 | 서울시 강남구 언주로 726(논현동) | verified,asset_master,ast_e99c7779c9b8,1.0,confirmed,"{""cleanup_action"": null, ""source_canonical_name"": ""두산빌딩""}"
asset:ast_e9cf3bb06021,asset,ast_e9cf3bb06021,ast_e9cf3bb06021,경상남도 하동군 양보면 감당리 산85-1 | auto_created,asset_master,ast_e9cf3bb06021,1.0,confirmed,"{""cleanup_action"": null, ""source_canonical_name"": ""도원에너지""}"
asset:ast_ea5059c477b7,asset,ast_ea5059c477b7,A112223027,A112223027 | 1151 W. Walnut Hill Lane | verified,asset_master,ast_ea5059c477b7,1.0,confirmed,"{""cleanup_action"": null, ""source_canonical_name"": ""Courtyard by Marriott""}"
asset:ast_ea7abbe04f2a,asset,ast_ea7abbe04f2a,A200024001,A200024001 | verified,asset_master,ast_ea7abbe04f2a,1.0,confirmed,"{""cleanup_action"": null, ""source_canonical_name"": ""ARDIAN Infrastructure Fund VI S.C.S., SICAV-RAIF""}"
asset:ast_ea7cfe2c034c,asset,ast_ea7cfe2c034c,A300067001,A300067001 | verified,asset_master,ast_ea7cfe2c034c,1.0,confirmed,"{""cleanup_action"": null, ""source_canonical_name"": ""채권, 자산유동화 증권, 어음, 레포""}"
asset:ast_ea83005ce057,asset,ast_ea83005ce057,A112559001,A112559001 | 경기도 성남시 수정구 시흥동 288-2 | auto_created,asset_master,ast_ea83005ce057,1.0,confirmed,"{""cleanup_action"": null, ""source_canonical_name"": ""판교아이스퀘어C1블럭상업및숙박시설""}"
asset:ast_ea8e897db9a1,asset,ast_ea8e897db9a1,A112375001,A112375001 | 서울특별시 서초구 서초동 1318-1 | verified,asset_master,ast_ea8e897db9a1,1.0,confirmed,"{""cleanup_action"": null, ""source_canonical_name"": ""OPUS407""}"
asset:ast_ea90d1d50c7d,asset,ast_ea90d1d50c7d,A300075001,A300075001 | verified,asset_master,ast_ea90d1d50c7d,1.0,confirmed,"{""cleanup_action"": null, ""source_canonical_name"": ""BBB+ 이하 채권, 공모주, 스팩, 이벤트 드리븐, CP, 레포""}"
asset:ast_ead5386059f5,asset,ast_ead5386059f5,A112401002,"A112401002 | Lombardy, Milano, Italy | verified",asset_master,ast_ead5386059f5,1.0,confirmed,"{""cleanup_action"": null, ""source_canonical_name"": ""Carugate""}"
asset:ast_eadb0a414753,asset,ast_eadb0a414753,A112504014,A112504014 | 경상북도 군위군 소보면 도산리 산 89-5 | verified,asset_master,ast_eadb0a414753,1.0,confirmed,"{""cleanup_action"": null, ""source_canonical_name"": ""투태모에너지3호""}"
asset:ast_eb058774b3aa,asset,ast_eb058774b3aa,A112148001,A112148001 | 경기도 성남시 분당구 백현동 539 | auto_created,asset_master,ast_eb058774b3aa,1.0,confirmed,"{""cleanup_action"": null, ""source_canonical_name"": ""판교 알파돔시티 비즈니스호텔 (투자)""}"
asset:ast_eb5a157872a8,asset,ast_eb5a157872a8,A112474001,"A112474001 | 서울시 종로구 효제동 315-1, 6 | verified",asset_master,ast_eb5a157872a8,1.0,confirmed,"{""cleanup_action"": null, ""source_canonical_name"": ""효제아트PFV(주식 및 주주대여)""}"
asset:ast_eb6dfd75233b,asset,ast_eb6dfd75233b,AP00034001,AP00034001 | 울산광역시 울주군 삼남읍 교동리 1682-1번지 | verified,asset_master,ast_eb6dfd75233b,1.0,confirmed,"{""cleanup_action"": null, ""source_canonical_name"": ""KTX울산역 오피스텔 개발사업""}"
asset:ast_eb73897d66c4,asset,ast_eb73897d66c4,A112445002,A112445002 | 서울특별시 동대문구 신설동 98-24 | verified,asset_master,ast_eb73897d66c4,1.0,confirmed,"{""cleanup_action"": null, ""source_canonical_name"": ""맹그로브 신설""}"
asset:ast_eb9fef2fb0a9,asset,ast_eb9fef2fb0a9,A112584029,"A112584029 | 경기 연천군 중면 합수리 661, 662, 663 | verified",asset_master,ast_eb9fef2fb0a9,1.0,confirmed,"{""cleanup_action"": null, ""source_canonical_name"": ""에스이피브""}"
asset:ast_ebb3453751e3,asset,ast_ebb3453751e3,A200009001,A200009001 | verified,asset_master,ast_ebb3453751e3,1.0,confirmed,"{""cleanup_action"": null, ""source_canonical_name"": ""Bridge Debt Strategies V Green Bridge LP""}"
asset:ast_ebcbfb2a0ea5,asset,ast_ebcbfb2a0ea5,A112584043,A112584043 | 충청남도 보령시 천북면 신죽리 645-11 | verified,asset_master,ast_ebcbfb2a0ea5,1.0,confirmed,"{""cleanup_action"": null, ""source_canonical_name"": ""솔라시너지햇빛1호""}"
asset:ast_ebcc58ed50e7,asset,ast_ebcc58ed50e7,ast_ebcc58ed50e7,충청북도 진천군 문백면 평산리 산54 | auto_created,asset_master,ast_ebcc58ed50e7,1.0,confirmed,"{""cleanup_action"": null, ""source_canonical_name"": ""진이엔지""}"
asset:ast_ebd723e072c4,asset,ast_ebd723e072c4,A112058001,"A112058001 | A-1030 Vienna, Austria | verified",asset_master,ast_ebd723e072c4,1.0,confirmed,"{""cleanup_action"": null, ""source_canonical_name"": ""Vienna Office & Retail Wien Mitte""}"
asset:ast_ebebc7b1bdf8,asset,ast_ebebc7b1bdf8,ast_ebebc7b1bdf8,경상북도 예천군 은풍면 부초리 산44 | auto_created,asset_master,ast_ebebc7b1bdf8,1.0,confirmed,"{""cleanup_action"": null, ""source_canonical_name"": ""동서발전""}"
asset:ast_ec07f6a9ae3d,asset,ast_ec07f6a9ae3d,A112374001,"A112374001 | 555 10th Avenue, NY | verified",asset_master,ast_ec07f6a9ae3d,1.0,confirmed,"{""cleanup_action"": null, ""source_canonical_name"": ""New York 555 10 Avenue""}"
asset:ast_ec5c572ce8a7,asset,ast_ec5c572ce8a7,AR00008001,AR00008001 | 인천광역시 부평구 십정동 216 | auto_created,asset_master,ast_ec5c572ce8a7,1.0,confirmed,"{""cleanup_action"": null, ""source_canonical_name"": ""주식회사 이지스레지던스위탁관리부동산투자회사""}"
asset:ast_ec6dcc378dcf,asset,ast_ec6dcc378dcf,A112234001,"A112234001 | 경남 양산시 상북면 효충2길13(페트로콕증기생산시설), 경기 시흥시 서울대학로 59-5 배곧가압장(연료전지 | verified",asset_master,ast_ec6dcc378dcf,1.0,confirmed,"{""cleanup_action"": null, ""source_canonical_name"": ""(주)페트로코너지 발행 지분증권 및 투자대상회사(이지스페트로코너지(주))에 대한 대출채권""}"
asset:ast_ecbd3dcd5c8a,asset,ast_ecbd3dcd5c8a,A112584024,A112584024 | 경북 안동시 길안면 현하리 1115-19 | verified,asset_master,ast_ecbd3dcd5c8a,1.0,confirmed,"{""cleanup_action"": null, ""source_canonical_name"": ""강구16호""}"
asset:ast_ecc1f7608e99,asset,ast_ecc1f7608e99,A120102001,A120102001 | verified,asset_master,ast_ecc1f7608e99,1.0,confirmed,"{""cleanup_action"": null, ""source_canonical_name"": ""이지스용산PF재구조화일반사모1호(2종)""}"
asset:ast_ecd738fc0c31,asset,ast_ecd738fc0c31,A112008003,A112008003 | 부산광역시 해운대구 우동 1499 | auto_created,asset_master,ast_ecd738fc0c31,1.0,confirmed,"{""cleanup_action"": null, ""source_canonical_name"": ""홈플러스센텀시티점""}"
asset:ast_ecfb9566d436,asset,ast_ecfb9566d436,A112527002,A112527002 | 경기도 이천시 대월면 도리리 3-2 외 1필지 | verified,asset_master,ast_ecfb9566d436,1.0,confirmed,"{""cleanup_action"": null, ""source_canonical_name"": ""부국물류센터""}"
asset:ast_ed3ecf35259b,asset,ast_ed3ecf35259b,A120049001,A120049001 | 서울특별시 강남구 자곡동 198 (수서역세권 공공주택지구 B1-3BL) | verified,asset_master,ast_ed3ecf35259b,1.0,confirmed,"{""cleanup_action"": null, ""source_canonical_name"": ""수서 역세권B1-3BL B/L(이지스수서PF재구조화 2종 수익증권)""}"
asset:ast_ed6a011723e2,asset,ast_ed6a011723e2,A112184001,A112184001 | 인천광역시 남동구 고잔동 648-1 | auto_created,asset_master,ast_ed6a011723e2,1.0,confirmed,"{""cleanup_action"": null, ""source_canonical_name"": ""남동테크노타워 지식산업센터 개발사업 PF""}"
asset:ast_edd6f6c3e3e5,asset,ast_edd6f6c3e3e5,A112005001,A112005001 | 서울특별시 강남구 논현동 119 | auto_created,asset_master,ast_edd6f6c3e3e5,1.0,confirmed,"{""cleanup_action"": null, ""source_canonical_name"": ""더피나클강남 (투자)""}"
asset:ast_ede5ff41c84e,asset,ast_ede5ff41c84e,A112251001,A112251001 | 서울시 동대문구 회기로 188-5 | verified,asset_master,ast_ede5ff41c84e,1.0,confirmed,"{""cleanup_action"": null, ""source_canonical_name"": ""드웰동대문""}"
asset:ast_ee5b4d0511ec,asset,ast_ee5b4d0511ec,A112611002,A112611002 | 경기도 구리시 수택동 370 | auto_created,asset_master,ast_ee5b4d0511ec,1.0,confirmed,"{""cleanup_action"": null, ""source_canonical_name"": ""구리시 수택동 주거용 오피스텔 (투자)""}"
asset:ast_ee72b3682575,asset,ast_ee72b3682575,A112191001,"A112191001 | Via Bicocca degliArcimboldi, 3, 20216 Milano MI, Italy | verified",asset_master,ast_ee72b3682575,1.0,confirmed,"{""cleanup_action"": null, ""source_canonical_name"": ""Milano Office Pirelli HQ""}"
asset:ast_ee89bc12bfd3,asset,ast_ee89bc12bfd3,A112751001,A112751001 | 인천시 서구 석남동 224-8번지 일원 | verified,asset_master,ast_ee89bc12bfd3,1.0,confirmed,"{""cleanup_action"": null, ""source_canonical_name"": ""인천석남물류센터""}"
asset:ast_ee8fd3272e9f,asset,ast_ee8fd3272e9f,AR00006002,AR00006002 | verified,asset_master,ast_ee8fd3272e9f,1.0,confirmed,"{""cleanup_action"": null, ""source_canonical_name"": ""북미DC포트폴리오""}"
asset:ast_eecafb08b47c,asset,ast_eecafb08b47c,A120045004,A120045004 | verified,asset_master,ast_eecafb08b47c,1.0,confirmed,"{""cleanup_action"": null, ""source_canonical_name"": ""유에이치파워 대여금""}"
asset:ast_eedc59c97695,asset,ast_eedc59c97695,A112229001,A112229001 | 서울시 영등포구 영등포 7가 29-1번지 | verified,asset_master,ast_eedc59c97695,1.0,confirmed,"{""cleanup_action"": null, ""source_canonical_name"": ""서울시 영등포 1-3 재정비촉진지구 도시환경정비사업""}"
asset:ast_ef77fc576a10,asset,ast_ef77fc576a10,A200011001,A200011001 | verified,asset_master,ast_ef77fc576a10,1.0,confirmed,"{""cleanup_action"": null, ""source_canonical_name"": ""Starwood European Real Estate Debt Finance II (SEREDF II""}"
asset:ast_efc67c29f4e8,asset,ast_efc67c29f4e8,A112451001,A112451001 | verified,asset_master,ast_efc67c29f4e8,1.0,confirmed,"{""cleanup_action"": null, ""source_canonical_name"": ""부천소사PFV(P00008)""}"
asset:ast_f0250cd0a593,asset,ast_f0250cd0a593,ast_f0250cd0a593,경상북도 예천군 풍양면 흥천리 356 | auto_created,asset_master,ast_f0250cd0a593,1.0,confirmed,"{""cleanup_action"": null, ""source_canonical_name"": ""케이에이치테크단북1호""}"
asset:ast_f02b527b7861,asset,ast_f02b527b7861,A112301001,A112301001 | 경기도 이천시 설성면 대죽리 545-5외 22필지 일원 | verified,asset_master,ast_f02b527b7861,1.0,confirmed,"{""cleanup_action"": null, ""source_canonical_name"": ""이천 한익스프레스 물류센터 개발사업""}"
asset:ast_f063805d4b42,asset,ast_f063805d4b42,A112739001,A112739001 | verified,asset_master,ast_f063805d4b42,1.0,confirmed,"{""cleanup_action"": null, ""source_canonical_name"": ""Apollo European Principal Finance Fund IV""}"
asset:ast_f06831738e17,asset,ast_f06831738e17,A112223004,A112223004 | 1100 Drummers Lane | verified,asset_master,ast_f06831738e17,1.0,confirmed,"{""cleanup_action"": null, ""source_canonical_name"": ""Courtyard Valley Forge King of Prussia""}"
asset:ast_f0700d6e9655,asset,ast_f0700d6e9655,A112008002,A112008002 | 경기도 수원시 팔달구 인계동 1045 | auto_created,asset_master,ast_f0700d6e9655,1.0,confirmed,"{""cleanup_action"": null, ""source_canonical_name"": ""홈플러스동수원점""}"
asset:ast_f0849461378a,asset,ast_f0849461378a,A112466020,A112466020 | 전라북도 남원시 대산면 신계리 산53-8 | verified,asset_master,ast_f0849461378a,1.0,confirmed,"{""cleanup_action"": null, ""source_canonical_name"": ""선그린에너지""}"
asset:ast_f0b3bee2e7f8,asset,ast_f0b3bee2e7f8,A112584023,"A112584023 | 강원도 화천군 사내면 용담리 602, 603, 604, 605 | verified",asset_master,ast_f0b3bee2e7f8,1.0,confirmed,"{""cleanup_action"": null, ""source_canonical_name"": ""지티씨솔라13호""}"
asset:ast_f0b95ca0cdf6,asset,ast_f0b95ca0cdf6,A200006004,A200006004 | verified,asset_master,ast_f0b95ca0cdf6,1.0,confirmed,"{""cleanup_action"": null, ""source_canonical_name"": ""PSD III""}"
asset:ast_f0f81ea28332,asset,ast_f0f81ea28332,ast_f0f81ea28332,전라북도 익산시 망성면 어량리 1743-14 | auto_created,asset_master,ast_f0f81ea28332,1.0,confirmed,"{""cleanup_action"": null, ""source_canonical_name"": ""어량리""}"
asset:ast_f111ae69e480,asset,ast_f111ae69e480,A112466032,A112466032 | 강원도 삼척시 도계읍 전두리 172 | verified,asset_master,ast_f111ae69e480,1.0,confirmed,"{""cleanup_action"": null, ""source_canonical_name"": ""아인에너지""}"
asset:ast_f11894da692a,asset,ast_f11894da692a,A112052001,A112052001 | 서울특별시 강남구 역삼동 832-2 | verified,asset_master,ast_f11894da692a,1.0,confirmed,"{""cleanup_action"": null, ""source_canonical_name"": ""우덕빌딩""}"
asset:ast_f13b025966c9,asset,ast_f13b025966c9,A120102001,A120102001 | verified,asset_master,ast_f13b025966c9,1.0,confirmed,"{""cleanup_action"": null, ""source_canonical_name"": ""이지스용산PF재구조화일반사모1호(2종)""}"
asset:ast_f230c76d6975,asset,ast_f230c76d6975,A112710001,A112710001 | verified,asset_master,ast_f230c76d6975,1.0,confirmed,"{""cleanup_action"": null, ""source_canonical_name"": ""AA- 이상 채권, 국내 상장 리츠, 공모주, 스팩""}"
asset:ast_f239d6c0f82c,asset,ast_f239d6c0f82c,A120045005,A120045005 | verified,asset_master,ast_f239d6c0f82c,1.0,confirmed,"{""cleanup_action"": null, ""source_canonical_name"": ""와이에이치파워1 주식""}"
asset:ast_f2586dff03b4,asset,ast_f2586dff03b4,A112708001,"A112708001 | 테헤란로87길 36, 1903호 | verified",asset_master,ast_f2586dff03b4,1.0,confirmed,"{""cleanup_action"": null, ""source_canonical_name"": ""캐나다 물류중개업체 인수 관련 국내 SPC""}"
asset:ast_f26dd6678598,asset,ast_f26dd6678598,A300037001,A300037001 | verified,asset_master,ast_f26dd6678598,1.0,confirmed,"{""cleanup_action"": null, ""source_canonical_name"": ""채권, 메자닌, 국내 주식, ETF, 상장 리츠, 공모주, 이벤트 드리븐""}"
asset:ast_f2b5e4f49308,asset,ast_f2b5e4f49308,A200010001,A200010001 | verified,asset_master,ast_f2b5e4f49308,1.0,confirmed,"{""cleanup_action"": null, ""source_canonical_name"": ""Blackstone Real Estate Debt Strategies V""}"
asset:ast_f2df751470ee,asset,ast_f2df751470ee,A112072001,A112072001 | 7개 포트폴리오 | verified,asset_master,ast_f2df751470ee,1.0,confirmed,"{""cleanup_action"": null, ""source_canonical_name"": ""Nuveen UK Enhanced Debt Fund""}"
asset:ast_f2e00117756f,asset,ast_f2e00117756f,A112649001,A112649001 | 범천동 863-1 | auto_created,asset_master,ast_f2e00117756f,1.0,confirmed,"{""cleanup_action"": null, ""source_canonical_name"": ""B스퀘어""}"
asset:ast_f341642853ae,asset,ast_f341642853ae,A112213001,A112213001 | 인천광역시 서구 가좌동 212-8 | auto_created,asset_master,ast_f341642853ae,1.0,confirmed,"{""cleanup_action"": null, ""source_canonical_name"": ""인천 가좌동 오피스텔 선순위 PF""}"
asset:ast_f39c0da608b1,asset,ast_f39c0da608b1,A112504012,A112504012 | 충청남도 부여군 임천면 점리 산9-1(45-3) | verified,asset_master,ast_f39c0da608b1,1.0,confirmed,"{""cleanup_action"": null, ""source_canonical_name"": ""나눔과사랑""}"
asset:ast_f3cb5064d76b,asset,ast_f3cb5064d76b,A112556003,A112556003 | 서울시 용산구 한남동 736-9 외 2필지 | verified,asset_master,ast_f3cb5064d76b,1.0,confirmed,"{""cleanup_action"": null, ""source_canonical_name"": ""네오밸류한남PFV의 제3종 종류주식""}"
asset:ast_f40e9a6c4433,asset,ast_f40e9a6c4433,A112115001,A112115001 | 서울특별시 종로구 관훈동 155-2 외 4필지 | verified,asset_master,ast_f40e9a6c4433,1.0,confirmed,"{""cleanup_action"": null, ""source_canonical_name"": ""PFV_Lotus (사채)""}"
asset:ast_f483ba7d8c86,asset,ast_f483ba7d8c86,A200024001,A200024001 | verified,asset_master,ast_f483ba7d8c86,1.0,confirmed,"{""cleanup_action"": null, ""source_canonical_name"": ""ARDIAN Infrastructure Fund VI S.C.S., SICAV-RAIF""}"
asset:ast_f4fc6d89a82b,asset,ast_f4fc6d89a82b,A112486001,A112486001 | verified,asset_master,ast_f4fc6d89a82b,1.0,confirmed,"{""cleanup_action"": null, ""source_canonical_name"": ""CBRE U.S. Credit Partners LP""}"
asset:ast_f51cc97d21ec,asset,ast_f51cc97d21ec,A112048001,A112048001 | 부산광역시 해운대구 우동 629-6 | verified,asset_master,ast_f51cc97d21ec,1.0,confirmed,"{""cleanup_action"": null, ""source_canonical_name"": ""신라스테이해운대""}"
asset:ast_f51d6c73ca15,asset,ast_f51d6c73ca15,A200012001,A200012001 | verified,asset_master,ast_f51d6c73ca15,1.0,confirmed,"{""cleanup_action"": null, ""source_canonical_name"": ""StepStone Secondary Opportunities Fund V Offshore, L.P.""}"
asset:ast_f5220c768a13,asset,ast_f5220c768a13,A112564001,A112564001 | verified,asset_master,ast_f5220c768a13,1.0,confirmed,"{""cleanup_action"": null, ""source_canonical_name"": ""Global REITs (수협)""}"
asset:ast_f52fee9f8517,asset,ast_f52fee9f8517,ast_f52fee9f8517,충청남도 보령시 천북면 신죽리 645-11 | auto_created,asset_master,ast_f52fee9f8517,1.0,confirmed,"{""cleanup_action"": null, ""source_canonical_name"": ""솔라시너지햇빛1호""}"
asset:ast_f5307db6bfad,asset,ast_f5307db6bfad,AP00028001,AP00028001 | verified,asset_master,ast_f5307db6bfad,1.0,confirmed,"{""cleanup_action"": null, ""source_canonical_name"": ""제주화북상업지역 주상복합용지 C1블럭 주상복합시설""}"
asset:ast_f541715b8374,asset,ast_f541715b8374,A112216001,"A112216001 | Av. dels Països Catalans, 51, 08950 Esplugues de Llobregat, Barcelona, Spain | verified",asset_master,ast_f541715b8374,1.0,confirmed,"{""cleanup_action"": null, ""source_canonical_name"": ""Barcelona Office Nestle HQ""}"
asset:ast_f544094d8ef1,asset,ast_f544094d8ef1,A200040001,A200040001 | verified,asset_master,ast_f544094d8ef1,1.0,confirmed,"{""cleanup_action"": null, ""source_canonical_name"": ""ARDIAN ASF IX Infrastructure SWF""}"
asset:ast_f5638b202fba,asset,ast_f5638b202fba,A300019001,A300019001 | verified,asset_master,ast_f5638b202fba,1.0,confirmed,"{""cleanup_action"": null, ""source_canonical_name"": ""AA- 이상 채권""}"
asset:ast_f58dae267b1b,asset,ast_f58dae267b1b,A112656001,A112656001 | 서울특별시 중구 을지로1가 71-9번지 | verified,asset_master,ast_f58dae267b1b,1.0,confirmed,"{""cleanup_action"": null, ""source_canonical_name"": ""을지로부림빌딩""}"
asset:ast_f5db0e416467,asset,ast_f5db0e416467,A112751001,A112751001 | 인천시 서구 석남동 224-8번지 일원 | verified,asset_master,ast_f5db0e416467,1.0,confirmed,"{""cleanup_action"": null, ""source_canonical_name"": ""인천석남물류센터""}"
asset:ast_f5dcfbca1b48,asset,ast_f5dcfbca1b48,A112510001,"A112510001 | 서울 중구 남학동 13-2,14-2 | verified",asset_master,ast_f5dcfbca1b48,1.0,confirmed,"{""cleanup_action"": null, ""source_canonical_name"": ""디어스 명동""}"
asset:ast_f5e665f7cf35,asset,ast_f5e665f7cf35,A112310001,A112310001 | 제주특별자치도 제주시 애월읍 신엄리 2808 | auto_created,asset_master,ast_f5e665f7cf35,1.0,confirmed,"{""cleanup_action"": null, ""source_canonical_name"": ""제주올레리조트""}"
asset:ast_f5fc5bbdb980,asset,ast_f5fc5bbdb980,A112019001,"A112019001 | 28 Ropemaker Place, London, EC2 | verified",asset_master,ast_f5fc5bbdb980,1.0,confirmed,"{""cleanup_action"": null, ""source_canonical_name"": ""London Office Ropemaker Place""}"
asset:ast_f634fefd3182,asset,ast_f634fefd3182,A112054003,A112054003 | 인천시 중구 항동7가 76-2 | verified,asset_master,ast_f634fefd3182,1.0,confirmed,"{""cleanup_action"": null, ""source_canonical_name"": ""롯데팩토리아울렛(인천)""}"
asset:ast_f67c3be3bb61,asset,ast_f67c3be3bb61,A300079001,A300079001 | verified,asset_master,ast_f67c3be3bb61,1.0,confirmed,"{""cleanup_action"": null, ""source_canonical_name"": ""메자닌, 이벤트 드리븐, 공모주, 스팩""}"
asset:ast_f6bf24a152c3,asset,ast_f6bf24a152c3,ast_f6bf24a152c3,needs_review,asset_master,ast_f6bf24a152c3,1.0,confirmed,"{""cleanup_action"": null, ""source_canonical_name"": ""Pantheon Viking Co-Invest LP | NMP V | PGSF VII | PSD III""}"
asset:ast_f78917a3690c,asset,ast_f78917a3690c,A11273901,A11273901 | auto_created,asset_master,ast_f78917a3690c,1.0,confirmed,"{""cleanup_action"": null, ""source_canonical_name"": ""Apollo European Principal Finance Fund IV""}"
asset:ast_f7a36f9524d4,asset,ast_f7a36f9524d4,A112502001,A112502001 | verified,asset_master,ast_f7a36f9524d4,1.0,confirmed,"{""cleanup_action"": null, ""source_canonical_name"": ""뉴멕시코주 아마존 물류센터""}"
asset:ast_f7c124b0485b,asset,ast_f7c124b0485b,AR00007001,AR00007001 | 경기도 여주시 점봉동 204-3 | verified,asset_master,ast_f7c124b0485b,1.0,confirmed,"{""cleanup_action"": null, ""source_canonical_name"": ""여주쿠팡물류센터""}"
asset:ast_f812fe4f71e8,asset,ast_f812fe4f71e8,A112722001,A112722001 | verified,asset_master,ast_f812fe4f71e8,1.0,confirmed,"{""cleanup_action"": null, ""source_canonical_name"": ""국내 상장 리츠, 상장 인프라펀드, 채권형 펀드""}"
asset:ast_f88aa498d1f1,asset,ast_f88aa498d1f1,A112223004,A112223004 | 1100 Drummers Lane | verified,asset_master,ast_f88aa498d1f1,1.0,confirmed,"{""cleanup_action"": null, ""source_canonical_name"": ""Courtyard Valley Forge King of Prussia""}"
asset:ast_f8c612d01935,asset,ast_f8c612d01935,A112551001,A112551001 | 서울 중구 충무로3가 43 | verified,asset_master,ast_f8c612d01935,1.0,confirmed,"{""cleanup_action"": null, ""source_canonical_name"": ""티마크호텔명동""}"
asset:ast_f9a2aff9f0fc,asset,ast_f9a2aff9f0fc,ast_f9a2aff9f0fc,경상북도 영천시 북안면 효리 620-1 | auto_created,asset_master,ast_f9a2aff9f0fc,1.0,confirmed,"{""cleanup_action"": null, ""source_canonical_name"": ""시온솔라""}"
asset:ast_f9b2c2e17184,asset,ast_f9b2c2e17184,A200006001,A200006001 | verified,asset_master,ast_f9b2c2e17184,1.0,confirmed,"{""cleanup_action"": null, ""source_canonical_name"": ""Pantheon Viking Co-Invest LP""}"
asset:ast_f9fbc117a7ce,asset,ast_f9fbc117a7ce,A112162001,A112162001 | verified,asset_master,ast_f9fbc117a7ce,1.0,confirmed,"{""cleanup_action"": null, ""source_canonical_name"": ""Rockpoint Growth and Income Real Estate Fund II (PMAA)""}"
asset:ast_fa4bc636d98d,asset,ast_fa4bc636d98d,A120056001,A120056001 | verified,asset_master,ast_fa4bc636d98d,1.0,confirmed,"{""cleanup_action"": null, ""source_canonical_name"": ""금융기관 등이 보유하는 담보부 부실 대출재권, 기타 부실징후자산 및 기업관련 대출 채권 등(블라인드)""}"
asset:ast_fa5c29f90c9f,asset,ast_fa5c29f90c9f,A112584038,A112584038 | 충북 진천군 문백면 계산리 359-1 | verified,asset_master,ast_fa5c29f90c9f,1.0,confirmed,"{""cleanup_action"": null, ""source_canonical_name"": ""와이알에너지""}"
asset:ast_fa825d8bd449,asset,ast_fa825d8bd449,AP00010001,"AP00010001 | 서울특별시 성동구 성수동2가 314-10, 314-11, 314-27번지 | verified",asset_master,ast_fa825d8bd449,1.0,confirmed,"{""cleanup_action"": null, ""source_canonical_name"": ""성수동 복합시설 개발사업""}"
asset:ast_fabfecf59328,asset,ast_fabfecf59328,A112223023,A112223023 | 1525 East Maple Road | verified,asset_master,ast_fabfecf59328,1.0,confirmed,"{""cleanup_action"": null, ""source_canonical_name"": ""Courtyard Detroit Troy""}"
asset:ast_fb434217c86c,asset,ast_fb434217c86c,A112495001,A112495001 | verified,asset_master,ast_fb434217c86c,1.0,confirmed,"{""cleanup_action"": null, ""source_canonical_name"": ""국내 리츠""}"
asset:ast_fb643944b2a8,asset,ast_fb643944b2a8,A112649001,A112649001 | 부산광역시 부산진구 중앙대로 639 | verified,asset_master,ast_fb643944b2a8,1.0,confirmed,"{""cleanup_action"": null, ""source_canonical_name"": ""B스퀘어""}"
asset:ast_fbce63b04e98,asset,ast_fbce63b04e98,A112504005,"A112504005 | 강원도 정선군, 삼척시 남양안길 | verified",asset_master,ast_fbce63b04e98,1.0,confirmed,"{""cleanup_action"": null, ""source_canonical_name"": ""새금풍력태양광발전소""}"
asset:ast_fbe13b6b1e0a,asset,ast_fbe13b6b1e0a,A112260001,A112260001 | verified,asset_master,ast_fbe13b6b1e0a,1.0,confirmed,"{""cleanup_action"": null, ""source_canonical_name"": ""글로벌 리츠""}"
asset:ast_fc066c8daedb,asset,ast_fc066c8daedb,A112584017,A112584017 | 충청남도 천안시 동남구 동면 행암리 401-8 외 | verified,asset_master,ast_fc066c8daedb,1.0,confirmed,"{""cleanup_action"": null, ""source_canonical_name"": ""행암에너지일호""}"
asset:ast_fc89234fd6df,asset,ast_fc89234fd6df,A112504019,A112504019 | 강원도 삼척시 원덕읍 임원리 산255 | verified,asset_master,ast_fc89234fd6df,1.0,confirmed,"{""cleanup_action"": null, ""source_canonical_name"": ""누리""}"
asset:ast_fc9106a89950,asset,ast_fc9106a89950,A112466007,A112466007 | 충청북도 충주시 엄정면 율능리 853 외 3필지 | verified,asset_master,ast_fc9106a89950,1.0,confirmed,"{""cleanup_action"": null, ""source_canonical_name"": ""천리에너지2호태양광발전소""}"
asset:ast_fc9a53f384d8,asset,ast_fc9a53f384d8,A112619001,A112619001 | verified,asset_master,ast_fc9a53f384d8,1.0,confirmed,"{""cleanup_action"": null, ""source_canonical_name"": ""Goldman Sachs West Street Infrastructure Partner IV""}"
asset:ast_fcd940175c17,asset,ast_fcd940175c17,A112305001,A112305001 | 서울시 강남구 삼성동 154-8 외 1필지 | verified,asset_master,ast_fcd940175c17,1.0,confirmed,"{""cleanup_action"": null, ""source_canonical_name"": ""금강타워3""}"
asset:ast_fcf7c1ac3c6e,asset,ast_fcf7c1ac3c6e,A112584035,A112584035 | 경기도 가평군 설악면 천안리 14-1 외 | verified,asset_master,ast_fcf7c1ac3c6e,1.0,confirmed,"{""cleanup_action"": null, ""source_canonical_name"": ""알이엔네트웍스""}"
asset:ast_fd58b1c03da5,asset,ast_fd58b1c03da5,A112267001,A112267001 | verified,asset_master,ast_fd58b1c03da5,1.0,confirmed,"{""cleanup_action"": null, ""source_canonical_name"": ""Brookfield Premier Real Estate Partners Australia""}"
asset:ast_fd6bb3b0a59c,asset,ast_fd6bb3b0a59c,A112053001,A112053001 | 서울특별시 영등포구 영등포동1가 143-3 | verified,asset_master,ast_fd6bb3b0a59c,1.0,confirmed,"{""cleanup_action"": null, ""source_canonical_name"": ""영등포역 오피스텔 개발사업""}"
asset:ast_fd6c2781e217,asset,ast_fd6c2781e217,A112584020,A112584020 | 부산광역시 강서구 낙동북로 236 | verified,asset_master,ast_fd6c2781e217,1.0,confirmed,"{""cleanup_action"": null, ""source_canonical_name"": ""에스와이솔라""}"
asset:ast_fdb1842a936b,asset,ast_fdb1842a936b,A112056001,A112056001 | 경상북도 포항시 남구 지곡동 481-1 | verified,asset_master,ast_fdb1842a936b,1.0,confirmed,"{""cleanup_action"": null, ""source_canonical_name"": ""롯데마트(포항)""}"
asset:ast_fdc6a46958de,asset,ast_fdc6a46958de,A112693001,A112693001 | verified,asset_master,ast_fdc6a46958de,1.0,confirmed,"{""cleanup_action"": null, ""source_canonical_name"": ""이지스제463호부동산일반사모투자회사 주식""}"
asset:ast_fe11209bb01f,asset,ast_fe11209bb01f,A112351001,A112351001 | 서울시 중구 명동1가 59-5외 8필지 | verified,asset_master,ast_fe11209bb01f,1.0,confirmed,"{""cleanup_action"": null, ""source_canonical_name"": ""ISF모1-2호(타임워크명동)""}"
asset:ast_fe2742669ca3,asset,ast_fe2742669ca3,A300046001,A300046001 | verified,asset_master,ast_fe2742669ca3,1.0,confirmed,"{""cleanup_action"": null, ""source_canonical_name"": ""ETF""}"
asset:ast_fe54855dac7e,asset,ast_fe54855dac7e,AR00004001,AR00004001 | 서울특별시 용산구 원효로3가 1-159외 3필지 | verified,asset_master,ast_fe54855dac7e,1.0,confirmed,"{""cleanup_action"": null, ""source_canonical_name"": ""용산구 원효로3가 역세권 청년주택""}"
asset:ast_fe5c7328b922,asset,ast_fe5c7328b922,ast_fe5c7328b922,경상북도 상주시 사벌국면 용담리 산42-1 | auto_created,asset_master,ast_fe5c7328b922,1.0,confirmed,"{""cleanup_action"": null, ""source_canonical_name"": ""리에너지""}"
asset:ast_fe67309c28e2,asset,ast_fe67309c28e2,A112584001,A112584001 | 해남군 해남읍 복평리 995-7 | verified,asset_master,ast_fe67309c28e2,1.0,confirmed,"{""cleanup_action"": null, ""source_canonical_name"": ""다산1""}"
asset:ast_fe9e7fc006fb,asset,ast_fe9e7fc006fb,A112006001,A112006001 | 서울특별시 중구 명동2가 83-5 | verified,asset_master,ast_fe9e7fc006fb,1.0,confirmed,"{""cleanup_action"": null, ""source_canonical_name"": ""눈스퀘어""}"
asset:ast_feb123f425d2,asset,ast_feb123f425d2,A112504007,A112504007 | 충청남도 보령시 천북면 장은리 산157-1 | verified,asset_master,ast_feb123f425d2,1.0,confirmed,"{""cleanup_action"": null, ""source_canonical_name"": ""해량에너지""}"
asset:ast_ff7588a79671,asset,ast_ff7588a79671,ast_ff7588a79671,경상북도 청도군 풍각면 월봉리 산10 | auto_created,asset_master,ast_ff7588a79671,1.0,confirmed,"{""cleanup_action"": null, ""source_canonical_name"": ""엠아이파워""}"
asset:ast_ff8814218ffe,asset,ast_ff8814218ffe,A112720001,"A112720001 | 경기도 부천시 오정구 삼정동 366-1, 366-10 토지 및 건물 전체 *366-1번지 일부 | verified",asset_master,ast_ff8814218ffe,1.0,confirmed,"{""cleanup_action"": null, ""source_canonical_name"": ""부천카스퀘어담보대출""}"
asset:ast_ff8a69b5d1fd,asset,ast_ff8a69b5d1fd,A112401001,"A112401001 | Piedmont, Torino, Italy | verified",asset_master,ast_ff8a69b5d1fd,1.0,confirmed,"{""cleanup_action"": null, ""source_canonical_name"": ""San Mauro Torinese""}"
asset:ast_ff97a1f2dae8,asset,ast_ff97a1f2dae8,A112466025,A112466025 | 경북 영천시 신기동 산 14외 | verified,asset_master,ast_ff97a1f2dae8,1.0,confirmed,"{""cleanup_action"": null, ""source_canonical_name"": ""디앤피영천신기""}"
asset:ast_fff6be9d38b9,asset,ast_fff6be9d38b9,A112093005,A112093005 | verified,asset_master,ast_fff6be9d38b9,1.0,confirmed,"{""cleanup_action"": null, ""source_canonical_name"": ""Paris Office Louis David""}"
beneficiary:beneficiary_448_3호,beneficiary,beneficiary_448_3호,448-3호,beneficiary,beneficiary_exposures,105683,1.0,confirmed,"{""party_name"": ""448-3호""}"
beneficiary:beneficiary_448_4,beneficiary,beneficiary_448_4,448-4,beneficiary,beneficiary_exposures,105685,1.0,confirmed,"{""party_name"": ""448-4""}"
beneficiary:beneficiary_actis,beneficiary,beneficiary_actis,Actis,beneficiary,beneficiary_exposures,105296,1.0,confirmed,"{""party_name"": ""Actis""}"
beneficiary:beneficiary_adcf_megatrends_singapore_pte_ltd,beneficiary,beneficiary_adcf_megatrends_singapore_pte_ltd,ADCF Megatrends Singapore Pte Ltd,beneficiary,beneficiary_exposures,105218,1.0,confirmed,"{""party_name"": ""ADCF Megatrends Singapore Pte Ltd""}"
beneficiary:beneficiary_apo_corp,beneficiary,beneficiary_apo_corp,APO Corp,beneficiary,beneficiary_exposures,105817,1.0,confirmed,"{""party_name"": ""APO Corp""}"
beneficiary:beneficiary_bcs_nl_b_v,beneficiary,beneficiary_bcs_nl_b_v,BCS NL B.V.,beneficiary,beneficiary_exposures,105292,1.0,confirmed,"{""party_name"": ""BCS NL B.V.""}"
beneficiary:beneficiary_bcs_nl_c_v,beneficiary,beneficiary_bcs_nl_c_v,BCS NL C.V.,beneficiary,beneficiary_exposures,105293,1.0,confirmed,"{""party_name"": ""BCS NL C.V.""}"
beneficiary:beneficiary_blackstone,beneficiary,beneficiary_blackstone,Blackstone,beneficiary,beneficiary_exposures,105405,1.0,confirmed,"{""party_name"": ""Blackstone""}"
beneficiary:beneficiary_bnk캐피탈,beneficiary,beneficiary_bnk캐피탈,BNK캐피탈,beneficiary,beneficiary_exposures,105565,1.0,confirmed,"{""party_name"": ""BNK캐피탈""}"
beneficiary:beneficiary_capikor_pte_ltd,beneficiary,beneficiary_capikor_pte_ltd,Capikor Pte.Ltd.,beneficiary,beneficiary_exposures,105388,1.0,confirmed,"{""party_name"": ""Capikor Pte.Ltd.""}"
beneficiary:beneficiary_cj대한통운,beneficiary,beneficiary_cj대한통운,CJ대한통운,beneficiary,beneficiary_exposures,105508,1.0,confirmed,"{""party_name"": ""CJ대한통운""}"
beneficiary:beneficiary_cj제일제당,beneficiary,beneficiary_cj제일제당,CJ제일제당,beneficiary,beneficiary_exposures,105509,1.0,confirmed,"{""party_name"": ""CJ제일제당""}"
beneficiary:beneficiary_da_vinci_holdco_pte_ltd,beneficiary,beneficiary_da_vinci_holdco_pte_ltd,DA VINCI HOLDCO PTE. LTD.,beneficiary,beneficiary_exposures,105360,1.0,confirmed,"{""party_name"": ""DA VINCI HOLDCO PTE. LTD.""}"
beneficiary:beneficiary_datapulse_pte_ltd,beneficiary,beneficiary_datapulse_pte_ltd,Datapulse Pte.Ltd.,beneficiary,beneficiary_exposures,105389,1.0,confirmed,"{""party_name"": ""Datapulse Pte.Ltd.""}"
beneficiary:beneficiary_db생명보험,beneficiary,beneficiary_db생명보험,DB생명보험,beneficiary,beneficiary_exposures,105247,1.0,confirmed,"{""party_name"": ""DB생명보험""}"
beneficiary:beneficiary_db손해보험,beneficiary,beneficiary_db손해보험,DB손해보험,beneficiary,beneficiary_exposures,105172,1.0,confirmed,"{""party_name"": ""DB손해보험""}"
beneficiary:beneficiary_db캐피탈,beneficiary,beneficiary_db캐피탈,DB캐피탈,beneficiary,beneficiary_exposures,106054,1.0,confirmed,"{""party_name"": ""DB캐피탈""}"
beneficiary:beneficiary_dnsc,beneficiary,beneficiary_dnsc,DNSC,beneficiary,beneficiary_exposures,105697,1.0,confirmed,"{""party_name"": ""DNSC""}"
beneficiary:beneficiary_ds네트웍스,beneficiary,beneficiary_ds네트웍스,DS네트웍스,beneficiary,beneficiary_exposures,106217,1.0,confirmed,"{""party_name"": ""DS네트웍스""}"
beneficiary:beneficiary_g9_asia_x_pte_ltd,beneficiary,beneficiary_g9_asia_x_pte_ltd,G9 Asia X. Pte. Ltd.,beneficiary,beneficiary_exposures,105373,1.0,confirmed,"{""party_name"": ""G9 Asia X. Pte. Ltd.""}"
beneficiary:beneficiary_gangnam_asset_pte_ltd,beneficiary,beneficiary_gangnam_asset_pte_ltd,Gangnam Asset PTE.LTD,beneficiary,beneficiary_exposures,105164,1.0,confirmed,"{""party_name"": ""Gangnam Asset PTE.LTD""}"
beneficiary:beneficiary_gic,beneficiary,beneficiary_gic,GIC,beneficiary,beneficiary_exposures,105266,1.0,confirmed,"{""party_name"": ""GIC""}"
beneficiary:beneficiary_hb저축은행,beneficiary,beneficiary_hb저축은행,HB저축은행,beneficiary,beneficiary_exposures,106055,1.0,confirmed,"{""party_name"": ""HB저축은행""}"
beneficiary:beneficiary_hb캐피탈,beneficiary,beneficiary_hb캐피탈,HB캐피탈,beneficiary,beneficiary_exposures,106093,1.0,confirmed,"{""party_name"": ""HB캐피탈""}"
beneficiary:beneficiary_hsbc자산운용,beneficiary,beneficiary_hsbc자산운용,HSBC자산운용,beneficiary,beneficiary_exposures,105755,1.0,confirmed,"{""party_name"": ""HSBC자산운용""}"
beneficiary:beneficiary_i_o_iv,beneficiary,beneficiary_i_o_iv,I.O.IV,beneficiary,beneficiary_exposures,105195,1.0,confirmed,"{""party_name"": ""I.O.IV""}"
beneficiary:beneficiary_iadc2호,beneficiary,beneficiary_iadc2호,IADC2호,beneficiary,beneficiary_exposures,105651,1.0,confirmed,"{""party_name"": ""IADC2호""}"
beneficiary:beneficiary_icheon_ref_pte_ltd,beneficiary,beneficiary_icheon_ref_pte_ltd,Icheon REF Pte.Ltd,beneficiary,beneficiary_exposures,105561,1.0,confirmed,"{""party_name"": ""Icheon REF Pte.Ltd""}"
beneficiary:beneficiary_igis_asia_data_center_1_pte_ltd,beneficiary,beneficiary_igis_asia_data_center_1_pte_ltd,IGIS Asia Data Center 1 Pte. Ltd.,beneficiary,beneficiary_exposures,105582,1.0,confirmed,"{""party_name"": ""IGIS Asia Data Center 1 Pte. Ltd.""}"
beneficiary:beneficiary_invesco,beneficiary,beneficiary_invesco,Invesco,beneficiary,beneficiary_exposures,105825,1.0,confirmed,"{""party_name"": ""Invesco""}"
beneficiary:beneficiary_invesco_investments_bermuda,beneficiary,beneficiary_invesco_investments_bermuda,Invesco Investments(Bermuda),beneficiary,beneficiary_exposures,105446,1.0,confirmed,"{""party_name"": ""Invesco Investments(Bermuda)""}"
beneficiary:beneficiary_ire_re_sa_sicav_sif,beneficiary,beneficiary_ire_re_sa_sicav_sif,IRE-RE-SA SICAV-SIF,beneficiary,beneficiary_exposures,105447,1.0,confirmed,"{""party_name"": ""IRE-RE-SA SICAV-SIF""}"
beneficiary:beneficiary_kdcip_2호_blind,beneficiary,beneficiary_kdcip_2호_blind,KDCIP 2호(Blind),beneficiary,beneficiary_exposures,105652,1.0,confirmed,"{""party_name"": ""KDCIP 2호(Blind)""}"
beneficiary:beneficiary_kg파트너스,beneficiary,beneficiary_kg파트너스,KG파트너스,beneficiary,beneficiary_exposures,105403,1.0,confirmed,"{""party_name"": ""KG파트너스""}"
beneficiary:beneficiary_m_g_apf_1_s_a_r_l,beneficiary,beneficiary_m_g_apf_1_s_a_r_l,M&G (APF 1 S.a.r.l),beneficiary,beneficiary_exposures,105264,1.0,confirmed,"{""party_name"": ""M&G (APF 1 S.a.r.l)""}"
beneficiary:beneficiary_m_g_apf_2_s_a_r_l,beneficiary,beneficiary_m_g_apf_2_s_a_r_l,M&G (APF 2 S.a.r.l),beneficiary,beneficiary_exposures,105190,1.0,confirmed,"{""party_name"": ""M&G (APF 2 S.a.r.l)""}"
beneficiary:beneficiary_m_g_ts_asia,beneficiary,beneficiary_m_g_ts_asia,M&G(TS ASIA),beneficiary,beneficiary_exposures,105563,1.0,confirmed,"{""party_name"": ""M&G(TS ASIA)""}"
beneficiary:beneficiary_morgan_stanley,beneficiary,beneficiary_morgan_stanley,Morgan stanley,beneficiary,beneficiary_exposures,105329,1.0,confirmed,"{""party_name"": ""Morgan stanley""}"
beneficiary:beneficiary_north_sky_luge_no_4_limited,beneficiary,beneficiary_north_sky_luge_no_4_limited,North Sky Luge No 4 Limited,beneficiary,beneficiary_exposures,106127,1.0,confirmed,"{""party_name"": ""North Sky Luge No 4 Limited""}"
beneficiary:beneficiary_nubira_pte_ltd,beneficiary,beneficiary_nubira_pte_ltd,NUBIRA PTE. LTD.,beneficiary,beneficiary_exposures,105802,1.0,confirmed,"{""party_name"": ""NUBIRA PTE. LTD.""}"
beneficiary:beneficiary_nuveen_group_holdings_limited,beneficiary,beneficiary_nuveen_group_holdings_limited,Nuveen Group Holdings Limited,beneficiary,beneficiary_exposures,105219,1.0,confirmed,"{""party_name"": ""Nuveen Group Holdings Limited""}"
beneficiary:beneficiary_pinnacle_kr_asset_pte_ltd,beneficiary,beneficiary_pinnacle_kr_asset_pte_ltd,Pinnacle KR Asset PTE.LTD,beneficiary,beneficiary_exposures,105165,1.0,confirmed,"{""party_name"": ""Pinnacle KR Asset PTE.LTD""}"
beneficiary:beneficiary_reco_juniper_private_limited,beneficiary,beneficiary_reco_juniper_private_limited,RECO JUNIPER PRIVATE LIMITED,beneficiary,beneficiary_exposures,105558,1.0,confirmed,"{""party_name"": ""RECO JUNIPER PRIVATE LIMITED""}"
beneficiary:beneficiary_reco_marigold_private_limited,beneficiary,beneficiary_reco_marigold_private_limited,RECO Marigold Private Limited.,beneficiary,beneficiary_exposures,105647,1.0,confirmed,"{""party_name"": ""RECO Marigold Private Limited.""}"
beneficiary:beneficiary_sk디앤디,beneficiary,beneficiary_sk디앤디,SK디앤디,beneficiary,beneficiary_exposures,105304,1.0,confirmed,"{""party_name"": ""SK디앤디""}"
beneficiary:beneficiary_ttn,beneficiary,beneficiary_ttn,TTN,beneficiary,beneficiary_exposures,105437,1.0,confirmed,"{""party_name"": ""TTN""}"
beneficiary:beneficiary_yeongdong_korea_pte_ltd,beneficiary,beneficiary_yeongdong_korea_pte_ltd,Yeongdong(Korea)Pte.Ltd,beneficiary,beneficiary_exposures,105562,1.0,confirmed,"{""party_name"": ""Yeongdong(Korea)Pte.Ltd""}"
beneficiary:beneficiary_yg자산개발_및_개인3인,beneficiary,beneficiary_yg자산개발_및_개인3인,YG자산개발 및 개인3인,beneficiary,beneficiary_exposures,106182,1.0,confirmed,"{""party_name"": ""YG자산개발 및 개인3인""}"
beneficiary:beneficiary_개인,beneficiary,beneficiary_개인,개인,beneficiary,beneficiary_exposures,105715,1.0,confirmed,"{""party_name"": ""개인""}"
beneficiary:beneficiary_개인_tow_heng_tan,beneficiary,beneficiary_개인_tow_heng_tan,개인(Tow Heng Tan),beneficiary,beneficiary_exposures,105166,1.0,confirmed,"{""party_name"": ""개인(Tow Heng Tan)""}"
beneficiary:beneficiary_개인_강대우,beneficiary,beneficiary_개인_강대우,개인(강대우),beneficiary,beneficiary_exposures,105627,1.0,confirmed,"{""party_name"": ""개인(강대우)""}"
beneficiary:beneficiary_개인_강민구,beneficiary,beneficiary_개인_강민구,개인(강민구),beneficiary,beneficiary_exposures,105410,1.0,confirmed,"{""party_name"": ""개인(강민구)""}"
beneficiary:beneficiary_개인_강수현,beneficiary,beneficiary_개인_강수현,개인(강수현),beneficiary,beneficiary_exposures,105468,1.0,confirmed,"{""party_name"": ""개인(강수현)""}"
beneficiary:beneficiary_개인_강영구,beneficiary,beneficiary_개인_강영구,개인(강영구),beneficiary,beneficiary_exposures,105272,1.0,confirmed,"{""party_name"": ""개인(강영구)""}"
beneficiary:beneficiary_개인_공모,beneficiary,beneficiary_개인_공모,개인(공모),beneficiary,beneficiary_exposures,105375,1.0,confirmed,"{""party_name"": ""개인(공모)""}"
beneficiary:beneficiary_개인_김건호,beneficiary,beneficiary_개인_김건호,개인(김건호),beneficiary,beneficiary_exposures,105492,1.0,confirmed,"{""party_name"": ""개인(김건호)""}"
beneficiary:beneficiary_개인_김남호,beneficiary,beneficiary_개인_김남호,개인(김남호),beneficiary,beneficiary_exposures,105493,1.0,confirmed,"{""party_name"": ""개인(김남호)""}"
beneficiary:beneficiary_개인_김남희,beneficiary,beneficiary_개인_김남희,개인(김남희),beneficiary,beneficiary_exposures,105494,1.0,confirmed,"{""party_name"": ""개인(김남희)""}"
beneficiary:beneficiary_개인_김도현,beneficiary,beneficiary_개인_김도현,개인(김도현),beneficiary,beneficiary_exposures,105449,1.0,confirmed,"{""party_name"": ""개인(김도현)""}"
beneficiary:beneficiary_개인_김민지,beneficiary,beneficiary_개인_김민지,개인(김민지),beneficiary,beneficiary_exposures,105495,1.0,confirmed,"{""party_name"": ""개인(김민지)""}"
beneficiary:beneficiary_개인_김율희,beneficiary,beneficiary_개인_김율희,개인(김율희),beneficiary,beneficiary_exposures,105496,1.0,confirmed,"{""party_name"": ""개인(김율희)""}"
beneficiary:beneficiary_개인_김주성,beneficiary,beneficiary_개인_김주성,개인(김주성),beneficiary,beneficiary_exposures,105497,1.0,confirmed,"{""party_name"": ""개인(김주성)""}"
beneficiary:beneficiary_개인_김주형,beneficiary,beneficiary_개인_김주형,개인(김주형),beneficiary,beneficiary_exposures,105498,1.0,confirmed,"{""party_name"": ""개인(김주형)""}"
beneficiary:beneficiary_개인_김주희,beneficiary,beneficiary_개인_김주희,개인(김주희),beneficiary,beneficiary_exposures,105499,1.0,confirmed,"{""party_name"": ""개인(김주희)""}"
beneficiary:beneficiary_개인_김태호,beneficiary,beneficiary_개인_김태호,개인(김태호),beneficiary,beneficiary_exposures,105500,1.0,confirmed,"{""party_name"": ""개인(김태호)""}"
beneficiary:beneficiary_개인_김희남,beneficiary,beneficiary_개인_김희남,개인(김희남),beneficiary,beneficiary_exposures,105480,1.0,confirmed,"{""party_name"": ""개인(김희남)""}"
beneficiary:beneficiary_개인_김희원,beneficiary,beneficiary_개인_김희원,개인(김희원),beneficiary,beneficiary_exposures,105501,1.0,confirmed,"{""party_name"": ""개인(김희원)""}"
beneficiary:beneficiary_개인_박금자,beneficiary,beneficiary_개인_박금자,개인(박금자),beneficiary,beneficiary_exposures,105600,1.0,confirmed,"{""party_name"": ""개인(박금자)""}"
beneficiary:beneficiary_개인_박상태,beneficiary,beneficiary_개인_박상태,개인(박상태),beneficiary,beneficiary_exposures,105188,1.0,confirmed,"{""party_name"": ""개인(박상태)""}"
beneficiary:beneficiary_개인_백현미,beneficiary,beneficiary_개인_백현미,개인(백현미),beneficiary,beneficiary_exposures,105533,1.0,confirmed,"{""party_name"": ""개인(백현미)""}"
beneficiary:beneficiary_개인_양유미,beneficiary,beneficiary_개인_양유미,개인(양유미),beneficiary,beneficiary_exposures,105481,1.0,confirmed,"{""party_name"": ""개인(양유미)""}"
beneficiary:beneficiary_개인_이규성,beneficiary,beneficiary_개인_이규성,개인(이규성),beneficiary,beneficiary_exposures,105814,1.0,confirmed,"{""party_name"": ""개인(이규성)""}"
beneficiary:beneficiary_개인_이수연,beneficiary,beneficiary_개인_이수연,개인(이수연),beneficiary,beneficiary_exposures,106165,1.0,confirmed,"{""party_name"": ""개인(이수연)""}"
beneficiary:beneficiary_개인_이우식,beneficiary,beneficiary_개인_이우식,개인(이우식),beneficiary,beneficiary_exposures,106247,1.0,confirmed,"{""party_name"": ""개인(이우식)""}"
beneficiary:beneficiary_개인_이인영,beneficiary,beneficiary_개인_이인영,개인(이인영),beneficiary,beneficiary_exposures,106248,1.0,confirmed,"{""party_name"": ""개인(이인영)""}"
beneficiary:beneficiary_개인_장은혜,beneficiary,beneficiary_개인_장은혜,개인(장은혜),beneficiary,beneficiary_exposures,105294,1.0,confirmed,"{""party_name"": ""개인(장은혜)""}"
beneficiary:beneficiary_개인_정석우,beneficiary,beneficiary_개인_정석우,개인(정석우),beneficiary,beneficiary_exposures,105539,1.0,confirmed,"{""party_name"": ""개인(정석우)""}"
beneficiary:beneficiary_개인_조갑주,beneficiary,beneficiary_개인_조갑주,개인(조갑주),beneficiary,beneficiary_exposures,105305,1.0,confirmed,"{""party_name"": ""개인(조갑주)""}"
beneficiary:beneficiary_개인_주구슬,beneficiary,beneficiary_개인_주구슬,개인(주구슬),beneficiary,beneficiary_exposures,105611,1.0,confirmed,"{""party_name"": ""개인(주구슬)""}"
beneficiary:beneficiary_개인_투자자,beneficiary,beneficiary_개인_투자자,개인 투자자,beneficiary,beneficiary_exposures,106237,1.0,confirmed,"{""party_name"": ""개인 투자자""}"
beneficiary:beneficiary_개인_홍창의,beneficiary,beneficiary_개인_홍창의,개인(홍창의),beneficiary,beneficiary_exposures,105482,1.0,confirmed,"{""party_name"": ""개인(홍창의)""}"
beneficiary:beneficiary_개인투자자,beneficiary,beneficiary_개인투자자,개인투자자,beneficiary,beneficiary_exposures,105236,1.0,confirmed,"{""party_name"": ""개인투자자""}"
beneficiary:beneficiary_개인투자자_포함,beneficiary,beneficiary_개인투자자_포함,개인투자자 포함,beneficiary,beneficiary_exposures,105384,1.0,confirmed,"{""party_name"": ""개인투자자 포함""}"
beneficiary:beneficiary_개인투자자_포함_공모펀드,beneficiary,beneficiary_개인투자자_포함_공모펀드,개인투자자 포함(공모펀드),beneficiary,beneficiary_exposures,105479,1.0,confirmed,"{""party_name"": ""개인투자자 포함(공모펀드)""}"
beneficiary:beneficiary_개인투자자들,beneficiary,beneficiary_개인투자자들,개인투자자들,beneficiary,beneficiary_exposures,105759,1.0,confirmed,"{""party_name"": ""개인투자자들""}"
beneficiary:beneficiary_건강한시간,beneficiary,beneficiary_건강한시간,건강한시간,beneficiary,beneficiary_exposures,106166,1.0,confirmed,"{""party_name"": ""건강한시간""}"
beneficiary:beneficiary_건설근로자공제회,beneficiary,beneficiary_건설근로자공제회,건설근로자공제회,beneficiary,beneficiary_exposures,105346,1.0,confirmed,"{""party_name"": ""건설근로자공제회""}"
beneficiary:beneficiary_게우트플래닝,beneficiary,beneficiary_게우트플래닝,게우트플래닝,beneficiary,beneficiary_exposures,105665,1.0,confirmed,"{""party_name"": ""게우트플래닝""}"
beneficiary:beneficiary_경남은행,beneficiary,beneficiary_경남은행,경남은행,beneficiary,beneficiary_exposures,105442,1.0,confirmed,"{""party_name"": ""경남은행""}"
beneficiary:beneficiary_경방,beneficiary,beneficiary_경방,경방,beneficiary,beneficiary_exposures,105404,1.0,confirmed,"{""party_name"": ""경방""}"
beneficiary:beneficiary_경찰공제회,beneficiary,beneficiary_경찰공제회,경찰공제회,beneficiary,beneficiary_exposures,105167,1.0,confirmed,"{""party_name"": ""경찰공제회""}"
beneficiary:beneficiary_고용노동부_산재보험기금,beneficiary,beneficiary_고용노동부_산재보험기금,고용노동부 산재보험기금,beneficiary,beneficiary_exposures,105300,1.0,confirmed,"{""party_name"": ""고용노동부 산재보험기금""}"
beneficiary:beneficiary_고용노동부_임금채권보장기금,beneficiary,beneficiary_고용노동부_임금채권보장기금,고용노동부 임금채권보장기금,beneficiary,beneficiary_exposures,105749,1.0,confirmed,"{""party_name"": ""고용노동부 임금채권보장기금""}"
beneficiary:beneficiary_골든웨이브,beneficiary,beneficiary_골든웨이브,골든웨이브,beneficiary,beneficiary_exposures,105587,1.0,confirmed,"{""party_name"": ""골든웨이브""}"
beneficiary:beneficiary_공무원연금공단,beneficiary,beneficiary_공무원연금공단,공무원연금공단,beneficiary,beneficiary_exposures,105592,1.0,confirmed,"{""party_name"": ""공무원연금공단""}"
beneficiary:beneficiary_과학기술인공제회,beneficiary,beneficiary_과학기술인공제회,과학기술인공제회,beneficiary,beneficiary_exposures,105189,1.0,confirmed,"{""party_name"": ""과학기술인공제회""}"
beneficiary:beneficiary_교보리얼코,beneficiary,beneficiary_교보리얼코,교보리얼코,beneficiary,beneficiary_exposures,105554,1.0,confirmed,"{""party_name"": ""교보리얼코""}"
beneficiary:beneficiary_교보생명보험,beneficiary,beneficiary_교보생명보험,교보생명보험,beneficiary,beneficiary_exposures,105201,1.0,confirmed,"{""party_name"": ""교보생명보험""}"
beneficiary:beneficiary_교보생명보험_연금,beneficiary,beneficiary_교보생명보험_연금,교보생명보험(연금),beneficiary,beneficiary_exposures,105452,1.0,confirmed,"{""party_name"": ""교보생명보험(연금)""}"
beneficiary:beneficiary_교보자산신탁,beneficiary,beneficiary_교보자산신탁,교보자산신탁,beneficiary,beneficiary_exposures,106142,1.0,confirmed,"{""party_name"": ""교보자산신탁""}"
beneficiary:beneficiary_교보증권,beneficiary,beneficiary_교보증권,교보증권,beneficiary,beneficiary_exposures,105819,1.0,confirmed,"{""party_name"": ""교보증권""}"
beneficiary:beneficiary_교원라이프,beneficiary,beneficiary_교원라이프,교원라이프,beneficiary,beneficiary_exposures,105998,1.0,confirmed,"{""party_name"": ""교원라이프""}"
beneficiary:beneficiary_교원인베스트,beneficiary,beneficiary_교원인베스트,교원인베스트,beneficiary,beneficiary_exposures,105999,1.0,confirmed,"{""party_name"": ""교원인베스트""}"
beneficiary:beneficiary_교정공제회,beneficiary,beneficiary_교정공제회,교정공제회,beneficiary,beneficiary_exposures,105750,1.0,confirmed,"{""party_name"": ""교정공제회""}"
beneficiary:beneficiary_구봉산업,beneficiary,beneficiary_구봉산업,구봉산업,beneficiary,beneficiary_exposures,105666,1.0,confirmed,"{""party_name"": ""구봉산업""}"
beneficiary:beneficiary_국가철도공단,beneficiary,beneficiary_국가철도공단,국가철도공단,beneficiary,beneficiary_exposures,106209,1.0,confirmed,"{""party_name"": ""국가철도공단""}"
beneficiary:beneficiary_국민연금공단,beneficiary,beneficiary_국민연금공단,국민연금공단,beneficiary,beneficiary_exposures,105168,1.0,confirmed,"{""party_name"": ""국민연금공단""}"
beneficiary:beneficiary_국민은행,beneficiary,beneficiary_국민은행,국민은행,beneficiary,beneficiary_exposures,105310,1.0,confirmed,"{""party_name"": ""국민은행""}"
beneficiary:beneficiary_군인공제회,beneficiary,beneficiary_군인공제회,군인공제회,beneficiary,beneficiary_exposures,105191,1.0,confirmed,"{""party_name"": ""군인공제회""}"
beneficiary:beneficiary_굿포어스,beneficiary,beneficiary_굿포어스,굿포어스,beneficiary,beneficiary_exposures,105958,1.0,confirmed,"{""party_name"": ""굿포어스""}"
beneficiary:beneficiary_그린웨이브알앤디,beneficiary,beneficiary_그린웨이브알앤디,그린웨이브알앤디,beneficiary,beneficiary_exposures,105959,1.0,confirmed,"{""party_name"": ""그린웨이브알앤디""}"
beneficiary:beneficiary_근영농산,beneficiary,beneficiary_근영농산,근영농산,beneficiary,beneficiary_exposures,105733,1.0,confirmed,"{""party_name"": ""근영농산""}"
beneficiary:beneficiary_금성백조주택,beneficiary,beneficiary_금성백조주택,금성백조주택,beneficiary,beneficiary_exposures,105573,1.0,confirmed,"{""party_name"": ""금성백조주택""}"
beneficiary:beneficiary_금화저축은행,beneficiary,beneficiary_금화저축은행,금화저축은행,beneficiary,beneficiary_exposures,106078,1.0,confirmed,"{""party_name"": ""금화저축은행""}"
beneficiary:beneficiary_기계설비건설공제조합,beneficiary,beneficiary_기계설비건설공제조합,기계설비건설공제조합,beneficiary,beneficiary_exposures,106034,1.0,confirmed,"{""party_name"": ""기계설비건설공제조합""}"
beneficiary:beneficiary_기관투자자,beneficiary,beneficiary_기관투자자,기관투자자,beneficiary,beneficiary_exposures,105323,1.0,confirmed,"{""party_name"": ""기관투자자""}"
beneficiary:beneficiary_남양저축은행,beneficiary,beneficiary_남양저축은행,남양저축은행,beneficiary,beneficiary_exposures,106056,1.0,confirmed,"{""party_name"": ""남양저축은행""}"
beneficiary:beneficiary_네오밸류,beneficiary,beneficiary_네오밸류,네오밸류,beneficiary,beneficiary_exposures,105319,1.0,confirmed,"{""party_name"": ""네오밸류""}"
beneficiary:beneficiary_넥슨코리아,beneficiary,beneficiary_넥슨코리아,넥슨코리아,beneficiary,beneficiary_exposures,105216,1.0,confirmed,"{""party_name"": ""넥슨코리아""}"
beneficiary:beneficiary_농업협동조합중앙회,beneficiary,beneficiary_농업협동조합중앙회,농업협동조합중앙회,beneficiary,beneficiary_exposures,105376,1.0,confirmed,"{""party_name"": ""농업협동조합중앙회""}"
beneficiary:beneficiary_농협생명보험,beneficiary,beneficiary_농협생명보험,농협생명보험,beneficiary,beneficiary_exposures,105208,1.0,confirmed,"{""party_name"": ""농협생명보험""}"
beneficiary:beneficiary_농협손해보험,beneficiary,beneficiary_농협손해보험,농협손해보험,beneficiary,beneficiary_exposures,105244,1.0,confirmed,"{""party_name"": ""농협손해보험""}"
beneficiary:beneficiary_농협은행,beneficiary,beneficiary_농협은행,농협은행,beneficiary,beneficiary_exposures,105882,1.0,confirmed,"{""party_name"": ""농협은행""}"
beneficiary:beneficiary_뉴익스파트너스,beneficiary,beneficiary_뉴익스파트너스,뉴익스파트너스,beneficiary,beneficiary_exposures,106184,1.0,confirmed,"{""party_name"": ""뉴익스파트너스""}"
beneficiary:beneficiary_다안건설,beneficiary,beneficiary_다안건설,다안건설,beneficiary,beneficiary_exposures,105535,1.0,confirmed,"{""party_name"": ""다안건설""}"
beneficiary:beneficiary_다올저축은행,beneficiary,beneficiary_다올저축은행,다올저축은행,beneficiary,beneficiary_exposures,105720,1.0,confirmed,"{""party_name"": ""다올저축은행""}"
beneficiary:beneficiary_담배인삼공제회,beneficiary,beneficiary_담배인삼공제회,담배인삼공제회,beneficiary,beneficiary_exposures,105237,1.0,confirmed,"{""party_name"": ""담배인삼공제회""}"
beneficiary:beneficiary_대교이앤씨,beneficiary,beneficiary_대교이앤씨,대교이앤씨,beneficiary,beneficiary_exposures,106080,1.0,confirmed,"{""party_name"": ""대교이앤씨""}"
beneficiary:beneficiary_대교홀딩스,beneficiary,beneficiary_대교홀딩스,대교홀딩스,beneficiary,beneficiary_exposures,106081,1.0,confirmed,"{""party_name"": ""대교홀딩스""}"
beneficiary:beneficiary_대림,beneficiary,beneficiary_대림,대림,beneficiary,beneficiary_exposures,105811,1.0,confirmed,"{""party_name"": ""대림""}"
beneficiary:beneficiary_대승글로벌,beneficiary,beneficiary_대승글로벌,대승글로벌,beneficiary,beneficiary_exposures,106201,1.0,confirmed,"{""party_name"": ""대승글로벌""}"
beneficiary:beneficiary_대우건설,beneficiary,beneficiary_대우건설,대우건설,beneficiary,beneficiary_exposures,105838,1.0,confirmed,"{""party_name"": ""대우건설""}"
beneficiary:beneficiary_대한소방공제회,beneficiary,beneficiary_대한소방공제회,대한소방공제회,beneficiary,beneficiary_exposures,105513,1.0,confirmed,"{""party_name"": ""대한소방공제회""}"
beneficiary:beneficiary_대한지방행정공제회,beneficiary,beneficiary_대한지방행정공제회,대한지방행정공제회,beneficiary,beneficiary_exposures,105316,1.0,confirmed,"{""party_name"": ""대한지방행정공제회""}"
beneficiary:beneficiary_대한토지신탁,beneficiary,beneficiary_대한토지신탁,대한토지신탁,beneficiary,beneficiary_exposures,106155,1.0,confirmed,"{""party_name"": ""대한토지신탁""}"
beneficiary:beneficiary_더케이저축은행,beneficiary,beneficiary_더케이저축은행,더케이저축은행,beneficiary,beneficiary_exposures,105368,1.0,confirmed,"{""party_name"": ""더케이저축은행""}"
beneficiary:beneficiary_데피니트파트너스,beneficiary,beneficiary_데피니트파트너스,데피니트파트너스,beneficiary,beneficiary_exposures,105667,1.0,confirmed,"{""party_name"": ""데피니트파트너스""}"
beneficiary:beneficiary_동부산테마파크,beneficiary,beneficiary_동부산테마파크,동부산테마파크,beneficiary,beneficiary_exposures,106128,1.0,confirmed,"{""party_name"": ""동부산테마파크""}"
beneficiary:beneficiary_동일스위트,beneficiary,beneficiary_동일스위트,동일스위트,beneficiary,beneficiary_exposures,105175,1.0,confirmed,"{""party_name"": ""동일스위트""}"
beneficiary:beneficiary_디앤디플랫폼리츠,beneficiary,beneficiary_디앤디플랫폼리츠,디앤디플랫폼리츠,beneficiary,beneficiary_exposures,105418,1.0,confirmed,"{""party_name"": ""디앤디플랫폼리츠""}"
beneficiary:beneficiary_디앤에스씨,beneficiary,beneficiary_디앤에스씨,디앤에스씨,beneficiary,beneficiary_exposures,105265,1.0,confirmed,"{""party_name"": ""디앤에스씨""}"
beneficiary:beneficiary_디앤오,beneficiary,beneficiary_디앤오,디앤오,beneficiary,beneficiary_exposures,105583,1.0,confirmed,"{""party_name"": ""디앤오""}"
beneficiary:beneficiary_디에스네트웍스,beneficiary,beneficiary_디에스네트웍스,디에스네트웍스,beneficiary,beneficiary_exposures,106271,1.0,confirmed,"{""party_name"": ""디에스네트웍스""}"
beneficiary:beneficiary_디에스자산운용,beneficiary,beneficiary_디에스자산운용,디에스자산운용,beneficiary,beneficiary_exposures,106064,1.0,confirmed,"{""party_name"": ""디에스자산운용""}"
beneficiary:beneficiary_디에스클러스터,beneficiary,beneficiary_디에스클러스터,디에스클러스터,beneficiary,beneficiary_exposures,105668,1.0,confirmed,"{""party_name"": ""디에스클러스터""}"
beneficiary:beneficiary_디엘건설,beneficiary,beneficiary_디엘건설,디엘건설,beneficiary,beneficiary_exposures,105657,1.0,confirmed,"{""party_name"": ""디엘건설""}"
beneficiary:beneficiary_디엘이앤씨,beneficiary,beneficiary_디엘이앤씨,디엘이앤씨,beneficiary,beneficiary_exposures,105812,1.0,confirmed,"{""party_name"": ""디엘이앤씨""}"
beneficiary:beneficiary_디와이시스템,beneficiary,beneficiary_디와이시스템,디와이시스템,beneficiary,beneficiary_exposures,105669,1.0,confirmed,"{""party_name"": ""디와이시스템""}"
beneficiary:beneficiary_디피아이피코리아_유한회사,beneficiary,beneficiary_디피아이피코리아_유한회사,디피아이피코리아 유한회사,beneficiary,beneficiary_exposures,105906,1.0,confirmed,"{""party_name"": ""디피아이피코리아 유한회사""}"
beneficiary:beneficiary_라크라,beneficiary,beneficiary_라크라,라크라,beneficiary,beneficiary_exposures,106167,1.0,confirmed,"{""party_name"": ""라크라""}"
beneficiary:beneficiary_랜드로드제칠차,beneficiary,beneficiary_랜드로드제칠차,랜드로드제칠차,beneficiary,beneficiary_exposures,105866,1.0,confirmed,"{""party_name"": ""랜드로드제칠차""}"
beneficiary:beneficiary_롯데손해보험,beneficiary,beneficiary_롯데손해보험,롯데손해보험,beneficiary,beneficiary_exposures,105203,1.0,confirmed,"{""party_name"": ""롯데손해보험""}"
beneficiary:beneficiary_롯데쇼핑,beneficiary,beneficiary_롯데쇼핑,롯데쇼핑,beneficiary,beneficiary_exposures,106129,1.0,confirmed,"{""party_name"": ""롯데쇼핑""}"
beneficiary:beneficiary_마르스자산운용,beneficiary,beneficiary_마르스자산운용,마르스자산운용,beneficiary,beneficiary_exposures,105833,1.0,confirmed,"{""party_name"": ""마르스자산운용""}"
beneficiary:beneficiary_마스터자산운용,beneficiary,beneficiary_마스터자산운용,마스터자산운용,beneficiary,beneficiary_exposures,106008,1.0,confirmed,"{""party_name"": ""마스터자산운용""}"
beneficiary:beneficiary_마스턴투자운용,beneficiary,beneficiary_마스턴투자운용,마스턴투자운용,beneficiary,beneficiary_exposures,105324,1.0,confirmed,"{""party_name"": ""마스턴투자운용""}"
beneficiary:beneficiary_마크자산운용_주,beneficiary,beneficiary_마크자산운용_주,마크자산운용(주),beneficiary,beneficiary_exposures,106017,1.0,confirmed,"{""party_name"": ""마크자산운용(주)""}"
beneficiary:beneficiary_맥서브,beneficiary,beneficiary_맥서브,맥서브,beneficiary,beneficiary_exposures,105407,1.0,confirmed,"{""party_name"": ""맥서브""}"
beneficiary:beneficiary_메리츠증권,beneficiary,beneficiary_메리츠증권,메리츠증권,beneficiary,beneficiary_exposures,105429,1.0,confirmed,"{""party_name"": ""메리츠증권""}"
beneficiary:beneficiary_메리츠캐피탈,beneficiary,beneficiary_메리츠캐피탈,메리츠캐피탈,beneficiary,beneficiary_exposures,105430,1.0,confirmed,"{""party_name"": ""메리츠캐피탈""}"
beneficiary:beneficiary_메리츠화재,beneficiary,beneficiary_메리츠화재,메리츠화재,beneficiary,beneficiary_exposures,105898,1.0,confirmed,"{""party_name"": ""메리츠화재""}"
beneficiary:beneficiary_메트라이프생명보험,beneficiary,beneficiary_메트라이프생명보험,메트라이프생명보험,beneficiary,beneficiary_exposures,105703,1.0,confirmed,"{""party_name"": ""메트라이프생명보험""}"
beneficiary:beneficiary_모멘스솔루션,beneficiary,beneficiary_모멘스솔루션,모멘스솔루션,beneficiary,beneficiary_exposures,105994,1.0,confirmed,"{""party_name"": ""모멘스솔루션""}"
beneficiary:beneficiary_무궁화신탁,beneficiary,beneficiary_무궁화신탁,무궁화신탁,beneficiary,beneficiary_exposures,106185,1.0,confirmed,"{""party_name"": ""무궁화신탁""}"
beneficiary:beneficiary_미래에셋_주택기금,beneficiary,beneficiary_미래에셋_주택기금,미래에셋 주택기금,beneficiary,beneficiary_exposures,105396,1.0,confirmed,"{""party_name"": ""미래에셋 주택기금""}"
beneficiary:beneficiary_미래에셋생명,beneficiary,beneficiary_미래에셋생명,미래에셋생명,beneficiary,beneficiary_exposures,105712,1.0,confirmed,"{""party_name"": ""미래에셋생명""}"
beneficiary:beneficiary_미래에셋자산운용ocio,beneficiary,beneficiary_미래에셋자산운용ocio,미래에셋자산운용OCIO,beneficiary,beneficiary_exposures,105692,1.0,confirmed,"{""party_name"": ""미래에셋자산운용OCIO""}"
beneficiary:beneficiary_미래에셋증권,beneficiary,beneficiary_미래에셋증권,미래에셋증권,beneficiary,beneficiary_exposures,105173,1.0,confirmed,"{""party_name"": ""미래에셋증권""}"
beneficiary:beneficiary_미정,beneficiary,beneficiary_미정,미정,beneficiary,beneficiary_exposures,105595,1.0,confirmed,"{""party_name"": ""미정""}"
beneficiary:beneficiary_밸류업베스트,beneficiary,beneficiary_밸류업베스트,밸류업베스트,beneficiary,beneficiary_exposures,105320,1.0,confirmed,"{""party_name"": ""밸류업베스트""}"
beneficiary:beneficiary_별정우체국연금관리단,beneficiary,beneficiary_별정우체국연금관리단,별정우체국연금관리단,beneficiary,beneficiary_exposures,105222,1.0,confirmed,"{""party_name"": ""별정우체국연금관리단""}"
beneficiary:beneficiary_부림저축은행,beneficiary,beneficiary_부림저축은행,부림저축은행,beneficiary,beneficiary_exposures,106082,1.0,confirmed,"{""party_name"": ""부림저축은행""}"
beneficiary:beneficiary_부산은행,beneficiary,beneficiary_부산은행,부산은행,beneficiary,beneficiary_exposures,105443,1.0,confirmed,"{""party_name"": ""부산은행""}"
beneficiary:beneficiary_비공개,beneficiary,beneficiary_비공개,비공개,beneficiary,beneficiary_exposures,105757,1.0,confirmed,"{""party_name"": ""비공개""}"
beneficiary:beneficiary_사립학교교직원연금공단,beneficiary,beneficiary_사립학교교직원연금공단,사립학교교직원연금공단,beneficiary,beneficiary_exposures,105341,1.0,confirmed,"{""party_name"": ""사립학교교직원연금공단""}"
beneficiary:beneficiary_산림조합중앙회,beneficiary,beneficiary_산림조합중앙회,산림조합중앙회,beneficiary,beneficiary_exposures,105351,1.0,confirmed,"{""party_name"": ""산림조합중앙회""}"
beneficiary:beneficiary_삼미건설,beneficiary,beneficiary_삼미건설,삼미건설,beneficiary,beneficiary_exposures,106130,1.0,confirmed,"{""party_name"": ""삼미건설""}"
beneficiary:beneficiary_삼성물산,beneficiary,beneficiary_삼성물산,삼성물산,beneficiary,beneficiary_exposures,105670,1.0,confirmed,"{""party_name"": ""삼성물산""}"
beneficiary:beneficiary_삼성생명보험,beneficiary,beneficiary_삼성생명보험,삼성생명보험,beneficiary,beneficiary_exposures,105174,1.0,confirmed,"{""party_name"": ""삼성생명보험""}"
beneficiary:beneficiary_삼성자산운용ocio,beneficiary,beneficiary_삼성자산운용ocio,삼성자산운용OCIO,beneficiary,beneficiary_exposures,105615,1.0,confirmed,"{""party_name"": ""삼성자산운용OCIO""}"
beneficiary:beneficiary_삼성증권,beneficiary,beneficiary_삼성증권,삼성증권,beneficiary,beneficiary_exposures,105392,1.0,confirmed,"{""party_name"": ""삼성증권""}"
beneficiary:beneficiary_삼성화재,beneficiary,beneficiary_삼성화재,삼성화재,beneficiary,beneficiary_exposures,105288,1.0,confirmed,"{""party_name"": ""삼성화재""}"
beneficiary:beneficiary_삼양홀딩스,beneficiary,beneficiary_삼양홀딩스,삼양홀딩스,beneficiary,beneficiary_exposures,106156,1.0,confirmed,"{""party_name"": ""삼양홀딩스""}"
beneficiary:beneficiary_삼우디씨디,beneficiary,beneficiary_삼우디씨디,삼우디씨디,beneficiary,beneficiary_exposures,105960,1.0,confirmed,"{""party_name"": ""삼우디씨디""}"
beneficiary:beneficiary_삼우씨엠건축사사무소,beneficiary,beneficiary_삼우씨엠건축사사무소,삼우씨엠건축사사무소,beneficiary,beneficiary_exposures,105924,1.0,confirmed,"{""party_name"": ""삼우씨엠건축사사무소""}"
beneficiary:beneficiary_삼정저축은행,beneficiary,beneficiary_삼정저축은행,삼정저축은행,beneficiary,beneficiary_exposures,106094,1.0,confirmed,"{""party_name"": ""삼정저축은행""}"
beneficiary:beneficiary_삼한교역상사,beneficiary,beneficiary_삼한교역상사,삼한교역상사,beneficiary,beneficiary_exposures,105785,1.0,confirmed,"{""party_name"": ""삼한교역상사""}"
beneficiary:beneficiary_새마을금고중앙회,beneficiary,beneficiary_새마을금고중앙회,새마을금고중앙회,beneficiary,beneficiary_exposures,105204,1.0,confirmed,"{""party_name"": ""새마을금고중앙회""}"
beneficiary:beneficiary_서민이엔씨,beneficiary,beneficiary_서민이엔씨,서민이엔씨,beneficiary,beneficiary_exposures,106202,1.0,confirmed,"{""party_name"": ""서민이엔씨""}"
beneficiary:beneficiary_서울보증보험,beneficiary,beneficiary_서울보증보험,서울보증보험,beneficiary,beneficiary_exposures,105650,1.0,confirmed,"{""party_name"": ""서울보증보험""}"
beneficiary:beneficiary_성담,beneficiary,beneficiary_성담,성담,beneficiary,beneficiary_exposures,105584,1.0,confirmed,"{""party_name"": ""성담""}"
beneficiary:beneficiary_성담솔트베이,beneficiary,beneficiary_성담솔트베이,성담솔트베이,beneficiary,beneficiary_exposures,105654,1.0,confirmed,"{""party_name"": ""성담솔트베이""}"
beneficiary:beneficiary_성지제강,beneficiary,beneficiary_성지제강,성지제강,beneficiary,beneficiary_exposures,105894,1.0,confirmed,"{""party_name"": ""성지제강""}"
beneficiary:beneficiary_세람저축은행,beneficiary,beneficiary_세람저축은행,세람저축은행,beneficiary,beneficiary_exposures,106057,1.0,confirmed,"{""party_name"": ""세람저축은행""}"
beneficiary:beneficiary_세종텔레콤,beneficiary,beneficiary_세종텔레콤,세종텔레콤,beneficiary,beneficiary_exposures,105716,1.0,confirmed,"{""party_name"": ""세종텔레콤""}"
beneficiary:beneficiary_세콘도,beneficiary,beneficiary_세콘도,세콘도,beneficiary,beneficiary_exposures,105170,1.0,confirmed,"{""party_name"": ""세콘도""}"
beneficiary:beneficiary_수협중앙회,beneficiary,beneficiary_수협중앙회,수협중앙회,beneficiary,beneficiary_exposures,105345,1.0,confirmed,"{""party_name"": ""수협중앙회""}"
beneficiary:beneficiary_스마일게이트,beneficiary,beneficiary_스마일게이트,스마일게이트,beneficiary,beneficiary_exposures,105602,1.0,confirmed,"{""party_name"": ""스마일게이트""}"
beneficiary:beneficiary_스카이밸류,beneficiary,beneficiary_스카이밸류,스카이밸류,beneficiary,beneficiary_exposures,105399,1.0,confirmed,"{""party_name"": ""스카이밸류""}"
beneficiary:beneficiary_신세계,beneficiary,beneficiary_신세계,신세계,beneficiary,beneficiary_exposures,106211,1.0,confirmed,"{""party_name"": ""신세계""}"
beneficiary:beneficiary_신세계프라퍼티,beneficiary,beneficiary_신세계프라퍼티,신세계프라퍼티,beneficiary,beneficiary_exposures,105325,1.0,confirmed,"{""party_name"": ""신세계프라퍼티""}"
beneficiary:beneficiary_신용협동조합중앙회,beneficiary,beneficiary_신용협동조합중앙회,신용협동조합중앙회,beneficiary,beneficiary_exposures,105205,1.0,confirmed,"{""party_name"": ""신용협동조합중앙회""}"
beneficiary:beneficiary_신진솔루션즈,beneficiary,beneficiary_신진솔루션즈,신진솔루션즈,beneficiary,beneficiary_exposures,105588,1.0,confirmed,"{""party_name"": ""신진솔루션즈""}"
beneficiary:beneficiary_신한금융플러스,beneficiary,beneficiary_신한금융플러스,신한금융플러스,beneficiary,beneficiary_exposures,105860,1.0,confirmed,"{""party_name"": ""신한금융플러스""}"
beneficiary:beneficiary_신한라이프생명보험,beneficiary,beneficiary_신한라이프생명보험,신한라이프생명보험,beneficiary,beneficiary_exposures,105249,1.0,confirmed,"{""party_name"": ""신한라이프생명보험""}"
beneficiary:beneficiary_신한은행,beneficiary,beneficiary_신한은행,신한은행,beneficiary,beneficiary_exposures,105362,1.0,confirmed,"{""party_name"": ""신한은행""}"
beneficiary:beneficiary_신한캐피탈,beneficiary,beneficiary_신한캐피탈,신한캐피탈,beneficiary,beneficiary_exposures,105197,1.0,confirmed,"{""party_name"": ""신한캐피탈""}"
beneficiary:beneficiary_신한투자증권,beneficiary,beneficiary_신한투자증권,신한투자증권,beneficiary,beneficiary_exposures,105551,1.0,confirmed,"{""party_name"": ""신한투자증권""}"
beneficiary:beneficiary_신협중앙회,beneficiary,beneficiary_신협중앙회,신협중앙회,beneficiary,beneficiary_exposures,105301,1.0,confirmed,"{""party_name"": ""신협중앙회""}"
beneficiary:beneficiary_썬트리,beneficiary,beneficiary_썬트리,썬트리,beneficiary,beneficiary_exposures,105238,1.0,confirmed,"{""party_name"": ""썬트리""}"
beneficiary:beneficiary_아디안_싱가포르,beneficiary,beneficiary_아디안_싱가포르,아디안 싱가포르,beneficiary,beneficiary_exposures,105639,1.0,confirmed,"{""party_name"": ""아디안 싱가포르""}"
beneficiary:beneficiary_아산나눔재단,beneficiary,beneficiary_아산나눔재단,아산나눔재단,beneficiary,beneficiary_exposures,105420,1.0,confirmed,"{""party_name"": ""아산나눔재단""}"
beneficiary:beneficiary_아스테이온제일차_spc,beneficiary,beneficiary_아스테이온제일차_spc,아스테이온제일차(SPC),beneficiary,beneficiary_exposures,105991,1.0,confirmed,"{""party_name"": ""아스테이온제일차(SPC)""}"
beneficiary:beneficiary_아시아에프앤아이,beneficiary,beneficiary_아시아에프앤아이,아시아에프앤아이,beneficiary,beneficiary_exposures,105764,1.0,confirmed,"{""party_name"": ""아시아에프앤아이""}"
beneficiary:beneficiary_아우토스트라세,beneficiary,beneficiary_아우토스트라세,아우토스트라세,beneficiary,beneficiary_exposures,105845,1.0,confirmed,"{""party_name"": ""아우토스트라세""}"
beneficiary:beneficiary_아이비케이저축은행,beneficiary,beneficiary_아이비케이저축은행,아이비케이저축은행,beneficiary,beneficiary_exposures,105721,1.0,confirmed,"{""party_name"": ""아이비케이저축은행""}"
beneficiary:beneficiary_아이비케이캐피탈,beneficiary,beneficiary_아이비케이캐피탈,아이비케이캐피탈,beneficiary,beneficiary_exposures,106177,1.0,confirmed,"{""party_name"": ""아이비케이캐피탈""}"
beneficiary:beneficiary_아이비케이투자증권,beneficiary,beneficiary_아이비케이투자증권,아이비케이투자증권,beneficiary,beneficiary_exposures,105198,1.0,confirmed,"{""party_name"": ""아이비케이투자증권""}"
beneficiary:beneficiary_아이알디브이,beneficiary,beneficiary_아이알디브이,아이알디브이,beneficiary,beneficiary_exposures,106189,1.0,confirmed,"{""party_name"": ""아이알디브이""}"
beneficiary:beneficiary_아이언투자파트너스,beneficiary,beneficiary_아이언투자파트너스,아이언투자파트너스,beneficiary,beneficiary_exposures,106084,1.0,confirmed,"{""party_name"": ""아이언투자파트너스""}"
beneficiary:beneficiary_아이엠라이프생명보험,beneficiary,beneficiary_아이엠라이프생명보험,아이엠라이프생명보험,beneficiary,beneficiary_exposures,105993,1.0,confirmed,"{""party_name"": ""아이엠라이프생명보험""}"
beneficiary:beneficiary_아이엠생명보험,beneficiary,beneficiary_아이엠생명보험,아이엠생명보험,beneficiary,beneficiary_exposures,105851,1.0,confirmed,"{""party_name"": ""아이엠생명보험""}"
beneficiary:beneficiary_아이엠에셋자산운용제1호펀드,beneficiary,beneficiary_아이엠에셋자산운용제1호펀드,아이엠에셋자산운용제1호펀드,beneficiary,beneficiary_exposures,105239,1.0,confirmed,"{""party_name"": ""아이엠에셋자산운용제1호펀드""}"
beneficiary:beneficiary_아이엠에셋자산운용제2호펀드,beneficiary,beneficiary_아이엠에셋자산운용제2호펀드,아이엠에셋자산운용제2호펀드,beneficiary,beneficiary_exposures,105240,1.0,confirmed,"{""party_name"": ""아이엠에셋자산운용제2호펀드""}"
beneficiary:beneficiary_아이엠에셋자산운용제3호펀드,beneficiary,beneficiary_아이엠에셋자산운용제3호펀드,아이엠에셋자산운용제3호펀드,beneficiary,beneficiary_exposures,105241,1.0,confirmed,"{""party_name"": ""아이엠에셋자산운용제3호펀드""}"
beneficiary:beneficiary_아테나자산운용,beneficiary,beneficiary_아테나자산운용,아테나자산운용,beneficiary,beneficiary_exposures,106066,1.0,confirmed,"{""party_name"": ""아테나자산운용""}"
beneficiary:beneficiary_아토모스리얼에스테이트,beneficiary,beneficiary_아토모스리얼에스테이트,아토모스리얼에스테이트,beneficiary,beneficiary_exposures,105505,1.0,confirmed,"{""party_name"": ""아토모스리얼에스테이트""}"
beneficiary:beneficiary_안다인베스트먼트파트너스,beneficiary,beneficiary_안다인베스트먼트파트너스,안다인베스트먼트파트너스,beneficiary,beneficiary_exposures,105671,1.0,confirmed,"{""party_name"": ""안다인베스트먼트파트너스""}"
beneficiary:beneficiary_안다자산운용,beneficiary,beneficiary_안다자산운용,안다자산운용,beneficiary,beneficiary_exposures,105672,1.0,confirmed,"{""party_name"": ""안다자산운용""}"
beneficiary:beneficiary_애큐온캐피탈,beneficiary,beneficiary_애큐온캐피탈,애큐온캐피탈,beneficiary,beneficiary_exposures,105183,1.0,confirmed,"{""party_name"": ""애큐온캐피탈""}"
beneficiary:beneficiary_양지로지스특시,beneficiary,beneficiary_양지로지스특시,양지로지스특시,beneficiary,beneficiary_exposures,105723,1.0,confirmed,"{""party_name"": ""양지로지스특시""}"
beneficiary:beneficiary_어반웰스,beneficiary,beneficiary_어반웰스,어반웰스,beneficiary,beneficiary_exposures,105962,1.0,confirmed,"{""party_name"": ""어반웰스""}"
beneficiary:beneficiary_에셀,beneficiary,beneficiary_에셀,에셀,beneficiary,beneficiary_exposures,105673,1.0,confirmed,"{""party_name"": ""에셀""}"
beneficiary:beneficiary_에셀유한회사,beneficiary,beneficiary_에셀유한회사,에셀유한회사,beneficiary,beneficiary_exposures,105786,1.0,confirmed,"{""party_name"": ""에셀유한회사""}"
beneficiary:beneficiary_에스가산,beneficiary,beneficiary_에스가산,에스가산,beneficiary,beneficiary_exposures,105326,1.0,confirmed,"{""party_name"": ""에스가산""}"
beneficiary:beneficiary_에스디디피제일차,beneficiary,beneficiary_에스디디피제일차,에스디디피제일차,beneficiary,beneficiary_exposures,105510,1.0,confirmed,"{""party_name"": ""에스디디피제일차""}"
beneficiary:beneficiary_에스디제오차,beneficiary,beneficiary_에스디제오차,에스디제오차,beneficiary,beneficiary_exposures,106143,1.0,confirmed,"{""party_name"": ""에스디제오차""}"
beneficiary:beneficiary_에스비센,beneficiary,beneficiary_에스비센,에스비센,beneficiary,beneficiary_exposures,105327,1.0,confirmed,"{""party_name"": ""에스비센""}"
beneficiary:beneficiary_에스비아이저축은행,beneficiary,beneficiary_에스비아이저축은행,에스비아이저축은행,beneficiary,beneficiary_exposures,105432,1.0,confirmed,"{""party_name"": ""에스비아이저축은행""}"
beneficiary:beneficiary_에스엔유비아이제트1호,beneficiary,beneficiary_에스엔유비아이제트1호,에스엔유비아이제트1호,beneficiary,beneficiary_exposures,105700,1.0,confirmed,"{""party_name"": ""에스엔유비아이제트1호""}"
beneficiary:beneficiary_에스원,beneficiary,beneficiary_에스원,에스원,beneficiary,beneficiary_exposures,105177,1.0,confirmed,"{""party_name"": ""에스원""}"
beneficiary:beneficiary_에스유씨플러스,beneficiary,beneficiary_에스유씨플러스,에스유씨플러스,beneficiary,beneficiary_exposures,106170,1.0,confirmed,"{""party_name"": ""에스유씨플러스""}"
beneficiary:beneficiary_에스제이더블유인터네셔널,beneficiary,beneficiary_에스제이더블유인터네셔널,에스제이더블유인터네셔널,beneficiary,beneficiary_exposures,105674,1.0,confirmed,"{""party_name"": ""에스제이더블유인터네셔널""}"
beneficiary:beneficiary_에이비엘생명보험,beneficiary,beneficiary_에이비엘생명보험,에이비엘생명보험,beneficiary,beneficiary_exposures,105795,1.0,confirmed,"{""party_name"": ""에이비엘생명보험""}"
beneficiary:beneficiary_에이아이에스독일제일차주식회사_메리츠증권,beneficiary,beneficiary_에이아이에스독일제일차주식회사_메리츠증권,에이아이에스독일제일차주식회사(메리츠증권),beneficiary,beneficiary_exposures,105748,1.0,confirmed,"{""party_name"": ""에이아이에스독일제일차주식회사(메리츠증권)""}"
beneficiary:beneficiary_에이치엔아이,beneficiary,beneficiary_에이치엔아이,에이치엔아이,beneficiary,beneficiary_exposures,106257,1.0,confirmed,"{""party_name"": ""에이치엔아이""}"
beneficiary:beneficiary_에이티넘인베스트먼트,beneficiary,beneficiary_에이티넘인베스트먼트,에이티넘인베스트먼트,beneficiary,beneficiary_exposures,105693,1.0,confirmed,"{""party_name"": ""에이티넘인베스트먼트""}"
beneficiary:beneficiary_엔에이치농협캐피탈,beneficiary,beneficiary_엔에이치농협캐피탈,엔에이치농협캐피탈,beneficiary,beneficiary_exposures,105984,1.0,confirmed,"{""party_name"": ""엔에이치농협캐피탈""}"
beneficiary:beneficiary_엔에이치투자증권,beneficiary,beneficiary_엔에이치투자증권,엔에이치투자증권,beneficiary,beneficiary_exposures,105220,1.0,confirmed,"{""party_name"": ""엔에이치투자증권""}"
beneficiary:beneficiary_엔에이치판교아이스퀘어제이차,beneficiary,beneficiary_엔에이치판교아이스퀘어제이차,엔에이치판교아이스퀘어제이차,beneficiary,beneficiary_exposures,105579,1.0,confirmed,"{""party_name"": ""엔에이치판교아이스퀘어제이차""}"
beneficiary:beneficiary_엔에이치헤지자산운용,beneficiary,beneficiary_엔에이치헤지자산운용,엔에이치헤지자산운용,beneficiary,beneficiary_exposures,105450,1.0,confirmed,"{""party_name"": ""엔에이치헤지자산운용""}"
beneficiary:beneficiary_엔티아이,beneficiary,beneficiary_엔티아이,엔티아이,beneficiary,beneficiary_exposures,106046,1.0,confirmed,"{""party_name"": ""엔티아이""}"
beneficiary:beneficiary_엔피씨,beneficiary,beneficiary_엔피씨,엔피씨,beneficiary,beneficiary_exposures,106119,1.0,confirmed,"{""party_name"": ""엔피씨""}"
beneficiary:beneficiary_엠디엠플러스,beneficiary,beneficiary_엠디엠플러스,엠디엠플러스,beneficiary,beneficiary_exposures,106139,1.0,confirmed,"{""party_name"": ""엠디엠플러스""}"
beneficiary:beneficiary_엠지알브이,beneficiary,beneficiary_엠지알브이,엠지알브이,beneficiary,beneficiary_exposures,105485,1.0,confirmed,"{""party_name"": ""엠지알브이""}"
beneficiary:beneficiary_엠지캐피탈,beneficiary,beneficiary_엠지캐피탈,엠지캐피탈,beneficiary,beneficiary_exposures,106035,1.0,confirmed,"{""party_name"": ""엠지캐피탈""}"
beneficiary:beneficiary_연초생산안정화재단,beneficiary,beneficiary_연초생산안정화재단,연초생산안정화재단,beneficiary,beneficiary_exposures,105289,1.0,confirmed,"{""party_name"": ""연초생산안정화재단""}"
beneficiary:beneficiary_연합자산관리,beneficiary,beneficiary_연합자산관리,연합자산관리,beneficiary,beneficiary_exposures,105839,1.0,confirmed,"{""party_name"": ""연합자산관리""}"
beneficiary:beneficiary_엽연초생산협동조합중앙회,beneficiary,beneficiary_엽연초생산협동조합중앙회,엽연초생산협동조합중앙회,beneficiary,beneficiary_exposures,106039,1.0,confirmed,"{""party_name"": ""엽연초생산협동조합중앙회""}"
beneficiary:beneficiary_예스코홀딩,beneficiary,beneficiary_예스코홀딩,예스코홀딩,beneficiary,beneficiary_exposures,105470,1.0,confirmed,"{""party_name"": ""예스코홀딩""}"
beneficiary:beneficiary_오로라월드,beneficiary,beneficiary_오로라월드,오로라월드,beneficiary,beneficiary_exposures,106120,1.0,confirmed,"{""party_name"": ""오로라월드""}"
beneficiary:beneficiary_오투저축은행,beneficiary,beneficiary_오투저축은행,오투저축은행,beneficiary,beneficiary_exposures,106059,1.0,confirmed,"{""party_name"": ""오투저축은행""}"
beneficiary:beneficiary_우리,beneficiary,beneficiary_우리,우리,beneficiary,beneficiary_exposures,105502,1.0,confirmed,"{""party_name"": ""우리""}"
beneficiary:beneficiary_우리금융저축은행,beneficiary,beneficiary_우리금융저축은행,우리금융저축은행,beneficiary,beneficiary_exposures,106086,1.0,confirmed,"{""party_name"": ""우리금융저축은행""}"
beneficiary:beneficiary_우리금융캐피탈,beneficiary,beneficiary_우리금융캐피탈,우리금융캐피탈,beneficiary,beneficiary_exposures,105641,1.0,confirmed,"{""party_name"": ""우리금융캐피탈""}"
beneficiary:beneficiary_우리은행,beneficiary,beneficiary_우리은행,우리은행,beneficiary,beneficiary_exposures,105171,1.0,confirmed,"{""party_name"": ""우리은행""}"
beneficiary:beneficiary_우리자산신탁,beneficiary,beneficiary_우리자산신탁,우리자산신탁,beneficiary,beneficiary_exposures,106244,1.0,confirmed,"{""party_name"": ""우리자산신탁""}"
beneficiary:beneficiary_우리종합금융,beneficiary,beneficiary_우리종합금융,우리종합금융,beneficiary,beneficiary_exposures,105332,1.0,confirmed,"{""party_name"": ""우리종합금융""}"
beneficiary:beneficiary_우리캐피탈_구_아주캐피탈,beneficiary,beneficiary_우리캐피탈_구_아주캐피탈,우리캐피탈(구 아주캐피탈),beneficiary,beneficiary_exposures,105440,1.0,confirmed,"{""party_name"": ""우리캐피탈(구 아주캐피탈)""}"
beneficiary:beneficiary_우리투자증권,beneficiary,beneficiary_우리투자증권,우리투자증권,beneficiary,beneficiary_exposures,105347,1.0,confirmed,"{""party_name"": ""우리투자증권""}"
beneficiary:beneficiary_우미건설,beneficiary,beneficiary_우미건설,우미건설,beneficiary,beneficiary_exposures,105522,1.0,confirmed,"{""party_name"": ""우미건설""}"
beneficiary:beneficiary_우미글로벌,beneficiary,beneficiary_우미글로벌,우미글로벌,beneficiary,beneficiary_exposures,105523,1.0,confirmed,"{""party_name"": ""우미글로벌""}"
beneficiary:beneficiary_우정사업본부_보험,beneficiary,beneficiary_우정사업본부_보험,우정사업본부(보험),beneficiary,beneficiary_exposures,105223,1.0,confirmed,"{""party_name"": ""우정사업본부(보험)""}"
beneficiary:beneficiary_우정사업본부_예금,beneficiary,beneficiary_우정사업본부_예금,우정사업본부(예금),beneficiary,beneficiary_exposures,105232,1.0,confirmed,"{""party_name"": ""우정사업본부(예금)""}"
beneficiary:beneficiary_위더그린,beneficiary,beneficiary_위더그린,위더그린,beneficiary,beneficiary_exposures,106087,1.0,confirmed,"{""party_name"": ""위더그린""}"
beneficiary:beneficiary_유안타증권,beneficiary,beneficiary_유안타증권,유안타증권,beneficiary,beneficiary_exposures,105444,1.0,confirmed,"{""party_name"": ""유안타증권""}"
beneficiary:beneficiary_유진투자선물,beneficiary,beneficiary_유진투자선물,유진투자선물,beneficiary,beneficiary_exposures,106109,1.0,confirmed,"{""party_name"": ""유진투자선물""}"
beneficiary:beneficiary_유진투자증권,beneficiary,beneficiary_유진투자증권,유진투자증권,beneficiary,beneficiary_exposures,105931,1.0,confirmed,"{""party_name"": ""유진투자증권""}"
beneficiary:beneficiary_이노베스트,beneficiary,beneficiary_이노베스트,이노베스트,beneficiary,beneficiary_exposures,105676,1.0,confirmed,"{""party_name"": ""이노베스트""}"
beneficiary:beneficiary_이든자산운용,beneficiary,beneficiary_이든자산운용,이든자산운용,beneficiary,beneficiary_exposures,106239,1.0,confirmed,"{""party_name"": ""이든자산운용""}"
beneficiary:beneficiary_이수화학,beneficiary,beneficiary_이수화학,이수화학,beneficiary,beneficiary_exposures,105393,1.0,confirmed,"{""party_name"": ""이수화학""}"
beneficiary:beneficiary_이스턴투자개발,beneficiary,beneficiary_이스턴투자개발,이스턴투자개발,beneficiary,beneficiary_exposures,106225,1.0,confirmed,"{""party_name"": ""이스턴투자개발""}"
beneficiary:beneficiary_이지스263호,beneficiary,beneficiary_이지스263호,이지스263호,beneficiary,beneficiary_exposures,106276,1.0,confirmed,"{""party_name"": ""이지스263호""}"
beneficiary:beneficiary_이지스426의1호,beneficiary,beneficiary_이지스426의1호,이지스426의1호,beneficiary,beneficiary_exposures,105589,1.0,confirmed,"{""party_name"": ""이지스426의1호""}"
beneficiary:beneficiary_이지스korif사모부동산자투자신탁18a호,beneficiary,beneficiary_이지스korif사모부동산자투자신탁18a호,이지스KORIF사모부동산자투자신탁18A호,beneficiary,beneficiary_exposures,105176,1.0,confirmed,"{""party_name"": ""이지스KORIF사모부동산자투자신탁18A호""}"
beneficiary:beneficiary_이지스npl4호,beneficiary,beneficiary_이지스npl4호,이지스NPL4호,beneficiary,beneficiary_exposures,105921,1.0,confirmed,"{""party_name"": ""이지스NPL4호""}"
beneficiary:beneficiary_이지스경산로지스일반사모부동사투자신탁제1_1호_운용,beneficiary,beneficiary_이지스경산로지스일반사모부동사투자신탁제1_1호_운용,이지스경산로지스일반사모부동사투자신탁제1-1호(운용),beneficiary,beneficiary_exposures,105927,1.0,confirmed,"{""party_name"": ""이지스경산로지스일반사모부동사투자신탁제1-1호(운용)""}"
beneficiary:beneficiary_이지스경산스페셜시츄에이션일반사모부동산투자신탁제1호,beneficiary,beneficiary_이지스경산스페셜시츄에이션일반사모부동산투자신탁제1호,이지스경산스페셜시츄에이션일반사모부동산투자신탁제1호,beneficiary,beneficiary_exposures,105928,1.0,confirmed,"{""party_name"": ""이지스경산스페셜시츄에이션일반사모부동산투자신탁제1호""}"
beneficiary:beneficiary_이지스국내pf재구조화1_3호_모,beneficiary,beneficiary_이지스국내pf재구조화1_3호_모,이지스국내PF재구조화1-3호(모),beneficiary,beneficiary_exposures,105939,1.0,confirmed,"{""party_name"": ""이지스국내PF재구조화1-3호(모)""}"
beneficiary:beneficiary_이지스국내pf재구조화1호_자,beneficiary,beneficiary_이지스국내pf재구조화1호_자,이지스국내PF재구조화1호(자),beneficiary,beneficiary_exposures,105944,1.0,confirmed,"{""party_name"": ""이지스국내PF재구조화1호(자)""}"
beneficiary:beneficiary_이지스글로벌레지던스리츠,beneficiary,beneficiary_이지스글로벌레지던스리츠,이지스글로벌레지던스리츠,beneficiary,beneficiary_exposures,106036,1.0,confirmed,"{""party_name"": ""이지스글로벌레지던스리츠""}"
beneficiary:beneficiary_이지스기회추구2_1호_blind,beneficiary,beneficiary_이지스기회추구2_1호_blind,이지스기회추구2-1호(Blind),beneficiary,beneficiary_exposures,105455,1.0,confirmed,"{""party_name"": ""이지스기회추구2-1호(Blind)""}"
beneficiary:beneficiary_이지스기회추구2_2_1호_blind,beneficiary,beneficiary_이지스기회추구2_2_1호_blind,이지스기회추구2-2-1호(Blind),beneficiary,beneficiary_exposures,105476,1.0,confirmed,"{""party_name"": ""이지스기회추구2-2-1호(Blind)""}"
beneficiary:beneficiary_이지스기회추구2호_blind,beneficiary,beneficiary_이지스기회추구2호_blind,이지스기회추구2호(Blind),beneficiary,beneficiary_exposures,105477,1.0,confirmed,"{""party_name"": ""이지스기회추구2호(Blind)""}"
beneficiary:beneficiary_이지스랜드플랫폼일반사모부동산투자신탁제1_1호_blind,beneficiary,beneficiary_이지스랜드플랫폼일반사모부동산투자신탁제1_1호_blind,이지스랜드플랫폼일반사모부동산투자신탁제1-1호(Blind),beneficiary,beneficiary_exposures,105780,1.0,confirmed,"{""party_name"": ""이지스랜드플랫폼일반사모부동산투자신탁제1-1호(Blind)""}"
beneficiary:beneficiary_이지스레지던스리츠,beneficiary,beneficiary_이지스레지던스리츠,이지스레지던스리츠,beneficiary,beneficiary_exposures,105186,1.0,confirmed,"{""party_name"": ""이지스레지던스리츠""}"
beneficiary:beneficiary_이지스리빙플랫폼일반사모부동산자투자신탁제1호_blind,beneficiary,beneficiary_이지스리빙플랫폼일반사모부동산자투자신탁제1호_blind,이지스리빙플랫폼일반사모부동산자투자신탁제1호(Blind),beneficiary,beneficiary_exposures,105489,1.0,confirmed,"{""party_name"": ""이지스리빙플랫폼일반사모부동산자투자신탁제1호(Blind)""}"
beneficiary:beneficiary_이지스리얼에셋일반사모부동산투자신탁제1호,beneficiary,beneficiary_이지스리얼에셋일반사모부동산투자신탁제1호,이지스리얼에셋일반사모부동산투자신탁제1호,beneficiary,beneficiary_exposures,105221,1.0,confirmed,"{""party_name"": ""이지스리얼에셋일반사모부동산투자신탁제1호""}"
beneficiary:beneficiary_이지스린,beneficiary,beneficiary_이지스린,이지스린,beneficiary,beneficiary_exposures,106198,1.0,confirmed,"{""party_name"": ""이지스린""}"
beneficiary:beneficiary_이지스밸류리츠,beneficiary,beneficiary_이지스밸류리츠,이지스밸류리츠,beneficiary,beneficiary_exposures,105187,1.0,confirmed,"{""party_name"": ""이지스밸류리츠""}"
beneficiary:beneficiary_이지스밸류플러스리츠,beneficiary,beneficiary_이지스밸류플러스리츠,이지스밸류플러스리츠,beneficiary,beneficiary_exposures,105291,1.0,confirmed,"{""party_name"": ""이지스밸류플러스리츠""}"
beneficiary:beneficiary_이지스비즈성장공간플랫폼일반사모부동산투자신탁제1호_blind,beneficiary,beneficiary_이지스비즈성장공간플랫폼일반사모부동산투자신탁제1호_blind,이지스비즈성장공간플랫폼일반사모부동산투자신탁제1호(Blind),beneficiary,beneficiary_exposures,105555,1.0,confirmed,"{""party_name"": ""이지스비즈성장공간플랫폼일반사모부동산투자신탁제1호(Blind)""}"
beneficiary:beneficiary_이지스스트래티직_전문투자형사모부동산_자투자신탁_제1_3_3호,beneficiary,beneficiary_이지스스트래티직_전문투자형사모부동산_자투자신탁_제1_3_3호,이지스스트래티직 전문투자형사모부동산 자투자신탁 제1-3-3호,beneficiary,beneficiary_exposures,105401,1.0,confirmed,"{""party_name"": ""이지스스트래티직 전문투자형사모부동산 자투자신탁 제1-3-3호""}"
beneficiary:beneficiary_이지스스트래티직일반사모부동산자투자신탁제1_2_3호,beneficiary,beneficiary_이지스스트래티직일반사모부동산자투자신탁제1_2_3호,이지스스트래티직일반사모부동산자투자신탁제1-2-3호,beneficiary,beneficiary_exposures,105424,1.0,confirmed,"{""party_name"": ""이지스스트래티직일반사모부동산자투자신탁제1-2-3호""}"
beneficiary:beneficiary_이지스스트래티직일반사모부동산자투자신탁제1호_blind,beneficiary,beneficiary_이지스스트래티직일반사모부동산자투자신탁제1호_blind,이지스스트래티직일반사모부동산자투자신탁제1호(Blind),beneficiary,beneficiary_exposures,105402,1.0,confirmed,"{""party_name"": ""이지스스트래티직일반사모부동산자투자신탁제1호(Blind)""}"
beneficiary:beneficiary_이지스아레나스케이엘아이피1사모부동산자투자회사,beneficiary,beneficiary_이지스아레나스케이엘아이피1사모부동산자투자회사,이지스아레나스케이엘아이피1사모부동산자투자회사,beneficiary,beneficiary_exposures,105374,1.0,confirmed,"{""party_name"": ""이지스아레나스케이엘아이피1사모부동산자투자회사""}"
beneficiary:beneficiary_이지스이익참여형메자닌일반사모부동산모투자신탁제1_1호_blind,beneficiary,beneficiary_이지스이익참여형메자닌일반사모부동산모투자신탁제1_1호_blind,이지스이익참여형메자닌일반사모부동산모투자신탁제1-1호(Blind),beneficiary,beneficiary_exposures,106162,1.0,confirmed,"{""party_name"": ""이지스이익참여형메자닌일반사모부동산모투자신탁제1-1호(Blind)""}"
beneficiary:beneficiary_이지스이익참여형메자닌일반사모부동산모투자신탁제1_3호_blind,beneficiary,beneficiary_이지스이익참여형메자닌일반사모부동산모투자신탁제1_3호_blind,이지스이익참여형메자닌일반사모부동산모투자신탁제1-3호(Blind),beneficiary,beneficiary_exposures,106179,1.0,confirmed,"{""party_name"": ""이지스이익참여형메자닌일반사모부동산모투자신탁제1-3호(Blind)""}"
beneficiary:beneficiary_이지스이익참여형메자닌일반사모부동산모투자신탁제1_4호_blind,beneficiary,beneficiary_이지스이익참여형메자닌일반사모부동산모투자신탁제1_4호_blind,이지스이익참여형메자닌일반사모부동산모투자신탁제1-4호(Blind),beneficiary,beneficiary_exposures,106240,1.0,confirmed,"{""party_name"": ""이지스이익참여형메자닌일반사모부동산모투자신탁제1-4호(Blind)""}"
beneficiary:beneficiary_이지스인컴앤그로스_2_4_4호,beneficiary,beneficiary_이지스인컴앤그로스_2_4_4호,이지스인컴앤그로스 2-4-4호,beneficiary,beneficiary_exposures,105828,1.0,confirmed,"{""party_name"": ""이지스인컴앤그로스 2-4-4호""}"
beneficiary:beneficiary_이지스인컴앤그로스일반사모부동산자투자신탁제2호_blind,beneficiary,beneficiary_이지스인컴앤그로스일반사모부동산자투자신탁제2호_blind,이지스인컴앤그로스일반사모부동산자투자신탁제2호(Blind),beneficiary,beneficiary_exposures,105538,1.0,confirmed,"{""party_name"": ""이지스인컴앤그로스일반사모부동산자투자신탁제2호(Blind)""}"
beneficiary:beneficiary_이지스일반사모부동산자투자신탁제125_2호,beneficiary,beneficiary_이지스일반사모부동산자투자신탁제125_2호,이지스일반사모부동산자투자신탁제125-2호,beneficiary,beneficiary_exposures,105314,1.0,confirmed,"{""party_name"": ""이지스일반사모부동산자투자신탁제125-2호""}"
beneficiary:beneficiary_이지스일반사모부동산자투자신탁제482호,beneficiary,beneficiary_이지스일반사모부동산자투자신탁제482호,이지스일반사모부동산자투자신탁제482호,beneficiary,beneficiary_exposures,105848,1.0,confirmed,"{""party_name"": ""이지스일반사모부동산자투자신탁제482호""}"
beneficiary:beneficiary_이지스일반사모부동산자투자신탁제562의1호,beneficiary,beneficiary_이지스일반사모부동산자투자신탁제562의1호,이지스일반사모부동산자투자신탁제562의1호,beneficiary,beneficiary_exposures,105915,1.0,confirmed,"{""party_name"": ""이지스일반사모부동산자투자신탁제562의1호""}"
beneficiary:beneficiary_이지스일반사모부동산투자신탁460호,beneficiary,beneficiary_이지스일반사모부동산투자신탁460호,이지스일반사모부동산투자신탁460호,beneficiary,beneficiary_exposures,106219,1.0,confirmed,"{""party_name"": ""이지스일반사모부동산투자신탁460호""}"
beneficiary:beneficiary_이지스일반사모부동산투자신탁제454호,beneficiary,beneficiary_이지스일반사모부동산투자신탁제454호,이지스일반사모부동산투자신탁제454호,beneficiary,beneficiary_exposures,106144,1.0,confirmed,"{""party_name"": ""이지스일반사모부동산투자신탁제454호""}"
beneficiary:beneficiary_이지스일반사모부동산투자신탁제462호,beneficiary,beneficiary_이지스일반사모부동산투자신탁제462호,이지스일반사모부동산투자신탁제462호,beneficiary,beneficiary_exposures,106145,1.0,confirmed,"{""party_name"": ""이지스일반사모부동산투자신탁제462호""}"
beneficiary:beneficiary_이지스일반사모부동산투자신탁제468_1호,beneficiary,beneficiary_이지스일반사모부동산투자신탁제468_1호,이지스일반사모부동산투자신탁제468-1호,beneficiary,beneficiary_exposures,105781,1.0,confirmed,"{""party_name"": ""이지스일반사모부동산투자신탁제468-1호""}"
beneficiary:beneficiary_이지스일반사모부동산투자신탁제473호,beneficiary,beneficiary_이지스일반사모부동산투자신탁제473호,이지스일반사모부동산투자신탁제473호,beneficiary,beneficiary_exposures,105758,1.0,confirmed,"{""party_name"": ""이지스일반사모부동산투자신탁제473호""}"
beneficiary:beneficiary_이지스일반사모부동산투자신탁제508호,beneficiary,beneficiary_이지스일반사모부동산투자신탁제508호,이지스일반사모부동산투자신탁제508호,beneficiary,beneficiary_exposures,105761,1.0,confirmed,"{""party_name"": ""이지스일반사모부동산투자신탁제508호""}"
beneficiary:beneficiary_이지스일반사모부동산투자신탁제517의1호,beneficiary,beneficiary_이지스일반사모부동산투자신탁제517의1호,이지스일반사모부동산투자신탁제517의1호,beneficiary,beneficiary_exposures,105950,1.0,confirmed,"{""party_name"": ""이지스일반사모부동산투자신탁제517의1호""}"
beneficiary:beneficiary_이지스자산운용,beneficiary,beneficiary_이지스자산운용,이지스자산운용,beneficiary,beneficiary_exposures,105169,1.0,confirmed,"{""party_name"": ""이지스자산운용""}"
beneficiary:beneficiary_이지스자산운용_고유자금,beneficiary,beneficiary_이지스자산운용_고유자금,이지스자산운용 고유자금,beneficiary,beneficiary_exposures,105309,1.0,confirmed,"{""party_name"": ""이지스자산운용 고유자금""}"
beneficiary:beneficiary_이지스장기안정형주거플랫폼일반사모부동산투자신탁제1호_blind,beneficiary,beneficiary_이지스장기안정형주거플랫폼일반사모부동산투자신탁제1호_blind,이지스장기안정형주거플랫폼일반사모부동산투자신탁제1호(Blind),beneficiary,beneficiary_exposures,106273,1.0,confirmed,"{""party_name"": ""이지스장기안정형주거플랫폼일반사모부동산투자신탁제1호(Blind)""}"
beneficiary:beneficiary_이지스장기지분형일반사모부동산자투자신탁1_1호_자펀드_blind,beneficiary,beneficiary_이지스장기지분형일반사모부동산자투자신탁1_1호_자펀드_blind,이지스장기지분형일반사모부동산자투자신탁1-1호(자펀드)(Blind),beneficiary,beneficiary_exposures,105830,1.0,confirmed,"{""party_name"": ""이지스장기지분형일반사모부동산자투자신탁1-1호(자펀드)(Blind)""}"
beneficiary:beneficiary_이지스장기지분형일반사모부동산자투자신탁1_2호_자펀드_blind,beneficiary,beneficiary_이지스장기지분형일반사모부동산자투자신탁1_2호_자펀드_blind,이지스장기지분형일반사모부동산자투자신탁1-2호(자펀드)(Blind),beneficiary,beneficiary_exposures,106280,1.0,confirmed,"{""party_name"": ""이지스장기지분형일반사모부동산자투자신탁1-2호(자펀드)(Blind)""}"
beneficiary:beneficiary_이지스장기지분형일반사모부동산자투자신탁1_3호_자펀드_blind,beneficiary,beneficiary_이지스장기지분형일반사모부동산자투자신탁1_3호_자펀드_blind,이지스장기지분형일반사모부동산자투자신탁1-3호(자펀드)(Blind),beneficiary,beneficiary_exposures,106281,1.0,confirmed,"{""party_name"": ""이지스장기지분형일반사모부동산자투자신탁1-3호(자펀드)(Blind)""}"
beneficiary:beneficiary_이지스전문사모120호,beneficiary,beneficiary_이지스전문사모120호,이지스전문사모120호,beneficiary,beneficiary_exposures,106151,1.0,confirmed,"{""party_name"": ""이지스전문사모120호""}"
beneficiary:beneficiary_이지스전문투자형사모부동산투자신탁312호,beneficiary,beneficiary_이지스전문투자형사모부동산투자신탁312호,이지스전문투자형사모부동산투자신탁312호,beneficiary,beneficiary_exposures,106141,1.0,confirmed,"{""party_name"": ""이지스전문투자형사모부동산투자신탁312호""}"
beneficiary:beneficiary_이지스전문투자형사모부동산투자신탁384호,beneficiary,beneficiary_이지스전문투자형사모부동산투자신탁384호,이지스전문투자형사모부동산투자신탁384호,beneficiary,beneficiary_exposures,106159,1.0,confirmed,"{""party_name"": ""이지스전문투자형사모부동산투자신탁384호""}"
beneficiary:beneficiary_이지스전문투자형사모부동산투자신탁제411호,beneficiary,beneficiary_이지스전문투자형사모부동산투자신탁제411호,이지스전문투자형사모부동산투자신탁제411호,beneficiary,beneficiary_exposures,105367,1.0,confirmed,"{""party_name"": ""이지스전문투자형사모부동산투자신탁제411호""}"
beneficiary:beneficiary_이지스제555호부동산일반사모투자회사,beneficiary,beneficiary_이지스제555호부동산일반사모투자회사,이지스제555호부동산일반사모투자회사,beneficiary,beneficiary_exposures,105179,1.0,confirmed,"{""party_name"": ""이지스제555호부동산일반사모투자회사""}"
beneficiary:beneficiary_이지스케이엘아이피1사모부동산자투자회사,beneficiary,beneficiary_이지스케이엘아이피1사모부동산자투자회사,이지스케이엘아이피1사모부동산자투자회사,beneficiary,beneficiary_exposures,105549,1.0,confirmed,"{""party_name"": ""이지스케이엘아이피1사모부동산자투자회사""}"
beneficiary:beneficiary_이지스플랫폼케이디씨아이파1부동산전문투자형사모투자회사,beneficiary,beneficiary_이지스플랫폼케이디씨아이파1부동산전문투자형사모투자회사,이지스플랫폼케이디씨아이파1부동산전문투자형사모투자회사,beneficiary,beneficiary_exposures,105484,1.0,confirmed,"{""party_name"": ""이지스플랫폼케이디씨아이파1부동산전문투자형사모투자회사""}"
beneficiary:beneficiary_이지스해운대일반사모부동산투자신탁제1호,beneficiary,beneficiary_이지스해운대일반사모부동산투자신탁제1호,이지스해운대일반사모부동산투자신탁제1호,beneficiary,beneficiary_exposures,106254,1.0,confirmed,"{""party_name"": ""이지스해운대일반사모부동산투자신탁제1호""}"
beneficiary:beneficiary_이코노미쿠스,beneficiary,beneficiary_이코노미쿠스,이코노미쿠스,beneficiary,beneficiary_exposures,106172,1.0,confirmed,"{""party_name"": ""이코노미쿠스""}"
beneficiary:beneficiary_인성저축은행,beneficiary,beneficiary_인성저축은행,인성저축은행,beneficiary,beneficiary_exposures,106061,1.0,confirmed,"{""party_name"": ""인성저축은행""}"
beneficiary:beneficiary_인천도시공사,beneficiary,beneficiary_인천도시공사,인천도시공사,beneficiary,beneficiary_exposures,105340,1.0,confirmed,"{""party_name"": ""인천도시공사""}"
beneficiary:beneficiary_장풍이노베이션,beneficiary,beneficiary_장풍이노베이션,장풍이노베이션,beneficiary,beneficiary_exposures,105922,1.0,confirmed,"{""party_name"": ""장풍이노베이션""}"
beneficiary:beneficiary_전문건설공제조합,beneficiary,beneficiary_전문건설공제조합,전문건설공제조합,beneficiary,beneficiary_exposures,105192,1.0,confirmed,"{""party_name"": ""전문건설공제조합""}"
beneficiary:beneficiary_제이비우리캐피탈,beneficiary,beneficiary_제이비우리캐피탈,제이비우리캐피탈,beneficiary,beneficiary_exposures,106071,1.0,confirmed,"{""party_name"": ""제이비우리캐피탈""}"
beneficiary:beneficiary_제이알디개발,beneficiary,beneficiary_제이알디개발,제이알디개발,beneficiary,beneficiary_exposures,106191,1.0,confirmed,"{""party_name"": ""제이알디개발""}"
beneficiary:beneficiary_제이앤파트너인베스트먼트,beneficiary,beneficiary_제이앤파트너인베스트먼트,제이앤파트너인베스트먼트,beneficiary,beneficiary_exposures,105490,1.0,confirmed,"{""party_name"": ""제이앤파트너인베스트먼트""}"
beneficiary:beneficiary_제이에스티나,beneficiary,beneficiary_제이에스티나,제이에스티나,beneficiary,beneficiary_exposures,105567,1.0,confirmed,"{""party_name"": ""제이에스티나""}"
beneficiary:beneficiary_제이케이로지스,beneficiary,beneficiary_제이케이로지스,제이케이로지스,beneficiary,beneficiary_exposures,105576,1.0,confirmed,"{""party_name"": ""제이케이로지스""}"
beneficiary:beneficiary_제이피어반디,beneficiary,beneficiary_제이피어반디,제이피어반디,beneficiary,beneficiary_exposures,105725,1.0,confirmed,"{""party_name"": ""제이피어반디""}"
beneficiary:beneficiary_제쿠먼인베스트먼트,beneficiary,beneficiary_제쿠먼인베스트먼트,제쿠먼인베스트먼트,beneficiary,beneficiary_exposures,106173,1.0,confirmed,"{""party_name"": ""제쿠먼인베스트먼트""}"
beneficiary:beneficiary_젠스타메이트,beneficiary,beneficiary_젠스타메이트,젠스타메이트,beneficiary,beneficiary_exposures,105525,1.0,confirmed,"{""party_name"": ""젠스타메이트""}"
beneficiary:beneficiary_주택도시보증공사_주택도시기금,beneficiary,beneficiary_주택도시보증공사_주택도시기금,주택도시보증공사(주택도시기금),beneficiary,beneficiary_exposures,105268,1.0,confirmed,"{""party_name"": ""주택도시보증공사(주택도시기금)""}"
beneficiary:beneficiary_중소기업은행,beneficiary,beneficiary_중소기업은행,중소기업은행,beneficiary,beneficiary_exposures,106123,1.0,confirmed,"{""party_name"": ""중소기업은행""}"
beneficiary:beneficiary_중소기업중앙회,beneficiary,beneficiary_중소기업중앙회,중소기업중앙회,beneficiary,beneficiary_exposures,105343,1.0,confirmed,"{""party_name"": ""중소기업중앙회""}"
beneficiary:beneficiary_지에스건설,beneficiary,beneficiary_지에스건설,지에스건설,beneficiary,beneficiary_exposures,105741,1.0,confirmed,"{""party_name"": ""지에스건설""}"
beneficiary:beneficiary_지에스리테일,beneficiary,beneficiary_지에스리테일,지에스리테일,beneficiary,beneficiary_exposures,105297,1.0,confirmed,"{""party_name"": ""지에스리테일""}"
beneficiary:beneficiary_지에프인베스트먼트,beneficiary,beneficiary_지에프인베스트먼트,지에프인베스트먼트,beneficiary,beneficiary_exposures,106204,1.0,confirmed,"{""party_name"": ""지에프인베스트먼트""}"
beneficiary:beneficiary_지엠더원,beneficiary,beneficiary_지엠더원,지엠더원,beneficiary,beneficiary_exposures,105618,1.0,confirmed,"{""party_name"": ""지엠더원""}"
beneficiary:beneficiary_지티에이,beneficiary,beneficiary_지티에이,지티에이,beneficiary,beneficiary_exposures,105707,1.0,confirmed,"{""party_name"": ""지티에이""}"
beneficiary:beneficiary_진흥기업,beneficiary,beneficiary_진흥기업,진흥기업,beneficiary,beneficiary_exposures,106277,1.0,confirmed,"{""party_name"": ""진흥기업""}"
beneficiary:beneficiary_천호스테이션하우징_pfv,beneficiary,beneficiary_천호스테이션하우징_pfv,천호스테이션하우징(PFV),beneficiary,beneficiary_exposures,106278,1.0,confirmed,"{""party_name"": ""천호스테이션하우징(PFV)""}"
beneficiary:beneficiary_캡스톤일반사모부동산투자신탁35호_전문,beneficiary,beneficiary_캡스톤일반사모부동산투자신탁35호_전문,캡스톤일반사모부동산투자신탁35호(전문),beneficiary,beneficiary_exposures,105506,1.0,confirmed,"{""party_name"": ""캡스톤일반사모부동산투자신탁35호(전문)""}"
beneficiary:beneficiary_케이디비생명보험,beneficiary,beneficiary_케이디비생명보험,케이디비생명보험,beneficiary,beneficiary_exposures,105261,1.0,confirmed,"{""party_name"": ""케이디비생명보험""}"
beneficiary:beneficiary_케이리츠투자운용,beneficiary,beneficiary_케이리츠투자운용,케이리츠투자운용,beneficiary,beneficiary_exposures,105971,1.0,confirmed,"{""party_name"": ""케이리츠투자운용""}"
beneficiary:beneficiary_케이비라이프생명보험,beneficiary,beneficiary_케이비라이프생명보험,케이비라이프생명보험,beneficiary,beneficiary_exposures,105847,1.0,confirmed,"{""party_name"": ""케이비라이프생명보험""}"
beneficiary:beneficiary_케이비라이프생명보험_구_푸르덴셜생명보험,beneficiary,beneficiary_케이비라이프생명보험_구_푸르덴셜생명보험,케이비라이프생명보험(구 푸르덴셜생명보험),beneficiary,beneficiary_exposures,105710,1.0,confirmed,"{""party_name"": ""케이비라이프생명보험(구 푸르덴셜생명보험)""}"
beneficiary:beneficiary_케이비생명보험,beneficiary,beneficiary_케이비생명보험,케이비생명보험,beneficiary,beneficiary_exposures,105250,1.0,confirmed,"{""party_name"": ""케이비생명보험""}"
beneficiary:beneficiary_케이비손해보험,beneficiary,beneficiary_케이비손해보험,케이비손해보험,beneficiary,beneficiary_exposures,105229,1.0,confirmed,"{""party_name"": ""케이비손해보험""}"
beneficiary:beneficiary_케이비저축은행,beneficiary,beneficiary_케이비저축은행,케이비저축은행,beneficiary,beneficiary_exposures,105768,1.0,confirmed,"{""party_name"": ""케이비저축은행""}"
beneficiary:beneficiary_케이비증권,beneficiary,beneficiary_케이비증권,케이비증권,beneficiary,beneficiary_exposures,105311,1.0,confirmed,"{""party_name"": ""케이비증권""}"
beneficiary:beneficiary_케이비캐피탈,beneficiary,beneficiary_케이비캐피탈,케이비캐피탈,beneficiary,beneficiary_exposures,105853,1.0,confirmed,"{""party_name"": ""케이비캐피탈""}"
beneficiary:beneficiary_케이앤비개발,beneficiary,beneficiary_케이앤비개발,케이앤비개발,beneficiary,beneficiary_exposures,106269,1.0,confirmed,"{""party_name"": ""케이앤비개발""}"
beneficiary:beneficiary_케이티앤지,beneficiary,beneficiary_케이티앤지,케이티앤지,beneficiary,beneficiary_exposures,105519,1.0,confirmed,"{""party_name"": ""케이티앤지""}"
beneficiary:beneficiary_케이티에스테이트,beneficiary,beneficiary_케이티에스테이트,케이티에스테이트,beneficiary,beneficiary_exposures,105553,1.0,confirmed,"{""party_name"": ""케이티에스테이트""}"
beneficiary:beneficiary_켄달스퀘어자산운용,beneficiary,beneficiary_켄달스퀘어자산운용,켄달스퀘어자산운용,beneficiary,beneficiary_exposures,105434,1.0,confirmed,"{""party_name"": ""켄달스퀘어자산운용""}"
beneficiary:beneficiary_코리아신탁,beneficiary,beneficiary_코리아신탁,코리아신탁,beneficiary,beneficiary_exposures,106221,1.0,confirmed,"{""party_name"": ""코리아신탁""}"
beneficiary:beneficiary_코리안리재보험,beneficiary,beneficiary_코리안리재보험,코리안리재보험,beneficiary,beneficiary_exposures,105377,1.0,confirmed,"{""party_name"": ""코리안리재보험""}"
beneficiary:beneficiary_코어플랫폼1호_blind,beneficiary,beneficiary_코어플랫폼1호_blind,코어플랫폼1호(Blind),beneficiary,beneficiary_exposures,105303,1.0,confirmed,"{""party_name"": ""코어플랫폼1호(Blind)""}"
beneficiary:beneficiary_쿠거인더주피에프브이_pfv,beneficiary,beneficiary_쿠거인더주피에프브이_pfv,쿠거인더주피에프브이(PFV),beneficiary,beneficiary_exposures,105877,1.0,confirmed,"{""party_name"": ""쿠거인더주피에프브이(PFV)""}"
beneficiary:beneficiary_쿠팡,beneficiary,beneficiary_쿠팡,쿠팡,beneficiary,beneficiary_exposures,105951,1.0,confirmed,"{""party_name"": ""쿠팡""}"
beneficiary:beneficiary_쿠팡로지스틱스,beneficiary,beneficiary_쿠팡로지스틱스,쿠팡로지스틱스,beneficiary,beneficiary_exposures,105952,1.0,confirmed,"{""party_name"": ""쿠팡로지스틱스""}"
beneficiary:beneficiary_키움저축은행,beneficiary,beneficiary_키움저축은행,키움저축은행,beneficiary,beneficiary_exposures,106097,1.0,confirmed,"{""party_name"": ""키움저축은행""}"
beneficiary:beneficiary_키움증권,beneficiary,beneficiary_키움증권,키움증권,beneficiary,beneficiary_exposures,105333,1.0,confirmed,"{""party_name"": ""키움증권""}"
beneficiary:beneficiary_키움투자자산운용,beneficiary,beneficiary_키움투자자산운용,키움투자자산운용,beneficiary,beneficiary_exposures,106009,1.0,confirmed,"{""party_name"": ""키움투자자산운용""}"
beneficiary:beneficiary_키웨스트글로벌자산운용,beneficiary,beneficiary_키웨스트글로벌자산운용,키웨스트글로벌자산운용,beneficiary,beneficiary_exposures,105836,1.0,confirmed,"{""party_name"": ""키웨스트글로벌자산운용""}"
beneficiary:beneficiary_태영건설,beneficiary,beneficiary_태영건설,태영건설,beneficiary,beneficiary_exposures,105507,1.0,confirmed,"{""party_name"": ""태영건설""}"
beneficiary:beneficiary_태재홀딩스,beneficiary,beneficiary_태재홀딩스,태재홀딩스,beneficiary,beneficiary_exposures,106052,1.0,confirmed,"{""party_name"": ""태재홀딩스""}"
beneficiary:beneficiary_투자자1,beneficiary,beneficiary_투자자1,투자자1,beneficiary,beneficiary_exposures,105545,1.0,confirmed,"{""party_name"": ""투자자1""}"
beneficiary:beneficiary_판교엠버제일차,beneficiary,beneficiary_판교엠버제일차,판교엠버제일차,beneficiary,beneficiary_exposures,105564,1.0,confirmed,"{""party_name"": ""판교엠버제일차""}"
beneficiary:beneficiary_퍼시픽제33호전문사모부동산투자유한회사,beneficiary,beneficiary_퍼시픽제33호전문사모부동산투자유한회사,퍼시픽제33호전문사모부동산투자유한회사,beneficiary,beneficiary_exposures,105196,1.0,confirmed,"{""party_name"": ""퍼시픽제33호전문사모부동산투자유한회사""}"
beneficiary:beneficiary_펜토건설,beneficiary,beneficiary_펜토건설,펜토건설,beneficiary,beneficiary_exposures,105408,1.0,confirmed,"{""party_name"": ""펜토건설""}"
beneficiary:beneficiary_평택저축은행,beneficiary,beneficiary_평택저축은행,평택저축은행,beneficiary,beneficiary_exposures,106098,1.0,confirmed,"{""party_name"": ""평택저축은행""}"
beneficiary:beneficiary_푸른인베스트먼트,beneficiary,beneficiary_푸른인베스트먼트,푸른인베스트먼트,beneficiary,beneficiary_exposures,106090,1.0,confirmed,"{""party_name"": ""푸른인베스트먼트""}"
beneficiary:beneficiary_푸른저축은행,beneficiary,beneficiary_푸른저축은행,푸른저축은행,beneficiary,beneficiary_exposures,105823,1.0,confirmed,"{""party_name"": ""푸른저축은행""}"
beneficiary:beneficiary_피벗플러스,beneficiary,beneficiary_피벗플러스,피벗플러스,beneficiary,beneficiary_exposures,105708,1.0,confirmed,"{""party_name"": ""피벗플러스""}"
beneficiary:beneficiary_피에스텍,beneficiary,beneficiary_피에스텍,피에스텍,beneficiary,beneficiary_exposures,105694,1.0,confirmed,"{""party_name"": ""피에스텍""}"
beneficiary:beneficiary_핀포인트,beneficiary,beneficiary_핀포인트,핀포인트,beneficiary,beneficiary_exposures,105271,1.0,confirmed,"{""party_name"": ""핀포인트""}"
beneficiary:beneficiary_하나레지던스2호,beneficiary,beneficiary_하나레지던스2호,하나레지던스2호,beneficiary,beneficiary_exposures,105634,1.0,confirmed,"{""party_name"": ""하나레지던스2호""}"
beneficiary:beneficiary_하나생명보험,beneficiary,beneficiary_하나생명보험,하나생명보험,beneficiary,beneficiary_exposures,105230,1.0,confirmed,"{""party_name"": ""하나생명보험""}"
beneficiary:beneficiary_하나손해보험,beneficiary,beneficiary_하나손해보험,하나손해보험,beneficiary,beneficiary_exposures,105277,1.0,confirmed,"{""party_name"": ""하나손해보험""}"
beneficiary:beneficiary_하나은행,beneficiary,beneficiary_하나은행,하나은행,beneficiary,beneficiary_exposures,106053,1.0,confirmed,"{""party_name"": ""하나은행""}"
beneficiary:beneficiary_하나증권,beneficiary,beneficiary_하나증권,하나증권,beneficiary,beneficiary_exposures,105381,1.0,confirmed,"{""party_name"": ""하나증권""}"
beneficiary:beneficiary_하나캐피탈,beneficiary,beneficiary_하나캐피탈,하나캐피탈,beneficiary,beneficiary_exposures,105416,1.0,confirmed,"{""party_name"": ""하나캐피탈""}"
beneficiary:beneficiary_하우징플랫폼_blind,beneficiary,beneficiary_하우징플랫폼_blind,하우징플랫폼(Blind),beneficiary,beneficiary_exposures,106195,1.0,confirmed,"{""party_name"": ""하우징플랫폼(Blind)""}"
beneficiary:beneficiary_하인즈코리아투자자문,beneficiary,beneficiary_하인즈코리아투자자문,하인즈코리아투자자문,beneficiary,beneficiary_exposures,105965,1.0,confirmed,"{""party_name"": ""하인즈코리아투자자문""}"
beneficiary:beneficiary_한국교직원공제회,beneficiary,beneficiary_한국교직원공제회,한국교직원공제회,beneficiary,beneficiary_exposures,105217,1.0,confirmed,"{""party_name"": ""한국교직원공제회""}"
beneficiary:beneficiary_한국부동산에스앤디,beneficiary,beneficiary_한국부동산에스앤디,한국부동산에스앤디,beneficiary,beneficiary_exposures,106196,1.0,confirmed,"{""party_name"": ""한국부동산에스앤디""}"
beneficiary:beneficiary_한국산업단지공단,beneficiary,beneficiary_한국산업단지공단,한국산업단지공단,beneficiary,beneficiary_exposures,105926,1.0,confirmed,"{""party_name"": ""한국산업단지공단""}"
beneficiary:beneficiary_한국자산관리공사,beneficiary,beneficiary_한국자산관리공사,한국자산관리공사,beneficiary,beneficiary_exposures,105526,1.0,confirmed,"{""party_name"": ""한국자산관리공사""}"
beneficiary:beneficiary_한국자산신탁,beneficiary,beneficiary_한국자산신탁,한국자산신탁,beneficiary,beneficiary_exposures,105718,1.0,confirmed,"{""party_name"": ""한국자산신탁""}"
beneficiary:beneficiary_한국지방재정공제회,beneficiary,beneficiary_한국지방재정공제회,한국지방재정공제회,beneficiary,beneficiary_exposures,105185,1.0,confirmed,"{""party_name"": ""한국지방재정공제회""}"
beneficiary:beneficiary_한국투자부동산신탁,beneficiary,beneficiary_한국투자부동산신탁,한국투자부동산신탁,beneficiary,beneficiary_exposures,105662,1.0,confirmed,"{""party_name"": ""한국투자부동산신탁""}"
beneficiary:beneficiary_한국투자증권,beneficiary,beneficiary_한국투자증권,한국투자증권,beneficiary,beneficiary_exposures,105200,1.0,confirmed,"{""party_name"": ""한국투자증권""}"
beneficiary:beneficiary_한국파마,beneficiary,beneficiary_한국파마,한국파마,beneficiary,beneficiary_exposures,105695,1.0,confirmed,"{""party_name"": ""한국파마""}"
beneficiary:beneficiary_한국해양진흥공사,beneficiary,beneficiary_한국해양진흥공사,한국해양진흥공사,beneficiary,beneficiary_exposures,105799,1.0,confirmed,"{""party_name"": ""한국해양진흥공사""}"
beneficiary:beneficiary_한림개발,beneficiary,beneficiary_한림개발,한림개발,beneficiary,beneficiary_exposures,105598,1.0,confirmed,"{""party_name"": ""한림개발""}"
beneficiary:beneficiary_한미글로벌건축사사무소,beneficiary,beneficiary_한미글로벌건축사사무소,한미글로벌건축사사무소,beneficiary,beneficiary_exposures,105663,1.0,confirmed,"{""party_name"": ""한미글로벌건축사사무소""}"
beneficiary:beneficiary_한성저축은행,beneficiary,beneficiary_한성저축은행,한성저축은행,beneficiary,beneficiary_exposures,106063,1.0,confirmed,"{""party_name"": ""한성저축은행""}"
beneficiary:beneficiary_한중건설,beneficiary,beneficiary_한중건설,한중건설,beneficiary,beneficiary_exposures,105679,1.0,confirmed,"{""party_name"": ""한중건설""}"
beneficiary:beneficiary_한화,beneficiary,beneficiary_한화,한화,beneficiary,beneficiary_exposures,106125,1.0,confirmed,"{""party_name"": ""한화""}"
beneficiary:beneficiary_한화생명보험,beneficiary,beneficiary_한화생명보험,한화생명보험,beneficiary,beneficiary_exposures,105206,1.0,confirmed,"{""party_name"": ""한화생명보험""}"
beneficiary:beneficiary_한화손해보험,beneficiary,beneficiary_한화손해보험,한화손해보험,beneficiary,beneficiary_exposures,105644,1.0,confirmed,"{""party_name"": ""한화손해보험""}"
beneficiary:beneficiary_한화저축은행,beneficiary,beneficiary_한화저축은행,한화저축은행,beneficiary,beneficiary_exposures,105769,1.0,confirmed,"{""party_name"": ""한화저축은행""}"
beneficiary:beneficiary_한화투자증권,beneficiary,beneficiary_한화투자증권,한화투자증권,beneficiary,beneficiary_exposures,105312,1.0,confirmed,"{""party_name"": ""한화투자증권""}"
beneficiary:beneficiary_한화호텔앤드리조트,beneficiary,beneficiary_한화호텔앤드리조트,한화호텔앤드리조트,beneficiary,beneficiary_exposures,105878,1.0,confirmed,"{""party_name"": ""한화호텔앤드리조트""}"
beneficiary:beneficiary_해비치호텔앤드리조트,beneficiary,beneficiary_해비치호텔앤드리조트,해비치호텔앤드리조트,beneficiary,beneficiary_exposures,105246,1.0,confirmed,"{""party_name"": ""해비치호텔앤드리조트""}"
beneficiary:beneficiary_헤리티지자산운용,beneficiary,beneficiary_헤리티지자산운용,헤리티지자산운용,beneficiary,beneficiary_exposures,106216,1.0,confirmed,"{""party_name"": ""헤리티지자산운용""}"
beneficiary:beneficiary_현대건설,beneficiary,beneficiary_현대건설,현대건설,beneficiary,beneficiary_exposures,106233,1.0,confirmed,"{""party_name"": ""현대건설""}"
beneficiary:beneficiary_현대인베스트먼트자산운용_1호_펀드,beneficiary,beneficiary_현대인베스트먼트자산운용_1호_펀드,현대인베스트먼트자산운용㈜ 1호 펀드,beneficiary,beneficiary_exposures,105243,1.0,confirmed,"{""party_name"": ""현대인베스트먼트자산운용㈜ 1호 펀드""}"
beneficiary:beneficiary_현대차정몽구재단,beneficiary,beneficiary_현대차정몽구재단,현대차정몽구재단,beneficiary,beneficiary_exposures,105234,1.0,confirmed,"{""party_name"": ""현대차정몽구재단""}"
beneficiary:beneficiary_현대차증권,beneficiary,beneficiary_현대차증권,현대차증권,beneficiary,beneficiary_exposures,105235,1.0,confirmed,"{""party_name"": ""현대차증권""}"
beneficiary:beneficiary_현대카드,beneficiary,beneficiary_현대카드,현대카드,beneficiary,beneficiary_exposures,105886,1.0,confirmed,"{""party_name"": ""현대카드""}"
beneficiary:beneficiary_현대캐피탈,beneficiary,beneficiary_현대캐피탈,현대캐피탈,beneficiary,beneficiary_exposures,105680,1.0,confirmed,"{""party_name"": ""현대캐피탈""}"
beneficiary:beneficiary_현대커머셜,beneficiary,beneficiary_현대커머셜,현대커머셜,beneficiary,beneficiary_exposures,105645,1.0,confirmed,"{""party_name"": ""현대커머셜""}"
beneficiary:beneficiary_현대해상화재보험,beneficiary,beneficiary_현대해상화재보험,현대해상화재보험,beneficiary,beneficiary_exposures,105251,1.0,confirmed,"{""party_name"": ""현대해상화재보험""}"
beneficiary:beneficiary_호텔롯데,beneficiary,beneficiary_호텔롯데,호텔롯데,beneficiary,beneficiary_exposures,106134,1.0,confirmed,"{""party_name"": ""호텔롯데""}"
beneficiary:beneficiary_휴온스글로벌,beneficiary,beneficiary_휴온스글로벌,휴온스글로벌,beneficiary,beneficiary_exposures,106126,1.0,confirmed,"{""party_name"": ""휴온스글로벌""}"
beneficiary:beneficiary_흥국생명보험,beneficiary,beneficiary_흥국생명보험,흥국생명보험,beneficiary,beneficiary_exposures,105664,1.0,confirmed,"{""party_name"": ""흥국생명보험""}"
beneficiary:beneficiary_흥국화재해상보험,beneficiary,beneficiary_흥국화재해상보험,흥국화재해상보험,beneficiary,beneficiary_exposures,105372,1.0,confirmed,"{""party_name"": ""흥국화재해상보험""}"
fund:112001,fund,112001,1호,이지스전문투자형사모부동산투자신탁1호 | 청산 | 리테일,v_funds_enriched,112001,1.0,confirmed,{}
fund:112002,fund,112002,8호,피에스KORIF사모부동산투자신탁8호 | 청산 | 리테일,v_funds_enriched,112002,1.0,confirmed,{}
fund:112003,fund,112003,2호,피에스KORIF사모부동산투자신탁2호 | 청산 | 오피스,v_funds_enriched,112003,1.0,confirmed,{}
fund:112004,fund,112004,5호,피에스KORIF사모부동산투자신탁5호 | 청산 | 리테일,v_funds_enriched,112004,1.0,confirmed,{}
fund:112005,fund,112005,6호,이지스전문투자형사모부동산투자신탁6호 | 운용 | 오피스,v_funds_enriched,112005,1.0,confirmed,{}
fund:112006,fund,112006,7호,이지스일반사모부동산투자신탁7호 | 운용 | 리테일,v_funds_enriched,112006,1.0,confirmed,{}
fund:112007,fund,112007,12호,이지스KORIF사모부동산 투자신탁12호 | 청산 | 리테일,v_funds_enriched,112007,1.0,confirmed,{}
fund:112008,fund,112008,13호,이지스일반사모부동산투자신탁13호(운용) | 운용 | 리테일,v_funds_enriched,112008,1.0,confirmed,{}
fund:112009,fund,112009,11-1호,이지스KORIF사모부동산 투자신탁 11-1호 | 청산 | 오피스,v_funds_enriched,112009,1.0,confirmed,{}
fund:112010,fund,112010,11-2호,이지스KORIF사모부동산 투자신탁 11-2호 | 청산 | 오피스,v_funds_enriched,112010,1.0,confirmed,{}
fund:112011,fund,112011,14호,이지스일반사모부동산투자신탁14호 | 운용 | 호텔,v_funds_enriched,112011,1.0,confirmed,{}
fund:112012,fund,112012,16호,이지스KORIF사모부동산투자신탁16호 | 운용 | 오피스,v_funds_enriched,112012,1.0,confirmed,{}
fund:112013,fund,112013,18B호,이지스KORIF사모부동산자투자신탁18B호 | 청산 | 지분증권,v_funds_enriched,112013,1.0,confirmed,{}
fund:112014,fund,112014,18-2호,이지스KORIF사모부동산모투자신탁18-2호 | 청산 | 오피스,v_funds_enriched,112014,1.0,confirmed,{}
fund:112015,fund,112015,18A호,이지스일반사모부동산자투자신탁18A호(운용) | 운용 | 지분증권,v_funds_enriched,112015,1.0,confirmed,{}
fund:112016,fund,112016,18-1호,이지스일반사모부동산모투자신탁18-1호 | 운용 | 오피스,v_funds_enriched,112016,1.0,confirmed,{}
fund:112017,fund,112017,10호,이지스KORIF일반사모부동산투자신탁10호 | 운용 | 복합(오피스),v_funds_enriched,112017,1.0,confirmed,{}
fund:112018,fund,112018,19호,이지스KORIF사모부동산투자신탁19호 | 운용 | 리테일,v_funds_enriched,112018,1.0,confirmed,{}
fund:112019,fund,112019,17-1호,이지스KORIF사모부동산투자신탁17-1호 | 청산 | 오피스,v_funds_enriched,112019,1.0,confirmed,{}
fund:112020,fund,112020,17-2호,이지스KORIF사모부동산투자신탁17-2호 | 청산 | 오피스,v_funds_enriched,112020,1.0,confirmed,{}
fund:112021,fund,112021,17-3호,이지스KORIF사모부동산투자신탁17-3호 | 청산 | 오피스,v_funds_enriched,112021,1.0,confirmed,{}
fund:112022,fund,112022,17-4호,이지스KORIF사모부동산투자신탁17-4호 | 청산 | 오피스,v_funds_enriched,112022,1.0,confirmed,{}
fund:112024,fund,112024,25호,이지스일반사모부동산투자신탁25호(운용) | 운용 | 오피스,v_funds_enriched,112024,1.0,confirmed,{}
fund:112025,fund,112025,22호,이지스 KORIF 사모부동산투자신탁 22호 | 청산 | 오피스,v_funds_enriched,112025,1.0,confirmed,{}
fund:112026,fund,112026,20-1호,이지스해외간접RES사모부동산투자신탁제20-1호 | 운용 | 복합(오피스),v_funds_enriched,112026,1.0,confirmed,{}
fund:112027,fund,112027,23호,이지스타이탄사모부동산투자신탁23호 | 청산,v_funds_enriched,112027,1.0,confirmed,{}
fund:112028,fund,112028,24호,이지스사모부동산투자신탁24호 | 청산 | 복합(호텔),v_funds_enriched,112028,1.0,confirmed,{}
fund:112029,fund,112029,28호,이지스엔지제28호사모부동산투자유한회사 | 운용 | 오피스,v_funds_enriched,112029,1.0,confirmed,{}
fund:112030,fund,112030,20-2호,이지스해외간접RES사모부동산투자신탁제20-2호 | 운용 | 복합(오피스),v_funds_enriched,112030,1.0,confirmed,{}
fund:112031,fund,112031,31호,이지스사모부동산투자신탁31호 | 청산,v_funds_enriched,112031,1.0,confirmed,{}
fund:112032,fund,112032,20-3호,이지스해외간접RES사모부동산투자신탁제20-3호 | 운용 | 복합(오피스),v_funds_enriched,112032,1.0,confirmed,{}
fund:112033,fund,112033,32호,이지스티디에이치제32호사모부동산투자유한회사 | 운용 | 복합(호텔),v_funds_enriched,112033,1.0,confirmed,{}
fund:112034,fund,112034,33호,이지스일반사모부동산투자신탁33호(운용) | 운용 | 호텔,v_funds_enriched,112034,1.0,confirmed,{}
fund:112035,fund,112035,37-1호,이지스글로벌사모부동산투자신탁37-1호 | 운용 | 오피스,v_funds_enriched,112035,1.0,confirmed,{}
fund:112036,fund,112036,37-2호,이지스글로벌사모부동산투자신탁37-2호 | 운용 | 오피스,v_funds_enriched,112036,1.0,confirmed,{}
fund:112037,fund,112037,30호,이지스복합쇼핑몰사모부동산투자신탁30호 | 운용 | 리테일,v_funds_enriched,112037,1.0,confirmed,{}
fund:112038,fund,112038,35호,이지스사모부동산투자신탁35호 | 운용 | 오피스,v_funds_enriched,112038,1.0,confirmed,{}
fund:112039,fund,112039,42호,이지스일반사모부동산투자신탁42호(운용) | 운용 | 오피스,v_funds_enriched,112039,1.0,confirmed,{}
fund:112040,fund,112040,45호,이지스KORIF45호 | 미설정,v_funds_enriched,112040,1.0,confirmed,{}
fund:112041,fund,112041,40호,이지스해외간접ELP사모부동산투자신탁제40호 | 청산 | 물류,v_funds_enriched,112041,1.0,confirmed,{}
fund:112042,fund,112042,43호,이지스일반사모부동산모투자신탁43호 | 청산 | 호텔,v_funds_enriched,112042,1.0,confirmed,{}
fund:112043,fund,112043,43-1호,이지스사모부동산자투자신탁43-1호 | 청산 | 호텔,v_funds_enriched,112043,1.0,confirmed,{}
fund:112044,fund,112044,43-2호,이지스사모부동산자투자신탁43-2호 | 청산 | 호텔,v_funds_enriched,112044,1.0,confirmed,{}
fund:112045,fund,112045,26호,이지스사모부동산투자신탁26호 | 청산 | 오피스,v_funds_enriched,112045,1.0,confirmed,{}
fund:112046,fund,112046,15호,이지스프랑스오피스사모부동산투자신탁제15호 | 청산 | 오피스,v_funds_enriched,112046,1.0,confirmed,{}
fund:112047,fund,112047,48호,이지스사모부동산투자신탁48호 | 청산 | 리테일,v_funds_enriched,112047,1.0,confirmed,{}
fund:112048,fund,112048,47호,이지스일반사모부동산투자신탁47호(운용) | 운용 | 호텔,v_funds_enriched,112048,1.0,confirmed,{}
fund:112049,fund,112049,50호,이지스글로벌일반사모부동산투자신탁50호 | 운용 | 오피스,v_funds_enriched,112049,1.0,confirmed,{}
fund:112050,fund,112050,46호,이지스해외간접PTELF사모부동산투자신탁제46호 | 청산 | 물류,v_funds_enriched,112050,1.0,confirmed,{}
fund:112051,fund,112051,52호,이지스유럽재간접사모부동산투자신탁제52호 | 운용 | 복합(오피스),v_funds_enriched,112051,1.0,confirmed,{}
fund:112052,fund,112052,49호,이지스사모부동산투자신탁49호 | 청산 | 오피스,v_funds_enriched,112052,1.0,confirmed,{}
fund:112053,fund,112053,54호,이지스사모부동산투자신탁54호 | 청산 | 주거,v_funds_enriched,112053,1.0,confirmed,{}
fund:112054,fund,112054,55호,이지스리테일제55호사모부동산투자유한회사 | 청산 | 리테일,v_funds_enriched,112054,1.0,confirmed,{}
fund:112055,fund,112055,59호,이지스일반사모부동산투자신탁59호 | 청산 | 오피스,v_funds_enriched,112055,1.0,confirmed,{}
fund:112056,fund,112056,64호,이지스사모부동산투자신탁64호 | 청산 | 리테일,v_funds_enriched,112056,1.0,confirmed,{}
fund:112057,fund,112057,21호,이지스해외간접DCVR사모부동산투자신탁21호 | 운용 | 오피스,v_funds_enriched,112057,1.0,confirmed,{}
fund:112058,fund,112058,56호,이지스글로벌사모부동산투자신탁56호 | 운용 | 복합(오피스),v_funds_enriched,112058,1.0,confirmed,{}
fund:112059,fund,112059,61호,이지스일반사모부동산투자신탁61호 | 청산 | 오피스,v_funds_enriched,112059,1.0,confirmed,{}
fund:112060,fund,112060,66호,이지스KORIF66호 | 미설정,v_funds_enriched,112060,1.0,confirmed,{}
fund:112061,fund,112061,67호,이지스제67호사모부동산투자유한회사 | 청산,v_funds_enriched,112061,1.0,confirmed,{}
fund:112062,fund,112062,63호,이지스KORIF63호 | 미설정,v_funds_enriched,112062,1.0,confirmed,{}
fund:112063,fund,112063,70호,이지스글로벌일반사모부동산투자신탁70호 | 청산 | 오피스,v_funds_enriched,112063,1.0,confirmed,{}
fund:112064,fund,112064,79호,이지스전문투자형사모부동산투자신탁79호 | 운용 | 리테일,v_funds_enriched,112064,1.0,confirmed,{}
fund:112065,fund,112065,75호,이지스글로벌일반사모부동산투자신탁75호 | 청산 | 대출채권,v_funds_enriched,112065,1.0,confirmed,{}
fund:112066,fund,112066,77호,이지스전문투자형사모부동산투자신탁77호 | 청산 | 물류,v_funds_enriched,112066,1.0,confirmed,{}
fund:112067,fund,112067,72호,이지스일반사모부동산투자신탁72호(운용) | 운용 | 호텔,v_funds_enriched,112067,1.0,confirmed,{}
fund:112068,fund,112068,60-1호,이지스글로벌일반사모부동산투자신탁60-1호 | 운용 | 오피스,v_funds_enriched,112068,1.0,confirmed,{}
fund:112069,fund,112069,60-2호,이지스글로벌일반사모부동산투자신탁60-2호 | 운용 | 오피스,v_funds_enriched,112069,1.0,confirmed,{}
fund:112070,fund,112070,80호,이지스제80호사모부동산투자유한회사 | 청산,v_funds_enriched,112070,1.0,confirmed,{}
fund:112071,fund,112071,81호,이지스제81호사모부동산투자유한회사 | 청산 | 오피스,v_funds_enriched,112071,1.0,confirmed,{}
fund:112072,fund,112072,73호,이지스영국전문투자형사모부동산투자신탁73호 | 청산 | 복합(오피스),v_funds_enriched,112072,1.0,confirmed,{}
fund:112073,fund,112073,78호,이지스글로벌전문투자형사모부동산투자신탁78호 | 청산 | 오피스,v_funds_enriched,112073,1.0,confirmed,{}
fund:112074,fund,112074,57호,이지스유럽일반사모부동산투자신탁57호 (재간접형) | 운용 | 복합(오피스),v_funds_enriched,112074,1.0,confirmed,{}
fund:112075,fund,112075,85호,이지스일반사모부동산투자신탁85호 | 청산 | 리테일,v_funds_enriched,112075,1.0,confirmed,{}
fund:112076,fund,112076,84호,이지스글로벌전문투자형사모부동산투자신탁84호 | 청산 | 복합(오피스),v_funds_enriched,112076,1.0,confirmed,{}
fund:112077,fund,112077,83호,이지스미국일반사모부동산투자신탁83호 | 운용 | 오피스,v_funds_enriched,112077,1.0,confirmed,{}
fund:112078,fund,112078,86호,이지스전문투자형사모부동산투자신탁86호 | 청산 | 오피스,v_funds_enriched,112078,1.0,confirmed,{}
fund:112079,fund,112079,99호,이지스KORIF99호 | 미설정,v_funds_enriched,112079,1.0,confirmed,{}
fund:112080,fund,112080,92호,이지스제92호사모부동산투자유한회사 | 운용 | 리테일,v_funds_enriched,112080,1.0,confirmed,{}
fund:112081,fund,112081,102호,이지스E코크렙6호전문투자형사모투자신탁102호 | 청산 | 리테일,v_funds_enriched,112081,1.0,confirmed,{}
fund:112082,fund,112082,NPL1호,이지스NPL일반사모부동산투자신탁1호 | 청산 | NPL,v_funds_enriched,112082,1.0,confirmed,{}
fund:112083,fund,112083,95-1호,이지스전문투자형사모부동산투자신탁제95-1호 | 미설정,v_funds_enriched,112083,1.0,confirmed,{}
fund:112084,fund,112084,95-2호,이지스전문투자형사모부동산투자신탁제95-2호 | 미설정,v_funds_enriched,112084,1.0,confirmed,{}
fund:112085,fund,112085,103호,이지스제103호전문투자형사모부동산투자유한회사 | 운용 | 리테일,v_funds_enriched,112085,1.0,confirmed,{}
fund:112086,fund,112086,90호,이지스제90호전문투자형사모부동산투자유한회사 | 운용 | 오피스,v_funds_enriched,112086,1.0,confirmed,{}
fund:112087,fund,112087,108호,이지스전문사모부동산투자신탁108호 | 미설정,v_funds_enriched,112087,1.0,confirmed,{}
fund:112088,fund,112088,107호,이지스코어오피스제107호공모부동산투자회사 | 미설정,v_funds_enriched,112088,1.0,confirmed,{}
fund:112089,fund,112089,103호(A),이지스제103호전문투자형사모부동산투자유한회사(Class A) | 운용 | 리테일,v_funds_enriched,112089,1.0,confirmed,{}
fund:112090,fund,112090,103호(B),이지스제103호전문투자형사모부동산투자유한회사(Class B) | 운용 | 리테일,v_funds_enriched,112090,1.0,confirmed,{}
fund:112091,fund,112091,96호,이지스전문사모부동산투자신탁96호 | 미설정,v_funds_enriched,112091,1.0,confirmed,{}
fund:112092,fund,112092,98호,이지스미국일반사모부동산모투자신탁98호 | 운용 | 오피스,v_funds_enriched,112092,1.0,confirmed,{}
fund:112093,fund,112093,89호,이지스유럽코어일반사모부동산투자신탁제89호 | 운용 | 복합(오피스),v_funds_enriched,112093,1.0,confirmed,{}
fund:112094,fund,112094,101호,이지스글로벌일반사모부동산투자신탁 101호 | 청산 | 물류,v_funds_enriched,112094,1.0,confirmed,{}
fund:112095,fund,112095,109호,이지스글로벌일반사모부동산모투자신탁109호 | 운용 | 대출채권,v_funds_enriched,112095,1.0,confirmed,{}
fund:112096,fund,112096,104호,이지스제104호전문투자형사모부동산투자유한회사 | 청산 | 오피스,v_funds_enriched,112096,1.0,confirmed,{}
fund:112097,fund,112097,109-1호,이지스글로벌일반사모부동산자투자신탁109-1호 | 운용 | 대출채권,v_funds_enriched,112097,1.0,confirmed,{}
fund:112098,fund,112098,109-2호,이지스글로벌일반사모부동산자투자신탁109-2호 | 운용 | 대출채권,v_funds_enriched,112098,1.0,confirmed,{}
fund:112099,fund,112099,113호,이지스하남미사전문투자형사모부동산투자신탁113호 | 청산 | 주거,v_funds_enriched,112099,1.0,confirmed,{}
fund:112100,fund,112100,87호,이지스일반사모투자신탁87호 | 운용 | 지분증권,v_funds_enriched,112100,1.0,confirmed,{}
fund:112101,fund,112101,100호,이지스일반사모부동산투자신탁100호 | 청산 | 오피스,v_funds_enriched,112101,1.0,confirmed,{}
fund:112102,fund,112102,98-1호,이지스미국일반사모부동산자투자신탁98-1호 | 운용 | 오피스,v_funds_enriched,112102,1.0,confirmed,{}
fund:112103,fund,112103,98-2호,이지스미국일반사모부동산자투자신탁98-2호 | 운용 | 오피스,v_funds_enriched,112103,1.0,confirmed,{}
fund:112104,fund,112104,97호,이지스일반사모부동산투자신탁97호 | 운용 | 오피스,v_funds_enriched,112104,1.0,confirmed,{}
fund:112105,fund,112105,97호(F),이지스전문투자형사모부동산투자신탁97호(Class F) | 미설정 | 오피스,v_funds_enriched,112105,1.0,confirmed,{}
fund:112106,fund,112106,97호(C),이지스전문투자형사모부동산투자신탁97호(Class C) | 미설정 | 오피스,v_funds_enriched,112106,1.0,confirmed,{}
fund:112107,fund,112107,115호,이지스전문투자형사모투자신탁115호(재간접형) | 청산 | 리테일,v_funds_enriched,112107,1.0,confirmed,{}
fund:112108,fund,112108,112호,이지스글로벌전문투자형사모부동산투자신탁112호 | 청산 | 호텔,v_funds_enriched,112108,1.0,confirmed,{}
fund:112109,fund,112109,114호,이지스제114호전문투자형사모부동산투자유한회사 | 운용 | 물류,v_funds_enriched,112109,1.0,confirmed,{}
fund:112110,fund,112110,117호,이지스코어오피스공모부동산투자신탁제117호 | 청산 | 오피스,v_funds_enriched,112110,1.0,confirmed,{}
fund:112111,fund,112111,117호(A),이지스코어오피스공모부동산투자신탁제117호(Class A) | 청산,v_funds_enriched,112111,1.0,confirmed,{}
fund:112112,fund,112112,117호(F),이지스코어오피스공모부동산투자신탁제117호(Class F) | 청산,v_funds_enriched,112112,1.0,confirmed,{}
fund:112113,fund,112113,95호,이지스글로벌전문투자형사모부동산투자신탁95호 | 청산 | 오피스,v_funds_enriched,112113,1.0,confirmed,{}
fund:112114,fund,112114,120호,이지스일반사모부동산투자신탁120호 | 운용 | 지분증권,v_funds_enriched,112114,1.0,confirmed,{}
fund:112115,fund,112115,121호,이지스일반사모부동산투자신탁121호 | 운용 | 대출채권,v_funds_enriched,112115,1.0,confirmed,{}
fund:112116,fund,112116,119호,이지스미국일반사모부동산투자신탁119호 | 청산 | 오피스,v_funds_enriched,112116,1.0,confirmed,{}
fund:112117,fund,112117,118호,이지스전문투자형사모투자신탁118호 | 청산 | 특별자산,v_funds_enriched,112117,1.0,confirmed,{}
fund:112118,fund,112118,124호,이지스전문투자형사모투자신탁124호 | 청산 | 오피스,v_funds_enriched,112118,1.0,confirmed,{}
fund:112119,fund,112119,105호(운용),이지스전문투자형사모부동산투자신탁105호 (운용) | 미설정,v_funds_enriched,112119,1.0,confirmed,{}
fund:112120,fund,112120,105호(A),이지스전문투자형사모부동산투자신탁105호 (Class A) | 미설정,v_funds_enriched,112120,1.0,confirmed,{}
fund:112121,fund,112121,105호(C1),이지스전문투자형사모부동산투자신탁105호 (Class C1) | 미설정,v_funds_enriched,112121,1.0,confirmed,{}
fund:112122,fund,112122,105호(C2),이지스전문투자형사모부동산투자신탁105호 (Class C2) | 미설정,v_funds_enriched,112122,1.0,confirmed,{}
fund:112123,fund,112123,105호(C3),이지스전문투자형사모부동산투자신탁105호 (Class C3) | 미설정,v_funds_enriched,112123,1.0,confirmed,{}
fund:112124,fund,112124,NPL1-1호,이지스NPL전문투자형사모부동산투자신탁1-1호 | 청산 | NPL,v_funds_enriched,112124,1.0,confirmed,{}
fund:112125,fund,112125,46-1호,이지스유럽일반사모부동산투자신탁46-1호 (재간접형) | 청산 | 물류,v_funds_enriched,112125,1.0,confirmed,{}
fund:112126,fund,112126,110호,이지스세운전문투자형사모부동산투자신탁110호 | 청산 | 복합(오피스),v_funds_enriched,112126,1.0,confirmed,{}
fund:112127,fund,112127,116호,이지스일반사모부동산모투자신탁116호 | 운용 | 물류,v_funds_enriched,112127,1.0,confirmed,{}
fund:112128,fund,112128,코어1호,이지스코어플랫폼일반사모부동산자투자신탁제1호 | 운용 | 지분증권,v_funds_enriched,112128,1.0,confirmed,{}
fund:112129,fund,112129,116-2호,이지스일반사모부동산자투자신탁116-2호 | 운용 | 물류,v_funds_enriched,112129,1.0,confirmed,{}
fund:112130,fund,112130,116-3호,이지스일반사모부동산자투자신탁116-3호 | 운용 | 물류,v_funds_enriched,112130,1.0,confirmed,{}
fund:112131,fund,112131,137호,이지스전문투자형사모투자신탁137호(재간접형) | 청산 | 특별자산,v_funds_enriched,112131,1.0,confirmed,{}
fund:112132,fund,112132,126호,이지스코어리테일부동산투자신탁126호 | 운용 | 리테일,v_funds_enriched,112132,1.0,confirmed,{}
fund:112133,fund,112133,126호(A),이지스코어리테일부동산투자신탁126호(Class A) | 운용 | 리테일,v_funds_enriched,112133,1.0,confirmed,{}
fund:112134,fund,112134,126호(C-i),이지스코어리테일부동산투자신탁126호(Class C-i) | 운용 | 리테일,v_funds_enriched,112134,1.0,confirmed,{}
fund:112135,fund,112135,132호,이지스글로벌사모일반재간접대체투자신탁 132호 | 청산 | 특별자산,v_funds_enriched,112135,1.0,confirmed,{}
fund:112136,fund,112136,140호,이지스광명역세권전문투자형사모부동산투자신탁140호 | 청산 | 복합(오피스),v_funds_enriched,112136,1.0,confirmed,{}
fund:112137,fund,112137,73-1호,이지스영국전문투자형사모부동산투자신탁73-1호 | 청산 | 복합(오피스),v_funds_enriched,112137,1.0,confirmed,{}
fund:112138,fund,112138,136호,이지스아시아일반사모부동산투자신탁136호 (재간접형) | 청산 | 복합(오피스),v_funds_enriched,112138,1.0,confirmed,{}
fund:112139,fund,112139,130호,이지스일반사모부동산모투자신탁제130호 | 청산 | 오피스,v_funds_enriched,112139,1.0,confirmed,{}
fund:112140,fund,112140,130-2호,이지스일반사모부동산자투자신탁제130-2호 | 청산 | 오피스,v_funds_enriched,112140,1.0,confirmed,{}
fund:112141,fund,112141,130-3호,이지스일반사모부동산자투자신탁제130-3호 | 청산 | 오피스,v_funds_enriched,112141,1.0,confirmed,{}
fund:112142,fund,112142,134호,이지스전문투자형사모투자신탁134호(태양광1호) | 청산 | 특별자산,v_funds_enriched,112142,1.0,confirmed,{}
fund:112143,fund,112143,106호,이지스랜드마크일반사모부동산투자신탁106호 (재간접형) | 운용 | 복합(오피스),v_funds_enriched,112143,1.0,confirmed,{}
fund:112144,fund,112144,125호,이지스일반사모부동산모투자신탁125호 | 운용 | 오피스,v_funds_enriched,112144,1.0,confirmed,{}
fund:112145,fund,112145,138호,이지스미국전문투자형사모부동산투자신탁 138호 | 미설정,v_funds_enriched,112145,1.0,confirmed,{}
fund:112146,fund,112146,125-2호,이지스일반사모부동산자투자신탁제125-2호 | 운용 | 오피스,v_funds_enriched,112146,1.0,confirmed,{}
fund:112147,fund,112147,129호,이지스글로벌일반사모부동산투자신탁129호(재간접형) | 운용 | 복합(오피스),v_funds_enriched,112147,1.0,confirmed,{}
fund:112148,fund,112148,133호,이지스전문투자형사모부동산투자신탁133호 | 청산 | 호텔,v_funds_enriched,112148,1.0,confirmed,{}
fund:112149,fund,112149,151호(3종),이지스제151호전문투자형사모부동산투자유한회사(3종) | 운용 | 주거,v_funds_enriched,112149,1.0,confirmed,{}
fund:112150,fund,112150,141호,이지스글로벌일반사모부동산투자신탁141호 | 청산 | 리테일,v_funds_enriched,112150,1.0,confirmed,{}
fund:112151,fund,112151,152호,이지스전문투자형사모투자신탁152호(재간접형) | 청산,v_funds_enriched,112151,1.0,confirmed,{}
fund:112152,fund,112152,153호,이지스제153호전문투자형사모부동산투자유한회사 | 청산 | 주거,v_funds_enriched,112152,1.0,confirmed,{}
fund:112153,fund,112153,149호,이지스일반사모부동산투자신탁149호(운용) | 운용 | 리테일,v_funds_enriched,112153,1.0,confirmed,{}
fund:112154,fund,112154,145호,이지스부동산투자신탁145호 | 청산 | 복합(오피스),v_funds_enriched,112154,1.0,confirmed,{}
fund:112155,fund,112155,154호,이지스전문투자형사모투자신탁154호 | 청산 | 리테일,v_funds_enriched,112155,1.0,confirmed,{}
fund:112156,fund,112156,147호,이지스전문투자형사모투자신탁147호 | 미설정,v_funds_enriched,112156,1.0,confirmed,{}
fund:112157,fund,112157,155호,이지스전문투자형사모투자신탁155호(재간접형) | 청산 | 리테일,v_funds_enriched,112157,1.0,confirmed,{}
fund:112158,fund,112158,142호,이지스글로벌일반사모부동산투자신탁142호(재간접형) | 운용 | 기타,v_funds_enriched,112158,1.0,confirmed,{}
fund:112159,fund,112159,SP청주,에스피청주일반사모부동산투자회사 | 운용 | 리테일,v_funds_enriched,112159,1.0,confirmed,{}
fund:112160,fund,112160,156호,이지스일반사모부동산투자신탁156호 | 운용 | 지분증권,v_funds_enriched,112160,1.0,confirmed,{}
fund:112161,fund,112161,157호,이지스전문투자형사모투자신탁157호 | 청산 | 주거,v_funds_enriched,112161,1.0,confirmed,{}
fund:112162,fund,112162,129-1호,이지스글로벌일반사모부동산투자신탁129-1호(재간접형) | 운용 | 복합(오피스),v_funds_enriched,112162,1.0,confirmed,{}
fund:112163,fund,112163,161호,이지스부동산투자신탁161호 | 청산 | 복합(오피스),v_funds_enriched,112163,1.0,confirmed,{}
fund:112164,fund,112164,165호,이지스글로벌일반사모부동산투자신탁165호 | 청산 | 호텔,v_funds_enriched,112164,1.0,confirmed,{}
fund:112165,fund,112165,135호,이지스일반사모부동산투자신탁135호 | 운용 | 복합(호텔),v_funds_enriched,112165,1.0,confirmed,{}
fund:112166,fund,112166,162호(운용),이지스전문투자형사모투자신탁162호(운용) | 청산 | 주거,v_funds_enriched,112166,1.0,confirmed,{}
fund:112167,fund,112167,162호(P),이지스전문투자형사모투자신탁162호(Class P) | 청산,v_funds_enriched,112167,1.0,confirmed,{}
fund:112168,fund,112168,162호(C),이지스전문투자형사모투자신탁162호(Class C) | 청산,v_funds_enriched,112168,1.0,confirmed,{}
fund:112169,fund,112169,151호(1종),이지스제151호전문투자형사모부동산투자유한회사(1종) | 운용 | 주거,v_funds_enriched,112169,1.0,confirmed,{}
fund:112170,fund,112170,148-1호,이지스글로벌일반사모부동산투자신탁148-1호 | 운용 | 오피스,v_funds_enriched,112170,1.0,confirmed,{}
fund:112171,fund,112171,148-2호,이지스글로벌일반사모부동산투자신탁148-2호 | 운용 | 오피스,v_funds_enriched,112171,1.0,confirmed,{}
fund:112172,fund,112172,151호,이지스제151호전문투자형사모부동산투자유한회사(운용) | 운용 | 주거,v_funds_enriched,112172,1.0,confirmed,{}
fund:112173,fund,112173,159호,이지스글로벌일반사모부동산투자신탁 159호 | 운용 | 기타,v_funds_enriched,112173,1.0,confirmed,{}
fund:112174,fund,112174,150호,이지스일반사모글로벌개인신용회복채권특별자산투자신탁150호 | 청산 | 특별자산,v_funds_enriched,112174,1.0,confirmed,{}
fund:112175,fund,112175,166호,이지스임대주택일반사모부동산투자신탁166호(재간접형) | 운용 | 주거,v_funds_enriched,112175,1.0,confirmed,{}
fund:112176,fund,112176,166호(A종),이지스임대주택일반사모부동산투자신탁166호(재간접형) A종 | 운용 | 주거,v_funds_enriched,112176,1.0,confirmed,{}
fund:112177,fund,112177,166호(B종),이지스임대주택전문투자형사모부동산투자신탁166호(재간접형) (B종) | 미설정 | 주거,v_funds_enriched,112177,1.0,confirmed,{}
fund:112178,fund,112178,166호(C종),이지스임대주택전문투자형사모부동산투자신탁166호(재간접형) (C종) | 미설정 | 주거,v_funds_enriched,112178,1.0,confirmed,{}
fund:112179,fund,112179,166호(D종),이지스임대주택전문투자형사모부동산투자신탁166호(재간접형) (D종) | 미설정 | 주거,v_funds_enriched,112179,1.0,confirmed,{}
fund:112180,fund,112180,167호,이지스미국일반사모부동산투자신탁167호 (재간접형) | 운용 | 복합(오피스),v_funds_enriched,112180,1.0,confirmed,{}
fund:112181,fund,112181,151호(2종),이지스제151호전문투자형사모부동산투자유한회사(2종) | 운용 | 주거,v_funds_enriched,112181,1.0,confirmed,{}
fund:112182,fund,112182,58호,이지스영국일반사모부동산투자신탁58호 (재간접형) | 운용 | 복합(오피스),v_funds_enriched,112182,1.0,confirmed,{}
fund:112183,fund,112183,169호,이지스미국일반사모부동산투자신탁169호 | 운용 | 주거,v_funds_enriched,112183,1.0,confirmed,{}
fund:112184,fund,112184,182호,이지스전문투자형사모부동산투자신탁182호 | 청산 | 오피스,v_funds_enriched,112184,1.0,confirmed,{}
fund:112185,fund,112185,144호,이지스전문투자형사모부동산투자신탁144호(운용) | 청산 | 오피스,v_funds_enriched,112185,1.0,confirmed,{}
fund:112186,fund,112186,144호(A),이지스전문투자형사모부동산투자신탁144호(Class A) | 청산,v_funds_enriched,112186,1.0,confirmed,{}
fund:112187,fund,112187,144호(C-i),이지스전문투자형사모부동산투자신탁144호(Class C-i) | 청산,v_funds_enriched,112187,1.0,confirmed,{}
fund:112188,fund,112188,176호,이지스글로벌일반사모부동산투자신탁176호 | 청산 | 주거,v_funds_enriched,112188,1.0,confirmed,{}
fund:112189,fund,112189,183호,이지스전문투자형사모부동산투자신탁183호 | 청산 | 주거,v_funds_enriched,112189,1.0,confirmed,{}
fund:112190,fund,112190,186호,이지스전문투자형사모부동산투자신탁186호 | 청산 | 주거,v_funds_enriched,112190,1.0,confirmed,{}
fund:112191,fund,112191,163호,이지스유럽일반사모부동산모투자신탁163호 | 운용 | 오피스,v_funds_enriched,112191,1.0,confirmed,{}
fund:112192,fund,112192,163-1호,이지스유럽일반사모부동산자투자신탁163-1호 | 운용 | 오피스,v_funds_enriched,112192,1.0,confirmed,{}
fund:112193,fund,112193,163-2호,이지스유럽일반사모부동산자투자신탁163-2호 | 운용 | 오피스,v_funds_enriched,112193,1.0,confirmed,{}
fund:112194,fund,112194,187호,이지스부동산투자신탁187호 | 청산 | 주거,v_funds_enriched,112194,1.0,confirmed,{}
fund:112195,fund,112195,158호,이지스일반사모부동산투자신탁158호 | 청산 | 호텔,v_funds_enriched,112195,1.0,confirmed,{}
fund:112196,fund,112196,184호,이지스전문투자형사모부동산투자신탁184호 | 청산 | 호텔,v_funds_enriched,112196,1.0,confirmed,{}
fund:112197,fund,112197,170호,이지스일반사모부동산모투자신탁제170호 | 청산 | 호텔,v_funds_enriched,112197,1.0,confirmed,{}
fund:112198,fund,112198,170-2호,이지스일반사모부동산자투자신탁제170-2호 | 청산 | 호텔,v_funds_enriched,112198,1.0,confirmed,{}
fund:112199,fund,112199,196호,이지스부동산투자신탁196호 | 청산 | 복합(오피스),v_funds_enriched,112199,1.0,confirmed,{}
fund:112200,fund,112200,190호,이지스미국일반사모부동산투자신탁190호 | 운용 | 주거,v_funds_enriched,112200,1.0,confirmed,{}
fund:112201,fund,112201,150-1호,이지스글로벌일반개인신용회복채권특별자산투자신탁150-1호 | 청산 | 특별자산,v_funds_enriched,112201,1.0,confirmed,{}
fund:112202,fund,112202,203호,이지스전문투자형사모투자신탁203호(재간접형) | 청산 | 호텔,v_funds_enriched,112202,1.0,confirmed,{}
fund:112203,fund,112203,196호(C-p),이지스부동산투자신탁196호(Class C-P) | 청산,v_funds_enriched,112203,1.0,confirmed,{}
fund:112204,fund,112204,196호(A),이지스부동산투자신탁196호(Class A) | 청산,v_funds_enriched,112204,1.0,confirmed,{}
fund:112205,fund,112205,194호,이지스리테일부동산투자신탁194호 | 운용 | 리테일,v_funds_enriched,112205,1.0,confirmed,{}
fund:112206,fund,112206,177호,이지스글로벌일반사모부동산투자신탁177호(재간접형) | 운용 | 주거,v_funds_enriched,112206,1.0,confirmed,{}
fund:112207,fund,112207,208호,이지스전문투자형사모투자신탁208호 | 청산 | 주거,v_funds_enriched,112207,1.0,confirmed,{}
fund:112208,fund,112208,198호,이지스글로벌일반사모부동산투자신탁198호 | 운용 | 복합(호텔),v_funds_enriched,112208,1.0,confirmed,{}
fund:112209,fund,112209,210호,이지스제210호전문투자형사모부동산투자회사(운용) | 운용 | 복합(오피스),v_funds_enriched,112209,1.0,confirmed,{}
fund:112210,fund,112210,210호(1종),이지스제210호전문투자형사모부동산투자회사(1종) | 운용 | 복합(오피스),v_funds_enriched,112210,1.0,confirmed,{}
fund:112211,fund,112211,210호(2종),이지스제210호전문투자형사모부동산투자회사(2종) | 운용 | 복합(오피스),v_funds_enriched,112211,1.0,confirmed,{}
fund:112212,fund,112212,210호(보통),이지스제210호전문투자형사모부동산투자회사(보통) | 운용 | 복합(오피스),v_funds_enriched,112212,1.0,confirmed,{}
fund:112213,fund,112213,197호,이지스전문투자형사모부동산투자신탁197호 | 청산 | 주거,v_funds_enriched,112213,1.0,confirmed,{}
fund:112214,fund,112214,200호,이지스제200호일반사모부동산투자유한회사 | 운용 | 주거,v_funds_enriched,112214,1.0,confirmed,{}
fund:112215,fund,112215,207호,이지스전문투자형사모투자신탁207호(재간접형) | 청산 | 복합(오피스),v_funds_enriched,112215,1.0,confirmed,{}
fund:112216,fund,112216,204호(A),이지스글로벌부동산투자신탁204호 (파생형) Class A | 청산 | 오피스,v_funds_enriched,112216,1.0,confirmed,{}
fund:112217,fund,112217,178호,이지스전문투자형사모부동산투자신탁178호 | 청산 | 오피스,v_funds_enriched,112217,1.0,confirmed,{}
fund:112218,fund,112218,178호(1종),이지스전문투자형사모부동산투자신탁178호 1종 | 청산 | 오피스,v_funds_enriched,112218,1.0,confirmed,{}
fund:112219,fund,112219,178호(2종),이지스전문투자형사모부동산투자신탁178호 2종 | 청산 | 오피스,v_funds_enriched,112219,1.0,confirmed,{}
fund:112220,fund,112220,178호(3종),이지스전문투자형사모부동산투자신탁178호 3종 | 청산,v_funds_enriched,112220,1.0,confirmed,{}
fund:112221,fund,112221,204호(C-p),이지스글로벌부동산투자신탁204호 (파생형) Class C-i | 청산 | 오피스,v_funds_enriched,112221,1.0,confirmed,{}
fund:112222,fund,112222,204호(파생형),이지스글로벌부동산투자신탁204호(파생형) | 청산 | 오피스,v_funds_enriched,112222,1.0,confirmed,{}
fund:112223,fund,112223,206호,이지스글로벌일반사모부동산투자신탁206호 | 운용 | 호텔,v_funds_enriched,112223,1.0,confirmed,{}
fund:112224,fund,112224,215호,이지스미국전문투자형사모부동산투자신탁215호 | 미설정,v_funds_enriched,112224,1.0,confirmed,{}
fund:112225,fund,112225,219호,이지스전문투자형사모부동산투자신탁219호 | 미설정,v_funds_enriched,112225,1.0,confirmed,{}
fund:112226,fund,112226,214호,이지스전문투자형사모투자신탁214호(운용) | 청산 | 호텔,v_funds_enriched,112226,1.0,confirmed,{}
fund:112227,fund,112227,214호(C),이지스전문투자형사모투자신탁214호(Class C) | 청산,v_funds_enriched,112227,1.0,confirmed,{}
fund:112228,fund,112228,214호(P),이지스전문투자형사모투자신탁214호(Class P) | 청산,v_funds_enriched,112228,1.0,confirmed,{}
fund:112229,fund,112229,220호,이지스전문투자형사모투자신탁220호 | 청산 | 복합(오피스),v_funds_enriched,112229,1.0,confirmed,{}
fund:112230,fund,112230,201호,이지스글로벌일반사모부동산투자신탁201호 | 청산 | 리테일,v_funds_enriched,112230,1.0,confirmed,{}
fund:112231,fund,112231,225호,이지스SH1전문투자형사모부동산투자신탁225호 | 미설정,v_funds_enriched,112231,1.0,confirmed,{}
fund:112232,fund,112232,226호,이지스SH2전문투자형사모부동산투자신탁226호 | 미설정,v_funds_enriched,112232,1.0,confirmed,{}
fund:112233,fund,112233,223호,이지스전문투자형사모부동산투자신탁223호 | 미설정,v_funds_enriched,112233,1.0,confirmed,{}
fund:112234,fund,112234,217호,이지스일반사모투자신탁217호 | 운용 | 특별자산,v_funds_enriched,112234,1.0,confirmed,{}
fund:112235,fund,112235,스카이로지스,스카이로지스사모부동산투자회사(운용) | 운용 | 물류,v_funds_enriched,112235,1.0,confirmed,{}
fund:112236,fund,112236,228호,이지스미국일반사모부동산투자신탁228호 | 청산 | 호텔,v_funds_enriched,112236,1.0,confirmed,{}
fund:112237,fund,112237,스트래티직 1호,이지스스트래티직일반사모부동산자투자신탁제1호 | 운용 | 복합(오피스),v_funds_enriched,112237,1.0,confirmed,{}
fund:112238,fund,112238,스트래티직1-1호,이지스스트래티직전문투자형사모부동산모투자신탁제1-1호 | 청산 | 오피스,v_funds_enriched,112238,1.0,confirmed,{}
fund:112239,fund,112239,210호(A종),이지스제210호전문투자형사모부동산투자회사(최선순위A종) | 미설정,v_funds_enriched,112239,1.0,confirmed,{}
fund:112240,fund,112240,210호(B종),이지스제210호전문투자형사모부동산투자회사(최선순위B종) | 미설정,v_funds_enriched,112240,1.0,confirmed,{}
fund:112241,fund,112241,210호(3종),이지스제210호전문투자형사모부동산투자회사(3종) | 청산 | 복합(오피스),v_funds_enriched,112241,1.0,confirmed,{}
fund:112242,fund,112242,229호,이지스글로벌부동산투자신탁229호(파생형) | 운용 | 복합(오피스),v_funds_enriched,112242,1.0,confirmed,{}
fund:112243,fund,112243,229호(A),이지스글로벌부동산투자신탁229호(파생형) (Class A) | 운용 | 복합(오피스),v_funds_enriched,112243,1.0,confirmed,{}
fund:112244,fund,112244,229호(C-I),이지스글로벌부동산투자신탁229호(파생형) (Class C-I) | 운용 | 복합(오피스),v_funds_enriched,112244,1.0,confirmed,{}
fund:112245,fund,112245,230호,이지스전문투자형230호사모부동산투자유한회사(운용) | 청산 | 물류,v_funds_enriched,112245,1.0,confirmed,{}
fund:112246,fund,112246,236호,이지스전문투자형사모부동산투자신탁236호 | 청산 | 오피스,v_funds_enriched,112246,1.0,confirmed,{}
fund:112247,fund,112247,216호,이지스미국일반사모부동산투자신탁216호(재간접형) | 운용 | 복합(오피스),v_funds_enriched,112247,1.0,confirmed,{}
fund:112248,fund,112248,240호,이지스전문투자형사모부동산투자신탁240호 | 청산 | 오피스,v_funds_enriched,112248,1.0,confirmed,{}
fund:112249,fund,112249,231호,이지스전문투자형사모투자신탁231호 | 청산 | 주거,v_funds_enriched,112249,1.0,confirmed,{}
fund:112250,fund,112250,205호,이지스유럽신재생인프라일반사모특별자산투자신탁205호 | 운용 | 특별자산,v_funds_enriched,112250,1.0,confirmed,{}
fund:112251,fund,112251,238호,이지스센츄리온제238호전문투자형사모부동산투자유한회사 | 청산 | 호텔,v_funds_enriched,112251,1.0,confirmed,{}
fund:112252,fund,112252,239호,이지스부동산투자신탁239호 | 청산 | 복합(오피스),v_funds_enriched,112252,1.0,confirmed,{}
fund:112253,fund,112253,239호(A),이지스부동산투자신탁239호 (Class A) | 청산,v_funds_enriched,112253,1.0,confirmed,{}
fund:112254,fund,112254,229-1호,이지스글로벌일반사모부동산투자신탁229-1호(파생형) | 운용 | 복합(오피스),v_funds_enriched,112254,1.0,confirmed,{}
fund:112255,fund,112255,241호,이지스전문투자형사모부동산투자신탁241호 | 청산 | 특별자산,v_funds_enriched,112255,1.0,confirmed,{}
fund:112256,fund,112256,221호,이지스미국일반사모부동산투자신탁221호 | 운용 | 리테일,v_funds_enriched,112256,1.0,confirmed,{}
fund:112257,fund,112257,239호(C-P),이지스부동산투자신탁239호 (Class C-p) | 청산,v_funds_enriched,112257,1.0,confirmed,{}
fund:112258,fund,112258,242호,이지스전문투자형사모부동산투자신탁242호 | 청산 | 리테일,v_funds_enriched,112258,1.0,confirmed,{}
fund:112259,fund,112259,246호,이지스전문투자형사모부동산투자신탁246호 | 청산 | 특별자산,v_funds_enriched,112259,1.0,confirmed,{}
fund:112260,fund,112260,셀렉리츠1호,이지스글로벌셀렉트리츠일반사모부동산투자신탁 1호 | 운용 | 기타,v_funds_enriched,112260,1.0,confirmed,{}
fund:112261,fund,112261,셀렉리츠1호(A),이지스글로벌셀렉트리츠일반사모부동산투자신탁 1호 Class A | 운용 | 기타,v_funds_enriched,112261,1.0,confirmed,{}
fund:112262,fund,112262,셀렉리츠1호(C-I),이지스글로벌셀렉트리츠일반사모부동산투자신탁 1호 Class C-I | 운용 | 기타,v_funds_enriched,112262,1.0,confirmed,{}
fund:112263,fund,112263,셀렉리츠1호(C-S),이지스글로벌셀렉트리츠일반사모부동산투자신탁 1호 Class C-S | 운용 | 기타,v_funds_enriched,112263,1.0,confirmed,{}
fund:112264,fund,112264,244호,이지스전문투자형사모부동산투자신탁244호 | 청산 | 리테일,v_funds_enriched,112264,1.0,confirmed,{}
fund:112265,fund,112265,230호(1종),이지스전문투자형230호사모부동산투자유한회사(1종) | 청산,v_funds_enriched,112265,1.0,confirmed,{}
fund:112266,fund,112266,230호(2종),이지스전문투자형230호사모부동산투자유한회사(2종) | 청산,v_funds_enriched,112266,1.0,confirmed,{}
fund:112267,fund,112267,209호,이지스호주일반사모부동산투자신탁209호(재간접형) | 운용 | 오피스,v_funds_enriched,112267,1.0,confirmed,{}
fund:112268,fund,112268,247호,이지스일반사모부동산투자신탁제247호 | 운용 | 호텔,v_funds_enriched,112268,1.0,confirmed,{}
fund:112269,fund,112269,209-1호,이지스호주일반사모부동산투자신탁209-1호(재간접형) | 운용 | 오피스,v_funds_enriched,112269,1.0,confirmed,{}
fund:112270,fund,112270,248호,이지스일반사모부동산투자신탁248호 | 운용 | 오피스,v_funds_enriched,112270,1.0,confirmed,{}
fund:112271,fund,112271,248호(1종),이지스일반사모부동산투자신탁248호(1종) | 운용 | 오피스,v_funds_enriched,112271,1.0,confirmed,{}
fund:112272,fund,112272,248호(2종),이지스일반사모부동산투자신탁248호(2종) | 운용 | 오피스,v_funds_enriched,112272,1.0,confirmed,{}
fund:112273,fund,112273,58-1호,이지스영국일반사모부동산투자신탁58-1호(재간접형) | 운용 | 복합(오피스),v_funds_enriched,112273,1.0,confirmed,{}
fund:112274,fund,112274,257호,이지스전문투자형사모부동산투자신탁257호 | 청산 | 특별자산,v_funds_enriched,112274,1.0,confirmed,{}
fund:112275,fund,112275,256호,이지스제256호전문투자형사모부동산투자유한회사 | 청산 | 주거,v_funds_enriched,112275,1.0,confirmed,{}
fund:112276,fund,112276,258호,이지스전문투자형사모부동산투자신탁258호 | 청산 | 특별자산,v_funds_enriched,112276,1.0,confirmed,{}
fund:112277,fund,112277,259호,이지스전문투자형사모부동산투자신탁259호 | 청산 | 주거,v_funds_enriched,112277,1.0,confirmed,{}
fund:112278,fund,112278,243호,이지스제243호전문투자형사모부동산투자회사 | 운용 | 물류,v_funds_enriched,112278,1.0,confirmed,{}
fund:112279,fund,112279,232호,이지스일반사모부동산투자신탁232호(운용) | 청산 | 특별자산,v_funds_enriched,112279,1.0,confirmed,{}
fund:112280,fund,112280,232호(1종),이지스일반사모부동산투자신탁232호(1종) | 청산 | 특별자산,v_funds_enriched,112280,1.0,confirmed,{}
fund:112281,fund,112281,232호(2종),이지스일반사모부동산투자신탁232호(2종) | 청산 | 특별자산,v_funds_enriched,112281,1.0,confirmed,{}
fund:112282,fund,112282,232호(3종),이지스일반사모부동산투자신탁232호(3종) | 청산 | 특별자산,v_funds_enriched,112282,1.0,confirmed,{}
fund:112283,fund,112283,250-1호,이지스글로벌전문투자형사모부동산투자신탁 250-1호 | 미설정,v_funds_enriched,112283,1.0,confirmed,{}
fund:112284,fund,112284,250-2호,이지스글로벌전문투자형사모부동산투자신탁 250-2호 | 미설정,v_funds_enriched,112284,1.0,confirmed,{}
fund:112285,fund,112285,227호,이지스전문투자형사모부동산투자신탁227호 | 청산 | 리테일,v_funds_enriched,112285,1.0,confirmed,{}
fund:112286,fund,112286,243-1호,이지스글로벌일반사모부동산투자신탁243-1호(재간접형)(운용) | 운용 | 물류,v_funds_enriched,112286,1.0,confirmed,{}
fund:112287,fund,112287,263호(운용),이지스전문투자형사모투자신탁263호 | 운용 | 주거,v_funds_enriched,112287,1.0,confirmed,{}
fund:112288,fund,112288,263호(1종),이지스전문투자형사모부동산투자신탁263호 1종 | 운용 | 주거,v_funds_enriched,112288,1.0,confirmed,{}
fund:112289,fund,112289,263호(2종),이지스전문투자형사모부동산투자신탁263호 2종 | 운용 | 주거,v_funds_enriched,112289,1.0,confirmed,{}
fund:112290,fund,112290,스트래티직1-3호,이지스스트래티직제1의3호일반사모부동산모투자유한회사 | 운용 | 리테일,v_funds_enriched,112290,1.0,confirmed,{}
fund:112291,fund,112291,스트래티직1-3-3호,이지스스트래티직 일반사모부동산자투자신탁 제1-3-3호 | 운용 | 리테일,v_funds_enriched,112291,1.0,confirmed,{}
fund:112292,fund,112292,248-1호,이지스전문투자형사모부동산투자신탁248-1호 | 청산 | 오피스,v_funds_enriched,112292,1.0,confirmed,{}
fund:112293,fund,112293,278호,이지스전문투자형사모투자신탁278호 | 청산 | 특별자산,v_funds_enriched,112293,1.0,confirmed,{}
fund:112294,fund,112294,270호,이지스전문투자형사모부동산투자신탁270호 | 청산 | 특별자산,v_funds_enriched,112294,1.0,confirmed,{}
fund:112295,fund,112295,266호,이지스미국일반사모부동산투자신탁266호 | 청산 | 복합(오피스),v_funds_enriched,112295,1.0,confirmed,{}
fund:112296,fund,112296,268호,이지스전문투자형사모투자신탁268호 | 청산 | 복합(오피스),v_funds_enriched,112296,1.0,confirmed,{}
fund:112297,fund,112297,277호,이지스전문투자형사모투자신탁277호 | 청산 | 오피스,v_funds_enriched,112297,1.0,confirmed,{}
fund:112298,fund,112298,280호,이지스부동산투자신탁280호 | 청산 | 주거,v_funds_enriched,112298,1.0,confirmed,{}
fund:112299,fund,112299,아레나스4호,이지스아레나스전문투자형사모부동산투자신탁4호 | 운용 | 물류,v_funds_enriched,112299,1.0,confirmed,{}
fund:112300,fund,112300,254호,이지스글로벌전문투자형사모부동산투자신탁254호 | 청산 | 리테일,v_funds_enriched,112300,1.0,confirmed,{}
fund:112301,fund,112301,282호,이지스전문투자형사모투자신탁282호 | 청산 | 물류,v_funds_enriched,112301,1.0,confirmed,{}
fund:112302,fund,112302,284호,이지스전문투자형사모투자신탁284호 | 미설정,v_funds_enriched,112302,1.0,confirmed,{}
fund:112303,fund,112303,274호,이지스글로벌일반사모부동산투자신탁274호(재간접형) | 운용 | 물류,v_funds_enriched,112303,1.0,confirmed,{}
fund:112304,fund,112304,262호,이지스글로벌전문투자형사모부동산투자신탁262호 | 청산 | 오피스,v_funds_enriched,112304,1.0,confirmed,{}
fund:112305,fund,112305,279호,이지스일반사모부동산투자신탁279호 | 운용 | 복합(오피스),v_funds_enriched,112305,1.0,confirmed,{}
fund:112306,fund,112306,285호,이지스전문투자형사모투자신탁285호 | 청산 | 주거,v_funds_enriched,112306,1.0,confirmed,{}
fund:112307,fund,112307,NPL2호,이지스NPL일반사모부동산투자신탁제2호 | 청산 | NPL,v_funds_enriched,112307,1.0,confirmed,{}
fund:112308,fund,112308,292호,이지스미국일반사모부동산투자신탁292호 | 청산 | 복합(오피스),v_funds_enriched,112308,1.0,confirmed,{}
fund:112309,fund,112309,293호,이지스전문투자형사모투자신탁293호 | 청산 | 특별자산,v_funds_enriched,112309,1.0,confirmed,{}
fund:112310,fund,112310,294호,이지스일반사모부동산투자신탁294호 | 운용 | 호텔,v_funds_enriched,112310,1.0,confirmed,{}
fund:112311,fund,112311,287호,이지스리테일부동산투자신탁287호 | 청산 | 리테일,v_funds_enriched,112311,1.0,confirmed,{}
fund:112312,fund,112312,287호(A),이지스리테일부동산투자신탁287호 Class A | 청산 | 리테일,v_funds_enriched,112312,1.0,confirmed,{}
fund:112313,fund,112313,287호(C-I),이지스리테일부동산투자신탁287호 Class C-I | 청산 | 리테일,v_funds_enriched,112313,1.0,confirmed,{}
fund:112314,fund,112314,290호,이지스전문투자형사모부동산투자신탁290호(운용) | 청산 | 오피스,v_funds_enriched,112314,1.0,confirmed,{}
fund:112315,fund,112315,290호(A),이지스전문투자형사모부동산투자신탁290호(Class A) | 청산,v_funds_enriched,112315,1.0,confirmed,{}
fund:112316,fund,112316,290호(C),이지스전문투자형사모부동산투자신탁290호(Class C) | 청산,v_funds_enriched,112316,1.0,confirmed,{}
fund:112317,fund,112317,287호(C-P),이지스리테일부동산투자신탁287호 Class C-P | 청산 | 리테일,v_funds_enriched,112317,1.0,confirmed,{}
fund:112318,fund,112318,NPL2-1호,이지스NPL전문투자형사모부동산투자신탁제2-1호 | 청산 | NPL,v_funds_enriched,112318,1.0,confirmed,{}
fund:112319,fund,112319,255호,이지스리테일전문투자형사모부동산투자신탁255호 | 미설정,v_funds_enriched,112319,1.0,confirmed,{}
fund:112320,fund,112320,아레나스 1호(자),이지스아레나스케이엘아이피1사모부동산자투자회사 | 운용 | 물류,v_funds_enriched,112320,1.0,confirmed,{}
fund:112321,fund,112321,297호,이지스전문투자형사모부동산투자신탁297호 | 청산 | 지분증권,v_funds_enriched,112321,1.0,confirmed,{}
fund:112322,fund,112322,291호,이지스일반사모부동산투자신탁제291호 | 청산 | 리테일,v_funds_enriched,112322,1.0,confirmed,{}
fund:112323,fund,112323,아레나스1-1호(모),이지스아레나스케이엘아이피1의1사모부동산모투자회사 | 운용 | 물류,v_funds_enriched,112323,1.0,confirmed,{}
fund:112324,fund,112324,281-1호,이지스글로벌일반사모부동산투자신탁281-1호 | 운용 | 물류,v_funds_enriched,112324,1.0,confirmed,{}
fund:112325,fund,112325,281호,이지스글로벌공모부동산투자신탁281호(파생형) | 운용 | 물류,v_funds_enriched,112325,1.0,confirmed,{}
fund:112326,fund,112326,281호( A),이지스글로벌공모부동산투자신탁281호(파생형) (Class A) | 운용 | 물류,v_funds_enriched,112326,1.0,confirmed,{}
fund:112327,fund,112327,281호(C-I),이지스글로벌공모부동산투자신탁281호(파생형) (Class C-I) | 청산 | 물류,v_funds_enriched,112327,1.0,confirmed,{}
fund:112328,fund,112328,286호,이지스전문투자형사모부동산투자신탁286호(운용) | 청산 | 물류,v_funds_enriched,112328,1.0,confirmed,{}
fund:112329,fund,112329,286호(1종),이지스전문투자형사모부동산투자신탁286호(1종) | 청산 | 물류,v_funds_enriched,112329,1.0,confirmed,{}
fund:112330,fund,112330,286호(2종),이지스전문투자형사모부동산투자신탁286호(2종) | 청산 | 물류,v_funds_enriched,112330,1.0,confirmed,{}
fund:112331,fund,112331,243-1호(1종),이지스글로벌일반사모부동산투자신탁243-1호(재간접형)(1종) | 운용 | 물류,v_funds_enriched,112331,1.0,confirmed,{}
fund:112332,fund,112332,243-1호(2종),이지스글로벌일반사모부동산투자신탁243-1호(재간접형)(2종) | 운용 | 물류,v_funds_enriched,112332,1.0,confirmed,{}
fund:112333,fund,112333,288호,이지스미국일반사모부동산투자신탁288호 | 운용 | 오피스,v_funds_enriched,112333,1.0,confirmed,{}
fund:112334,fund,112334,시그니처리츠,이지스글로벌시그니처리츠전문투자형사모부동산투자신탁 | 청산 | 기타,v_funds_enriched,112334,1.0,confirmed,{}
fund:112335,fund,112335,시그니처리츠(A),이지스글로벌시그니처리츠전문투자형사모부동산투자신탁Class A | 청산 | 기타,v_funds_enriched,112335,1.0,confirmed,{}
fund:112336,fund,112336,시그니처리츠(C),이지스글로벌시그니처리츠전문투자형사모부동산투자신탁 Class C | 미설정 | 기타,v_funds_enriched,112336,1.0,confirmed,{}
fund:112337,fund,112337,시그니처리츠(C-I),이지스글로벌시그니처리츠전문투자형사모부동산투자신탁 Class C-I | 미설정 | 기타,v_funds_enriched,112337,1.0,confirmed,{}
fund:112338,fund,112338,300호,이지스글로벌일반사모부동산투자신탁300호(운용) | 운용 | 물류,v_funds_enriched,112338,1.0,confirmed,{}
fund:112339,fund,112339,300호(1종),이지스글로벌일반사모부동산투자신탁300호 (1종) | 운용 | 물류,v_funds_enriched,112339,1.0,confirmed,{}
fund:112340,fund,112340,300호(2종),이지스글로벌일반사모부동산투자신탁300호 (2종) | 운용 | 물류,v_funds_enriched,112340,1.0,confirmed,{}
fund:112341,fund,112341,312호,이지스전문투자형사모부동산투자신탁312호 | 운용 | 복합(오피스),v_funds_enriched,112341,1.0,confirmed,{}
fund:112342,fund,112342,309호,이지스전문투자형사모부동산투자신탁309호 | 청산 | 기타,v_funds_enriched,112342,1.0,confirmed,{}
fund:112343,fund,112343,304호,이지스글로벌전문투자형사모부동산투자신탁304호 | 청산 | 기타,v_funds_enriched,112343,1.0,confirmed,{}
fund:112344,fund,112344,302호,이지스코어리테일부동산투자신탁302호(운용) | 청산 | 리테일,v_funds_enriched,112344,1.0,confirmed,{}
fund:112345,fund,112345,302호(A),이지스코어리테일부동산투자신탁302호(Class A) | 청산,v_funds_enriched,112345,1.0,confirmed,{}
fund:112346,fund,112346,302호(C-I),이지스코어리테일부동산투자신탁302호(Class C-I) | 청산,v_funds_enriched,112346,1.0,confirmed,{}
fund:112347,fund,112347,260호,이지스글로벌일반사모부동산투자신탁260호(재간접형) | 운용 | 물류,v_funds_enriched,112347,1.0,confirmed,{}
fund:112348,fund,112348,302호(C-P),이지스코어리테일부동산투자신탁302호(Class C-P) | 미설정,v_funds_enriched,112348,1.0,confirmed,{}
fund:112349,fund,112349,이지스밸류플러스,㈜이지스밸류플러스위탁관리부동산투자회사 | 미설정 | 오피스,v_funds_enriched,112349,1.0,confirmed,{}
fund:112350,fund,112350,스트래티직1-2호,이지스스트래티직일반사모부동산모투자신탁제1-2호 | 운용 | 복합(오피스),v_funds_enriched,112350,1.0,confirmed,{}
fund:112351,fund,112351,스트래티직1-2-3호,이지스스트래티직일반사모부동산자투자신탁제1-2-3호 | 운용 | 복합(오피스),v_funds_enriched,112351,1.0,confirmed,{}
fund:112352,fund,112352,317호,이지스전문투자형사모부동산투자신탁317호(운용) | 청산,v_funds_enriched,112352,1.0,confirmed,{}
fund:112353,fund,112353,317호(1종),이지스전문투자형사모부동산투자신탁317호(1종) | 청산,v_funds_enriched,112353,1.0,confirmed,{}
fund:112354,fund,112354,317호(2종),이지스전문투자형사모부동산투자신탁317호(2종) | 청산,v_funds_enriched,112354,1.0,confirmed,{}
fund:112355,fund,112355,301호,이지스글로벌일반사모부동산투자신탁301호 | 운용 | 복합(오피스),v_funds_enriched,112355,1.0,confirmed,{}
fund:112356,fund,112356,311호,이지스글로벌전문투자형사모부동산투자신탁311호 | 청산 | 오피스,v_funds_enriched,112356,1.0,confirmed,{}
fund:112357,fund,112357,310호,이지스글로벌공모부동산투자신탁310호(파생형) | 미설정,v_funds_enriched,112357,1.0,confirmed,{}
fund:112358,fund,112358,310호(A),이지스글로벌공모부동산투자신탁310호(파생형) (Class A) | 미설정,v_funds_enriched,112358,1.0,confirmed,{}
fund:112359,fund,112359,310호(C-I),이지스글로벌공모부동산투자신탁310호(파생형) (Class C-I) | 미설정,v_funds_enriched,112359,1.0,confirmed,{}
fund:112360,fund,112360,310호(C-P),이지스글로벌공모부동산투자신탁310호(파생형) (Class C-P) | 미설정,v_funds_enriched,112360,1.0,confirmed,{}
fund:112361,fund,112361,295호,이지스글로벌일반사모부동산투자신탁295호 | 운용 | 오피스,v_funds_enriched,112361,1.0,confirmed,{}
fund:112362,fund,112362,316호,이지스글로벌일반사모부동산모투자신탁316호 | 운용 | 주거,v_funds_enriched,112362,1.0,confirmed,{}
fund:112363,fund,112363,316-1호,이지스글로벌일반사모부동산자투자신탁316-1호 | 운용 | 주거,v_funds_enriched,112363,1.0,confirmed,{}
fund:112364,fund,112364,316-2호,이지스글로벌일반사모부동산자투자신탁316-2호 | 운용 | 주거,v_funds_enriched,112364,1.0,confirmed,{}
fund:112365,fund,112365,299호,이지스리테일부동산투자신탁299호 | 운용 | 리테일,v_funds_enriched,112365,1.0,confirmed,{}
fund:112366,fund,112366,299호(A),이지스리테일부동산투자신탁299호 (Class-A) | 운용 | 리테일,v_funds_enriched,112366,1.0,confirmed,{}
fund:112367,fund,112367,299호(C1),이지스리테일부동산투자신탁299호 (Class-C1) | 청산 | 리테일,v_funds_enriched,112367,1.0,confirmed,{}
fund:112368,fund,112368,에이치밸류,에이치밸류전문투자형사모부동산투자유한회사(운용) | 운용 | 리테일,v_funds_enriched,112368,1.0,confirmed,{}
fund:112369,fund,112369,에이치밸류(1종),에이치밸류전문투자형사모부동산투자유한회사(1종) | 운용 | 리테일,v_funds_enriched,112369,1.0,confirmed,{}
fund:112370,fund,112370,에이치밸류(2종),에이치밸류전문투자형사모부동산투자유한회사(2종) | 운용 | 리테일,v_funds_enriched,112370,1.0,confirmed,{}
fund:112371,fund,112371,243-2호,이지스글로벌일반사모부동산투자신탁243-2호(재간접형) | 운용 | 물류,v_funds_enriched,112371,1.0,confirmed,{}
fund:112372,fund,112372,318호,이지스일반사모부동산투자신탁318호 | 청산 | 오피스,v_funds_enriched,112372,1.0,confirmed,{}
fund:112373,fund,112373,334호,이지스전문투자형사모투자신탁334호 | 청산 | 주거,v_funds_enriched,112373,1.0,confirmed,{}
fund:112374,fund,112374,308호,이지스글로벌일반사모부동산투자신탁308호 | 운용 | 주거,v_funds_enriched,112374,1.0,confirmed,{}
fund:112375,fund,112375,330호,이지스일반사모부동산투자신탁제330호(운용) | 운용 | 복합(리테일),v_funds_enriched,112375,1.0,confirmed,{}
fund:112376,fund,112376,330호(1종),이지스일반사모부동산투자신탁제330호(1종) | 운용 | 복합(리테일),v_funds_enriched,112376,1.0,confirmed,{}
fund:112377,fund,112377,330호(2-A종),이지스일반사모부동산투자신탁제330호(2-A종) | 운용 | 복합(리테일),v_funds_enriched,112377,1.0,confirmed,{}
fund:112378,fund,112378,330호(2-B종),이지스일반사모부동산투자신탁제330호(2-B종) | 운용 | 복합(리테일),v_funds_enriched,112378,1.0,confirmed,{}
fund:112379,fund,112379,기회추구 2-1호,이지스기회추구일반사모부동산모투자신탁제2-1호 | 운용 | 지분증권,v_funds_enriched,112379,1.0,confirmed,{}
fund:112380,fund,112380,기회추구 2호,이지스기회추구일반사모부동산자투자신탁제2호(운용) | 운용 | 지분증권,v_funds_enriched,112380,1.0,confirmed,{}
fund:112381,fund,112381,기회추구 2호(1종),이지스기회추구일반사모부동산자투자신탁제2호(1종) | 운용 | 지분증권,v_funds_enriched,112381,1.0,confirmed,{}
fund:112382,fund,112382,기회추구 2호(2종),이지스기회추구일반사모부동산자투자신탁제2호(2종) | 운용 | 지분증권,v_funds_enriched,112382,1.0,confirmed,{}
fund:112383,fund,112383,327호,이지스미국일반사모부동산투자신탁327호 | 운용 | 주거,v_funds_enriched,112383,1.0,confirmed,{}
fund:112384,fund,112384,313호,이지스글로벌전문투자형사모부동산투자신탁313호 | 미설정,v_funds_enriched,112384,1.0,confirmed,{}
fund:112385,fund,112385,전문투자형사모1호(1종),이지스전문투자형사모부동산투자신탁1호(1종) | 청산,v_funds_enriched,112385,1.0,confirmed,{}
fund:112386,fund,112386,전문투자형사모1호(2종),이지스전문투자형사모부동산투자신탁1호(2종) | 청산,v_funds_enriched,112386,1.0,confirmed,{}
fund:112387,fund,112387,326호,이지스전문투자형사모투자신탁326호 | 청산 | 기타,v_funds_enriched,112387,1.0,confirmed,{}
fund:112393,fund,112393,222호,이지스제222호전문투자형사모부동산투자회사(운용) | 청산 | 오피스,v_funds_enriched,112393,1.0,confirmed,{}
fund:112394,fund,112394,222호(보통주),이지스제222호전문투자형사모부동산투자회사(보통주) | 청산 | 오피스,v_funds_enriched,112394,1.0,confirmed,{}
fund:112395,fund,112395,222호(1종),이지스제222호전문투자형사모부동산투자회사(1종) | 청산 | 오피스,v_funds_enriched,112395,1.0,confirmed,{}
fund:112396,fund,112396,331호,이지스일반사모부동산투자신탁제331호(운용) | 청산 | 복합(호텔),v_funds_enriched,112396,1.0,confirmed,{}
fund:112397,fund,112397,331호(1종),이지스일반사모부동산투자신탁제331호(1종) | 청산 | 복합(호텔),v_funds_enriched,112397,1.0,confirmed,{}
fund:112398,fund,112398,331호(2종),이지스일반사모부동산투자신탁제331호(2종) | 청산 | 복합(호텔),v_funds_enriched,112398,1.0,confirmed,{}
fund:112399,fund,112399,331호(3종),이지스전문투자형사모부동산투자신탁제331호(3종) | 청산 | 복합(주거),v_funds_enriched,112399,1.0,confirmed,{}
fund:112400,fund,112400,97호(C2),이지스일반사모부동산투자신탁97호(Class C2) | 운용 | 오피스,v_funds_enriched,112400,1.0,confirmed,{}
fund:112401,fund,112401,335호,이지스글로벌일반사모부동산투자신탁335호 | 청산 | 물류,v_funds_enriched,112401,1.0,confirmed,{}
fund:112402,fund,112402,335호(A),이지스글로벌부동산투자신탁335호(파생형) (Class A) | 미설정,v_funds_enriched,112402,1.0,confirmed,{}
fund:112403,fund,112403,335호(F),이지스글로벌부동산투자신탁335호(파생형) (Class F) | 미설정,v_funds_enriched,112403,1.0,confirmed,{}
fund:112404,fund,112404,33호(1종),이지스일반사모부동산투자신탁33호(1종) | 운용 | 호텔,v_funds_enriched,112404,1.0,confirmed,{}
fund:112405,fund,112405,33호(2종),이지스일반사모부동산투자신탁33호(2종) | 운용 | 호텔,v_funds_enriched,112405,1.0,confirmed,{}
fund:112406,fund,112406,33호(3종),이지스일반사모부동산투자신탁33호(3종) | 운용 | 호텔,v_funds_enriched,112406,1.0,confirmed,{}
fund:112407,fund,112407,360호,이지스전문투자형사모투자신탁360호 | 미설정,v_funds_enriched,112407,1.0,confirmed,{}
fund:112408,fund,112408,345호,이지스글로벌일반사모부동산투자신탁345호(재간접형) | 운용 | 주거,v_funds_enriched,112408,1.0,confirmed,{}
fund:112409,fund,112409,343호,이지스글로벌일반사모부동산투자신탁343호(재간접형) | 운용 | 주거,v_funds_enriched,112409,1.0,confirmed,{}
fund:112410,fund,112410,350호,이지스미국일반사모부동산투자신탁350호 | 운용 | 오피스,v_funds_enriched,112410,1.0,confirmed,{}
fund:112411,fund,112411,리츠섹터SMA1호,이지스글로벌리츠섹터포커스SMA일반사모부동산투자신탁1호 | 운용 | 지분증권,v_funds_enriched,112411,1.0,confirmed,{}
fund:112412,fund,112412,NPL2-2호,이지스NPL전문투자형사모부동산투자신탁제2-2호 | 청산 | NPL,v_funds_enriched,112412,1.0,confirmed,{}
fund:112413,fund,112413,348호,이지스글로벌코어인프라일반사모특별자산투자신탁348호(재간접형) | 운용 | 특별자산,v_funds_enriched,112413,1.0,confirmed,{}
fund:112414,fund,112414,336호,이지스일반사모부동산투자신탁제336호 | 청산 | 리테일,v_funds_enriched,112414,1.0,confirmed,{}
fund:112415,fund,112415,336호(1종),이지스전문투자형사모부동산투자신탁제336호 (1종) | 미설정,v_funds_enriched,112415,1.0,confirmed,{}
fund:112416,fund,112416,336호(2종),이지스전문투자형사모부동산투자신탁제336호 (2종) | 미설정,v_funds_enriched,112416,1.0,confirmed,{}
fund:112417,fund,112417,336호(3종),이지스전문투자형사모부동산투자신탁제336호 (3종) | 미설정,v_funds_enriched,112417,1.0,confirmed,{}
fund:112418,fund,112418,357호,이지스캘리포니아일반사모부동산투자신탁357호(재간접형) | 청산 | 오피스,v_funds_enriched,112418,1.0,confirmed,{}
fund:112419,fund,112419,357호(1종),이지스캘리포니아전문투자형사모부동산투자신탁357호(재간접형) (1종) | 청산 | 오피스,v_funds_enriched,112419,1.0,confirmed,{}
fund:112420,fund,112420,357호(2종),이지스캘리포니아일반사모부동산투자신탁357호(재간접형) (2종) | 청산 | 오피스,v_funds_enriched,112420,1.0,confirmed,{}
fund:112421,fund,112421,353호,이지스일반사모부동산투자신탁제353호(운용) | 운용 | 복합(오피스),v_funds_enriched,112421,1.0,confirmed,{}
fund:112422,fund,112422,353호(1종),이지스일반사모부동산투자신탁제353호(1종) | 운용 | 복합(오피스),v_funds_enriched,112422,1.0,confirmed,{}
fund:112423,fund,112423,353호(2-A종),이지스일반사모부동산투자신탁제353호(2-A종) | 운용 | 복합(오피스),v_funds_enriched,112423,1.0,confirmed,{}
fund:112424,fund,112424,353호(2-B종),이지스일반사모부동산투자신탁제353호(2-B종) | 운용 | 복합(오피스),v_funds_enriched,112424,1.0,confirmed,{}
fund:112425,fund,112425,고배당리츠,이지스글로벌고배당리츠플러스부동산투자신탁(리츠-재간접형) | 운용 | 지분증권,v_funds_enriched,112425,1.0,confirmed,{}
fund:112426,fund,112426,고배당리츠(A),이지스글로벌고배당리츠플러스부동산투자신탁(리츠-재간접형) Class A | 운용 | 지분증권,v_funds_enriched,112426,1.0,confirmed,{}
fund:112427,fund,112427,고배당리츠(A-e),이지스글로벌고배당리츠플러스부동산투자신탁(리츠-재간접형) Class A-e | 운용 | 지분증권,v_funds_enriched,112427,1.0,confirmed,{}
fund:112428,fund,112428,고배당리츠(A-G),이지스글로벌고배당리츠플러스부동산투자신탁(리츠-재간접형) Class A-G | 미설정,v_funds_enriched,112428,1.0,confirmed,{}
fund:112429,fund,112429,고배당리츠(C),이지스글로벌고배당리츠플러스부동산투자신탁(리츠-재간접형) Class C | 운용 | 지분증권,v_funds_enriched,112429,1.0,confirmed,{}
fund:112430,fund,112430,고배당리츠(C-e),이지스글로벌고배당리츠플러스부동산투자신탁(리츠-재간접형) Class C-e | 운용 | 지분증권,v_funds_enriched,112430,1.0,confirmed,{}
fund:112431,fund,112431,고배당리츠(C-G),이지스글로벌고배당리츠플러스부동산투자신탁(리츠-재간접형) Class C-G | 미설정,v_funds_enriched,112431,1.0,confirmed,{}
fund:112432,fund,112432,고배당리츠(C-F),이지스글로벌고배당리츠플러스부동산투자신탁(리츠-재간접형) Class C-F | 운용 | 지분증권,v_funds_enriched,112432,1.0,confirmed,{}
fund:112433,fund,112433,고배당리츠(C-I),이지스글로벌고배당리츠플러스부동산투자신탁(리츠-재간접형) Class C-I | 미설정,v_funds_enriched,112433,1.0,confirmed,{}
fund:112434,fund,112434,고배당리츠(C-P),이지스글로벌고배당리츠플러스부동산투자신탁(리츠-재간접형) Class C-P | 운용 | 지분증권,v_funds_enriched,112434,1.0,confirmed,{}
fund:112435,fund,112435,고배당리츠(C-Pe),이지스글로벌고배당리츠플러스부동산투자신탁(리츠-재간접형) Class C-Pe | 운용 | 지분증권,v_funds_enriched,112435,1.0,confirmed,{}
fund:112436,fund,112436,고배당리츠(C-P2),이지스글로벌고배당리츠플러스부동산투자신탁(리츠-재간접형) Class C-P2 | 운용 | 지분증권,v_funds_enriched,112436,1.0,confirmed,{}
fund:112437,fund,112437,고배당리츠(C-P2e),이지스글로벌고배당리츠플러스부동산투자신탁(리츠-재간접형) Class C-P2e | 운용 | 지분증권,v_funds_enriched,112437,1.0,confirmed,{}
fund:112438,fund,112438,고배당리츠(C-W),이지스글로벌고배당리츠플러스부동산투자신탁(리츠-재간접형) Class C-W | 운용 | 지분증권,v_funds_enriched,112438,1.0,confirmed,{}
fund:112439,fund,112439,고배당리츠(S),이지스글로벌고배당리츠플러스부동산투자신탁(리츠-재간접형) Class S | 운용 | 지분증권,v_funds_enriched,112439,1.0,confirmed,{}
fund:112440,fund,112440,고배당리츠(S-P),이지스글로벌고배당리츠플러스부동산투자신탁(리츠-재간접형) Class S-P | 운용 | 지분증권,v_funds_enriched,112440,1.0,confirmed,{}
fund:112441,fund,112441,고배당리츠(S-P2),이지스글로벌고배당리츠플러스부동산투자신탁(리츠-재간접형) Class S-P2 | 운용 | 지분증권,v_funds_enriched,112441,1.0,confirmed,{}
fund:112442,fund,112442,354호,이지스전문투자형사모부동산투자신탁제354호(운용) | 운용 | 데이터센터,v_funds_enriched,112442,1.0,confirmed,{}
fund:112443,fund,112443,354호(1종),이지스전문투자형사모부동산투자신탁제354호(1종) | 청산 | 데이터센터,v_funds_enriched,112443,1.0,confirmed,{}
fund:112444,fund,112444,354호(2종),이지스전문투자형사모부동산투자신탁제354호(2종) | 청산 | 데이터센터,v_funds_enriched,112444,1.0,confirmed,{}
fund:112445,fund,112445,리빙플랫폼 1호,이지스리빙플랫폼일반사모부동산자투자신탁제1호(운용) | 운용 | 지분증권,v_funds_enriched,112445,1.0,confirmed,{}
fund:112446,fund,112446,리빙플랫폼1호(1종),이지스리빙플랫폼일반사모부동산자투자신탁제1호(1종) | 운용 | 지분증권,v_funds_enriched,112446,1.0,confirmed,{}
fund:112447,fund,112447,리빙플랫폼1호(2종),이지스리빙플랫폼일반사모부동산자투자신탁제1호(2종) | 운용 | 지분증권,v_funds_enriched,112447,1.0,confirmed,{}
fund:112448,fund,112448,리빙개발1-1호,이지스리빙개발투자1의1호일반사모부동산모투자회사 | 운용 | 복합(주거),v_funds_enriched,112448,1.0,confirmed,{}
fund:112449,fund,112449,364호,이지스전문투자형사모투자신탁364호 | 청산 | 주거,v_funds_enriched,112449,1.0,confirmed,{}
fund:112450,fund,112450,365호,이지스전문투자형사모부동산투자신탁365호 | 운용 | 대출채권,v_funds_enriched,112450,1.0,confirmed,{}
fund:112451,fund,112451,362호,이지스전문투자형사모부동산투자신탁362호 | 운용 | 주거,v_funds_enriched,112451,1.0,confirmed,{}
fund:112452,fund,112452,글로벌리츠목표전환,이지스글로벌리츠목표전환전문투자형사모부동산투자신탁 | 청산,v_funds_enriched,112452,1.0,confirmed,{}
fund:112453,fund,112453,367호,이지스전문투자형사모부동산투자유한회사367호(운용) | 청산,v_funds_enriched,112453,1.0,confirmed,{}
fund:112454,fund,112454,367호(1종),이지스전문투자형사모부동산투자유한회사367호(1종) | 청산,v_funds_enriched,112454,1.0,confirmed,{}
fund:112455,fund,112455,367호(2종),이지스전문투자형사모부동산투자유한회사367호(2종) | 청산,v_funds_enriched,112455,1.0,confirmed,{}
fund:112456,fund,112456,370호,이지스전문투자형사모투자신탁370호(운용) | 청산 | 주거,v_funds_enriched,112456,1.0,confirmed,{}
fund:112457,fund,112457,370호(A),이지스전문투자형사모투자신탁370호(Class A) | 청산,v_funds_enriched,112457,1.0,confirmed,{}
fund:112458,fund,112458,370호(C),이지스전문투자형사모투자신탁370호(Class C) | 청산,v_funds_enriched,112458,1.0,confirmed,{}
fund:112460,fund,112460,373호,이지스전문투자형사모부동산투자신탁373호 | 미설정,v_funds_enriched,112460,1.0,confirmed,{}
fund:112461,fund,112461,371호,이지스제371호전문투자형사모부동산투자회사(운용) | 청산 | 주거,v_funds_enriched,112461,1.0,confirmed,{}
fund:112462,fund,112462,371호(1종),이지스제371호전문투자형사모부동산투자회사(1종) | 청산,v_funds_enriched,112462,1.0,confirmed,{}
fund:112463,fund,112463,371호(2종),이지스제371호전문투자형사모부동산투자회사(2종) | 청산,v_funds_enriched,112463,1.0,confirmed,{}
fund:112464,fund,112464,371호(3종),이지스제371호전문투자형사모부동산투자회사(3종) | 청산,v_funds_enriched,112464,1.0,confirmed,{}
fund:112465,fund,112465,371호(보통주),이지스제371호전문투자형사모부동산투자회사(보통주) | 청산,v_funds_enriched,112465,1.0,confirmed,{}
fund:112466,fund,112466,377호,이지스일반사모투자신탁377호 | 운용 | 특별자산,v_funds_enriched,112466,1.0,confirmed,{}
fund:112467,fund,112467,374호,이지스제374호전문투자형사모부동산투자유한회사(운용) | 미설정,v_funds_enriched,112467,1.0,confirmed,{}
fund:112468,fund,112468,374호(1종),이지스제374호전문투자형사모부동산투자유한회사(1종) | 미설정,v_funds_enriched,112468,1.0,confirmed,{}
fund:112469,fund,112469,374호(2종),이지스제374호전문투자형사모부동산투자유한회사(2종) | 미설정,v_funds_enriched,112469,1.0,confirmed,{}
fund:112470,fund,112470,기회추구2-2호,이지스기회추구전문투자형사모부동산모투자신탁제2-2호 | 운용 | 지분증권,v_funds_enriched,112470,1.0,confirmed,{}
fund:112471,fund,112471,기회추구2-2-1호,이지스기회추구전문투자형사모부동산자투자신탁제2-2-1호(운용) | 운용 | 지분증권,v_funds_enriched,112471,1.0,confirmed,{}
fund:112472,fund,112472,기회추구2-2-1호(C1),이지스기회추구전문투자형사모부동산자투자신탁제2-2-1호(C1) | 운용 | 지분증권,v_funds_enriched,112472,1.0,confirmed,{}
fund:112473,fund,112473,기회추구2-2-1호(C2),이지스기회추구전문투자형사모부동산자투자신탁제2-2-1호(C2) | 운용 | 지분증권,v_funds_enriched,112473,1.0,confirmed,{}
fund:112474,fund,112474,384호,이지스일반사모부동산투자신탁384호 | 운용 | 오피스,v_funds_enriched,112474,1.0,confirmed,{}
fund:112475,fund,112475,372호,이지스국내오피스일반사모부동산투자신탁제372호(운용) | 운용 | 오피스,v_funds_enriched,112475,1.0,confirmed,{}
fund:112476,fund,112476,372호(1종),이지스제372호전문투자형사모부동산투자신탁(1종) | 청산 | 오피스,v_funds_enriched,112476,1.0,confirmed,{}
fund:112477,fund,112477,372호(2종),이지스제372호전문투자형사모부동산투자신탁(2종) | 청산 | 오피스,v_funds_enriched,112477,1.0,confirmed,{}
fund:112478,fund,112478,206-1호,이지스글로벌일반사모부동산투자신탁206-1호 | 운용 | 호텔,v_funds_enriched,112478,1.0,confirmed,{}
fund:112479,fund,112479,10-1호,이지스전문투자형사모부동산투자신탁10-1호(재간접)(운용) | 청산 | 복합(오피스),v_funds_enriched,112479,1.0,confirmed,{}
fund:112480,fund,112480,10-1호(1종),이지스전문투자형사모부동산투자신탁10-1호(재간접)(1종) | 청산 | 복합(오피스),v_funds_enriched,112480,1.0,confirmed,{}
fund:112481,fund,112481,10-1호(2종),이지스전문투자형사모부동산투자신탁10-1호(재간접)(2종) | 청산 | 복합(오피스),v_funds_enriched,112481,1.0,confirmed,{}
fund:112482,fund,112482,366호,이지스글로벌일반사모부동산투자신탁366호(재간접형) | 운용 | 물류,v_funds_enriched,112482,1.0,confirmed,{}
fund:112483,fund,112483,378호,이지스글로벌일반사모부동산모투자신탁378호 | 운용 | 물류,v_funds_enriched,112483,1.0,confirmed,{}
fund:112484,fund,112484,378-1호,이지스글로벌일반사모부동산자투자신탁378-1호 | 운용 | 물류,v_funds_enriched,112484,1.0,confirmed,{}
fund:112485,fund,112485,378-2호,이지스글로벌일반사모부동산자투자신탁378-2호 | 운용 | 물류,v_funds_enriched,112485,1.0,confirmed,{}
fund:112486,fund,112486,382호,이지스미국일반사모부동산투자신탁382호(재간접형) | 운용 | 복합(오피스),v_funds_enriched,112486,1.0,confirmed,{}
fund:112487,fund,112487,388호,이지스전문투자형사모부동산투자신탁제388호(운용) | 청산 | 특별자산,v_funds_enriched,112487,1.0,confirmed,{}
fund:112488,fund,112488,388호(1종),이지스전문투자형사모부동산투자신탁제388호(1종) | 청산,v_funds_enriched,112488,1.0,confirmed,{}
fund:112489,fund,112489,388호(2종),이지스전문투자형사모부동산투자신탁제388호(2종) | 청산,v_funds_enriched,112489,1.0,confirmed,{}
fund:112490,fund,112490,389호,이지스전문투자형사모부동산투자신탁제389호 | 운용 | 리테일,v_funds_enriched,112490,1.0,confirmed,{}
fund:112491,fund,112491,389호(1종),이지스전문투자형사모부동산투자신탁제389호(1종) | 운용 | 리테일,v_funds_enriched,112491,1.0,confirmed,{}
fund:112492,fund,112492,389호(2종),이지스전문투자형사모부동산투자신탁제389호(2종) | 운용 | 리테일,v_funds_enriched,112492,1.0,confirmed,{}
fund:112493,fund,112493,390호,이지스일반사모부동산투자신탁제390호 | 운용 | 복합(오피스),v_funds_enriched,112493,1.0,confirmed,{}
fund:112494,fund,112494,366-1호,이지스글로벌일반사모부동산투자신탁366-1호(재간접형) | 운용 | 물류,v_funds_enriched,112494,1.0,confirmed,{}
fund:112495,fund,112495,리츠포트폴리오 1호,이지스리츠포트폴리오일반사모부동산투자신탁제1호 | 운용 | 기타,v_funds_enriched,112495,1.0,confirmed,{}
fund:112496,fund,112496,380-1호,이지스미국일반사모부동산투자신탁380-1호 | 운용 | 물류,v_funds_enriched,112496,1.0,confirmed,{}
fund:112497,fund,112497,380-2호,이지스미국일반사모부동산투자신탁380-2호 | 운용 | 물류,v_funds_enriched,112497,1.0,confirmed,{}
fund:112498,fund,112498,389호(3종),이지스전문투자형사모부동산투자신탁제389호(3종) | 운용 | 리테일,v_funds_enriched,112498,1.0,confirmed,{}
fund:112499,fund,112499,인컴앤그로스2-1호,이지스인컴앤그로스일반사모부동산모투자신탁제2-1호 | 운용 | 오피스,v_funds_enriched,112499,1.0,confirmed,{}
fund:112500,fund,112500,인컴앤그로스 2호,이지스인컴앤그로스일반사모부동산자투자신탁제2호 | 운용 | 복합(오피스),v_funds_enriched,112500,1.0,confirmed,{}
fund:112501,fund,112501,376호,이지스미국일반사모부동산투자신탁376호(재간접형) | 운용 | 복합(오피스),v_funds_enriched,112501,1.0,confirmed,{}
fund:112502,fund,112502,지엘아이피1-1호,이지스지엘아이피일반사모투자신탁1-1호(운용) | 청산 | 물류,v_funds_enriched,112502,1.0,confirmed,{}
fund:112503,fund,112503,지엘아이피1-2호,이지스지엘아이피일반사모투자신탁1-2호(운용) | 청산 | 물류,v_funds_enriched,112503,1.0,confirmed,{}
fund:112504,fund,112504,392호,이지스일반사모투자신탁392호(태양광) | 운용 | 특별자산,v_funds_enriched,112504,1.0,confirmed,{}
fund:112505,fund,112505,아레나스1-2호(모),이지스아레나스케이엘아이피1의2사모부동산모투자회사 | 운용 | 물류,v_funds_enriched,112505,1.0,confirmed,{}
fund:112506,fund,112506,지엘아이피1-1호(1종),이지스지엘아이피일반사모투자신탁1-1호(1종) | 청산 | 물류,v_funds_enriched,112506,1.0,confirmed,{}
fund:112507,fund,112507,지엘아이피1-1호(2종),이지스지엘아이피일반사모투자신탁1-1호(2종) | 청산 | 물류,v_funds_enriched,112507,1.0,confirmed,{}
fund:112508,fund,112508,지엘아이피1-2호(1종),이지스지엘아이피일반사모투자신탁1-2호(1종) | 청산 | 물류,v_funds_enriched,112508,1.0,confirmed,{}
fund:112509,fund,112509,지엘아이피1-2호(2종),이지스지엘아이피일반사모투자신탁1-2호(2종) | 청산 | 물류,v_funds_enriched,112509,1.0,confirmed,{}
fund:112510,fund,112510,333호,이지스제333호일반사모부동산투자신탁(운용) | 청산 | 호텔,v_funds_enriched,112510,1.0,confirmed,{}
fund:112511,fund,112511,333호(1종),이지스제333호일반사모부동산투자신탁(1종) | 청산 | 호텔,v_funds_enriched,112511,1.0,confirmed,{}
fund:112512,fund,112512,333호(2종),이지스제333호일반사모부동산투자신탁(2종) | 청산 | 호텔,v_funds_enriched,112512,1.0,confirmed,{}
fund:112513,fund,112513,393호,이지스글로벌전문투자형사모부동산투자신탁393호 | 미설정,v_funds_enriched,112513,1.0,confirmed,{}
fund:112514,fund,112514,395호,이지스제395호전문투자형사모부동산투자유한회사(운용) | 운용 | 주거,v_funds_enriched,112514,1.0,confirmed,{}
fund:112515,fund,112515,395호(1종),이지스제395호전문투자형사모부동산투자유한회사(1종) | 운용 | 주거,v_funds_enriched,112515,1.0,confirmed,{}
fund:112516,fund,112516,395호(2종),이지스제395호전문투자형사모부동산투자유한회사(2종) | 운용 | 주거,v_funds_enriched,112516,1.0,confirmed,{}
fund:112517,fund,112517,비즈성장 1호,이지스비즈성장공간플랫폼일반사모부동산투자신탁제1호(재간접형) | 운용 | 오피스,v_funds_enriched,112517,1.0,confirmed,{}
fund:112518,fund,112518,비즈성장1-1호,이지스비즈성장공간플랫폼일반사모부동산투자신탁제1-1호 | 운용 | 오피스,v_funds_enriched,112518,1.0,confirmed,{}
fund:112519,fund,112519,이익참여형메자닌 1-1호,이지스이익참여형메자닌일반사모부동산모투자신탁제1-1호 | 운용 | 주거,v_funds_enriched,112519,1.0,confirmed,{}
fund:112520,fund,112520,이익참여형메자닌 1호,이지스이익참여형메자닌일반사모부동산자투자신탁제1호 | 운용 | 주거,v_funds_enriched,112520,1.0,confirmed,{}
fund:112521,fund,112521,348-1호,이지스글로벌코어인프라일반사모특별자산투자신탁348-1호(재간접형) | 운용 | 특별자산,v_funds_enriched,112521,1.0,confirmed,{}
fund:112522,fund,112522,이익참여형메자닌1-2호,이지스이익참여형메자닌전문투자형사모부동산모투자신탁제1-2호 | 청산 | 물류,v_funds_enriched,112522,1.0,confirmed,{}
fund:112523,fund,112523,398호,이지스글로벌일반사모투자신탁398호 | 청산 | 복합(오피스),v_funds_enriched,112523,1.0,confirmed,{}
fund:112524,fund,112524,397호,이지스제397호전문투자형부동산사모투자회사(운용) | 운용 | 오피스,v_funds_enriched,112524,1.0,confirmed,{}
fund:112525,fund,112525,397호(보통주),이지스제397호전문투자형부동산사모투자회사(보통주) | 운용 | 오피스,v_funds_enriched,112525,1.0,confirmed,{}
fund:112526,fund,112526,397호(1종),이지스제397호전문투자형부동산사모투자회사(1종) | 미설정 | 오피스,v_funds_enriched,112526,1.0,confirmed,{}
fund:112527,fund,112527,404호,이지스전문투자형사모부동산투자신탁제404호 | 운용 | 물류,v_funds_enriched,112527,1.0,confirmed,{}
fund:112528,fund,112528,이익참여형메자닌 1-3호,이지스이익참여형메자닌일반사모부동산모투자신탁제1-3호 | 운용 | 주거,v_funds_enriched,112528,1.0,confirmed,{}
fund:112529,fund,112529,406호,이지스전문투자형사모투자신탁406호 | 청산 | 기타,v_funds_enriched,112529,1.0,confirmed,{}
fund:112530,fund,112530,25호(1종),이지스전문투자형사모부동산투자신탁25호(1종) | 청산 | 오피스,v_funds_enriched,112530,1.0,confirmed,{}
fund:112531,fund,112531,25호(2종),이지스일반사모부동산투자신탁25호(2종) | 운용 | 오피스,v_funds_enriched,112531,1.0,confirmed,{}
fund:112532,fund,112532,409호,이지스일반사모부동산투자신탁409호(운용) | 운용 | 복합(오피스),v_funds_enriched,112532,1.0,confirmed,{}
fund:112533,fund,112533,409호(1종),이지스일반사모부동산투자신탁409호(Class A) | 운용 | 복합(오피스),v_funds_enriched,112533,1.0,confirmed,{}
fund:112534,fund,112534,409호(2종),이지스일반사모부동산투자신탁409호(Class C) | 운용 | 복합(오피스),v_funds_enriched,112534,1.0,confirmed,{}
fund:112535,fund,112535,407호,이지스제407호전문투자형사모부동산투자신탁 | 운용 | 복합(오피스),v_funds_enriched,112535,1.0,confirmed,{}
fund:112536,fund,112536,408호,이지스제408호일반사모부동산투자신탁(운용) | 운용 | 복합(오피스),v_funds_enriched,112536,1.0,confirmed,{}
fund:112537,fund,112537,408호(A종),이지스제408호일반사모부동산투자신탁(A종) | 운용 | 복합(오피스),v_funds_enriched,112537,1.0,confirmed,{}
fund:112538,fund,112538,408호(B종),이지스제408호일반사모부동산투자신탁(B종) | 운용 | 복합(오피스),v_funds_enriched,112538,1.0,confirmed,{}
fund:112539,fund,112539,386호,이지스미국일반사모부동산투자신탁386호 | 청산 | 복합(오피스),v_funds_enriched,112539,1.0,confirmed,{}
fund:112540,fund,112540,402-1호,이지스글로벌일반사모부동산투자신탁402-1호 | 운용 | 오피스,v_funds_enriched,112540,1.0,confirmed,{}
fund:112541,fund,112541,402-2호,이지스글로벌일반사모부동산투자신탁402-2호 | 운용 | 오피스,v_funds_enriched,112541,1.0,confirmed,{}
fund:112542,fund,112542,411호,이지스일반사모부동산투자신탁제411호 | 운용 | 주거,v_funds_enriched,112542,1.0,confirmed,{}
fund:112543,fund,112543,89-1호,이지스유럽상장코어일반사모부동산투자신탁제89-1호 | 운용 | 지분증권,v_funds_enriched,112543,1.0,confirmed,{}
fund:112544,fund,112544,386호(1종),이지스미국일반사모부동산투자신탁386호(1종) | 청산 | 복합(오피스),v_funds_enriched,112544,1.0,confirmed,{}
fund:112545,fund,112545,386호(2종),이지스미국일반사모부동산투자신탁386호(2종) | 청산 | 복합(오피스),v_funds_enriched,112545,1.0,confirmed,{}
fund:112546,fund,112546,스트래티직1-4호,이지스스트래티직일반사모부동산모투자신탁제1-4호 | 청산 | 오피스,v_funds_enriched,112546,1.0,confirmed,{}
fund:112547,fund,112547,403호,이지스제403호전문투자형사모부동산투자유한회사(운용) | 운용 | 물류,v_funds_enriched,112547,1.0,confirmed,{}
fund:112548,fund,112548,403호(1종),이지스제403호전문투자형사모부동산투자유한회사(1종) | 미설정 | 물류,v_funds_enriched,112548,1.0,confirmed,{}
fund:112549,fund,112549,403호(2종),이지스제403호전문투자형사모부동산투자유한회사(2종) | 운용 | 물류,v_funds_enriched,112549,1.0,confirmed,{}
fund:112550,fund,112550,403호(3종),이지스제403호전문투자형사모부동산투자유한회사(3종) | 운용 | 물류,v_funds_enriched,112550,1.0,confirmed,{}
fund:112551,fund,112551,412호,이지스일반사모부동산투자신탁제412호 | 청산 | 오피스,v_funds_enriched,112551,1.0,confirmed,{}
fund:112552,fund,112552,412호(1종),이지스일반사모부동산투자신탁제412호(1종) | 청산 | 오피스,v_funds_enriched,112552,1.0,confirmed,{}
fund:112553,fund,112553,412호(2종),이지스일반사모부동산투자신탁제412호(2종) | 청산 | 오피스,v_funds_enriched,112553,1.0,confirmed,{}
fund:112554,fund,112554,412호(3종),이지스일반사모부동산투자신탁제412호(3종) | 청산 | 오피스,v_funds_enriched,112554,1.0,confirmed,{}
fund:112555,fund,112555,367호(3종),이지스전문투자형사모부동산투자유한회사367호(3종) | 청산,v_funds_enriched,112555,1.0,confirmed,{}
fund:112556,fund,112556,418호,이지스한남일반사모부동산투자신탁제418호 | 청산 | 복합(오피스),v_funds_enriched,112556,1.0,confirmed,{}
fund:112557,fund,112557,리빙개발1-2호,이지스리빙개발투자1의2호일반사모부동산모투자회사 | 운용 | 호텔,v_funds_enriched,112557,1.0,confirmed,{}
fund:112558,fund,112558,410호,이지스글로벌일반사모부동산투자신탁410호(재간접형) | 운용 | 복합(리테일),v_funds_enriched,112558,1.0,confirmed,{}
fund:112559,fund,112559,415호,이지스제415호일반사모부동산투자신탁 | 운용 | 복합(리테일),v_funds_enriched,112559,1.0,confirmed,{}
fund:112560,fund,112560,401호,이지스미국일반사모부동산투자신탁401호 | 청산 | 복합(오피스),v_funds_enriched,112560,1.0,confirmed,{}
fund:112561,fund,112561,424호,이지스제424호전문투자형사모부동산투자회사(운용) | 청산 | 오피스,v_funds_enriched,112561,1.0,confirmed,{}
fund:112562,fund,112562,424호(보통주),이지스제424호전문투자형사모부동산투자회사(보통주) | 청산 | 오피스,v_funds_enriched,112562,1.0,confirmed,{}
fund:112563,fund,112563,424호(1종),이지스제424호전문투자형사모부동산투자회사(1종) | 청산 | 오피스,v_funds_enriched,112563,1.0,confirmed,{}
fund:112564,fund,112564,다이나믹글로벌리츠1호,이지스다이나믹글로벌리츠일반사모투자신탁1호 | 청산 | 기타,v_funds_enriched,112564,1.0,confirmed,{}
fund:112565,fund,112565,405호,이지스글로벌전문투자형사모부동산모투자신탁405호 | 미설정,v_funds_enriched,112565,1.0,confirmed,{}
fund:112566,fund,112566,405-1호,이지스글로벌전문투자형사모부동산자투자신탁405-1호 | 미설정,v_funds_enriched,112566,1.0,confirmed,{}
fund:112567,fund,112567,419호,이지스제419호전문투자형사모부동산투자회사 | 미설정,v_funds_enriched,112567,1.0,confirmed,{}
fund:112568,fund,112568,414호,이지스영국일반사모부동산투자신탁414호(재간접형) | 운용 | 기타,v_funds_enriched,112568,1.0,confirmed,{}
fund:112569,fund,112569,KDCIP 1호,이지스플랫폼케이디씨아이피1부동산전문투자형사모투자회사(운용) | 운용 | 데이터센터,v_funds_enriched,112569,1.0,confirmed,{}
fund:112570,fund,112570,KDCIP1(보통주),이지스플랫폼케이디씨아이피1부동산전문투자형사모투자회사(보통주) | 운용 | 데이터센터,v_funds_enriched,112570,1.0,confirmed,{}
fund:112571,fund,112571,KDCIP1(1종),이지스플랫폼케이디씨아이피1부동산전문투자형사모투자회사(1종) | 운용 | 데이터센터,v_funds_enriched,112571,1.0,confirmed,{}
fund:112572,fund,112572,KDCIP1(2종),이지스플랫폼케이디씨아이피1부동산전문투자형사모투자회사(2종) | 운용 | 데이터센터,v_funds_enriched,112572,1.0,confirmed,{}
fund:112573,fund,112573,426호,이지스일반사모부동산투자신탁제426호(운용) | 운용 | 물류,v_funds_enriched,112573,1.0,confirmed,{}
fund:112574,fund,112574,426호(1종),이지스일반사모부동산투자신탁제426호(1종) | 운용 | 물류,v_funds_enriched,112574,1.0,confirmed,{}
fund:112575,fund,112575,426호(2종),이지스일반사모부동산투자신탁제426호(2종) | 운용 | 물류,v_funds_enriched,112575,1.0,confirmed,{}
fund:112576,fund,112576,429호,이지스맥쿼리북미인프라일반사모투자신탁429호 | 운용 | 특별자산,v_funds_enriched,112576,1.0,confirmed,{}
fund:112577,fund,112577,430호,이지스아디안미주인프라일반사모투자신탁430호 | 운용 | 특별자산,v_funds_enriched,112577,1.0,confirmed,{}
fund:112578,fund,112578,431호,이지스WSIP글로벌인프라일반사모투자신탁431호 | 운용 | 특별자산,v_funds_enriched,112578,1.0,confirmed,{}
fund:112579,fund,112579,420호,이지스제420호전문투자형사모부동산투자회사(운용) | 운용 | 복합(오피스),v_funds_enriched,112579,1.0,confirmed,{}
fund:112580,fund,112580,420호(보통주),이지스제420호전문투자형사모부동산투자회사(보통주) | 운용 | 복합(오피스),v_funds_enriched,112580,1.0,confirmed,{}
fund:112581,fund,112581,420호(1종),이지스제420호전문투자형사모부동산투자회사(1종) | 청산 | 복합(오피스),v_funds_enriched,112581,1.0,confirmed,{}
fund:112582,fund,112582,417-1호,이지스미국일반사모부동산투자신탁417-1호 | 운용 | 물류,v_funds_enriched,112582,1.0,confirmed,{}
fund:112583,fund,112583,417-2호,이지스미국일반사모부동산투자신탁417-2호 | 운용 | 물류,v_funds_enriched,112583,1.0,confirmed,{}
fund:112584,fund,112584,435호,이지스일반사모투자신탁435호(태양광) | 운용 | 특별자산,v_funds_enriched,112584,1.0,confirmed,{}
fund:112585,fund,112585,427호,이지스글로벌일반사모부동산투자신탁427호 | 운용 | 주거,v_funds_enriched,112585,1.0,confirmed,{}
fund:112586,fund,112586,비즈성장1-2호,이지스비즈성장공간플랫폼일반사모부동산투자신탁제1-2호 | 운용 | 오피스,v_funds_enriched,112586,1.0,confirmed,{}
fund:112587,fund,112587,K-리츠,이지스K-리츠일반사모부동산투자신탁 | 운용 | 지분증권,v_funds_enriched,112587,1.0,confirmed,{}
fund:112588,fund,112588,434호,이지스글로벌일반사모부동산투자신탁434호 | 운용 | 복합(오피스),v_funds_enriched,112588,1.0,confirmed,{}
fund:112589,fund,112589,416호,이지스일반사모부동산투자신탁제416호(운용) | 운용 | 복합(오피스),v_funds_enriched,112589,1.0,confirmed,{}
fund:112590,fund,112590,416호(1종),이지스일반사모부동산투자신탁제416호(1종) | 운용 | 복합(오피스),v_funds_enriched,112590,1.0,confirmed,{}
fund:112591,fund,112591,416호(2종),이지스일반사모부동산투자신탁제416호(2종) | 운용 | 복합(오피스),v_funds_enriched,112591,1.0,confirmed,{}
fund:112592,fund,112592,437호,이지스전문투자형사모투자신탁437호 | 청산 | 리테일,v_funds_enriched,112592,1.0,confirmed,{}
fund:112593,fund,112593,303호,이지스제303호일반사모부동산투자회사 | 청산 | 오피스,v_funds_enriched,112593,1.0,confirmed,{}
fund:112594,fund,112594,354호(A종),이지스전문투자형사모부동산투자신탁제354호(A종) | 운용 | 데이터센터,v_funds_enriched,112594,1.0,confirmed,{}
fund:112595,fund,112595,354호(B종),이지스전문투자형사모부동산투자신탁제354호(B종) | 운용 | 데이터센터,v_funds_enriched,112595,1.0,confirmed,{}
fund:112596,fund,112596,리츠포트폴리오 2호,이지스리츠포트폴리오일반사모부동산투자신탁제2호 | 운용 | 기타,v_funds_enriched,112596,1.0,confirmed,{}
fund:112597,fund,112597,비즈성장1-3호,이지스비즈성장공간플랫폼일반사모부동산투자신탁제1-3호 | 운용 | 오피스,v_funds_enriched,112597,1.0,confirmed,{}
fund:112598,fund,112598,436-1호,이지스글로벌일반사모부동산투자신탁436-1호 | 운용 | 주거,v_funds_enriched,112598,1.0,confirmed,{}
fund:112599,fund,112599,436-2호,이지스글로벌일반사모부동산투자신탁436-2호 | 운용 | 주거,v_funds_enriched,112599,1.0,confirmed,{}
fund:112600,fund,112600,438호,이지스글로벌일반사모부동산투자신탁438호 | 운용 | 데이터센터,v_funds_enriched,112600,1.0,confirmed,{}
fund:112601,fund,112601,444호,이지스아디안미주인프라전문투자형사모투자신탁444호 | 운용 | 특별자산,v_funds_enriched,112601,1.0,confirmed,{}
fund:112602,fund,112602,NPL3호,이지스NPL일반사모부동산투자신탁제3호 | 운용 | NPL,v_funds_enriched,112602,1.0,confirmed,{}
fund:112603,fund,112603,NPL3-1호,이지스NPL일반사모부동산투자신탁제3-1호 | 청산 | NPL,v_funds_enriched,112603,1.0,confirmed,{}
fund:112604,fund,112604,인컴앤그로스2-2호,이지스인컴앤그로스일반사모부동산모투자신탁제2-2호 | 운용 | 물류,v_funds_enriched,112604,1.0,confirmed,{}
fund:112606,fund,112606,440호,이지스제440호부동산일반사모투자회사 | 운용 | 물류,v_funds_enriched,112606,1.0,confirmed,{}
fund:112607,fund,112607,348-2호,이지스글로벌코어인프라일반사모특별자산투자신탁 348-2호 | 운용 | 특별자산,v_funds_enriched,112607,1.0,confirmed,{}
fund:112608,fund,112608,439호,이지스일반사모부동산투자신탁제439호(운용) | 운용 | 데이터센터,v_funds_enriched,112608,1.0,confirmed,{}
fund:112609,fund,112609,439호(1종),이지스일반사모부동산투자신탁제439호(1종) | 청산 | 데이터센터,v_funds_enriched,112609,1.0,confirmed,{}
fund:112610,fund,112610,439호(2종),이지스일반사모부동산투자신탁제439호(2종) | 청산 | 데이터센터,v_funds_enriched,112610,1.0,confirmed,{}
fund:112611,fund,112611,하우징플랫폼 1호,이지스하우징플랫폼일반사모부동산투자신탁제1호(운용) | 운용 | 지분증권,v_funds_enriched,112611,1.0,confirmed,{}
fund:112612,fund,112612,하우징플랫폼1호(1종),이지스하우징플랫폼일반사모부동산투자신탁제1호(1종) | 운용 | 지분증권,v_funds_enriched,112612,1.0,confirmed,{}
fund:112613,fund,112613,하우징플랫폼1호(2종),이지스하우징플랫폼일반사모부동산투자신탁제1호(2종) | 운용 | 지분증권,v_funds_enriched,112613,1.0,confirmed,{}
fund:112614,fund,112614,421호,이지스일반사모부동산투자신탁421호(운용) | 운용 | 지분증권,v_funds_enriched,112614,1.0,confirmed,{}
fund:112616,fund,112616,446호,이지스일반사모투자신탁446호 | 청산 | 주거,v_funds_enriched,112616,1.0,confirmed,{}
fund:112617,fund,112617,447호,이지스글로벌일반사모부동산투자신탁447호(재간접형) | 운용 | 오피스,v_funds_enriched,112617,1.0,confirmed,{}
fund:112618,fund,112618,449호,이지스미국인프라일반사모투자신탁449호 | 청산 | 대출채권,v_funds_enriched,112618,1.0,confirmed,{}
fund:112619,fund,112619,450호,이지스WSIP글로벌인프라일반사모투자신탁450호 | 운용 | 특별자산,v_funds_enriched,112619,1.0,confirmed,{}
fund:112620,fund,112620,441호,이지스미국전문투자형사모부동산투자신탁 441호 | 미설정,v_funds_enriched,112620,1.0,confirmed,{}
fund:112621,fund,112621,448-1호,이지스미국일반사모부동산투자신탁448-1호 | 운용 | 복합(오피스),v_funds_enriched,112621,1.0,confirmed,{}
fund:112622,fund,112622,448-2호,이지스미국일반사모부동산투자신탁448-2호 | 운용 | 복합(오피스),v_funds_enriched,112622,1.0,confirmed,{}
fund:112623,fund,112623,448-3호,이지스미국일반사모부동산투자신탁448-3호 | 운용 | 복합(오피스),v_funds_enriched,112623,1.0,confirmed,{}
fund:112624,fund,112624,448-4호,이지스미국일반사모부동산투자신탁448-4호 | 운용 | 복합(오피스),v_funds_enriched,112624,1.0,confirmed,{}
fund:112625,fund,112625,448-5호,이지스미국일반사모부동산투자신탁448-5호 | 운용 | 복합(오피스),v_funds_enriched,112625,1.0,confirmed,{}
fund:112626,fund,112626,투자풀11호,이지스투자풀부동산일반사모부동산투자신탁11호 | 운용 | 지분증권,v_funds_enriched,112626,1.0,confirmed,{}
fund:112628,fund,112628,442호,이지스제442호일반사모부동산투자회사 | 미설정,v_funds_enriched,112628,1.0,confirmed,{}
fund:112629,fund,112629,리츠플랫폼,이지스리츠플랫폼일반사모부동산투자신탁 | 운용 | 지분증권,v_funds_enriched,112629,1.0,confirmed,{}
fund:112630,fund,112630,리빙개발1-3호,이지스리빙개발투자1의3호일반사모부동산모투자회사 | 운용 | 호텔,v_funds_enriched,112630,1.0,confirmed,{}
fund:112631,fund,112631,리츠플랫폼(A),이지스리츠플랫폼일반사모부동산투자신탁 Class A | 미설정,v_funds_enriched,112631,1.0,confirmed,{}
fund:112632,fund,112632,리츠플랫폼(C),이지스리츠플랫폼일반사모부동산투자신탁 Class C | 운용 | 지분증권,v_funds_enriched,112632,1.0,confirmed,{}
fund:112633,fund,112633,리츠플랫폼(C-i),이지스리츠플랫폼일반사모부동산투자신탁 Class C-f | 미설정,v_funds_enriched,112633,1.0,confirmed,{}
fund:112634,fund,112634,리츠플랫폼(C-f),이지스리츠플랫폼일반사모부동산투자신탁 Class C-g | 운용 | 지분증권,v_funds_enriched,112634,1.0,confirmed,{}
fund:112635,fund,112635,리츠플랫폼(C-g),이지스리츠플랫폼일반사모부동산투자신탁 Class C-i | 미설정,v_funds_enriched,112635,1.0,confirmed,{}
fund:112636,fund,112636,리츠플랫폼(C-w),이지스리츠플랫폼일반사모부동산투자신탁 Class C-w | 미설정,v_funds_enriched,112636,1.0,confirmed,{}
fund:112640,fund,112640,452호,이지스제452호일반사모부동산투자회사 | 청산 | 데이터센터,v_funds_enriched,112640,1.0,confirmed,{}
fund:112641,fund,112641,454호,이지스일반사모부동산투자신탁제454호 | 운용 | 지분증권,v_funds_enriched,112641,1.0,confirmed,{}
fund:112642,fund,112642,451호(운용),이지스일반사모부동산투자신탁제451호(운용) | 운용 | 물류,v_funds_enriched,112642,1.0,confirmed,{}
fund:112643,fund,112643,451호(1종),이지스일반사모부동산투자신탁제451호(1종) | 운용 | 물류,v_funds_enriched,112643,1.0,confirmed,{}
fund:112644,fund,112644,451호(2종),이지스일반사모부동산투자신탁제451호(2종) | 운용 | 물류,v_funds_enriched,112644,1.0,confirmed,{}
fund:112645,fund,112645,453호,이지스아레스스페셜오퍼튜니티일반사모투자신탁453호 | 운용 | 기타,v_funds_enriched,112645,1.0,confirmed,{}
fund:112646,fund,112646,솔라일반사모5호,이지스솔라일반사모투자신탁제5호 | 운용 | 특별자산,v_funds_enriched,112646,1.0,confirmed,{}
fund:112647,fund,112647,ESG일반사모1호,이지스ESG일반사모투자신탁제1호 | 청산 | 특별자산,v_funds_enriched,112647,1.0,confirmed,{}
fund:112648,fund,112648,445호,이지스영국코어인프라일반사모특별자산투자신탁445호(재간접형) | 운용 | 특별자산,v_funds_enriched,112648,1.0,confirmed,{}
fund:112649,fund,112649,부산특구1호,이지스부산특구부동산투자신탁제1호(운용) | 운용 | 오피스,v_funds_enriched,112649,1.0,confirmed,{}
fund:112650,fund,112650,부산특구1호(A-e),이지스부산특구부동산투자신탁제1호(C-e) | 운용 | 오피스,v_funds_enriched,112650,1.0,confirmed,{}
fund:112651,fund,112651,부산특구1호(C-i),이지스부산특구부동산투자신탁제1호(C-I) | 운용 | 오피스,v_funds_enriched,112651,1.0,confirmed,{}
fund:112652,fund,112652,부산특구1호(C-s),이지스부산특구부동산투자신탁제1호(C-S) | 운용 | 오피스,v_funds_enriched,112652,1.0,confirmed,{}
fund:112653,fund,112653,460호,이지스일반사모부동산투자신탁460호(운용) | 운용 | 주거,v_funds_enriched,112653,1.0,confirmed,{}
fund:112654,fund,112654,460호(1종),이지스일반사모부동산투자신탁460호(1종) | 운용 | 주거,v_funds_enriched,112654,1.0,confirmed,{}
fund:112655,fund,112655,460호(2종),이지스일반사모부동산투자신탁460호(2종) | 운용 | 주거,v_funds_enriched,112655,1.0,confirmed,{}
fund:112656,fund,112656,이익참여형메자닌 1-4호,이지스이익참여형메자닌일반사모부동산모투자신탁제1-4호 | 운용 | 오피스,v_funds_enriched,112656,1.0,confirmed,{}
fund:112657,fund,112657,458호,이지스USCore일반사모부동산투자신탁458호 | 운용 | 주거,v_funds_enriched,112657,1.0,confirmed,{}
fund:112658,fund,112658,455호,이지스미국일반사모부동산투자신탁455호(재간접형) | 운용 | 기타,v_funds_enriched,112658,1.0,confirmed,{}
fund:112659,fund,112659,466-1호,이지스미국일반사모부동산투자신탁466-1호 | 운용 | 기타,v_funds_enriched,112659,1.0,confirmed,{}
fund:112660,fund,112660,466-2호,이지스미국일반사모부동산투자신탁466-2호 | 운용 | 기타,v_funds_enriched,112660,1.0,confirmed,{}
fund:112661,fund,112661,462호,이지스일반사모부동산투자신탁제462호 | 운용 | 지분증권,v_funds_enriched,112661,1.0,confirmed,{}
fund:112662,fund,112662,457호,이지스글로벌일반사모부동산투자신탁457호(재간접형) | 운용 | 기타,v_funds_enriched,112662,1.0,confirmed,{}
fund:112663,fund,112663,464호,이지스디더블유에스북미중순위크레딧일반사모투자신탁464호 | 운용 | 기타,v_funds_enriched,112663,1.0,confirmed,{}
fund:112664,fund,112664,연기금글로벌리츠1호,연기금글로벌리츠일반사모부동산투자신탁1호(리츠-재간접) | 운용 | 지분증권,v_funds_enriched,112664,1.0,confirmed,{}
fund:112665,fund,112665,461호,이지스글로벌일반사모부동산투자신탁461호 | 운용 | 대출채권,v_funds_enriched,112665,1.0,confirmed,{}
fund:112666,fund,112666,부동산론 1호,이지스부동산론일반사모부동산투자신탁제1호 | 운용 | 대출채권,v_funds_enriched,112666,1.0,confirmed,{}
fund:112667,fund,112667,465호,이지스에이치에스비씨영국선순위크레딧일반사모투자신탁465호 | 운용 | 대출채권,v_funds_enriched,112667,1.0,confirmed,{}
fund:112668,fund,112668,465-1호,이지스에이치에스비씨영국선순위크레딧일반사모투자신탁465-1호 | 운용 | 대출채권,v_funds_enriched,112668,1.0,confirmed,{}
fund:112669,fund,112669,472호,이지스제472호일반사모부동산투자회사(운용) | 운용 | 데이터센터,v_funds_enriched,112669,1.0,confirmed,{}
fund:112670,fund,112670,472호(1종),이지스제472호일반사모부동산투자회사(1종) | 운용 | 데이터센터,v_funds_enriched,112670,1.0,confirmed,{}
fund:112671,fund,112671,472호(보통주),이지스제472호일반사모부동산투자회사(보통주) | 운용 | 데이터센터,v_funds_enriched,112671,1.0,confirmed,{}
fund:112672,fund,112672,473호,이지스일반사모부동산투자신탁제473호(운용) | 운용 | 지분증권,v_funds_enriched,112672,1.0,confirmed,{}
fund:112673,fund,112673,473호(1종),이지스일반사모부동산투자신탁제473호(1종) | 운용 | 지분증권,v_funds_enriched,112673,1.0,confirmed,{}
fund:112674,fund,112674,473호(2종),이지스일반사모부동산투자신탁제473호(2종) | 운용 | 지분증권,v_funds_enriched,112674,1.0,confirmed,{}
fund:112675,fund,112675,468-1호(A),이지스일반사모부동산투자신탁제468-1호(Class A) | 미설정,v_funds_enriched,112675,1.0,confirmed,{}
fund:112676,fund,112676,468-1호(C-I),이지스일반사모부동산투자신탁제468-1호(Class C-I) | 미설정,v_funds_enriched,112676,1.0,confirmed,{}
fund:112677,fund,112677,47호(1종),이지스사모부동산투자신탁47호(1종) | 미설정 | 호텔,v_funds_enriched,112677,1.0,confirmed,{}
fund:112678,fund,112678,47호(2종),이지스일반사모부동산투자신탁47호(2종) | 운용 | 호텔,v_funds_enriched,112678,1.0,confirmed,{}
fund:112679,fund,112679,랜드플랫폼 1-1호,이지스랜드플랫폼일반사모부동산투자신탁제1-1호 | 운용 | 복합(오피스),v_funds_enriched,112679,1.0,confirmed,{}
fund:112680,fund,112680,468-2호(1종),이지스일반사모부동산투자신탁제468-2호(1종) | 운용 | 지분증권,v_funds_enriched,112680,1.0,confirmed,{}
fund:112681,fund,112681,468-2호(2종),이지스일반사모부동산투자신탁제468-2호(2종) | 운용 | 지분증권,v_funds_enriched,112681,1.0,confirmed,{}
fund:112682,fund,112682,468-1호,이지스일반사모부동산투자신탁제468-1호 | 운용 | 지분증권,v_funds_enriched,112682,1.0,confirmed,{}
fund:112683,fund,112683,468-2호,이지스일반사모부동산투자신탁제468-2호(운용) | 운용 | 지분증권,v_funds_enriched,112683,1.0,confirmed,{}
fund:112684,fund,112684,348-3호,이지스글로벌코어인프라일반사모특별자산투자신탁 348-3호 | 운용 | 특별자산,v_funds_enriched,112684,1.0,confirmed,{}
fund:112685,fund,112685,469-1호,이지스미국일반사모부동산투자신탁469-1호 | 운용 | 기타,v_funds_enriched,112685,1.0,confirmed,{}
fund:112686,fund,112686,469-2호,이지스미국일반사모부동산투자신탁469-2호 | 운용 | 기타,v_funds_enriched,112686,1.0,confirmed,{}
fund:112687,fund,112687,울산신항인프라,이지스울산신항인프라일반사모투자신탁(운용) | 운용 | 특별자산,v_funds_enriched,112687,1.0,confirmed,{}
fund:112688,fund,112688,울산신항인프라(1종),이지스울산신항인프라일반사모투자신탁(1종) | 운용 | 특별자산,v_funds_enriched,112688,1.0,confirmed,{}
fund:112689,fund,112689,울산신항인프라(2종),이지스울산신항인프라일반사모투자신탁(2종) | 운용 | 특별자산,v_funds_enriched,112689,1.0,confirmed,{}
fund:112690,fund,112690,463호,이지스제463호부동산일반사모투자회사(운용) | 운용 | 오피스,v_funds_enriched,112690,1.0,confirmed,{}
fund:112691,fund,112691,463호(1종),이지스제463호부동산일반사모투자회사(1종) | 청산 | 오피스,v_funds_enriched,112691,1.0,confirmed,{}
fund:112692,fund,112692,463호(보통주),이지스제463호부동산일반사모투자회사(보통주) | 운용 | 오피스,v_funds_enriched,112692,1.0,confirmed,{}
fund:112693,fund,112693,463-1호,이지스일반사모부동산투자신탁제463-1호(운용) | 청산 | 지분증권,v_funds_enriched,112693,1.0,confirmed,{}
fund:112694,fund,112694,463-1호(1종),이지스일반사모부동산투자신탁제463-1호(1종) | 청산 | 지분증권,v_funds_enriched,112694,1.0,confirmed,{}
fund:112695,fund,112695,463-1호(2종),이지스일반사모부동산투자신탁제463-1호(2종) | 청산 | 지분증권,v_funds_enriched,112695,1.0,confirmed,{}
fund:112696,fund,112696,463호(A종),이지스제463호부동산일반사모투자회사(A종) | 미설정 | 지분증권,v_funds_enriched,112696,1.0,confirmed,{}
fund:112697,fund,112697,463-1호(A종),이지스일반사모부동산투자신탁제463-1호(A종) | 미설정 | 오피스,v_funds_enriched,112697,1.0,confirmed,{}
fund:112699,fund,112699,471호,이지스일반사모투자신탁제471호 | 운용 | 호텔,v_funds_enriched,112699,1.0,confirmed,{}
fund:112700,fund,112700,400호,이지스제400호부동산일반사모투자회사 | 운용 | 오피스,v_funds_enriched,112700,1.0,confirmed,{}
fund:112701,fund,112701,13호(1종),이지스일반사모부동산투자신탁13호(1종) | 청산,v_funds_enriched,112701,1.0,confirmed,{}
fund:112702,fund,112702,13호(2종),이지스일반사모부동산투자신탁13호(2종) | 운용 | 리테일,v_funds_enriched,112702,1.0,confirmed,{}
fund:112703,fund,112703,인컴앤그로스2-3호,이지스인컴앤그로스제2의3호일반사모부동산모투자회사 | 운용 | 물류,v_funds_enriched,112703,1.0,confirmed,{}
fund:112704,fund,112704,475호,이지스제475호부동산일반사모투자회사 | 운용 | 데이터센터,v_funds_enriched,112704,1.0,confirmed,{}
fund:112705,fund,112705,357호(3종),이지스캘리포니아일반사모부동산투자신탁357호(재간접형)(3종) | 청산 | 오피스,v_funds_enriched,112705,1.0,confirmed,{}
fund:112706,fund,112706,421호(A종),이지스일반사모부동산투자신탁421호(A종) | 운용 | 지분증권,v_funds_enriched,112706,1.0,confirmed,{}
fund:112707,fund,112707,421호(B종),이지스일반사모부동산투자신탁421호(B종) | 운용 | 지분증권,v_funds_enriched,112707,1.0,confirmed,{}
fund:112708,fund,112708,478호,이지스북미토스카나선순위일반사모투자신탁478호 | 청산 | 대출채권,v_funds_enriched,112708,1.0,confirmed,{}
fund:112709,fund,112709,코스닥벤처1호,이지스 코스닥벤처 일반사모투자신탁 제1호 | 청산 | 기타,v_funds_enriched,112709,1.0,confirmed,{}
fund:112710,fund,112710,멀티인컴1호,이지스 멀티인컴 일반사모투자신탁 제1호(운용) | 청산 | 기타,v_funds_enriched,112710,1.0,confirmed,{}
fund:112711,fund,112711,멀티인컴1호(A),이지스 멀티인컴 일반사모투자신탁 제1호(Class A) | 청산 | 기타,v_funds_enriched,112711,1.0,confirmed,{}
fund:112712,fund,112712,멀티인컴1호(C),이지스 멀티인컴 일반사모투자신탁 제1호(Class C) | 청산 | 기타,v_funds_enriched,112712,1.0,confirmed,{}
fund:112713,fund,112713,멀티인컴1호(C-i),이지스 멀티인컴 일반사모투자신탁 제1호(Class C-i) | 청산 | 기타,v_funds_enriched,112713,1.0,confirmed,{}
fund:112714,fund,112714,멀티인컴1호(C-g),이지스 멀티인컴 일반사모투자신탁 제1호(Class C-g) | 청산 | 기타,v_funds_enriched,112714,1.0,confirmed,{}
fund:112715,fund,112715,장기안정형주거플랫폼 1호,이지스장기안정형주거플랫폼일반사모부동산투자신탁제1호 | 운용 | 주거,v_funds_enriched,112715,1.0,confirmed,{}
fund:112716,fund,112716,KLIP 2호,Korea Logistics Investment Platform LP | 운용,v_funds_enriched,112716,1.0,confirmed,{}
fund:112717,fund,112717,장기지분형1호,이지스장기지분형전문투자형사모부동산집합투자기구 | 운용,v_funds_enriched,112717,1.0,confirmed,{}
fund:112718,fund,112718,485호,이지스미국일반사모부동산투자신탁485호 | 청산 | 복합(오피스),v_funds_enriched,112718,1.0,confirmed,{}
fund:112719,fund,112719,해운대1호,이지스해운대일반사모부동산투자신탁제1호 | 운용 | 주거,v_funds_enriched,112719,1.0,confirmed,{}
fund:112720,fund,112720,카스퀘어NPL,이지스카스퀘어NPL일반사모부동산투자신탁 | 청산 | NPL,v_funds_enriched,112720,1.0,confirmed,{}
fund:112721,fund,112721,장기지분형1-1호(운용),이지스장기지분형일반사모부동산자투자신탁제1-1호(운용) | 운용 | 물류,v_funds_enriched,112721,1.0,confirmed,{}
fund:112722,fund,112722,라이징K리츠,이지스 라이징 K리츠 부동산투자신탁(리츠-재간접형) | 청산 | 지분증권,v_funds_enriched,112722,1.0,confirmed,{}
fund:112723,fund,112723,라이징K리츠(A),이지스 라이징 K리츠 부동산투자신탁(리츠-재간접형)A class | 청산 | 지분증권,v_funds_enriched,112723,1.0,confirmed,{}
fund:112724,fund,112724,라이징K리츠(A-e),이지스 라이징 K리츠 부동산투자신탁(리츠-재간접형)A-e class | 청산 | 지분증권,v_funds_enriched,112724,1.0,confirmed,{}
fund:112725,fund,112725,라이징K리츠(A-G),이지스 라이징 K리츠 부동산투자신탁(리츠-재간접형)A-G class | 청산 | 지분증권,v_funds_enriched,112725,1.0,confirmed,{}
fund:112726,fund,112726,라이징K리츠(C),이지스 라이징 K리츠 부동산투자신탁(리츠-재간접형)C class | 청산 | 지분증권,v_funds_enriched,112726,1.0,confirmed,{}
fund:112727,fund,112727,라이징K리츠(C-e),이지스 라이징 K리츠 부동산투자신탁(리츠-재간접형)C-e class | 청산 | 지분증권,v_funds_enriched,112727,1.0,confirmed,{}
fund:112728,fund,112728,라이징K리츠(C-G),이지스 라이징 K리츠 부동산투자신탁(리츠-재간접형)C-G class | 청산 | 지분증권,v_funds_enriched,112728,1.0,confirmed,{}
fund:112729,fund,112729,라이징K리츠(C-F),이지스 라이징 K리츠 부동산투자신탁(리츠-재간접형)C-F class | 청산 | 지분증권,v_funds_enriched,112729,1.0,confirmed,{}
fund:112730,fund,112730,라이징K리츠(C-I),이지스 라이징 K리츠 부동산투자신탁(리츠-재간접형)C-I class | 청산 | 지분증권,v_funds_enriched,112730,1.0,confirmed,{}
fund:112731,fund,112731,라이징K리츠(C-P),이지스 라이징 K리츠 부동산투자신탁(리츠-재간접형)C-P class | 청산 | 지분증권,v_funds_enriched,112731,1.0,confirmed,{}
fund:112732,fund,112732,라이징K리츠(C-Pe),이지스 라이징 K리츠 부동산투자신탁(리츠-재간접형)C-Pe class | 청산 | 지분증권,v_funds_enriched,112732,1.0,confirmed,{}
fund:112733,fund,112733,라이징K리츠(C-P2),이지스 라이징 K리츠 부동산투자신탁(리츠-재간접형)C-P2 class | 청산 | 지분증권,v_funds_enriched,112733,1.0,confirmed,{}
fund:112734,fund,112734,라이징K리츠(C-P2e),이지스 라이징 K리츠 부동산투자신탁(리츠-재간접형)C-P2e class | 청산 | 지분증권,v_funds_enriched,112734,1.0,confirmed,{}
fund:112735,fund,112735,라이징K리츠(C-W),이지스 라이징 K리츠 부동산투자신탁(리츠-재간접형)C-W class | 청산 | 지분증권,v_funds_enriched,112735,1.0,confirmed,{}
fund:112736,fund,112736,라이징K리츠(S),이지스 라이징 K리츠 부동산투자신탁(리츠-재간접형)S class | 청산 | 지분증권,v_funds_enriched,112736,1.0,confirmed,{}
fund:112737,fund,112737,라이징K리츠(S-P),이지스 라이징 K리츠 부동산투자신탁(리츠-재간접형)S-P class | 청산 | 지분증권,v_funds_enriched,112737,1.0,confirmed,{}
fund:112738,fund,112738,라이징K리츠(S-P2),이지스 라이징 K리츠 부동산투자신탁(리츠-재간접형)S-P2 class | 청산 | 지분증권,v_funds_enriched,112738,1.0,confirmed,{}
fund:112739,fund,112739,487호,이지스아폴로유럽디스트레스일반사모투자신탁487호 | 운용 | 기타,v_funds_enriched,112739,1.0,confirmed,{}
fund:112740,fund,112740,멀티인컴2호,이지스 멀티인컴 일반사모투자신탁 제2호(운용) | 청산 | 기타,v_funds_enriched,112740,1.0,confirmed,{}
fund:112741,fund,112741,멀티인컴2호(A),이지스 멀티인컴 일반사모투자신탁 제2호 Class A | 청산 | 기타,v_funds_enriched,112741,1.0,confirmed,{}
fund:112742,fund,112742,멀티인컴2호(C),이지스 멀티인컴 일반사모투자신탁 제2호 Class C | 청산 | 기타,v_funds_enriched,112742,1.0,confirmed,{}
fund:112743,fund,112743,멀티인컴2호(C-I),이지스 멀티인컴 일반사모투자신탁 제2호 Class C-I | 청산 | 기타,v_funds_enriched,112743,1.0,confirmed,{}
fund:112744,fund,112744,공모주1호,이지스 공모주 일반사모투자신탁 제1호 | 운용 | 기타,v_funds_enriched,112744,1.0,confirmed,{}
fund:112745,fund,112745,501호,이지스일반사모부동산자투자신탁제501호(운용) | 운용 | 데이터센터,v_funds_enriched,112745,1.0,confirmed,{}
fund:112746,fund,112746,501호(1종),이지스일반사모부동산자투자신탁제501호(1종) | 청산 | 데이터센터,v_funds_enriched,112746,1.0,confirmed,{}
fund:112747,fund,112747,501호(2종),이지스일반사모부동산자투자신탁제501호(2종) | 청산 | 데이터센터,v_funds_enriched,112747,1.0,confirmed,{}
fund:112748,fund,112748,안산,이지스안산부동산일반사모모투자회사 | 운용 | 데이터센터,v_funds_enriched,112748,1.0,confirmed,{}
fund:112749,fund,112749,장기지분형1-1호(1종),이지스장기지분형일반사모부동산자투자신탁제1-1호(1종) | 운용 | 물류,v_funds_enriched,112749,1.0,confirmed,{}
fund:112750,fund,112750,장기지분형1-1호(2종),이지스장기지분형일반사모부동산자투자신탁제1-1호(2종) | 청산 | 물류,v_funds_enriched,112750,1.0,confirmed,{}
fund:112751,fund,112751,인컴앤그로스2-4호,이지스인컴앤그로스제2의4호일반사모부동산모투자회사 | 운용 | 물류,v_funds_enriched,112751,1.0,confirmed,{}
fund:112752,fund,112752,387호,이지스제387호부동산일반사모투자회사 | 미설정,v_funds_enriched,112752,1.0,confirmed,{}
fund:112753,fund,112753,490호,이지스제490호부동산일반사모투자회사 | 미설정,v_funds_enriched,112753,1.0,confirmed,{}
fund:112754,fund,112754,리츠온1호,이지스 리츠온(REITs ON) 일반사모투자신탁 제1호 | 미설정,v_funds_enriched,112754,1.0,confirmed,{}
fund:112755,fund,112755,505호,이지스제505호부동산일반사모투자회사 | 운용 | 물류,v_funds_enriched,112755,1.0,confirmed,{}
fund:112756,fund,112756,T-프런티어1호,이지스T-프런티어일반사모투자신탁제1호(운용) | 운용 | 기타,v_funds_enriched,112756,1.0,confirmed,{}
fund:112757,fund,112757,T-프런티어1호(A),이지스코어멀티에셋EMP일반사모투자신탁제1호(Class A) | 미설정 | 기타,v_funds_enriched,112757,1.0,confirmed,{}
fund:112758,fund,112758,T-프런티어1호(C),이지스코어멀티에셋EMP일반사모투자신탁제1호(Class C) | 미설정 | 기타,v_funds_enriched,112758,1.0,confirmed,{}
fund:112759,fund,112759,T-프런티어1호(C-i),이지스T-프런티어일반사모투자신탁제1호(Class C-i) | 운용 | 기타,v_funds_enriched,112759,1.0,confirmed,{}
fund:112760,fund,112760,T-프런티어1호(C-S),이지스T-프런티어일반사모투자신탁제1호(Class C-S) | 운용 | 기타,v_funds_enriched,112760,1.0,confirmed,{}
fund:112761,fund,112761,API,Asia Platform Investment | 운용,v_funds_enriched,112761,1.0,confirmed,{}
fund:112762,fund,112762,KDCIP 2호(기획),Korea Data Center Investment Platform II (기획) | 미설정 | 데이터센터,v_funds_enriched,112762,1.0,confirmed,{}
fund:112763,fund,112763,멀티인컴3호,이지스 멀티인컴 일반사모투자신탁 제3호 | 청산 | 기타,v_funds_enriched,112763,1.0,confirmed,{}
fund:112764,fund,112764,리빙플랫폼2호,이지스리빙플랫폼일반사모부동산자투자신탁제2호 | 설정예정 | 주거,v_funds_enriched,112764,1.0,confirmed,{}
fund:112765,fund,112765,기회추구3호,이지스기회추구일반사모부동산자투자신탁제3호 | 설정예정 | 복합(오피스),v_funds_enriched,112765,1.0,confirmed,{}
fund:112766,fund,112766,라이프사이언스1호,IGIS Korea Life Science Investment Platform I | 설정예정 | 기타,v_funds_enriched,112766,1.0,confirmed,{}
fund:112767,fund,112767,시니어하우징 1호,IGIS Senior Living Platform I | 설정예정 | 주거,v_funds_enriched,112767,1.0,confirmed,{}
fund:112768,fund,112768,스튜디오 1호,IGIS Korea Studio Investment Platform I | 미설정 | 기타,v_funds_enriched,112768,1.0,confirmed,{}
fund:112769,fund,112769,비즈성장 2호,이지스비즈성장공간플랫폼일반사모부동산투자신탁제2호 | 미설정,v_funds_enriched,112769,1.0,confirmed,{}
fund:112770,fund,112770,부동산대출 3호,이지스부동산대출일반사모부동산투자신탁제3호 | 설정예정 | 대출채권,v_funds_enriched,112770,1.0,confirmed,{}
fund:112772,fund,112772,ISP 1호,IGIS Strategic Partnership I | 설정예정 | 기타,v_funds_enriched,112772,1.0,confirmed,{}
fund:112773,fund,112773,KCIP 1호,IGIS Korea Credit Investment Platform I | 미설정 | 대출채권,v_funds_enriched,112773,1.0,confirmed,{}
fund:112774,fund,112774,508호(운용),이지스일반사모부동산투자신탁제508호(운용) | 운용 | 지분증권,v_funds_enriched,112774,1.0,confirmed,{}
fund:112775,fund,112775,508호(1종),이지스일반사모부동산투자신탁제508호(1종) | 운용 | 지분증권,v_funds_enriched,112775,1.0,confirmed,{}
fund:112776,fund,112776,508호(2종),이지스일반사모부동산투자신탁제508호(2종) | 운용 | 지분증권,v_funds_enriched,112776,1.0,confirmed,{}
fund:112777,fund,112777,508호(3종),이지스일반사모부동산투자신탁제508호(3종) | 운용 | 지분증권,v_funds_enriched,112777,1.0,confirmed,{}
fund:112778,fund,112778,502호,이지스제502호부동산일반사모투자회사(운용) | 운용 | 오피스,v_funds_enriched,112778,1.0,confirmed,{}
fund:112779,fund,112779,502호(1종),이지스제502호부동산일반사모투자회사(1종) | 운용 | 오피스,v_funds_enriched,112779,1.0,confirmed,{}
fund:112780,fund,112780,502호(보통주),이지스제502호부동산일반사모투자회사(보통주) | 운용 | 오피스,v_funds_enriched,112780,1.0,confirmed,{}
fund:112781,fund,112781,K본드알파1호,이지스 K본드알파 일반사모투자신탁 제1호(운용) | 청산 | 기타,v_funds_enriched,112781,1.0,confirmed,{}
fund:112782,fund,112782,멀티플러스1호,이지스 멀티플러스 일반사모투자신탁 제1호 | 청산 | 기타,v_funds_enriched,112782,1.0,confirmed,{}
fund:112783,fund,112783,K본드알파1호(C),이지스 K본드알파 일반사모투자신탁 제1호(Class C) | 청산 | 기타,v_funds_enriched,112783,1.0,confirmed,{}
fund:112784,fund,112784,K본드알파1호(C-i),이지스 K본드알파 일반사모투자신탁 제1호(Class C-i) | 청산 | 기타,v_funds_enriched,112784,1.0,confirmed,{}
fund:112785,fund,112785,482호,이지스일반사모부동산자투자신탁제482호(운용) | 운용 | 주거,v_funds_enriched,112785,1.0,confirmed,{}
fund:112786,fund,112786,482호(1종),이지스일반사모부동산자투자신탁제482호(1종) | 운용 | 주거,v_funds_enriched,112786,1.0,confirmed,{}
fund:112787,fund,112787,482호(2종),이지스일반사모부동산자투자신탁제482호(2종) | 운용 | 주거,v_funds_enriched,112787,1.0,confirmed,{}
fund:112788,fund,112788,482호(3종),이지스일반사모부동산자투자신탁제482호(3종) | 운용 | 주거,v_funds_enriched,112788,1.0,confirmed,{}
fund:112789,fund,112789,482-1호,이지스일반사모부동산모투자회사제482의1호 | 운용 | 주거,v_funds_enriched,112789,1.0,confirmed,{}
fund:112790,fund,112790,503호,이지스글로벌일반사모부동산투자신탁503호(재간접형) | 운용 | 기타,v_funds_enriched,112790,1.0,confirmed,{}
fund:112791,fund,112791,리빙플랫폼1호(3종),이지스리빙플랫폼일반사모부동산자투자신탁제1호(3종) | 운용 | 지분증권,v_funds_enriched,112791,1.0,confirmed,{}
fund:112792,fund,112792,149호(1종),이지스일반사모부동산투자신탁149호(1종) | 운용 | 리테일,v_funds_enriched,112792,1.0,confirmed,{}
fund:112793,fund,112793,149호(2종),이지스일반사모부동산투자신탁149호(2종) | 운용 | 리테일,v_funds_enriched,112793,1.0,confirmed,{}
fund:112794,fund,112794,510호,이지스제510호부동산일반사모투자회사 | 운용 | 오피스,v_funds_enriched,112794,1.0,confirmed,{}
fund:112795,fund,112795,491호,이지스스텝스톤세컨더리일반사모투자신탁491호 | 운용 | 기타,v_funds_enriched,112795,1.0,confirmed,{}
fund:112796,fund,112796,18A호(1종),이지스일반사모부동산자투자신탁18A호(1종) | 청산 | 리테일,v_funds_enriched,112796,1.0,confirmed,{}
fund:112797,fund,112797,18A호(2종),이지스일반사모부동산자투자신탁18A호(2종) | 운용 | 지분증권,v_funds_enriched,112797,1.0,confirmed,{}
fund:112798,fund,112798,천호SS(운용),이지스천호스페셜시츄에이션일반사모부동산투자신탁(운용) | 청산 | NPL,v_funds_enriched,112798,1.0,confirmed,{}
fund:112799,fund,112799,천호SS(1종),이지스천호스페셜시츄에이션일반사모부동산투자신탁(1종) | 청산 | NPL,v_funds_enriched,112799,1.0,confirmed,{}
fund:112800,fund,112800,천호SS(2종),이지스천호스페셜시츄에이션일반사모부동산투자신탁(2종) | 청산 | NPL,v_funds_enriched,112800,1.0,confirmed,{}
fund:112801,fund,112801,기회추구2-3호,이지스기회추구일반사모부동산모투자신탁제2-3호 | 미설정,v_funds_enriched,112801,1.0,confirmed,{}
fund:112802,fund,112802,KDCIP 2호,이지스플랫폼케이디씨아이피2부동산일반사모투자회사 | 운용 | 데이터센터,v_funds_enriched,112802,1.0,confirmed,{}
fund:112803,fund,112803,494호,이지스아디안유럽인프라일반사모혼합자산투자신탁제494호(재간접) | 운용 | 특별자산,v_funds_enriched,112803,1.0,confirmed,{}
fund:112804,fund,112804,439호(A종),이지스일반사모부동산투자신탁제439호(A종) | 운용 | 데이터센터,v_funds_enriched,112804,1.0,confirmed,{}
fund:112805,fund,112805,439호(B종),이지스일반사모부동산투자신탁제439호(B종) | 운용 | 데이터센터,v_funds_enriched,112805,1.0,confirmed,{}
fund:120001,fund,120001,517-1호,이지스일반사모부동산자투자신탁제517의1호 | 운용 | 복합(주거),v_funds_enriched,120001,1.0,confirmed,{}
fund:120002,fund,120002,서초SS,이지스서초스페셜시츄에이션일반사모부동산투자신탁 | 청산 | NPL,v_funds_enriched,120002,1.0,confirmed,{}
fund:120003,fund,120003,517-1호(1종),이지스일반사모부동산자투자신탁제517의1호(1의1종) | 운용 | 복합(주거),v_funds_enriched,120003,1.0,confirmed,{}
fund:120004,fund,120004,517-1호(2종),이지스일반사모부동산자투자신탁제517의1호(1의2종) | 운용 | 복합(주거),v_funds_enriched,120004,1.0,confirmed,{}
fund:120005,fund,120005,517-1호(3종),이지스일반사모부동산자투자신탁제517의1호(1의3종) | 운용 | 복합(주거),v_funds_enriched,120005,1.0,confirmed,{}
fund:120006,fund,120006,517-1호(4종),이지스일반사모부동산자투자신탁제517의1호(1의4종) | 운용 | 복합(주거),v_funds_enriched,120006,1.0,confirmed,{}
fund:120007,fund,120007,517-1호(5종),이지스일반사모부동산자투자신탁제517의1호(1의5종) | 운용 | 복합(주거),v_funds_enriched,120007,1.0,confirmed,{}
fund:120008,fund,120008,518호,이지스용산오피스일반사모부동산투자신탁제518호 | 운용 | 오피스,v_funds_enriched,120008,1.0,confirmed,{}
fund:120009,fund,120009,518호(1종),이지스용산오피스일반사모부동산투자신탁제518호(1종) | 운용 | 오피스,v_funds_enriched,120009,1.0,confirmed,{}
fund:120010,fund,120010,518호(2종),이지스용산오피스일반사모부동산투자신탁제518호(2종) | 운용 | 오피스,v_funds_enriched,120010,1.0,confirmed,{}
fund:120011,fund,120011,263호(3종),이지스전문투자형사모부동산투자신탁263호 3종 | 운용 | 주거,v_funds_enriched,120011,1.0,confirmed,{}
fund:120012,fund,120012,524호,이지스일반사모부동산투자신탁제524호 | 운용 | 지분증권,v_funds_enriched,120012,1.0,confirmed,{}
fund:120013,fund,120013,524호(1종),이지스일반사모부동산투자신탁제524호(1종) | 운용 | 지분증권,v_funds_enriched,120013,1.0,confirmed,{}
fund:120014,fund,120014,524호(2종),이지스일반사모부동산투자신탁제524호(2종) | 운용 | 지분증권,v_funds_enriched,120014,1.0,confirmed,{}
fund:120015,fund,120015,도심포트폴리오,이지스도심포트폴리오일반사모투자신탁 | 운용 | 리테일,v_funds_enriched,120015,1.0,confirmed,{}
fund:120016,fund,120016,421호(C종),이지스일반사모부동산투자신탁421호(C종) | 운용 | 지분증권,v_funds_enriched,120016,1.0,confirmed,{}
fund:120017,fund,120017,534호,이지스일반사모투자신탁534호 | 운용 | 지분증권,v_funds_enriched,120017,1.0,confirmed,{}
fund:120018,fund,120018,랜드플랫폼1-2호,이지스랜드플랫폼일반사모부동산투자신탁제1-2호 | 청산 | 지분증권,v_funds_enriched,120018,1.0,confirmed,{}
fund:120019,fund,120019,472호(A종),이지스제472호일반사모부동산투자회사(A종) | 운용 | 데이터센터,v_funds_enriched,120019,1.0,confirmed,{}
fund:120020,fund,120020,주거후순위PF,이지스주거분양후순위PF 제1호 | 미설정 | 대출채권,v_funds_enriched,120020,1.0,confirmed,{}
fund:120022,fund,120022,랜드플랫폼,이지스랜드플랫폼일반사모부동산투자신탁 | 운용,v_funds_enriched,120022,1.0,confirmed,{}
fund:120023,fund,120023,애월엔터,애월엔터테인먼트일반사모투자신탁 | 운용 | 지분증권,v_funds_enriched,120023,1.0,confirmed,{}
fund:120024,fund,120024,애월엔터1종,애월엔터테인먼트일반사모투자신탁(1종) | 운용 | 지분증권,v_funds_enriched,120024,1.0,confirmed,{}
fund:120025,fund,120025,애월엔터2종,애월엔터테인먼트일반사모투자신탁(2종) | 운용 | 지분증권,v_funds_enriched,120025,1.0,confirmed,{}
fund:120026,fund,120026,97호(F2),이지스일반사모부동산투자신탁97호(Class F2) | 운용 | 오피스,v_funds_enriched,120026,1.0,confirmed,{}
fund:120027,fund,120027,451호(3종),이지스일반사모부동산투자신탁제451호(3종) | 운용 | 물류,v_funds_enriched,120027,1.0,confirmed,{}
fund:120028,fund,120028,인컴앤그로스2-4-4호,이지스인컴앤그로스제2의4의4호일반사모부동산자투자회사 | 운용 | 물류,v_funds_enriched,120028,1.0,confirmed,{}
fund:120029,fund,120029,인컴앤그로스2-4-4호(1종),이지스인컴앤그로스제2의4의4호일반사모부동산자투자회사(1종) | 운용 | 물류,v_funds_enriched,120029,1.0,confirmed,{}
fund:120030,fund,120030,인컴앤그로스2-4-4호(보통주),이지스인컴앤그로스제2의4의4호일반사모부동산자투자회사(보통주) | 운용 | 물류,v_funds_enriched,120030,1.0,confirmed,{}
fund:120031,fund,120031,랜드플랫폼1-3호,이지스랜드플랫폼일반사모부동산투자신탁제1-3호(운용) | 운용 | 지분증권,v_funds_enriched,120031,1.0,confirmed,{}
fund:120032,fund,120032,랜드플랫폼1-3호(1종),이지스랜드플랫폼일반사모부동산투자신탁제1-3호(1종) | 운용 | 지분증권,v_funds_enriched,120032,1.0,confirmed,{}
fund:120033,fund,120033,랜드플랫폼1-3호(2종),이지스랜드플랫폼일반사모부동산투자신탁제1-3호(2종) | 운용 | 지분증권,v_funds_enriched,120033,1.0,confirmed,{}
fund:120034,fund,120034,랜드플랫폼1-3호(3종),이지스랜드플랫폼일반사모부동산투자신탁제1-3호(3종) | 운용 | 지분증권,v_funds_enriched,120034,1.0,confirmed,{}
fund:120035,fund,120035,랜드플랫폼1-3호(4종),이지스랜드플랫폼일반사모부동산투자신탁제1-3호(4종) | 운용 | 지분증권,v_funds_enriched,120035,1.0,confirmed,{}
fund:120037,fund,120037,성수 PF재구조화(운용),이지스 성수PF재구조화 일반사모부동산투자신탁(운용) | 청산 | NPL,v_funds_enriched,120037,1.0,confirmed,{}
fund:120038,fund,120038,국내PF재구조화1-1호(모),이지스국내PF재구조화 일반사모부동산모투자신탁 제1-1호 | 청산 | NPL,v_funds_enriched,120038,1.0,confirmed,{}
fund:120039,fund,120039,국내PF재구조화1호(자),이지스국내PF재구조화 일반사모부동산자투자신탁 제1호 | 운용 | NPL,v_funds_enriched,120039,1.0,confirmed,{}
fund:120040,fund,120040,성수 PF재구조화(1종),이지스 성수PF재구조화 일반사모부동산투자신탁(1종) | 청산 | NPL,v_funds_enriched,120040,1.0,confirmed,{}
fund:120041,fund,120041,성수 PF재구조화(2종),이지스 성수PF재구조화 일반사모부동산투자신탁(2종) | 청산 | NPL,v_funds_enriched,120041,1.0,confirmed,{}
fund:120042,fund,120042,200호(1종),이지스제200호일반사모부동산투자유한회사(1종) | 운용 | 주거,v_funds_enriched,120042,1.0,confirmed,{}
fund:120043,fund,120043,200호(2종),이지스제200호일반사모부동산투자유한회사(2종) | 운용 | 주거,v_funds_enriched,120043,1.0,confirmed,{}
fund:120044,fund,120044,산단1호,이지스산업단지환경개선일반사모부동산투자신탁제1호 | 운용 | 지분증권,v_funds_enriched,120044,1.0,confirmed,{}
fund:120045,fund,120045,코어에너지1호,이지스코어에너지인프라일반사모투자신탁제1호 | 운용 | 특별자산,v_funds_enriched,120045,1.0,confirmed,{}
fund:120046,fund,120046,코어인프라1호(1종),이지스코어에너지인프라일반사모투자신탁제1호(1종) | 운용 | 특별자산,v_funds_enriched,120046,1.0,confirmed,{}
fund:120047,fund,120047,코어인프라1호(2종),이지스코어에너지인프라일반사모투자신탁제1호(2종) | 운용 | 특별자산,v_funds_enriched,120047,1.0,confirmed,{}
fund:120048,fund,120048,코어인프라1-A호,이지스코어에너지인프라일반사모투자신탁제1-A호 | 운용 | 특별자산,v_funds_enriched,120048,1.0,confirmed,{}
fund:120049,fund,120049,국내PF재구조화1-2호(모),이지스국내PF재구조화일반사모부동산모투자신탁제1-2호 | 청산 | NPL,v_funds_enriched,120049,1.0,confirmed,{}
fund:120050,fund,120050,수서PF,이지스수서PF재구조화일반사모부동산투자신탁 | 청산 | NPL,v_funds_enriched,120050,1.0,confirmed,{}
fund:120051,fund,120051,수서PF(1종),이지스수서PF재구조화일반사모부동산투자신탁(1종) | 청산 | NPL,v_funds_enriched,120051,1.0,confirmed,{}
fund:120052,fund,120052,수서PF(2종),이지스수서PF재구조화일반사모부동산투자신탁(2종) | 청산 | NPL,v_funds_enriched,120052,1.0,confirmed,{}
fund:120053,fund,120053,모빌리티1호,이지스한국모빌리티일반사모투자신탁제1호 | 운용 | 특별자산,v_funds_enriched,120053,1.0,confirmed,{}
fund:120054,fund,120054,42호(1종),이지스일반사모부동산투자신탁42호(1종) | 미설정,v_funds_enriched,120054,1.0,confirmed,{}
fund:120055,fund,120055,42호(2종),이지스일반사모부동산투자신탁42호(2종) | 운용 | 오피스,v_funds_enriched,120055,1.0,confirmed,{}
fund:120056,fund,120056,NPL4호,이지스NPL일반사모부동산투자신탁제4호 | 운용 | NPL,v_funds_enriched,120056,1.0,confirmed,{}
fund:120057,fund,120057,SBW턴어라운드,이지스SBW턴어라운드일반사모투자신탁 | 청산 | NPL,v_funds_enriched,120057,1.0,confirmed,{}
fund:120058,fund,120058,장기지분형1-2호,이지스장기지분형일반사모부동산투자신탁제1-2호 | 운용 | 지분증권,v_funds_enriched,120058,1.0,confirmed,{}
fund:120059,fund,120059,반포1호,이지스반포스페셜시츄에이션일반사모부동산투자신탁제1호 | 청산 | NPL,v_funds_enriched,120059,1.0,confirmed,{}
fund:120060,fund,120060,반포1-1호,이지스반포스페셜시츄에이션일반사모부동산투자신탁제1-1호 | 청산 | NPL,v_funds_enriched,120060,1.0,confirmed,{}
fund:120061,fund,120061,501호(3종),이지스일반사모부동산자투자신탁제501호(3종) | 운용 | 데이터센터,v_funds_enriched,120061,1.0,confirmed,{}
fund:120062,fund,120062,562호,이지스일반사모부동산모투자회사제562호 | 운용 | 복합(주거),v_funds_enriched,120062,1.0,confirmed,{}
fund:120063,fund,120063,562의1호,이지스일반사모부동산자투자신탁제562의1호 | 운용 | 복합(주거),v_funds_enriched,120063,1.0,confirmed,{}
fund:120064,fund,120064,562의1호(1종),이지스일반사모부동산자투자신탁제562의1호(1종) | 운용 | 복합(주거),v_funds_enriched,120064,1.0,confirmed,{}
fund:120065,fund,120065,562의1호(2종),이지스일반사모부동산자투자신탁제562의1호(2종) | 운용 | 복합(주거),v_funds_enriched,120065,1.0,confirmed,{}
fund:120066,fund,120066,562의1호(3종),이지스일반사모부동산자투자신탁제562의1호(3종) | 운용 | 복합(주거),v_funds_enriched,120066,1.0,confirmed,{}
fund:120067,fund,120067,562의1호(4종),이지스일반사모부동산자투자신탁제562의1호(4종) | 운용 | 복합(주거),v_funds_enriched,120067,1.0,confirmed,{}
fund:120068,fund,120068,562의1호(5종),이지스일반사모부동산자투자신탁제562의1호(5종) | 운용 | 복합(주거),v_funds_enriched,120068,1.0,confirmed,{}
fund:120069,fund,120069,562의1호(6종),이지스일반사모부동산자투자신탁제562의1호(6종) | 설정예정 | 복합(주거),v_funds_enriched,120069,1.0,confirmed,{}
fund:120070,fund,120070,555호,이지스제555호부동산일반사모투자회사 | 운용 | 복합(오피스),v_funds_enriched,120070,1.0,confirmed,{}
fund:120071,fund,120071,10호(1종),이지스KORIF일반사모부동산투자신탁10호(1종) | 청산,v_funds_enriched,120071,1.0,confirmed,{}
fund:120072,fund,120072,10호(2종),이지스KORIF일반사모부동산투자신탁10호(2종) | 운용 | 복합(오피스),v_funds_enriched,120072,1.0,confirmed,{}
fund:120073,fund,120073,송도SS,이지스송도스페셜시츄에이션일반사모부동산투자신탁 | 미설정 | NPL,v_funds_enriched,120073,1.0,confirmed,{}
fund:120074,fund,120074,567호,이지스일반사모부동산투자신탁567호 | 운용 | 오피스,v_funds_enriched,120074,1.0,confirmed,{}
fund:120075,fund,120075,43-3호,이지스일반사모부동산자투자신탁43-3호 | 설정예정 | 호텔,v_funds_enriched,120075,1.0,confirmed,{}
fund:120076,fund,120076,경산 SS1호,이지스경산스페셜시츄에이션일반사모부동산투자신탁제1호 | 운용 | NPL,v_funds_enriched,120076,1.0,confirmed,{}
fund:120077,fund,120077,경산물류1호,이지스경산물류제1호일반사모부동산투자회사 | 미설정 | 물류,v_funds_enriched,120077,1.0,confirmed,{}
fund:120081,fund,120081,경산로지스1-1호,이지스경산로지스일반사모부동산투자신탁제1-1호(운용) | 운용 | 물류,v_funds_enriched,120081,1.0,confirmed,{}
fund:120082,fund,120082,경산로지스1-1호(1종),이지스경산로지스일반사모부동산투자신탁제1-1호(1종) | 운용 | 물류,v_funds_enriched,120082,1.0,confirmed,{}
fund:120083,fund,120083,경산로지스1-1호(2종),이지스경산로지스일반사모부동산투자신탁제1-1호(2종) | 청산 | 물류,v_funds_enriched,120083,1.0,confirmed,{}
fund:120084,fund,120084,산단2호,이지스산업단지환경개선일반사모부동산투자신탁제2호 | 운용 | 지분증권,v_funds_enriched,120084,1.0,confirmed,{}
fund:120085,fund,120085,경산로지스1호,이지스경산로지스제1호일반사모부동산투자회사(운용) | 운용 | 물류,v_funds_enriched,120085,1.0,confirmed,{}
fund:120086,fund,120086,경산로지스1호(보통주식),이지스경산로지스제1호일반사모부동산투자회사(보통주) | 운용 | 물류,v_funds_enriched,120086,1.0,confirmed,{}
fund:120087,fund,120087,경산로지스1호(1종),이지스경산로지스제1호일반사모부동산투자회사(1종) | 운용 | 물류,v_funds_enriched,120087,1.0,confirmed,{}
fund:120088,fund,120088,경산로지스1호(2종),이지스경산로지스제1호일반사모부동산투자회사(2종) | 청산 | 물류,v_funds_enriched,120088,1.0,confirmed,{}
fund:120089,fund,120089,395호(1-1종),이지스제395호전문투자형사모부동산투자유한회사(1-1종) | 운용 | 주거,v_funds_enriched,120089,1.0,confirmed,{}
fund:120090,fund,120090,395호(2-1종),이지스제395호전문투자형사모부동산투자유한회사(2-1종) | 운용 | 주거,v_funds_enriched,120090,1.0,confirmed,{}
fund:120091,fund,120091,RE100솔라1호,이지스RE100솔라일반사모투자신탁제1호(운용) | 운용 | 특별자산,v_funds_enriched,120091,1.0,confirmed,{}
fund:120092,fund,120092,RE100솔라1호(1종),이지스RE100솔라일반사모투자신탁제1호(1종) | 운용 | 특별자산,v_funds_enriched,120092,1.0,confirmed,{}
fund:120093,fund,120093,RE100솔라1호(2종),이지스RE100솔라일반사모투자신탁제1호(2종) | 운용 | 특별자산,v_funds_enriched,120093,1.0,confirmed,{}
fund:120094,fund,120094,장기지분형1-3호,이지스장기지분형일반사모부동산투자신탁제1-3호 | 운용 | 지분증권,v_funds_enriched,120094,1.0,confirmed,{}
fund:120095,fund,120095,코어플랫폼3호,이지스코어플랫폼일반사모자투자신탁제3호 | 설정예정 | 복합(오피스),v_funds_enriched,120095,1.0,confirmed,{}
fund:120096,fund,120096,재구조화선순위대출,이지스재구조화선순위대출일반사모부동산투자신탁 | 설정예정 | 대출채권,v_funds_enriched,120096,1.0,confirmed,{}
fund:120097,fund,120097,항만현대화1호,이지스항만현대화인프라일반사모투자신탁제1호 | 설정예정 | 특별자산,v_funds_enriched,120097,1.0,confirmed,{}
fund:120098,fund,120098,372호(3종),이지스국내오피스일반사모부동산투자신탁제372호(3종) | 운용 | 오피스,v_funds_enriched,120098,1.0,confirmed,{}
fund:120099,fund,120099,용산PF재구조화1호,이지스용산PF재구조화일반사모부동산투자신탁제1호 | 운용 | 오피스,v_funds_enriched,120099,1.0,confirmed,{}
fund:120100,fund,120100,용산PF재구조화1호(1종),이지스용산PF재구조화일반사모부동산투자신탁제1호(1종) | 운용 | 오피스,v_funds_enriched,120100,1.0,confirmed,{}
fund:120101,fund,120101,용산PF재구조화1호(2종),이지스용산PF재구조화일반사모부동산투자신탁제1호(2종) | 운용 | 오피스,v_funds_enriched,120101,1.0,confirmed,{}
fund:120102,fund,120102,국내PF재구조화1-3호(모),이지스국내PF재구조화일반사모부동산모투자신탁제1-3호 | 운용 | NPL,v_funds_enriched,120102,1.0,confirmed,{}
fund:120103,fund,120103,501호(4종),이지스일반사모부동산자투자신탁제501호(4종) | 운용 | 데이터센터,v_funds_enriched,120103,1.0,confirmed,{}
fund:120104,fund,120104,코어에너지인프라2호,이지스코어에너지인프라일반사모투자신탁제2호 | 운용 | 특별자산,v_funds_enriched,120104,1.0,confirmed,{}
fund:120105,fund,120105,제330호(F1종),이지스일반사모부동산투자신탁제330호(F1종) | 운용 | 복합(리테일),v_funds_enriched,120105,1.0,confirmed,{}
fund:120106,fund,120106,130-4호,이지스일반사모부동산자투자신탁제130-4호 | 청산 | 오피스,v_funds_enriched,120106,1.0,confirmed,{}
fund:120107,fund,120107,130-5호,이지스일반사모부동산자투자신탁제130-5호 | 청산 | 오피스,v_funds_enriched,120107,1.0,confirmed,{}
fund:120108,fund,120108,424호(우선주식1-1),이지스제424호전문투자형사모부동산투자회사(우선주식1-1) | 청산 | 오피스,v_funds_enriched,120108,1.0,confirmed,{}
fund:120109,fund,120109,424호(보통주식1-1),이지스제424호전문투자형사모부동산투자회사(보통주식1-1) | 청산 | 오피스,v_funds_enriched,120109,1.0,confirmed,{}
fund:120110,fund,120110,130호(1종),이지스일반사모부동산모투자신탁제130호(1종) | 청산 | 오피스,v_funds_enriched,120110,1.0,confirmed,{}
fund:120111,fund,120111,130호(1-1종),이지스일반사모부동산모투자신탁제130호(1-1종) | 청산 | 오피스,v_funds_enriched,120111,1.0,confirmed,{}
fund:120112,fund,120112,130호(2-1종),이지스일반사모부동산모투자신탁제130호(2-1종) | 청산 | 오피스,v_funds_enriched,120112,1.0,confirmed,{}
fund:120113,fund,120113,421호(C-1종),이지스일반사모부동산투자신탁421호(C-1종) | 운용 | 지분증권,v_funds_enriched,120113,1.0,confirmed,{}
fund:120114,fund,120114,스카이로지스(보통주),스카이로지스사모부동산투자회사(보통주) | 운용 | 물류,v_funds_enriched,120114,1.0,confirmed,{}
fund:120115,fund,120115,스카이로지스(1종),스카이로지스사모부동산투자회사(1종) | 운용 | 물류,v_funds_enriched,120115,1.0,confirmed,{}
fund:120116,fund,120116,스카이로지스(2종),스카이로지스사모부동산투자회사(2종) | 운용 | 물류,v_funds_enriched,120116,1.0,confirmed,{}
fund:120117,fund,120117,스카이로지스(3종),스카이로지스사모부동산투자회사(3종) | 운용 | 물류,v_funds_enriched,120117,1.0,confirmed,{}
fund:120118,fund,120118,451호(최우선),이지스일반사모부동산투자신탁제451호(최우선) | 운용 | 물류,v_funds_enriched,120118,1.0,confirmed,{}
fund:120119,fund,120119,국내PF재구조화1-4호(모),이지스국내PF재구조화일반사모부동산모투자신탁제1-4호 | 운용 | 물류,v_funds_enriched,120119,1.0,confirmed,{}
fund:120120,fund,120120,72호(1종),이지스일반사모부동산투자신탁72호(1종) | 운용 | 호텔,v_funds_enriched,120120,1.0,confirmed,{}
fund:120121,fund,120121,72호(2종),이지스일반사모부동산투자신탁72호(2종) | 운용 | 호텔,v_funds_enriched,120121,1.0,confirmed,{}
fund:120122,fund,120122,실물우선주2호,이지스실물우선주일반사모부동산투자신탁제2호 | 설정예정 | 지분증권,v_funds_enriched,120122,1.0,confirmed,{}
fund:120123,fund,120123,부동산대출 2호,이지스부동산대출일반사모부동산투자신탁제2호 | 설정예정 | 대출채권,v_funds_enriched,120123,1.0,confirmed,{}
fund:120124,fund,120124,부동산대출 2호(1종),이지스부동산대출일반사모부동산투자신탁제2호(1종) | 운용 | 대출채권,v_funds_enriched,120124,1.0,confirmed,{}
fund:120125,fund,120125,부동산대출 2호(2종),이지스부동산대출일반사모부동산투자신탁제2호(2종) | 운용 | 대출채권,v_funds_enriched,120125,1.0,confirmed,{}
fund:120126,fund,120126,NPL리스트럭처링,이지스 NPL 리스트럭처링일반사모부동산투자신탁 | 운용 | NPL,v_funds_enriched,120126,1.0,confirmed,{}
fund:190001,fund,190001,517호,이지스일반사모부동산모투자회사제517호 | 운용 | 복합(주거),v_funds_enriched,190001,1.0,confirmed,{}
fund:190002,fund,190002,543호,이지스부동산일반사모투자회사제543호 | 운용 | 물류,v_funds_enriched,190002,1.0,confirmed,{}
fund:190003,fund,190003,543호(1종),이지스부동산일반사모투자회사제543호(제1종) | 미설정,v_funds_enriched,190003,1.0,confirmed,{}
fund:190004,fund,190004,543호(보통주),이지스부동산일반사모투자회사제543호(보통주식) | 운용 | 물류,v_funds_enriched,190004,1.0,confirmed,{}
fund:190005,fund,190005,542호,이지스제542호부동산일반사모투자회사 | 운용 | 주거,v_funds_enriched,190005,1.0,confirmed,{}
fund:190006,fund,190006,542호(1종),이지스제542호부동산일반사모투자회사(제1종) | 운용 | 주거,v_funds_enriched,190006,1.0,confirmed,{}
fund:190007,fund,190007,542호(보통주식),이지스제542호부동산일반사모투자회사(보통주식) | 운용 | 주거,v_funds_enriched,190007,1.0,confirmed,{}
fund:190008,fund,190008,550호,이지스부동산일반사모투자회사제550호 | 운용 | 복합(리테일),v_funds_enriched,190008,1.0,confirmed,{}
fund:190009,fund,190009,랜드마크부동산,이지스랜드마크부동산일반사모투자회사 | 운용 | 복합(오피스),v_funds_enriched,190009,1.0,confirmed,{}
fund:190010,fund,190010,426-1호,이지스일반사모부동산투자회사제426의1호 | 운용 | 물류,v_funds_enriched,190010,1.0,confirmed,{}
fund:190011,fund,190011,426-1호(1종),이지스일반사모부동산투자회사제426의1호(1종) | 운용 | 물류,v_funds_enriched,190011,1.0,confirmed,{}
fund:190012,fund,190012,426-1호(보통주),이지스일반사모부동산투자회사제426의1호(보통주) | 운용 | 물류,v_funds_enriched,190012,1.0,confirmed,{}
fund:190013,fund,190013,560호,이지스제560호부동산일반사모투자회사 | 운용 | 물류,v_funds_enriched,190013,1.0,confirmed,{}
fund:190014,fund,190014,572호,이지스제572호부동산일반사모투자회사(운용) | 운용 | 데이터센터,v_funds_enriched,190014,1.0,confirmed,{}
fund:190015,fund,190015,572호(보통주),이지스제572호부동산일반사모투자회사(보통주) | 운용 | 데이터센터,v_funds_enriched,190015,1.0,confirmed,{}
fund:190016,fund,190016,572호(1종),이지스제572호부동산일반사모투자회사(1종) | 운용 | 데이터센터,v_funds_enriched,190016,1.0,confirmed,{}
fund:190017,fund,190017,574호,이지스제574호부동산일반사모투자회사(운용) | 운용 | 데이터센터,v_funds_enriched,190017,1.0,confirmed,{}
fund:190018,fund,190018,574호(보통주),이지스제574호부동산일반사모투자회사(보통주) | 운용 | 데이터센터,v_funds_enriched,190018,1.0,confirmed,{}
fund:190019,fund,190019,574호(1종),이지스제574호부동산일반사모투자회사(1종) | 운용 | 데이터센터,v_funds_enriched,190019,1.0,confirmed,{}
fund:200001,fund,200001,521-1호,이지스유럽일반사모부동산투자신탁521-1호 | 운용 | 기타,v_funds_enriched,200001,1.0,confirmed,{}
fund:200002,fund,200002,521-2호,이지스유럽일반사모부동산투자신탁521-2호 | 운용 | 기타,v_funds_enriched,200002,1.0,confirmed,{}
fund:200003,fund,200003,519호,이지스유럽포트폴리오일반사모부동산투자신탁제519호(대출) | 설정예정,v_funds_enriched,200003,1.0,confirmed,{}
fund:200004,fund,200004,504호,이지스판테온글로벌세컨더리일반사모투자신탁504호 | 운용 | 특별자산,v_funds_enriched,200004,1.0,confirmed,{}
fund:200005,fund,200005,504-1호,이지스판테온글로벌세컨더리일반사모투자신탁504-1호 | 운용 | 특별자산,v_funds_enriched,200005,1.0,confirmed,{}
fund:200006,fund,200006,세컨더리1호,이지스글로벌세컨더리일반사모혼합자산투자신탁제1호 | 운용 | 특별자산,v_funds_enriched,200006,1.0,confirmed,{}
fund:200007,fund,200007,세컨더리2호,이지스글로벌세컨더리일반사모혼합자산투자신탁제2호 | 운용 | 특별자산,v_funds_enriched,200007,1.0,confirmed,{}
fund:200008,fund,200008,530호,이지스글로벌일반사모부동산투자신탁530호 | 운용 | 대출채권,v_funds_enriched,200008,1.0,confirmed,{}
fund:200009,fund,200009,529호,이지스미국일반사모부동산투자신탁529호 | 운용 | 기타,v_funds_enriched,200009,1.0,confirmed,{}
fund:200010,fund,200010,531호,이지스BX글로벌대출일반사모부동산투자신탁제531호 | 운용 | 역외재간접,v_funds_enriched,200010,1.0,confirmed,{}
fund:200011,fund,200011,532호,이지스SW유럽대출일반사모부동산투자신탁제532호 | 운용 | 기타,v_funds_enriched,200011,1.0,confirmed,{}
fund:200012,fund,200012,506호,이지스스텝스톤세컨더리일반사모투자신탁506호 | 운용 | 기타,v_funds_enriched,200012,1.0,confirmed,{}
fund:200013,fund,200013,514호,이지스스텝스톤세컨더리일반사모투자신탁514호 | 운용 | 지분증권,v_funds_enriched,200013,1.0,confirmed,{}
fund:200014,fund,200014,528호,이지스TKO유럽크레딧일반사모투자신탁528호 | 운용 | 특별자산,v_funds_enriched,200014,1.0,confirmed,{}
fund:200015,fund,200015,글로벌인프라3호,이지스글로벌인프라일반사모투자신탁제3호 | 청산 | 대출채권,v_funds_enriched,200015,1.0,confirmed,{}
fund:200016,fund,200016,547호,이지스아디안유럽인프라일반사모투자신탁547호 | 운용 | 특별자산,v_funds_enriched,200016,1.0,confirmed,{}
fund:200017,fund,200017,548호,이지스글로벌일반사모부동산투자신탁548호 | 운용 | 대출채권,v_funds_enriched,200017,1.0,confirmed,{}
fund:200018,fund,200018,세컨더리3호,이지스글로벌세컨더리일반사모혼합자산투자신탁제3호 | 운용 | 역외재간접,v_funds_enriched,200018,1.0,confirmed,{}
fund:200019,fund,200019,세컨더리4호,이지스글로벌세컨더리일반사모혼합자산투자신탁제4호 | 운용 | 역외재간접,v_funds_enriched,200019,1.0,confirmed,{}
fund:200020,fund,200020,글로벌인프라4호,이지스글로벌인프라일반사모투자신탁제4호 | 운용 | 대출채권,v_funds_enriched,200020,1.0,confirmed,{}
fund:200021,fund,200021,세컨더리5호,이지스글로벌세컨더리일반사모혼합자산투자신탁제5호 | 운용 | 역외재간접,v_funds_enriched,200021,1.0,confirmed,{}
fund:200022,fund,200022,글로벌코어1호,연기금글로벌코어인프라일반사모특별자산투자신탁1호 | 운용 | 특별자산,v_funds_enriched,200022,1.0,confirmed,{}
fund:200023,fund,200023,551호,이지스글로벌일반사모부동산투자신탁551호 | 운용 | 오피스,v_funds_enriched,200023,1.0,confirmed,{}
fund:200024,fund,200024,549호,이지스아디안유럽인프라일반사모투자신탁549호 | 운용 | 특별자산,v_funds_enriched,200024,1.0,confirmed,{}
fund:200025,fund,200025,556호,이지스AEW북미일반사모부동산투자신탁556호 | 운용 | 역외재간접,v_funds_enriched,200025,1.0,confirmed,{}
fund:200026,fund,200026,557호,이지스Brookfield글로벌일반사모부동산투자신탁557호 | 운용 | 역외재간접,v_funds_enriched,200026,1.0,confirmed,{}
fund:200027,fund,200027,558호,이지스글로벌인프라일반사모투자신탁558호 | 운용 | 역외재간접,v_funds_enriched,200027,1.0,confirmed,{}
fund:200028,fund,200028,563호,이지스글로벌일반사모부동산투자신탁563호 | 운용 | 대출채권,v_funds_enriched,200028,1.0,confirmed,{}
fund:200029,fund,200029,아시아인프라1호,이지스아시아인프라일반사모투자신탁제1호 | 운용 | 특별자산,v_funds_enriched,200029,1.0,confirmed,{}
fund:200030,fund,200030,실물우선주1호,이지스실물우선주일반사모부동산투자신탁제1호 | 운용 | 지분증권,v_funds_enriched,200030,1.0,confirmed,{}
fund:200031,fund,200031,세컨더리6호,이지스글로벌세컨더리일반사모혼합자산투자신탁제6호 | 운용 | 역외재간접,v_funds_enriched,200031,1.0,confirmed,{}
fund:200033,fund,200033,566호,이지스PG글로벌크레딧일반사모투자신탁566호 | 운용 | 역외재간접,v_funds_enriched,200033,1.0,confirmed,{}
fund:200034,fund,200034,글로벌인프라5호,이지스글로벌인프라일반사모투자신탁제5호 | 운용 | 대출채권,v_funds_enriched,200034,1.0,confirmed,{}
fund:200035,fund,200035,573호,이지스글로벌일반사모부동산투자신탁573호(재간접형) | 운용 | 역외재간접,v_funds_enriched,200035,1.0,confirmed,{}
fund:200036,fund,200036,576호,이지스글로벌일반사모부동산투자신탁576호 | 운용 | 역외재간접,v_funds_enriched,200036,1.0,confirmed,{}
fund:200037,fund,200037,글로벌인프라6호,이지스글로벌인프라일반사모투자신탁제6호 | 운용 | 대출채권,v_funds_enriched,200037,1.0,confirmed,{}
fund:200038,fund,200038,577호,이지스DWS유럽인프라일반사모투자신탁제577호 | 운용 | 역외재간접,v_funds_enriched,200038,1.0,confirmed,{}
fund:200039,fund,200039,578호,이지스InfraVia유럽인프라일반사모투자신탁제578호 | 운용 | 역외재간접,v_funds_enriched,200039,1.0,confirmed,{}
fund:200040,fund,200040,561호,이지스아디안인프라세컨더리일반사모투자신탁561호 | 운용 | 역외재간접,v_funds_enriched,200040,1.0,confirmed,{}
fund:200041,fund,200041,미국코어인프라1호,이지스미국코어인프라일반사모특별자산투자신탁1호 | 운용 | 특별자산,v_funds_enriched,200041,1.0,confirmed,{}
fund:200042,fund,200042,579호,이지스글로벌일반사모부동산투자신탁579호 | 운용 | 대출채권,v_funds_enriched,200042,1.0,confirmed,{}
fund:200043,fund,200043,568호,이지스아디안크레딧일반사모투자신탁568호 | 미설정 | 역외재간접,v_funds_enriched,200043,1.0,confirmed,{}
fund:200044,fund,200044,575호,이지스미국일반사모부동산투자신탁575호 | 운용 | 대출채권,v_funds_enriched,200044,1.0,confirmed,{}
fund:200045,fund,200045,580호,이지스글로벌부동산일반사모투자회사580호 | 운용 | 주거,v_funds_enriched,200045,1.0,confirmed,{}
fund:200046,fund,200046,글로벌인프라7호,이지스글로벌인프라일반사모투자신탁제7호 | 운용 | 대출채권,v_funds_enriched,200046,1.0,confirmed,{}
fund:300001,fund,300001,인컴플러스1호,이지스 인컴플러스 일반사모투자신탁 제1호 | 운용 | 기타,v_funds_enriched,300001,1.0,confirmed,{}
fund:300002,fund,300002,인컴플러스1호(A),이지스 인컴플러스 일반사모투자신탁 제1호(Class A) | 미설정,v_funds_enriched,300002,1.0,confirmed,{}
fund:300003,fund,300003,인컴플러스1호(C),이지스 인컴플러스 일반사모투자신탁 제1호(Class C) | 미설정,v_funds_enriched,300003,1.0,confirmed,{}
fund:300004,fund,300004,인컴플러스1호(C-g),이지스 인컴플러스 일반사모투자신탁 제1호(Class C-g) | 운용 | 기타,v_funds_enriched,300004,1.0,confirmed,{}
fund:300005,fund,300005,인컴플러스1호(C-i),이지스 인컴플러스 일반사모투자신탁 제1호(Class C-i) | 운용 | 기타,v_funds_enriched,300005,1.0,confirmed,{}
fund:300006,fund,300006,하이일드공모주1호,이지스 하이일드 공모주 일반사모투자신탁 제1호 | 청산 | 기타,v_funds_enriched,300006,1.0,confirmed,{}
fund:300007,fund,300007,하이일드공모주1호(A),이지스 하이일드 공모주 일반사모투자신탁 제1호(Class A) | 미설정 | 기타,v_funds_enriched,300007,1.0,confirmed,{}
fund:300008,fund,300008,하이일드공모주1호(C),이지스 하이일드 공모주 일반사모투자신탁 제1호(Class C) | 미설정 | 기타,v_funds_enriched,300008,1.0,confirmed,{}
fund:300009,fund,300009,하이일드공모주1호(C-i),이지스 하이일드 공모주 일반사모투자신탁 제1호(Class C-i) | 청산 | 기타,v_funds_enriched,300009,1.0,confirmed,{}
fund:300010,fund,300010,다이나믹글로벌2호,이지스다이나믹글로벌리츠일반사모투자신탁2호 | 청산 | 기타,v_funds_enriched,300010,1.0,confirmed,{}
fund:300011,fund,300011,올인원K리츠,이지스K-리츠올인원일반사모투자신탁 | 청산 | 기타,v_funds_enriched,300011,1.0,confirmed,{}
fund:300012,fund,300012,멀티인컴4호,이지스 멀티인컴 일반사모투자신탁 제4호 | 청산 | 기타,v_funds_enriched,300012,1.0,confirmed,{}
fund:300013,fund,300013,멀티인컴4호(A),이지스 멀티인컴 일반사모투자신탁 제4호(class A) | 청산 | 기타,v_funds_enriched,300013,1.0,confirmed,{}
fund:300014,fund,300014,멀티인컴4호(C-i),이지스 멀티인컴 일반사모투자신탁 제4호(class C-i) | 청산 | 기타,v_funds_enriched,300014,1.0,confirmed,{}
fund:300015,fund,300015,K리츠포커스,이지스K리츠포커스일반사모부동산투자신탁 | 운용 | 지분증권,v_funds_enriched,300015,1.0,confirmed,{}
fund:300016,fund,300016,멀티인컴5호,이지스 멀티인컴 일반사모투자신탁 제5호 | 운용 | 기타,v_funds_enriched,300016,1.0,confirmed,{}
fund:300017,fund,300017,공모주2호,이지스 공모주 일반사모투자신탁제2호 | 운용 | 기타,v_funds_enriched,300017,1.0,confirmed,{}
fund:300018,fund,300018,멀티드래곤1호,이지스멀티드래곤일반사모투자신탁제1호 | 운용 | 기타,v_funds_enriched,300018,1.0,confirmed,{}
fund:300019,fund,300019,인컴플러스2호,이지스 인컴플러스 일반사모투자신탁 제2호 | 운용 | 기타,v_funds_enriched,300019,1.0,confirmed,{}
fund:300020,fund,300020,인컴플러스3호,이지스 인컴플러스 일반사모투자신탁 제3호 | 청산 | 기타,v_funds_enriched,300020,1.0,confirmed,{}
fund:300028,fund,300028,K본드알파2호,이지스K본드알파일반사모투자신탁제2호 | 청산 | 기타,v_funds_enriched,300028,1.0,confirmed,{}
fund:300029,fund,300029,K본드알파2호(A),이지스K본드알파일반사모투자신탁제2호(Class A) | 청산 | 기타,v_funds_enriched,300029,1.0,confirmed,{}
fund:300030,fund,300030,K본드알파2호(C1),이지스K본드알파일반사모투자신탁제2호(Class C1) | 청산 | 기타,v_funds_enriched,300030,1.0,confirmed,{}
fund:300031,fund,300031,K본드알파2호(C2),이지스K본드알파일반사모투자신탁제2호(Class C2) | 청산 | 기타,v_funds_enriched,300031,1.0,confirmed,{}
fund:300032,fund,300032,하이일드2호,이지스하이일드공모주일반사모투자신탁제2호 | 청산 | 기타,v_funds_enriched,300032,1.0,confirmed,{}
fund:300033,fund,300033,하이일드2호(A),이지스하이일드공모주일반사모투자신탁제2호(Class A) | 청산 | 기타,v_funds_enriched,300033,1.0,confirmed,{}
fund:300034,fund,300034,하이일드2호(C1),이지스하이일드공모주일반사모투자신탁제2호(Class C1) | 미설정 | 기타,v_funds_enriched,300034,1.0,confirmed,{}
fund:300035,fund,300035,하이일드2호(C2),이지스하이일드공모주일반사모투자신탁제2호(Class C2) | 청산 | 기타,v_funds_enriched,300035,1.0,confirmed,{}
fund:300036,fund,300036,셀렉K리츠목표달성형,이지스셀렉트K리츠목표달성형일반사모투자신탁 | 청산 | 기타,v_funds_enriched,300036,1.0,confirmed,{}
fund:300037,fund,300037,블루ON1호,이지스블루ON일반사모투자신탁제1호 | 운용 | 기타,v_funds_enriched,300037,1.0,confirmed,{}
fund:300038,fund,300038,리츠포트폴리오3호,이지스리츠포트폴리오일반사모부동산투자신탁제3호 | 운용 | 기타,v_funds_enriched,300038,1.0,confirmed,{}
fund:300039,fund,300039,멀티드래곤2호,이지스멀티드래곤일반사모투자신탁제2호 | 운용 | 기타,v_funds_enriched,300039,1.0,confirmed,{}
fund:300040,fund,300040,그린ON1호,이지스그린ON일반사모투자신탁제1호 | 청산 | 기타,v_funds_enriched,300040,1.0,confirmed,{}
fund:300041,fund,300041,그린ON1호(A),이지스그린ON일반사모투자신탁제1호(Class A) | 청산 | 기타,v_funds_enriched,300041,1.0,confirmed,{}
fund:300042,fund,300042,그린ON1호(C),이지스그린ON일반사모투자신탁제1호(Class C) | 미설정 | 기타,v_funds_enriched,300042,1.0,confirmed,{}
fund:300043,fund,300043,그린ON1호(C-i),이지스그린ON일반사모투자신탁제1호(Class C-i) | 미설정 | 기타,v_funds_enriched,300043,1.0,confirmed,{}
fund:300044,fund,300044,코스닥벤처2호,이지스코스닥벤처일반사모투자신탁제2호 | 운용 | 기타,v_funds_enriched,300044,1.0,confirmed,{}
fund:300046,fund,300046,B-프런티어1호,이지스B-프런티어일반사모투자신탁제1호 | 운용 | 기타,v_funds_enriched,300046,1.0,confirmed,{}
fund:300047,fund,300047,그린ON2호,이지스그린ON일반사모투자신탁제2호 | 청산 | 기타,v_funds_enriched,300047,1.0,confirmed,{}
fund:300048,fund,300048,그린ON2호(A),이지스그린ON일반사모투자신탁제2호(Class A) | 청산 | 기타,v_funds_enriched,300048,1.0,confirmed,{}
fund:300049,fund,300049,그린ON2호(I),이지스그린ON일반사모투자신탁제2호(Class I) | 청산 | 기타,v_funds_enriched,300049,1.0,confirmed,{}
fund:300050,fund,300050,멀티드래곤4호,이지스멀티드래곤일반사모투자신탁제4호 | 운용 | 기타,v_funds_enriched,300050,1.0,confirmed,{}
fund:300051,fund,300051,BDC1호,이지스BDC플러스일반사모투자신탁1호 | 운용 | 기타,v_funds_enriched,300051,1.0,confirmed,{}
fund:300052,fund,300052,멀티드래곤5호,이지스멀티드래곤일반사모투자신탁제5호 | 운용 | 기타,v_funds_enriched,300052,1.0,confirmed,{}
fund:300053,fund,300053,리츠섹터SMA2호,이지스글로벌리츠섹터포커스SMA일반사모부동산투자신탁2호 | 운용 | 지분증권,v_funds_enriched,300053,1.0,confirmed,{}
fund:300054,fund,300054,그린ON3호,이지스그린ON일반사모투자신탁제3호 | 청산 | 기타,v_funds_enriched,300054,1.0,confirmed,{}
fund:300055,fund,300055,그린ON3호(A),이지스그린ON일반사모투자신탁제3호(Class A) | 청산 | 기타,v_funds_enriched,300055,1.0,confirmed,{}
fund:300056,fund,300056,그린ON3호(C-i),이지스그린ON일반사모투자신탁제3호(Class C-i) | 청산 | 기타,v_funds_enriched,300056,1.0,confirmed,{}
fund:300057,fund,300057,멀티플러스2호,이지스 멀티플러스 일반사모투자신탁 제2호(운용) | 운용 | 기타,v_funds_enriched,300057,1.0,confirmed,{}
fund:300058,fund,300058,멀티플러스2호(A),이지스 멀티플러스 일반사모투자신탁 제2호(Class A) | 미설정 | 기타,v_funds_enriched,300058,1.0,confirmed,{}
fund:300059,fund,300059,멀티플러스2호(C1),이지스 멀티플러스 일반사모투자신탁 제2호(Class C1) | 미설정 | 기타,v_funds_enriched,300059,1.0,confirmed,{}
fund:300060,fund,300060,멀티플러스2호(C2),이지스 멀티플러스 일반사모투자신탁 제2호(Class C2) | 운용 | 기타,v_funds_enriched,300060,1.0,confirmed,{}
fund:300061,fund,300061,블랙ON1호,이지스블랙ON일반사모투자신탁제1호 | 운용 | 기타,v_funds_enriched,300061,1.0,confirmed,{}
fund:300063,fund,300063,K-프런티어1호,이지스 K-프런티어 일반사모투자신탁 제1호 | 운용 | 기타,v_funds_enriched,300063,1.0,confirmed,{}
fund:300064,fund,300064,K-프런티어1호(Class C-I),이지스 K-프런티어 일반사모투자신탁 제1호(Class C-I) | 운용 | 기타,v_funds_enriched,300064,1.0,confirmed,{}
fund:300065,fund,300065,K-프런티어1호(Class C-S),이지스 K-프런티어 일반사모투자신탁 제1호(Class C-S) | 운용 | 기타,v_funds_enriched,300065,1.0,confirmed,{}
fund:300066,fund,300066,브룩필드1호,이지스브룩필드글로벌상장인프라일반사모투자신탁1호 | 운용 | 기타,v_funds_enriched,300066,1.0,confirmed,{}
fund:300067,fund,300067,초단기채1호,이지스초단기채플러스일반사모투자신탁제1호 | 운용 | 기타,v_funds_enriched,300067,1.0,confirmed,{}
fund:300068,fund,300068,초단기채1호(A),이지스초단기채플러스일반사모투자신탁제1호(Class A) | 운용 | 기타,v_funds_enriched,300068,1.0,confirmed,{}
fund:300069,fund,300069,초단기채1호(C),이지스초단기채플러스일반사모투자신탁제1호(Class C) | 청산 | 기타,v_funds_enriched,300069,1.0,confirmed,{}
fund:300070,fund,300070,초단기채1호(C-I),이지스초단기채플러스일반사모투자신탁제1호(Class C-I) | 운용 | 기타,v_funds_enriched,300070,1.0,confirmed,{}
fund:300071,fund,300071,초단기채1호(C-S),이지스초단기채플러스일반사모투자신탁제1호(Class C-S) | 운용 | 기타,v_funds_enriched,300071,1.0,confirmed,{}
fund:300072,fund,300072,초단기채1호(C-P),이지스초단기채플러스일반사모투자신탁제1호(Class C-P) | 청산 | 기타,v_funds_enriched,300072,1.0,confirmed,{}
fund:300073,fund,300073,레포플러스1호,이지스레포플러스일반사모투자신탁제1호 | 운용 | 기타,v_funds_enriched,300073,1.0,confirmed,{}
fund:300074,fund,300074,코스닥벤처3호,이지스코스닥벤처일반사모투자신탁제3호 | 운용 | 기타,v_funds_enriched,300074,1.0,confirmed,{}
fund:300075,fund,300075,하이일드공모주3호,이지스하이일드공모주일반사모투자신탁제3호 | 운용 | 기타,v_funds_enriched,300075,1.0,confirmed,{}
fund:300076,fund,300076,그린ON4호,이지스그린ON 일반사모투자신탁제4호(운용) | 운용 | 기타,v_funds_enriched,300076,1.0,confirmed,{}
fund:300077,fund,300077,그린ON4호(A),이지스그린ON일반사모투자신탁제4호(Class A) | 운용 | 기타,v_funds_enriched,300077,1.0,confirmed,{}
fund:300078,fund,300078,그린ON4호(C-I),이지스그린ON일반사모투자신탁제4호(Class C-I) | 운용 | 기타,v_funds_enriched,300078,1.0,confirmed,{}
fund:300079,fund,300079,멀티드래곤6호,이지스멀티드래곤일반사모투자신탁제6호 | 운용 | 기타,v_funds_enriched,300079,1.0,confirmed,{}
fund:300080,fund,300080,블루ON2호,이지스블루ON 일반사모투자신탁제2호(운용) | 운용 | 기타,v_funds_enriched,300080,1.0,confirmed,{}
fund:300081,fund,300081,블루ON2호(ClassA),이지스블루ON일반사모투자신탁제2호(Class A) | 청산 | 기타,v_funds_enriched,300081,1.0,confirmed,{}
fund:300082,fund,300082,블루ON2호(ClassC),이지스블루ON일반사모투자신탁제2호(Class C) | 청산 | 기타,v_funds_enriched,300082,1.0,confirmed,{}
fund:300083,fund,300083,블루ON2호(ClassC-S),이지스블루ON일반사모투자신탁제2호(Class C-S) | 운용 | 기타,v_funds_enriched,300083,1.0,confirmed,{}
fund:300084,fund,300084,블루ON2호(ClassI),이지스블루ON일반사모투자신탁제2호(Class I) | 운용 | 기타,v_funds_enriched,300084,1.0,confirmed,{}
fund:300085,fund,300085,블루ON3호,이지스블루ON일반사모투자신탁제3호 | 운용 | 기타,v_funds_enriched,300085,1.0,confirmed,{}
fund:300086,fund,300086,멀티플러스3호,이지스 멀티플러스 일반사모투자신탁 제3호 | 운용 | 기타,v_funds_enriched,300086,1.0,confirmed,{}
fund:300087,fund,300087,멀티플러스3호(A),이지스 멀티플러스 일반사모투자신탁 제3호(Class A) | 운용 | 기타,v_funds_enriched,300087,1.0,confirmed,{}
fund:300088,fund,300088,멀티플러스3호(C),이지스 멀티플러스 일반사모투자신탁 제3호(Class C) | 미설정 | 기타,v_funds_enriched,300088,1.0,confirmed,{}
fund:300089,fund,300089,멀티플러스3호(C-S),이지스 멀티플러스 일반사모투자신탁 제3호(Class C-S) | 운용 | 기타,v_funds_enriched,300089,1.0,confirmed,{}
fund:300090,fund,300090,그린ON5호,이지스그린ON 일반사모투자신탁제5호 | 운용 | 기타,v_funds_enriched,300090,1.0,confirmed,{}
fund:P00001,fund,P00001,P아이스퀘어,이지스아이스퀘어 PFV | 운용 | 복합(주거),v_funds_enriched,P00001,1.0,confirmed,{}
fund:P00002,fund,P00002,P오시리아테마파크,오시리아테마파크PFV | 운용 | 기타,v_funds_enriched,P00002,1.0,confirmed,{}
fund:P00003,fund,P00003,P오시생숙,오시리아타워레지던스PFV | 청산 | 주거,v_funds_enriched,P00003,1.0,confirmed,{}
fund:P00004,fund,P00004,P해운대626,해운대626피에프브이 주식회사 | 청산 | 호텔,v_funds_enriched,P00004,1.0,confirmed,{}
fund:P00005,fund,P00005,P에스비씨,에스비씨PFV | 운용 | 복합(오피스),v_funds_enriched,P00005,1.0,confirmed,{}
fund:P00006,fund,P00006,P세운5구역,세운5구역PFV | 운용 | 오피스,v_funds_enriched,P00006,1.0,confirmed,{}
fund:P00007,fund,P00007,P로터스,로터스피에프브이 | 운용 | 복합(호텔),v_funds_enriched,P00007,1.0,confirmed,{}
fund:P00008,fund,P00008,P부천소사,부천소사PFV | 운용 | 주거,v_funds_enriched,P00008,1.0,confirmed,{}
fund:P00009,fund,P00009,P효제아트,효제아트PFV | 운용 | 주거,v_funds_enriched,P00009,1.0,confirmed,{}
fund:P00010,fund,P00010,P성수PFV1,성수PFV1 | 청산 | 오피스,v_funds_enriched,P00010,1.0,confirmed,{}
fund:P00011,fund,P00011,P디오션259,디오션259피에프브이 주식회사 | 청산 | 복합(호텔),v_funds_enriched,P00011,1.0,confirmed,{}
fund:P00012,fund,P00012,P오산세교아트,오산세교아트피에프브이 주식회사 | 운용 | 복합(주거),v_funds_enriched,P00012,1.0,confirmed,{}
fund:P00013,fund,P00013,P스페이스포안성,스페이스포안성피에프브이 주식회사 | 청산 | 물류,v_funds_enriched,P00013,1.0,confirmed,{}
fund:P00014,fund,P00014,P안성성은물류,안성성은물류피에프브이 주식회사 | 운용 | 물류,v_funds_enriched,P00014,1.0,confirmed,{}
fund:P00015,fund,P00015,P청라아트,청라아트프로젝트금융투자 주식회사 | 운용 | 주거,v_funds_enriched,P00015,1.0,confirmed,{}
fund:P00016,fund,P00016,P남대문칠일,남대문칠일피에프브이주식회사 | 청산 | 복합(오피스),v_funds_enriched,P00016,1.0,confirmed,{}
fund:P00017,fund,P00017,P천안성성동,천안성성동피에프브이주식회사 | 운용 | 주거,v_funds_enriched,P00017,1.0,confirmed,{}
fund:P00018,fund,P00018,P마곡CP4,마곡CP4피에프브이 주식회사 | 청산 | 복합(오피스),v_funds_enriched,P00018,1.0,confirmed,{}
fund:P00019,fund,P00019,P상봉IRD,상봉IRD피에프브이 주식회사 | 운용 | 주거,v_funds_enriched,P00019,1.0,confirmed,{}
fund:P00020,fund,P00020,P검단아트,검단아트에스피씨 주식회사 | 청산 | 주거,v_funds_enriched,P00020,1.0,confirmed,{}
fund:P00021,fund,P00021,P청담PH129,청담펜트하우스 PFV | 청산 | 주거,v_funds_enriched,P00021,1.0,confirmed,{}
fund:P00022,fund,P00022,P효제센트럴,효제센트럴PFV | 운용 | 주거,v_funds_enriched,P00022,1.0,confirmed,{}
fund:P00024,fund,P00024,P안산센트럴,안산센트럴피에프브이 주식회사 | 운용 | 주거,v_funds_enriched,P00024,1.0,confirmed,{}
fund:P00025,fund,P00025,P트리니티공주,주식회사 트리니티공주 | 운용 | 주거,v_funds_enriched,P00025,1.0,confirmed,{}
fund:P00026,fund,P00026,P성수티에스,성수티에스피에프브이 주식회사 | 운용 | 오피스,v_funds_enriched,P00026,1.0,confirmed,{}
fund:P00027,fund,P00027,P수서역환승센터,주식회사 수서역환승센터복합개발 | 운용 | 복합(오피스),v_funds_enriched,P00027,1.0,confirmed,{}
fund:P00028,fund,P00028,P디에스,디에스피에프브이 주식회사 | 운용 | 주거,v_funds_enriched,P00028,1.0,confirmed,{}
fund:P00029,fund,P00029,P을지로95,을지로95피에프브이 주식회사 | 운용 | 오피스,v_funds_enriched,P00029,1.0,confirmed,{}
fund:P00030,fund,P00030,P와이디427,와이디427피에프브이 주식회사 | 운용 | 복합(오피스),v_funds_enriched,P00030,1.0,confirmed,{}
fund:P00031,fund,P00031,P수택센트럴,수택센트럴 PFV | 운용 | 주거,v_funds_enriched,P00031,1.0,confirmed,{}
fund:P00032,fund,P00032,P이든센트럴,이든센트럴PFV | 운용 | 오피스,v_funds_enriched,P00032,1.0,confirmed,{}
fund:P00033,fund,P00033,P은평진관동,은평진관동피에프브이 주식회사 | 운용 | 복합(주거),v_funds_enriched,P00033,1.0,confirmed,{}
fund:P00034,fund,P00034,P울산KTX,울산케이티엑스센트럴포레 주식회사 | 운용 | 주거,v_funds_enriched,P00034,1.0,confirmed,{}
fund:P00035,fund,P00035,P해운대센트럴,해운대센트럴PFV | 운용 | 주거,v_funds_enriched,P00035,1.0,confirmed,{}
fund:P00036,fund,P00036,P성수티에스2차,성수티에스2차피에프브이 주식회사 | 청산 | 오피스,v_funds_enriched,P00036,1.0,confirmed,{}
fund:P00037,fund,P00037,P와이디816,와이디816피에프브이 주식회사 | 운용 | 오피스,v_funds_enriched,P00037,1.0,confirmed,{}
fund:P00038,fund,P00038,애월PFV,애월포레스트PFV | 운용 | 기타,v_funds_enriched,P00038,1.0,confirmed,{}
fund:P00039,fund,P00039,P용산라이프,용산라이프시티PFV | 운용,v_funds_enriched,P00039,1.0,confirmed,{}
fund:P00040,fund,P00040,P산하아이에스피,산하아이에스피피에프브이 주식회사 | 운용 | 물류,v_funds_enriched,P00040,1.0,confirmed,{}
fund:R00001,fund,R00001,R엠에프용답,이지스엠에프용답위탁관리부동산투자회사 | 운용 | 주거,v_funds_enriched,R00001,1.0,confirmed,{}
fund:R00002,fund,R00002,R수익형319호,이지스수익형부동산제319호위탁관리부동산투자회사 | 미설정,v_funds_enriched,R00002,1.0,confirmed,{}
fund:R00003,fund,R00003,R레지던스,이지스레지던스위탁관리부동산투자회사 | 미설정,v_funds_enriched,R00003,1.0,confirmed,{}
fund:R00004,fund,R00004,R용산청년주택,주식회사 이지스용산청년주택위탁관리부동산투자회사 | 운용 | 주거,v_funds_enriched,R00004,1.0,confirmed,{}
fund:R00005,fund,R00005,R글로벌성장,이지스글로벌성장위탁관리부동산투자회사 주식회사 | 미설정,v_funds_enriched,R00005,1.0,confirmed,{}
fund:R00006,fund,R00006,R데이터센터,이지스데이터센터위탁관리부동산투자회사 주식회사 | 운용 | 기타,v_funds_enriched,R00006,1.0,confirmed,{}
fund:R00007,fund,R00007,R로지스틱스,이지스로지스틱스리츠 | 청산 | 물류,v_funds_enriched,R00007,1.0,confirmed,{}
fund:R00008,fund,R00008,R레지던스,주식회사 이지스레지던스위탁관리부동산투자회사 | 운용 | 주거,v_funds_enriched,R00008,1.0,confirmed,{}
fund:R00010,fund,R00010,R글로벌레지던스,주식회사 이지스글로벌레지던스위탁관리부동산투자회사 | 운용 | 주거,v_funds_enriched,R00010,1.0,confirmed,{}
fund:R00011,fund,R00011,R이지스밸류플러스,주식회사 이지스밸류플러스위탁관리부동산투자회사 | 운용 | 오피스,v_funds_enriched,R00011,1.0,confirmed,{}
fund:R00012,fund,R00012,R청년주택1호,이지스청년주택제1호위탁관리부동산투자회사 | 운용 | 주거,v_funds_enriched,R00012,1.0,confirmed,{}
fund:R00013,fund,R00013,R롱웨일1호,이지스롱웨일1호위탁관리부동산투자회사 | 운용 | 오피스,v_funds_enriched,R00013,1.0,confirmed,{}
fund:R00014,fund,R00014,R타임워크기업구조조정,주식회사타임워크웨스트기업구조조정부동산투자회사 | 운용,v_funds_enriched,R00014,1.0,confirmed,{}
fund:R00015,fund,R00015,R밸류업1호,이지스밸류업1호위탁관리부동산투자회사 | 운용 | 오피스,v_funds_enriched,R00015,1.0,confirmed,{}
fund:R00016,fund,R00016,R하이서울147,㈜하이서울147청년주택위탁관리부동산투자회사 | 운용,v_funds_enriched,R00016,1.0,confirmed,{}
fund:S00001,fund,S00001,S지엘가산메트로,지엘가산메트로 | 운용,v_funds_enriched,S00001,1.0,confirmed,{}
fund:S00002,fund,S00002,석암물류(SPC),주식회사 석암물류(SPC) | 운용,v_funds_enriched,S00002,1.0,confirmed,{}
lender:lender_816공간제일차,lender,lender_816공간제일차,816공간제일차,lender,lender_exposures,57063,1.0,confirmed,"{""party_name"": ""816공간제일차""}"
lender:lender_actis,lender,lender_actis,ACTIS,lender,lender_exposures,56907,1.0,confirmed,"{""party_name"": ""ACTIS""}"
lender:lender_asskr1,lender,lender_asskr1,ASSKR1,lender,lender_exposures,56494,1.0,confirmed,"{""party_name"": ""ASSKR1""}"
lender:lender_bnk경남은행,lender,lender_bnk경남은행,BNK경남은행,lender,lender_exposures,56670,1.0,confirmed,"{""party_name"": ""BNK경남은행""}"
lender:lender_bnk저축은행,lender,lender_bnk저축은행,BNK저축은행,lender,lender_exposures,56963,1.0,confirmed,"{""party_name"": ""BNK저축은행""}"
lender:lender_bnk캐피탈,lender,lender_bnk캐피탈,BNK캐피탈,lender,lender_exposures,56678,1.0,confirmed,"{""party_name"": ""BNK캐피탈""}"
lender:lender_capikor_pte_ltd,lender,lender_capikor_pte_ltd,Capikor Pte.Ltd.,lender,lender_exposures,56592,1.0,confirmed,"{""party_name"": ""Capikor Pte.Ltd.""}"
lender:lender_datapulse_pte_ltd,lender,lender_datapulse_pte_ltd,Datapulse Pte.Ltd.,lender,lender_exposures,56593,1.0,confirmed,"{""party_name"": ""Datapulse Pte.Ltd.""}"
lender:lender_dbs_bank,lender,lender_dbs_bank,DBS Bank,lender,lender_exposures,56455,1.0,confirmed,"{""party_name"": ""DBS Bank""}"
lender:lender_db생명보험,lender,lender_db생명보험,DB생명보험,lender,lender_exposures,56748,1.0,confirmed,"{""party_name"": ""DB생명보험""}"
lender:lender_db손해보험,lender,lender_db손해보험,DB손해보험,lender,lender_exposures,56458,1.0,confirmed,"{""party_name"": ""DB손해보험""}"
lender:lender_db손해보험_본계정,lender,lender_db손해보험_본계정,DB손해보험(본계정),lender,lender_exposures,56612,1.0,confirmed,"{""party_name"": ""DB손해보험(본계정)""}"
lender:lender_db저축은행,lender,lender_db저축은행,DB저축은행,lender,lender_exposures,56599,1.0,confirmed,"{""party_name"": ""DB저축은행""}"
lender:lender_db캐피탈,lender,lender_db캐피탈,DB캐피탈,lender,lender_exposures,56965,1.0,confirmed,"{""party_name"": ""DB캐피탈""}"
lender:lender_gib홈플러스,lender,lender_gib홈플러스,GIB홈플러스,lender,lender_exposures,56460,1.0,confirmed,"{""party_name"": ""GIB홈플러스""}"
lender:lender_im캐피탈_구_dgb캐피탈,lender,lender_im캐피탈_구_dgb캐피탈,"iM캐피탈(구, DGB캐피탈)",lender,lender_exposures,56840,1.0,confirmed,"{""party_name"": ""iM캐피탈(구, DGB캐피탈)""}"
lender:lender_ioiv,lender,lender_ioiv,IOIV,lender,lender_exposures,56495,1.0,confirmed,"{""party_name"": ""IOIV""}"
lender:lender_kb손해보험,lender,lender_kb손해보험,KB손해보험,lender,lender_exposures,56531,1.0,confirmed,"{""party_name"": ""KB손해보험""}"
lender:lender_kdb산은캐피탈,lender,lender_kdb산은캐피탈,KDB산은캐피탈,lender,lender_exposures,56461,1.0,confirmed,"{""party_name"": ""KDB산은캐피탈""}"
lender:lender_m_g_apf_1_s_a_r_l,lender,lender_m_g_apf_1_s_a_r_l,M&G (APF 1 S.a.r.l),lender,lender_exposures,56492,1.0,confirmed,"{""party_name"": ""M&G (APF 1 S.a.r.l)""}"
lender:lender_mg새마을금고,lender,lender_mg새마을금고,MG새마을금고,lender,lender_exposures,56486,1.0,confirmed,"{""party_name"": ""MG새마을금고""}"
lender:lender_mg새마을금고_용인중앙,lender,lender_mg새마을금고_용인중앙,MG새마을금고(용인중앙),lender,lender_exposures,56581,1.0,confirmed,"{""party_name"": ""MG새마을금고(용인중앙)""}"
lender:lender_mg새마을금고_이태원1동,lender,lender_mg새마을금고_이태원1동,MG새마을금고(이태원1동),lender,lender_exposures,56582,1.0,confirmed,"{""party_name"": ""MG새마을금고(이태원1동)""}"
lender:lender_mg새마을금고대주단,lender,lender_mg새마을금고대주단,MG새마을금고대주단,lender,lender_exposures,56583,1.0,confirmed,"{""party_name"": ""MG새마을금고대주단""}"
lender:lender_mg캐피탈,lender,lender_mg캐피탈,MG캐피탈,lender,lender_exposures,56857,1.0,confirmed,"{""party_name"": ""MG캐피탈""}"
lender:lender_mufg_bank,lender,lender_mufg_bank,MUFG Bank,lender,lender_exposures,56456,1.0,confirmed,"{""party_name"": ""MUFG Bank""}"
lender:lender_nh농협생명보험,lender,lender_nh농협생명보험,NH농협생명보험,lender,lender_exposures,56532,1.0,confirmed,"{""party_name"": ""NH농협생명보험""}"
lender:lender_nh농협손해보험,lender,lender_nh농협손해보험,NH농협손해보험,lender,lender_exposures,56660,1.0,confirmed,"{""party_name"": ""NH농협손해보험""}"
lender:lender_nh농협캐피탈,lender,lender_nh농협캐피탈,NH농협캐피탈,lender,lender_exposures,56600,1.0,confirmed,"{""party_name"": ""NH농협캐피탈""}"
lender:lender_ocbc_bank,lender,lender_ocbc_bank,OCBC Bank,lender,lender_exposures,56493,1.0,confirmed,"{""party_name"": ""OCBC Bank""}"
lender:lender_osb저축은행,lender,lender_osb저축은행,OSB저축은행,lender,lender_exposures,56933,1.0,confirmed,"{""party_name"": ""OSB저축은행""}"
lender:lender_sbi저축은행,lender,lender_sbi저축은행,SBI저축은행,lender,lender_exposures,56536,1.0,confirmed,"{""party_name"": ""SBI저축은행""}"
lender:lender_sc제일은행,lender,lender_sc제일은행,SC제일은행,lender,lender_exposures,56661,1.0,confirmed,"{""party_name"": ""SC제일은행""}"
lender:lender_spc,lender,lender_spc,SPC,lender,lender_exposures,56934,1.0,confirmed,"{""party_name"": ""SPC""}"
lender:lender_tdh2,lender,lender_tdh2,TDH2,lender,lender_exposures,56496,1.0,confirmed,"{""party_name"": ""TDH2""}"
lender:lender_개인,lender,lender_개인,개인,lender,lender_exposures,56542,1.0,confirmed,"{""party_name"": ""개인""}"
lender:lender_건전지,lender,lender_건전지,건전지,lender,lender_exposures,56923,1.0,confirmed,"{""party_name"": ""건전지""}"
lender:lender_고메하나제일차,lender,lender_고메하나제일차,고메하나제일차,lender,lender_exposures,56630,1.0,confirmed,"{""party_name"": ""고메하나제일차""}"
lender:lender_과학기술인공제회,lender,lender_과학기술인공제회,과학기술인공제회,lender,lender_exposures,57066,1.0,confirmed,"{""party_name"": ""과학기술인공제회""}"
lender:lender_광주은행,lender,lender_광주은행,광주은행,lender,lender_exposures,56512,1.0,confirmed,"{""party_name"": ""광주은행""}"
lender:lender_교보생명,lender,lender_교보생명,교보생명,lender,lender_exposures,56479,1.0,confirmed,"{""party_name"": ""교보생명""}"
lender:lender_국민은행,lender,lender_국민은행,국민은행,lender,lender_exposures,56480,1.0,confirmed,"{""party_name"": ""국민은행""}"
lender:lender_군인공제회,lender,lender_군인공제회,군인공제회,lender,lender_exposures,56993,1.0,confirmed,"{""party_name"": ""군인공제회""}"
lender:lender_금화저축은행,lender,lender_금화저축은행,금화저축은행,lender,lender_exposures,56634,1.0,confirmed,"{""party_name"": ""금화저축은행""}"
lender:lender_남산드림힐튼제일차,lender,lender_남산드림힐튼제일차,남산드림힐튼제일차,lender,lender_exposures,56994,1.0,confirmed,"{""party_name"": ""남산드림힐튼제일차""}"
lender:lender_농협대주단,lender,lender_농협대주단,농협대주단,lender,lender_exposures,56943,1.0,confirmed,"{""party_name"": ""농협대주단""}"
lender:lender_농협은행,lender,lender_농협은행,농협은행,lender,lender_exposures,56619,1.0,confirmed,"{""party_name"": ""농협은행""}"
lender:lender_농협중앙회,lender,lender_농협중앙회,농협중앙회,lender,lender_exposures,56616,1.0,confirmed,"{""party_name"": ""농협중앙회""}"
lender:lender_뉴스타케이제일차,lender,lender_뉴스타케이제일차,뉴스타케이제일차,lender,lender_exposures,57069,1.0,confirmed,"{""party_name"": ""뉴스타케이제일차""}"
lender:lender_다올저축은행,lender,lender_다올저축은행,다올저축은행,lender,lender_exposures,56935,1.0,confirmed,"{""party_name"": ""다올저축은행""}"
lender:lender_대구대건신용협동조합,lender,lender_대구대건신용협동조합,대구대건신용협동조합,lender,lender_exposures,57070,1.0,confirmed,"{""party_name"": ""대구대건신용협동조합""}"
lender:lender_대신저축은행,lender,lender_대신저축은행,대신저축은행,lender,lender_exposures,56473,1.0,confirmed,"{""party_name"": ""대신저축은행""}"
lender:lender_더케이저축은행,lender,lender_더케이저축은행,더케이저축은행,lender,lender_exposures,56686,1.0,confirmed,"{""party_name"": ""더케이저축은행""}"
lender:lender_동원제일저축은행,lender,lender_동원제일저축은행,동원제일저축은행,lender,lender_exposures,56967,1.0,confirmed,"{""party_name"": ""동원제일저축은행""}"
lender:lender_동일스위트,lender,lender_동일스위트,동일스위트,lender,lender_exposures,56477,1.0,confirmed,"{""party_name"": ""동일스위트""}"
lender:lender_디에스네트웍스,lender,lender_디에스네트웍스,디에스네트웍스,lender,lender_exposures,56960,1.0,confirmed,"{""party_name"": ""디에스네트웍스""}"
lender:lender_디에스센트럴프라임,lender,lender_디에스센트럴프라임,디에스센트럴프라임,lender,lender_exposures,57073,1.0,confirmed,"{""party_name"": ""디에스센트럴프라임""}"
lender:lender_랜딩해운대제일차,lender,lender_랜딩해운대제일차,랜딩해운대제일차,lender,lender_exposures,57051,1.0,confirmed,"{""party_name"": ""랜딩해운대제일차""}"
lender:lender_롯데손해보험,lender,lender_롯데손해보험,롯데손해보험,lender,lender_exposures,56585,1.0,confirmed,"{""party_name"": ""롯데손해보험""}"
lender:lender_롯데캐피탈,lender,lender_롯데캐피탈,롯데캐피탈,lender,lender_exposures,56481,1.0,confirmed,"{""party_name"": ""롯데캐피탈""}"
lender:lender_리에스제삼차,lender,lender_리에스제삼차,리에스제삼차,lender,lender_exposures,56636,1.0,confirmed,"{""party_name"": ""리에스제삼차""}"
lender:lender_마이에스해운대,lender,lender_마이에스해운대,마이에스해운대,lender,lender_exposures,57053,1.0,confirmed,"{""party_name"": ""마이에스해운대""}"
lender:lender_머큐리자산운용,lender,lender_머큐리자산운용,머큐리자산운용,lender,lender_exposures,56537,1.0,confirmed,"{""party_name"": ""머큐리자산운용""}"
lender:lender_멀티에셋캠코npl메자닌활성화전문투자형사모투자신탁,lender,lender_멀티에셋캠코npl메자닌활성화전문투자형사모투자신탁,멀티에셋캠코NPL메자닌활성화전문투자형사모투자신탁,lender,lender_exposures,56767,1.0,confirmed,"{""party_name"": ""멀티에셋캠코NPL메자닌활성화전문투자형사모투자신탁""}"
lender:lender_메리츠캐피탈,lender,lender_메리츠캐피탈,메리츠캐피탈,lender,lender_exposures,56509,1.0,confirmed,"{""party_name"": ""메리츠캐피탈""}"
lender:lender_메리츠화재해상보험,lender,lender_메리츠화재해상보험,메리츠화재해상보험,lender,lender_exposures,56510,1.0,confirmed,"{""party_name"": ""메리츠화재해상보험""}"
lender:lender_메트라이프생명보험,lender,lender_메트라이프생명보험,메트라이프생명보험,lender,lender_exposures,56505,1.0,confirmed,"{""party_name"": ""메트라이프생명보험""}"
lender:lender_모니모남산제일차,lender,lender_모니모남산제일차,모니모남산제일차,lender,lender_exposures,56997,1.0,confirmed,"{""party_name"": ""모니모남산제일차""}"
lender:lender_모아저축은행,lender,lender_모아저축은행,모아저축은행,lender,lender_exposures,56637,1.0,confirmed,"{""party_name"": ""모아저축은행""}"
lender:lender_무림캐피탈,lender,lender_무림캐피탈,무림캐피탈,lender,lender_exposures,56998,1.0,confirmed,"{""party_name"": ""무림캐피탈""}"
lender:lender_문창신용협동조합,lender,lender_문창신용협동조합,문창신용협동조합,lender,lender_exposures,57074,1.0,confirmed,"{""party_name"": ""문창신용협동조합""}"
lender:lender_미래에셋증권,lender,lender_미래에셋증권,미래에셋증권,lender,lender_exposures,56969,1.0,confirmed,"{""party_name"": ""미래에셋증권""}"
lender:lender_미래에셋캐피탈,lender,lender_미래에셋캐피탈,미래에셋캐피탈,lender,lender_exposures,56533,1.0,confirmed,"{""party_name"": ""미래에셋캐피탈""}"
lender:lender_미정,lender,lender_미정,미정,lender,lender_exposures,56657,1.0,confirmed,"{""party_name"": ""미정""}"
lender:lender_브로스베타제일차,lender,lender_브로스베타제일차,브로스베타제일차,lender,lender_exposures,57055,1.0,confirmed,"{""party_name"": ""브로스베타제일차""}"
lender:lender_블루맨제일차,lender,lender_블루맨제일차,블루맨제일차,lender,lender_exposures,56462,1.0,confirmed,"{""party_name"": ""블루맨제일차""}"
lender:lender_비씨카드,lender,lender_비씨카드,비씨카드,lender,lender_exposures,56662,1.0,confirmed,"{""party_name"": ""비씨카드""}"
lender:lender_비욘드남산제사차,lender,lender_비욘드남산제사차,비욘드남산제사차,lender,lender_exposures,56999,1.0,confirmed,"{""party_name"": ""비욘드남산제사차""}"
lender:lender_비욘드남산제이차,lender,lender_비욘드남산제이차,비욘드남산제이차,lender,lender_exposures,57000,1.0,confirmed,"{""party_name"": ""비욘드남산제이차""}"
lender:lender_삼성sra1호,lender,lender_삼성sra1호,삼성SRA1호,lender,lender_exposures,56803,1.0,confirmed,"{""party_name"": ""삼성SRA1호""}"
lender:lender_삼성sra국내담보대출일반사모부동산투자신탁4호,lender,lender_삼성sra국내담보대출일반사모부동산투자신탁4호,삼성SRA국내담보대출일반사모부동산투자신탁4호,lender,lender_exposures,56534,1.0,confirmed,"{""party_name"": ""삼성SRA국내담보대출일반사모부동산투자신탁4호""}"
lender:lender_삼성생명,lender,lender_삼성생명,삼성생명,lender,lender_exposures,56478,1.0,confirmed,"{""party_name"": ""삼성생명""}"
lender:lender_삼성증권,lender,lender_삼성증권,삼성증권,lender,lender_exposures,57119,1.0,confirmed,"{""party_name"": ""삼성증권""}"
lender:lender_삼성화재,lender,lender_삼성화재,삼성화재,lender,lender_exposures,56482,1.0,confirmed,"{""party_name"": ""삼성화재""}"
lender:lender_상상인저축은행,lender,lender_상상인저축은행,상상인저축은행,lender,lender_exposures,56638,1.0,confirmed,"{""party_name"": ""상상인저축은행""}"
lender:lender_상상인플러스저축은행,lender,lender_상상인플러스저축은행,상상인플러스저축은행,lender,lender_exposures,56639,1.0,confirmed,"{""party_name"": ""상상인플러스저축은행""}"
lender:lender_새마을금고중앙회,lender,lender_새마을금고중앙회,새마을금고중앙회,lender,lender_exposures,56525,1.0,confirmed,"{""party_name"": ""새마을금고중앙회""}"
lender:lender_서귀포동부신용협동조합,lender,lender_서귀포동부신용협동조합,서귀포동부신용협동조합,lender,lender_exposures,57077,1.0,confirmed,"{""party_name"": ""서귀포동부신용협동조합""}"
lender:lender_서리풀클라우드,lender,lender_서리풀클라우드,서리풀클라우드,lender,lender_exposures,56865,1.0,confirmed,"{""party_name"": ""서리풀클라우드""}"
lender:lender_서천신용협동조합,lender,lender_서천신용협동조합,서천신용협동조합,lender,lender_exposures,57078,1.0,confirmed,"{""party_name"": ""서천신용협동조합""}"
lender:lender_센트럴저축은행,lender,lender_센트럴저축은행,센트럴저축은행,lender,lender_exposures,56970,1.0,confirmed,"{""party_name"": ""센트럴저축은행""}"
lender:lender_수지신용협동조합,lender,lender_수지신용협동조합,수지신용협동조합,lender,lender_exposures,57079,1.0,confirmed,"{""party_name"": ""수지신용협동조합""}"
lender:lender_수협은행,lender,lender_수협은행,수협은행,lender,lender_exposures,56463,1.0,confirmed,"{""party_name"": ""수협은행""}"
lender:lender_스카이저축은행,lender,lender_스카이저축은행,스카이저축은행,lender,lender_exposures,56529,1.0,confirmed,"{""party_name"": ""스카이저축은행""}"
lender:lender_스탠다드차타드은행,lender,lender_스탠다드차타드은행,스탠다드차타드은행,lender,lender_exposures,56588,1.0,confirmed,"{""party_name"": ""스탠다드차타드은행""}"
lender:lender_신한라이프생명보험,lender,lender_신한라이프생명보험,신한라이프생명보험,lender,lender_exposures,56565,1.0,confirmed,"{""party_name"": ""신한라이프생명보험""}"
lender:lender_신한은행,lender,lender_신한은행,신한은행,lender,lender_exposures,56483,1.0,confirmed,"{""party_name"": ""신한은행""}"
lender:lender_신한카드,lender,lender_신한카드,신한카드,lender,lender_exposures,57020,1.0,confirmed,"{""party_name"": ""신한카드""}"
lender:lender_신한캐피탈,lender,lender_신한캐피탈,신한캐피탈,lender,lender_exposures,56604,1.0,confirmed,"{""party_name"": ""신한캐피탈""}"
lender:lender_신한투자증권,lender,lender_신한투자증권,신한투자증권,lender,lender_exposures,56850,1.0,confirmed,"{""party_name"": ""신한투자증권""}"
lender:lender_신협_강릉신용협동조합,lender,lender_신협_강릉신용협동조합,신협(강릉신용협동조합),lender,lender_exposures,57081,1.0,confirmed,"{""party_name"": ""신협(강릉신용협동조합)""}"
lender:lender_신협_강서신용협동조합,lender,lender_신협_강서신용협동조합,신협(강서신용협동조합),lender,lender_exposures,56698,1.0,confirmed,"{""party_name"": ""신협(강서신용협동조합)""}"
lender:lender_신협_검단신용협동조합,lender,lender_신협_검단신용협동조합,신협(검단신용협동조합),lender,lender_exposures,56699,1.0,confirmed,"{""party_name"": ""신협(검단신용협동조합)""}"
lender:lender_신협_경남가온신용협동조합,lender,lender_신협_경남가온신용협동조합,신협(경남가온신용협동조합),lender,lender_exposures,56700,1.0,confirmed,"{""party_name"": ""신협(경남가온신용협동조합)""}"
lender:lender_신협_경남제일신용협동조합,lender,lender_신협_경남제일신용협동조합,신협(경남제일신용협동조합),lender,lender_exposures,56566,1.0,confirmed,"{""party_name"": ""신협(경남제일신용협동조합)""}"
lender:lender_신협_경남중앙신용협동조합,lender,lender_신협_경남중앙신용협동조합,신협(경남중앙신용협동조합),lender,lender_exposures,56701,1.0,confirmed,"{""party_name"": ""신협(경남중앙신용협동조합)""}"
lender:lender_신협_경남한의사신용협동조합,lender,lender_신협_경남한의사신용협동조합,신협(경남한의사신용협동조합),lender,lender_exposures,56702,1.0,confirmed,"{""party_name"": ""신협(경남한의사신용협동조합)""}"
lender:lender_신협_경동신용협동조합,lender,lender_신협_경동신용협동조합,신협(경동신용협동조합),lender,lender_exposures,56548,1.0,confirmed,"{""party_name"": ""신협(경동신용협동조합)""}"
lender:lender_신협_계산신용협동조합,lender,lender_신협_계산신용협동조합,신협(계산신용협동조합),lender,lender_exposures,56704,1.0,confirmed,"{""party_name"": ""신협(계산신용협동조합)""}"
lender:lender_신협_공주중앙신용협동조합,lender,lender_신협_공주중앙신용협동조합,신협(공주중앙신용협동조합),lender,lender_exposures,56950,1.0,confirmed,"{""party_name"": ""신협(공주중앙신용협동조합)""}"
lender:lender_신협_광안신용협동조합,lender,lender_신협_광안신용협동조합,신협(광안신용협동조합),lender,lender_exposures,56567,1.0,confirmed,"{""party_name"": ""신협(광안신용협동조합)""}"
lender:lender_신협_광장신용협동조합,lender,lender_신협_광장신용협동조합,신협(광장신용협동조합),lender,lender_exposures,57036,1.0,confirmed,"{""party_name"": ""신협(광장신용협동조합)""}"
lender:lender_신협_광주동부신용협동조합,lender,lender_신협_광주동부신용협동조합,신협(광주동부신용협동조합),lender,lender_exposures,56706,1.0,confirmed,"{""party_name"": ""신협(광주동부신용협동조합)""}"
lender:lender_신협_광주신우신용협동조합,lender,lender_신협_광주신우신용협동조합,신협(광주신우신용협동조합),lender,lender_exposures,56549,1.0,confirmed,"{""party_name"": ""신협(광주신우신용협동조합)""}"
lender:lender_신협_구덕신용협동조합,lender,lender_신협_구덕신용협동조합,신협(구덕신용협동조합),lender,lender_exposures,56707,1.0,confirmed,"{""party_name"": ""신협(구덕신용협동조합)""}"
lender:lender_신협_구포신용협동조합,lender,lender_신협_구포신용협동조합,신협(구포신용협동조합),lender,lender_exposures,56708,1.0,confirmed,"{""party_name"": ""신협(구포신용협동조합)""}"
lender:lender_신협_금모래신용협동조합,lender,lender_신협_금모래신용협동조합,신협(금모래신용협동조합),lender,lender_exposures,56550,1.0,confirmed,"{""party_name"": ""신협(금모래신용협동조합)""}"
lender:lender_신협_금정신용협동조합,lender,lender_신협_금정신용협동조합,신협(금정신용협동조합),lender,lender_exposures,56709,1.0,confirmed,"{""party_name"": ""신협(금정신용협동조합)""}"
lender:lender_신협_김제신용협동조합,lender,lender_신협_김제신용협동조합,신협(김제신용협동조합),lender,lender_exposures,56551,1.0,confirmed,"{""party_name"": ""신협(김제신용협동조합)""}"
lender:lender_신협_남광주신용협동조합,lender,lender_신협_남광주신용협동조합,신협(남광주신용협동조합),lender,lender_exposures,56552,1.0,confirmed,"{""party_name"": ""신협(남광주신용협동조합)""}"
lender:lender_신협_남서울신용협동조합,lender,lender_신협_남서울신용협동조합,신협(남서울신용협동조합),lender,lender_exposures,56710,1.0,confirmed,"{""party_name"": ""신협(남서울신용협동조합)""}"
lender:lender_신협_남청주신용협동조합,lender,lender_신협_남청주신용협동조합,신협(남청주신용협동조합),lender,lender_exposures,57038,1.0,confirmed,"{""party_name"": ""신협(남청주신용협동조합)""}"
lender:lender_신협_달구벌신용협동조합,lender,lender_신협_달구벌신용협동조합,신협(달구벌신용협동조합),lender,lender_exposures,56568,1.0,confirmed,"{""party_name"": ""신협(달구벌신용협동조합)""}"
lender:lender_신협_대구태영신용협동조합,lender,lender_신협_대구태영신용협동조합,신협(대구태영신용협동조합),lender,lender_exposures,57039,1.0,confirmed,"{""party_name"": ""신협(대구태영신용협동조합)""}"
lender:lender_신협_대원신용협동조합,lender,lender_신협_대원신용협동조합,신협(대원신용협동조합),lender,lender_exposures,56553,1.0,confirmed,"{""party_name"": ""신협(대원신용협동조합)""}"
lender:lender_신협_동대구신용협동조합,lender,lender_신협_동대구신용협동조합,신협(동대구신용협동조합),lender,lender_exposures,57040,1.0,confirmed,"{""party_name"": ""신협(동대구신용협동조합)""}"
lender:lender_신협_동수원신용협동조합,lender,lender_신협_동수원신용협동조합,신협(동수원신용협동조합),lender,lender_exposures,56712,1.0,confirmed,"{""party_name"": ""신협(동수원신용협동조합)""}"
lender:lender_신협_든솔신용협동조합,lender,lender_신협_든솔신용협동조합,신협(든솔신용협동조합),lender,lender_exposures,57042,1.0,confirmed,"{""party_name"": ""신협(든솔신용협동조합)""}"
lender:lender_신협_등촌신용협동조합,lender,lender_신협_등촌신용협동조합,신협(등촌신용협동조합),lender,lender_exposures,56554,1.0,confirmed,"{""party_name"": ""신협(등촌신용협동조합)""}"
lender:lender_신협_마포신용협동조합,lender,lender_신협_마포신용협동조합,신협(마포신용협동조합),lender,lender_exposures,56555,1.0,confirmed,"{""party_name"": ""신협(마포신용협동조합)""}"
lender:lender_신협_무학신용협동조합,lender,lender_신협_무학신용협동조합,신협(무학신용협동조합),lender,lender_exposures,56713,1.0,confirmed,"{""party_name"": ""신협(무학신용협동조합)""}"
lender:lender_신협_미추홀신용협동조합,lender,lender_신협_미추홀신용협동조합,신협(미추홀신용협동조합),lender,lender_exposures,56569,1.0,confirmed,"{""party_name"": ""신협(미추홀신용협동조합)""}"
lender:lender_신협_방림신용협동조합,lender,lender_신협_방림신용협동조합,신협(방림신용협동조합),lender,lender_exposures,57043,1.0,confirmed,"{""party_name"": ""신협(방림신용협동조합)""}"
lender:lender_신협_부산거제신용협동조합,lender,lender_신협_부산거제신용협동조합,신협(부산거제신용협동조합),lender,lender_exposures,56714,1.0,confirmed,"{""party_name"": ""신협(부산거제신용협동조합)""}"
lender:lender_신협_부산동래신용협동조합,lender,lender_신협_부산동래신용협동조합,신협(부산동래신용협동조합),lender,lender_exposures,56715,1.0,confirmed,"{""party_name"": ""신협(부산동래신용협동조합)""}"
lender:lender_신협_부산성의신용협동조합,lender,lender_신협_부산성의신용협동조합,신협(부산성의신용협동조합),lender,lender_exposures,56716,1.0,confirmed,"{""party_name"": ""신협(부산성의신용협동조합)""}"
lender:lender_신협_부산시중앙신용협동조합,lender,lender_신협_부산시중앙신용협동조합,신협(부산시중앙신용협동조합),lender,lender_exposures,56717,1.0,confirmed,"{""party_name"": ""신협(부산시중앙신용협동조합)""}"
lender:lender_신협_부산장우신용협동조합,lender,lender_신협_부산장우신용협동조합,신협(부산장우신용협동조합),lender,lender_exposures,56570,1.0,confirmed,"{""party_name"": ""신협(부산장우신용협동조합)""}"
lender:lender_신협_부산진신용협동조합,lender,lender_신협_부산진신용협동조합,신협(부산진신용협동조합),lender,lender_exposures,56718,1.0,confirmed,"{""party_name"": ""신협(부산진신용협동조합)""}"
lender:lender_신협_부산행복신용협동조합,lender,lender_신협_부산행복신용협동조합,신협(부산행복신용협동조합),lender,lender_exposures,56571,1.0,confirmed,"{""party_name"": ""신협(부산행복신용협동조합)""}"
lender:lender_신협_북동신용협동조합,lender,lender_신협_북동신용협동조합,신협(북동신용협동조합),lender,lender_exposures,56719,1.0,confirmed,"{""party_name"": ""신협(북동신용협동조합)""}"
lender:lender_신협_북부산신용협동조합,lender,lender_신협_북부산신용협동조합,신협(북부산신용협동조합),lender,lender_exposures,56720,1.0,confirmed,"{""party_name"": ""신협(북부산신용협동조합)""}"
lender:lender_신협_북성신용협동조합,lender,lender_신협_북성신용협동조합,신협(북성신용협동조합),lender,lender_exposures,56951,1.0,confirmed,"{""party_name"": ""신협(북성신용협동조합)""}"
lender:lender_신협_북원신용협동조합,lender,lender_신협_북원신용협동조합,신협(북원신용협동조합),lender,lender_exposures,56556,1.0,confirmed,"{""party_name"": ""신협(북원신용협동조합)""}"
lender:lender_신협_새서울신용협동조합,lender,lender_신협_새서울신용협동조합,신협(새서울신용협동조합),lender,lender_exposures,56721,1.0,confirmed,"{""party_name"": ""신협(새서울신용협동조합)""}"
lender:lender_신협_서대구신용협동조합,lender,lender_신협_서대구신용협동조합,신협(서대구신용협동조합),lender,lender_exposures,56722,1.0,confirmed,"{""party_name"": ""신협(서대구신용협동조합)""}"
lender:lender_신협_서울치과의사신용협동조합,lender,lender_신협_서울치과의사신용협동조합,신협(서울치과의사신용협동조합),lender,lender_exposures,57046,1.0,confirmed,"{""party_name"": ""신협(서울치과의사신용협동조합)""}"
lender:lender_신협_성남중앙신용협동조합,lender,lender_신협_성남중앙신용협동조합,신협(성남중앙신용협동조합),lender,lender_exposures,56557,1.0,confirmed,"{""party_name"": ""신협(성남중앙신용협동조합)""}"
lender:lender_신협_송파동부신용협동조합,lender,lender_신협_송파동부신용협동조합,신협(송파동부신용협동조합),lender,lender_exposures,56558,1.0,confirmed,"{""party_name"": ""신협(송파동부신용협동조합)""}"
lender:lender_신협_수원중앙신용협동조합,lender,lender_신협_수원중앙신용협동조합,신협(수원중앙신용협동조합),lender,lender_exposures,56723,1.0,confirmed,"{""party_name"": ""신협(수원중앙신용협동조합)""}"
lender:lender_신협_신정신용협동조합,lender,lender_신협_신정신용협동조합,신협(신정신용협동조합),lender,lender_exposures,56724,1.0,confirmed,"{""party_name"": ""신협(신정신용협동조합)""}"
lender:lender_신협_아산신용협동조합,lender,lender_신협_아산신용협동조합,신협(아산신용협동조합),lender,lender_exposures,56572,1.0,confirmed,"{""party_name"": ""신협(아산신용협동조합)""}"
lender:lender_신협_양천신용협동조합,lender,lender_신협_양천신용협동조합,신협(양천신용협동조합),lender,lender_exposures,56725,1.0,confirmed,"{""party_name"": ""신협(양천신용협동조합)""}"
lender:lender_신협_연무신용협동조합,lender,lender_신협_연무신용협동조합,신협(연무신용협동조합),lender,lender_exposures,56952,1.0,confirmed,"{""party_name"": ""신협(연무신용협동조합)""}"
lender:lender_신협_영암신용협동조합,lender,lender_신협_영암신용협동조합,신협(영암신용협동조합),lender,lender_exposures,56559,1.0,confirmed,"{""party_name"": ""신협(영암신용협동조합)""}"
lender:lender_신협_오산신용협동조합,lender,lender_신협_오산신용협동조합,신협(오산신용협동조합),lender,lender_exposures,57047,1.0,confirmed,"{""party_name"": ""신협(오산신용협동조합)""}"
lender:lender_신협_울산남부신용협동조합,lender,lender_신협_울산남부신용협동조합,신협(울산남부신용협동조합),lender,lender_exposures,56726,1.0,confirmed,"{""party_name"": ""신협(울산남부신용협동조합)""}"
lender:lender_신협_울산중앙신용협동조합,lender,lender_신협_울산중앙신용협동조합,신협(울산중앙신용협동조합),lender,lender_exposures,56727,1.0,confirmed,"{""party_name"": ""신협(울산중앙신용협동조합)""}"
lender:lender_신협_울산행복신용협동조합,lender,lender_신협_울산행복신용협동조합,신협(울산행복신용협동조합),lender,lender_exposures,56728,1.0,confirmed,"{""party_name"": ""신협(울산행복신용협동조합)""}"
lender:lender_신협_원주신용협동조합,lender,lender_신협_원주신용협동조합,신협(원주신용협동조합),lender,lender_exposures,56560,1.0,confirmed,"{""party_name"": ""신협(원주신용협동조합)""}"
lender:lender_신협_은평신용협동조합,lender,lender_신협_은평신용협동조합,신협(은평신용협동조합),lender,lender_exposures,56729,1.0,confirmed,"{""party_name"": ""신협(은평신용협동조합)""}"
lender:lender_신협_의왕신용협동조합,lender,lender_신협_의왕신용협동조합,신협(의왕신용협동조합),lender,lender_exposures,56730,1.0,confirmed,"{""party_name"": ""신협(의왕신용협동조합)""}"
lender:lender_신협_이천신용협동조합,lender,lender_신협_이천신용협동조합,신협(이천신용협동조합),lender,lender_exposures,56573,1.0,confirmed,"{""party_name"": ""신협(이천신용협동조합)""}"
lender:lender_신협_인천치과의사신용협동조합,lender,lender_신협_인천치과의사신용협동조합,신협(인천치과의사신용협동조합),lender,lender_exposures,56522,1.0,confirmed,"{""party_name"": ""신협(인천치과의사신용협동조합)""}"
lender:lender_신협_일산신용협동조합,lender,lender_신협_일산신용협동조합,신협(일산신용협동조합),lender,lender_exposures,56732,1.0,confirmed,"{""party_name"": ""신협(일산신용협동조합)""}"
lender:lender_신협_장안신용협동조합,lender,lender_신협_장안신용협동조합,신협(장안신용협동조합),lender,lender_exposures,56574,1.0,confirmed,"{""party_name"": ""신협(장안신용협동조합)""}"
lender:lender_신협_제민신용협동조합,lender,lender_신협_제민신용협동조합,신협(제민신용협동조합),lender,lender_exposures,56734,1.0,confirmed,"{""party_name"": ""신협(제민신용협동조합)""}"
lender:lender_신협_주민신용협동조합,lender,lender_신협_주민신용협동조합,신협(주민신용협동조합),lender,lender_exposures,56575,1.0,confirmed,"{""party_name"": ""신협(주민신용협동조합)""}"
lender:lender_신협_중앙신용협동조합,lender,lender_신협_중앙신용협동조합,신협(중앙신용협동조합),lender,lender_exposures,56735,1.0,confirmed,"{""party_name"": ""신협(중앙신용협동조합)""}"
lender:lender_신협_청량리신용협동조합,lender,lender_신협_청량리신용협동조합,신협(청량리신용협동조합),lender,lender_exposures,56736,1.0,confirmed,"{""party_name"": ""신협(청량리신용협동조합)""}"
lender:lender_신협_청운신용협동조합,lender,lender_신협_청운신용협동조합,신협(청운신용협동조합),lender,lender_exposures,56576,1.0,confirmed,"{""party_name"": ""신협(청운신용협동조합)""}"
lender:lender_신협_청주상당신용협동조합,lender,lender_신협_청주상당신용협동조합,신협(청주상당신용협동조합),lender,lender_exposures,56561,1.0,confirmed,"{""party_name"": ""신협(청주상당신용협동조합)""}"
lender:lender_신협_한라신용협동조합,lender,lender_신협_한라신용협동조합,신협(한라신용협동조합),lender,lender_exposures,56738,1.0,confirmed,"{""party_name"": ""신협(한라신용협동조합)""}"
lender:lender_신협_한우리신용협동조합,lender,lender_신협_한우리신용협동조합,신협(한우리신용협동조합),lender,lender_exposures,56577,1.0,confirmed,"{""party_name"": ""신협(한우리신용협동조합)""}"
lender:lender_신협_홍성신용협동조합,lender,lender_신협_홍성신용협동조합,신협(홍성신용협동조합),lender,lender_exposures,56739,1.0,confirmed,"{""party_name"": ""신협(홍성신용협동조합)""}"
lender:lender_신협_화곡신용협동조합,lender,lender_신협_화곡신용협동조합,신협(화곡신용협동조합),lender,lender_exposures,56740,1.0,confirmed,"{""party_name"": ""신협(화곡신용협동조합)""}"
lender:lender_신협_화성제일신용협동조합,lender,lender_신협_화성제일신용협동조합,신협(화성제일신용협동조합),lender,lender_exposures,56741,1.0,confirmed,"{""party_name"": ""신협(화성제일신용협동조합)""}"
lender:lender_신협_화지산신용협동조합,lender,lender_신협_화지산신용협동조합,신협(화지산신용협동조합),lender,lender_exposures,56955,1.0,confirmed,"{""party_name"": ""신협(화지산신용협동조합)""}"
lender:lender_신협_희원신용협동조합,lender,lender_신협_희원신용협동조합,신협(희원신용협동조합),lender,lender_exposures,57086,1.0,confirmed,"{""party_name"": ""신협(희원신용협동조합)""}"
lender:lender_신협대주단,lender,lender_신협대주단,신협대주단,lender,lender_exposures,56464,1.0,confirmed,"{""party_name"": ""신협대주단""}"
lender:lender_신협중앙회_남부천신용협동중앙회,lender,lender_신협중앙회_남부천신용협동중앙회,신협중앙회(남부천신용협동중앙회),lender,lender_exposures,56745,1.0,confirmed,"{""party_name"": ""신협중앙회(남부천신용협동중앙회)""}"
lender:lender_신협중앙회_신용협동조합중앙회,lender,lender_신협중앙회_신용협동조합중앙회,신협중앙회(신용협동조합중앙회),lender,lender_exposures,56578,1.0,confirmed,"{""party_name"": ""신협중앙회(신용협동조합중앙회)""}"
lender:lender_씨엘케이아이에스,lender,lender_씨엘케이아이에스,씨엘케이아이에스,lender,lender_exposures,56664,1.0,confirmed,"{""party_name"": ""씨엘케이아이에스""}"
lender:lender_아이비케이연금보험,lender,lender_아이비케이연금보험,아이비케이연금보험,lender,lender_exposures,56465,1.0,confirmed,"{""party_name"": ""아이비케이연금보험""}"
lender:lender_아이비케이캐피탈,lender,lender_아이비케이캐피탈,아이비케이캐피탈,lender,lender_exposures,56466,1.0,confirmed,"{""party_name"": ""아이비케이캐피탈""}"
lender:lender_아이엠단디에이치제일차,lender,lender_아이엠단디에이치제일차,아이엠단디에이치제일차,lender,lender_exposures,57005,1.0,confirmed,"{""party_name"": ""아이엠단디에이치제일차""}"
lender:lender_아이엠뱅크,lender,lender_아이엠뱅크,아이엠뱅크,lender,lender_exposures,56467,1.0,confirmed,"{""party_name"": ""아이엠뱅크""}"
lender:lender_아이엠인베스트제이차,lender,lender_아이엠인베스트제이차,아이엠인베스트제이차,lender,lender_exposures,56871,1.0,confirmed,"{""party_name"": ""아이엠인베스트제이차""}"
lender:lender_안양저축은행,lender,lender_안양저축은행,안양저축은행,lender,lender_exposures,56640,1.0,confirmed,"{""party_name"": ""안양저축은행""}"
lender:lender_애큐온저축은행,lender,lender_애큐온저축은행,애큐온저축은행,lender,lender_exposures,56641,1.0,confirmed,"{""party_name"": ""애큐온저축은행""}"
lender:lender_애큐온캐피탈,lender,lender_애큐온캐피탈,애큐온캐피탈,lender,lender_exposures,56642,1.0,confirmed,"{""party_name"": ""애큐온캐피탈""}"
lender:lender_에스더블유제이차,lender,lender_에스더블유제이차,에스더블유제이차,lender,lender_exposures,56897,1.0,confirmed,"{""party_name"": ""에스더블유제이차""}"
lender:lender_에스더블유제일차,lender,lender_에스더블유제일차,에스더블유제일차,lender,lender_exposures,56898,1.0,confirmed,"{""party_name"": ""에스더블유제일차""}"
lender:lender_에이치비저축은행,lender,lender_에이치비저축은행,에이치비저축은행,lender,lender_exposures,56643,1.0,confirmed,"{""party_name"": ""에이치비저축은행""}"
lender:lender_에프엔십정2유동화전문_유한회사,lender,lender_에프엔십정2유동화전문_유한회사,에프엔십정2유동화전문 유한회사,lender,lender_exposures,56546,1.0,confirmed,"{""party_name"": ""에프엔십정2유동화전문 유한회사""}"
lender:lender_에프엔프로젝트제이차,lender,lender_에프엔프로젝트제이차,에프엔프로젝트제이차,lender,lender_exposures,56873,1.0,confirmed,"{""party_name"": ""에프엔프로젝트제이차""}"
lender:lender_엔에이치디디피,lender,lender_엔에이치디디피,엔에이치디디피,lender,lender_exposures,56631,1.0,confirmed,"{""party_name"": ""엔에이치디디피""}"
lender:lender_엔에이치저축은행,lender,lender_엔에이치저축은행,엔에이치저축은행,lender,lender_exposures,56644,1.0,confirmed,"{""party_name"": ""엔에이치저축은행""}"
lender:lender_엔에이치투자증권,lender,lender_엔에이치투자증권,엔에이치투자증권,lender,lender_exposures,56782,1.0,confirmed,"{""party_name"": ""엔에이치투자증권""}"
lender:lender_엠에스퓨처,lender,lender_엠에스퓨처,엠에스퓨처,lender,lender_exposures,56938,1.0,confirmed,"{""party_name"": ""엠에스퓨처""}"
lender:lender_오시리아테마파크제삼차,lender,lender_오시리아테마파크제삼차,오시리아테마파크제삼차,lender,lender_exposures,56852,1.0,confirmed,"{""party_name"": ""오시리아테마파크제삼차""}"
lender:lender_오시리아테마파크제이차,lender,lender_오시리아테마파크제이차,오시리아테마파크제이차,lender,lender_exposures,56853,1.0,confirmed,"{""party_name"": ""오시리아테마파크제이차""}"
lender:lender_오시리아테마파크제일차,lender,lender_오시리아테마파크제일차,오시리아테마파크제일차,lender,lender_exposures,56854,1.0,confirmed,"{""party_name"": ""오시리아테마파크제일차""}"
lender:lender_오케이저축은행,lender,lender_오케이저축은행,오케이저축은행,lender,lender_exposures,56645,1.0,confirmed,"{""party_name"": ""오케이저축은행""}"
lender:lender_오투저축은행,lender,lender_오투저축은행,오투저축은행,lender,lender_exposures,56940,1.0,confirmed,"{""party_name"": ""오투저축은행""}"
lender:lender_우리금융캐피탈,lender,lender_우리금융캐피탈,우리금융캐피탈,lender,lender_exposures,56666,1.0,confirmed,"{""party_name"": ""우리금융캐피탈""}"
lender:lender_우리블라썸제일차,lender,lender_우리블라썸제일차,우리블라썸제일차,lender,lender_exposures,56632,1.0,confirmed,"{""party_name"": ""우리블라썸제일차""}"
lender:lender_우리은행,lender,lender_우리은행,우리은행,lender,lender_exposures,56468,1.0,confirmed,"{""party_name"": ""우리은행""}"
lender:lender_우리은행_캡스톤대출플랫폼일반사모투자신탁2호의_신탁업자,lender,lender_우리은행_캡스톤대출플랫폼일반사모투자신탁2호의_신탁업자,우리은행(캡스톤대출플랫폼일반사모투자신탁2호의 신탁업자),lender,lender_exposures,56503,1.0,confirmed,"{""party_name"": ""우리은행(캡스톤대출플랫폼일반사모투자신탁2호의 신탁업자)""}"
lender:lender_우리투자증권,lender,lender_우리투자증권,우리투자증권,lender,lender_exposures,57023,1.0,confirmed,"{""party_name"": ""우리투자증권""}"
lender:lender_우미건설,lender,lender_우미건설,우미건설,lender,lender_exposures,56977,1.0,confirmed,"{""party_name"": ""우미건설""}"
lender:lender_웰컴저축은행,lender,lender_웰컴저축은행,웰컴저축은행,lender,lender_exposures,56646,1.0,confirmed,"{""party_name"": ""웰컴저축은행""}"
lender:lender_유아이제삼십칠차유동화전문유한회사,lender,lender_유아이제삼십칠차유동화전문유한회사,유아이제삼십칠차유동화전문유한회사,lender,lender_exposures,56530,1.0,confirmed,"{""party_name"": ""유아이제삼십칠차유동화전문유한회사""}"
lender:lender_유안타저축은행,lender,lender_유안타저축은행,유안타저축은행,lender,lender_exposures,56475,1.0,confirmed,"{""party_name"": ""유안타저축은행""}"
lender:lender_은평진관제삼차,lender,lender_은평진관제삼차,은평진관제삼차,lender,lender_exposures,57029,1.0,confirmed,"{""party_name"": ""은평진관제삼차""}"
lender:lender_은평진관제이차,lender,lender_은평진관제이차,은평진관제이차,lender,lender_exposures,57030,1.0,confirmed,"{""party_name"": ""은평진관제이차""}"
lender:lender_이더블유25제삼차,lender,lender_이더블유25제삼차,이더블유25제삼차,lender,lender_exposures,56978,1.0,confirmed,"{""party_name"": ""이더블유25제삼차""}"
lender:lender_이더블유25제오차,lender,lender_이더블유25제오차,이더블유25제오차,lender,lender_exposures,56979,1.0,confirmed,"{""party_name"": ""이더블유25제오차""}"
lender:lender_이더블유25제이차,lender,lender_이더블유25제이차,이더블유25제이차,lender,lender_exposures,56980,1.0,confirmed,"{""party_name"": ""이더블유25제이차""}"
lender:lender_이지스린,lender,lender_이지스린,이지스린,lender,lender_exposures,56948,1.0,confirmed,"{""party_name"": ""이지스린""}"
lender:lender_이지스이익참여형메자닌일반사모부동산모투자신탁제1_1호_blind,lender,lender_이지스이익참여형메자닌일반사모부동산모투자신탁제1_1호_blind,이지스이익참여형메자닌일반사모부동산모투자신탁제1-1호(Blind),lender,lender_exposures,56669,1.0,confirmed,"{""party_name"": ""이지스이익참여형메자닌일반사모부동산모투자신탁제1-1호(Blind)""}"
lender:lender_이지스이익참여형메자닌일반사모부동산모투자신탁제1_3호_blind,lender,lender_이지스이익참여형메자닌일반사모부동산모투자신탁제1_3호_blind,이지스이익참여형메자닌일반사모부동산모투자신탁제1-3호(Blind),lender,lender_exposures,56675,1.0,confirmed,"{""party_name"": ""이지스이익참여형메자닌일반사모부동산모투자신탁제1-3호(Blind)""}"
lender:lender_이지스이익참여형메자닌일반사모부동산모투자신탁제1_4호_blind,lender,lender_이지스이익참여형메자닌일반사모부동산모투자신탁제1_4호_blind,이지스이익참여형메자닌일반사모부동산모투자신탁제1-4호(Blind),lender,lender_exposures,56796,1.0,confirmed,"{""party_name"": ""이지스이익참여형메자닌일반사모부동산모투자신탁제1-4호(Blind)""}"
lender:lender_이지스일반사모부동산투자신탁156호,lender,lender_이지스일반사모부동산투자신탁156호,이지스일반사모부동산투자신탁156호,lender,lender_exposures,56544,1.0,confirmed,"{""party_name"": ""이지스일반사모부동산투자신탁156호""}"
lender:lender_이지스일반사모부동산투자신탁460호,lender,lender_이지스일반사모부동산투자신탁460호,이지스일반사모부동산투자신탁460호,lender,lender_exposures,56961,1.0,confirmed,"{""party_name"": ""이지스일반사모부동산투자신탁460호""}"
lender:lender_이지스자산운용,lender,lender_이지스자산운용,이지스자산운용,lender,lender_exposures,56962,1.0,confirmed,"{""party_name"": ""이지스자산운용""}"
lender:lender_이지스전문사모121호,lender,lender_이지스전문사모121호,이지스전문사모121호,lender,lender_exposures,56914,1.0,confirmed,"{""party_name"": ""이지스전문사모121호""}"
lender:lender_이지스하우징플랫폼_blind,lender,lender_이지스하우징플랫폼_blind,이지스하우징플랫폼(Blind),lender,lender_exposures,56941,1.0,confirmed,"{""party_name"": ""이지스하우징플랫폼(Blind)""}"
lender:lender_이지스해운대일반사모부동산투자신탁제1호,lender,lender_이지스해운대일반사모부동산투자신탁제1호,이지스해운대일반사모부동산투자신탁제1호,lender,lender_exposures,57056,1.0,confirmed,"{""party_name"": ""이지스해운대일반사모부동산투자신탁제1호""}"
lender:lender_인성저축은행,lender,lender_인성저축은행,인성저축은행,lender,lender_exposures,56981,1.0,confirmed,"{""party_name"": ""인성저축은행""}"
lender:lender_전북은행,lender,lender_전북은행,전북은행,lender,lender_exposures,56469,1.0,confirmed,"{""party_name"": ""전북은행""}"
lender:lender_제이온클로버,lender,lender_제이온클로버,제이온클로버,lender,lender_exposures,57007,1.0,confirmed,"{""party_name"": ""제이온클로버""}"
lender:lender_제이와이제이제팔차,lender,lender_제이와이제이제팔차,제이와이제이제팔차,lender,lender_exposures,57008,1.0,confirmed,"{""party_name"": ""제이와이제이제팔차""}"
lender:lender_제이케이알파제일차,lender,lender_제이케이알파제일차,제이케이알파제일차,lender,lender_exposures,56759,1.0,confirmed,"{""party_name"": ""제이케이알파제일차""}"
lender:lender_제이티저축은행,lender,lender_제이티저축은행,제이티저축은행,lender,lender_exposures,57093,1.0,confirmed,"{""party_name"": ""제이티저축은행""}"
lender:lender_제주은행,lender,lender_제주은행,제주은행,lender,lender_exposures,56499,1.0,confirmed,"{""party_name"": ""제주은행""}"
lender:lender_제주중앙신용협동조합,lender,lender_제주중앙신용협동조합,제주중앙신용협동조합,lender,lender_exposures,57094,1.0,confirmed,"{""party_name"": ""제주중앙신용협동조합""}"
lender:lender_조은저축은행,lender,lender_조은저축은행,조은저축은행,lender,lender_exposures,56654,1.0,confirmed,"{""party_name"": ""조은저축은행""}"
lender:lender_주주대여,lender,lender_주주대여,주주대여,lender,lender_exposures,56957,1.0,confirmed,"{""party_name"": ""주주대여""}"
lender:lender_중국건설은행,lender,lender_중국건설은행,중국건설은행,lender,lender_exposures,56517,1.0,confirmed,"{""party_name"": ""중국건설은행""}"
lender:lender_중국은행,lender,lender_중국은행,중국은행,lender,lender_exposures,56806,1.0,confirmed,"{""party_name"": ""중국은행""}"
lender:lender_중소기업은행,lender,lender_중소기업은행,중소기업은행,lender,lender_exposures,56590,1.0,confirmed,"{""party_name"": ""중소기업은행""}"
lender:lender_지아이비시스템제일차,lender,lender_지아이비시스템제일차,지아이비시스템제일차,lender,lender_exposures,56880,1.0,confirmed,"{""party_name"": ""지아이비시스템제일차""}"
lender:lender_지아이비와이디,lender,lender_지아이비와이디,지아이비와이디,lender,lender_exposures,56812,1.0,confirmed,"{""party_name"": ""지아이비와이디""}"
lender:lender_진주저축은행,lender,lender_진주저축은행,진주저축은행,lender,lender_exposures,56783,1.0,confirmed,"{""party_name"": ""진주저축은행""}"
lender:lender_진흥기업,lender,lender_진흥기업,진흥기업,lender,lender_exposures,56597,1.0,confirmed,"{""party_name"": ""진흥기업""}"
lender:lender_케이나인제일차,lender,lender_케이나인제일차,케이나인제일차,lender,lender_exposures,57031,1.0,confirmed,"{""party_name"": ""케이나인제일차""}"
lender:lender_케이디비산업은행,lender,lender_케이디비산업은행,케이디비산업은행,lender,lender_exposures,56476,1.0,confirmed,"{""party_name"": ""케이디비산업은행""}"
lender:lender_케이디비생명보험,lender,lender_케이디비생명보험,케이디비생명보험,lender,lender_exposures,56901,1.0,confirmed,"{""party_name"": ""케이디비생명보험""}"
lender:lender_케이비더퍼스트제일차,lender,lender_케이비더퍼스트제일차,케이비더퍼스트제일차,lender,lender_exposures,56633,1.0,confirmed,"{""party_name"": ""케이비더퍼스트제일차""}"
lender:lender_케이비생명,lender,lender_케이비생명,케이비생명,lender,lender_exposures,56489,1.0,confirmed,"{""party_name"": ""케이비생명""}"
lender:lender_케이비증권,lender,lender_케이비증권,케이비증권,lender,lender_exposures,56519,1.0,confirmed,"{""party_name"": ""케이비증권""}"
lender:lender_케이비캐피탈,lender,lender_케이비캐피탈,케이비캐피탈,lender,lender_exposures,56785,1.0,confirmed,"{""party_name"": ""케이비캐피탈""}"
lender:lender_케이에이치엘제일차,lender,lender_케이에이치엘제일차,케이에이치엘제일차,lender,lender_exposures,57011,1.0,confirmed,"{""party_name"": ""케이에이치엘제일차""}"
lender:lender_코리안리재보험,lender,lender_코리안리재보험,코리안리재보험,lender,lender_exposures,56882,1.0,confirmed,"{""party_name"": ""코리안리재보험""}"
lender:lender_쿼드에스알피제일차,lender,lender_쿼드에스알피제일차,쿼드에스알피제일차,lender,lender_exposures,56883,1.0,confirmed,"{""party_name"": ""쿼드에스알피제일차""}"
lender:lender_키움저축은행,lender,lender_키움저축은행,키움저축은행,lender,lender_exposures,56607,1.0,confirmed,"{""party_name"": ""키움저축은행""}"
lender:lender_키움캐피탈,lender,lender_키움캐피탈,키움캐피탈,lender,lender_exposures,57108,1.0,confirmed,"{""party_name"": ""키움캐피탈""}"
lender:lender_타이거즈제삼차,lender,lender_타이거즈제삼차,타이거즈제삼차,lender,lender_exposures,56543,1.0,confirmed,"{""party_name"": ""타이거즈제삼차""}"
lender:lender_타임워크제삼차,lender,lender_타임워크제삼차,타임워크제삼차,lender,lender_exposures,56648,1.0,confirmed,"{""party_name"": ""타임워크제삼차""}"
lender:lender_투모로우세운제이차,lender,lender_투모로우세운제이차,투모로우세운제이차,lender,lender_exposures,56902,1.0,confirmed,"{""party_name"": ""투모로우세운제이차""}"
lender:lender_티지와이에스제일차,lender,lender_티지와이에스제일차,티지와이에스제일차,lender,lender_exposures,56761,1.0,confirmed,"{""party_name"": ""티지와이에스제일차""}"
lender:lender_티지원그로브제일차,lender,lender_티지원그로브제일차,티지원그로브제일차,lender,lender_exposures,56762,1.0,confirmed,"{""party_name"": ""티지원그로브제일차""}"
lender:lender_파워플레이제일차,lender,lender_파워플레이제일차,파워플레이제일차,lender,lender_exposures,56926,1.0,confirmed,"{""party_name"": ""파워플레이제일차""}"
lender:lender_퍼시픽제33호전문사모부동산투자유한회사,lender,lender_퍼시픽제33호전문사모부동산투자유한회사,퍼시픽제33호전문사모부동산투자유한회사,lender,lender_exposures,56497,1.0,confirmed,"{""party_name"": ""퍼시픽제33호전문사모부동산투자유한회사""}"
lender:lender_포어센트럴제일차,lender,lender_포어센트럴제일차,포어센트럴제일차,lender,lender_exposures,57057,1.0,confirmed,"{""party_name"": ""포어센트럴제일차""}"
lender:lender_포어해운대제일차,lender,lender_포어해운대제일차,포어해운대제일차,lender,lender_exposures,57058,1.0,confirmed,"{""party_name"": ""포어해운대제일차""}"
lender:lender_푸본현대생명보험,lender,lender_푸본현대생명보험,푸본현대생명보험,lender,lender_exposures,56884,1.0,confirmed,"{""party_name"": ""푸본현대생명보험""}"
lender:lender_프라임비전제일차,lender,lender_프라임비전제일차,프라임비전제일차,lender,lender_exposures,57013,1.0,confirmed,"{""party_name"": ""프라임비전제일차""}"
lender:lender_하나은행,lender,lender_하나은행,하나은행,lender,lender_exposures,56459,1.0,confirmed,"{""party_name"": ""하나은행""}"
lender:lender_하나캐피탈,lender,lender_하나캐피탈,하나캐피탈,lender,lender_exposures,56484,1.0,confirmed,"{""party_name"": ""하나캐피탈""}"
lender:lender_하나커넥트,lender,lender_하나커넥트,하나커넥트,lender,lender_exposures,56471,1.0,confirmed,"{""party_name"": ""하나커넥트""}"
lender:lender_한국증권금융,lender,lender_한국증권금융,한국증권금융,lender,lender_exposures,56683,1.0,confirmed,"{""party_name"": ""한국증권금융""}"
lender:lender_한국캐피탈,lender,lender_한국캐피탈,한국캐피탈,lender,lender_exposures,56649,1.0,confirmed,"{""party_name"": ""한국캐피탈""}"
lender:lender_한국투자저축은행,lender,lender_한국투자저축은행,한국투자저축은행,lender,lender_exposures,56596,1.0,confirmed,"{""party_name"": ""한국투자저축은행""}"
lender:lender_한국투자증권,lender,lender_한국투자증권,한국투자증권,lender,lender_exposures,56786,1.0,confirmed,"{""party_name"": ""한국투자증권""}"
lender:lender_한국투자캐피탈,lender,lender_한국투자캐피탈,한국투자캐피탈,lender,lender_exposures,56651,1.0,confirmed,"{""party_name"": ""한국투자캐피탈""}"
lender:lender_한화저축은행,lender,lender_한화저축은행,한화저축은행,lender,lender_exposures,57101,1.0,confirmed,"{""party_name"": ""한화저축은행""}"
lender:lender_현대캐피탈,lender,lender_현대캐피탈,현대캐피탈,lender,lender_exposures,56787,1.0,confirmed,"{""party_name"": ""현대캐피탈""}"
lender:lender_현대커머셜,lender,lender_현대커머셜,현대커머셜,lender,lender_exposures,56788,1.0,confirmed,"{""party_name"": ""현대커머셜""}"
lender:lender_현대해상화재보험,lender,lender_현대해상화재보험,현대해상화재보험,lender,lender_exposures,56491,1.0,confirmed,"{""party_name"": ""현대해상화재보험""}"
lender:lender_홍콩상하이은행,lender,lender_홍콩상하이은행,홍콩상하이은행,lender,lender_exposures,56457,1.0,confirmed,"{""party_name"": ""홍콩상하이은행""}"
lender:lender_효성중공업,lender,lender_효성중공업,효성중공업,lender,lender_exposures,56598,1.0,confirmed,"{""party_name"": ""효성중공업""}"
lender:lender_흥국생명보험,lender,lender_흥국생명보험,흥국생명보험,lender,lender_exposures,56472,1.0,confirmed,"{""party_name"": ""흥국생명보험""}"
lender:lender_흥국저축은행,lender,lender_흥국저축은행,흥국저축은행,lender,lender_exposures,57102,1.0,confirmed,"{""party_name"": ""흥국저축은행""}"
project:iota-421f,project,iota-421f,421호펀드,Child Project | active,projects,iota-421f,1.0,confirmed,{}
project:iota-427,project,iota-427,와이디427,Child Project | active,projects,iota-427,1.0,confirmed,{}
project:iota-816,project,iota-816,와이디816,Child Project | active,projects,iota-816,1.0,confirmed,{}
project:iota-seoul,project,iota-seoul,이오타서울 (IOTA Seoul),Parent Project | active,projects,iota-seoul,1.0,confirmed,{}
project:project_notion_3258ced4-3c47-8100-9ad4-d95889058c74,project,project_notion_3258ced4-3c47-8100-9ad4-d95889058c74,인천 루원시티 개발사업,Project | 신규 검토 (입찰/심의 전),projects,project_notion_3258ced4-3c47-8100-9ad4-d95889058c74,1.0,confirmed,{}
project:project_notion_3258ced4-3c47-8100-b0e3-dbd969a1952e,project,project_notion_3258ced4-3c47-8100-b0e3-dbd969a1952e,'분기별 그룹웨어 마켓 DB 관리 및 업데이트,Mission,projects,project_notion_3258ced4-3c47-8100-b0e3-dbd969a1952e,1.0,confirmed,{}
project:project_notion_3258ced4-3c47-8101-952b-d1a487343d32,project,project_notion_3258ced4-3c47-8101-952b-d1a487343d32,선릉 위워크타워,PRJ-144 | Project | 설정 후,projects,project_notion_3258ced4-3c47-8101-952b-d1a487343d32,1.0,confirmed,{}
project:project_notion_3258ced4-3c47-8101-aad6-de7498fabf39,project,project_notion_3258ced4-3c47-8101-aad6-de7498fabf39,"Townsend Europe Logistics Venture II Korea Feeder, Venlo, Kuhn Portfolio, Nabuurs Portfolio",PRJ-100 | Project | 설정 후,projects,project_notion_3258ced4-3c47-8101-aad6-de7498fabf39,1.0,confirmed,{}
project:project_notion_3258ced4-3c47-8102-b3eb-f26a4c74477c,project,project_notion_3258ced4-3c47-8102-b3eb-f26a4c74477c,하우징플랫폼 1호,Project | 설정 후,projects,project_notion_3258ced4-3c47-8102-b3eb-f26a4c74477c,1.0,confirmed,{}
project:project_notion_3258ced4-3c47-8103-863b-c4faf6df5cce,project,project_notion_3258ced4-3c47-8103-863b-c4faf6df5cce,미국 Scannell 물류 선매입 (No. 380),PRJ-108 | Project | 설정 후,projects,project_notion_3258ced4-3c47-8103-863b-c4faf6df5cce,1.0,confirmed,{}
project:project_notion_3258ced4-3c47-8104-93cb-e17d0756539b,project,project_notion_3258ced4-3c47-8104-93cb-e17d0756539b,홈플러스 3개소,PRJ-139 | Project | 설정 후,projects,project_notion_3258ced4-3c47-8104-93cb-e17d0756539b,1.0,confirmed,{}
project:project_notion_3258ced4-3c47-8106-8a3b-d2d13f5f94fc,project,project_notion_3258ced4-3c47-8106-8a3b-d2d13f5f94fc,Odawara Logistics Amazon FC I,PRJ-119 | Project | 설정 후,projects,project_notion_3258ced4-3c47-8106-8a3b-d2d13f5f94fc,1.0,confirmed,{}
project:project_notion_3258ced4-3c47-8106-9614-c76df2eeee22,project,project_notion_3258ced4-3c47-8106-9614-c76df2eeee22,Loan 총괄현황 보고,Mission,projects,project_notion_3258ced4-3c47-8106-9614-c76df2eeee22,1.0,confirmed,{}
project:project_notion_3258ced4-3c47-8107-8ec5-cbecaf705a8d,project,project_notion_3258ced4-3c47-8107-8ec5-cbecaf705a8d,Nuveen Real Estate U.S. Cities Multifamily Fund,PRJ-193 | Project | 설정 후,projects,project_notion_3258ced4-3c47-8107-8ec5-cbecaf705a8d,1.0,confirmed,{}
project:project_notion_3258ced4-3c47-8107-9e13-c624f39dd460,project,project_notion_3258ced4-3c47-8107-9e13-c624f39dd460,연희동 시니어하우징 개발사업,Project | 신규 검토 (입찰/심의 전),projects,project_notion_3258ced4-3c47-8107-9e13-c624f39dd460,1.0,confirmed,{}
project:project_notion_3258ced4-3c47-8108-9072-c4bca0fba06c,project,project_notion_3258ced4-3c47-8108-9072-c4bca0fba06c,스트래티직 1호,Project | 설정 후,projects,project_notion_3258ced4-3c47-8108-9072-c4bca0fba06c,1.0,confirmed,{}
project:project_notion_3258ced4-3c47-8108-a2f5-e5ae45e59ab8,project,project_notion_3258ced4-3c47-8108-a2f5-e5ae45e59ab8,Goldman Sachs West Street Infrastructure Partner IV,Project | 설정 후,projects,project_notion_3258ced4-3c47-8108-a2f5-e5ae45e59ab8,1.0,confirmed,{}
project:project_notion_3258ced4-3c47-8109-80c2-dba11c7ef55d,project,project_notion_3258ced4-3c47-8109-80c2-dba11c7ef55d,부동산론 2호,Project | 신규 검토 (입찰/심의 전),projects,project_notion_3258ced4-3c47-8109-80c2-dba11c7ef55d,1.0,confirmed,{}
project:project_notion_3258ced4-3c47-8109-b77c-c27e4235bb64,project,project_notion_3258ced4-3c47-8109-b77c-c27e4235bb64,Milano Office Pirelli HQ,PRJ-118 | Project | 설정 후,projects,project_notion_3258ced4-3c47-8109-b77c-c27e4235bb64,1.0,confirmed,{}
project:project_notion_3258ced4-3c47-810b-833d-ea07904bffaf,project,project_notion_3258ced4-3c47-810b-833d-ea07904bffaf,기회추구2호,Project | 설정 후,projects,project_notion_3258ced4-3c47-810b-833d-ea07904bffaf,1.0,confirmed,{}
project:project_notion_3258ced4-3c47-810c-b6ce-c7f33d6c28fc,project,project_notion_3258ced4-3c47-810c-b6ce-c7f33d6c28fc,안산시 고잔동 오피스텔 개발,PRJ-131 | Project | 설정 후,projects,project_notion_3258ced4-3c47-810c-b6ce-c7f33d6c28fc,1.0,confirmed,{}
project:project_notion_3258ced4-3c47-810d-93af-d3d563006e59,project,project_notion_3258ced4-3c47-810d-93af-d3d563006e59,노스게이트,PRJ-24 | Project | 설정 후,projects,project_notion_3258ced4-3c47-810d-93af-d3d563006e59,1.0,confirmed,{}
project:project_notion_3258ced4-3c47-810e-a1aa-fd3ef4e7a20d,project,project_notion_3258ced4-3c47-810e-a1aa-fd3ef4e7a20d,NY Brooklyn MF SpringCreek Tower,,projects,project_notion_3258ced4-3c47-810e-a1aa-fd3ef4e7a20d,1.0,confirmed,{}
project:project_notion_3258ced4-3c47-810e-a686-f8fdceac2e29,project,project_notion_3258ced4-3c47-810e-a686-f8fdceac2e29,KLIP 1호,Project | 설정 후,projects,project_notion_3258ced4-3c47-810e-a686-f8fdceac2e29,1.0,confirmed,{}
project:project_notion_3258ced4-3c47-810e-b90b-d9482afc46e5,project,project_notion_3258ced4-3c47-810e-b90b-d9482afc46e5,트윈트리,PRJ-39 | Project | 설정 후,projects,project_notion_3258ced4-3c47-810e-b90b-d9482afc46e5,1.0,confirmed,{}
project:project_notion_3258ced4-3c47-8110-979d-cb1bf2ae6f8e,project,project_notion_3258ced4-3c47-8110-979d-cb1bf2ae6f8e,티맥스 수내타워,PRJ-172 | Project | 설정 후,projects,project_notion_3258ced4-3c47-8110-979d-cb1bf2ae6f8e,1.0,confirmed,{}
project:project_notion_3258ced4-3c47-8110-9810-c4c422e5c402,project,project_notion_3258ced4-3c47-8110-9810-c4c422e5c402,Washington D.C. Washington Square Mezzanine Loan,PRJ-197 | Project | 설정 후,projects,project_notion_3258ced4-3c47-8110-9810-c4c422e5c402,1.0,confirmed,{}
project:project_notion_3258ced4-3c47-8111-8889-d93055c166f0,project,project_notion_3258ced4-3c47-8111-8889-d93055c166f0,"대외 투자자 뉴스레터 작성/발송 w/브랜드커뮤니케이션, 해외투자자",Mission,projects,project_notion_3258ced4-3c47-8111-8889-d93055c166f0,1.0,confirmed,{}
project:project_notion_3258ced4-3c47-8111-946e-d89cf4d304f9,project,project_notion_3258ced4-3c47-8111-946e-d89cf4d304f9,이태원 문집·근생 개발사업,PRJ-58 | Project | 설정 후,projects,project_notion_3258ced4-3c47-8111-946e-d89cf4d304f9,1.0,confirmed,{}
project:project_notion_3258ced4-3c47-8111-be65-eb50cd36981e,project,project_notion_3258ced4-3c47-8111-be65-eb50cd36981e,Market&View,Mission,projects,project_notion_3258ced4-3c47-8111-be65-eb50cd36981e,1.0,confirmed,{}
project:project_notion_3258ced4-3c47-8112-a022-e02096b475c3,project,project_notion_3258ced4-3c47-8112-a022-e02096b475c3,Nuveen Global Real Estate Debt Partners Fund III (UK),PRJ-191 | Project | 설정 후,projects,project_notion_3258ced4-3c47-8112-a022-e02096b475c3,1.0,confirmed,{}
project:project_notion_3258ced4-3c47-8112-b036-c2173374bb23,project,project_notion_3258ced4-3c47-8112-b036-c2173374bb23,팩토리얼 용산(용산 나진상가 재개발),PRJ-155 | Project | 설정 후,projects,project_notion_3258ced4-3c47-8112-b036-c2173374bb23,1.0,confirmed,{}
project:project_notion_3258ced4-3c47-8112-b63d-d3876e135412,project,project_notion_3258ced4-3c47-8112-b63d-d3876e135412,CBRE U.S. Credit Partners LP,Project | 설정 후,projects,project_notion_3258ced4-3c47-8112-b63d-d3876e135412,1.0,confirmed,{}
project:project_notion_3258ced4-3c47-8112-bfc3-d7b5bf4ee187,project,project_notion_3258ced4-3c47-8112-bfc3-d7b5bf4ee187,폴란드 물류센터 대출(해양진흥공사),Project | 신규 검토 (입찰/심의 전),projects,project_notion_3258ced4-3c47-8112-bfc3-d7b5bf4ee187,1.0,confirmed,{}
project:project_notion_3258ced4-3c47-8113-9004-f2aa64349637,project,project_notion_3258ced4-3c47-8113-9004-f2aa64349637,이수화학 본사,Project | 설정 후,projects,project_notion_3258ced4-3c47-8113-9004-f2aa64349637,1.0,confirmed,{}
project:project_notion_3258ced4-3c47-8113-95b7-e748647ad9be,project,project_notion_3258ced4-3c47-8113-95b7-e748647ad9be,"홈플러스 4개점 (영등포, 금천, 동수원, 센텀시티)",PRJ-140 | Project | 설정 후,projects,project_notion_3258ced4-3c47-8113-95b7-e748647ad9be,1.0,confirmed,{}
project:project_notion_3258ced4-3c47-8113-b688-db4ec74f20c9,project,project_notion_3258ced4-3c47-8113-b688-db4ec74f20c9,일산 CLC,Project | 설정 후,projects,project_notion_3258ced4-3c47-8113-b688-db4ec74f20c9,1.0,confirmed,{}
project:project_notion_3258ced4-3c47-8114-a5b8-fb58a5dee9cf,project,project_notion_3258ced4-3c47-8114-a5b8-fb58a5dee9cf,"수익자 및 투자자 보고자료 작성 및 지원(위탁운용 보고서 작성 이외 (For 전략투자그룹, 자산관리그룹, 스페셜시츄에이션, 사업그룹, 라이프리빙, 글로벌 전략그룹, 공모펀드 대응 TF, 공간개발파트 ,CM그룹, IOTA TF,해외법인)",Project,projects,project_notion_3258ced4-3c47-8114-a5b8-fb58a5dee9cf,1.0,confirmed,{}
project:project_notion_3258ced4-3c47-8115-9bac-f9515d912ba0,project,project_notion_3258ced4-3c47-8115-9bac-f9515d912ba0,포천 정교리 물류,PRJ-63 | Project | 설정 후,projects,project_notion_3258ced4-3c47-8115-9bac-f9515d912ba0,1.0,confirmed,{}
project:project_notion_3258ced4-3c47-8115-abf0-f350af618fc1,project,project_notion_3258ced4-3c47-8115-abf0-f350af618fc1,성수 TS 2차,,projects,project_notion_3258ced4-3c47-8115-abf0-f350af618fc1,1.0,confirmed,{}
project:project_notion_3258ced4-3c47-8116-b1d2-e72db33d5b84,project,project_notion_3258ced4-3c47-8116-b1d2-e72db33d5b84,"Paris Logistics Amazon , Bristol Logistics Amazon , Barcelona Logistics Amazon",PRJ-122 | Project | 설정 후,projects,project_notion_3258ced4-3c47-8116-b1d2-e72db33d5b84,1.0,confirmed,{}
project:project_notion_3258ced4-3c47-8117-8895-cc0dfe9cf471,project,project_notion_3258ced4-3c47-8117-8895-cc0dfe9cf471,맹그로브 동대문,PRJ-65 | Project | 설정 후,projects,project_notion_3258ced4-3c47-8117-8895-cc0dfe9cf471,1.0,confirmed,{}
project:project_notion_3258ced4-3c47-8118-ae0f-dd60c937a8f8,project,project_notion_3258ced4-3c47-8118-ae0f-dd60c937a8f8,"Paris Logistics Amazon , Barcelona Logistics Amazon , Bristol Logistics Amazon",PRJ-121 | Project | 설정 후,projects,project_notion_3258ced4-3c47-8118-ae0f-dd60c937a8f8,1.0,confirmed,{}
project:project_notion_3258ced4-3c47-8119-9a2d-caecb456ac92,project,project_notion_3258ced4-3c47-8119-9a2d-caecb456ac92,제주 화북 프로젝트,PRJ-132 | Project | 설정 후,projects,project_notion_3258ced4-3c47-8119-9a2d-caecb456ac92,1.0,confirmed,{}
project:project_notion_3258ced4-3c47-811a-b4c3-f2ab4747275c,project,project_notion_3258ced4-3c47-811a-b4c3-f2ab4747275c,판교 아이스퀘어 C1블록 숙박/상업시설,PRJ-40 | Project | 설정 후,projects,project_notion_3258ced4-3c47-811a-b4c3-f2ab4747275c,1.0,confirmed,{}
project:project_notion_3258ced4-3c47-811a-b53c-d68f6f6fb224,project,project_notion_3258ced4-3c47-811a-b53c-d68f6f6fb224,주요 대출기관 IR,Mission,projects,project_notion_3258ced4-3c47-811a-b53c-d68f6f6fb224,1.0,confirmed,{}
project:project_notion_3258ced4-3c47-811b-8c7f-c3ccbce5cadd,project,project_notion_3258ced4-3c47-811b-8c7f-c3ccbce5cadd,TH Real Estate China Outlet Mall Fund,PRJ-95 | Project | 설정 후,projects,project_notion_3258ced4-3c47-811b-8c7f-c3ccbce5cadd,1.0,confirmed,{}
project:project_notion_3258ced4-3c47-811b-9d75-e2b01086d791,project,project_notion_3258ced4-3c47-811b-9d75-e2b01086d791,아우름시스템 고도화,Mission,projects,project_notion_3258ced4-3c47-811b-9d75-e2b01086d791,1.0,confirmed,{}
project:project_notion_3258ced4-3c47-811c-8b02-fb0dee02d093,project,project_notion_3258ced4-3c47-811c-8b02-fb0dee02d093,수서 PF재구조화펀드,PRJ-76 | Project | 설정 후,projects,project_notion_3258ced4-3c47-811c-8b02-fb0dee02d093,1.0,confirmed,{}
project:project_notion_3258ced4-3c47-811c-9ec1-ce2e311dd7b4,project,project_notion_3258ced4-3c47-811c-9ec1-ce2e311dd7b4,Nuveen C-Pace Loan Fund III 재간접펀드 설정,PRJ-189 | Project | 설정 후,projects,project_notion_3258ced4-3c47-811c-9ec1-ce2e311dd7b4,1.0,confirmed,{}
project:project_notion_3258ced4-3c47-811c-adcf-fdfde5d4ced0,project,project_notion_3258ced4-3c47-811c-adcf-fdfde5d4ced0,GRESB 인증 대응 업무,Project | 설정 후,projects,project_notion_3258ced4-3c47-811c-adcf-fdfde5d4ced0,1.0,confirmed,{}
project:project_notion_3258ced4-3c47-811c-b53c-c2a190a3d084,project,project_notion_3258ced4-3c47-811c-b53c-c2a190a3d084,삼부빌딩 재개발사업,,projects,project_notion_3258ced4-3c47-811c-b53c-c2a190a3d084,1.0,confirmed,{}
project:project_notion_3258ced4-3c47-811d-9754-feba4504bba8,project,project_notion_3258ced4-3c47-811d-9754-feba4504bba8,Clarion Lion Properties Fund,Project | 설정 후,projects,project_notion_3258ced4-3c47-811d-9754-feba4504bba8,1.0,confirmed,{}
project:project_notion_3258ced4-3c47-811e-8425-ec7178f406ba,project,project_notion_3258ced4-3c47-811e-8425-ec7178f406ba,수서역 환승센터 복합개발사업,PRJ-52 | Project | 설정 후,projects,project_notion_3258ced4-3c47-811e-8425-ec7178f406ba,1.0,confirmed,{}
project:project_notion_3258ced4-3c47-811f-9ea9-cf327e41a51f,project,project_notion_3258ced4-3c47-811f-9ea9-cf327e41a51f,"자카르타 DC구축 프로젝트 (KB증권, DAMAK사와 협업모델)",Project | 신규 검토 (입찰/심의 전),projects,project_notion_3258ced4-3c47-811f-9ea9-cf327e41a51f,1.0,confirmed,{}
project:project_notion_3258ced4-3c47-811f-b02f-dd412dfef9ea,project,project_notion_3258ced4-3c47-811f-b02f-dd412dfef9ea,신라스테이 제주,Project | 설정 후,projects,project_notion_3258ced4-3c47-811f-b02f-dd412dfef9ea,1.0,confirmed,{}
project:project_notion_3258ced4-3c47-8120-8974-d89af9db54c3,project,project_notion_3258ced4-3c47-8120-8974-d89af9db54c3,Toronto The One Super-senior Loan (Receivership Funding),PRJ-99 | Project | 설정 후,projects,project_notion_3258ced4-3c47-8120-8974-d89af9db54c3,1.0,confirmed,{}
project:project_notion_3258ced4-3c47-8120-a5a1-f2296332fcb1,project,project_notion_3258ced4-3c47-8120-a5a1-f2296332fcb1,아시아 플랫폼 투자 펀드,Project | 설정 후,projects,project_notion_3258ced4-3c47-8120-a5a1-f2296332fcb1,1.0,confirmed,{}
project:project_notion_3258ced4-3c47-8120-bdee-e7f701b59d4e,project,project_notion_3258ced4-3c47-8120-bdee-e7f701b59d4e,LG전자 협업 추진,Mission,projects,project_notion_3258ced4-3c47-8120-bdee-e7f701b59d4e,1.0,confirmed,{}
project:project_notion_3258ced4-3c47-8120-bf18-edd508d827a6,project,project_notion_3258ced4-3c47-8120-bf18-edd508d827a6,NPL 4호,PRJ-78 | Project | 설정 후,projects,project_notion_3258ced4-3c47-8120-bf18-edd508d827a6,1.0,confirmed,{}
project:project_notion_3258ced4-3c47-8121-8e24-c851bc7ebcb6,project,project_notion_3258ced4-3c47-8121-8e24-c851bc7ebcb6,Rockpoint Growth and Income Real Estate Fund II (PMAA),Project | 설정 후,projects,project_notion_3258ced4-3c47-8121-8e24-c851bc7ebcb6,1.0,confirmed,{}
project:project_notion_3258ced4-3c47-8121-b936-ccf64492a8e6,project,project_notion_3258ced4-3c47-8121-b936-ccf64492a8e6,Erfurt Amazon Robotics Fulfillment Center Senior Mezzanine Loan,Project | 설정 후,projects,project_notion_3258ced4-3c47-8121-b936-ccf64492a8e6,1.0,confirmed,{}
project:project_notion_3258ced4-3c47-8122-b87b-da27e0bf4951,project,project_notion_3258ced4-3c47-8122-b87b-da27e0bf4951,"Sanofi 본사(파리), Bell 본사(몬트리올), OJP사옥(워싱턴)",PRJ-124 | Project | 설정 후,projects,project_notion_3258ced4-3c47-8122-b87b-da27e0bf4951,1.0,confirmed,{}
project:project_notion_3258ced4-3c47-8123-8145-d71caeb10a11,project,project_notion_3258ced4-3c47-8123-8145-d71caeb10a11,신라스테이 서대문,PRJ-174 | Project | 설정 후,projects,project_notion_3258ced4-3c47-8123-8145-d71caeb10a11,1.0,confirmed,{}
project:project_notion_3258ced4-3c47-8123-9b77-e65b40d81060,project,project_notion_3258ced4-3c47-8123-9b77-e65b40d81060,삼성중공업 판교R&D센터,PRJ-69 | Project | 설정 후,projects,project_notion_3258ced4-3c47-8123-9b77-e65b40d81060,1.0,confirmed,{}
project:project_notion_3258ced4-3c47-8124-8105-ea3a0a05aaab,project,project_notion_3258ced4-3c47-8124-8105-ea3a0a05aaab,국내자산관리그룹 Exit TFT,Project | 설정 후,projects,project_notion_3258ced4-3c47-8124-8105-ea3a0a05aaab,1.0,confirmed,{}
project:project_notion_3258ced4-3c47-8124-9197-e1caaf5c421b,project,project_notion_3258ced4-3c47-8124-9197-e1caaf5c421b,"수익자 및 투자자 보고자료 및 IM작성 장표 및 데이터 지원(For 전략투자그룹, 자산관리그룹, 스페셯시츄에이션, 사업그룹, 라이프리빙, 글로벌 전략그룹, 공모펀드 대응 TF, 공간개발파트 ,CM그룹, IOTA TF,해외법인, PR팀, 성장지원, 기획추진)",Project,projects,project_notion_3258ced4-3c47-8124-9197-e1caaf5c421b,1.0,confirmed,{}
project:project_notion_3258ced4-3c47-8124-a375-fb1476185f09,project,project_notion_3258ced4-3c47-8124-a375-fb1476185f09,Quarterra Lennar Multifamily Venture II,Project | 설정 후,projects,project_notion_3258ced4-3c47-8124-a375-fb1476185f09,1.0,confirmed,{}
project:project_notion_3258ced4-3c47-8125-9191-db4b8b12bacc,project,project_notion_3258ced4-3c47-8125-9191-db4b8b12bacc,여주 본두리 물류센터,Project | 설정 후,projects,project_notion_3258ced4-3c47-8125-9191-db4b8b12bacc,1.0,confirmed,{}
project:project_notion_3258ced4-3c47-8125-9baf-d111888996fe,project,project_notion_3258ced4-3c47-8125-9baf-d111888996fe,도지 물류센터,,projects,project_notion_3258ced4-3c47-8125-9baf-d111888996fe,1.0,confirmed,{}
project:project_notion_3258ced4-3c47-8125-a97e-d66805d07923,project,project_notion_3258ced4-3c47-8125-a97e-d66805d07923,2025 하반기 시장전망 보고서 작성(국문/영문) 및 투자자 송부,Project,projects,project_notion_3258ced4-3c47-8125-a97e-d66805d07923,1.0,confirmed,{}
project:project_notion_3258ced4-3c47-8126-ac14-c55dfdf24e14,project,project_notion_3258ced4-3c47-8126-ac14-c55dfdf24e14,동대문 두산타워,Project | 신규 검토 (입찰/심의 전),projects,project_notion_3258ced4-3c47-8126-ac14-c55dfdf24e14,1.0,confirmed,{}
project:project_notion_3258ced4-3c47-8126-ad66-f2a6056c4254,project,project_notion_3258ced4-3c47-8126-ad66-f2a6056c4254,아레나스 안성,PRJ-137 | Project | 설정 후,projects,project_notion_3258ced4-3c47-8126-ad66-f2a6056c4254,1.0,confirmed,{}
project:project_notion_3258ced4-3c47-8127-8ac0-c2f491cf0eec,project,project_notion_3258ced4-3c47-8127-8ac0-c2f491cf0eec,청휘빌딩,PRJ-165 | Project | 설정 후,projects,project_notion_3258ced4-3c47-8127-8ac0-c2f491cf0eec,1.0,confirmed,{}
project:project_notion_3258ced4-3c47-8128-bbb6-d603525e49d2,project,project_notion_3258ced4-3c47-8128-bbb6-d603525e49d2,DCC,PRJ-32 | Project | 설정 후,projects,project_notion_3258ced4-3c47-8128-bbb6-d603525e49d2,1.0,confirmed,{}
project:project_notion_3258ced4-3c47-8128-bd7f-fcd601dd9754,project,project_notion_3258ced4-3c47-8128-bd7f-fcd601dd9754,V플렉스 (舊 NC타워2),PRJ-151 | Project | 설정 후,projects,project_notion_3258ced4-3c47-8128-bd7f-fcd601dd9754,1.0,confirmed,{}
project:project_notion_3258ced4-3c47-8129-9a2d-f4e99489a8a2,project,project_notion_3258ced4-3c47-8129-9a2d-f4e99489a8a2,에스피청주,Project | 설정 후,projects,project_notion_3258ced4-3c47-8129-9a2d-f4e99489a8a2,1.0,confirmed,{}
project:project_notion_3258ced4-3c47-812b-b4a3-d3091d0020b1,project,project_notion_3258ced4-3c47-812b-b4a3-d3091d0020b1,글로벌세컨더리2호,,projects,project_notion_3258ced4-3c47-812b-b4a3-d3091d0020b1,1.0,confirmed,{}
project:project_notion_3258ced4-3c47-812c-8a70-d7b048349279,project,project_notion_3258ced4-3c47-812c-8a70-d7b048349279,신라스테이 울산,Project | 설정 후,projects,project_notion_3258ced4-3c47-812c-8a70-d7b048349279,1.0,confirmed,{}
project:project_notion_3258ced4-3c47-812d-8b74-fc2d2994a424,project,project_notion_3258ced4-3c47-812d-8b74-fc2d2994a424,SBW 턴어라운드,PRJ-18 | Project | 설정 후,projects,project_notion_3258ced4-3c47-812d-8b74-fc2d2994a424,1.0,confirmed,{}
project:project_notion_3258ced4-3c47-812d-b8db-dc1ea518edaf,project,project_notion_3258ced4-3c47-812d-b8db-dc1ea518edaf,Ares Landmark Real Estate Partners VIII,PRJ-89 | Project | 설정 후,projects,project_notion_3258ced4-3c47-812d-b8db-dc1ea518edaf,1.0,confirmed,{}
project:project_notion_3258ced4-3c47-812e-958b-e755695887e0,project,project_notion_3258ced4-3c47-812e-958b-e755695887e0,KDCIP 2호,Project | 설정 후,projects,project_notion_3258ced4-3c47-812e-958b-e755695887e0,1.0,confirmed,{}
project:project_notion_3258ced4-3c47-812e-b013-e00f05931956,project,project_notion_3258ced4-3c47-812e-b013-e00f05931956,H타워,Project | 신규 검토 (입찰/심의 전),projects,project_notion_3258ced4-3c47-812e-b013-e00f05931956,1.0,confirmed,{}
project:project_notion_3258ced4-3c47-812e-b745-f9ba6ea3a900,project,project_notion_3258ced4-3c47-812e-b745-f9ba6ea3a900,분당 야탑 물류,PRJ-51 | Project | 설정 후,projects,project_notion_3258ced4-3c47-812e-b745-f9ba6ea3a900,1.0,confirmed,{}
project:project_notion_3258ced4-3c47-8130-a3b0-c57b0247d366,project,project_notion_3258ced4-3c47-8130-a3b0-c57b0247d366,코어플랫폼1호,Project | 설정 후,projects,project_notion_3258ced4-3c47-8130-a3b0-c57b0247d366,1.0,confirmed,{}
project:project_notion_3258ced4-3c47-8131-855a-ebfae9dd3fda,project,project_notion_3258ced4-3c47-8131-855a-ebfae9dd3fda,장기지분형 2호,Project | 신규 검토 (입찰/심의 전),projects,project_notion_3258ced4-3c47-8131-855a-ebfae9dd3fda,1.0,confirmed,{}
project:project_notion_3258ced4-3c47-8131-9a62-c15e42f4c623,project,project_notion_3258ced4-3c47-8131-9a62-c15e42f4c623,동일타워,PRJ-30 | Project | 설정 후,projects,project_notion_3258ced4-3c47-8131-9a62-c15e42f4c623,1.0,confirmed,{}
project:project_notion_3258ced4-3c47-8133-980e-dd206e59f006,project,project_notion_3258ced4-3c47-8133-980e-dd206e59f006,수익자 및 투자자 보고회/미팅,Project,projects,project_notion_3258ced4-3c47-8133-980e-dd206e59f006,1.0,confirmed,{}
project:project_notion_3258ced4-3c47-8133-9e4f-e15caf3f7fd9,project,project_notion_3258ced4-3c47-8133-9e4f-e15caf3f7fd9,더피나클강남,PRJ-28 | Project | 설정 후,projects,project_notion_3258ced4-3c47-8133-9e4f-e15caf3f7fd9,1.0,confirmed,{}
project:project_notion_3258ced4-3c47-8134-8ac1-f04dffd1571b,project,project_notion_3258ced4-3c47-8134-8ac1-f04dffd1571b,"위탁운용펀드 제안서 작성 지원(국민연금, 우본 w/CM)",Project,projects,project_notion_3258ced4-3c47-8134-8ac1-f04dffd1571b,1.0,confirmed,{}
project:project_notion_3258ced4-3c47-8134-98c0-edd349f78c11,project,project_notion_3258ced4-3c47-8134-98c0-edd349f78c11,Toronto The One Senior Loan (Term Facility),PRJ-98 | Project | 설정 후,projects,project_notion_3258ced4-3c47-8134-98c0-edd349f78c11,1.0,confirmed,{}
project:project_notion_3258ced4-3c47-8134-bcc7-d88d2c3ed5c0,project,project_notion_3258ced4-3c47-8134-bcc7-d88d2c3ed5c0,London Office One Poultry,Project | 설정 후,projects,project_notion_3258ced4-3c47-8134-bcc7-d88d2c3ed5c0,1.0,confirmed,{}
project:project_notion_3258ced4-3c47-8136-87b0-f640c8fe4de8,project,project_notion_3258ced4-3c47-8136-87b0-f640c8fe4de8,보스턴 프라임오피스 매입건,Project | 신규 검토 (입찰/심의 전),projects,project_notion_3258ced4-3c47-8136-87b0-f640c8fe4de8,1.0,confirmed,{}
project:project_notion_3258ced4-3c47-8136-96d3-f99474d7d46d,project,project_notion_3258ced4-3c47-8136-96d3-f99474d7d46d,가산동 임대형 기숙사 개발사업,PRJ-45 | Project | 설정 후,projects,project_notion_3258ced4-3c47-8136-96d3-f99474d7d46d,1.0,confirmed,{}
project:project_notion_3258ced4-3c47-8136-9c56-c6cf2c1ee322,project,project_notion_3258ced4-3c47-8136-9c56-c6cf2c1ee322,Project Crown (PP+NIA & SFC 통합 개발사업),Project | 신규 검토 (입찰/심의 전),projects,project_notion_3258ced4-3c47-8136-9c56-c6cf2c1ee322,1.0,confirmed,{}
project:project_notion_3258ced4-3c47-8137-9739-c4f8de51b0aa,project,project_notion_3258ced4-3c47-8137-9739-c4f8de51b0aa,센터필드,PRJ-178 | Project | 설정 후,projects,project_notion_3258ced4-3c47-8137-9739-c4f8de51b0aa,1.0,confirmed,{}
project:project_notion_3258ced4-3c47-8138-8ec8-de9a8e268d8f,project,project_notion_3258ced4-3c47-8138-8ec8-de9a8e268d8f,하남IDC 개발사업,Project | 설정 후,projects,project_notion_3258ced4-3c47-8138-8ec8-de9a8e268d8f,1.0,confirmed,{}
project:project_notion_3258ced4-3c47-8139-9590-ed11ea9d7b29,project,project_notion_3258ced4-3c47-8139-9590-ed11ea9d7b29,US Courtyard by Marriott Portfolio Mezzanine A Loan,PRJ-104 | Project | 설정 후,projects,project_notion_3258ced4-3c47-8139-9590-ed11ea9d7b29,1.0,confirmed,{}
project:project_notion_3258ced4-3c47-8139-bd7b-d6dca1809f94,project,project_notion_3258ced4-3c47-8139-bd7b-d6dca1809f94,수송스퀘어,Project | 설정 후,projects,project_notion_3258ced4-3c47-8139-bd7b-d6dca1809f94,1.0,confirmed,{}
project:project_notion_3258ced4-3c47-813a-95c2-c92639304911,project,project_notion_3258ced4-3c47-813a-95c2-c92639304911,장기안정형 1호,Project | 설정 후,projects,project_notion_3258ced4-3c47-813a-95c2-c92639304911,1.0,confirmed,{}
project:project_notion_3258ced4-3c47-813a-ad6f-f1b693613c25,project,project_notion_3258ced4-3c47-813a-ad6f-f1b693613c25,탑빌딩,PRJ-171 | Project | 설정 후,projects,project_notion_3258ced4-3c47-813a-ad6f-f1b693613c25,1.0,confirmed,{}
project:project_notion_3258ced4-3c47-813a-b27c-f0c4bc26f869,project,project_notion_3258ced4-3c47-813a-b27c-f0c4bc26f869,리빙개발투자1-1호 채무부존재 확인소송,Project | 설정 후,projects,project_notion_3258ced4-3c47-813a-b27c-f0c4bc26f869,1.0,confirmed,{}
project:project_notion_3258ced4-3c47-813c-866b-d8975f91d4b5,project,project_notion_3258ced4-3c47-813c-866b-d8975f91d4b5,차세대 오피스기준 수립(M6),Mission | 설정 전 (입찰/심의 후),projects,project_notion_3258ced4-3c47-813c-866b-d8975f91d4b5,1.0,confirmed,{}
project:project_notion_3258ced4-3c47-813c-9a14-d67e977848f7,project,project_notion_3258ced4-3c47-813c-9a14-d67e977848f7,쌈지길,Project | 설정 후,projects,project_notion_3258ced4-3c47-813c-9a14-d67e977848f7,1.0,confirmed,{}
project:project_notion_3258ced4-3c47-813c-9a6d-d6adf4821d14,project,project_notion_3258ced4-3c47-813c-9a6d-d6adf4821d14,서울시티타워,Project | 설정 후,projects,project_notion_3258ced4-3c47-813c-9a6d-d6adf4821d14,1.0,confirmed,{}
project:project_notion_3258ced4-3c47-813c-b14f-fe8af8c0d8fe,project,project_notion_3258ced4-3c47-813c-b14f-fe8af8c0d8fe,일본 임대주택 투자 펀드,Mission | 신규 검토 (입찰/심의 전),projects,project_notion_3258ced4-3c47-813c-b14f-fe8af8c0d8fe,1.0,confirmed,{}
project:project_notion_3258ced4-3c47-813d-b3bd-d68aceae3c84,project,project_notion_3258ced4-3c47-813d-b3bd-d68aceae3c84,검단 오피스텔 개발사업,,projects,project_notion_3258ced4-3c47-813d-b3bd-d68aceae3c84,1.0,confirmed,{}
project:project_notion_3258ced4-3c47-813d-b8b8-d099b6dddf01,project,project_notion_3258ced4-3c47-813d-b8b8-d099b6dddf01,런던 Camden Film Quarter 건설사업 지분 매입,Project,projects,project_notion_3258ced4-3c47-813d-b8b8-d099b6dddf01,1.0,confirmed,{}
project:project_notion_3258ced4-3c47-813d-bc2b-f56d31c1c5aa,project,project_notion_3258ced4-3c47-813d-bc2b-f56d31c1c5aa,차세대 오피스 탐색 플랫폼 구축 프로젝트 -사람인협업,Mission | 설정 후,projects,project_notion_3258ced4-3c47-813d-bc2b-f56d31c1c5aa,1.0,confirmed,{}
project:project_notion_3258ced4-3c47-813e-9235-f010f6ed603e,project,project_notion_3258ced4-3c47-813e-9235-f010f6ed603e,"Golub Capital Partners International 11, L.P.",Project | 설정 후,projects,project_notion_3258ced4-3c47-813e-9235-f010f6ed603e,1.0,confirmed,{}
project:project_notion_3258ced4-3c47-813e-9d30-c99e117bb207,project,project_notion_3258ced4-3c47-813e-9d30-c99e117bb207,국민연금 자산 통합 보고 취합(IRIS등),Project | 설정 후,projects,project_notion_3258ced4-3c47-813e-9d30-c99e117bb207,1.0,confirmed,{}
project:project_notion_3258ced4-3c47-813e-9d58-d1d583860844,project,project_notion_3258ced4-3c47-813e-9d58-d1d583860844,천호 스페셜시츄에이션,PRJ-62 | Project | 설정 후,projects,project_notion_3258ced4-3c47-813e-9d58-d1d583860844,1.0,confirmed,{}
project:project_notion_3258ced4-3c47-813f-847d-fed8381f684f,project,project_notion_3258ced4-3c47-813f-847d-fed8381f684f,GID 미국 부동산 대출 펀드 모집,Project,projects,project_notion_3258ced4-3c47-813f-847d-fed8381f684f,1.0,confirmed,{}
project:project_notion_3258ced4-3c47-8140-9b02-e2e7471cf4e1,project,project_notion_3258ced4-3c47-8140-9b02-e2e7471cf4e1,Starwood European Real Estate Debt Finance II (SEREDF II,PRJ-198 | Project | 설정 후,projects,project_notion_3258ced4-3c47-8140-9b02-e2e7471cf4e1,1.0,confirmed,{}
project:project_notion_3258ced4-3c47-8142-8586-c40a29d90ba0,project,project_notion_3258ced4-3c47-8142-8586-c40a29d90ba0,피겨앤그라운드,,projects,project_notion_3258ced4-3c47-8142-8586-c40a29d90ba0,1.0,confirmed,{}
project:project_notion_3258ced4-3c47-8143-adbc-d7f70f47806f,project,project_notion_3258ced4-3c47-8143-adbc-d7f70f47806f,PM 이행감사,Project | 설정 후,projects,project_notion_3258ced4-3c47-8143-adbc-d7f70f47806f,1.0,confirmed,{}
project:project_notion_3258ced4-3c47-8144-837f-f766b6b6fd9f,project,project_notion_3258ced4-3c47-8144-837f-f766b6b6fd9f,Brookfield Strategic Real Estate Partners V,,projects,project_notion_3258ced4-3c47-8144-837f-f766b6b6fd9f,1.0,confirmed,{}
project:project_notion_3258ced4-3c47-8144-9e19-c7e9bc6fd9d8,project,project_notion_3258ced4-3c47-8144-9e19-c7e9bc6fd9d8,New York 20 Times Square Senior Loan,Project | 설정 후,projects,project_notion_3258ced4-3c47-8144-9e19-c7e9bc6fd9d8,1.0,confirmed,{}
project:project_notion_3258ced4-3c47-8144-a246-e143a4860886,project,project_notion_3258ced4-3c47-8144-a246-e143a4860886,효제동 주거복합 개발사업,PRJ-133 | Project | 설정 후,projects,project_notion_3258ced4-3c47-8144-a246-e143a4860886,1.0,confirmed,{}
project:project_notion_3258ced4-3c47-8146-a972-deb45e2e5bb9,project,project_notion_3258ced4-3c47-8146-a972-deb45e2e5bb9,부산 육양국 DC,PRJ-153 | Project | 설정 후,projects,project_notion_3258ced4-3c47-8146-a972-deb45e2e5bb9,1.0,confirmed,{}
project:project_notion_3258ced4-3c47-8146-acbe-e1a0f3f406a8,project,project_notion_3258ced4-3c47-8146-acbe-e1a0f3f406a8,Balbec InSolve Global Credit Fund III,PRJ-92 | Project | 설정 후,projects,project_notion_3258ced4-3c47-8146-acbe-e1a0f3f406a8,1.0,confirmed,{}
project:project_notion_3258ced4-3c47-8146-b3a1-e78b9a3806b0,project,project_notion_3258ced4-3c47-8146-b3a1-e78b9a3806b0,안성 성은 물류센터,PRJ-157 | Project | 설정 후,projects,project_notion_3258ced4-3c47-8146-b3a1-e78b9a3806b0,1.0,confirmed,{}
project:project_notion_3258ced4-3c47-8146-b670-f0dc17ceabba,project,project_notion_3258ced4-3c47-8146-b670-f0dc17ceabba,문정 라이프사이언스 오피스 컨버전,Project | 신규 검토 (입찰/심의 전),projects,project_notion_3258ced4-3c47-8146-b670-f0dc17ceabba,1.0,confirmed,{}
project:project_notion_3258ced4-3c47-8147-9434-e49976f6eaf9,project,project_notion_3258ced4-3c47-8147-9434-e49976f6eaf9,IAYD,PRJ-17 | Project | 설정 후,projects,project_notion_3258ced4-3c47-8147-9434-e49976f6eaf9,1.0,confirmed,{}
project:project_notion_3258ced4-3c47-8147-94fc-e0ecc2746da0,project,project_notion_3258ced4-3c47-8147-94fc-e0ecc2746da0,물류 섹터뷰(물류펀드),Mission,projects,project_notion_3258ced4-3c47-8147-94fc-e0ecc2746da0,1.0,confirmed,{}
project:project_notion_3258ced4-3c47-8147-ba74-db2eb51dc58a,project,project_notion_3258ced4-3c47-8147-ba74-db2eb51dc58a,비즈성장 1호,Project | 설정 후,projects,project_notion_3258ced4-3c47-8147-ba74-db2eb51dc58a,1.0,confirmed,{}
project:project_notion_3258ced4-3c47-8148-8d44-e1119e0d636a,project,project_notion_3258ced4-3c47-8148-8d44-e1119e0d636a,"Virginia Amazon Warehouse , Lakeville Amazon Warehouse , Kansas city Amazon Warehouse",PRJ-127 | Project | 설정 후,projects,project_notion_3258ced4-3c47-8148-8d44-e1119e0d636a,1.0,confirmed,{}
project:project_notion_3258ced4-3c47-814a-8995-cccf94e98ce2,project,project_notion_3258ced4-3c47-814a-8995-cccf94e98ce2,오토웨이타워,Project | 설정 후,projects,project_notion_3258ced4-3c47-814a-8995-cccf94e98ce2,1.0,confirmed,{}
project:project_notion_3258ced4-3c47-814a-9829-e13bd6cd9b4f,project,project_notion_3258ced4-3c47-814a-9829-e13bd6cd9b4f,건대 몰오브케이,PRJ-7 | Project | 설정 후,projects,project_notion_3258ced4-3c47-814a-9829-e13bd6cd9b4f,1.0,confirmed,{}
project:project_notion_3258ced4-3c47-814a-b6c2-fcbca891eddd,project,project_notion_3258ced4-3c47-814a-b6c2-fcbca891eddd,Washington D.C. Woodies Building Senior Loan,PRJ-107 | Project | 설정 후,projects,project_notion_3258ced4-3c47-814a-b6c2-fcbca891eddd,1.0,confirmed,{}
project:project_notion_3258ced4-3c47-814b-85e3-c2241d3a7342,project,project_notion_3258ced4-3c47-814b-85e3-c2241d3a7342,Jersey City 65 Bay Street A2-Note Loan,Project | 설정 후,projects,project_notion_3258ced4-3c47-814b-85e3-c2241d3a7342,1.0,confirmed,{}
project:project_notion_3258ced4-3c47-814b-bf36-ec234ae43b2d,project,project_notion_3258ced4-3c47-814b-bf36-ec234ae43b2d,팩토리얼 성수,PRJ-181 | Project | 설정 후,projects,project_notion_3258ced4-3c47-814b-bf36-ec234ae43b2d,1.0,confirmed,{}
project:project_notion_3258ced4-3c47-814c-88f1-cfc73be45173,project,project_notion_3258ced4-3c47-814c-88f1-cfc73be45173,IA 17차 유동화,Project | 설정 후,projects,project_notion_3258ced4-3c47-814c-88f1-cfc73be45173,1.0,confirmed,{}
project:project_notion_3258ced4-3c47-814d-8058-c37ab0260495,project,project_notion_3258ced4-3c47-814d-8058-c37ab0260495,부천 소사 공동주택 개발사업,PRJ-50 | Project | 설정 후,projects,project_notion_3258ced4-3c47-814d-8058-c37ab0260495,1.0,confirmed,{}
project:project_notion_3258ced4-3c47-814e-8248-f4ca04db3fd1,project,project_notion_3258ced4-3c47-814e-8248-f4ca04db3fd1,서여의도 임대주택 개발사업,PRJ-136 | Project | 설정 후,projects,project_notion_3258ced4-3c47-814e-8248-f4ca04db3fd1,1.0,confirmed,{}
project:project_notion_3258ced4-3c47-814e-82a7-ee711e28e008,project,project_notion_3258ced4-3c47-814e-82a7-ee711e28e008,국내 PF 재구조화 1호,PRJ-75 | Project | 설정 후,projects,project_notion_3258ced4-3c47-814e-82a7-ee711e28e008,1.0,confirmed,{}
project:project_notion_3258ced4-3c47-814e-aa34-fb7376733f78,project,project_notion_3258ced4-3c47-814e-aa34-fb7376733f78,인컴앤그로스 2호,Project | 설정 후,projects,project_notion_3258ced4-3c47-814e-aa34-fb7376733f78,1.0,confirmed,{}
project:project_notion_3258ced4-3c47-814f-8090-fc2a4dd7a5ac,project,project_notion_3258ced4-3c47-814f-8090-fc2a4dd7a5ac,용산 더프라임,PRJ-138 | Project | 설정 후,projects,project_notion_3258ced4-3c47-814f-8090-fc2a4dd7a5ac,1.0,confirmed,{}
project:project_notion_3258ced4-3c47-814f-a8a9-ca481cba91d1,project,project_notion_3258ced4-3c47-814f-a8a9-ca481cba91d1,Brookfield Super-Core Infrastructure Partners,Project | 설정 후,projects,project_notion_3258ced4-3c47-814f-a8a9-ca481cba91d1,1.0,confirmed,{}
project:project_notion_3258ced4-3c47-8153-ada3-dc9c8d99feef,project,project_notion_3258ced4-3c47-8153-ada3-dc9c8d99feef,Poland Logistics Zalando,PRJ-123 | Project | 설정 후,projects,project_notion_3258ced4-3c47-8153-ada3-dc9c8d99feef,1.0,confirmed,{}
project:project_notion_3258ced4-3c47-8153-ae91-c57e1989af10,project,project_notion_3258ced4-3c47-8153-ae91-c57e1989af10,랜드플랫폼 1호,Project | 설정 후,projects,project_notion_3258ced4-3c47-8153-ae91-c57e1989af10,1.0,confirmed,{}
project:project_notion_3258ced4-3c47-8154-b8d1-c4008b2d83ec,project,project_notion_3258ced4-3c47-8154-b8d1-c4008b2d83ec,안녕인사동,Project | 설정 후,projects,project_notion_3258ced4-3c47-8154-b8d1-c4008b2d83ec,1.0,confirmed,{}
project:project_notion_3258ced4-3c47-8154-be8d-ec7a529bfce4,project,project_notion_3258ced4-3c47-8154-be8d-ec7a529bfce4,"Ardian Americas Infrastructure Fund V S.C.S., SICAV-RAIF",PRJ-86 | Project | 설정 후,projects,project_notion_3258ced4-3c47-8154-be8d-ec7a529bfce4,1.0,confirmed,{}
project:project_notion_3258ced4-3c47-8155-8bc2-f3218fcf39e6,project,project_notion_3258ced4-3c47-8155-8bc2-f3218fcf39e6,동곤지암IC 물류개발,Project | 신규 검토 (입찰/심의 전),projects,project_notion_3258ced4-3c47-8155-8bc2-f3218fcf39e6,1.0,confirmed,{}
project:project_notion_3258ced4-3c47-8155-a72c-d249de555360,project,project_notion_3258ced4-3c47-8155-a72c-d249de555360,HSBC Senior UK Direct Lending Fund 2020 RAIF SICAV-S.A.,Project | 설정 후,projects,project_notion_3258ced4-3c47-8155-a72c-d249de555360,1.0,confirmed,{}
project:project_notion_3258ced4-3c47-8156-a370-d097e997f0bd,project,project_notion_3258ced4-3c47-8156-a370-d097e997f0bd,정동빌딩,PRJ-33 | Project | 설정 후,projects,project_notion_3258ced4-3c47-8156-a370-d097e997f0bd,1.0,confirmed,{}
project:project_notion_3258ced4-3c47-8156-aa12-c6b4bc475222,project,project_notion_3258ced4-3c47-8156-aa12-c6b4bc475222,가로골목,PRJ-184 | Project | 설정 후,projects,project_notion_3258ced4-3c47-8156-aa12-c6b4bc475222,1.0,confirmed,{}
project:project_notion_3258ced4-3c47-8156-b14e-eef62ab1ede9,project,project_notion_3258ced4-3c47-8156-b14e-eef62ab1ede9,Hines European Property Partners,Project | 설정 후,projects,project_notion_3258ced4-3c47-8156-b14e-eef62ab1ede9,1.0,confirmed,{}
project:project_notion_3258ced4-3c47-8157-823d-d7985c32aae0,project,project_notion_3258ced4-3c47-8157-823d-d7985c32aae0,Brookfield UK Gas Distribution Sidecar (SGN),Project | 설정 후,projects,project_notion_3258ced4-3c47-8157-823d-d7985c32aae0,1.0,confirmed,{}
project:project_notion_3258ced4-3c47-8157-863a-c09ed2a3f200,project,project_notion_3258ced4-3c47-8157-863a-c09ed2a3f200,이지스 멤버십 Workshop,Mission,projects,project_notion_3258ced4-3c47-8157-863a-c09ed2a3f200,1.0,confirmed,{}
project:project_notion_3258ced4-3c47-8157-9a3c-d0552bc88d81,project,project_notion_3258ced4-3c47-8157-9a3c-d0552bc88d81,위례 시니어리빙 개발사업,PRJ-54 | Project | 설정 후,projects,project_notion_3258ced4-3c47-8157-9a3c-d0552bc88d81,1.0,confirmed,{}
project:project_notion_3258ced4-3c47-8157-9c3e-ef6d1102c77c,project,project_notion_3258ced4-3c47-8157-9c3e-ef6d1102c77c,신라스테이 해운대,PRJ-170 | Project | 설정 후,projects,project_notion_3258ced4-3c47-8157-9c3e-ef6d1102c77c,1.0,confirmed,{}
project:project_notion_3258ced4-3c47-8157-b1ac-f58d211a8fef,project,project_notion_3258ced4-3c47-8157-b1ac-f58d211a8fef,"판교 제2테크노밸리 C1, C2블록 아이스퀘어 개발사업",PRJ-42 | Project | 설정 후,projects,project_notion_3258ced4-3c47-8157-b1ac-f58d211a8fef,1.0,confirmed,{}
project:project_notion_3258ced4-3c47-8157-bce3-dd31746e63e3,project,project_notion_3258ced4-3c47-8157-bce3-dd31746e63e3,Miami Courvoisier Center Senior Loan,Project | 설정 후,projects,project_notion_3258ced4-3c47-8157-bce3-dd31746e63e3,1.0,confirmed,{}
project:project_notion_3258ced4-3c47-8158-9ea3-ff51db53ac4e,project,project_notion_3258ced4-3c47-8158-9ea3-ff51db53ac4e,AXA Real Estate Development Venture IV,PRJ-91 | Project | 설정 후,projects,project_notion_3258ced4-3c47-8158-9ea3-ff51db53ac4e,1.0,confirmed,{}
project:project_notion_3258ced4-3c47-8159-973d-cb76116e43bb,project,project_notion_3258ced4-3c47-8159-973d-cb76116e43bb,SI타워,PRJ-74 | Project | 설정 후,projects,project_notion_3258ced4-3c47-8159-973d-cb76116e43bb,1.0,confirmed,{}
project:project_notion_3258ced4-3c47-8159-ae59-db31fe363016,project,project_notion_3258ced4-3c47-8159-ae59-db31fe363016,Colony Distressed Credit Fund IV,Project | 설정 후,projects,project_notion_3258ced4-3c47-8159-ae59-db31fe363016,1.0,confirmed,{}
project:project_notion_3258ced4-3c47-815a-81b8-f698d7041439,project,project_notion_3258ced4-3c47-815a-81b8-f698d7041439,"거래(취득,매각, 운용)에 따른 회계처리 제안 및 세무이슈 사전검토 및 실행",Project | 설정 후,projects,project_notion_3258ced4-3c47-815a-81b8-f698d7041439,1.0,confirmed,{}
project:project_notion_3258ced4-3c47-815c-8dbc-d5b32ed54523,project,project_notion_3258ced4-3c47-815c-8dbc-d5b32ed54523,IA13차 유동화,PRJ-12 | Project | 설정 후,projects,project_notion_3258ced4-3c47-815c-8dbc-d5b32ed54523,1.0,confirmed,{}
project:project_notion_3258ced4-3c47-815c-a71e-effed6ca2386,project,project_notion_3258ced4-3c47-815c-a71e-effed6ca2386,은평 시니어리빙 2호,PRJ-56 | Project | 설정 후,projects,project_notion_3258ced4-3c47-815c-a71e-effed6ca2386,1.0,confirmed,{}
project:project_notion_3258ced4-3c47-815c-b58b-f8dc2879e1ba,project,project_notion_3258ced4-3c47-815c-b58b-f8dc2879e1ba,오시리아 테마파크 2차 개발사업,Project | 설정 후,projects,project_notion_3258ced4-3c47-815c-b58b-f8dc2879e1ba,1.0,confirmed,{}
project:project_notion_3258ced4-3c47-815c-baea-cd043cef90ab,project,project_notion_3258ced4-3c47-815c-baea-cd043cef90ab,을지 트윈타워,Project | 신규 검토 (입찰/심의 전),projects,project_notion_3258ced4-3c47-815c-baea-cd043cef90ab,1.0,confirmed,{}
project:project_notion_3258ced4-3c47-815d-a7f7-dbdc6a9cb545,project,project_notion_3258ced4-3c47-815d-a7f7-dbdc6a9cb545,카스퀘어 NPL,PRJ-36 | Project | 설정 후,projects,project_notion_3258ced4-3c47-815d-a7f7-dbdc6a9cb545,1.0,confirmed,{}
project:project_notion_3258ced4-3c47-815f-a7e6-d5193cd0cdfc,project,project_notion_3258ced4-3c47-815f-a7e6-d5193cd0cdfc,용인 남사 물류센터,PRJ-11 | Project | 설정 후,projects,project_notion_3258ced4-3c47-815f-a7e6-d5193cd0cdfc,1.0,confirmed,{}
project:project_notion_3258ced4-3c47-815f-b2c0-d9be44fbd27e,project,project_notion_3258ced4-3c47-815f-b2c0-d9be44fbd27e,"Atlanta Office Midtown I, Atlanta Office Midtown II, Atlanta Office Midtown 주차빌딩",PRJ-111 | Project | 설정 후,projects,project_notion_3258ced4-3c47-815f-b2c0-d9be44fbd27e,1.0,confirmed,{}
project:project_notion_3258ced4-3c47-8160-ac70-d30b25f0b5d7,project,project_notion_3258ced4-3c47-8160-ac70-d30b25f0b5d7,북창동,Project | 신규 검토 (입찰/심의 전),projects,project_notion_3258ced4-3c47-8160-ac70-d30b25f0b5d7,1.0,confirmed,{}
project:project_notion_3258ced4-3c47-8161-8177-ee47f831c551,project,project_notion_3258ced4-3c47-8161-8177-ee47f831c551,오산 청학동 공동주택 개발사업,Project | 신규 검토 (입찰/심의 전),projects,project_notion_3258ced4-3c47-8161-8177-ee47f831c551,1.0,confirmed,{}
project:project_notion_3258ced4-3c47-8161-8493-d0533ea0fe3e,project,project_notion_3258ced4-3c47-8161-8493-d0533ea0fe3e,구로 지밸리 프로젝트,PRJ-22 | Project | 설정 후,projects,project_notion_3258ced4-3c47-8161-8493-d0533ea0fe3e,1.0,confirmed,{}
project:project_notion_3258ced4-3c47-8165-8e45-fec3cc37e2ec,project,project_notion_3258ced4-3c47-8165-8e45-fec3cc37e2ec,Naver Cloud 사업협력 모델 개발,Project,projects,project_notion_3258ced4-3c47-8165-8e45-fec3cc37e2ec,1.0,confirmed,{}
project:project_notion_3258ced4-3c47-8166-8841-e0de7316e354,project,project_notion_3258ced4-3c47-8166-8841-e0de7316e354,인천 석남 물류센터,PRJ-148 | Project | 설정 후,projects,project_notion_3258ced4-3c47-8166-8841-e0de7316e354,1.0,confirmed,{}
project:project_notion_3258ced4-3c47-8167-9016-c8d457c05e3a,project,project_notion_3258ced4-3c47-8167-9016-c8d457c05e3a,Green capital/녹색채권,Mission,projects,project_notion_3258ced4-3c47-8167-9016-c8d457c05e3a,1.0,confirmed,{}
project:project_notion_3258ced4-3c47-8167-bdc2-fc41bd66f9b4,project,project_notion_3258ced4-3c47-8167-bdc2-fc41bd66f9b4,New York 564 6th Avenue Senior Loan,Project | 설정 후,projects,project_notion_3258ced4-3c47-8167-bdc2-fc41bd66f9b4,1.0,confirmed,{}
project:project_notion_3258ced4-3c47-8168-89cb-fbf12ae4a94a,project,project_notion_3258ced4-3c47-8168-89cb-fbf12ae4a94a,일산 백석동 상업시설 크레딧 펀드,Project | 신규 검토 (입찰/심의 전),projects,project_notion_3258ced4-3c47-8168-89cb-fbf12ae4a94a,1.0,confirmed,{}
project:project_notion_3258ced4-3c47-8168-b19a-cd5acfab861d,project,project_notion_3258ced4-3c47-8168-b19a-cd5acfab861d,"김포, 고양 DC 재간접",,projects,project_notion_3258ced4-3c47-8168-b19a-cd5acfab861d,1.0,confirmed,{}
project:project_notion_3258ced4-3c47-8168-b61b-f37e347025ae,project,project_notion_3258ced4-3c47-8168-b61b-f37e347025ae,천안 성성7지구 공동주택 개발사업,PRJ-61 | Project | 설정 후,projects,project_notion_3258ced4-3c47-8168-b61b-f37e347025ae,1.0,confirmed,{}
project:project_notion_3258ced4-3c47-816b-a48f-fe910c82beb6,project,project_notion_3258ced4-3c47-816b-a48f-fe910c82beb6,인천 서구 가좌동 데이터센터 선매입,PRJ-59 | Project | 설정 후,projects,project_notion_3258ced4-3c47-816b-a48f-fe910c82beb6,1.0,confirmed,{}
project:project_notion_3258ced4-3c47-816d-8098-c44b060c2e72,project,project_notion_3258ced4-3c47-816d-8098-c44b060c2e72,이천 마장면 회억리 물류센터,Project | 설정 후,projects,project_notion_3258ced4-3c47-816d-8098-c44b060c2e72,1.0,confirmed,{}
project:project_notion_3258ced4-3c47-816d-9c9c-e52626483d95,project,project_notion_3258ced4-3c47-816d-9c9c-e52626483d95,영등포 소형 DC개발사업,Project | 신규 검토 (입찰/심의 전),projects,project_notion_3258ced4-3c47-816d-9c9c-e52626483d95,1.0,confirmed,{}
project:project_notion_3258ced4-3c47-816d-b6ff-d9f8fd64b4df,project,project_notion_3258ced4-3c47-816d-b6ff-d9f8fd64b4df,국민연금 공정가치평가,Project | 설정 후,projects,project_notion_3258ced4-3c47-816d-b6ff-d9f8fd64b4df,1.0,confirmed,{}
project:project_notion_3258ced4-3c47-816d-b79a-d32f392c6d97,project,project_notion_3258ced4-3c47-816d-b79a-d32f392c6d97,Tokyo Office Harumi Island Triton Square Tower W,PRJ-125 | Project | 설정 후,projects,project_notion_3258ced4-3c47-816d-b79a-d32f392c6d97,1.0,confirmed,{}
project:project_notion_3258ced4-3c47-816e-a0cf-fe088bbc0c2e,project,project_notion_3258ced4-3c47-816e-a0cf-fe088bbc0c2e,화성 석포리 물류,PRJ-167 | Project | 설정 후,projects,project_notion_3258ced4-3c47-816e-a0cf-fe088bbc0c2e,1.0,confirmed,{}
project:project_notion_3258ced4-3c47-816e-b5d5-c4598a11f0d5,project,project_notion_3258ced4-3c47-816e-b5d5-c4598a11f0d5,Nuveen Global Real Estate Debt Partners Fund II (UK),PRJ-190 | Project | 설정 후,projects,project_notion_3258ced4-3c47-816e-b5d5-c4598a11f0d5,1.0,confirmed,{}
project:project_notion_3258ced4-3c47-816f-a361-ce65d6ef8825,project,project_notion_3258ced4-3c47-816f-a361-ce65d6ef8825,Blackstone Real Estate Debt Strategies V,PRJ-93 | Project | 설정 후,projects,project_notion_3258ced4-3c47-816f-a361-ce65d6ef8825,1.0,confirmed,{}
project:project_notion_3258ced4-3c47-816f-a550-f3188716f46e,project,project_notion_3258ced4-3c47-816f-a550-f3188716f46e,해운대 우동 주상복합시설 개발 브릿지,,projects,project_notion_3258ced4-3c47-816f-a550-f3188716f46e,1.0,confirmed,{}
project:project_notion_3258ced4-3c47-8170-85d1-c22d858edae7,project,project_notion_3258ced4-3c47-8170-85d1-c22d858edae7,양양 씨사이드 개발사업,Project | 신규 검토 (입찰/심의 전),projects,project_notion_3258ced4-3c47-8170-85d1-c22d858edae7,1.0,confirmed,{}
project:project_notion_3258ced4-3c47-8170-8de5-f9c1b071c202,project,project_notion_3258ced4-3c47-8170-8de5-f9c1b071c202,평택 아디다스 물류센터,PRJ-150 | Project | 설정 후,projects,project_notion_3258ced4-3c47-8170-8de5-f9c1b071c202,1.0,confirmed,{}
project:project_notion_3258ced4-3c47-8170-9352-ecf811de25bd,project,project_notion_3258ced4-3c47-8170-9352-ecf811de25bd,삼성동빌딩 (실물우선주),PRJ-68 | Project | 설정 후,projects,project_notion_3258ced4-3c47-8170-9352-ecf811de25bd,1.0,confirmed,{}
project:project_notion_3258ced4-3c47-8170-a96f-f1b19cb9e29e,project,project_notion_3258ced4-3c47-8170-a96f-f1b19cb9e29e,Washington D.C. Atlantic Building Senior Loan,PRJ-106 | Project | 설정 후,projects,project_notion_3258ced4-3c47-8170-a96f-f1b19cb9e29e,1.0,confirmed,{}
project:project_notion_3258ced4-3c47-8171-943e-fd9cc83dd227,project,project_notion_3258ced4-3c47-8171-943e-fd9cc83dd227,New York 685 5th Avenue Mezzanine Loan,PRJ-185 | Project | 설정 후,projects,project_notion_3258ced4-3c47-8171-943e-fd9cc83dd227,1.0,confirmed,{}
project:project_notion_3258ced4-3c47-8171-af2b-f45808c248dd,project,project_notion_3258ced4-3c47-8171-af2b-f45808c248dd,"전사 대외 홍보 및 브랜드 마케팅(보도자료 작성, 인사이트 레포트 작성 및 공유, SPI 기고, AUM 서베이 결과 공유 w/브랜드커뮤니케이션, 홍보팀)",Mission,projects,project_notion_3258ced4-3c47-8171-af2b-f45808c248dd,1.0,confirmed,{}
project:project_notion_3258ced4-3c47-8172-84d8-c70af74ceece,project,project_notion_3258ced4-3c47-8172-84d8-c70af74ceece,TPG Real Estate Partners IV,PRJ-101 | Project | 설정 후,projects,project_notion_3258ced4-3c47-8172-84d8-c70af74ceece,1.0,confirmed,{}
project:project_notion_3258ced4-3c47-8173-a47a-c7d205063045,project,project_notion_3258ced4-3c47-8173-a47a-c7d205063045,Hines US Property Partners,Project | 설정 후,projects,project_notion_3258ced4-3c47-8173-a47a-c7d205063045,1.0,confirmed,{}
project:project_notion_3258ced4-3c47-8173-b27f-f686196fdcdc,project,project_notion_3258ced4-3c47-8173-b27f-f686196fdcdc,영등포 대선제분 부지 개발사업,Project | 신규 검토 (입찰/심의 전),projects,project_notion_3258ced4-3c47-8173-b27f-f686196fdcdc,1.0,confirmed,{}
project:project_notion_3258ced4-3c47-8174-92eb-d770d2e065f9,project,project_notion_3258ced4-3c47-8174-92eb-d770d2e065f9,신도림핀포인트,Project | 설정 후,projects,project_notion_3258ced4-3c47-8174-92eb-d770d2e065f9,1.0,confirmed,{}
project:project_notion_3258ced4-3c47-8174-9ccc-e400e5a2f47d,project,project_notion_3258ced4-3c47-8174-9ccc-e400e5a2f47d,청라 오피스텔 개발사업,PRJ-73 | Project | 설정 후,projects,project_notion_3258ced4-3c47-8174-9ccc-e400e5a2f47d,1.0,confirmed,{}
project:project_notion_3258ced4-3c47-8174-bbc0-d6ba8619eea5,project,project_notion_3258ced4-3c47-8174-bbc0-d6ba8619eea5,뉴욕제과(OPUS407),PRJ-169 | Project | 설정 후,projects,project_notion_3258ced4-3c47-8174-bbc0-d6ba8619eea5,1.0,confirmed,{}
project:project_notion_3258ced4-3c47-8175-927e-e434c7f34ca1,project,project_notion_3258ced4-3c47-8175-927e-e434c7f34ca1,십정2구역 더샵부평센트럴시티,Project | 설정 후,projects,project_notion_3258ced4-3c47-8175-927e-e434c7f34ca1,1.0,confirmed,{}
project:project_notion_3258ced4-3c47-8176-a201-e6ba6ae3785a,project,project_notion_3258ced4-3c47-8176-a201-e6ba6ae3785a,평창동 시니어주택,PRJ-43 | Project | 설정 후,projects,project_notion_3258ced4-3c47-8176-a201-e6ba6ae3785a,1.0,confirmed,{}
project:project_notion_3258ced4-3c47-8177-8364-e543f94b6765,project,project_notion_3258ced4-3c47-8177-8364-e543f94b6765,Unknown Project,Project,projects,project_notion_3258ced4-3c47-8177-8364-e543f94b6765,1.0,confirmed,{}
project:project_notion_3258ced4-3c47-8177-983d-f35f6e258775,project,project_notion_3258ced4-3c47-8177-983d-f35f6e258775,"Macquarie Infrasturcture Partners V, L.P",Project | 설정 후,projects,project_notion_3258ced4-3c47-8177-983d-f35f6e258775,1.0,confirmed,{}
project:project_notion_3258ced4-3c47-8178-917e-c3f68c562c3e,project,project_notion_3258ced4-3c47-8178-917e-c3f68c562c3e,NPL 3호,PRJ-77 | Project | 설정 후,projects,project_notion_3258ced4-3c47-8178-917e-c3f68c562c3e,1.0,confirmed,{}
project:project_notion_3258ced4-3c47-8178-a538-d3245bf6d565,project,project_notion_3258ced4-3c47-8178-a538-d3245bf6d565,오시리아타워레지던스,,projects,project_notion_3258ced4-3c47-8178-a538-d3245bf6d565,1.0,confirmed,{}
project:project_notion_3258ced4-3c47-817a-801b-cd508904e61d,project,project_notion_3258ced4-3c47-817a-801b-cd508904e61d,NeoAI Cloud GPU DataCenter프로젝트(포항),Project | 신규 검토 (입찰/심의 전),projects,project_notion_3258ced4-3c47-817a-801b-cd508904e61d,1.0,confirmed,{}
project:project_notion_3258ced4-3c47-817a-8987-ca5881e5effb,project,project_notion_3258ced4-3c47-817a-8987-ca5881e5effb,효제동 주거용 오피스텔,PRJ-134 | Project | 설정 후,projects,project_notion_3258ced4-3c47-817a-8987-ca5881e5effb,1.0,confirmed,{}
project:project_notion_3258ced4-3c47-817a-8d9d-ca7fa218d56f,project,project_notion_3258ced4-3c47-817a-8d9d-ca7fa218d56f,고양삼송 데이터센터,PRJ-152 | Project | 설정 후,projects,project_notion_3258ced4-3c47-817a-8d9d-ca7fa218d56f,1.0,confirmed,{}
project:project_notion_3258ced4-3c47-817a-977f-f625bb42318f,project,project_notion_3258ced4-3c47-817a-977f-f625bb42318f,은평 시니어리빙 1호,PRJ-55 | Project | 설정 후,projects,project_notion_3258ced4-3c47-817a-977f-f625bb42318f,1.0,confirmed,{}
project:project_notion_3258ced4-3c47-817a-b713-cc1721ffc64b,project,project_notion_3258ced4-3c47-817a-b713-cc1721ffc64b,Frankfurt Office Trianon,PRJ-115 | Project | 설정 후,projects,project_notion_3258ced4-3c47-817a-b713-cc1721ffc64b,1.0,confirmed,{}
project:project_notion_3258ced4-3c47-817a-bcd5-eccec36f49be,project,project_notion_3258ced4-3c47-817a-bcd5-eccec36f49be,씨티플라자,PRJ-164 | Project | 설정 후,projects,project_notion_3258ced4-3c47-817a-bcd5-eccec36f49be,1.0,confirmed,{}
project:project_notion_3258ced4-3c47-817b-863d-d0815a74d068,project,project_notion_3258ced4-3c47-817b-863d-d0815a74d068,시니어 옵코 내재화,Mission | 설정 전 (입찰/심의 후),projects,project_notion_3258ced4-3c47-817b-863d-d0815a74d068,1.0,confirmed,{}
project:project_notion_3258ced4-3c47-817b-992a-df5b5aaff1f1,project,project_notion_3258ced4-3c47-817b-992a-df5b5aaff1f1,판교테크원타워 (실물우선주),PRJ-19 | Project | 설정 후,projects,project_notion_3258ced4-3c47-817b-992a-df5b5aaff1f1,1.0,confirmed,{}
project:project_notion_3258ced4-3c47-817b-b954-d181fde727df,project,project_notion_3258ced4-3c47-817b-b954-d181fde727df,백암빌딩(OPUS459),PRJ-163 | Project | 설정 후,projects,project_notion_3258ced4-3c47-817b-b954-d181fde727df,1.0,confirmed,{}
project:project_notion_3258ced4-3c47-817d-9eed-d3c911c78284,project,project_notion_3258ced4-3c47-817d-9eed-d3c911c78284,EQT Infrastructure VI (No.1) EUR SCSp,Project | 설정 후,projects,project_notion_3258ced4-3c47-817d-9eed-d3c911c78284,1.0,confirmed,{}
project:project_notion_3258ced4-3c47-817d-b777-eecaedc343f0,project,project_notion_3258ced4-3c47-817d-b777-eecaedc343f0,Jersey City 65 Bay Street B-Note Loan,Project | 설정 후,projects,project_notion_3258ced4-3c47-817d-b777-eecaedc343f0,1.0,confirmed,{}
project:project_notion_3258ced4-3c47-817d-bebf-d3487e98e8a7,project,project_notion_3258ced4-3c47-817d-bebf-d3487e98e8a7,UBS Trumbull Property Income Fund,PRJ-102 | Project | 설정 후,projects,project_notion_3258ced4-3c47-817d-bebf-d3487e98e8a7,1.0,confirmed,{}
project:project_notion_3258ced4-3c47-817e-9179-d285c2009a46,project,project_notion_3258ced4-3c47-817e-9179-d285c2009a46,양산 석암 물류센터,PRJ-10 | Project | 설정 후,projects,project_notion_3258ced4-3c47-817e-9179-d285c2009a46,1.0,confirmed,{}
project:project_notion_3258ced4-3c47-817e-a599-d1294e05518a,project,project_notion_3258ced4-3c47-817e-a599-d1294e05518a,Rockpoint Growth and Income Real Estate Fund II,Project | 설정 후,projects,project_notion_3258ced4-3c47-817e-a599-d1294e05518a,1.0,confirmed,{}
project:project_notion_3258ced4-3c47-817f-8859-e2a3065ba310,project,project_notion_3258ced4-3c47-817f-8859-e2a3065ba310,"투자자 세미나(기존 수익자 및 신규, 국내외 투자자 대응)",Project,projects,project_notion_3258ced4-3c47-817f-8859-e2a3065ba310,1.0,confirmed,{}
project:project_notion_3258ced4-3c47-817f-b264-dc2d82f54ac2,project,project_notion_3258ced4-3c47-817f-b264-dc2d82f54ac2,안성 당목리 물류센터 개발사업,,projects,project_notion_3258ced4-3c47-817f-b264-dc2d82f54ac2,1.0,confirmed,{}
project:project_notion_3258ced4-3c47-8180-8b84-fcbb5e944aca,project,project_notion_3258ced4-3c47-8180-8b84-fcbb5e944aca,롯데 수원역 쇼핑타운 토지,PRJ-143 | Project | 설정 후,projects,project_notion_3258ced4-3c47-8180-8b84-fcbb5e944aca,1.0,confirmed,{}
project:project_notion_3258ced4-3c47-8180-94e0-dfbdaa53d174,project,project_notion_3258ced4-3c47-8180-94e0-dfbdaa53d174,IA 16차 유동화,PRJ-15 | Project | 설정 후,projects,project_notion_3258ced4-3c47-8180-94e0-dfbdaa53d174,1.0,confirmed,{}
project:project_notion_3258ced4-3c47-8182-8ab9-dd2b43a692ec,project,project_notion_3258ced4-3c47-8182-8ab9-dd2b43a692ec,NPL 5호,PRJ-79 | Project | 신규 검토 (입찰/심의 전),projects,project_notion_3258ced4-3c47-8182-8ab9-dd2b43a692ec,1.0,confirmed,{}
project:project_notion_3258ced4-3c47-8182-a740-efa638aed2b5,project,project_notion_3258ced4-3c47-8182-a740-efa638aed2b5,개정세법 검토 및 펀드 적용사항 사전 검토 및 실행,Project | 설정 후,projects,project_notion_3258ced4-3c47-8182-a740-efa638aed2b5,1.0,confirmed,{}
project:project_notion_3258ced4-3c47-8184-980f-d90fbf6fe607,project,project_notion_3258ced4-3c47-8184-980f-d90fbf6fe607,남대문 도심포트폴리오,Project | 설정 후,projects,project_notion_3258ced4-3c47-8184-980f-d90fbf6fe607,1.0,confirmed,{}
project:project_notion_3258ced4-3c47-8184-a631-d5d0ba437068,project,project_notion_3258ced4-3c47-8184-a631-d5d0ba437068,토론토 The One 주거복합시설 건설자금 대출 펀드 운용,PRJ-82 | Project | 설정 후,projects,project_notion_3258ced4-3c47-8184-a631-d5d0ba437068,1.0,confirmed,{}
project:project_notion_3258ced4-3c47-8184-aaff-fa2e50f9f0d5,project,project_notion_3258ced4-3c47-8184-aaff-fa2e50f9f0d5,DWS Four Columns Junior Capital Fund Ⅵ,Project | 설정 후,projects,project_notion_3258ced4-3c47-8184-aaff-fa2e50f9f0d5,1.0,confirmed,{}
project:project_notion_3258ced4-3c47-8185-937c-d9e13dd6962a,project,project_notion_3258ced4-3c47-8185-937c-d9e13dd6962a,IGIS Digital Infra sector view 수립,Mission,projects,project_notion_3258ced4-3c47-8185-937c-d9e13dd6962a,1.0,confirmed,{}
project:project_notion_3258ced4-3c47-8185-bdb5-c9b88db89250,project,project_notion_3258ced4-3c47-8185-bdb5-c9b88db89250,세무조사 업무 지원,Project | 설정 후,projects,project_notion_3258ced4-3c47-8185-bdb5-c9b88db89250,1.0,confirmed,{}
project:project_notion_3258ced4-3c47-8186-a02f-de49c9c22bf2,project,project_notion_3258ced4-3c47-8186-a02f-de49c9c22bf2,논현 두산빌딩,PRJ-162 | Project | 설정 후,projects,project_notion_3258ced4-3c47-8186-a02f-de49c9c22bf2,1.0,confirmed,{}
project:project_notion_3258ced4-3c47-8186-b4df-eb1233f81313,project,project_notion_3258ced4-3c47-8186-b4df-eb1233f81313,에스엔에스랩,,projects,project_notion_3258ced4-3c47-8186-b4df-eb1233f81313,1.0,confirmed,{}
project:project_notion_3258ced4-3c47-8188-927e-d5b715ff66c8,project,project_notion_3258ced4-3c47-8188-927e-d5b715ff66c8,도산대로 하이엔드 오피스텔 개발사업,Project | 신규 검토 (입찰/심의 전),projects,project_notion_3258ced4-3c47-8188-927e-d5b715ff66c8,1.0,confirmed,{}
project:project_notion_3258ced4-3c47-8189-8e94-ec28b1f3cf28,project,project_notion_3258ced4-3c47-8189-8e94-ec28b1f3cf28,평촌 G스퀘어,PRJ-149 | Project | 설정 후,projects,project_notion_3258ced4-3c47-8189-8e94-ec28b1f3cf28,1.0,confirmed,{}
project:project_notion_3258ced4-3c47-8189-9ad9-c1f50dda1940,project,project_notion_3258ced4-3c47-8189-9ad9-c1f50dda1940,New York 30 Hudson Yards Mezzanine Loan,Project | 설정 후,projects,project_notion_3258ced4-3c47-8189-9ad9-c1f50dda1940,1.0,confirmed,{}
project:project_notion_3258ced4-3c47-8189-ba69-ea321ec2c2e5,project,project_notion_3258ced4-3c47-8189-ba69-ea321ec2c2e5,남산소월타워 (舊 SK남산그린빌딩),PRJ-168 | Project | 설정 후,projects,project_notion_3258ced4-3c47-8189-ba69-ea321ec2c2e5,1.0,confirmed,{}
project:project_notion_3258ced4-3c47-818b-998b-db152c8abc76,project,project_notion_3258ced4-3c47-818b-998b-db152c8abc76,후너스빌딩,PRJ-173 | Project | 설정 후,projects,project_notion_3258ced4-3c47-818b-998b-db152c8abc76,1.0,confirmed,{}
project:project_notion_3258ced4-3c47-818b-9ada-c0f8fac21d0a,project,project_notion_3258ced4-3c47-818b-9ada-c0f8fac21d0a,Apollo European Principal Finance Fund IV,PRJ-85 | Project | 설정 후,projects,project_notion_3258ced4-3c47-818b-9ada-c0f8fac21d0a,1.0,confirmed,{}
project:project_notion_3258ced4-3c47-818c-8758-f0d6ebfd6cb8,project,project_notion_3258ced4-3c47-818c-8758-f0d6ebfd6cb8,누디트 홍대,Project | 설정 후,projects,project_notion_3258ced4-3c47-818c-8758-f0d6ebfd6cb8,1.0,confirmed,{}
project:project_notion_3258ced4-3c47-818c-952f-d3aaab07234e,project,project_notion_3258ced4-3c47-818c-952f-d3aaab07234e,스타필드 고양,PRJ-145 | Project | 설정 후,projects,project_notion_3258ced4-3c47-818c-952f-d3aaab07234e,1.0,confirmed,{}
project:project_notion_3258ced4-3c47-818c-985f-c8836c802016,project,project_notion_3258ced4-3c47-818c-985f-c8836c802016,"New York 555 10 Avenue, New York 510 East 14th Mezzanine Loan",Project | 설정 후,projects,project_notion_3258ced4-3c47-818c-985f-c8836c802016,1.0,confirmed,{}
project:project_notion_3258ced4-3c47-818c-a7f3-d0b5a538aeb4,project,project_notion_3258ced4-3c47-818c-a7f3-d0b5a538aeb4,"Hamburg Office Fleet II, Brussels Office Brederode, Barcelona Office Fontanella, Prague Office Praga Studios, Paris Office Louis David",PRJ-116 | Project | 설정 후,projects,project_notion_3258ced4-3c47-818c-a7f3-d0b5a538aeb4,1.0,confirmed,{}
project:project_notion_3258ced4-3c47-818d-9da5-c27149a74a92,project,project_notion_3258ced4-3c47-818d-9da5-c27149a74a92,이오타서울 427,PRJ-160 | Project | 설정 후,projects,project_notion_3258ced4-3c47-818d-9da5-c27149a74a92,1.0,confirmed,{}
project:project_notion_3258ced4-3c47-818f-8658-c0aeb026bc8c,project,project_notion_3258ced4-3c47-818f-8658-c0aeb026bc8c,눈스퀘어,PRJ-142 | Project | 설정 후,projects,project_notion_3258ced4-3c47-818f-8658-c0aeb026bc8c,1.0,confirmed,{}
project:project_notion_3258ced4-3c47-8190-95cf-fae7375985f9,project,project_notion_3258ced4-3c47-8190-95cf-fae7375985f9,GLP Europe Income Partners II,Project | 설정 후,projects,project_notion_3258ced4-3c47-8190-95cf-fae7375985f9,1.0,confirmed,{}
project:project_notion_3258ced4-3c47-8190-9788-dc95e11ee98a,project,project_notion_3258ced4-3c47-8190-9788-dc95e11ee98a,Chicago Student Housing Illini Tower,PRJ-112 | Project | 설정 후,projects,project_notion_3258ced4-3c47-8190-9788-dc95e11ee98a,1.0,confirmed,{}
project:project_notion_3258ced4-3c47-8190-9c2c-d9cdea369e36,project,project_notion_3258ced4-3c47-8190-9c2c-d9cdea369e36,판교 아이스퀘어 D동,PRJ-41 | Project | 설정 후,projects,project_notion_3258ced4-3c47-8190-9c2c-d9cdea369e36,1.0,confirmed,{}
project:project_notion_3258ced4-3c47-8190-a0cd-c4df5af27efc,project,project_notion_3258ced4-3c47-8190-a0cd-c4df5af27efc,KLIP 2호,Project | 설정 후,projects,project_notion_3258ced4-3c47-8190-a0cd-c4df5af27efc,1.0,confirmed,{}
project:project_notion_3258ced4-3c47-8191-95e3-fb016380a726,project,project_notion_3258ced4-3c47-8191-95e3-fb016380a726,장기지분형 1호,Project | 설정 후,projects,project_notion_3258ced4-3c47-8191-95e3-fb016380a726,1.0,confirmed,{}
project:project_notion_3258ced4-3c47-8191-b315-e81df37e9631,project,project_notion_3258ced4-3c47-8191-b315-e81df37e9631,둔산파이낸스센터,PRJ-31 | Project | 설정 후,projects,project_notion_3258ced4-3c47-8191-b315-e81df37e9631,1.0,confirmed,{}
project:project_notion_3258ced4-3c47-8193-99e0-f53579aa8e9f,project,project_notion_3258ced4-3c47-8193-99e0-f53579aa8e9f,New York 787 Seventh Avenue Mezzanine Loan,PRJ-186 | Project | 설정 후,projects,project_notion_3258ced4-3c47-8193-99e0-f53579aa8e9f,1.0,confirmed,{}
project:project_notion_3258ced4-3c47-8193-adc6-c875a6aec45a,project,project_notion_3258ced4-3c47-8193-adc6-c875a6aec45a,Paris Logistics Amazon,PRJ-120 | Project | 설정 후,projects,project_notion_3258ced4-3c47-8193-adc6-c875a6aec45a,1.0,confirmed,{}
project:project_notion_3258ced4-3c47-8193-b59b-c6d663f0191a,project,project_notion_3258ced4-3c47-8193-b59b-c6d663f0191a,동대문두산타워 재간접,PRJ-29 | Project | 설정 후,projects,project_notion_3258ced4-3c47-8193-b59b-c6d663f0191a,1.0,confirmed,{}
project:project_notion_3258ced4-3c47-8195-8b14-e1327721ccae,project,project_notion_3258ced4-3c47-8195-8b14-e1327721ccae,IGIS AI Suit(e),Mission,projects,project_notion_3258ced4-3c47-8195-8b14-e1327721ccae,1.0,confirmed,{}
project:project_notion_3258ced4-3c47-8195-abd3-e4559adacbf4,project,project_notion_3258ced4-3c47-8195-abd3-e4559adacbf4,JP Morgan AMH HB Venture,Project | 설정 후,projects,project_notion_3258ced4-3c47-8195-abd3-e4559adacbf4,1.0,confirmed,{}
project:project_notion_3258ced4-3c47-8195-ad6e-e420ae6edfea,project,project_notion_3258ced4-3c47-8195-ad6e-e420ae6edfea,산업단지환경개선펀드 1호,Project | 설정 후,projects,project_notion_3258ced4-3c47-8195-ad6e-e420ae6edfea,1.0,confirmed,{}
project:project_notion_3258ced4-3c47-8196-afa0-e81905aa5a35,project,project_notion_3258ced4-3c47-8196-afa0-e81905aa5a35,East Alaxandria Multifamily The Foundry,,projects,project_notion_3258ced4-3c47-8196-afa0-e81905aa5a35,1.0,confirmed,{}
project:project_notion_3258ced4-3c47-8197-b5da-ff934491f875,project,project_notion_3258ced4-3c47-8197-b5da-ff934491f875,TIKEHAU Capital이운용하는TIKEHAU Direct Lending 6L의수익증권,PRJ-96 | Project | 설정 후,projects,project_notion_3258ced4-3c47-8197-b5da-ff934491f875,1.0,confirmed,{}
project:project_notion_3258ced4-3c47-8198-a5e9-d8cc9a48bfe5,project,project_notion_3258ced4-3c47-8198-a5e9-d8cc9a48bfe5,개발프로젝트 모니터링,Mission,projects,project_notion_3258ced4-3c47-8198-a5e9-d8cc9a48bfe5,1.0,confirmed,{}
project:project_notion_3258ced4-3c47-8199-8f47-e575a5da4632,project,project_notion_3258ced4-3c47-8199-8f47-e575a5da4632,부산 송정 물류센터,PRJ-9 | Project | 설정 후,projects,project_notion_3258ced4-3c47-8199-8f47-e575a5da4632,1.0,confirmed,{}
project:project_notion_3258ced4-3c47-8199-ad92-c3110906a121,project,project_notion_3258ced4-3c47-8199-ad92-c3110906a121,켑코ES 협업 추진,Mission,projects,project_notion_3258ced4-3c47-8199-ad92-c3110906a121,1.0,confirmed,{}
project:project_notion_3258ced4-3c47-819a-a6ab-d0752c7e7cd0,project,project_notion_3258ced4-3c47-819a-a6ab-d0752c7e7cd0,홈플러스 전주효자,PRJ-141 | Project | 설정 후,projects,project_notion_3258ced4-3c47-819a-a6ab-d0752c7e7cd0,1.0,confirmed,{}
project:project_notion_3258ced4-3c47-819b-a52f-e7c8354328c7,project,project_notion_3258ced4-3c47-819b-a52f-e7c8354328c7,대구 경산 쿠팡센터,PRJ-26 | Project | 설정 후,projects,project_notion_3258ced4-3c47-819b-a52f-e7c8354328c7,1.0,confirmed,{}
project:project_notion_3258ced4-3c47-819d-90a9-ff29cc1de1d2,project,project_notion_3258ced4-3c47-819d-90a9-ff29cc1de1d2,상봉동 청년주택,Project | 설정 후,projects,project_notion_3258ced4-3c47-819d-90a9-ff29cc1de1d2,1.0,confirmed,{}
project:project_notion_3258ced4-3c47-819d-982d-faf113678bdf,project,project_notion_3258ced4-3c47-819d-982d-faf113678bdf,하남2IDC 개발사업,PRJ-156 | Project | 설정 후,projects,project_notion_3258ced4-3c47-819d-982d-faf113678bdf,1.0,confirmed,{}
project:project_notion_3258ced4-3c47-819e-80f2-cedc900238f5,project,project_notion_3258ced4-3c47-819e-80f2-cedc900238f5,금융기관 Issue Report 게시,Mission,projects,project_notion_3258ced4-3c47-819e-80f2-cedc900238f5,1.0,confirmed,{}
project:project_notion_3258ced4-3c47-819e-838b-e9b1fd4015b0,project,project_notion_3258ced4-3c47-819e-838b-e9b1fd4015b0,포포인츠바이쉐라톤 서울 명동,PRJ-183 | Project | 설정 후,projects,project_notion_3258ced4-3c47-819e-838b-e9b1fd4015b0,1.0,confirmed,{}
project:project_notion_3258ced4-3c47-819e-a80b-df9c6708e6eb,project,project_notion_3258ced4-3c47-819e-a80b-df9c6708e6eb,"'분기별 위탁운용보고서 작성 및 투자자 보고(시장파트, 코어, 스트래티직, 인컴앤그로스)",Project,projects,project_notion_3258ced4-3c47-819e-a80b-df9c6708e6eb,1.0,confirmed,{}
project:project_notion_3258ced4-3c47-819e-adc6-d2f3a6d1dad3,project,project_notion_3258ced4-3c47-819e-adc6-d2f3a6d1dad3,뉴멕시코 아마존물류센터 개발,PRJ-25 | Project | 설정 후,projects,project_notion_3258ced4-3c47-819e-adc6-d2f3a6d1dad3,1.0,confirmed,{}
project:project_notion_3258ced4-3c47-81a0-8f38-c0d3b4382695,project,project_notion_3258ced4-3c47-81a0-8f38-c0d3b4382695,해외 블라인드펀드 설정(w/NH증권),Mission | 신규 검토 (입찰/심의 전),projects,project_notion_3258ced4-3c47-81a0-8f38-c0d3b4382695,1.0,confirmed,{}
project:project_notion_3258ced4-3c47-81a1-ae94-e9ff46be5503,project,project_notion_3258ced4-3c47-81a1-ae94-e9ff46be5503,울산역 KTX S3블럭 오피스텔 개발사업,PRJ-5 | Project | 설정 후,projects,project_notion_3258ced4-3c47-81a1-ae94-e9ff46be5503,1.0,confirmed,{}
project:project_notion_3258ced4-3c47-81a2-8889-e0127ab86d9c,project,project_notion_3258ced4-3c47-81a2-8889-e0127ab86d9c,부산 해운대구 중동 공동주택 개발,PRJ-49 | Project | 설정 후,projects,project_notion_3258ced4-3c47-81a2-8889-e0127ab86d9c,1.0,confirmed,{}
project:project_notion_3258ced4-3c47-81a2-98c6-dc94f2fa35c1,project,project_notion_3258ced4-3c47-81a2-98c6-dc94f2fa35c1,Delaware Logistics Amazon FC,PRJ-114 | Project | 설정 후,projects,project_notion_3258ced4-3c47-81a2-98c6-dc94f2fa35c1,1.0,confirmed,{}
project:project_notion_3258ced4-3c47-81a2-ad38-fbb0b12bde3e,project,project_notion_3258ced4-3c47-81a2-ad38-fbb0b12bde3e,국민연금 외 공정가치평가,Project | 설정 후,projects,project_notion_3258ced4-3c47-81a2-ad38-fbb0b12bde3e,1.0,confirmed,{}
project:project_notion_3258ced4-3c47-81a3-9095-fcd561c82c8b,project,project_notion_3258ced4-3c47-81a3-9095-fcd561c82c8b,Toronto The One Senior Loan (Standby Facility),,projects,project_notion_3258ced4-3c47-81a3-9095-fcd561c82c8b,1.0,confirmed,{}
project:project_notion_3258ced4-3c47-81a4-931d-fa69bddec6ff,project,project_notion_3258ced4-3c47-81a4-931d-fa69bddec6ff,New York Jackson Park CMBS Loan,PRJ-187 | Project | 설정 후,projects,project_notion_3258ced4-3c47-81a4-931d-fa69bddec6ff,1.0,confirmed,{}
project:project_notion_3258ced4-3c47-81a4-93b1-fa5abfb56fe4,project,project_notion_3258ced4-3c47-81a4-93b1-fa5abfb56fe4,잠실 MICE,PRJ-60 | Project | 설정 후,projects,project_notion_3258ced4-3c47-81a4-93b1-fa5abfb56fe4,1.0,confirmed,{}
project:project_notion_3258ced4-3c47-81a4-bb6f-e56b96837073,project,project_notion_3258ced4-3c47-81a4-bb6f-e56b96837073,AUM 자동화 프로젝트: 데이터 조사,Project | 설정 후,projects,project_notion_3258ced4-3c47-81a4-bb6f-e56b96837073,1.0,confirmed,{}
project:project_notion_3258ced4-3c47-81a4-bf1c-d0bb8e56df6a,project,project_notion_3258ced4-3c47-81a4-bf1c-d0bb8e56df6a,Dallas Office One AT&T Plaza,PRJ-113 | Project | 설정 후,projects,project_notion_3258ced4-3c47-81a4-bf1c-d0bb8e56df6a,1.0,confirmed,{}
project:project_notion_3258ced4-3c47-81a5-8cc1-e2bbe54725d8,project,project_notion_3258ced4-3c47-81a5-8cc1-e2bbe54725d8,Manhattan Meatpacking Plaza Senior + Mezz Loan,Project | 설정 후,projects,project_notion_3258ced4-3c47-81a5-8cc1-e2bbe54725d8,1.0,confirmed,{}
project:project_notion_3258ced4-3c47-81a5-982e-f0cf241f9070,project,project_notion_3258ced4-3c47-81a5-982e-f0cf241f9070,울산업스퀘어,Project | 설정 후,projects,project_notion_3258ced4-3c47-81a5-982e-f0cf241f9070,1.0,confirmed,{}
project:project_notion_3258ced4-3c47-81a5-a7f1-c3d4a6b8c43b,project,project_notion_3258ced4-3c47-81a5-a7f1-c3d4a6b8c43b,더케이호텔 재개발,PRJ-158 | Project | 설정 후,projects,project_notion_3258ced4-3c47-81a5-a7f1-c3d4a6b8c43b,1.0,confirmed,{}
project:project_notion_3258ced4-3c47-81a5-bc98-e3f88c29b4fb,project,project_notion_3258ced4-3c47-81a5-bc98-e3f88c29b4fb,미국 뉴욕 맨하탄 소재 오피스 자산 “285 Madison Avenue”의 선순위 담보대출,PRJ-81 | Project | 설정 후,projects,project_notion_3258ced4-3c47-81a5-bc98-e3f88c29b4fb,1.0,confirmed,{}
project:project_notion_3258ced4-3c47-81a6-8956-da51f389ec09,project,project_notion_3258ced4-3c47-81a6-8956-da51f389ec09,산업단지환경개선펀드 2호,Project | 설정 후,projects,project_notion_3258ced4-3c47-81a6-8956-da51f389ec09,1.0,confirmed,{}
project:project_notion_3258ced4-3c47-81a6-9bb7-f9719c5ff02d,project,project_notion_3258ced4-3c47-81a6-9bb7-f9719c5ff02d,"인천 스카이박스 1, 2",Project | 설정 후,projects,project_notion_3258ced4-3c47-81a6-9bb7-f9719c5ff02d,1.0,confirmed,{}
project:project_notion_3258ced4-3c47-81a6-a433-ed34928f9dcb,project,project_notion_3258ced4-3c47-81a6-a433-ed34928f9dcb,Abry Advanced Securities Fund III CV-A,PRJ-83 | Project | 설정 후,projects,project_notion_3258ced4-3c47-81a6-a433-ed34928f9dcb,1.0,confirmed,{}
project:project_notion_3258ced4-3c47-81a8-946f-ca93f4069c30,project,project_notion_3258ced4-3c47-81a8-946f-ca93f4069c30,Unico Core Plus Partners,PRJ-103 | Project | 설정 후,projects,project_notion_3258ced4-3c47-81a8-946f-ca93f4069c30,1.0,confirmed,{}
project:project_notion_3258ced4-3c47-81a9-abe1-ef1efcd1299a,project,project_notion_3258ced4-3c47-81a9-abe1-ef1efcd1299a,Vienna Office & Retail Wien Mitte,PRJ-126 | Project | 설정 후,projects,project_notion_3258ced4-3c47-81a9-abe1-ef1efcd1299a,1.0,confirmed,{}
project:project_notion_3258ced4-3c47-81aa-8a38-eca933a0ef3a,project,project_notion_3258ced4-3c47-81aa-8a38-eca933a0ef3a,"Pantheon Viking Co-Invest LP, NMP V, PGSF VII, PSD III",PRJ-196 | Project | 설정 후,projects,project_notion_3258ced4-3c47-81aa-8a38-eca933a0ef3a,1.0,confirmed,{}
project:project_notion_3258ced4-3c47-81aa-adde-cf3478b10198,project,project_notion_3258ced4-3c47-81aa-adde-cf3478b10198,서리풀 개발사업,PRJ-159 | Project | 설정 후,projects,project_notion_3258ced4-3c47-81aa-adde-cf3478b10198,1.0,confirmed,{}
project:project_notion_3258ced4-3c47-81aa-b546-de261922852a,project,project_notion_3258ced4-3c47-81aa-b546-de261922852a,"전사 데이터 플랫폼 관리 및 리소스 공유(10개 국내외 데이터 플랫폼 ID, 사내 계정 신청 및 관리, 계약, 데이터, 리포트, 세미나 관리)",Mission,projects,project_notion_3258ced4-3c47-81aa-b546-de261922852a,1.0,confirmed,{}
project:project_notion_3258ced4-3c47-81ab-9af3-dcbd1487452b,project,project_notion_3258ced4-3c47-81ab-9af3-dcbd1487452b,KKR Real Estate Partners Europe II,Project | 설정 후,projects,project_notion_3258ced4-3c47-81ab-9af3-dcbd1487452b,1.0,confirmed,{}
project:project_notion_3258ced4-3c47-81ab-ab47-cfd7dacb1a25,project,project_notion_3258ced4-3c47-81ab-ab47-cfd7dacb1a25,기술위원회(개발PJT 기술검토),Mission | 설정 후,projects,project_notion_3258ced4-3c47-81ab-ab47-cfd7dacb1a25,1.0,confirmed,{}
project:project_notion_3258ced4-3c47-81ab-b52b-c523315090d8,project,project_notion_3258ced4-3c47-81ab-b52b-c523315090d8,위례 주상복합 개발사업,Project | 신규 검토 (입찰/심의 전),projects,project_notion_3258ced4-3c47-81ab-b52b-c523315090d8,1.0,confirmed,{}
project:project_notion_3258ced4-3c47-81ae-8c9d-c24352f636e3,project,project_notion_3258ced4-3c47-81ae-8c9d-c24352f636e3,미국 CMBS 투자(재간접/Rockwood),Project | 신규 검토 (입찰/심의 전),projects,project_notion_3258ced4-3c47-81ae-8c9d-c24352f636e3,1.0,confirmed,{}
project:project_notion_3258ced4-3c47-81af-974e-eb74e82227b7,project,project_notion_3258ced4-3c47-81af-974e-eb74e82227b7,부림빌딩,PRJ-135 | Project | 설정 후,projects,project_notion_3258ced4-3c47-81af-974e-eb74e82227b7,1.0,confirmed,{}
project:project_notion_3258ced4-3c47-81af-bbdf-cc83ee3a30ba,project,project_notion_3258ced4-3c47-81af-bbdf-cc83ee3a30ba,강동 성내 역세권 청년주택,,projects,project_notion_3258ced4-3c47-81af-bbdf-cc83ee3a30ba,1.0,confirmed,{}
project:project_notion_3258ced4-3c47-81b0-9e1a-cf78b8cdc768,project,project_notion_3258ced4-3c47-81b0-9e1a-cf78b8cdc768,송도 헬스케어 복합단지 개발사업,Project | 신규 검토 (입찰/심의 전),projects,project_notion_3258ced4-3c47-81b0-9e1a-cf78b8cdc768,1.0,confirmed,{}
project:project_notion_3258ced4-3c47-81b0-a461-ff2b7a8ff607,project,project_notion_3258ced4-3c47-81b0-a461-ff2b7a8ff607,아레나스 영종,PRJ-175 | Project | 설정 후,projects,project_notion_3258ced4-3c47-81b0-a461-ff2b7a8ff607,1.0,confirmed,{}
project:project_notion_3258ced4-3c47-81b1-8881-c0c06446daf0,project,project_notion_3258ced4-3c47-81b1-8881-c0c06446daf0,네이버 X 이지스 데이터센터 플랫폼(가칭),Project,projects,project_notion_3258ced4-3c47-81b1-8881-c0c06446daf0,1.0,confirmed,{}
project:project_notion_3258ced4-3c47-81b1-acfd-ef3be22bbc68,project,project_notion_3258ced4-3c47-81b1-acfd-ef3be22bbc68,펀드 연간 예산,Project | 설정 후,projects,project_notion_3258ced4-3c47-81b1-acfd-ef3be22bbc68,1.0,confirmed,{}
project:project_notion_3258ced4-3c47-81b2-89c6-e9d9b93edac3,project,project_notion_3258ced4-3c47-81b2-89c6-e9d9b93edac3,PartnersGroup Real Estate Secondary 2013,Project | 설정 후,projects,project_notion_3258ced4-3c47-81b2-89c6-e9d9b93edac3,1.0,confirmed,{}
project:project_notion_3258ced4-3c47-81b3-bd22-d1bdfae86357,project,project_notion_3258ced4-3c47-81b3-bd22-d1bdfae86357,POBA 글로벌리츠위탁운용펀드,Project | 설정 후,projects,project_notion_3258ced4-3c47-81b3-bd22-d1bdfae86357,1.0,confirmed,{}
project:project_notion_3258ced4-3c47-81b4-a7e5-c349adc5a908,project,project_notion_3258ced4-3c47-81b4-a7e5-c349adc5a908,청담 펜트하우스 개발사업,,projects,project_notion_3258ced4-3c47-81b4-a7e5-c349adc5a908,1.0,confirmed,{}
project:project_notion_3258ced4-3c47-81b5-b273-c2deab4664c4,project,project_notion_3258ced4-3c47-81b5-b273-c2deab4664c4,구로구 독산동 DC개발사업,Project | 신규 검토 (입찰/심의 전),projects,project_notion_3258ced4-3c47-81b5-b273-c2deab4664c4,1.0,confirmed,{}
project:project_notion_3258ced4-3c47-81b5-b572-d737e7319a8c,project,project_notion_3258ced4-3c47-81b5-b572-d737e7319a8c,맹그로브 신설,PRJ-66 | Project | 설정 후,projects,project_notion_3258ced4-3c47-81b5-b572-d737e7319a8c,1.0,confirmed,{}
project:project_notion_3258ced4-3c47-81b6-8e3a-d15825e558f5,project,project_notion_3258ced4-3c47-81b6-8e3a-d15825e558f5,가산IDC,PRJ-46 | Project | 설정 후,projects,project_notion_3258ced4-3c47-81b6-8e3a-d15825e558f5,1.0,confirmed,{}
project:project_notion_3258ced4-3c47-81b6-a52d-dbfe74b86da7,project,project_notion_3258ced4-3c47-81b6-a52d-dbfe74b86da7,펀드 영문재무제표 작성,Project | 설정 후,projects,project_notion_3258ced4-3c47-81b6-a52d-dbfe74b86da7,1.0,confirmed,{}
project:project_notion_3258ced4-3c47-81b7-91a0-d8146935f603,project,project_notion_3258ced4-3c47-81b7-91a0-d8146935f603,아레나스 양지,PRJ-146 | Project | 설정 후,projects,project_notion_3258ced4-3c47-81b7-91a0-d8146935f603,1.0,confirmed,{}
project:project_notion_3258ced4-3c47-81b7-9978-d25c1b9bb5cb,project,project_notion_3258ced4-3c47-81b7-9978-d25c1b9bb5cb,"토지분재산세, 종합부동산세 통합과세 (자료 준비 및 일정관리)지원",Project | 설정 후,projects,project_notion_3258ced4-3c47-81b7-9978-d25c1b9bb5cb,1.0,confirmed,{}
project:project_notion_3258ced4-3c47-81b8-9f1f-ded962e4b1b9,project,project_notion_3258ced4-3c47-81b8-9f1f-ded962e4b1b9,오피스 섹터뷰(수요공급 및 자산 사이클 변화),Mission,projects,project_notion_3258ced4-3c47-81b8-9f1f-ded962e4b1b9,1.0,confirmed,{}
project:project_notion_3258ced4-3c47-81ba-aaae-e4387fce5d2e,project,project_notion_3258ced4-3c47-81ba-aaae-e4387fce5d2e,ARES Special Opportunities Fund,PRJ-90 | Project | 설정 후,projects,project_notion_3258ced4-3c47-81ba-aaae-e4387fce5d2e,1.0,confirmed,{}
project:project_notion_3258ced4-3c47-81ba-b46d-e7002cae3309,project,project_notion_3258ced4-3c47-81ba-b46d-e7002cae3309,시그니쳐타워,PRJ-180 | Project | 설정 후,projects,project_notion_3258ced4-3c47-81ba-b46d-e7002cae3309,1.0,confirmed,{}
project:project_notion_3258ced4-3c47-81bb-9562-d93cb535570e,project,project_notion_3258ced4-3c47-81bb-9562-d93cb535570e,Glennmont REBS Europe Fund I,Project | 설정 후,projects,project_notion_3258ced4-3c47-81bb-9562-d93cb535570e,1.0,confirmed,{}
project:project_notion_3258ced4-3c47-81bb-bffe-f5da57c16046,project,project_notion_3258ced4-3c47-81bb-bffe-f5da57c16046,GLP Europe Income/Development Partners I,Project | 설정 후,projects,project_notion_3258ced4-3c47-81bb-bffe-f5da57c16046,1.0,confirmed,{}
project:project_notion_3258ced4-3c47-81bc-81f5-d38b2aaea7fa,project,project_notion_3258ced4-3c47-81bc-81f5-d38b2aaea7fa,부천 내동 물류센터,Project,projects,project_notion_3258ced4-3c47-81bc-81f5-d38b2aaea7fa,1.0,confirmed,{}
project:project_notion_3258ced4-3c47-81bc-8394-d41b2f69b8f2,project,project_notion_3258ced4-3c47-81bc-8394-d41b2f69b8f2,KDCIP 1호,Project | 설정 후,projects,project_notion_3258ced4-3c47-81bc-8394-d41b2f69b8f2,1.0,confirmed,{}
project:project_notion_3258ced4-3c47-81bc-b1bb-c7a834ac38ed,project,project_notion_3258ced4-3c47-81bc-b1bb-c7a834ac38ed,조지아 물류센터 매입자문,Project | 설정 후,projects,project_notion_3258ced4-3c47-81bc-b1bb-c7a834ac38ed,1.0,confirmed,{}
project:project_notion_3258ced4-3c47-81bd-87ef-ec847a92b7e8,project,project_notion_3258ced4-3c47-81bd-87ef-ec847a92b7e8,테크컨버젼스플랫폼,Mission | 설정 후,projects,project_notion_3258ced4-3c47-81bd-87ef-ec847a92b7e8,1.0,confirmed,{}
project:project_notion_3258ced4-3c47-81bd-8ae5-ceb54a6c7000,project,project_notion_3258ced4-3c47-81bd-8ae5-ceb54a6c7000,"CollerCredit Secondaries - Opportunities Fund II-B, L.P.",Project | 설정 후,projects,project_notion_3258ced4-3c47-81bd-8ae5-ceb54a6c7000,1.0,confirmed,{}
project:project_notion_3258ced4-3c47-81bd-8cae-d653d94a7a92,project,project_notion_3258ced4-3c47-81bd-8cae-d653d94a7a92,더강남832,PRJ-27 | Project | 설정 후,projects,project_notion_3258ced4-3c47-81bd-8cae-d653d94a7a92,1.0,confirmed,{}
project:project_notion_3258ced4-3c47-81be-a045-f6d9f2ee2c6a,project,project_notion_3258ced4-3c47-81be-a045-f6d9f2ee2c6a,롯데백화점 분당점 리모델링,PRJ-2 | Project | 설정 후,projects,project_notion_3258ced4-3c47-81be-a045-f6d9f2ee2c6a,1.0,confirmed,{}
project:project_notion_3258ced4-3c47-81bf-b4c6-d16503557c02,project,project_notion_3258ced4-3c47-81bf-b4c6-d16503557c02,London Canon Bridge House Senior Loan,Project | 설정 후,projects,project_notion_3258ced4-3c47-81bf-b4c6-d16503557c02,1.0,confirmed,{}
project:project_notion_3258ced4-3c47-81c0-9deb-d9cf0ae55762,project,project_notion_3258ced4-3c47-81c0-9deb-d9cf0ae55762,에이치밸류 KORNER 136,Project | 설정 후,projects,project_notion_3258ced4-3c47-81c0-9deb-d9cf0ae55762,1.0,confirmed,{}
project:project_notion_3258ced4-3c47-81c0-bc85-e679f9a1327d,project,project_notion_3258ced4-3c47-81c0-bc85-e679f9a1327d,실물우선주 1호,Project | 설정 후,projects,project_notion_3258ced4-3c47-81c0-bc85-e679f9a1327d,1.0,confirmed,{}
project:project_notion_3258ced4-3c47-81c2-be12-f2654447d341,project,project_notion_3258ced4-3c47-81c2-be12-f2654447d341,용산PF재구조화 펀드,PRJ-72 | Project | 설정 후,projects,project_notion_3258ced4-3c47-81c2-be12-f2654447d341,1.0,confirmed,{}
project:project_notion_3258ced4-3c47-81c3-a4fe-ff8b9c70891c,project,project_notion_3258ced4-3c47-81c3-a4fe-ff8b9c70891c,부동산 및 인프라 섹터 컨버젼스 전략,Mission,projects,project_notion_3258ced4-3c47-81c3-a4fe-ff8b9c70891c,1.0,confirmed,{}
project:project_notion_3258ced4-3c47-81c4-8636-c586cdd9a67c,project,project_notion_3258ced4-3c47-81c4-8636-c586cdd9a67c,글로벌세컨더리3호,,projects,project_notion_3258ced4-3c47-81c4-8636-c586cdd9a67c,1.0,confirmed,{}
project:project_notion_3258ced4-3c47-81c4-8ef5-f0a726dd8f66,project,project_notion_3258ced4-3c47-81c4-8ef5-f0a726dd8f66,펀드 청산 및 폐업 신고 일정 관리,Project | 설정 후,projects,project_notion_3258ced4-3c47-81c4-8ef5-f0a726dd8f66,1.0,confirmed,{}
project:project_notion_3258ced4-3c47-81c6-87e2-f77e714dfccd,project,project_notion_3258ced4-3c47-81c6-87e2-f77e714dfccd,원센티널(舊 신한금융투자타워),PRJ-177 | Project | 설정 후,projects,project_notion_3258ced4-3c47-81c6-87e2-f77e714dfccd,1.0,confirmed,{}
project:project_notion_3258ced4-3c47-81c6-884e-e6cac4ec9b3c,project,project_notion_3258ced4-3c47-81c6-884e-e6cac4ec9b3c,Bridge Debt Strategies V Green Bridge LP,Project | 설정 후,projects,project_notion_3258ced4-3c47-81c6-884e-e6cac4ec9b3c,1.0,confirmed,{}
project:project_notion_3258ced4-3c47-81c6-8e94-dc4d1e0afe7c,project,project_notion_3258ced4-3c47-81c6-8e94-dc4d1e0afe7c,Nuveen RE-PCCP U.S. Core-Plus Real Estate Debt Fund,PRJ-192 | Project | 설정 후,projects,project_notion_3258ced4-3c47-81c6-8e94-dc4d1e0afe7c,1.0,confirmed,{}
project:project_notion_3258ced4-3c47-81c6-aa6d-fd1918557d0c,project,project_notion_3258ced4-3c47-81c6-aa6d-fd1918557d0c,반포 스페셜시츄에이션,PRJ-48 | Project | 설정 후,projects,project_notion_3258ced4-3c47-81c6-aa6d-fd1918557d0c,1.0,confirmed,{}
project:project_notion_3258ced4-3c47-81c7-9617-e7c725c64bad,project,project_notion_3258ced4-3c47-81c7-9617-e7c725c64bad,타임워크 명동,PRJ-3 | Project | 설정 후,projects,project_notion_3258ced4-3c47-81c7-9617-e7c725c64bad,1.0,confirmed,{}
project:project_notion_3258ced4-3c47-81c7-a4df-f5c54b3b71c2,project,project_notion_3258ced4-3c47-81c7-a4df-f5c54b3b71c2,오금역 시니어리빙 개발사업,Project | 신규 검토 (입찰/심의 전),projects,project_notion_3258ced4-3c47-81c7-a4df-f5c54b3b71c2,1.0,confirmed,{}
project:project_notion_3258ced4-3c47-81c7-b402-d670444c0ad5,project,project_notion_3258ced4-3c47-81c7-b402-d670444c0ad5,펀드 부가세 신고,Project | 설정 후,projects,project_notion_3258ced4-3c47-81c7-b402-d670444c0ad5,1.0,confirmed,{}
project:project_notion_3258ced4-3c47-81c8-853e-ee31f27c32c7,project,project_notion_3258ced4-3c47-81c8-853e-ee31f27c32c7,Umbrella 보험,Project | 설정 후,projects,project_notion_3258ced4-3c47-81c8-853e-ee31f27c32c7,1.0,confirmed,{}
project:project_notion_3258ced4-3c47-81c8-b04e-c4c90d87c1be,project,project_notion_3258ced4-3c47-81c8-b04e-c4c90d87c1be,부산 초량 MDM타워,Project | 설정 후,projects,project_notion_3258ced4-3c47-81c8-b04e-c4c90d87c1be,1.0,confirmed,{}
project:project_notion_3258ced4-3c47-81c9-8142-c64d22ee4e6a,project,project_notion_3258ced4-3c47-81c9-8142-c64d22ee4e6a,"StepStone Secondary Opportunities Fund V Offshore, L.P.",PRJ-94 | Project | 설정 후,projects,project_notion_3258ced4-3c47-81c9-8142-c64d22ee4e6a,1.0,confirmed,{}
project:project_notion_3258ced4-3c47-81c9-84ac-fce7db850452,project,project_notion_3258ced4-3c47-81c9-84ac-fce7db850452,론펀드1호,,projects,project_notion_3258ced4-3c47-81c9-84ac-fce7db850452,1.0,confirmed,{}
project:project_notion_3258ced4-3c47-81c9-8bab-c44c2867acc7,project,project_notion_3258ced4-3c47-81c9-8bab-c44c2867acc7,마린시티센트럴 SPC 자산관리위탁,Project | 설정 후,projects,project_notion_3258ced4-3c47-81c9-8bab-c44c2867acc7,1.0,confirmed,{}
project:project_notion_3258ced4-3c47-81ca-894d-d5b44d3c5ca4,project,project_notion_3258ced4-3c47-81ca-894d-d5b44d3c5ca4,맹그로브 신촌,PRJ-67 | Project | 설정 후,projects,project_notion_3258ced4-3c47-81ca-894d-d5b44d3c5ca4,1.0,confirmed,{}
project:project_notion_3258ced4-3c47-81ca-a7a2-e8439c07cef7,project,project_notion_3258ced4-3c47-81ca-a7a2-e8439c07cef7,Atlanta Data Center PwC,,projects,project_notion_3258ced4-3c47-81ca-a7a2-e8439c07cef7,1.0,confirmed,{}
project:project_notion_3258ced4-3c47-81ca-ace9-dffaaaa858a5,project,project_notion_3258ced4-3c47-81ca-ace9-dffaaaa858a5,해운대 L7,,projects,project_notion_3258ced4-3c47-81ca-ace9-dffaaaa858a5,1.0,confirmed,{}
project:project_notion_3258ced4-3c47-81cb-90d8-f65996096bdf,project,project_notion_3258ced4-3c47-81cb-90d8-f65996096bdf,"펀드구조화 (구조검토, 회계처리 제안, 매매정산 등) 지원",Project | 설정 후,projects,project_notion_3258ced4-3c47-81cb-90d8-f65996096bdf,1.0,confirmed,{}
project:project_notion_3258ced4-3c47-81cb-93e0-ff36ff99e089,project,project_notion_3258ced4-3c47-81cb-93e0-ff36ff99e089,New York Office 85 Tenth Avenue Senior Loan,PRJ-188 | Project | 설정 후,projects,project_notion_3258ced4-3c47-81cb-93e0-ff36ff99e089,1.0,confirmed,{}
project:project_notion_3258ced4-3c47-81cb-a4ff-e9df05eb2777,project,project_notion_3258ced4-3c47-81cb-a4ff-e9df05eb2777,이오타서울 816,PRJ-161 | Project | 설정 후,projects,project_notion_3258ced4-3c47-81cb-a4ff-e9df05eb2777,1.0,confirmed,{}
project:project_notion_3258ced4-3c47-81cc-ad60-cf4af43ad902,project,project_notion_3258ced4-3c47-81cc-ad60-cf4af43ad902,GLP Japan Develoment Partners III,Project | 설정 후,projects,project_notion_3258ced4-3c47-81cc-ad60-cf4af43ad902,1.0,confirmed,{}
project:project_notion_3258ced4-3c47-81cd-b2ae-c5a87f617f2b,project,project_notion_3258ced4-3c47-81cd-b2ae-c5a87f617f2b,Washington D.C. Office Midtown Center,,projects,project_notion_3258ced4-3c47-81cd-b2ae-c5a87f617f2b,1.0,confirmed,{}
project:project_notion_3258ced4-3c47-81cd-b5e6-d5dbcfd4bc13,project,project_notion_3258ced4-3c47-81cd-b5e6-d5dbcfd4bc13,구리시 수택동 주거용 오피스텔 개발사업,PRJ-129 | Project | 설정 후,projects,project_notion_3258ced4-3c47-81cd-b5e6-d5dbcfd4bc13,1.0,confirmed,{}
project:project_notion_3258ced4-3c47-81ce-ae56-f69511b2f276,project,project_notion_3258ced4-3c47-81ce-ae56-f69511b2f276,일본 소프트뱅크 DC 매입 펀드,Project | 신규 검토 (입찰/심의 전),projects,project_notion_3258ced4-3c47-81ce-ae56-f69511b2f276,1.0,confirmed,{}
project:project_notion_3258ced4-3c47-81cf-88a1-d01be50c7fd0,project,project_notion_3258ced4-3c47-81cf-88a1-d01be50c7fd0,안산 글로벌클라우드센터 개발,PRJ-176 | Project | 설정 후,projects,project_notion_3258ced4-3c47-81cf-88a1-d01be50c7fd0,1.0,confirmed,{}
project:project_notion_3258ced4-3c47-81cf-8ce2-fe2570b2f1c6,project,project_notion_3258ced4-3c47-81cf-8ce2-fe2570b2f1c6,금천구 물류 복합개발사업,PRJ-64 | Project | 설정 전 (입찰/심의 후),projects,project_notion_3258ced4-3c47-81cf-8ce2-fe2570b2f1c6,1.0,confirmed,{}
project:project_notion_3258ced4-3c47-81cf-98c8-f601bd25e9a1,project,project_notion_3258ced4-3c47-81cf-98c8-f601bd25e9a1,영등포 메리어트 페어필드 호텔,Project | 설정 후,projects,project_notion_3258ced4-3c47-81cf-98c8-f601bd25e9a1,1.0,confirmed,{}
project:project_notion_3258ced4-3c47-81cf-a86e-f27cc836db60,project,project_notion_3258ced4-3c47-81cf-a86e-f27cc836db60,이익참여형메자닌 1호,Project | 설정 후,projects,project_notion_3258ced4-3c47-81cf-a86e-f27cc836db60,1.0,confirmed,{}
project:project_notion_3258ced4-3c47-81cf-afee-c4a0e68e4772,project,project_notion_3258ced4-3c47-81cf-afee-c4a0e68e4772,AP Tower,PRJ-182 | Project | 설정 후,projects,project_notion_3258ced4-3c47-81cf-afee-c4a0e68e4772,1.0,confirmed,{}
project:project_notion_3258ced4-3c47-81d0-926e-e83378e0a117,project,project_notion_3258ced4-3c47-81d0-926e-e83378e0a117,"AUM 운용현황 분석 및 글로벌 플랫폼 마케팅 대응(MSCI, IREI, ANREV, IPE 각 사별 )",Mission,projects,project_notion_3258ced4-3c47-81d0-926e-e83378e0a117,1.0,confirmed,{}
project:project_notion_3258ced4-3c47-81d0-a607-e5864be9c30d,project,project_notion_3258ced4-3c47-81d0-a607-e5864be9c30d,Hines Poland Sustainable Income Fund,Project | 설정 후,projects,project_notion_3258ced4-3c47-81d0-a607-e5864be9c30d,1.0,confirmed,{}
project:project_notion_3258ced4-3c47-81d0-aae6-fed0986cadd7,project,project_notion_3258ced4-3c47-81d0-aae6-fed0986cadd7,애월 복합관광단지 개발사업,PRJ-53 | Project | 설정 후,projects,project_notion_3258ced4-3c47-81d0-aae6-fed0986cadd7,1.0,confirmed,{}
project:project_notion_3258ced4-3c47-81d3-92f5-dc55871321e7,project,project_notion_3258ced4-3c47-81d3-92f5-dc55871321e7,펀드 법인세 신고,Project | 설정 후,projects,project_notion_3258ced4-3c47-81d3-92f5-dc55871321e7,1.0,confirmed,{}
project:project_notion_3258ced4-3c47-81d3-a117-f74f417a01d0,project,project_notion_3258ced4-3c47-81d3-a117-f74f417a01d0,리빙플랫폼 1호,Project | 설정 후,projects,project_notion_3258ced4-3c47-81d3-a117-f74f417a01d0,1.0,confirmed,{}
project:project_notion_3258ced4-3c47-81d4-87f0-c8ebc9069f6d,project,project_notion_3258ced4-3c47-81d4-87f0-c8ebc9069f6d,제주 올레리조트,PRJ-34 | Project | 설정 후,projects,project_notion_3258ced4-3c47-81d4-87f0-c8ebc9069f6d,1.0,confirmed,{}
project:project_notion_3258ced4-3c47-81d4-9cfc-eb667306d728,project,project_notion_3258ced4-3c47-81d4-9cfc-eb667306d728,경산 스페셜시츄에이션,PRJ-20 | Project | 설정 후,projects,project_notion_3258ced4-3c47-81d4-9cfc-eb667306d728,1.0,confirmed,{}
project:project_notion_3258ced4-3c47-81d6-9ad5-c8b268f68ae3,project,project_notion_3258ced4-3c47-81d6-9ad5-c8b268f68ae3,"Partners Group Tactical Real Estate Fund, L.P.",Project | 설정 후,projects,project_notion_3258ced4-3c47-81d6-9ad5-c8b268f68ae3,1.0,confirmed,{}
project:project_notion_3258ced4-3c47-81d7-9f1b-c67b57b58026,project,project_notion_3258ced4-3c47-81d7-9f1b-c67b57b58026,"Sanofi 본사(파리) 대출, Bell 본사(몬트리올) 대출, OJP사옥(워싱턴) 대출",Project | 설정 후,projects,project_notion_3258ced4-3c47-81d7-9f1b-c67b57b58026,1.0,confirmed,{}
project:project_notion_3258ced4-3c47-81d8-9309-e2027aadb259,project,project_notion_3258ced4-3c47-81d8-9309-e2027aadb259,인사동 D호텔 LTE,Project | 신규 검토 (입찰/심의 전),projects,project_notion_3258ced4-3c47-81d8-9309-e2027aadb259,1.0,confirmed,{}
project:project_notion_3258ced4-3c47-81d8-b179-d43fa8bbe452,project,project_notion_3258ced4-3c47-81d8-b179-d43fa8bbe452,김포 데이터센터 개발사업,PRJ-6 | Project | 설정 후,projects,project_notion_3258ced4-3c47-81d8-b179-d43fa8bbe452,1.0,confirmed,{}
project:project_notion_3258ced4-3c47-81d8-ba67-d55c38838e6a,project,project_notion_3258ced4-3c47-81d8-ba67-d55c38838e6a,CJ그룹 업무협약추진,Mission,projects,project_notion_3258ced4-3c47-81d8-ba67-d55c38838e6a,1.0,confirmed,{}
project:project_notion_3258ced4-3c47-81d9-92e7-ddcbebd26b54,project,project_notion_3258ced4-3c47-81d9-92e7-ddcbebd26b54,CJ제일제당센터,PRJ-44 | Project | 설정 후,projects,project_notion_3258ced4-3c47-81d9-92e7-ddcbebd26b54,1.0,confirmed,{}
project:project_notion_3258ced4-3c47-81d9-a424-cbaacc9820f5,project,project_notion_3258ced4-3c47-81d9-a424-cbaacc9820f5,글로벌 부동산 동향,Mission,projects,project_notion_3258ced4-3c47-81d9-a424-cbaacc9820f5,1.0,confirmed,{}
project:project_notion_3258ced4-3c47-81d9-bd6b-cf85190615ef,project,project_notion_3258ced4-3c47-81d9-bd6b-cf85190615ef,"Pantheon Viking Co-Invest LP, NMP V",PRJ-195 | Project | 설정 후,projects,project_notion_3258ced4-3c47-81d9-bd6b-cf85190615ef,1.0,confirmed,{}
project:project_notion_3258ced4-3c47-81da-956e-e833fece1802,project,project_notion_3258ced4-3c47-81da-956e-e833fece1802,"Albany, Cleveland, Omaha BTS Logistics",PRJ-110 | Project | 설정 후,projects,project_notion_3258ced4-3c47-81da-956e-e833fece1802,1.0,confirmed,{}
project:project_notion_3258ced4-3c47-81da-a655-da2a3840bda0,project,project_notion_3258ced4-3c47-81da-a655-da2a3840bda0,Credit Business Launching,Mission,projects,project_notion_3258ced4-3c47-81da-a655-da2a3840bda0,1.0,confirmed,{}
project:project_notion_3258ced4-3c47-81db-a6a1-f4bb210ef6a0,project,project_notion_3258ced4-3c47-81db-a6a1-f4bb210ef6a0,부산 센텀 주차장부지개발,Project | 신규 검토 (입찰/심의 전),projects,project_notion_3258ced4-3c47-81db-a6a1-f4bb210ef6a0,1.0,confirmed,{}
project:project_notion_3258ced4-3c47-81dc-8c41-fd98a32e2344,project,project_notion_3258ced4-3c47-81dc-8c41-fd98a32e2344,US Courtyard by Marriott Portfolio Rescue Capital Loan,PRJ-105 | Project | 설정 후,projects,project_notion_3258ced4-3c47-81dc-8c41-fd98a32e2344,1.0,confirmed,{}
project:project_notion_3258ced4-3c47-81dc-9708-ed71db63bfd9,project,project_notion_3258ced4-3c47-81dc-9708-ed71db63bfd9,판교 아이스퀘어 E동,PRJ-166 | Project | 설정 후,projects,project_notion_3258ced4-3c47-81dc-9708-ed71db63bfd9,1.0,confirmed,{}
project:project_notion_3258ced4-3c47-81dc-9709-fa150a62a94b,project,project_notion_3258ced4-3c47-81dc-9709-fa150a62a94b,오산세교 주상복합 개발사업,PRJ-71 | Project | 설정 후,projects,project_notion_3258ced4-3c47-81dc-9709-fa150a62a94b,1.0,confirmed,{}
project:project_notion_3258ced4-3c47-81dc-a737-f2cb3c4b352c,project,project_notion_3258ced4-3c47-81dc-a737-f2cb3c4b352c,IA 14차 유동화,PRJ-13 | Project | 설정 후,projects,project_notion_3258ced4-3c47-81dc-a737-f2cb3c4b352c,1.0,confirmed,{}
project:project_notion_3258ced4-3c47-81dc-a91b-efd55adef7d8,project,project_notion_3258ced4-3c47-81dc-a91b-efd55adef7d8,동부산 테마파크 개발사업,PRJ-47 | Project | 설정 후,projects,project_notion_3258ced4-3c47-81dc-a91b-efd55adef7d8,1.0,confirmed,{}
project:project_notion_3258ced4-3c47-81de-9434-fe924893d737,project,project_notion_3258ced4-3c47-81de-9434-fe924893d737,Tokyo District 23 Residential Portfolio,PRJ-97 | Project | 설정 후,projects,project_notion_3258ced4-3c47-81de-9434-fe924893d737,1.0,confirmed,{}
project:project_notion_3258ced4-3c47-81e0-8163-fd56ff4c5225,project,project_notion_3258ced4-3c47-81e0-8163-fd56ff4c5225,IAHF 합정,PRJ-16 | Project | 설정 후,projects,project_notion_3258ced4-3c47-81e0-8163-fd56ff4c5225,1.0,confirmed,{}
project:project_notion_3258ced4-3c47-81e0-81b0-fe1420d49b02,project,project_notion_3258ced4-3c47-81e0-81b0-fe1420d49b02,안성 홈플러스 물류센터,PRJ-147 | Project | 설정 후,projects,project_notion_3258ced4-3c47-81e0-81b0-fe1420d49b02,1.0,confirmed,{}
project:project_notion_3258ced4-3c47-81e0-ac7b-f1c642311b48,project,project_notion_3258ced4-3c47-81e0-ac7b-f1c642311b48,부산 범천동 공동주택 개발사업,Project,projects,project_notion_3258ced4-3c47-81e0-ac7b-f1c642311b48,1.0,confirmed,{}
project:project_notion_3258ced4-3c47-81e0-ba99-c4984ff83012,project,project_notion_3258ced4-3c47-81e0-ba99-c4984ff83012,Credit/Private Debt 시장 동향,Mission,projects,project_notion_3258ced4-3c47-81e0-ba99-c4984ff83012,1.0,confirmed,{}
project:project_notion_3258ced4-3c47-81e1-9375-f09b4ada3090,project,project_notion_3258ced4-3c47-81e1-9375-f09b4ada3090,Guam Regional Medical City 선순위 A-1 대출 설정,Project | 설정 후,projects,project_notion_3258ced4-3c47-81e1-9375-f09b4ada3090,1.0,confirmed,{}
project:project_notion_3258ced4-3c47-81e5-8a70-da8f98aad94b,project,project_notion_3258ced4-3c47-81e5-8a70-da8f98aad94b,"ARDIAN Infrastructure Fund VI S.C.S., SICAV-RAIF",PRJ-88 | Project | 설정 후,projects,project_notion_3258ced4-3c47-81e5-8a70-da8f98aad94b,1.0,confirmed,{}
project:project_notion_3258ced4-3c47-81e5-8dc8-c5318c31e064,project,project_notion_3258ced4-3c47-81e5-8dc8-c5318c31e064,전략리서치실 DC 섹터뷰,Mission,projects,project_notion_3258ced4-3c47-81e5-8dc8-c5318c31e064,1.0,confirmed,{}
project:project_notion_3258ced4-3c47-81e5-aec3-f801e7ff1b6e,project,project_notion_3258ced4-3c47-81e5-aec3-f801e7ff1b6e,Pantheon PGSF VII,PRJ-194 | Project | 설정 후,projects,project_notion_3258ced4-3c47-81e5-aec3-f801e7ff1b6e,1.0,confirmed,{}
project:project_notion_3258ced4-3c47-81e5-b37d-ec3ca820bf1e,project,project_notion_3258ced4-3c47-81e5-b37d-ec3ca820bf1e,태평로빌딩,PRJ-37 | Project | 설정 후,projects,project_notion_3258ced4-3c47-81e5-b37d-ec3ca820bf1e,1.0,confirmed,{}
project:project_notion_3258ced4-3c47-81e6-82fc-cedfc112ad78,project,project_notion_3258ced4-3c47-81e6-82fc-cedfc112ad78,시그니쳐타워 매입 (실물우선주),PRJ-70 | Project | 신규 검토 (입찰/심의 전),projects,project_notion_3258ced4-3c47-81e6-82fc-cedfc112ad78,1.0,confirmed,{}
project:project_notion_3258ced4-3c47-81e8-82e8-e855e958d177,project,project_notion_3258ced4-3c47-81e8-82e8-e855e958d177,Brookfield Premier Real Estate Partners Australia,Project | 설정 후,projects,project_notion_3258ced4-3c47-81e8-82e8-e855e958d177,1.0,confirmed,{}
project:project_notion_3258ced4-3c47-81e8-94a9-fa596740cf42,project,project_notion_3258ced4-3c47-81e8-94a9-fa596740cf42,타임테라스 동탄,PRJ-4 | Project | 설정 후,projects,project_notion_3258ced4-3c47-81e8-94a9-fa596740cf42,1.0,confirmed,{}
project:project_notion_3258ced4-3c47-81ea-a0bb-fa9d9ce4ceab,project,project_notion_3258ced4-3c47-81ea-a0bb-fa9d9ce4ceab,디어스판교,Project | 설정 후,projects,project_notion_3258ced4-3c47-81ea-a0bb-fa9d9ce4ceab,1.0,confirmed,{}
project:project_notion_3258ced4-3c47-81ea-aa82-deda1dac2fe3,project,project_notion_3258ced4-3c47-81ea-aa82-deda1dac2fe3,마곡 원그로브,PRJ-179 | Project | 설정 후,projects,project_notion_3258ced4-3c47-81ea-aa82-deda1dac2fe3,1.0,confirmed,{}
project:project_notion_3258ced4-3c47-81eb-83bd-fd3142dad11f,project,project_notion_3258ced4-3c47-81eb-83bd-fd3142dad11f,"물류 3개 포트폴리오(동산물류센터, 부국물류센터, 에이블로지스물류센터)",Project | 설정 후,projects,project_notion_3258ced4-3c47-81eb-83bd-fd3142dad11f,1.0,confirmed,{}
project:project_notion_3258ced4-3c47-81ec-8f7a-ff2d8ae5730a,project,project_notion_3258ced4-3c47-81ec-8f7a-ff2d8ae5730a,트레블로지명동시티홀,PRJ-38 | Project | 설정 후,projects,project_notion_3258ced4-3c47-81ec-8f7a-ff2d8ae5730a,1.0,confirmed,{}
project:project_notion_3258ced4-3c47-81ec-ace8-fb6af8e3eb3f,project,project_notion_3258ced4-3c47-81ec-ace8-fb6af8e3eb3f,부동산론 1호,Project | 설정 후,projects,project_notion_3258ced4-3c47-81ec-ace8-fb6af8e3eb3f,1.0,confirmed,{}
project:project_notion_3258ced4-3c47-81ed-8a19-fc90ef9a9e18,project,project_notion_3258ced4-3c47-81ed-8a19-fc90ef9a9e18,AEW Partners Real Estate Fund X,PRJ-84 | Project | 설정 후,projects,project_notion_3258ced4-3c47-81ed-8a19-fc90ef9a9e18,1.0,confirmed,{}
project:project_notion_3258ced4-3c47-81ed-a229-f6953c68328a,project,project_notion_3258ced4-3c47-81ed-a229-f6953c68328a,마곡 명소화 부지 개발사업,PRJ-130 | Project | 설정 후,projects,project_notion_3258ced4-3c47-81ed-a229-f6953c68328a,1.0,confirmed,{}
project:project_notion_3258ced4-3c47-81ed-b4ad-c06d0e749633,project,project_notion_3258ced4-3c47-81ed-b4ad-c06d0e749633,미국 Purdue Univ. 소재 Student Housing(Wabash Landing) 지분 매입,Project,projects,project_notion_3258ced4-3c47-81ed-b4ad-c06d0e749633,1.0,confirmed,{}
project:project_notion_3258ced4-3c47-81ef-83e7-e2f1a916caa3,project,project_notion_3258ced4-3c47-81ef-83e7-e2f1a916caa3,괌웨스틴호텔,PRJ-21 | Project | 설정 후,projects,project_notion_3258ced4-3c47-81ef-83e7-e2f1a916caa3,1.0,confirmed,{}
project:project_notion_3258ced4-3c47-81f0-8369-c28a6a18e400,project,project_notion_3258ced4-3c47-81f0-8369-c28a6a18e400,Jakarta Office Treasury Tower,PRJ-117 | Project | 설정 후,projects,project_notion_3258ced4-3c47-81f0-8369-c28a6a18e400,1.0,confirmed,{}
project:project_notion_3258ced4-3c47-81f0-a6c8-d9a8b4cc6a1d,project,project_notion_3258ced4-3c47-81f0-a6c8-d9a8b4cc6a1d,미국 Scannell 물류 선매입 (No. 417),PRJ-109 | Project | 설정 후,projects,project_notion_3258ced4-3c47-81f0-a6c8-d9a8b4cc6a1d,1.0,confirmed,{}
project:project_notion_3258ced4-3c47-81f1-8acf-fa0dcf911205,project,project_notion_3258ced4-3c47-81f1-8acf-fa0dcf911205,공주시 공동주택 개발사업,PRJ-128 | Project | 설정 후,projects,project_notion_3258ced4-3c47-81f1-8acf-fa0dcf911205,1.0,confirmed,{}
project:project_notion_3258ced4-3c47-81f2-8d8d-db09a508e28e,project,project_notion_3258ced4-3c47-81f2-8d8d-db09a508e28e,남산스퀘어,Project | 설정 후,projects,project_notion_3258ced4-3c47-81f2-8d8d-db09a508e28e,1.0,confirmed,{}
project:project_notion_3258ced4-3c47-81f2-9672-f0869c23d12e,project,project_notion_3258ced4-3c47-81f2-9672-f0869c23d12e,IA 15차 유동화,PRJ-14 | Project | 설정 후,projects,project_notion_3258ced4-3c47-81f2-9672-f0869c23d12e,1.0,confirmed,{}
project:project_notion_3258ced4-3c47-81f4-825b-cecf97621dce,project,project_notion_3258ced4-3c47-81f4-825b-cecf97621dce,타임워크 웨스트 (신도림),PRJ-1 | Project | 설정 후,projects,project_notion_3258ced4-3c47-81f4-825b-cecf97621dce,1.0,confirmed,{}
project:project_notion_3258ced4-3c47-81f4-8ce1-d3353f9aaa7b,project,project_notion_3258ced4-3c47-81f4-8ce1-d3353f9aaa7b,"남양주, 말레이지아 데이터센터 개발 프로젝트",Project | 신규 검토 (입찰/심의 전),projects,project_notion_3258ced4-3c47-81f4-8ce1-d3353f9aaa7b,1.0,confirmed,{}
project:project_notion_3258ced4-3c47-81f4-b4ca-e4713e7ded81,project,project_notion_3258ced4-3c47-81f4-b4ca-e4713e7ded81,IGIS Digital Infra IR Day,Mission,projects,project_notion_3258ced4-3c47-81f4-b4ca-e4713e7ded81,1.0,confirmed,{}
project:project_notion_3258ced4-3c47-81f4-b75a-dd98d1fb96a3,project,project_notion_3258ced4-3c47-81f4-b75a-dd98d1fb96a3,성수 TS 1차,,projects,project_notion_3258ced4-3c47-81f4-b75a-dd98d1fb96a3,1.0,confirmed,{}
project:project_notion_3258ced4-3c47-81f5-be7c-d44bb26eea52,project,project_notion_3258ced4-3c47-81f5-be7c-d44bb26eea52,을지로3가 10지구,PRJ-57 | Project | 설정 후,projects,project_notion_3258ced4-3c47-81f5-be7c-d44bb26eea52,1.0,confirmed,{}
project:project_notion_3258ced4-3c47-81f6-95f3-dda99dbf1d68,project,project_notion_3258ced4-3c47-81f6-95f3-dda99dbf1d68,미국 데이터센터 펀드(재간접/AREP),Project | 신규 검토 (입찰/심의 전),projects,project_notion_3258ced4-3c47-81f6-95f3-dda99dbf1d68,1.0,confirmed,{}
project:project_notion_3258ced4-3c47-81f8-8638-ef7839446ccf,project,project_notion_3258ced4-3c47-81f8-8638-ef7839446ccf,라이프사이언스 섹터 런칭,Mission | 신규 검토 (입찰/심의 전),projects,project_notion_3258ced4-3c47-81f8-8638-ef7839446ccf,1.0,confirmed,{}
project:project_notion_3258ced4-3c47-81f8-a64b-f9120a3bcba5,project,project_notion_3258ced4-3c47-81f8-a64b-f9120a3bcba5,글로벌세컨더리1호,,projects,project_notion_3258ced4-3c47-81f8-a64b-f9120a3bcba5,1.0,confirmed,{}
project:project_notion_3258ced4-3c47-81f8-b08d-e7fdd34ce1d7,project,project_notion_3258ced4-3c47-81f8-b08d-e7fdd34ce1d7,ARDIAN Infrastructure Fund VI,PRJ-87 | Project | 설정 후,projects,project_notion_3258ced4-3c47-81f8-b08d-e7fdd34ce1d7,1.0,confirmed,{}
project:project_notion_3258ced4-3c47-81f9-a43a-c15ccf250172,project,project_notion_3258ced4-3c47-81f9-a43a-c15ccf250172,데이터센터 개발 파트너쉽 구축,Mission,projects,project_notion_3258ced4-3c47-81f9-a43a-c15ccf250172,1.0,confirmed,{}
project:project_notion_3258ced4-3c47-81f9-aaeb-e24e18e4f9fe,project,project_notion_3258ced4-3c47-81f9-aaeb-e24e18e4f9fe,위례 시니어주택개발 자문,Project | 신규 검토 (입찰/심의 전),projects,project_notion_3258ced4-3c47-81f9-aaeb-e24e18e4f9fe,1.0,confirmed,{}
project:project_notion_3258ced4-3c47-81fa-97b9-d0253c2b304c,project,project_notion_3258ced4-3c47-81fa-97b9-d0253c2b304c,펀드 회계감사,Project | 설정 후,projects,project_notion_3258ced4-3c47-81fa-97b9-d0253c2b304c,1.0,confirmed,{}
project:project_notion_3258ced4-3c47-81fb-8864-dd9f5ca0de7b,project,project_notion_3258ced4-3c47-81fb-8864-dd9f5ca0de7b,대학로 CGV,PRJ-8 | Project | 설정 후,projects,project_notion_3258ced4-3c47-81fb-8864-dd9f5ca0de7b,1.0,confirmed,{}
project:project_notion_3258ced4-3c47-81fb-90c0-e6f4f92bb974,project,project_notion_3258ced4-3c47-81fb-90c0-e6f4f92bb974,공무원연금관리공단 글로벌부동산 재간접펀드 (AEW / Brookfieild) 설정,PRJ-80 | Project | 설정 후,projects,project_notion_3258ced4-3c47-81fb-90c0-e6f4f92bb974,1.0,confirmed,{}
project:project_notion_3258ced4-3c47-81fb-935e-f2fe119170a2,project,project_notion_3258ced4-3c47-81fb-935e-f2fe119170a2,전략리서치실 물류센터 섹터뷰,Mission,projects,project_notion_3258ced4-3c47-81fb-935e-f2fe119170a2,1.0,confirmed,{}
project:project_notion_3258ced4-3c47-81fc-841c-c91c6aabb9b9,project,project_notion_3258ced4-3c47-81fc-841c-c91c6aabb9b9,창원 두동 물류센터,PRJ-35 | Project | 설정 후,projects,project_notion_3258ced4-3c47-81fc-841c-c91c6aabb9b9,1.0,confirmed,{}
project:project_notion_3258ced4-3c47-81fc-afec-f367fe884416,project,project_notion_3258ced4-3c47-81fc-afec-f367fe884416,금강타워3,PRJ-23 | Project | 설정 후,projects,project_notion_3258ced4-3c47-81fc-afec-f367fe884416,1.0,confirmed,{}
project:project_notion_3258ced4-3c47-81fd-a8cd-dd762ee701ec,project,project_notion_3258ced4-3c47-81fd-a8cd-dd762ee701ec,Clarion Gables Multifamily Fund,Project | 설정 후,projects,project_notion_3258ced4-3c47-81fd-a8cd-dd762ee701ec,1.0,confirmed,{}
project:project_notion_3258ced4-3c47-81fe-863b-d520374af4eb,project,project_notion_3258ced4-3c47-81fe-863b-d520374af4eb,세운5구역 개발사업,PRJ-154 | Project | 설정 후,projects,project_notion_3258ced4-3c47-81fe-863b-d520374af4eb,1.0,confirmed,{}
project:project_notion_3258ced4-3c47-81fe-ae83-d8cbc1f3bf07,project,project_notion_3258ced4-3c47-81fe-ae83-d8cbc1f3bf07,"IM작성 장표 및 데이터 지원(신규 펀드제안./PJT 신규투자 건 대응, For 전략투자, CM, 라이프리빙, 공간개발파트, IOTA TF)",Project,projects,project_notion_3258ced4-3c47-81fe-ae83-d8cbc1f3bf07,1.0,confirmed,{}
project:project_notion_3258ced4-3c47-81ff-8876-d27e530ed7c7,project,project_notion_3258ced4-3c47-81ff-8876-d27e530ed7c7,분기별 수익자/대주현황 보고,Project | 설정 후,projects,project_notion_3258ced4-3c47-81ff-8876-d27e530ed7c7,1.0,confirmed,{}
project:project_notion_3258ced4-3c47-81ff-ae8c-d927d98c1149,project,project_notion_3258ced4-3c47-81ff-ae8c-d927d98c1149,스페셜시츄에이션 & 크레딧 펀드 및 조직 구성,Mission | 신규 검토 (입찰/심의 전),projects,project_notion_3258ced4-3c47-81ff-ae8c-d927d98c1149,1.0,confirmed,{}
