asset_code,canonical_name_candidate,asset_type,business_stage,country_or_overseas,raw_address,portfolio_region,country,city,gross_floor_area_m2,gross_floor_area_py,completion_date,sold_flag,source_row_number,row_hash
A112001001,NC백화점(강서),리테일,운영/실물,국내,서울특별시 강서구 등촌동 689번지 외 2필지,대한민국,대한민국,,110026.57,33283.04,2011-09-07,Y,2,0473ba7614ca1aa6306d3a155feda5f6a392d955d64c0beae7de4e13e3e7056d
A112001002,2001아울렛(안양),리테일,운영/실물,국내,경기도 안양시 만안구 안양동 627-287,대한민국,대한민국,,25415.7,7688.25,1985-12-04,Y,3,fd1b1f8785afd8c9a00bd44874fe9255c3b822045b867f67ccb243df628e4ee3
A112002001,포도몰,리테일,운영/실물,국내,서울특별시 관악구 신림동 1641-2,대한민국,대한민국,,37758.82,11422.04,2009-06-30,Y,4,eaa862f2a0919324e71c18a4090ea3cb0d8d11df640a718e7815b50155d5959f
A112003001,"NH농협생명빌딩 서관(구, 임광빌딩 본관)",오피스,운영/실물,국내,서울특별시 서대문구 미근동 267,대한민국,대한민국,,34608.22,10468.99,2006-11-30,Y,5,17734fe75a1f0b19e0a8a38e55f708779d4a6d91edc119def35459c1bd6d3f6c
A112003002,"NH농협생명빌딩 동관(구, 임광빌딩 신관)",오피스,운영/실물,국내,서울특별시 서대문구 미근동 257,대한민국,대한민국,,29547.27,8938.05,2006-11-30,Y,6,3b6dfeb674c2b34adf879b608a343527194291cf29ffbd0ac43d15830dae7aa3
A112004001,원주AK,리테일,운영/실물,국내,강원도 원주시 단계동 1123,대한민국,대한민국,,83531.72,25268.35,2012-03-27,Y,7,d087eeb10ae982973ca89d0b473f9dea80061a55507ba644dec1ce67abdb8c56
A112005001,더피나클강남,오피스,운영/실물,국내,서울특별시 강남구 논현동 119,대한민국,대한민국,,44410.48,13434.17,2011-09-30,N,8,a7ee37adefe0be5b8b03d20e37718a8e631c3ccf4023c40ed79f1661fb688a68
A112006001,눈스퀘어,리테일,운영/실물,국내,서울특별시 중구 명동2가 83-5,대한민국,대한민국,,23834.02,7209.79,1970-12-21,N,9,8c7b3b74560f5e290e960bfce53d40d3b180276e2eb108d9f5be85050ca3bac0
A112007001,롯데마트(나주),리테일,운영/실물,국내,전라남도 나주시 송월동 1106-2 외 2필지,대한민국,대한민국,,5963.07,1803.83,2012-04-26,Y,10,df54ccba696aeab3ee9720ebd21468c9cc150a93fd8dc66924e668ee129c7509
A112008001,홈플러스금천점,리테일,운영/실물,국내,서울특별시 금천구 독산동 291-7,대한민국,대한민국,,59421.61,17975.04,2007-12-20,N,11,b0f0b0cb5cc3e09980433825c7ce222ac6158a99814d39e53ba9dda7d4f93bac
A112008002,홈플러스동수원점,리테일,운영/실물,국내,경기도 수원시 팔달구 인계동 1045,대한민국,대한민국,,54975.59,16630.12,2002-04-10,N,12,fe0f8aa40fec8f8406d7d1ada476a71b5d6b9fdf4f320ff2f1604ef75e871d27
A112008003,홈플러스센텀시티점,리테일,운영/실물,국내,부산광역시 해운대구 우동 1499,대한민국,대한민국,,59650.92,18044.4,2006-06-14,N,13,86bd8eb53325542a79a60ceb05874f4c16ea928579893a9fdae34869c3926420
A112008004,홈플러스영등포점,리테일,운영/실물,국내,서울특별시 영등포구 문래동3가 55-3,대한민국,대한민국,,66142.16,20008,2001-11-28,N,14,0f6ac66f08329b97af3fa57cac2880efc268c060d030a8c647527cbe4a5d43c3
A112010001,런던원우드스트리트 Prime오피스,오피스,운영/실물,해외,"One Wood Street, London, EC2",유럽,영국,London,0,0,2007-01-01,Y,15,5e31ec4f781da1d32acc496197e458b6d8ce41a90ec9d63b08c2713e75937995
A112011001,신라스테이울산,호텔,운영/실물,국내,울산광역시 남구 달동 1247-1 외 2필지,대한민국,대한민국,,18033.24,5455.05,2015-05-14,N,16,68a8642cb7ad5ed6a62b8dcdc1c20ac0742c56701e66d3b68ed9a10218572337
A112012001,동일타워,오피스,운영/실물,국내,서울특별시 강남구 대치동 1004,대한민국,대한민국,,43798.61,13249.08,2012-06-29,N,17,f21d33f0ddd290177ccaef999504d55b14b2c34128ea17d347c96200d43cd992
A112013001,SKT구로사옥,오피스,운영/실물,국내,서울특별시 구로구 구로동 1258,대한민국,대한민국,,,,1994-06-18,Y,18,e1e69310493170ca57fd20c680d97314983579a6065ee6a85c6e2a7c3e835c85
A112015001,남산그린빌딩,오피스,운영/실물,국내,서울특별시 중구 남대문로5가 267,대한민국,대한민국,,,,1996-12-30,N,19,de0aa5c3cbda64b5c7e9c62036b68adf5c8bda762584408b184946c4d72e071e
A112017001,G밸리비즈플라자,오피스복합,운영/실물,국내,서울특별시 구로구 구로동 188-25,대한민국,대한민국,,99337.91,30049.72,2014-07-04,N,20,e492e375866c77f0e1b3266fc21a1ec9ae8dc8b9879bde455626072fc4799100
A112018001,홈플러스삼천포점,리테일,운영/실물,국내,경상남도 사천시 벌리동 58-3,대한민국,대한민국,,23228,7026.47,2007-07-11,N,21,9f7de59f2c13f9080c8747e20923df370c3c5ffe0adf3fab4d0798c1340b1bf8
A112018002,홈플러스진주점,리테일,운영/실물,국내,경상남도 진주시 상대동 181-1,대한민국,대한민국,,52055,15746.64,2007-03-26,N,22,007e555882263ffa226cfa1abd91b72677a790ee0a6a355697ad4fd6a8b1a480
A112018003,홈플러스죽도점,리테일,운영/실물,국내,경상북도 포항시 북구 죽도동 50-1,대한민국,대한민국,,20254,6126.84,2001-01-02,N,23,c7b39743677f4f2d8dfa8f69795138b29ba3938e5f5cc2dfd09a54d2a3261376
A112019001,London Office Ropemaker Place,오피스,운영/실물,해외,"28 Ropemaker Place, London, EC2",유럽,,런던,37222.95,11259.94,2009-05-01,Y,24,547ea4dcf28cd0fecce8f3207ff4acd4d7dd66e02149d0c3728b82b900cbf013
A112024001,트윈트리타워,오피스,운영/실물,국내,서울특별시 종로구 중학동 14,대한민국,대한민국,,55785.26,16875.04,2010-12-10,N,25,af45f8e4f919d50f129c704e560ac1ddb3c9088d7910ae94d2936a88ebca637f
A112025001,서영빌딩,오피스,운영/실물,국내,경기도 성남시 분당구 수내동 6-3,대한민국,대한민국,,15915.9,4814.56,2004-09-24,Y,26,89e1982e093bc69dcb20ebf4417e6252e0947149606df6ee69eaaeb42250b661
A112025002,탑빌딩,오피스,운영/실물,국내,경기도 성남시 분당구 야탑동 361-4,대한민국,대한민국,,12182,3685.06,2009-11-13,N,27,72f729b3101b07053b49170c1ac8fc5d3d21f65615f0f5c42a79ef456711b683
A112025003,트리스빌딩,오피스,운영/실물,국내,서울특별시 강남구 논현동 70-6,대한민국,대한민국,,13000.1,3932.53,2002-05-28,Y,28,d618168d8120c9db158c4d0bd68319b2a452ca25919593735108bb263faccef5
A112025004,호수빌딩,오피스,운영/실물,국내,대구광역시 중구 동인동2가 50-3,대한민국,대한민국,,42967,12997.52,2006-12-01,Y,29,4889e86e557f4f2cbd1b9a99598500d307b10270c9b3ed6ebc9ed7c5f9b4bee4
A112026001,PartnersGroup Real Estate Secondary 2013,오피스복합,운영/실물,해외,,글로벌,,,,,,N,30,4ff4388cb06899c6476c4a0b8cfbf1fef5768d23472095ceac97ff4bd80ab08b
A112028001,광화문G타워,오피스복합,운영/실물,국내,서울특별시 종로구 수송동 156,대한민국,대한민국,,34747.2,10511.03,2015-11-20,Y,31,2fd78fe42cceaee97ae3044346561a76b96bcb32c91d97049733f11689b4d5c1
A112029001,노스게이트빌딩,오피스,운영/실물,국내,서울특별시 종로구 적선동 66,대한민국,대한민국,,34313,10379.68,1989-05-30,N,32,06157c644ea3f8b3f1bb23b57b7813e7d9cf5967218068384863afe286e30139
A112033001,대구시티센터,오피스복합,운영/실물,국내,대구광역시 중구 문화동 11-1,대한민국,대한민국,,86892.49,26284.98,2001-08-17,N,33,0314eae0c0a165cefad6e136e2262efb2eaade7e04465a3dd8b5cba54009046a
A112034001,신라스테이제주,호텔,운영/실물,국내,제주특별자치도 제주시 연동 274-16 외 2필지,대한민국,대한민국,,19994.19,6048.24,2014-12-23,N,34,34409d00745b71d748119ab81ae060c8cce3061fd6c038b0a8073eb50badab82
A112035001,Sanofi 본사(파리),오피스,운영/실물,해외,"54/56 Rue la Boetie, Paris, France",유럽,프랑스,파리,19863,6008.56,1912-01-01,Y,35,ab84c2286212420e39e67ded2a4dd32d41aa9ed2b7faaf63025a97d29516dfbd
A112035002,Bell 본사(몬트리올),오피스,운영/실물,해외,"1 Carrefour Alexander-Graham-Bell. Montreal, Canada",북미,캐나다,몬트리올,78124,23632.51,2008-01-01,N,36,9f6b273a360bb422eb3d6f73dec2d12a5e0920da5c44aaa41513db3aed8cb7df
A112035003,OJP사옥(워싱턴),오피스,운영/실물,해외,"810 7th Street, N.W., Washington D.C., U.S.A.",북미,미국,워싱턴 D.C.,25759,7792.1,1991-01-01,N,37,e57352bdeb876115457b73db1cfa2a48b5cecae40ad7ff536db2ba849515a3c0
A112036001,Sanofi 본사(파리) 대출,오피스,운영/실물,해외,"54/56 Rue la Boetie, Paris, France",유럽,프랑스,파리,19863,6008.56,1912-01-01,Y,38,1522e8f45fa3ea350c5899db5b0127b32372d4f135fed54eb04f013c62879e0d
A112036002,Bell 본사(몬트리올) 대출,오피스,운영/실물,해외,"1 Carrefour Alexander-Graham-Bell. Montreal, Canada",북미,캐나다,몬트리올,78124,23632.51,2008-01-01,N,39,3bc1a8dfb3a149169ee654ce39168271eff25ae787c30aa6ca1f21084971c538
A112036003,OJP사옥(워싱턴) 대출,오피스,운영/실물,해외,"810 7th Street, N.W., Washington D.C., U.S.A.",북미,미국,워싱턴 D.C.,,,1991-01-01,N,40,8e4cc6b56e30f6837781733e912780f8973ae2f031e7ac94efba24d1c9c973a8
A112037001,롯데수원역쇼핑타운토지,오피스복합,개발,국내,경기도 수원시 권선구 서둔동 296-77 외 2필지,대한민국,대한민국,,43444,13142,,N,41,8ef6caf340af3fb0ecbb0ccd1cf9bb74f409e4f1f7cee1a79313b49418fe1205
A112038001,오토웨이타워,오피스,운영/실물,국내,서울특별시 강남구 대치동 948,대한민국,대한민국,,47721.19,14435.66,2014-02-07,N,42,850673d831fe00a093037f627c99f4cdb915751419a2a64f8479aa1070600640
A112039001,정동빌딩,오피스,운영/실물,국내,서울특별시 중구 정동 15-5,대한민국,대한민국,서울,39343.15,11901.3,1978-12-22,N,43,f7882e811f6e45eda43da8bb56548040b600a8b65c46dd72038ce4e7b12ecd66
A112041001,CBRE IM European Logistics Partners Fund,물류센터,운영/실물,해외,,유럽,,Multiple,,,,Y,44,5535b77648ea6b27975baaa24384d12bdd47994101d95ac128ff3a2be1563716
A112042001,신라스테이서대문,호텔,운영/실물,국내,서울특별시 서대문구 미근동 163,대한민국,대한민국,,13441.37,4066.01,2015-03-01,Y,45,14655a6e61445a9e35236fb6c25382a473ad9a4988ea2ae41f88133046843d54
A112043001,이지스모 43호,호텔,운영/실물,국내,이지스모 43호,대한민국,대한민국,,,,,Y,46,5ce436439249079251ee65edfd338797f5881add9e5a9adc584e70779c676b97
A112045001,씨티센터타워,오피스,운영/실물,국내,서울특별시 중구 저동2가 24-1,대한민국,대한민국,,37266.45,11273.1,1969-12-05,Y,47,461cc23367c47d4ae42375ecd72c1b910213faec60fdbe21ad29303f5590551c
A112046001,프랑스 Orange Telecome 오피스,오피스,운영/실물,해외,"59 avenue Vladimir Ilitch Lénine, ARCEUIL",유럽,프랑스,Arcueil,32510,9834.28,1969-01-01,Y,48,7e011c05730a570f5af39b775f8109ff0dc7acb0526ab597227efa42da847bca
A112047001,남악신도시 복합쇼핑몰,오피스복합,운영/실물,국내,전라남도 무안군 삼향읍 남악리 2622,대한민국,대한민국,,47054.67,14234.04,2016-11-25,Y,49,3c917783c4a37868b6487308e8329370fe2b0565dc4b5afd1065f6801f8fd885
A112048001,신라스테이해운대,호텔,운영/실물,국내,부산광역시 해운대구 우동 629-6,대한민국,대한민국,,29620.58,8960.23,2017-02-14,N,50,c1ec00a4808fe8d53aba892e6a48592ceee61dca476517c36fc20186ac126a7b
A112049000,Atlanta Office Midtown I&II,오피스,운영/실물,해외,아래 자산별 상세 내역,북미,,Atlanta,,,2002-01-01,N,51,91680761b2f7cd43d1e6a34330ca1985a88e752d45f7ca9f1d15d506ffa008c0
A112049001,Atlanta Office Midtown I,오피스,운영/실물,해외,"754 PeachtreeStreet, Fulton County, GA 30308, Atlanta",북미,미국,Atlanta,47575.74,14391.66,2001-01-01,N,52,5139790440b4c72c5b2a511802a5eedf5d1c25e0f995184d700079e18463ae3e
A112049002,Atlanta Office Midtown II,오피스,운영/실물,해외,"725 West Peachtree Street, Fulton County, GA 30308, Atlanta",북미,,Atlanta,26199.49,7925.35,2002-01-01,N,53,8832327a86da2e133f3ead0ab6213da915da58871785c2970337623a803251da
A112049003,Atlanta Office Midtown 주차빌딩,오피스,운영/실물,해외,"37Fifth Street, Fulton County, GA 30308, Atlanta",북미,,Atlanta,1231.62,,2001-01-01,N,54,dcb578d396d6240195b2a6ec8acc5b15deaf161dc1121ed64a26b05ed16a02c2
A112050001,Prologis Targeted European Logistics Fund,물류센터,운영/실물,해외,,유럽,,Multiple,,,,Y,55,194284047542b9123180d6d69d1fe0b2d6bda31bfad44265ee6e08a1b09c8b66
A112051001,Hines Poland Sustainable Income Fund,오피스복합,운영/실물,해외,,유럽,,,,,,N,56,161051968e8dcd52fe35caf1d8482083ae94e53a652ab0021149afd293020df2
A112052001,우덕빌딩,오피스,운영/실물,국내,서울특별시 강남구 역삼동 832-2,대한민국,대한민국,,24514.97,7415.78,1985-10-29,Y,57,391996d139fdcb458dfc11ca3664bc7acd323e3e127021243248bee177deefeb
A112053001,영등포역 오피스텔 개발사업,주거,운영/실물,국내,서울특별시 영등포구 영등포동1가 143-3,대한민국,대한민국,,,,2017-12-29,Y,58,59d7563e73531c3dd6a2ec53ed1585cd90a5a33c4f8b503d438e21a115754a6d
A112054001,롯데마트(대전대덕),리테일,운영/실물,국내,대전시 유성구 관평동 887,대한민국,대한민국,,56429.6,17069.95,2007-11-08,N,59,5112c6b841324dc2ad0ab3af91099ca500189b6957e1a09c5d6d42cef3a3b804
A112054002,롯데마트(제주),리테일,운영/실물,국내,제주시 노형동 708,대한민국,대한민국,,24520.1,7417.33,2002-04-16,Y,60,c646ac4b7ba6ceb1a65866d95e2672df7a6375a55416f258b6e7ccfd48c5d45e
A112054003,롯데팩토리아울렛(인천),리테일,운영/실물,국내,인천시 중구 항동7가 76-2,대한민국,대한민국,,49778.16,15057.89,2007-09-07,Y,61,ab6dd71ac12411648d47606638316686d7597f940fe4cea9de6fd029c719b8cc
A112055001,씨티플라자,오피스,운영/실물,국내,서울특별시 영등포구 여의도동 여의도동 25,대한민국,대한민국,,14861.48,4495.6,1993-07-08,Y,62,82b347bf516c97437921b314a5dd5ecb468891b1f501ac07094c0d26b7cf56ce
A112056001,롯데마트(포항),리테일,운영/실물,국내,경상북도 포항시 남구 지곡동 481-1,대한민국,대한민국,,5497.3,1662.93,1999-09-02,Y,63,09748bc5e6fb0d6cf9b3435b56c2359e668f68173531717eb8457c44db973697
A112057001,Colony Distressed Credit Fund IV,오피스,운영/실물,해외,,글로벌,,"파리, 더블린, 니스",,,,N,64,a3562568be378bdacedbacf7c3914659691a669e0545d0d87f3ecb0679e022bc
A112058001,Vienna Office & Retail Wien Mitte,오피스복합,운영/실물,해외,"A-1030 Vienna, Austria",유럽,오스트리아,Vienna,159761,48327.7,2015-01-01,N,65,986b4e0ee53963d0463ecca4a2a891dd7e1b1c4efd9440d7b6327aae540a7b4d
A112059001,수송스퀘어,오피스,운영/실물,국내,서울특별시 종로구 수송동 83-1,대한민국,대한민국,,50313.04,15219.69,2002-03-22,Y,66,36945b5b218e5225cab1facefb99300ae1ff378a5fe0efe4843d91f51c1ca5f4
A112063001,Washington D.C. Washington Square Mezzanine Loan,오피스복합,운영/실물,해외,"1050 Connecticut Avenue NW, Washington, D.C.",북미,,워싱턴 D.C.,,,1982-01-01,Y,67,ab5a20043b6d2ce28a687882bbd3ce4f869d69bceafee64c78641fe473dbed3f
A112064001,쌈지길,리테일,운영/실물,국내,"서울특별시 종로구 관훈동 38, 44",대한민국,대한민국,,4535.98,1372.13,2004-12-21,N,68,cf8289b85fb90058b52123368276ad8674bcb14e8f3d9237536dccd71b015517
A112065001,Miami Courvoisier Center Senior Loan,오피스,운영/실물,해외,"501 Brickell Key Drive, Miami, Florida 33131",북미,,마이애미,,,1986-01-01,Y,69,777b6afc00f7bc1ef0c291e892a73390553b2602a93e5f5cbceb15bb5f1e5369
A112066001,PFV_Westwood 지분증권,물류센터,운영/실물,국내,,대한민국,대한민국,,,,,Y,70,49918cdc36b876b944d0125b81689ab1fd33f7e7a918002437da217987095472
A112067001,괌 웨스틴 호텔,호텔,운영/실물,해외,"105 Gun Beach Road, Tumon, Guam 96913 U.S.A",북미,,,65226,19730.87,1996-12-15,N,71,e1537ecd9fdba2dbdf2a034e876da71a511c0d32e0718f86967688d0a3cd0dad
A112068001,New York 787 Seventh Avenue Mezzanine Loan,오피스,운영/실물,해외,"787 Seventh Avenue (51st & 52nd Street), NY",북미,미국,뉴욕,,,1985-01-01,N,72,382fb1e7185bfe25a088d068862ffcf6b004b738da737895b7020e56e38aba7c
A112071001,종로타워,오피스,운영/실물,국내,서울특별시 종로구 종로2가 6,대한민국,대한민국,,60600.56,18331.67,1999-09-02,Y,73,575c9f48dc25061d0ba188936e0577235e885886b90b2005ab8e345932d9ed6c
A112072001,Nuveen UK Enhanced Debt Fund,오피스복합,운영/실물,해외,7개 포트폴리오,유럽,영국,London,,,,Y,74,b25c9c0ae7c2e3049c60990b9ee1445c30801a8445cdc2ac9dd5097f25d1d8ae
A112073001,Dallas KPMG Plaza Senior Loan,오피스,운영/실물,해외,"2323 Ross Avenue, Dallas, Texas 75201",북미,미국,Dallas,0,0,2015-10-01,Y,75,db24a8348ff3c5e45f6855495321f9de323e0683be6d7f17ba6ecd7ff8d2429a
A112074001,AXA Real Estate Development Venture IV,오피스복합,운영/실물,해외,,유럽,,,,,,N,76,68713c0ea5ee23fc4f741d55311288a8420189b75c8d5addfd400bbd6fcfd2dd
A112075001,유림빌딩,리테일,운영/실물,국내,서울특별시 마포구 동교동 165-4,대한민국,대한민국,,4338.47,1312.39,2014-11-25,Y,77,387e70d1f7917820822583f319dc7339134adcee09bf1c55accccc5466548f44
A112076001,US BioMed Portfolio Senior Loan,오피스복합,운영/실물,해외,16개 자산 포트폴리오,북미,미국,,,,,Y,78,a4d3e3c4412f0d870922ce3a9e4e6f01f9dc2389a88f44f04f0184e1acbbb03e
A112077001,Washington D.C. Atlantic Building Senior Loan,,,해외,"950 F Street, NW Washington, D.C. 20004",북미,,워싱턴 D.C.,,,1887-01-01,N,79,9513420fb294f3b364a6295300b34987b4156b9bc5913e2da1ee784408d907ce
A112078001,순화타워,오피스,운영/실물,국내,서울특별시 중구 순화동 66,대한민국,대한민국,,21772.5,6586.18,2007-02-09,Y,80,51db25b1330015ffbada59292bba4c1c5f1bf002cd22d5f4a15c374864c83bde
A112080001,업스퀘어,오피스복합,운영/실물,국내,울산광역시 남구 삼산동 1569-1,대한민국,대한민국,,62861.2,19015.51,2013-05-10,N,81,fc44fd84c1d80008e79b1f736c31ca228e50e14c8d4fc56a0da22f75ff0d6be3
A112081001,NC백화점(야탑),리테일,운영/실물,국내,경기도 성남시 분당구 야탑동 356,대한민국,대한민국,,,,1995-01-01,Y,82,12526e8cb9928bc20e4fc7b07eb860c81fdc8b3c80b8b9b6b248d24274af9c30
A112081002,뉴코아아울렛(평촌),리테일,운영/실물,국내,경기도 안양시 동안구 호계동 1039-3,대한민국,대한민국,,,,1998-04-06,Y,83,597a6d1f877ee771bda4972968baf8c347e2add11a9eb5e84614faf406452d3e
A112081003,뉴코아아울렛(일산),리테일,운영/실물,국내,경기도 고양시 일산동구 마두동 797,대한민국,대한민국,,,,1996-01-01,Y,84,8a596508cbeee1ab63fe71cd89fd04940d0bbec4f2688a42746320478eb50cbd
A112082001,부실채권을 기초자산으로 하는 SPC의 출자지분 및 사채,특별자산,운영/실물,국내,,대한민국,대한민국,,,,,Y,85,3758a3122e1f95bd70a5f55bc174f5c08e0ca5c57fa5837d3bf5592e7164bd6d
A112085001,평촌G스퀘어,오피스복합,운영/실물,국내,경기도 안양시 동안구 호계동 1039 외 2필지,대한민국,대한민국,,238248.43,72070.15,2012-03-23,N,86,1f23c7d8b4454dbd63df761f8da939d3866baffccada68d27010200ccf2c88fe
A112086001,신도림핀포인트,오피스,운영/실물,국내,서울특별시 구로구 신도림동 337,대한민국,대한민국,,25453.98,7699.83,2007-08-06,N,87,c0fac89bf6481ed4c3d8c5e74eebad87204ea11dc5a9fe743efee9a053cfe48f
A112092001,Washington D.C. Woodies Building Senior Loan,,,해외,"1001 & 1025 F Street NW, Washington, D.C. 20004",북미,,워싱턴 D.C.,,,1897-01-01,N,88,90f9920ee5121595179947517e45c15e5d8ef35085dfc69ad62c6659688999d9
A112093001,Hamburg Office Fleet II,오피스복합,운영/실물,해외,"Heidenkampsweg 74-76, 20097 Hamburg, Germany",유럽,독일,함부르크,20245,6124.11,2016-01-01,N,89,e9ee2ad90f20c77311cd22adcd78de9c248ad1fea834663342b830ab40044404
A112093002,Brussels Office Brederode,오피스복합,운영/실물,해외,"Rue Brederode 13, 1000 Bruxelles, Belgium",유럽,벨기에,브뤼셀,22394,6774.19,1909-01-01,N,90,781a5f26183209a649b44487caca663ffcec7b7f1d13fdf61b8c65fb042dab90
A112093003,Barcelona Office Fontanella,,,해외,"De Fontanella, 6-8, 08010 Barcelona, Spain",유럽,스페인,바르셀로나,8126,2458.12,1876-01-01,N,91,c78a00fbb673bfdaaf93b03710dc4d2554d3c22b2a61d25d0b0202125a8d3a41
A112093004,Prague Office Praga Studios,오피스복합,운영/실물,해외,"Pernerova 149/35, 186 00 Karlín, Czech",유럽,체코공화국,프라하,12085,3655.71,2019-06-01,N,92,45ae439206b145b425974d20279dcfd5413db454ef8e072c3e45746ff7f5fb44
A112093005,Paris Office Louis David,오피스복합,운영/실물,해외,,유럽,프랑스,파리,6001,1815.3,1957-06-30,N,93,776b5890d8a703703e2f1c5e42006184678c64588e85a529f067a2f4f95b2865
A112094001,GLP U.S. Income Partners III,물류센터,운영/실물,해외,,북미,미국,,,,2016-10-01,Y,94,ed26b9516328e86d964add7f2da77f77c4281e650f14fffde7a092077f416ff5
A112095001,New York Office 85 Tenth Avenue Senior Loan,오피스,운영/실물,해외,"85 10th Avenue, New York,NY, USA (NY10001)",북미,,뉴욕,,,1914-01-01,N,95,4bbbadac43571a6bd1494ea918169712e699460def7ee537683e80469a75cfb5
A112096001,T타워,오피스,운영/실물,국내,서울특별시 중구 남대문로5가 827,대한민국,대한민국,,41598.06,12583.41,2010-05-19,Y,96,b74cfd8fd9f4a59cf1752f35b40c2b945728cc2238d68099a235f54188a38218
A112099001,하남미사우성르보아파크,주거,운영/실물,국내,경기도 하남시 망월동 1079,대한민국,대한민국,,,,2018-05-30,Y,97,92ef80298a25c79ebd9f45807edcfac324286c6445391a4fac01fb0d7af31266
A112100001,스타필드(고양),리테일,운영/실물,국내,경기도 고양시 덕양구 동산동 370,대한민국,대한민국,,364805.86,110353.77,2017-07-05,N,98,f1865a6773f35f7a6f5aa193a03f8fededf3300580c87ba18de663caa73efb28
A112101001,마제스타시티타워1,오피스,운영/실물,국내,서울특별시 서초구 서초동 1501-1,대한민국,대한민국,,147904.73,44741.18,2017-06-15,Y,99,cd5cef633c87c9493a3516ec889aa6d7b78e51ad2b8c7652b9ab4f8bb65177db
A112104001,태평로빌딩,오피스,운영/실물,국내,서울특별시 중구 서소문동 111,대한민국,대한민국,,40001.79,12100.54,1997-09-20,N,100,49d3cbdcc1c8aa8b5274700ac9f954cb650cebfae24a358cf7954e9a6ebdf54d
A112107001,102호 수익증권(재간접),리테일,운영/실물,국내,,대한민국,대한민국,,,,,Y,101,aa0be608e1d38ec130515ee4b84ef73242dcb0af884e4a823f69bd58697ac7f4
A112108001,LasVegas The Cosmopolitan Hotel Junior Mezzanine Loan,호텔,운영/실물,해외,"3708 Las Vegas Blvd, Las Vegas, NV 89109",북미,미국,Las vegas,359265,108677.66,2010-12-15,Y,102,47a7918ff5a50cf3fc430056e0f3486401a0a8bb51a6411604c82378d9e7b67a
A112109001,부산송정물류센터,물류센터,특수상황,국내,부산광역시 강서구 송정동 1715-2,대한민국,대한민국,,24387.92,7377.35,2015-11-16,N,103,40134e7a68e24834932191953d245ab273ff45a9e7341f94b862a23a8fee5809
A112110001,바른빌딩,오피스,운영/실물,국내,서울특별시 강남구 대치동 945-27,대한민국,대한민국,,11349.6,3433.25,2009-10-28,Y,104,f451828ca0fa25f7f0fdffe376fb3f8b8ad927fb88c256ed37f213a919c68cd9
A112113001,Shiba Park Building,오피스,운영/실물,해외,"2-4-1 Shiba-Koen, Minato Ward, Tokyo",아시아,일본,Tokyo,102313,30949.68,1982-07-01,Y,105,bfeba23c8ad5577f10e1d257b66ee7d6516cbc3e8c72e0e7d47dc8efdc2243fb
A112114001,PFV_Lotus (지분증권),호텔복합,운영/실물,국내,서울특별시 종로구 관훈동 155-2 외 4필지,대한민국,대한민국,,,,2019-07-01,N,106,eb2960855125025a71a35f19e772b106fdc1f1f805c33be0eba77f6040b05c2a
A112115001,PFV_Lotus (사채),호텔복합,운영/실물,국내,서울특별시 종로구 관훈동 155-2 외 4필지,대한민국,대한민국,,,,2019-07-01,N,107,c19bfbe56899702f1d97b6f203c11ebf67baed0482219253b67479ff73b0b630
A112116001,Newark Two Riverfront Plaza Senior B-Note Loan (Panasonic),오피스,운영/실물,해외,"Two Riverfront Plaza, Newark, NJ 07102",북미,미국,Newark,0,0,2013-01-01,Y,108,5ebad2415a61b6ed9b71345908e5e6740baf7079ef4792d6441f8268c1359979
A112117001,진해오션리조트 선순위 대출,호텔,운영/실물,국내,경상남도 창원시 진해구 제덕동 일원,대한민국,대한민국,,,,2017-05-01,Y,109,533ef421604aba0d2c7cc7109c7b65e8ef5a578928f7ef0853323fe2704feb89
A112118001,LS용산타워,오피스,운영/실물,국내,서울특별시 용산구 한강로2가 191,대한민국,대한민국,,,,1985-05-30,Y,110,e1751bae67cb1718e14dae89466a48e6af0e692a873d5e4a539bee5d2cba2977
A112124001,부실채권을 기초자산으로 하는 SPC 사채,특별자산,운영/실물,국내,,대한민국,대한민국,,,,,Y,111,f7c63cf8e0df287107623efd198b8b698f8cc95a17fa3832496fc4a4c6c7949b
A112125001,Prologis Targeted European Logistics Fund,물류센터,운영/실물,해외,,유럽,,Multiple,,,,Y,112,f3cf516448fedbf794c3ae24c99e5d4fe17d2bd0b8a05d50dacbaf3dbd0dca41
A112126001,"세운 6-3-1,2구역 도시환경정비사업",주거,운영/실물,국내,서울특별시 중구 을지로4가 261-1 일원,대한민국,대한민국,,,,2019-03-01,Y,113,95e9c6f5f5d0e6cdc12c72afa69304334ca5629fe641fa5aa3284165dbdbf0f0
A112127001,아레나스양지물류센터,물류센터,운영/실물,국내,경기도 용인시 처인구 양지면 양지리 914,대한민국,대한민국,,349722.27,105790.99,2019-01-31,N,114,4d8b68613ab7409ab918fbbb7e58c84bfac5ee222c846dd96d900a1fa9e3eea1
A112131001,118호 수익증권(재간접),호텔,운영/실물,국내,,대한민국,대한민국,,,,,Y,115,521e615cf13f6b997065e12dbcfa28af452511b55a4a5762b75d0613f53eb11c
A112132001,홈플러스전주효자점,리테일,운영/실물,국내,전라북도 전주시 완산구 효자동1가 431-5 외 14필지,대한민국,대한민국,,47617.87,14404.41,2011-07-07,N,116,550c1e3dacfa2326770a51ef0a45cf005efe8ec17ab1ebfcba34ba0b8e61e789
A112135001,Canyon Distressed Opportunity Fund II,,,해외,,글로벌,,,,,,Y,117,84ed7cf054a2f3b68afdc5cbb8e2e2abf4da33e6dd428518c405c6975f30f05a
A112136001,광명 역세권지구 복합시설 신축,호텔,운영/실물,국내,경기도 광명시 일직동 508-4,대한민국,대한민국,,,,2019-05-01,Y,118,8cf7873a44b8944a59305ea2f7804a35c01b8dc9356ad16107dfcf63146bc904
A112138001,J.P. Morgan Asia-Pacific Property Fund,오피스복합,운영/실물,해외,,아시아,,,,,,Y,119,90f1ac387c94c02591fdc684a615df4c4d8e3645cfba7b7ae327f146ba6d5792
A112139001,시그니쳐타워,오피스,운영/실물,국내,서울특별시 중구 수표동 99,대한민국,대한민국,,99997.1,30249.12,2011-06-29,N,120,f8fedcc50252528e3cfebc746af1e4d15058058aae0c39b61d6827c21a83bbe5
A112140001,시그니쳐타워,오피스,운영/실물,국내,서울특별시 중구 수표동 99,대한민국,대한민국,,,,,N,121,8b75459c3b1f09ec3cd03d83665f96626668e871420126e76a031c54661023f5
A112142001,태양광설비회사 대출채권,,,국내,,대한민국,대한민국,,,,,Y,122,28a1c1227e76f27dc2c6881a90e6461383d93602d196b357fb5b5af4588cb230
A112143001,Ares Landmark Real Estate Partners VIII,오피스복합,운영/실물,해외,,글로벌,,,,,,N,123,2a51ac8e440a749919565346b091631ed3fa87cdac396d0ed624780cf589e85c
A112144001,V플렉스,오피스,운영/실물,국내,서울특별시 강남구 삼성동 157-27,대한민국,대한민국,,26839.1,8118.83,1994-08-31,N,124,b9e1d6347af9d5cf9eb817369e884f88e02664565094626b4c58f2b79e9c99f1
A112147001,Rockpoint Growth and Income Real Estate Fund II,오피스복합,운영/실물,해외,,북미,미국,"보스턴, LA, 뉴욕, 샌프란시스코",,,,N,125,6f9ea84f20715902b28d1dabfb8f5ff450e9136b821ce7d9da97257dd9c36183
A112148001,판교 알파돔시티 비즈니스호텔,호텔,운영/실물,국내,경기도 성남시 분당구 백현동 539,대한민국,대한민국,,29958.26,9062.37,2020-12-01,Y,126,d5a409c16d11d4d582d892dcf2e296c2d6889b785d64620752e8a6b10a835525
A112149001,부평 더샵센트럴시티 공공지원민간임대주택,주거,운영/실물,국내,인천광역시 부평구 열우물로 90,대한민국,대한민국,,756765.97,228921.72,2022-05-02,N,127,2980cd1c428beb1dcf6fefdefef3b3f4213984a71d4b0fd58d0db9244901525e
A112150001,New York 1551 Broadway Mezzanine Loan,리테일,운영/실물,해외,"1551 Broadway New York, NY",북미,미국,뉴욕,,,2008-01-01,Y,128,3ea9648395a482a3fcfde9256e3e25234f28fe03aa9f4788368141eeb60b2c76
A112152001,판교 창조경제밸리 특별계획구역(I-Square),주거,운영/실물,국내,경기도 판교 창조경제밸리 C2블록,대한민국,대한민국,,27383,8283.36,2021-03-01,Y,129,5f95b3a5ea2e25f0760efe5b8c5589ca03a2e364e38430b88d0d281280b62eb4
A112153001,가로골목,리테일,운영/실물,국내,서울특별시 강남구 신사동 545-18 외 1필지,대한민국,대한민국,,2346.77,709.9,2019-07-12,N,130,45160ef7db44db525fbf482deb93f23f17c8a6954095f3c92fec3c2ecb7b756d
A112154001,세종시 어반아트리움,주거,운영/실물,국내,세종특별시 나성동 2421-8501,대한민국,대한민국,,,,2019-05-01,Y,131,0166c81f54bcf89565cbc6ec355109b0788e231107c08e07b0b2f14fe5b9bd86
A112154002,화양동 도시형생활주택,주거,운영/실물,국내,서울특별시 광진구 화양동116-2 외 5필지,대한민국,대한민국,,,,2019-07-01,Y,132,1e844f4198ff8ec119d9ceed54a8a585a2110f22bef45c3b6c69130c442b08e6
A112157001,154호 수익증권(재간접),리테일,운영/실물,국내,,대한민국,대한민국,,,,,Y,133,ccbcf1afafaa545516353eaf632a96d3eb036406cfc918082c208cd4173ea559
A112158001,TH Real Estate China Outlet Mall Fund,오피스복합,운영/실물,해외,,아시아,,,,,,N,134,1b9813f13a1cfbf6ee1296fd8acfd34be2cd57f961d166ceccd04fcb3b437a00
A112159001,에스피청주 복합상업시설,리테일,운영/실물,국내,충북 청주시 홍덕구 강서 2동 일원 (청주테크노폴리스),대한민국,대한민국,,,11954.47,2021-12-31,N,135,d5b7f29434e7a933eca50c00d67080c7882260c9957fe306eccc6512c2db0619
A112160001,지엘가산메트로 주식회사,데이터센터,운영/실물,국내,서울특별시 금천구 가산동 60-29,대한민국,대한민국,,69012.31,20876.22,2021-06-25,N,136,b929118a6146daba016d31eb2e8b5cbefcce13f51fa7a6cbd81d4fa472276e4c
A112161001,한남동 외국인아파트부지 신축 PF대출,주거,운영/실물,국내,서울특별시 용산구 한남동 680-1,대한민국,대한민국,,,,2019-10-01,Y,137,866f46b43efc184fd739025ea1010708659977e65c980677026236a3c3239c74
A112162001,Rockpoint Growth and Income Real Estate Fund II (PMAA),오피스복합,운영/실물,해외,,북미,미국,"보스턴, LA, 뉴욕, 샌프란시스코",,,,N,138,2f38ee529fd360cda7d0a682cee5569049c415f4d64582bcc36ca97c1e406322
A112163001,부산 수영구 광안동 98-1외 7필지 오피스텔 PF대출,주거,운영/실물,국내,부산광역시 수영구 광안동 98-1 외 6필지,대한민국,대한민국,,,,2020-01-01,Y,139,2da921fc968227166eb99ad566e46a14517bc2c599a1d0e89e3101b7a43037e4
A112163002,하남강변미사지구 업무4BL 3LOT,주거,운영/실물,국내,경기도 하남시 하남미사지구 업무시설용지 4-3 (2043-3),대한민국,대한민국,,,,2019-09-01,Y,140,af823e04aefd490e228b841dcb6e095914a6d77028a7bd65aad3b105545d1c6e
A112164001,Las Vegas Cosmopolitan Hotel Mezzanine C Loan,호텔,운영/실물,해외,"3708 Las Vegas Blvd, Las Vegas, NV 89109",북미,미국,Las Vegas,576493.84,174389.39,2010-12-15,Y,141,09ffe35fe45f07e89ed95ce66344b8bd6980896c25070ae48a9db0f59bb35009
A112165001,명동청휘빌딩,오피스복합,운영/실물,국내,서울특별시 중구 명동2가 33-1,대한민국,대한민국,,6030.6,1824.26,1969-05-10,N,142,d2a6431b8eb8dceb69a56e4260735a8f9751a5f28898e06fed535aaded34c1ea
A112166001,한남동 외국인아파트부지 재개발사업 PF대출,주거,운영/실물,국내,서울특별시 용산구 한남동 680-1,대한민국,대한민국,,,,2019-10-01,Y,143,6ca01854c791dc3bedee2020f00f6e992d074a94d1d4104f1db38131c1281d13
A112170001,Jakarta Office Treasury Tower,오피스,운영/실물,해외,"Lot 28, SudirmanCentral Business District",아시아,인도네시아,Jakarta,5444,1646.81,2017-10-01,N,144,57ff6498dad69f109a25df00058779a757d18efe645f93463c1d2071eb6b3d7f
A112173001,GLP Europe Income/Development Partners I,오피스복합,운영/실물,해외,,유럽,,,,,,N,145,6f3314c5a01787e458df0fb8b016af1f71cd08e27cf3cb1fb243d868ad294330
A112174001,Balbec InSolve Global Credit Fund III,오피스복합,운영/실물,해외,,북미,미국,,,,,Y,146,767fd8fb7b6cadc95080d347f6d39463e1ed3c686f097e388f53c0b6be9dca10
A112175001,151호 수익증권(재간접),주거,운영/실물,국내,열우물로 90,대한민국,대한민국,,,,2022-05-02,N,147,ca069a7811d2abd95bf7fc4bc1051630ed7820a29f3aced8302c3017647f40e1
A112180001,UBS Trumbull Property Income Fund,오피스복합,운영/실물,해외,,북미,,Multiple,,,,N,148,e808f60ec04801039c6875d12695919d398322cea37472c8d061e72af9cae5a9
A112182001,Nuveen Global Real Estate Debt Partners Fund II (UK),오피스복합,운영/실물,해외,,유럽,,,,,,N,149,9951b5e499842dfa84b376d8ab6b01186ccfa1eb2d49392a037da8ced39164f5
A112183001,Jersey City 65 Bay Street B-Note Loan,주거,운영/실물,해외,"65 Bay Street, Jersey City, NJ",북미,미국,뉴저지,66704.38,20178.07,2016-11-01,N,150,32f29ae7a824fcd6f391c238a01b359f3cbbebc2d0cbb7391cc4221ae77478a9
A112184001,남동테크노타워 지식산업센터 개발사업 PF대출,오피스,운영/실물,국내,인천광역시 남동구 고잔동 648-1,대한민국,대한민국,,,,2019-08-01,Y,151,733be498d5c88d923ceefb962eca48271e4ba3294380bdbfae941b2ec216538b
A112185001,와이플러스빌딩,리테일,운영/실물,국내,서울특별시 강남구 신사동 533-3,대한민국,대한민국,,1838.66,556.19,2005-07-22,Y,152,53d54701478b413c88bcf84e6cfd01d67a383d68479a670cbf28dd6f84a29a39
A112188001,Sun Crest Kameari,주거,운영/실물,해외,"3-10-14 Kameari, Katsushika-ku, Tokyo",아시아,일본,Tokyo,2097.63,634.53,2016-03-01,Y,153,f00e097edc68966046dc69cecb33c8d66e8901fcb8262f92702ec56ff2be983f
A112188002,Cosmo Gracia Ryogoku,주거,운영/실물,해외,"1-1-2 Ishihara, Sumida-ku, Tokyo",아시아,일본,Tokyo,2176.42,658.37,2004-07-01,Y,154,962a86285bceee7cfb94ecb444928a0e9e347ffb0dec52ef7313bc301ce8fb0a
A112188003,Reglus Ootorii Airport West,주거,운영/실물,해외,"3-2-14 Haginaka, Ota-ku, Tokyo",아시아,일본,Tokyo,1637.33,495.29,2014-09-01,Y,155,7e798f1b8a89225f56eed3860d3d7b5b289d980ddcf778eab67b26c4ade6c08b
A112190001,남양주 다산진건지구 오피스텔,주거,운영/실물,국내,"경기도 남양주 다산진건지구상업3 5-1, 5-2블럭",대한민국,대한민국,,,,2019-08-01,Y,156,9e2b9f8801727fabab6b7ccf02b16a9cd4a340c8bb615c8bd9e11c45e71704e4
A112191001,Milano Office Pirelli HQ,오피스,운영/실물,해외,"Via Bicocca degliArcimboldi, 3, 20216 Milano MI, Italy",유럽,이탈리아,Milano,31988,9676.37,2003-01-01,N,157,fcfb420d3fbb8b03c538283e6b1156ccfc1d845abaa1e149e3131ef1437afc00
A112194001,고양시 화정동 아이씨티일산,주거,운영/실물,국내,경기도 고양시 덕양구 화정동 1148-6,대한민국,대한민국,,,,2020-05-01,Y,158,c15ec2c706e2e778413a4048ac4ba3e2b10e64086e72d426edb1f11e0b926b1c
A112194002,제주 연동 오피스텔,주거,운영/실물,국내,제주도 제주시 연동 261-23,대한민국,대한민국,,,,2020-08-01,Y,159,d558b36d40c1871eb400786cfba803c649398d002631fca273c31d5b38742c66
A112195001,페어필드 메리어트 서울 메자닌 대출,호텔,운영/실물,국내,서울특별시 영등포구 영등포동1가 143-3,대한민국,대한민국,,,,,Y,160,2fabef924e1d715f239da47468c706e4fbe579a427e8271389c0926f4526aaae
A112196001,라마다서울호텔 담보대출,호텔,운영/실물,국내,서울특별시 강남구 삼성동 112-5,대한민국,대한민국,,,,1986-12-01,Y,161,e0b650627076e724aeb6e27e9285e5779834282deabbceb5c34914de2956485f
A112197001,포포인츠바이쉐라톤조선서울명동,호텔,운영/실물,국내,서울특별시 중구 삼일대로10길 36,대한민국,대한민국,,21548.68,6518.48,2020-08-30,N,162,66570fb793d279188247bc77d05ddd5ce246148f9fe82745cbab17a365bae249
A112199001,강서 마곡지구 근린생활시설 개발사업 PF대출,리테일,운영/실물,국내,서울특별시 마곡지구 지원시설용지 DS9BL,대한민국,대한민국,,,,,Y,163,c0825dc68317f830f7b9c9320c4f49dfbf38f784a92c206c4df704eb444d5bd5
A112199002,하남 미사지구 오피스텔 개발사업 PF대출,주거,운영/실물,국내,"경기도 하남시 하남미사지구 업무시설용지2-1,2",대한민국,대한민국,,,,,Y,164,a0a1117acf795f5574439f372ced9a1066a2f5f11a4285c267685010e734a84e
A112200001,Jersey City 65 Bay Street A2-Note Loan,주거,운영/실물,해외,"65 Bay Street, Jersey City, NJ",북미,,뉴저지,,,2016-11-01,N,165,a68c7945402caf93f60f144050e0579af2bafe9d271d653e454e3cb4d82cde2b
A112201001,Balbec InSolve Global Credit Fund III,금융상품,운영/실물,해외,,북미,미국,,,,,Y,166,16890d7ed41554c2fa36e00ad7c60e467230a19ccdc6fb45902048823fcd6959
A112202001,제주 신화월드 개발사업(한화전문투자형사모부동산자투자신탁5호6M),리테일복합,운영/실물,국내,,대한민국,대한민국,,,,,Y,167,2636265897c94de567a46d4193a7b64f814e261ea2933b9650f05070b0b508ca
A112205001,건대몰오브K,리테일,부실,국내,서울특별시 광진구 자양동 9-4,대한민국,대한민국,,13068.11,3953.1,2018-01-06,N,168,4b92a2439f5de27642d09d6647be9a94d9c9c845c52cd46cc1dc137124e3683d
A112206001,Quarterra Lennar Multifamily Venture II,주거,운영/실물,해외,,북미,,,,,,N,169,b453a981e52f78603dca71f04e7958b1d2fe97e84f03f280cfe6bc3482020096
A112207001,시흥 센트럴푸르지오 사업장 공사대금 예금반환채권 금전채권신탁 담보대출,주거,운영/실물,국내,,대한민국,대한민국,,,,,Y,170,0ef3f2352934a38f55c553c1b2c5ee9ef99cbb4b32058a420a7dcc2ffce1346e
A112208001,New York 20 Times Square Senior Loan,오피스복합,운영/실물,해외,701 7th Ave New York NY,북미,,뉴욕,37700,11404.25,,N,171,984eaf4076eb4502c94bf2a1d3aa15a2f5068eddd6845c2ac646c77484be47a7
A112209001,센터필드,오피스복합,운영/실물,국내,서울특별시 강남구 역삼동 676,대한민국,대한민국,,239187.7,72354.28,2021-01-31,N,172,0547668f2ba40b92f5f87c00c62b09874e7845034274c44dde593e8c7d65e42b
A112213001,인천 가좌동 오피스텔 선순위 PF대출채권,주거,운영/실물,국내,인천광역시 서구 가좌동 212-8,대한민국,대한민국,,,,,Y,173,a44895d3fe8fd9c073e99b6c7e90dbab15804edbc39ffa0845c4babdd6760204
A112214001,디어스판교,주거,운영/실물,국내,,글로벌,,,39783.27,12034.44,,N,174,3188345b0e457c886d4299f3a3f92abbfb2e8db83050b70e7012265e14dca984
A112216001,Barcelona Office Nestle HQ,오피스,운영/실물,해외,"Av. dels Països Catalans, 51, 08950 Esplugues de Llobregat, Barcelona, Spain",유럽,스페인,바르셀로나,27606,,1974-01-01,Y,175,52b850725c60c846b6748eff29daa7559753a22361be976a864a941b8d255235
A112217001,삼일빌딩,오피스,운영/실물,국내,서울시 종로구 관철동 10-2 및 7-3,대한민국,대한민국,,40836.67,12353.09,,Y,176,a99ecca1958731d27691b365f8f5f9bb0c40a11fa7a7553a408d66a48634ee98
A112223000,Courtyard by Marriott Portfolio Senior Mezzanine Loan,호텔,운영/실물,해외,아래 자산별 상세 내역,북미,,,,,,N,177,e3482ae6b54db88b07ed337242c06cfc7a31d028c55866be26429c3c6fcf50c8
A112223001,US Courtyard by Marriott Portfolio Mezzanine A Loan,호텔,운영/실물,해외,1 Day Hill Road,북미,,Windsor,,91663,,N,178,d3b48d568c9437778a1f0fafb6df95f3d4620913cbce881bab1146fa013b55f8
A112223002,Courtyard Fremont,호텔,운영/실물,해외,47000 Lakeview Boulevard,북미,,Fremont,,82243,1987-01-01,N,179,b27ea870795362d17e3beda7c7ca59cf613a58a936003a99134a90f48bf2aa9b
A112223003,Courtyard San Francisco Airport,호텔,운영/실물,해외,1050 Bayhill Drive,북미,,San Bruno,,79152,,N,180,85c4884fe2c846e0759804e2a7b0c0ea7f80e6fcf7e75d20fc3918fba86508d7
A112223004,Courtyard Valley Forge King of Prussia,호텔,운영/실물,해외,1100 Drummers Lane,북미,,Wayne,,81589,,N,181,bfd4db59c9e870427c0934ce18957c690da5ad40ea1a89a577cbe685e3ea0539
A112223005,Courtyard Executive Park,호텔,운영/실물,해외,1236 Executive Park Drive NE,북미,,Atlanta,,75164,,N,182,e1e98bd3d6b4ec45fbf2818fb58146b13c945446abe64bbc707c0eaf8cf08ffc
A112223006,Courtyard by Marriott,호텔,운영/실물,해외,1045 Stevens Creek Road,북미,,Augusta,,77830,,N,183,f5ed2e1bf9711d573fb3dc919d87b74060bf044446c1ecb0cf7b20b4baa1bcf6
A112223007,Courtyard Melbourne West,호텔,운영/실물,해외,2101 West New Haven Avenue,북미,,West Melbourne,,78155,,N,184,f6e71a407a68f78db44e5e9e42ef6f7d923a3fb141e0c7f5a58a34fcfeb91100
A112223008,Courtyard Miami Airport West Doral,호텔,운영/실물,해외,3929 NW 79th Avenue,북미,,Miami,,75164,,N,185,ed31b8c9ba64f4046eb98cf38dcf2c96db020593837e69d2f57ef079b732847f
A112223009,Courtyard Savannah Midtown,호텔,운영/실물,해외,6703 Abercorn Street,북미,,Savannah,,86091,,N,186,9689c6a95ab4e3f2b16624a831fbe13107695a81608d260246e871baa26a0b8b
A112223010,Courtyard Tallahassee Capital,호텔,운영/실물,해외,1018 Apalachee Parkway,북미,,Tallahassee,,93816,,N,187,903901b27c06d12f3ceee55d41c2536c7432814f7be8d862b2d6887e2beba640
A112223011,Courtyard Charlotte Arrowood,호텔,운영/실물,해외,800 West Arrowood Road,북미,,Charlotte,,79510,,N,188,68c3f0f06a590f8703a75f08de6a044f52ba6166bd933a4382502a7a94208d92
A112223012,Courtyard Memphis East/Park Avenue,호텔,운영/실물,해외,6015 Park Avenue,북미,,Memphis,,76722,,N,189,10187beb8246c97b60c759c458485a29fdbc255b5caed350ac5b76605a497c66
A112223013,Courtyard Nashville Brentwood,호텔,운영/실물,해외,103 East Park Drive,북미,,Brentwood,,75904,,N,190,2c53069dc7cbc4f413b69cfb1a69a8103dab5702a701a2a9d69129fda615cdf3
A112223014,Courtyard Raleigh Midtown,호텔,운영/실물,해외,1041 Wake Towne Drive,북미,,Raleigh,,81973,,N,191,9db354cf2d4a17d4a1960581ca947d00fe0dd4ef8cf0297da51a8620acb4c9a4
A112223015,Courtyard Naperville,호텔,운영/실물,해외,1155 East Diehl Road,북미,,Naperville,,90700,,N,192,43736dc1e7277ef48e105c6e7ffc04d81d11824cb7684028dc74c2bad44799e2
A112223016,Courtyard Anaheim Buena Park,호텔,운영/실물,해외,7621 Beach Boulevard,북미,,Buena Park,,78172,,N,193,0d9f242613bd55c60cdb2f6b6ae73ab2e18a74a7f0dcdd02b7aee1498ab23f3f
A112223017,Courtyard Costa Mesa South Coast,호텔,운영/실물,해외,3002 S. Harbor Boulevard,북미,,Santa Ana,,78172,,N,194,04b434686d5a6b54dc5ecf67bbfa6c7170f218527e8e819ff12e4116bfaae948
A112223018,Courtyard Phoenix Airport,호텔,운영/실물,해외,2621 South 47th Street,북미,,Phoenix,,78172,,N,195,d401c6dad19c78985904f52e26d140cad417be32214548131eb4751e44c2fd1b
A112223019,Courtyard Pleasanton,호텔,운영/실물,해외,5059 Hopyard Road,북미,,Pleasanton,,76187,,N,196,87e559750a007d3da043d8ac8f1e9054b40b11cc3c09326b6061e4d9a2143940
A112223020,Courtyard Sacramento Rancho Cordova,호텔,운영/실물,해외,10683 White Rock Road,북미,,Rancho Cordova,,77070,,N,197,dbbb8d681bd8db05630134d0422f2ee4a55393c55702658584c5adde84388944
A112223021,Courtyard Cincinnati Blue Ash,호텔,운영/실물,해외,4625 Lake Forest Drive,북미,,Blue Ash,,81676,,N,198,edf3cb560ce5f09550b1deb49c6d4860b4b122a829a372397305ccce87277dd7
A112223022,Courtyard Detroit Dearborn,호텔,운영/실물,해외,5200 Mercury Drive,북미,,Dearborn,,80748,,N,199,d340532bb304ce70f4ff9fc090ecb0834af9e3f1a1a0650c9843620fbb880dd8
A112223023,Courtyard Detroit Troy,호텔,운영/실물,해외,1525 East Maple Road,북미,,Troy,,80748,,N,200,9cd564a3153b217a7fd0dccfe31c226c58d01a4a25a23e92300953a15d1c13fc
A112223024,Courtyard Detroit Warren,호텔,운영/실물,해외,30190 Van Dyke Avenue,북미,,Warren,,90048,,N,201,7e32d4df75e85f6469446cf7a6d4e959be2e40fa0cdfaf3f6f4d3773e193b809
A112223025,Courtyard Tarrytown Greenburgh,호텔,운영/실물,해외,475 White Plains Road,북미,,Tarrytown,,76096,,N,202,f87289c2a2122d941963fa6ae3a278b3033912fcdc8b6f64d0ebdb18043586c3
A112223026,Courtyard by Marriott,호텔,운영/실물,해외,1500 Nolan Ryan Expressway,북미,,Arlington,,86049,,N,203,7d5e209f1bf8dac5fe524eb51fc4defa4c101869174308845670f2a0f68b3180
A112223027,Courtyard by Marriott,호텔,운영/실물,해외,1151 W. Walnut Hill Lane,북미,,Irving,,86260,,N,204,79d35937796492f75d747e4ce03f7a99ba3775c964ac3df07f351209c18963e2
A112223028,Courtyard Herndon,호텔,운영/실물,해외,533 Herndon Parkway,북미,,Herndon,,75280,,N,205,f3160fef257f12988cbdd6d0b6b4b42a552314dfe565cfc09c4c4b01335f6e4e
A112223029,Courtyard Richmond,호텔,운영/실물,해외,6400 West Broad Street,북미,,Richmond,,79058,,N,206,3fb60c739995f7933ba1174df70dc655895de4b045dbfdba0bd76c49971ea6fd
A112223030,Courtyard Rockville,호텔,운영/실물,해외,2500 Research Boulevard,북미,,Rockville,,80856,,N,207,521df775488ba11cf2c61ef88deca36ec2f42ca63ded2f95b797204d5aee3288
A112226001,켄싱턴 제주호텔 부동산담보신탁 1종 수익권,호텔,운영/실물,국내,제주특별자치도 서귀포시 색달동 2785 外,대한민국,대한민국,,,,,Y,208,4eb9f9d702767aa36f0042031f34e3eadb5ef3845e49008386678bd0d778eca5
A112229001,서울시 영등포 1-3 재정비촉진지구 도시환경정비사업,주거,운영/실물,국내,서울시 영등포구 영등포 7가 29-1번지,대한민국,대한민국,,,,,Y,209,2ef48fba23d6b9a221ab03f0f1e939937df02904ccab26195c62312f69a156ee
A112230001,Uki Retail AEON Mall,리테일,운영/실물,해외,"1-1,Gonoe,Ogawamachi,Uki-shi,Kumamoto-ken, Japan",아시아,일본,Kumamoto,72073.39,21802.2,1997-10-31,Y,210,450c39b500ef5732e937a5e113b2dbb870b8028874485b106d31729b4c5fbffa
A112234001,(주)페트로코너지 발행 지분증권 및 투자대상회사(이지스페트로코너지(주))에 대한 대출채권,,,국내,"경남 양산시 상북면 효충2길13(페트로콕증기생산시설), 경기 시흥시 서울대학로 59-5 배곧가압장(연료전지",대한민국,대한민국,,,,,N,211,953ef34a9709bb05cd2bf24bc2a4411fa1cb78d521497d4578b5c70ab9f52280
A112235001,아레나스영종,물류센터,운영/실물,국내,인천광역시 중구 운북동 1328-1,대한민국,대한민국,,186037.82,56276.44,,N,212,9cecca71c2f19f94c744307d6c8abc34f09d69b7e1f92b22781fa32e348d182c
A112236001,New York Manhattan Holiday Inn B-Note,호텔,운영/실물,해외,"99 Washington Street, New York",북미,미국,New York,17187.06,5199.09,2015-10-30,Y,213,788d7ea0222a9aa354cc55ae428597187bd0ecbcc752a42fa09922009658d87b
A112237001,오투타워,오피스,운영/실물,국내,서울특별시 영등포구 여의도동 23-6,대한민국,대한민국,,43835.31,13260.18,1998-05-29,N,214,dcf4807c7d2c46b23200d42df29feaf320da90485598cbd7d1a99a132c1901a7
A112237002,SK명동빌딩,오피스복합,운영/실물,국내,서울시 중구 명동1가 59-5외 8필지,대한민국,대한민국,,37326.99,11291.41,,N,215,708a088b678fd7b1c596305b7db96d65da0275340e969108219702fbb67977a5
A112237003,동탄센터포인트몰,오피스복합,운영/실물,국내,경기도 화성시 반송동 96/96번지,대한민국,대한민국,,,,,N,216,f22058f1bd9071bbe03ab1b746645bf1626518f6766b1d3b658b64771520a261
A112242001,Frankfurt Office Trianon,오피스복합,운영/실물,해외,"Mainzer Landstraße 16, 60325, Frankfurt",유럽,,프랑크푸르트,68503,20722.16,1993-01-01,N,217,06c7d5f094a2e22f1d17f1b859200ab665fb262eb8b947ab63200e902de29a77
A112245001,도지물류센터,물류센터,운영/실물,국내,경기도 이천시 백사면 조읍리 25,대한민국,대한민국,,46527,14074.42,2020-04-15,Y,218,cc481d87bba32c623d1cca8c838dc1138f21bd290ef940bb4e0f5fe5db0836c2
A112246001,GIDC 광명역 지식산업센터,오피스,운영/실물,국내,경기도 광명시 광명역세권 도시지원시설용지 1-1BL,대한민국,대한민국,,,,,Y,219,edff27322c55c57dce50d771dfed911997d3ed307e1eaef2c865eb70e9a75cf7
A112247001,Nuveen RE-PCCP U.S. Core-Plus Real Estate Debt Fund,오피스복합,운영/실물,해외,,북미,미국,,,,,N,220,2e42a954231b464a0532dfdf69b0e0d414c3bcc7abb7756baa602e1cfbff794f
A112249001,동삭센토피아 지역주택조합 아파트,주거,운영/실물,국내,경기도 평택시 동삭동 342번지 일원,대한민국,대한민국,,,,,Y,221,f5d7a4c682fde16824fd1a009dbeb22bdef5184e9fa4f9870f1dd8e1daa575b9
A112250001,Glennmont REBS Europe Fund I,오피스복합,운영/실물,해외,,유럽,,,,,,N,222,8c97ab148d37f6961bc73887cb9b8ee05b7d72f6093d63c9c4cff54285d63ddf
A112251001,드웰동대문,호텔,운영/실물,국내,서울시 동대문구 회기로 188-5,대한민국,대한민국,,1352.7,409.19,2019-03-15,Y,223,beb63c800d999262f4eeacdf6cb104ea037f03632e92bc79768abf6f258ef446
A112252001,강남구 역삼동 오피스텔 및 근린생활시설 신축사업,오피스복합,운영/실물,국내,"서울시 강남구 역삼동 605-17, 605-27번지",대한민국,대한민국,,,,,Y,224,be8f542b1ffa8649848cf7d25772a2804c3f403086393f4f1080f7c6728d35a0
A112252002,"부산시 사상구 괘법동 오피스텔, 도시형생활주택 및 근린생활시설 신축사업",오피스복합,운영/실물,국내,부산시 사상구 괘법동 564-8번지,대한민국,대한민국,,,,,Y,225,5708241e6d3aebcb490f6423d6e86137154101fe5097aabfb6175c49c5d947c9
A112255001,잭니클라우스GC 단독주택부지 담보신탁 1순위 우선수익권 담보부대출,주거,운영/실물,국내,인천광역시 연수구 송도동 117-91외,대한민국,대한민국,,,,,Y,226,b5e0e86c56d7918d903296be6e736b9b285e66adea4abc8edac1c88b8bae3ef2
A112256001,New York 685 5th Avenue Mezzanine Loan,리테일,운영/실물,해외,"685 Fifth Avenue, Manhattan, NY",북미,,New York,2190,662.48,,N,227,38c08e613fa9adf8c91caea1d74bf1522093faa407e0aa12262253dab5fba4ff
A112258001,신정동 근린생활시설,리테일,운영/실물,국내,서울 양천구 신정동 329-10번지,대한민국,대한민국,,,,,Y,228,44184e51ea3082dbf2f732557ec8e9759a1183fa8351c538219f86ed6b6d5b4c
A112259001,판교 알파돔시티 중심상업용지 7-1BL/주차장용지17BL 오피스텔 및 근린생활시설 개발사업 선순위 PF대출,주거복합,운영/실물,국내,경기 성남시 분당구 백현동 알파돔시티 중심상업용지 7-1BL/주차장용지17BL,대한민국,대한민국,,,,,Y,229,55d9b2c511c38adeb0943bb1d2825b5c17930da73b99ee4821793c95ec548d5f
A112260001,글로벌 리츠,,,해외,,글로벌,,,,,,N,230,a20192fe50cd7a314211c24818952005ff4cfe7da135eb1ed422b2656958849c
A112264001,익선동 상업시설 개발,리테일,운영/실물,국내,서울 종로구 익선동 138-6,대한민국,대한민국,,449.6,136,,Y,231,70d31372ceec633fd1aa3adba92fc96e69c68f6b9719e5cd61119e78d7d077cc
A112267001,Brookfield Premier Real Estate Partners Australia,오피스,운영/실물,해외,,아시아,호주,시드니,,,,N,232,7c6dbaaa4d32b580c4bc53b028b5959c1f80d31b56e2fd52ca06a6eaabc896f2
A112268001,트레블로지명동시티홀호텔,호텔,운영/실물,국내,서울특별시 중구 세종대로16길 22(북창동 17-1외 2필지),대한민국,대한민국,,5758.45,1741.93,2013-04-16,N,233,474118dd593f63ae216ead3466f7dd45fa2a9ad54fe5c9d852c21c936df957af
A112270001,반포이수화학본사사옥,오피스,운영/실물,국내,서울시 서초구 반포동 112-4 외 8필지,대한민국,대한민국,,12184.12,3685.7,,N,234,8d672e5ec8784cac11d5a081b6dcb9fd7ab7f55cefcf8ba20c8f95d2f9512f2d
A112274001,고양 일산 식사2구역 A2BL 공동주택 개발사업 선순위 PF대출채권,주거,운영/실물,국내,경기 고양시 일산동구 식사2도시개발구역 A2블록,대한민국,대한민국,,,,,Y,235,4a526181e18d535f669866cdd0a7c3daf9062ee963792ce332eb907ba4d3fa6e
A112275001,도농역 오피스텔,주거,운영/실물,국내,경기도 남양주시 도농동 56-7,대한민국,대한민국,,79563,24067.81,,Y,236,542a86bef6dd4284373a142801a0208b03708846e318ba8c573a12a8eaf0a3ee
A112276001,"세운 6-3-1,2구역 도시환경정비사업 개발사업 중순위 PF대출채권 및 토지신탁 우선수익권을 기초자산으로 ?",주거,운영/실물,국내,서울시 중구 을지로4가 261-4외,대한민국,대한민국,,,,,Y,237,8bd48b26da9f6cc055d983a5fc973faf8d4e494a9f6ac1f91da9c7828959bef1
A112277001,파주 운정지구 오피스 개발사업,오피스,운영/실물,국내,경기도 파주시 와동동 1433번지,대한민국,대한민국,,,,,Y,238,e68de219fe7eee93e0c9fd0799ede16b7baef4e702d0dce479bd98828f6fe941
A112278001,Poland Logistics Zalando,물류센터,운영/실물,해외,"J844+CX Olsztynek, Poland",유럽,폴란드,Olsztyn,120444,36434.31,2019-01-01,N,239,b871ac576cdb331c19cb4a4b2ebd899c76ea9eac08da121cd2b0c99b47a18761
A112279001,클럽디 속리산,특별자산,운영/실물,국내,충청북도 보은군 탄부면 평각상장로 230,대한민국,대한민국,,828506,250623.07,,Y,240,50a522c4e87d9401980bf42812914e82c01f20d1861e99b39b010296c6b3bb09
A112285001,용인기흥 파워센(개발),리테일,운영/실물,국내,용인 기흥구 고매동 271번지 일원(총 14개 필지),대한민국,대한민국,,112257,33957.74,2020-03-31,Y,241,3d2a7825137b711694e5e6726f3ee735faa09a74f4537a4cca74be48e0748876
A112287001,강동 성내 역세권 청년주택,주거,운영/실물,국내,서울시 강동구 성내동 87-1번지 일원,대한민국,대한민국,,,,,N,242,9e65cf0235092dde99101666030c51ece4cbd35ed2e071a09e268887f4c13d98
A112290001,타임테라스동탄,리테일,운영/실물,국내,경기도 화성시 반송동 96/98번지,대한민국,대한민국,,142156.39,43002.31,2010-09-03,N,243,d7167e73dfc77cc790aad95a92c1bf6e9c7f25ae9c1984194260c64808f7dd9c
A112291001,ISF모1-3호(타임테라스동탄),리테일,운영/실물,국내,,대한민국,대한민국,,,,,N,244,5b2a99c41539e0c9e992d689ddbda16482e458856b2f8bc279e5a92b49a21b72
A112292001,반포 이수화학 본사 사옥(재간접),오피스,운영/실물,국내,서울시 서초구 반포동 112-4 외 8필지,대한민국,대한민국,,12184.12,3685.7,,Y,245,13ffb768e55e0054d9b5944b58f7c0862110a3ded25fdc335649fd1f3d1c9048
A112293001,광주 월산현대지역주택조합 공동주택 개발사업 Bridge Loan 현대엔지니어링 채무인수 확약 후순위 대출채권,주거,운영/실물,국내,광주광역시 남구 월산동 258번지 일,대한민국,대한민국,,,,,Y,246,c27043fcd993229e171214dacebe761ca80a5061c871c3dd467772281affac2b
A112294001,수원 이비스 앰배서더 수원 호텔 후순위 담보대출,호텔,운영/실물,국내,경기도 수원시 팔달구 인계동 1132-12,대한민국,대한민국,,,,,Y,247,d25ce334c09dc54ebcbf333a0c5454b53569b8c40e62eecbcfffaeafdbb8c022
A112295001,New York 564 6th Avenue Mezzanine Loan,,,해외,"564 5th Avenue New York, NY 10036",북미,미국,New York,55419,16764.25,2027-12-31,Y,248,e84a3e0d214cc40df3ab47c664dc1ff110b9858879200ca67165d48e0069580d
A112296001,광교 아이파크 주상복합 내 판매시설 선순위 담보 대출채권,리테일,운영/실물,국내,경기도 수원시 영통구 원천동 593번지 일원,대한민국,대한민국,,,,,Y,249,9bc23ef5a658d9c43c86622f22926b9d85d0c5ccdfc56a728348587d36df4b37
A112297001,하남미사 지식산업센터,오피스,운영/실물,국내,경기도 하남시 하남미사 자족시설용지 12-2/3BL,대한민국,대한민국,,,,2021-06-30,Y,250,31d999b57fb6b8859b3a633dbe15a3cec8df3cde93debfff3a838926ea76d3f9
A112298001,잠실새내 오피스텔 신축사업,주거,운영/실물,국내,서울 송파구 잠실동 183-12외 2필지,대한민국,대한민국,,,,2021-02-28,Y,251,b9b768bdec3100aca935618fd39ca3bc3173a37a5594cf407f26068f0484c08e
A112299001,"스카이박스1, 스카이박스2",물류센터,운영/실물,국내,인천광역시 서구 오류동 1549-4 외 1필지,대한민국,대한민국,,85621.42,25900.48,2017-04-26,N,252,785e4a67a3e23227a06ffc15ec519f1a1f01ab19b5ecbd2fc1aaba4b11ca4093
A112300001,"Ku'damm 12, 13-15",리테일,운영/실물,해외,"Ku'damm 12, 13-15, 10719 Berlin",유럽,독일,Berlin,22452,6791.73,2020-06-30,Y,253,2ae76f4525e0d903bd50d7056d1e08b89650a5126b5d81418392ff5628e80fc1
A112301001,이천 한익스프레스 물류센터 개발사업,물류센터,운영/실물,국내,경기도 이천시 설성면 대죽리 545-5외 22필지 일원,대한민국,대한민국,,,,2019-10-31,Y,254,54dc141601dfaba8977d1b9121ba96914afcd2fec36c10ea75bb62b685402b34
A112303001,GLP Japan Develoment Partners III,물류센터,운영/실물,해외,,아시아,,,,,,N,255,94f9d05655636d14063d1844af837364f1d4aecb970a3264c83a974f6e589126
A112304001,Frankfurt St.Martine Tower Mezzanine Loan,오피스,운영/실물,해외,"Franklinstraße 61-63, 60486, Frankfurt",유럽,독일,Frankfurt,26139.94,7907.33,2016-12-31,Y,256,6ff188bf76c2ac560d079f5bc872b426c881c80a3f86f0559b6af41d728a016e
A112305001,금강타워3,오피스복합,운영/실물,국내,서울시 강남구 삼성동 154-8 외 1필지,대한민국,대한민국,,9401.74,2844.03,1993-01-28,N,257,fd7eea47c4227a98f61bf14eb7f448646925274f622742c5612038e8de8e605b
A112306001,부산 온천동 복합시설 신축사업,주거,운영/실물,국내,온천동 180-14번지 복합시설 신축공사,대한민국,대한민국,,,,2020-12-31,Y,258,73b90c1d0b1fdc0f667203b6b62f8ef391d67c2ebeb87b2f405c7cebbd9acf67
A112308001,New York 564 6th Avenue Senior Loan,,,해외,"564 5th Avenue New York, NY 10036",북미,미국,New York,55419,16764.25,2027-12-31,Y,259,33b8b8aa813d17164e6bd8e68ab91359e2f62ac47f4e09d39213f0be308b5421
A112309001,해운대구 재송동 한진 CY부지 공동주택 등 개발사업 선순위 BrLoan 담보대출,주거,운영/실물,국내,부산시 해운대구 재송동 856-1번지 일원,대한민국,대한민국,,,,,Y,260,a8d5b86c8a55603c54fb3e0307d783795c9bd766a3a1ca56fad482bb0e953d84
A112310001,제주올레리조트,호텔,운영/실물,국내,제주시 애월읍 부룡수길 33외 13필지,대한민국,대한민국,,6098,1844.65,,N,261,761e978a2170ee2395b0a7f97fdaf29d2c4f12e280fb2160939fcfc50c83f3a4
A112311001,목동 트라팰리스 스퀘어,리테일,운영/실물,국내,"서울시 양천구 목동 962,962-1",대한민국,대한민국,,24701.14,7472.09,2009-01-23,Y,262,b8803893e49fe1b3eee3b0f86e7aaf3d8e8668c7f5bf3b63f617cbf876f2d49d
A112314001,돈의문3구역 게이트타워,오피스,운영/실물,국내,서울시 종로구 평동 222번지 일대,대한민국,대한민국,,,,2020-06-30,Y,263,8dafa6caca5802779d813f147bcb827d92e76d919f60f4c5cace4c823e7de543
A112318001,부실채권을 기초자산으로 하는 SPC의 사채,,,국내,,대한민국,대한민국,,,,,Y,264,3dc289895fb18bb158ca0e1d7f428c71b285b997e1dc3068abec5f6b9f404c2f
A112321001,세운5구역PFV,오피스,운영/실물,국내,"서울시 중구 산림동 190-3번지 일원 (세운지구 5-1, 5-3구역)",대한민국,대한민국,,6865,2076.66,,Y,265,b358e8eaec26fb7b79b119887930ed85b9600c68e6a41271705e4de8c8a76f9c
A112322001,피겨앤그라운드,리테일,운영/실물,국내,서울시 강남구 신사동 543,대한민국,대한민국,,2404.65,727.41,2020-11-02,Y,266,be187e6ed459037ec4dc2df92ed7fc6c1f3b08c426fd149f52779939e5c0ed8d
A112324001,Paris Logistics Amazon,물류센터,운영/실물,해외,"Base Aerienne 217, 91220 Bretigny-sur-Orge, Paris, France",유럽,프랑스,파리,491468,148669.07,2019-03-01,N,267,0fedfc2e5c17e74abcb7eadf02f2f318f3be8914b6443a382642e4876bff129b
A112324002,Barcelona Logistics Amazon,물류센터,운영/실물,해외,"Avinguda Les Garrigue, 2 N2-N12, El Prat de Llobregat, Barcelona, Spain",유럽,스페인,바르셀로나,,,2017-09-01,N,268,3613e4c520f5fd12f8ed7bfc30e7d86029a090f19138a3967187c983e9e3d3c7
A112324003,Bristol Logistics Amazon,물류센터,운영/실물,해외,"Unit 4, Central Park, Central Avenue, Severn Beach, Bristol, UK",유럽,영국,브리스톨,,,2018-10-01,N,269,98fa8a35c10f01deb9cecd1eaf5d52bc79b0faea3c1921e6710c1f25f4e54a29
A112328001,덕평CJ물류센터,물류센터,운영/실물,국내,경기도 이천시 호법면 매곡리 118-2,대한민국,대한민국,,58552.06,17712,,Y,270,9a2a6b8bfc27cb4d436c1b1216a77f97da49cf40ea3d14e48c769148e3f6b186
A112333001,Dallas Office One AT&T Plaza,오피스,운영/실물,해외,"208 South Akard Street, Dallas, Texas 75201",북미,미국,텍사스,89725,27141.81,1983-01-01,N,271,7253715b977c0148970d1733b03a218a7188d58df4d687040feabcd57519dfbe
A112334001,글로벌 리츠,오피스,운영/실물,해외,,글로벌,,,,,,Y,272,04cf3ecf012545b3415e9718a494bf0eddd4492f843d22f1588046d801762aea
A112338000,Odawara Logistics Amazon FC,물류센터,운영/실물,해외,아래 자산별 상세 내역,아시아,,Odawara,197907,59866.87,2013-08-01,N,273,f50eacfbf3efe2bfb606dfb2ae6c3a36c3ca7ea6c5e851ed42fdb3d7fce92aee
A112338001,Odawara Logistics Amazon FC I,물류센터,운영/실물,해외,"4-Chome 5-1 Ogicho, Odawara, Kanagawa-Ken",아시아,일본,Odawara,200687.13,60707.86,2013-03-01,N,274,3c98361542be5d7ad47b5c7183ee9c4514477161e6763ce73b358e893cc092a1
A112338002,Odawara Logistics Amazon FC II,물류센터,운영/실물,해외,"4-Chome 5-1 Ogicho, Odawara, Kanagawa-Ken",아시아,,Odawara,,,2013-08-01,N,275,61d88ef74ba6ac01b3238c0272b32b3e9fc2bb0fe0227b99b48005080b723ea7
A112341001,에스비씨PFV(P00005),오피스복합,개발,국내,서울시 서초구 서초동 1005-1외,대한민국,대한민국,,91597.1,27708.12,2026-11-30,N,276,e5c19837643585791ae357761428519e48e44f8e97bc89404c4b61b720e12c8c
A112342001,평택 고덕 업무12-2-3BL PF 선순위 대출채권,오피스,운영/실물,국내,경기도 평택시 고덕면 고덕 국제화계획지구 업무용지 12-2-3BL,대한민국,대한민국,,,,,Y,277,f624feffe66b12974239250d551018878fe69769acbe0cea756433fb1c4dd101
A112343001,독일 프랑크푸르트 소재 개발사업부지,오피스,운영/실물,해외,Mainzer Landstrasse 23,유럽,독일,Frankfurter,44235,13381.09,,Y,278,eedc60647897d07e923e61e90fe2294527a6ddd8d47291e9fa76b7dd95decda4
A112344001,홈플러스 인천인하점,리테일,운영/실물,국내,인천광역시 미추홀구 용현동 648,대한민국,대한민국,,48618.5,14707.1,2005-05-12,Y,279,e35e50a66c83e6c90aebc8b9464aa148fd07ab9a93e98f6000c8c3104b3fb94f
A112344002,홈플러스 대전문화점,리테일,운영/실물,국내,대전광역시 중구 문화동 1-17,대한민국,대한민국,,38782.12,11731.59,2002-10-24,Y,280,949f29d45b3e6ab66c331401e92445bae9eb8dc6ac5d1e9fe6cde93f8c3c6b35
A112344003,홈플러스 전주완산점,리테일,운영/실물,국내,전라북도 전주시 중노송동 495-6,대한민국,대한민국,,49461.83,14962.2,2005-08-11,Y,281,ab3f179ec54fc598463224c2e281d945ff679960bae0dab5533dae4b55465266
A112347001,Townsend Europe Logistics Venture II Korea Feeder,물류센터,운영/실물,해외,,유럽,,,,,,N,282,c0f9d8862e18348dc8dac47c36ef4a7e236f41a4b831fc6fcd57a30dbe9ad93f
A112347002,Venlo,물류센터,운영/실물,해외,네덜란드,유럽,,,20132,6089.93,,N,283,e25432663e37ec8c62b653856ed87ffc4ebd3634a8f744c7acd678669d0b00a3
A112347003,Kuhn Portfolio,물류센터,운영/실물,해외,네덜란드,유럽,,,78546,23760.17,,N,284,fc50df572683b26ab9b389a7fe873eeb0f7a16512f100cef8493427dc6fa1234
A112347004,Nabuurs Portfolio,물류센터,운영/실물,해외,네덜란드,유럽,,,21299,6442.95,,N,285,d69bd7223a5747b61ea917751ed7fbad9fdf744e80f97a59501e78472b92cb48
A112350001,타임워크명동,오피스복합,운영/실물,국내,서울특별시 중구 명동1가 59-5외 8필지,대한민국,대한민국,,37285.88,11278.98,2021-06-24,N,286,786b491ae53ca0b9a40e7900d696ea3994135b32479afafc67e5f7c7ccb181c7
A112351001,ISF모1-2호(타임워크명동),오피스복합,운영/실물,국내,서울시 중구 명동1가 59-5외 8필지,대한민국,대한민국,,37285.88,11278.98,,N,287,10ed82ad6892eff381cebf033cb3dbe88b71277510577bffb383c8aaabe12189
A112355001,Toronto The One Senior Loan (Term Facility),오피스복합,운영/실물,해외,"One Bloor St. West, Toronto, Ontario",북미,캐나다,Toronto,65837.41,19915.82,2027-11-30,N,288,3ef0dfedb3ebb4a456af0ab3b97db8f987ffa83add0eb950bcda3b0277bcac32
A112356001,Essen TA2 Mezzanine Loan,오피스,운영/실물,해외,"Theodor Althoff Straße 2, 45133 Essen, Germany",유럽,독일,Essen,,0,1969-12-31,Y,289,05f116634e68226545f3428858e1410e2854b410411e24364aafed5d4b51109f
A112361001,Tokyo Office Harumi Island Triton Square Tower W,오피스,운영/실물,해외,"1-8-8 Harumi, Chuo-ku, Tokyo",아시아,,도쿄,15328.53,4636.88,2001-11-30,N,290,6418805711b66c2cb4ec83d403418ce091198d748f370b5c7e01c4867344993f
A112362001,Tokyo District 23 Residential Portfolio,주거,운영/실물,해외,일본 도쿄도 23구 내,아시아,,도쿄,6509.18,1969.03,2019-05-01,N,291,c351d5c146f3fc898da79fa8ed142c0ec10ed1e318813fb15ccee6d70bfb12dc
A112362002,GRAN PASEO 혼코마고메,,,해외,일본 도쿄도 23구 내,아시아,,도쿄,6509.18,1969.03,,N,292,a80e3575a0ae9eb58260674658358e22a81adbc9a10ef753178696927883f98c
A112362003,PASEO 신주쿠,,,해외,일본 도쿄도 23구 내,아시아,,도쿄,6509.18,1972.48,,N,293,126a262f07e1a09da82e4e491b527f6ba6a44ee866fd14ea0bc36e09067ffec6
A112362004,PASEO 오기쿠보,,,해외,일본 도쿄도 23구 내,아시아,,도쿄,6509.18,1972.48,,N,294,11bf49b147da160b62cbeac0ee1e15ed6327bfda21283f0d5ae56e78e3b5ed67
A112362005,PASEO 사사즈카,,,해외,일본 도쿄도 23구 내,아시아,,도쿄,6509.18,1972.48,,N,295,096fa8b4bf7d3bb5f54be798e7408ff64cd9395021c434e518f424d1fd1fcb3b
A112362006,GRAN PASEO 신주쿠,,,해외,일본 도쿄도 23구 내,아시아,,도쿄,6509.18,1972.48,,N,296,83bbbc97109b0239f77230aaaebbd25994619cc4ab8df17f499a0cb407fc057a
A112362007,PASEO 시모키타자와,,,해외,일본 도쿄도 23구 내,아시아,,도쿄,6509.18,1972.48,,N,297,15deb21438b6327676b6bce13739a96fc88d81993ce782066c8986041e8a630f
A112362008,GRAN PASEO 칸다에키마에,,,해외,일본 도쿄도 23구 내,아시아,,도쿄,6509.18,1972.48,,N,298,ffb5795f95f7997bcef3d1105e63d6fa5eeb389ae53e82bc22f6eed619c090d4
A112362009,LEGALAND 와세다미나미,,,해외,일본 도쿄도 23구 내,아시아,,도쿄,6509.18,1972.48,,N,299,e6db39724b316bb3614f851d1fbebfcff72673c0e6f44b0a798f5a1d6854cf0b
A112362010,PASEO 토부네리마,,,해외,일본 도쿄도 23구 내,아시아,,도쿄,6509.18,1972.48,,N,300,ca0fda847e6ce136c195730016da584685d2f9a1f4032929c015b5bce9feed1a
A112362011,아버하이츠 오우기오하시,,,해외,일본 도쿄도 23구 내,아시아,,도쿄,6509.18,1972.48,,N,301,4c6a9065d24f90e59b4454c99203b8d588ea9601bc991ebe332c7832f225c410
A112365001,CGV대학로,리테일,부실,국내,서울시 종로구 대명길28,대한민국,대한민국,,5153.53,1558.94,2004-06-18,N,302,92f70f6e71bc1090b829e12de2cc6b444fc61551955c1cc55952ff8d7848e884
A112368001,KORNER 136,리테일,운영/실물,국내,"서울시 마포구 서교동 354-1, 3, 22번지",대한민국,,,5408,1635.92,,N,303,ebba82cbe10e62fba2750244befef2239a3cf6ede958a9290b2d8b488f92ded2
A112372001,역삼동 개발사업,오피스,운영/실물,국내,강남구 역삼동 831-19 일원,대한민국,대한민국,,49413.9,14947.7,2023-03-31,Y,304,96a4b034214b92d72aed073d7ddfaac9fac07b2e3767aadf10aa2799b22c90a0
A112373001,송도 센토피아더샵 공동주택 및 근린생활시설 개발사업 PF Refinancing 대출채권,주거,운영/실물,국내,인천광역시 연수구 송도동 308-1 일원,대한민국,대한민국,,,,,Y,305,540d9b8f72c6c8e1048f6affe79a3568b999afdf57831108dc5f8cd9de853786
A112374001,New York 555 10 Avenue,주거,운영/실물,해외,"555 10th Avenue, NY",북미,미국,뉴욕,710907,215049.37,2017-01-01,N,306,2231f4353836fe6db176bebaf3e197a27712cc50db7ba32837a9f67d99acba11
A112374002,New York 510 East 14th Mezzanine Loan,주거,운영/실물,해외,"510 East 14th Streeet, NY",북미,미국,뉴욕,251141,75970.15,2018-01-01,N,307,29f507a8bde8d4ea13be6bb02f1e19f01dc5285ec11cb1ab401672343ef1b5dd
A112375001,OPUS407,오피스복합,운영/실물,국내,서울특별시 서초구 서초동 1318-1,대한민국,대한민국,,6353.3,1921.9,2023-03-12,N,308,4335c945f958e3643925938a10fed116d4a981969c49378ad19330f33bdb1e2c
A112379001,이지스 330호 (OPUS407/舊뉴욕제과빌딩),오피스복합,운영/실물,국내,,대한민국,대한민국,,,,,N,309,8b03af7c79836fcac952c8e1c2a9d687446f6e0c40bed1f7445f63bc3c06fb4b
A112380001,"이지스기회추구2-1호 (330호, OPUS407/舊뉴욕제과빌딩)",오피스복합,운영/실물,국내,,대한민국,대한민국,,,,,N,310,3a298ea45ee4b2f38bd954a4002e5e2dcbf37bad07743932497e0a2d720e7928
A112380002,"이지스기회추구2-2호(353호,OPUS459/舊백암빌딩)",오피스복합,운영/실물,국내,,대한민국,대한민국,,,,,N,311,1ef756628d60d7c9eb57a0d4b94780bde7f2851a5b2bfa18131a8f6fd5476a73
A112383001,New York Jackson Park CMBS Loan,주거,운영/실물,해외,"28-40 Jackson Ave, Long Island City, NY 11101, United States",북미,미국,뉴욕,161105,48734.26,2018-06-01,N,312,5caee97f1c92a8d25de205daf71e27df1bf372571b4d7fad6d132bed4e897512
A112387001,충북 청주시 서원구 잠두봉근린공원 공동주택 개발사업 PF 대출채권,주거,운영/실물,국내,충청북도 청주시 서원구 수곡동 산22번지 일원,대한민국,대한민국,,,,,Y,313,0b4026ddddb76fd1616b88400037c87becb15640f352e32388faf250e7c67206
A112393001,남산스퀘어,오피스,운영/실물,국내,서울시 중구 퇴계로 173 (충무로3가 60-1),대한민국,대한민국,,75252.45,22763.87,,Y,314,a32e134f174b00255887b21c8b4694a646966cefb8e115d1944f84d58e6f4243
A112396001,누디트 홍대,호텔복합,운영/실물,국내,서울특별시 서교동 460-25,대한민국,대한민국,,16701.51,5052.21,2023-04-28,Y,315,ac2e2bee4c578a7aa0bad51f7b1118abb9d870c2a2f010f1a829d4f5257eec75
A112401001,San Mauro Torinese,물류센터,운영/실물,해외,"Piedmont, Torino, Italy",유럽,이탈리아,Torino,,0,2015-01-01,Y,316,aa395bc1700a52f9eaeda5004ced5a7c6919dd337afe2676cacbc239e78ecb04
A112401002,Carugate,물류센터,운영/실물,해외,"Lombardy, Milano, Italy",유럽,이탈리아,Milano,,0,2017-01-01,Y,317,98f7612f160849760c589ed7571f60723d1b3be558512e726405e32f44d8962f
A112401003,Verona,물류센터,운영/실물,해외,"Veneto, Verona, Italy",유럽,이탈리아,Verona,,0,2015-01-01,Y,318,636a814878bd39665adacb4612d97f2ed336eef7fb7a08e1047a53e0a69411cd
A112401004,Tori Di Quartesolo,물류센터,운영/실물,해외,"Veneto, Vicenza, Italy",유럽,이탈리아,Vincenza,,0,2012-01-02,Y,319,d2c6886ab1780471a76442b1889361992fd4e08b7d921f7a0dfa45674d572a52
A112401005,Campegine,물류센터,운영/실물,해외,"Emilia-Romagna (Bologna), Parma, Italy",유럽,이탈리아,Parma,,0,2020-01-01,Y,320,0da1622f6d06c70c6937c9ddce36cb9839ad718189b2b9125b8c99c93bd54af1
A112401006,Camplogalliano,물류센터,운영/실물,해외,"Emilia-Romagna (Bologna), Modena, Italy",유럽,이탈리아,Modena,,0,2018-01-01,Y,321,6643a42aa68ca91b0ebf0c50d479c585b74d3365b180ae9425a3f86df8f7809e
A112401007,Bologna Interporto,물류센터,운영/실물,해외,"Emilia-Romagna (Bologna), Bologna, Italy",유럽,이탈리아,Bologna,,0,2020-01-01,Y,322,84c7dc89344d7f82f824255cde36216bed1cf89b182a429fa826cde7ae8ee11a
A112404001,신라스테이(제주),호텔,운영/실물,국내,제주특별자치도 제주시 노연로 100,대한민국,대한민국,,,,,N,323,4b5325b713b3c87bd3f8a810aebf410be34c47c540f718cd1842560b7c6cdb96
A112408001,Nuveen Real Estate U.S. Cities Multifamily Fund,주거,운영/실물,해외,,북미,,,,,,N,324,ee82af0f50b81487b7ff0cc90ecce5ce783c32bb6f7a4753a9887f1053746845
A112409001,JP Morgan AMH HB Venture,주거,운영/실물,해외,,북미,,,,,,N,325,83fa9924587cd59e192762557e6076f2fe8082b82a165dc4afc17acc92e9fbea
A112410001,New York 30 Hudson Yards Mezzanine Loan,오피스,운영/실물,해외,"30 Hudson Yards, New York",북미,,뉴욕,259233,78417.98,2019-03-15,N,326,7b1fccf9beedf9b9201bb1a49573cf65d545d37141995a242c722657b294a81b
A112411001,글로벌 리츠,,,해외,,글로벌,,,,,,N,327,ac52b51d05227a8c2e761bc5a7cbd955d3d98ef7c189ae321f4e26e8b0b87673
A112413001,Brookfield Super-Core Infrastructure Partners,오피스복합,운영/실물,해외,,글로벌,,,,,,N,328,fcf8d9c38efd4e9a2cc2f36369f025d27bb4fac62ff9f13edcb870cc1360edad
A112414001,일산CLC,리테일,운영/실물,국내,"경기도 고양시 일산동구 장항동 889,889-1,889-2",대한민국,대한민국,,19855.78,6006.37,,Y,329,3f00e115cef3065e2379cd0a728d49b014d4679a8ee5bbb944c7958861a6b9b0
A112418001,타이거대체전문투자형사모부동산투자신탁5호(미국캘리포니아주오렌지카운티소재상업용오피스 투자),오피스,운영/실물,해외,"2 MacArthur Place, Santa Ana, CA 92707",북미,미국,Santa Ana,,,,Y,330,148f9a3ad0ebeeaf49b9559296d3efd46fd6f13ef4754e7fd63be1c077907001
A112421001,OPUS459(구. 백암빌딩),오피스복합,운영/실물,국내,서울특별시 서초구 서초동 1303-34,대한민국,대한민국,,27052.8,8183.47,2025-04-30,N,331,1349051fe425a25cae119d72d3190f84217cd65412d165f81bb3712142f52fed
A112425001,글로벌 리츠,,,해외,,글로벌,,,,,,N,332,b9094d02d89f36ee405275db43297d8a32de7de5a7147c56e22d95b17d2bde8f
A112442001,하남데이터센터,데이터센터,운영/실물,국내,"경기도 하남시 풍산동 607-2,3",대한민국,대한민국,,41919.4,12680.6,2023-11-28,Y,333,56cfe60b49bf76afc9df6c2ac29c55e05b1761f8cb5f4b37e85d0491669336e6
A112445001,맹그로브 신촌,오피스복합,운영/실물,국내,서울특별시 마포구 노고산동 56-68 외,대한민국,대한민국,,13502.2,4091.58,2023-01-06,N,334,97cedd7f4e3f4a8566df2de9d48df167093eb9e58da3fd6e7f93bbf00a228a80
A112445002,맹그로브 신설,호텔,운영/실물,국내,서울특별시 동대문구 신설동 98-24,대한민국,대한민국,,11588.9,3511.79,2021-06-30,N,335,f71f34ad711d4e43532e9b7b19523bfb295b14d1bef1b3cb3468ce9810946c8c
A112445003,맹그로브 동대문,호텔,운영/실물,국내,서울특별시 중구 광희동2가 238-1,대한민국,대한민국,,5697,1726.36,2022-08-22,N,336,f355a6703e019370777a061389826bf84971b3be15d7784a051bfc2c30704e45
A112446001,리빙플랫폼 1호,주거,운영/실물,국내,,대한민국,대한민국,,,,,N,337,c37a8b9e8790184545fb4464fcd897386d89a0f69fe2e8834e211ed225481fd6
A112449001,해운대 센텀 한진CY부지 Bridge Loan 선순위 담보대출 투자,주거,운영/실물,국내,부산광역시 해운대구 재송동 856-1,대한민국,대한민국,,,,,Y,338,21cf7633769ec46683f9bd9b26203b5ac6c4ada7acd7798ab2141fc9ea1e0b4b
A112450001,더강남832PFV의 지분증권 및 대출채권,오피스,운영/실물,국내,서울 강남구 강남대로 330,대한민국,대한민국,,,,,N,339,8cba115b2e0631a239f95c19c9622164f7934f1b8cea97bfc24069ef3e8d299e
A112451001,부천소사PFV(P00008),주거,운영/실물,국내,,대한민국,대한민국,,,,,N,340,ab7b6bad37de7fa971654afa246f664fdb2f3436af086d23dbd3a17a311277fa
A112456001,원효로3가 공공지원민간임대주택,주거,운영/실물,국내,서울특별시 용산구 원효로3가 1-159번지 외 3필지,대한민국,대한민국,,16836.2,5092.95,,Y,341,3ce842e8aaa4fec42d5f8ac53e188f84503274b7e11212b61d4578be4f17c059
A112461001,삼성월드타워아파트,주거,운영/실물,국내,서울특별시 강남구 삼성동 3-1,대한민국,대한민국,,1232.3,372.77,,Y,342,9b8c96eff4b68acf5c4f10b548931fb0e1c8cd1ee8a7c3f85a0689963f226df5
A112466001,환성2호태양광발전소,,,국내,충청남도 서산시 지곡면 환성리 777-90,대한민국,대한민국,,,,,N,343,58884b766a73b0f12ccbbc782e5f1efdb9fbdc7e834b414a132369bb321d7f26
A112466002,환성3호태양광발전소,,,국내,충청남도 서산시 지곡면 환성리 777-90,대한민국,대한민국,,,,,N,344,7f556d767ef417b41d24ce2d8b0fb9ac1fdbfb3be297fad0d51c2d239eb227a6
A112466003,예지안빛에너지,,,국내,"경상북도 의성군 비안면 장춘리 산88, 산89, 산88-2",대한민국,대한민국,,,,,N,345,9ac484eb789e37cc9d0f1a8acafca121413747ae2bb1c79af4a792f6ca2aa181
A112466004,장춘3호태양광발전소,,,국내,경상북도 의성군 장춘리 산88-2,대한민국,대한민국,,,,,N,346,52c79ab85923cdb98972eabed04c86e3794adfb6bb89537128e86599f9fc10d1
A112466005,하늘별빛에너지태양광발전소,,,국내,경상북도 의성군 장춘리 산88-2,대한민국,대한민국,,,,,N,347,dfdb0a0641994d3d7fc5013d36fc1387a762b43625ad8ab66f3d8af4a4c23de4
A112466006,해누리7호태양광발전소,,,국내,경상북도 의성군 장춘리 산88 외2필지,대한민국,대한민국,,,,,N,348,dafe3d42e3205fb1f310921225632aefbcad6c6b085741e450d229deb6407b1c
A112466007,천리에너지2호태양광발전소,,,국내,충청북도 충주시 엄정면 율능리 853 외 3필지,대한민국,대한민국,,,,,N,349,ba35c4a20c801618475f8f63ceda9db6e739e964a632f49b15180a54d6d75739
A112466008,엠아이에너지태양광발전소,,,국내,충청북도 괴산군 감물면 구월리 산31-3,대한민국,대한민국,,,,,N,350,179e0f3016808d42723f4ba40f876cb2cf70bb1b184341e6a5851aca3b28b061
A112466010,한국쏠라알피에스태양광발전소,,,국내,경상북도 영천시 북안면 효리 산82-1 외 2필지,대한민국,대한민국,,,,,N,351,ce849eeae9e8e7e28f5003d0569609c169f5588ea51697599867aa36e88d605d
A112466011,솔라팜1호,,,국내,경상북도 의성군 장춘리 산88 외2필지,대한민국,대한민국,,,,,N,352,3b2e4f87c98f0d79fdba68804b8231ace61fb69c6c9aa229dc9f2275f9bf06a2
A112466012,솔라팜2호,,,국내,경상북도 의성군 장춘리 산88 외2필지,대한민국,대한민국,,,,,N,353,6c0751597e7add0466eee092a056ad0c94e0d0d346a31421e677400dc01c30b1
A112466014,삼산태양광발전소,,,국내,경상남도 고성군 삼산면 장치리 산103-16,대한민국,대한민국,,,,,N,354,be8c3fee3bb0c0828573d89866707775e92e54b6b1e44af02e510dff2cd279d3
A112466015,맥스에너지하리태양광발전,,,국내,경상북도 의성군 하리면 하리 산72,대한민국,대한민국,,,,,N,355,b7cee3c25d7eae8621fc1efccd353e65aefae5d953e25b078b3cb758fb2c3635
A112466016,맥스에너지금성태양광발전,,,국내,경상북도 의성군 금성면 하리 산72,대한민국,대한민국,,,,,N,356,bb59d9f0677066ce5aef12e4bf3ab131504bd7911c28ad8cfaf69e3cb7ac96f7
A112466017,제이에스금계태양광발전,,,국내,경상북도 상주시 공성면 금계리 662번지,대한민국,대한민국,,,,,N,357,5d0de3b91ed4772e02a057c81405dbb5576cdaa1c47be8fedb25aeb9456124cb
A112466018,지동쏠라에너지태양광발전,,,국내,강원도 평창군 평창읍 지동리 320,대한민국,대한민국,,,,,N,358,1218ac1bf04f0bf4e084e36406fc34f42b4489c4af593a86d6a1d1d0e0604886
A112466019,성남제이씨에너지,,,국내,전라북도 남원시 대산면 신계리 산429-98,대한민국,대한민국,,,,,N,359,79c4e2333fff42fe9a84f4522c441b9154fcbc0e4ed138a1b30bb13dd212c464
A112466020,선그린에너지,,,국내,전라북도 남원시 대산면 신계리 산53-8,대한민국,대한민국,,,,,N,360,ea113c690dbacfd33d4a48154c6dd400b9297efb74ef56a3ace0c98d9befc4ca
A112466021,일순에너지,,,국내,충청남도 금산군 남일면 신정리 122-1,대한민국,대한민국,,,,,N,361,76bd8671e4e7f6d8c77c5d3ce3857e3e5aff4cdcef8fbfedad3d2aa47ecadbfa
A112466022,스카이에너지,,,국내,"강원도 정선군 북평면 남평리 271, 271-2",대한민국,대한민국,,,,,N,362,8e30bd59a7c45891facd955eaad0c6ec7ddc5fdff6113111e4c4d4e24d0de57f
A112466023,에이스쏠라,,,국내,경상북도 영주시 조와동 133,대한민국,대한민국,,,,,N,363,e0fb62f5eeed468c7087da901959c85b99550ae481192b9b9a3ed42e7236b3a5
A112466024,디앤피옥연,,,국내,경북 의성군 비안면 옥연길 677-1,대한민국,대한민국,,,,,N,364,ab11306c452b99e3541c828835b14a440f9a4cf71aadb3aa8e390e599778cd64
A112466025,디앤피영천신기,,,국내,경북 영천시 신기동 산 14외,대한민국,대한민국,,,,,N,365,9c535b5a015c0b931e2f45742f292ef4c5d5a4a9fab799e5ff22eed5aa0c3c65
A112466026,곡성,,,국내,전남 순천시 주암면 백록리 산 41-8,대한민국,대한민국,,,,,N,366,7e6a2e4e9cdcbc9d39d747d6ba29952dd57c94ef0fc635f9031668a3689ffcc5
A112466027,케이앤씨해바라기,,,국내,경북 의성군 비안면 옥연리 676-2,대한민국,대한민국,,,,,N,367,a48465f0e63a9b9241712484020988dd52a7b5caaa0e6f82296c995dbfdef759
A112466028,케이앤씨솔라리아,,,국내,경북 의성군 다인면 삼분리 산 101-14,대한민국,대한민국,,,,,N,368,d940e84564833954b3685e321f212abbdbb8effec8a7e91ce0bfed9e7095fac8
A112466029,호니파워,,,국내,"강원도 삼척시 도계읍 전두리 166,167",대한민국,대한민국,,,,,N,369,190f2f44e52d596d96b932aebd9003b6931b6ce41ec29e64d795f468214f8b79
A112466030,에스디일호,,,국내,"강원도 삼척시 도계읍 전두리 166,167, 172",대한민국,대한민국,,,,,N,370,31101ddaa2761543377f56b0dc34c80ec37e16a4fd298499dfe514fb5b1c296b
A112466031,에스플래닛삼십사호,,,국내,"강원도 삼척시 도계읍 전두리 166,167",대한민국,대한민국,,,,,N,371,1c4e43101e2d35afefa57e3bec2774470bd383a88c44e4a300899be380cb3360
A112466032,아인에너지,,,국내,강원도 삼척시 도계읍 전두리 172,대한민국,대한민국,,,,,N,372,f9107c34d351a76dcce5ef23192f3d93fc578f05357a6e9c3d16cc95b299a578
A112466033,제이피에너지,,,국내,경상북도 안동시 임동면 중평리 산 13-11,대한민국,대한민국,,,,,N,373,13b58bab11509cad799c0b78fc9984f9f7b3769da5ef0cd330507b7baa616a58
A112470001,이지스 353호 (OPUS 459/舊백암빌딩),오피스복합,운영/실물,국내,,대한민국,대한민국,,,,,N,374,4156b9bcdcafabd84b4f784a742ee74f37dd74b6fbdf27330da552af467cf399
A112471001,"이지스기회추구2-2호(353호,OPUS459/舊백암빌딩) 공동투자",오피스복합,운영/실물,국내,,대한민국,,,,,,N,375,072522047cdc7bf4040fb821fa87cf20a3116a16e2d773773b42e6a83b53713b
A112474001,효제아트PFV(주식 및 주주대여),주거,운영/실물,국내,"서울시 종로구 효제동 315-1, 6",대한민국,대한민국,,,,,Y,376,614c8f8cc90897ec12fa0c5e892a33d2ba96ee9dc17d1225351592c02f04652f
A112475001,CJ제일제당센터,오피스,운영/실물,국내,서울특별시 중구 동호로 330,대한민국,대한민국,,80385.29,24316.55,2010-11-10,N,377,364c21e2cd5c25a1296b3125ae2831e8affd236dbefbdad9c1dd770e88a0c3b7
A112478001,US Courtyard by Marriott Portfolio Rescue Capital Loan,호텔,운영/실물,해외,아래 자산별 상세 내역,북미,,,,,,N,378,0e7336f468e0c4a4b77a3f369f9b1292dc73f73b15057fe34a783601f4ebc0fe
A112482001,GLP Europe Income Partners II,오피스복합,운영/실물,해외,,유럽,,,,,,N,379,e06d76884c8c18ee32d3defcb9e113a16486b628b9d946b87fb6da745722d676
A112483001,Delaware Logistics Amazon FC,물류센터,운영/실물,해외,"801 Boxwood Rd, Wilmington, Delaware 19804",북미,미국,Delaware,356185.61,107746.15,2021-07-31,N,380,62a4079006aa935343b820016c968fb0b3fd9a4583a6c53f0ffd7192151d0844
A112486001,CBRE U.S. Credit Partners LP,오피스복합,운영/실물,해외,,북미,미국,,,,,N,381,bf531981dd5e25f890968a84317e3d197316227a8f292754acf384e865083456
A112487001,부산 메디컬빌딩,리테일복합,운영/실물,국내,,대한민국,대한민국,,,,,Y,382,5cb62efca00e4a8130c4f4e9a9104548a2d2f6f8a514cecbb30afb0b7035143c
A112490001,롯데백화점분당점,오피스복합,밸류애드,국내,경기도 성남시 분당구 수내동 14,대한민국,대한민국,,79633.93,24089.26,1996-08-22,N,383,6bd047cfb244078f93ef0607d28a45e84f6f7f5d982a43242478c7e455f7d40c
A112493001,두산타워(재간접),오피스복합,운영/실물,국내,서울특별시 중구 을지로 6가 18-12 외 1필지,대한민국,대한민국,,122586.8,37082.51,,N,384,001b3192bf1ac55567ea84b0f5c49af67f81dab94e1737ab708807ed1c309a86
A112495001,국내 리츠,,,국내,,대한민국,,,,,,N,385,01a12a60fd030d6f54d7a9421215d163a1df096768b3ecd5188ab37e9df2261a
A112495002,글로벌 리츠,,,해외,,글로벌,,,,,,N,386,bce82e9c1a6153164b4181a61d89bf150120eb8da90a5d58e0cebea543a3eeac
A112496001,Virginia Amazon Warehouse,물류센터,운영/실물,해외,"25 Strategy Drive, Fredericksburg, Stafford, VA",북미,미국,버지니아,,,2021-10-01,N,387,52714f773cab889395a6d4c88d474d2b4037c4e4436b9ad0817d17ef519c7432
A112496004,Lakeville Amazon Warehouse,물류센터,운영/실물,해외,,북미,미국,,,,,N,388,8b4ae53308963e1bf9347b1d2b41c95bfab6c33626848de9d26092dbfe25f839
A112496005,Kansas city Amazon Warehouse,물류센터,운영/실물,해외,,북미,미국,,,,,N,389,d60f2eb49daba6ae0430d41bc9a448a37edb8c819960588128d755642c1a9534
A112499001,선릉위워크타워,오피스,운영/실물,국내,서울특별시 강남구 테헤란로302(역삼동 706),대한민국,대한민국,,19645.98,5942.91,2007-12-14,N,390,c8404b2ddcc5b736c202b0810b498da32bfdaad63abf31ebd9e2ca2b2e2acef7
A112500002,평택아디다스물류센터,물류센터,특수상황,국내,경기도 평택시 도일유통길 64(도일동 1175-3),대한민국,대한민국,,50825.88,15374.83,2012-05-23,N,391,29a2473ec5d1d74618ef97a482a5f12d7b2a1e0d86d1901dbbcdc06a02092bf8
A112500003,안성 홈플러스 중부허브 물류센터,물류센터,운영/실물,국내,경기도 안성시 원곡면 칠곡리 941번지,대한민국,대한민국,,32824,9929.3,,N,392,b5e3c93063afc2913d3c9bf97d8c398ba9e39dace795c54f77e7a7bb51f911e4
A112501001,Clarion Lion Properties Fund,오피스복합,운영/실물,해외,,북미,미국,,,,,N,393,20e2896678cf3731e750a58833e39be44950148fc18dbeeb10d7ba1578369fc8
A112502001,뉴멕시코주 아마존 물류센터,물류센터,운영/실물,해외,,북미,,,,,,Y,394,e5d3239182d44e1547666714c96a6fd56a0fa4a2f00eb67e7a6d968eac7303f3
A112504001,참빛솔라 태양광발전소,,,국내,경상북도 성주군 초천면 고산리 산61,대한민국,대한민국,,,,,N,395,df5d3e8a9238445f143e1671eea4f6e560b69d1756d8c7f3eac30763a96e1b8a
A112504002,최강일 태양광발전소,,,국내,강원도 영월군 상동읍 수래리 194-1,대한민국,대한민국,,,,,N,396,a3656b2dad8993caac2bdc2e2112706d85f941ec17043a1c4fe11aeadba8d338
A112504003,신명솔라 태양광발전소,,,국내,강원도 횡성군 횡성읍 송전리 34,대한민국,대한민국,,,,,N,397,55e175cb480a6a5f6ee721755ea4715b91a1be719cda6ea9c1394ecf81427041
A112504004,성리태양광발전소,,,국내,경상남도 합천군 대병면 성리 산 117,대한민국,대한민국,,,,,N,398,39f76f0740ca790a0b2c6fead2e386250be17bfce3ba35b50e4f7c6b9c0a4dbd
A112504005,새금풍력태양광발전소,,,국내,"강원도 정선군, 삼척시 남양안길",대한민국,대한민국,,,,,N,399,953ccd406c56af96179931bc6910e2d14c3bcc91057bd99b35c2076cc0cec3b7
A112504006,엠아이파워,,,국내,경북 청도군 풍각면 월봉리 산 10번지,대한민국,대한민국,,,,,N,400,87f2f17abeb7504dd6b6aca977c876dece8ecdd527fb921ca257f6335dda107b
A112504007,해량에너지,,,국내,충청남도 보령시 천북면 장은리 산157-1,대한민국,대한민국,,,,,N,401,693b6c421e2cd3a2260c9ddefde63ee42cc5ed6eb69549151ac6efe916c811dc
A112504008,시온솔라,,,국내,경북 영천시 북안면 효리 산82-1,대한민국,대한민국,,,,,N,402,c8f348b4b6c564af338d8a957297a247ccb61bb7369c2b4b9d6c11f40c2c395e
A112504009,의령1호,,,국내,경상남도 의령군 화정면 상일리 산95,대한민국,대한민국,,,,,N,403,89f041df515042b0aa99cfa0c8e3a8b7e444a16efbd5d66b90f44ee7c12d406c
A112504010,의령2호,,,국내,경상남도 의령군 화정면 상일리 산95,대한민국,대한민국,,,,,N,404,64ec03c82fc7a61b5e423e6a928ad9199b642d7cd991faa563dd08e95cc3b59f
A112504011,의령3호,,,국내,경상남도 의령군 화정면 상일리 산95,대한민국,대한민국,,,,,N,405,931d38ed5923b1e5b598a1a48b6826b749eed0f82483c7214ad12572802180e9
A112504012,나눔과사랑,,,국내,충청남도 부여군 임천면 점리 산9-1(45-3),대한민국,대한민국,,,,,N,406,142ff64dec96b0b107d9a2e23ec62516dc497c7349c1189e5b39b1f9f611b2a9
A112504013,건화솔라,,,국내,경남 의령군 대의면 천곡리 산50,대한민국,대한민국,,,,,N,407,b63b2a265542f9ccc74a36d3db4b01011191db8a2ad4bdb01b05f8c83e26245b
A112504014,투태모에너지3호,,,국내,경상북도 군위군 소보면 도산리 산 89-5,대한민국,대한민국,,,,,N,408,bb899ad2eff10036c830da6ec4bbba8793341b8118923281d536c4ec1655d77b
A112504015,비취정보기술,,,국내,양양군 현남면 정자리,대한민국,대한민국,,,,,N,409,a80aa3f435d45347746a7348499cea66802f3854e6bfb0da809678f3d30ae0f8
A112504016,은하수솔라,,,국내,전라북도 남원시 보절면 사촌리 산18-3,대한민국,대한민국,,,,,N,410,ffe9a6a17dfd92208806dacf6f23d2e8c938afd648f27bcc0f5dcb0e7c5de086
A112504017,화성솔라,,,국내,전북 남원시 보절면사촌리 산18-4,대한민국,대한민국,,,,,N,411,be7bf4ffc9713a1721933516145436b1283a4e491f0d1c427e45dbfb771809c3
A112504018,임원,,,국내,강원도 삼척시 원덕읍 임원리 산255,대한민국,대한민국,,,,,N,412,5494b25ec9859b0f219bbb2f3bfe8ee5f033f1517afd798a591dbba452d9656c
A112504019,누리,,,국내,강원도 삼척시 원덕읍 임원리 산255,대한민국,대한민국,,,,,N,413,3cfb45b851fd494ba99399b20d393ab33169d8e42ca06b2ef6108328da7a5cd2
A112504020,평화와번영,,,국내,강원도 평창군 평창읍 고길리 86-1,대한민국,대한민국,,,,,N,414,eb91e8709a44a58a0c6ffd8dc060c62b93a163dc897cf2963b8ee5b623a7ec70
A112504021,옥스포드,,,국내,전라남도 고흥군 도화면 봉룡리 산221-1,대한민국,대한민국,,,,,N,415,f1566de630bf09761f9d5c919e6c8e1d89bb3479d174018c22198efd01102c29
A112504022,미래화희망,,,국내,전라남도 고흥군 도화면 봉룡리 산221-1,대한민국,대한민국,,,,,N,416,4d9d27e501b9a10d74c083dc11da5f0804b6be45bb38aad445aaff3ceb1e1640
A112504023,해바라기,,,국내,전라남도 고흥군 도화면 봉룡리 산221-1,대한민국,대한민국,,,,,N,417,9c0362034b12ef9465cbac8d3e5f1f35c6497436b510d029f5092cffa903746c
A112504024,디앤피입암리1호,,,국내,"경상북도 의성군 옥산면 입암리 28, 29번지",대한민국,대한민국,,,,,N,418,cc2da40cd51b88a0a235b5307e9ca039c8ab0e59af8271ff524e4183339e4ec5
A112504025,한려,,,국내,"경남 남해군 창선면 서대리 산112, 112-1, 112-2",대한민국,대한민국,,,,,N,419,e64de3853c8a74380cd9d8893aa9445375182aea9164f5ee2918fa157090125d
A112504026,해담은삼척1호,,,국내,"강원도 삼척시 하장면 장전리 138, 139",대한민국,대한민국,,,,,N,420,86a0868859e8b2b9b38d2a37b72a1c1a247b1d68f03d163c5694ec1b7a9df810
A112505001,아레나스안성,물류센터,운영/실물,국내,안성시 양성면 산정리 산11-4번지 외 17필지,대한민국,대한민국,,124553.92,,,N,421,f90a116c2326d03a8037ea39a09302b178f34a702a1b357c6ec53e39aa19b853
A112510001,디어스 명동,호텔,운영/실물,국내,"서울 중구 남학동 13-2,14-2",대한민국,대한민국,,5464,1653,,Y,422,170ffa8db08bdd5be9a1ea47ab16a05d7251925fe9dd643e839cf69addb01d0a
A112514001,"신동해빌딩, NICE2사옥",주거,개발,국내,"서울특별시 영등포구 여의도동 15-3, 15-28",대한민국,대한민국,,19927.65,6028.11,,N,423,91c77128e150cb58395ed811d1212a732a2454b1c83f49afd62e3de51b68e954
A112517001,티맥스수내타워,오피스,운영/실물,국내,경기도 성남시 분당구 수내동 6-4,대한민국,대한민국,,16578.68,5015.05,2011-03-31,N,424,3412d8a50f00442479ad0d47c4af9be2fda86746e555ace2a1e3c054b3769751
A112519001,오산세교 주거시설,주거,개발,국내,경기도 오산시 오산세교2지구 M1BL,대한민국,대한민국,,209732,63444,2027-09-30,N,425,5db621d96645842a39abae4d37bb919b49f7d00a24e9c121a194c8fdd468705f
A112521001,Brookfield Super-Core Infrastructure Partners,,운영/실물,해외,,글로벌,,,,,,N,426,7b5a36dfc3a87f0a7c8ac21985ec718d0c7ae517c8e9fc339013f033943e9d2e
A112522001,안성 당목리 물류 개발사업,물류센터,개발,국내,경기도 안성시 죽산면 당목리 995-46번지 일원,대한민국,대한민국,,141203.3,42714,2024-06-28,Y,427,cccb5b98f29291baf50c67b70592461fbc8ed47171b1ce3c7a3188fdd0d78d72
A112523001,LA Wilshire Grand Center Senior Loan,오피스복합,운영/실물,해외,"900 Wilshire Boulevard, Los Angeles, California",북미,미국,Los Angeles,187026.55,56575.53,2017-06-23,Y,428,9402835de2f723654edc6c8d6e669bbae4ac98d25056757e6bae38c314944884
A112524001,두산빌딩,오피스,운영/실물,국내,서울시 강남구 언주로 726(논현동),대한민국,대한민국,,31877.83,9643.04,,N,429,05b0c5359603a751dfebb0cc3ec9de111826d182f13f94989e9878a801c65a9e
A112527001,동산물류센터,물류센터,운영/실물,국내,경기도 이천시 호법면 매곡리 977-5외 6필지,대한민국,대한민국,,55338.91,16740.02,,N,430,882d22895e5590a47d49a9448e191258c8ee520b423da4486bb3450eadc07d1d
A112527002,부국물류센터,물류센터,운영/실물,국내,경기도 이천시 대월면 도리리 3-2 외 1필지,대한민국,대한민국,,18706.18,5658.62,,N,431,8a557593d8b3afe049ab25db21c981303396fe7178d53eaa7a779f012ce06782
A112527003,에이블로지스물류센터,물류센터,운영/실물,국내,경기도 용인시 처인구 백암면 백봉리 767-13외 1필지,대한민국,대한민국,,29980.02,9068.96,,N,432,94712e74323e39829e04d5483ee5b781215faea2a703ff8a56d832cdd913f3a0
A112528001,청라 오피스텔,주거,개발,국내,"인천광역시 서구 청라동 6-7, 6-8번지",대한민국,대한민국,,135268.08,40918.59,2027-08-31,N,433,8233c5f9b9194c30010733f265b44b5dfb5d1ba289df1f5975285f7b0a94550b
A112529001,동대문구 용두동 오피스텔 PF대출채권,주거,운영/실물,국내,서울특별시 동대문구 용두동 144-31번지 일원,대한민국,대한민국,,,,,Y,434,abc61e0af3f9cafc96f51d8835c05f2383fd57d5182164ba2fb9ce7086de1bd4
A112532001,이지스312호 수익증권,오피스복합,개발,국내,이지스312호,대한민국,대한민국,,91597.1,27708.12,2026-11-30,N,435,810886c5eb05a14aa21f9f2dc741853c79ad4e5bafc39565c46289cb1002932a
A112535001,판교아이스퀘어D동,오피스복합,운영/실물,국내,경기도 성남시 수정구 창업로 17,대한민국,대한민국,,20759,6279,,N,436,73e79fc6d0d2b778fb3384a1efa90369d400b02767c54f3d0101384c7f3ff698
A112536001,판교아이스퀘어E동,오피스복합,운영/실물,국내,경기도 성남시 창업로 17,대한민국,대한민국,,21356,6460,2021-04-12,N,437,07af5b61cdfb469dd7c85ac9fb1d7b147fd29ae2b3460bf9b3c4cbe26deb5791
A112539001,Hawaii Sky Ala Moana Senior B-note Loan,,,해외,"1388, 1400 & Kapiolani Boulevard, Honolulu, Hawaii, United States",북미,미국,하와이,96893,29310.13,2023-10-01,Y,438,cfbdb8c449bc721fbb1338d0716ff1d7d5e3545a27a43c7a0ac64e0112392122
A112540001,Washington D.C. Office Midtown Center,,,해외,"1100 15th Street, NW Washington, D.C.",북미,,워싱턴 D.C.,80717,24416.89,2018-09-30,N,439,903a7823a0d6d22a4420fba54214c797dcb61d18bad19cd64abf4a03941d27b3
A112542001,이지스제200호일반사모부동산투자유한회사 2종 수익증권,주거,운영/실물,국내,,대한민국,,,,,,N,440,55f0b620ffadae877f21489afc0ba313556f92b475ba7c9ee054204a8cf1a942
A112543001,글로벌 리츠,,,해외,,글로벌,,,,,,N,441,2e43d9c6602e56d10ca10312479346b6ce9ed692eb9e8dea0a1b207c368688aa
A112546001,서울로타워,오피스,개발,국내,서울특별시 중구 퇴계로18,대한민국,대한민국,,27897.5,8438.99,1985-08-01,N,442,cc6b3d85b6a640ce53272350b0b82972f167f2a62b77eb9b06508a019fb534ce
A112547001,완장리 물류센터,물류센터,특수상황,국내,경기도 용인시 처인구 남사읍 완장리 산100번지 일원,대한민국,대한민국,,116130,35129.33,,N,443,d452197ad63db503722be21301d5b4f28c0ff275bad57d48585b7bc879a5c9c5
A112551001,티마크호텔명동,오피스,운영/실물,국내,서울 중구 충무로3가 43,대한민국,대한민국,,16651,5036.93,2023-08-31,Y,444,8fc209d35e9ac3e8919bacb8ecf708c6a0090f6fcde35faa13104d2586c99865
A112556001,네오밸류한남PFV의 제2종 종류주식,오피스복합,운영/실물,국내,서울시 용산구 한남동 736-9 외 2필지,대한민국,대한민국,,7319.6,2214.18,,Y,445,89184ac8c97c3493553ac86c30e334bab1481a0f86b98e3823f915710a26377e
A112556002,네오밸류한남PFV의 전환사채,오피스복합,운영/실물,국내,서울시 용산구 한남동 736-9 외 2필지,대한민국,대한민국,,7319.6,2214.18,,Y,446,7d3922c70c3aac67833fae429f92b74185f8649a0d0dd0cdacd8f1d47e98db72
A112556003,네오밸류한남PFV의 제3종 종류주식,오피스복합,운영/실물,국내,서울시 용산구 한남동 736-9 외 2필지,대한민국,대한민국,,7319.6,2214.18,,Y,447,11cb90113c4a795163e6b6f0c6105a05a7d321aab3f407cfa092b10487fb8389
A112558001,KKR Real Estate Partners Europe II,,,해외,,유럽,,,,,,N,448,742014c13ecf230f0ceb0116fc164f27c01044e29c3ba7e9f7df94c3dcf9dce9
A112559001,판교아이스퀘어C1블럭상업및숙박시설,오피스복합,운영/실물,국내,경기도 성남시 수정구 창업로 18,대한민국,대한민국,,60021,18155,,N,449,77994d2c1d808a23a825e2489027cfe3f487d85bbe9c8d572a1cccdc76cd3e19
A112560001,Manhattan Meatpacking Plaza Senior + Mezz Loan,,,해외,44-54 Ninth Avenue,북미,미국,뉴욕,7145,2161.36,,Y,450,9913ff1f303176f1e53e6c67258b82271c01c7b7994bbae6d691ca289c3ad898
A112561001,역삼AP타워,오피스,개발,국내,서울시 강남구 테헤란로 218,대한민국,대한민국,,14457.58,4373.42,1994-12-01,Y,451,4cca7f0f5d5d32e9cb306a5d5716885819915189e17d6a109afd7c962c269e61
A112564001,글로벌 리츠,,,해외,,글로벌,,,,,,Y,452,14c10cfd2f7b4e15b93b91c956192b43c81b3fa026de66c1aa0ffa1e3ed26893
A112568001,Nuveen Global Real Estate Debt Partners Fund III (UK),,,해외,,유럽,영국,런던,,,,N,453,ac5e87b30013733c6a4e24028ee7f6c45182a12983416722f40513a6173562cf
A112569001,이지스354호 수익증권,데이터센터,운영/실물,국내,"경기도 하남시 풍산동 607-2,3",대한민국,대한민국,,41919,12702.73,2023-11-30,N,454,326a82921252643c6b020fe7934712a64c896b1c59576948f25e683d985647f8
A112573001,이천 마장면 물류센터,물류센터,운영/실물,국내,경기도 이천시 마장면 회억리 104,대한민국,대한민국,,44730,13531,,N,455,5e14d5411a6b9adee2dc9fcea1340ab56bb1d7eabc49f61c80bfa568ac3e1adf
A112576001,"Macquarie Infrasturcture Partners V, L.P",,,해외,,북미,,,,,,N,456,cbbc41a0d845585ba07ff821b719efc30f9524537638b291e9d7a3fafc894684
A112577001,"Ardian Americas Infrastructure Fund V S.C.S., SICAV-RAIF",,,해외,,북미,,,,,,N,457,f63a7b3812fb5388186232f93a50a9d680b9e269fcdbbcc0a9c810e87441f416
A112578001,Goldman Sachs West Street Infrastructure Partner IV,,,해외,,북미,,,,,,N,458,112d0e9582b86ae835b084b7fc779c2a098b36bea6158f0ad770a930722777cd
A112579001,마곡 명소화부지 개발사업,오피스복합,부실,국내,"서울 강서구 마곡동 지원시설용지 DSP1, DSP2",대한민국,대한민국,,,,2026-07-31,N,459,c6189d599694c5bb988b754deae854abc0f7d2fc6809149d6230cfcd03d5617c
A112582001,"Albany, Cleveland, Omaha BTS Logistics",물류센터,운영/실물,해외,,북미,,미국 내 3개 도시,,,2023-02-03,N,460,983fb14cc4559cdd9f87ad0269efc21c8759d535d9bf28259e4273a15ea15688
A112584001,다산1,,,국내,해남군 해남읍 복평리 995-7,대한민국,대한민국,,,,,N,461,05b089839dbaa328e798ec62daf74160e06a3bb74cb2364e702768af1c49603c
A112584002,동서발전,,,국내,경상북도 예천군 은풍면 부초리 산44,대한민국,대한민국,,,,,N,462,6dd6d8041cb6f5f39bcd6fb42710b8fade470304c5430170d5423260da170aa7
A112584003,진이엔지,,,국내,충청북도 진천군 문백면 평산리 산 54,대한민국,대한민국,,,,,N,463,0cc5f4c28dc5dbb92d974988577cfcfc21a316c14e28ba86ad9dc842ecc2e945
A112584004,현대산업쏠라5호,,,국내,"경북 의성군 옥산면 입암리 7,9,10",대한민국,대한민국,,,,,N,464,4876c2df81404fe7116de38f6362bf517bc1969bd627a39c956745b980d3f5c6
A112584005,케이앤스틸테크놀로지,,,국내,"경상북도 상주시 내서면 노류리 산141-1, 572-1, 모서면 대포리 산20-5",대한민국,대한민국,,,,,N,465,f21234d42fd1bc9df2d3980142d963af0e816f3b06f1c3f8ea937161515314df
A112584006,리에너지,,,국내,경북 상주시 사벌국면 용담리 산42-1,대한민국,대한민국,,,,,N,466,257271c3a6f27212bdabe7b25f9fa560b5b97b28d948b6ef65b08b644f25955e
A112584007,지우태양광,,,국내,"경상남도 산청군 산청읍 내수리 산49-1, 산51-4",대한민국,대한민국,,,,,N,467,14afd87537b875c2ad8047042ad886861d0f6eecc2beaf851e011bec23a611e1
A112584008,에스지,,,국내,경기도 연천군 중면 합수리 122,대한민국,대한민국,,,,,N,468,15a7b914f144372d9656f7178aa75ca8b5f6cb79c34b98cc0b5a90f069d604b4
A112584009,케이앤씨벨에포크,,,국내,"전라남도 진도군 지산면 와우리 137-3, 140-1",대한민국,대한민국,,,,,N,469,840d892a90f2963a928a95eb31d0a743bce5f729d8281974f728637ad5fd71cc
A112584010,케이에이치테크단북1호,,,국내,"경상북도 예천군 풍양면 홍천리 356, 357, 390",대한민국,대한민국,,,,,N,470,92699ffb49bf1e2226a306ac4e689231c7c595d5b473c5ea480725851eb42b3f
A112584011,미션,,,국내,경상북도 영주시 조와동 346 일원,대한민국,대한민국,,,,,N,471,4bd73fcdfd3f79ebabf065953560bc8ba7b319282ab6bcd155a2050f8fcf722b
A112584012,윈즈에너지,,,국내,경상북도 영주시 조와동 346 일원,대한민국,대한민국,,,,,N,472,752da109dfa5a47fc13ef670786ed9978632257f63c8ce2a18951ec8c158098c
A112584013,이큐에너지,,,국내,경상북도 영주시 조와동 346 일원,대한민국,대한민국,,,,,N,473,e467a4f50454f4cf6922633956a1a331b3376428b090c1baf0dc341aa9528871
A112584014,소망,,,국내,"충청남도 서천군 서면 원두리 산79-1, 80",대한민국,대한민국,,,,,N,474,402b88c93654f789012e4356cfb150b88997ceed69ec324880f86d094003241a
A112584015,청수,,,국내,"충청남도 서천군 서면 원두리 산79-1, 80",대한민국,대한민국,,,,,N,475,d1519d4ca38c1671cce00355bd83e4f56c370035ee743e093635411c78ab52c0
A112584016,봉산햇빛,,,국내,강원도 철원군 갈말읍 동막리 산166,대한민국,대한민국,,,,,N,476,cb2bc132b32376f2504ad1aabd9924e8aac0bdfd7077307e9732b985e5f03f30
A112584017,행암에너지일호,,,국내,충청남도 천안시 동남구 동면 행암리 401-8 외,대한민국,대한민국,,,,,N,477,c046c2998bdcb169e9f5825e27c1ccfada528d89460cd9220ae4d9ac55681dbc
A112584018,도원에너지,,,국내,경상남도 하동군 양보면 감당리 산85-1,대한민국,대한민국,,,,,N,478,e201341b58c5d23ab5bbeb4da013ed58a4d6beede4536752e2133f9c45fae0cb
A112584019,솔빛에너지,,,국내,"경상남도 함안군 군북면 장지리 659, 유현리 1365 일원",대한민국,대한민국,,,,,N,479,a85c2d48b0f4325c702b0829c596da4382765d54774b5ce1a47bdfbb6ce12128
A112584020,에스와이솔라,,,국내,부산광역시 강서구 낙동북로 236,대한민국,대한민국,,,,,N,480,234be248ca2f399ab1ec34f63b3ffd2ee3f60ff044f3c40bf231de346fefc92b
A112584021,에이치엠솔라1,,,국내,"강원도 원주시 문막읍 반계리 2255-2, 2255-3",대한민국,대한민국,,,,,N,481,c0d18eb965b36f987a535e2b7b7d32936b8e46915274154367c6440001dd9198
A112584022,이에스에이치12,,,국내,전남 광양시 광양읍 세풍리 2224,대한민국,대한민국,,,,,N,482,c134f8feb02ee6e587970308fca264b70b2b5751044b8c00efd1a7288e4fe91f
A112584023,지티씨솔라13호,,,국내,"강원도 화천군 사내면 용담리 602, 603, 604, 605",대한민국,대한민국,,,,,N,483,59572b34e3b9984eea5b614a620316bcf4c371178bc37971209778880586c41e
A112584024,강구16호,,,국내,경북 안동시 길안면 현하리 1115-19,대한민국,대한민국,,,,,N,484,0ff35bd27cfe3ff28360a7d6530d97f2fd2e3f3661ceefadaf78080db2719b83
A112584025,외삼1호,,,국내,경상북도 봉화군 봉성면 외삼리 793 외,대한민국,대한민국,,,,,N,485,c325d661f818103a1016e28739676dc3d6a9d6d771c8107ba81c92d0d25fa619
A112584026,외삼2호,,,국내,경상북도 봉화군 봉성면 외삼리 792 외,대한민국,대한민국,,,,,N,486,43c72088e1ce7c0036976fe8af5b3b213df3a87190d425143991901dd1fe2d64
A112584027,솔라트리1호,,,국내,충청북도 제천시 봉양읍 공전리 359-1 외,대한민국,대한민국,,,,,N,487,623ac596e55394206209796d48b7f68145306b4e594ea8b33be1e0a9ae91e92a
A112584028,김송하,,,국내,강원도 영월군 상동읍 구래리 194-9번지 외 3필지,대한민국,대한민국,,,,,N,488,70127c5f68e1c161efc73721c993cf49006ae1fe9cee7c083663ff6360bf5dcd
A112584029,에스이피브,,,국내,"경기 연천군 중면 합수리 661, 662, 663",대한민국,대한민국,,,,,N,489,035167dffbca9d26eff46a2918643d7aa48b25043e9c72dfcc62c203f23b524e
A112584030,케이앤씨헤르메스,,,국내,"전라북도 남원시 대강면 송대리 3-7, 3-9, 3-13, 3-19, 보절면 괴양리 45-17, 4-19",대한민국,대한민국,,,,,N,490,88ba47c082aa3a78105f05c06f67ac255a5c321c8326a17bbdbc50f6a060d39e
A112584031,모두에너지,,,국내,"경주시 강동면 왕신리 산 141-1, 2-1, 2-2, 141-3",대한민국,대한민국,,,,,N,491,2d951c5b168b757f9a4c7bed92586a32735eb765df478a1bd3ed342e52499c85
A112584032,솔라팩토리10호,,,국내,"포천시 자작동 595, 596, 709-77 외 7개사 지붕",대한민국,,,,,,N,492,60cecd3b7a41bba6328985298956311723eadd855eab652dd912895833af5a4f
A112584033,씨에스에너텍,,,국내,"경산시 진량읍 다문로 188-9, 경산시 진량읍 공단6로 42, 42-1",대한민국,대한민국,,,,,N,493,2b1871f026c3c7f578ea682a5db25ccaeeca95bdbf03a4e3f0180956031906cb
A112584034,알이씨에너지,,,국내,"경기도 가평군 설악면 천안리 21-2, 21, 19-1, 19-10, 19-11",대한민국,대한민국,,,,,N,494,a3763d751121619285496ba5452b366d4d7e7446f07939a119b646c35f108252
A112584035,알이엔네트웍스,,,국내,경기도 가평군 설악면 천안리 14-1 외,대한민국,대한민국,,,,,N,495,8d8ebe8ffe0a9bbbff0c384a73172705367dba47f533da3c755764c008871efa
A112584036,어량리,,,국내,"전라북도 익산시 밍상면 어량리 1743-14, 906-47, 906-46, 1743-13",대한민국,대한민국,,,,,N,496,ba9f4a78da1e9e940c9c6939dc70f5ecb32e0aaca73ef11f98c4aba8493da9d2
A112584037,비케이솔라,,,국내,충북 진천군 문백면 계산리 359-1,대한민국,대한민국,,,,,N,497,bcf7f2299e71c7c77e65daffd0f0671dc7d99243bcb8c2ff27a64b22724516b7
A112584038,와이알에너지,,,국내,충북 진천군 문백면 계산리 359-1,대한민국,대한민국,,,,,N,498,d9ff6f992dbf974b1700329991cacfc3c4247707653b7475ce37a781431b42f6
A112584039,유현그린,,,국내,충북 진천군 문백면 계산리 359-1,대한민국,대한민국,,,,,N,499,4fe0796b2357cad373bcd6667981e61bc7a2797da59d431e9b100b5b1ed41011
A112584040,케이앤씨그린북,,,국내,"충남 논산시 은진면 용산리 296, 299-5",대한민국,대한민국,,,,,N,500,3ecf2c3ae7461fddd12173d74559d8ed2c9ca4231905d9ea19be14f04a027da0
A112584041,디앤피상주,,,국내,"경북 상주시 화동면 어산리 524-1, 524-9",대한민국,대한민국,,,,,N,501,2666b0815ac8ab3926e130ef56b86dedbde497745e5ee4d5214fdc77ba8c1f9d
A112584042,적화솔라,,,국내,충남 부여군 장암면 지토리 산26번지,대한민국,대한민국,,,,,N,502,dc6e1de6d4036d05bae0aed252efb02e0af95e31b01bac603e1e04fb082926e2
A112584043,솔라시너지햇빛1호,,,국내,충청남도 보령시 천북면 신죽리 645-11,대한민국,대한민국,,,,,N,503,ca019102ea7d8ed71dfaf8f569d3327b3320359639b49a29dd37eb9c460cb516
A112584044,이인메가태양광,,,국내,"충남 공주시 이인면 오룡리 산 2-32, 264, 265, 406-2, 219-2, 262-1, 262-2, 406-3",대한민국,대한민국,,,,,N,504,1c43b9bc370da6501ecd76b49bd0110101aedca7ad665954cde6b15af755b7da
A112584045,솔라팩토리22호,,,국내,경북 김천시 어모면 남신리 213번지,대한민국,대한민국,,,,,N,505,bda3f6a502896b4def4f9c4fc84cc3f038caaaaa1651badd12eefe1ca9269fa5
A112584046,솔라팩토리19호,,,국내,"충북 충주시 대소원면 완오리 1165, 1166, 1167(건물 위), 충주시 대소원면 완오리 1155(건물위), 충주시 대소원면 영평리 840 (건물 위)",대한민국,대한민국,,,,,N,506,ae19bec0728564730dff1824049f1341aa82e0347c8bf24e439fe1777d72ddce
A112585001,NY Brooklyn MF SpringCreek Tower,주거복합,운영/실물,해외,,북미,,뉴욕,,,,N,507,f48a51436a10359a55e605f39b69c5aa67105616d0643f55f64e97b567e6b41c
A112586001,후너스빌딩,오피스,운영/실물,국내,경기도 성남시 분당구 수내동 22-2,대한민국,대한민국,,9914.61,2999.16,2002-10-28,N,508,cdae64d694e34f968e2a8daa13d7cf64d9e57c1f050b5e5de31c6e169672ed1c
A112587001,국내 리츠,,,혼합,,대한민국,,,,,,N,509,2a6b8c1c03a272cd0b49297d46c67e4371413054a8f4390a38fa4bf7c18ea599
A112588001,Toronto The One Senior Loan (Standby Facility),오피스복합,운영/실물,해외,"One Bloor St. West, Toronto, Ontario",북미,캐나다,Toronto,65837.41,19915.82,2027-11-30,N,510,fc14bc119a4b2fd858418f42b2a40cc5895d275761b2f6f2d0114926a3485987
A112589001,원그로브(마곡CP4 복합개발사업),오피스복합,운영/실물,국내,"서울시 강서구 마곡동 769,769-1",대한민국,,,463204.1,140119.24,2024-09-24,N,511,bfc01c075c008803c900cb044a7f84ce9f18ec8e55337079957aea7e6dc22115
A112592001,롯데마트대덕점,리테일,운영/실물,국내,대전광역시 유성구 관평동 887,대한민국,대한민국,,171315,518223,,Y,512,dd04718327c34a065dd14c82bd5d64e2e896b0cd4c965c880f46842f06320ba5
A112593001,영보빌딩1,오피스,운영/실물,국내,"서울시 강남구 삼성동 168-1, 168-2",대한민국,대한민국,,4269.6,1291.55,,Y,513,4c29df047aed5e29038a0cc11b326c28df6c8a8f37e1943bb1b634aaa561d2a2
A112593002,영보빌딩2,오피스,운영/실물,국내,서울시 강남구 삼성동 168-20,대한민국,대한민국,,1996.1,603.82,,Y,514,5191013d60781cd8593d91c980deaf02e00f0f10d1fc92a97804f0fc447fe37e
A112596001,"국내 리츠, 글로벌 리츠",,,혼합,,글로벌,,,,,,N,515,61f85aa6c3fdba05d3e238b24c655e08b7cfb20fe36dc787275af970a395e707
A112598001,East Alexandria Multifamily The Foundry,,,해외,"2470 Madeville Ln, Alexandria, VA 22314",북미,,알렉산드리아,,,,N,516,d00cf13e692fc64628eee4e378296a34ac5288ea3d8abc453dceb7d0341ed09b
A112600001,Atlanta Data Center PwC,,,해외,"2480 Rock House Road, Lithia Springs, GA, USA",북미,,조지아,,,2009-01-01,N,517,6125f3d193d99bb737a658fc0b5547cb752a3330a6bea6f390cb7b2ada4ccde6
A112602001,아이에이제십삼차유동화전문 유한회사,특별자산,특수상황,국내,,대한민국,,,,,,N,518,400ac6d6a3335607f1ad7736271ab1b48f28c831d80a20ab16439e922e335fe0
A112602002,아이에이제십사차유동화전문 유한회사,특별자산,특수상황,국내,,대한민국,,,,,,N,519,2c40c533b4ffdcd69f0c48edd886be6d2b51d2c339ab0a818f3dfdfb9b0d642d
A112602003,주식회사 아이에이에이치에프합정,특별자산,특수상황,국내,,대한민국,,,,,,N,520,b06a2e1b64ae1baf14f8e8256ac59907275c8120ad0bee5c94b10744d5a242a2
A112602004,아이에이와이디유동화전문 유한회사,특별자산,특수상황,국내,,대한민국,,,,,,N,521,5c4352bb9513307d2622e888b5882b13af39837010b312768177801c08473845
A112606001,여주 본두리 물류센터,물류센터,운영/실물,국내,경기도 여주시 가남읍 본두리 18-3,대한민국,대한민국,,65307,19755,2024-01-31,N,522,d411f4eddbeb9e63b8adfce375f9aa7190a2f339d6f971ee49433118a2344c52
A112607001,Brookfield Super-Core Infrastructure Partners,,,해외,,글로벌,,,,,,N,523,ced4a506b2df1104db86c36bd0f108f0228bd98ce6093286d323dca2498ba3b8
A112608001,고양삼송데이터센터,데이터센터,개발,국내,경기도 고양시 덕양구 오금동 690,대한민국,대한민국,,78290.1,23682.76,2026-06-04,N,524,2e9a51ce47d380fd73da9fa02fc5ca1967c1c488b1ec80175713b5f38793c60a
A112611001,효제동 오피스텔 사업부지,주거,부실,국내,서울특별시 종로구 효제동 24-3 외 26필지,대한민국,대한민국,,3247.5,982.36,2025-10-31,N,525,cbacf75d76bdf854694213859aeef3d62ed446b3a26f4f5853afb7b8a8ecbd87
A112611002,구리 수택동 오피스텔 사업부지,주거,부실,국내,경기도 구리시 수택동 370 외 4필지,대한민국,대한민국,,2553.4,772.4,2027-01-31,N,526,0e7562a926b26d9b1847c845fde036cbfacfbb2be7b81e16bb144b8176d4e7b3
A112611003,울산KTX역 오피스텔 사업부지,주거,부실,국내,울산광역시 울주군 삼남읍 교동리 1682-1번지,대한민국,대한민국,,5957.4,19693.9,2025-09-30,N,527,95abee2b7b91584dd16f045d5fa961011db57ae89cf8c75ed8e3d7457b917589
A112614001,와이디427피에프브이 주식회사,오피스복합,개발,국내,,대한민국,대한민국,,,,,N,528,823947609dc84e05ebca8b386cacc7dc97db3038526258fd304583d110234d6f
A112616001,서초동 오피스텔 개발 사업,주거,운영/실물,국내,"서울시 서초구 서초동 1454-1, 2",대한민국,대한민국,,1676.9,507,2023-11-30,Y,529,d36673295b269a5b12d4a1b16e8c86c4adf673a6a8238b44aedbb5994945985d
A112617001,Unico Core Plus Partners,,,해외,,북미,미국,,,,,N,530,3d28d95d1a91fea7ea59b166678aec99c312aa0998d6b133d86182ba6452a84b
A112618001,Enlink project patton,,,해외,,북미,미국,,,,,Y,531,bf7eeaad69dda46a943e330ca297fc2b0b1fadd5bf8ccb1fef6dc3e8437fb599
A112619001,Goldman Sachs West Street Infrastructure Partner IV,,,해외,,북미,,,,,,N,532,96e11cb62c256af461f4a4f01e96baddae20a1e7659b5e530852dc362a6a0911
A112621001,Hines US Property Partners,오피스복합,운영/실물,해외,,북미,미국,,,,,N,533,2fc8d910e98812a783a79b40e9075af9c30962cf14bdac7793114ea7799a0e87
A112626001,글로벌 리츠,,,해외,,글로벌,,,,,,N,534,fe406f055b45ea651e5c513cf340957326af9e398e58e08743dfbf93fded9081
A112629001,국내 리츠,,,국내,,대한민국,,,,,,N,535,0e95e635b77ae935d733105fbb30efd53aacd5dbf00b93467aa10b413615a6ff
A112640001,인천가좌동데이터센터,데이터센터,개발,국내,인천광역시 서구 가좌동 585-49,대한민국,대한민국,,66115.7,20000,,Y,536,a62e2ec1e95c2a7c8e9c669dc872e9948e76a90f95a7b4c063c1e6b1c397a407
A112641001,세운5구역PFV(주) 지분,오피스복합,개발,국내,,대한민국,대한민국,,,,,N,537,f94bd2a1ce43229952c4c8265cb778fda5c082863da1860aa9b4204f44f3a1cc
A112642001,화성 석포리 물류센터,물류센터,운영/실물,국내,경기도 화성시 장안면 석포리 147-12,대한민국,대한민국,,79103,23928.6,2023-10-31,N,538,379336430860049b0816305662fe851fe108d2f3c004ce475414d50f26b2073b
A112645001,ARES Special Opportunities Fund,,,해외,,북미,,,,,,N,539,0290c5194867f3e395a600324af0004c62866e25bef45dc2198028fe8e37acec
A112646001,군산수상태양광 PF대출,,,국내,전라북도 군산시 비응도동 19,대한민국,대한민국,,,,,N,540,9475bf8558363229df34a7132ff41e8aa0df5095f3632d5c04e67b74066da2b4
A112647001,신재생에너지 발전사업 PF대출,,,국내,,대한민국,대한민국,,,,,Y,541,2839317fe893f64e5108535df66cf461be7051fe1d8b2ea714a9613b50f22a2b
A112648001,Brookfield UK Gas Distribution Sidecar (SGN),,,해외,,유럽,영국,,,,,N,542,22d01a9c66f909fca38845ae42c813a8b5c606a901cb988302b0ae870ebb3384
A112649001,B스퀘어,오피스,운영/실물,국내,부산광역시 부산진구 중앙대로 639,대한민국,대한민국,,14581.82,4411,1988-11-12,N,543,49e05f8f14e40749746ea62951ae4a4af5f23d92fc9c904ccb7f72d2e3b67d67
A112653001,디에스PFV 2종 종류주 및 주주대여,주거복합,부실,국내,,대한민국,대한민국,,,,,N,544,26593cb1b66bcbbd4b9d3b16ededc4ebefed577429bf54111f699c83df122d32
A112656001,을지로부림빌딩,오피스,개발,국내,서울특별시 중구 을지로1가 71-9번지,대한민국,,,30076.28,9098.07,2028-12-01,N,545,51a631ecb1c4f82004c6ca13690cd11d53c7dc56b04c74e332ce76dd8c63ff1b
A112657001,Chicago Student Housing Illini Tower,,,해외,"409E Chalmers St, Champaign, IL",북미,,일리노이,,,1967-01-01,N,546,75d511d948769f08a6bed5a157369fd44c9fbd9d6f7645a05ce9437bb6cb4209
A112658001,Clarion Gables Multifamily Fund,오피스복합,운영/실물,해외,,북미,미국,,,,,N,547,4719632a2cc6cecde7259f9413ee8379a6fa4c9d84c9434ab0f8ab98d8795333
A112662001,TPG Real Estate Partners IV,오피스복합,운영/실물,해외,,북미,,,,,,N,548,a29b66ae1715794e32f5ce975c7644f234dcbff47e8d6db459b6f5827ae0e4df
A112663001,DWS Four Columns Junior Capital Fund Ⅵ,오피스복합,운영/실물,해외,,북미,,,,,,N,549,3a1690fefff7636a1729c33900c985394bde6251e5eaea90b0670071088c62c7
A112664001,글로벌 리츠,,,해외,,글로벌,,,,,,N,550,ae6d422dfbd6775e9c419193866158d5ac26619851caeec57dc0618980c6a657
A112665001,Erfurt Amazon Robotics Fulfillment Center Senior Mezzanine Loan,,,해외,"Joseph-Meyer-Straße 5, 99195 Erfurt, Germany",유럽,,에르푸르트,,,2024-04-05,N,551,5ae7c41d48b3b9a4e2e63e3d7b3e4ff4a30414147ec88e72cdd63f550273cf06
A112666001,웨스트게이트타워 선순위 담보대출,오피스,운영/실물,국내,서울특별시 서대문구 충정로70,대한민국,대한민국,,30133.23,9115.3,2010-12-30,N,552,277afbf99e1452e2bd227faa64ace1dbd6911021f2ef007a5e653040c7ed017c
A112666002,당산 지식산업센터 개발사업 PF대출,,,국내,서울특별시 영등포구 당산동5가 9-9번지 일원,대한민국,대한민국,,83917.14,25384.93,2026-02-28,N,553,b759db17ef776f8aa8036e16afdc48aa6bce68ea3950ad26bfff2d46810e048a
A112666003,여의도 유수홀딩스부지 오피스텔 개발사업 PF대출,,,국내,서울특별시 영등포구 여의도동 25-11,대한민국,대한민국,,85398.29,25832.98,2026-11-27,N,554,703e3106f86ba60dca570fdeef6916856e73257ed7c74139d77318d9945f0d7f
A112666004,카이트타워 선순위 담보대출,오피스,운영/실물,국내,서울특별시 강남구 테헤란로 306,대한민국,대한민국,,34460.7,10424.37,1999-11-30,N,555,e158797a23ed2d18c405ee41a7be0054313de9eecdfe3926f17b94b7e6dac72e
A112666005,성수동 오피스 개발사업 선순위 브릿지론,,,국내,서울특별시 성동구 성수동2가 279,대한민국,대한민국,,36218.68,10956.15,2026-09-30,N,556,ef88f449224c048be4eee64b1c23c613ba6abb238b87c11e882d37164af52f1c
A112667001,HSBC Senior UK Direct Lending Fund 2020 RAIF SICAV-S.A.,,,해외,,유럽,,,,,,N,557,4e6ab514c36ba228494e55412c01efb829fd09a0b55015c80166336544ad5964
A112668001,HSBC Senior UK Direct Lending Fund 2020 RAIF SICAV-S.A.,,,해외,,유럽,,,,,,N,558,98344de54d72164560fe7da29eb4215a68c64904929b902f3f8f85e0eaedc4f7
A112669001,김포DC 개발사업,데이터센터,개발,국내,경기도 김포시 장기동 2008-6,대한민국,대한민국,,47734.89,14439.8,2026-12-31,N,559,d7f7e1e9078aafe1dbbe2217419994cd0d0267fbc488f240ba9039bb1dda8e9f
A112672001,이지스제472호일반사모부동산투자회사의 지분증권 (재간접),데이터센터,개발,국내,,대한민국,대한민국,,,,,N,560,539d3542dfa4ec2564979123bbb18b0ef32c738ac977d9d84d0101fa95f0a351
A112679001,이지스 468-2호 수익증권,오피스복합,밸류애드,국내,,대한민국,대한민국,,,,,N,561,4fb7e6a9f819c2cd67134e6e362eb5218dd0660f70872ece749487c92adcebba
A112680001,펨코제17호기업구조조정부동산투자회사의 주식,오피스복합,밸류애드,국내,서울특별시 구로구 경인로 662(신도림동 692),대한민국,대한민국,,116587,35329.39,2011-08-20,N,562,77460543546d214e80a70698072bf54ded82ea3f8bffe93c6b82de152808eca8
A112682001,이지스일반사모부동산투자신탁제468-2호(2종)의 수익증권,오피스복합,밸류애드,국내,,대한민국,,,,,,N,563,d7cf84941c140cbe8c34d1c55f821d7bdc3a25e7bcac0fecafbdc30ee0f0a296
A112687001,㈜동방 보유 유엔씨티㈜ 대출채권 매입,,,국내,울산광역시 남구 신항로716번길 1(황성동),대한민국,대한민국,,,,,N,564,40c23e981b33c92995cc31436861ccb70c00331fa52f3a66e1bfc4b2ec5b8c36
A112690001,서울시티타워,오피스,운영/실물,국내,서울특별시 중구 후암로 110(남대문로5가),대한민국,대한민국,,60011.05,18153.34,2002-01-03,N,565,02bc8ec44d557b02db02ea06cd756b34e2ba50a998ac9aab66c0beac8f022f92
A112693001,이지스제463호부동산일반사모투자회사 주식,리테일,밸류애드,국내,,대한민국,대한민국,,,,,Y,566,aed2fb0133be3e18a3882028cc5cac9b465c8386ef8adc804bd3d6085657eaa2
A112694001,이지스제463호부동산일반사모투자회사,오피스,밸류애드,국내,후암로110,대한민국,대한민국,,60011.05,18153.34,2002-01-03,N,567,894a56e0660f719e17d85cb4b7ad570d0ec44c985cace9af345895b5c29ea1bc
A112699001,페어필드 메리어트 서울,호텔,운영/실물,국내,서울 영등포구 경인로 870,대한민국,대한민국,,,,2017-12-29,Y,568,0525c4d4aa9687a56ddc907402c5ce8d11b3cb449090a0816f17f11673fded00
A112700001,여의도 신한금융투자타워,오피스,운영/실물,국내,여의대로70,대한민국,대한민국,,69974.41,21167.26,,N,569,e04cf415bd5854d5ba9fa59b116b02870fe071f2407784342fc7be7d6283686c
A112703001,안성홈플러스물류센터,물류센터,운영/실물,국내,경기도 안성시 원곡면 칠곡리 941번지,대한민국,대한민국,,32824,9929.3,2012-10-05,N,570,aa81e7d102afc9a027ad56d62852dd7974d85b563e310e3cc759c92279163f6d
A112704001,인천 가좌동 소재 개발자산 선매입,데이터센터,개발,국내,,대한민국,,,,,,N,571,53c2c85aec79e9714f1fc44b104b6678cc52151f14dac3c8c869c35fdc4b0c88
A112708001,캐나다 물류중개업체 인수 관련 국내 SPC 대출채권,,,국내,"테헤란로87길 36, 1903호",대한민국,대한민국,,,,,Y,572,d0626ebfe549fc89eb43087a3a64c97ca28988ce6b3cf64d5617cc8f9d4f1d1b
A112709001,비상장 상환전환우선주,,,국내,,대한민국,,,,,,Y,573,7b1980a2f3c68968181b19a91bc914de85d595c8d2a95327f24df89baa1a2c9e
A112709002,전환사채,,,국내,,대한민국,,,,,,Y,574,d3047855ff4317108ef8b4595a9c41c382eb24eabc3de2c927e7f7c6c28194e5
A112709003,공모주,,,국내,,대한민국,,,,,,Y,575,0f9067f704235f4ae482d4e76c510a1e7cd7d7459ad515b5bb348603bb628fd1
A112710001,"AA- 이상 채권, 국내 상장 리츠, 공모주, 스팩",,,국내,,대한민국,,,,,,Y,576,33e233bf7c93bfe71b8395affb752e5daf2101ec81a44480bf01ff0e83e50541
A112718001,LA Wilshire Grand Center Senior Loan,,,해외,"900 Wilshire Boulevard, Los Angeles, California",북미,미국,Los Angeles,,,2017-06-23,Y,577,85ff843c6966c1fdc1eb43f6a9f92b17560c925c04a08615472bc6c6cd5e1daf
A112719001,공동주택,주거,개발,국내,부산시 해운대 중동 256-5번지 일원,대한민국,대한민국,,16486,4987,2027-09-30,N,578,67428751bff9fad6db9ed8a30310bc11fe4060a24a59b43daf9d92b6c0f71ce8
A112720001,부천카스퀘어담보대출,특별자산,특수상황,국내,"경기도 부천시 오정구 삼정동 366-1, 366-10 토지 및 건물 전체 *366-1번지 일부",대한민국,대한민국,,,,,Y,579,5192131968ada592ccc62739166a7f19b435277d96a85ceb25d3a69ab42a8af1
A112721001,인천석남물류센터,물류센터,운영/실물,국내,인천시 서구 석남동 224-8번지 일원,대한민국,대한민국,,299308.3,90541,2023-08-14,N,580,b42620be5e4752d4d886b3d3ae623c4f7fc542835b3f892257cf63f885092a36
A112722001,"국내 상장 리츠, 상장 인프라펀드, 채권형 펀드",,,국내,,대한민국,,,,,,Y,581,7253dff67445b1e886d379d11a8c0c26aa3eeeaa13afbc9fc7deb0b0eeb6079f
A112739001,Apollo European Principal Finance Fund IV,,,해외,,북미,,,,,,N,582,354035d10ad4e990f0ccd43c9f797bf9b94365e5c3ffb5656950636cb0c88c3f
A112740001,"AA- 이상 채권, 국내 상장 리츠, 공모주, 스팩",,,국내,,대한민국,,,,,,Y,583,9ed4a345947766e4a681010fcc5fde93993533ba6337e7b7144e04b0cfb9879c
A112744001,"공모주, 스팩",,,국내,,대한민국,,,,,,N,584,e598e1aefb89014b482f6a815610401da04a41527cf06f495a75ab2b754791be
A112748001,안산 초지동 데이터센터,데이터센터,개발,국내,경기도 안산시 초지동 624-3,대한민국,대한민국,,,,,N,585,91648249be308642d383c294c48f24b7d94d11e7fda3ac3830b3fbf208e98f9e
A112751001,인천석남물류센터,물류센터,운영/실물,국내,인천시 서구 석남동 224-8번지 일원,대한민국,대한민국,,299308.3,90541,2023-08-14,N,586,f975d9bfcde94ca9e30168fb535d22ffe8a9b7062c606a2f967fac0aacebed58
A112755001,두동 LG전자 통합물류센터,물류센터,운영/실물,국내,경상남도 창원시 진해구 두동 1875,대한민국,대한민국,,54566.21,16506.28,2019-11-25,N,587,21d7f8cd3ab3cb73316102ac7d43840eea4dcefa9c94f238604d9ac2e1ddd7c9
A112756001,"해외 주식, 채권, ETF",,,혼합,,대한민국,,,,,,N,588,96b1a202570cc1e1af008a9c68c3ccb4690d868a070b7787e16b90b635df66bb
A112763001,"AA- 이상 채권, 메자닌, 리츠IPO, 국내 상장 리츠, 공모주, 스팩",,,국내,,대한민국,,,,,,Y,589,066110123698fadaf2ca2137e9e2c77b7303c336adc3deb1d1d0435f9a0beffb
A112774001,수익/지분증권,,,국내,,대한민국,대한민국,,,,,N,590,9fc649928ea551d187ad09f6d877e79a14904be6bfda654e3720dbc2e5764120
A112778001,대전 둔산파이낸스빌딩,오피스,운영/실물,국내,대전광역시 서구 둔산동 1413,대한민국,대한민국,,,,,N,591,1929134fc9eff75159c281b3c889da3140d81f28712caa0150b6142ee3cc2945
A112781001,채권,,,국내,,대한민국,,,,,,Y,592,0e3738ed36fbbf52a0dcfb8f2cb28763ae910bdf6956dee8c4a590ff9cf8bf60
A112782001,"메자닌, 공모주, 스팩, 이벤트 드리븐",,,국내,,대한민국,,,,,,Y,593,e2c04170fd0918713fe8120af014ebd8f8aacb0be7f1518b5c332ea87adc56e7
A112785001,종로구 시니어주택 리모델링,주거,운영/실물,국내,서울시 종로구 평창동 153-3,대한민국,대한민국,,16102,4871,2006-09-26,N,594,df9f5c89efd5941ba89aaeee33763793b10eed180636f8c32d6c1ef7c2cc79bf
A112790001,"Partners Group Tactical Real Estate Fund, L.P.",,,해외,,글로벌,,,,,,N,595,5761a5932306ac621e3fe4d6c4caa3beea4682eb03ab57a7851d2919c35b111a
A112795001,"StepStone Secondary Opportunities Fund V Offshore, L.P.",,,해외,,글로벌,,,,,,N,596,87b804eb81d99886eac22aab8e20324e0e931a8e7113dc279f1b5c538ef773a2
A112798001,성내동 개발부지 담보대출(브릿지론),,,국내,,대한민국,대한민국,,,,,Y,597,2738a7a8bcf42960237ac9e4bc7e609ab2e37c574bc9d803a5f509ab94a50d58
A112802001,이지스일반사모부동산투자신탁제439호,데이터센터,개발,국내,경기도 고양시 덕양구 오금동 690번지,대한민국,대한민국,,,,,N,598,db9a8bc18ac9a60ebb6be9f35cb74e947ad6eb10d6e0faa3123797b7c87afb71
A112803001,ARDIAN Infrastructure Fund VI,,,해외,,유럽,,,,,,N,599,f9fd1c0e3b3ee5bb4ed610befd8ba39b6a6d935ba60b8627114170514d1d46ca
A120008001,용산더프라임,오피스,운영/실물,국내,,대한민국,대한민국,,,,,N,600,192937f4d0a2016878eb911e2d54358fe162428116182920366e1341fc693ecb
A120017001,에스엔에스랩,기업주식,운영/실물,국내,,대한민국,대한민국,,,,,N,601,9ee55370ba619a766e210fbbc4d8c17550e7668cae37e584aead9c35f54f435b
A120018001,신영문봉PFV의 대출채권 및 지분증권,데이터센터,개발,국내,경기도 고양시 일산동구 문봉동 16-21 외,대한민국,대한민국,,48404,14667.88,,Y,602,efd62bc063a57a5698aa801561f304b10a10739042e8973704aaff86f458b7c6
A120022001,랜드플랫폼 1-1호,오피스복합,개발,국내,,대한민국,대한민국,,,,,N,603,c4daa297f6f8c8219c6cf8e1f67717061ae82a54fe7a0b639d210c9d56b69973
A120022002,랜드플랫폼 1-2호,데이터센터,개발,국내,,대한민국,대한민국,,,,,N,604,56a95c0d7e448a9c454b1867caa68f29c675997060a35438de052431df56bd12
A120023001,애월 복합관광단지 개발,오피스복합,개발,국내,제주시 애월읍 상가리 17-6 번지 일원,대한민국,대한민국,,330800,100067,2026-07-01,Y,605,adc56cfe72ac7336f7355fd8c917e3edfb9a214c1251662261aee4a06dcb1745
A120037001,성수동2가 268-2 업무시설 개발사업 브릿지대출,오피스,개발,국내,,대한민국,,,,,,Y,606,a0d9b4c32bb6694a05e58b78bd30e59616fc860c2402d104e0a54c34e458db85
A120038001,성수 빅트라이앵글B/L(이지스성수PF재구조화 2종 수익증권),오피스,개발,국내,서울특별시 성동구 성수동 268-2번지 외 2필지,대한민국,대한민국,,21422.17,6480.2,2027-06-30,Y,607,6f4a634f4a0efe10093feb6e1b62516d08d413a16a151454e96c875b07494771
A120039001,"부실 및 부실우려 PF사업장 대출채권, 대출, 지분 등에 투자하는 모집합투자기구(모자형 블라인드 펀드)",금융상품,특수상황,국내,,대한민국,대한민국,,,,,N,608,a8bc259f8a739acfc33b7fd531a95a96d54cd851ae1e0fc5af16f692fcf0ff90
A120044001,이지스제542호부동산일반사모투자회사(제1종),주거,개발,국내,,대한민국,,,24522.03,7417.91,,N,609,8c6d7d54d448e2a7cb6252d915c2c7fdbc67e9c797158b96ec38ebb06c2ab52d
A120045001,한림그린에너지 주식 및 대여금,,,,,,,,,,,,610,b17039ecac181fba676990d83bb8201011ec0a7d4652beca9cce307faa91cca4
A120045002,코어그린에너지 주식 및 대여금,,,,,,,,,,,,611,46da6b9821da5f0bd76debecc67c3c580606d1ef16e389b3ccb702d2a28b35ba
A120045003,이지스유에이치 주식 및 대여금,,,,,,,,,,,,612,ccb5277ecacc73fbfeaf432a3b204705da90d2a725c86eeeb529e3450f2f0886
A120045004,유에이치파워 대여금,,,,,,,,,,,,613,ce833473244f9ae3cdf0b9471a8b6226a0de1f0f3746e3124ba1b4c0c8689233
A120045005,와이에이치파워1 주식,,,,,,,,,,,,614,af58767acbb137740a11532cd4182f522f3d46acb3dde58b1a6887e32ad1fbb0
A120045006,와이에이치파워2 주식,,,,,,,,,,,,615,72b770ebe42852e2e232522e824ebc947f0ab867827e7e5ddd2a25d0d6adeecc
A120045007,와이에이치파워3 주식,,,,,,,,,,,,616,e69dba0dd21c71a4681b35802bcdd0115f4758443b04e66b9c3b1004420c1ff7
A120045008,와이에이치파워4 주식,,,,,,,,,,,,617,67668bf46e921f9c31afc71390e47efe07b8a998e7da2d108781fbb5316d8bb6
A120046001,이지스 코어에너지인프라 1호 수익증권,,,,,,,,,,,,618,deb1e45dcb162d259df7c8af29717c490b14130d5afadf5e73f05b629c220424
A120047001,이지스 코어에너지인프라 1호 수익증권,,,,,,,,,,,,619,041e515404b4ea0872271f976d216fdb300a3c9da0652ca390fffa7eb11741f5
A120049001,수서 역세권B1-3BL B/L(이지스수서PF재구조화 2종 수익증권),주거,개발,국내,서울특별시 강남구 자곡동 198 (수서역세권 공공주택지구 B1-3BL),대한민국,,,41249.71,12478.04,,Y,620,6b5822aa1633f51743e232879930b0bece2381083d9e20ce077c683290f2553f
A120050001,수서역세권 공공주택지구 B1-3BL 개발사업 브릿지대출,주거,개발,국내,,대한민국,,,,,,Y,621,e323f694fa04a6f2f4cc7685c70a4e5d1826b86a88f085748593f2f96864ca18
A120053001,하이파킹 대여금,,,,,,,,,,,,622,9b3bece206bf57a6564f327fed32d6ec33df66a6d09b01be011a313723dc83a0
A120056001,"금융기관 등이 보유하는 담보부 부실 대출재권, 기타 부실징후자산 및 기업관련 대출 채권 등(블라인드)",,,국내,,대한민국,대한민국,,,,,N,623,cc898e5980e2751f2fcb148455a31f1be4489aa111d04ce33c5904d7e74da279
A120056002,아이에이제십오차유동화전문 유한회사,특별자산,특수상황,국내,,대한민국,,,,,,N,624,1cb9dd41bb161b85835a347b41680849596cca63d90bc9dffb86e3c480657cd6
A120056003,아이에이제십육차유동화전문 유한회사,특별자산,특수상황,국내,,대한민국,,,,,,N,625,cc4e2b5c2249325c134ed10481bddfc461de062b9812e963b418e58ef96175cc
A120057001,세원이앤씨(주)의 담보부 신주인수권부 사채,,,국내,,대한민국,대한민국,서울,,,,Y,626,7c2c9ac18678d4db2d12524434848fe490487db6f7dca8090b17274e68d8b2c7
A120059001,서울 서초구 반포동 64-1번지 일원 개발사업장 브릿지대출,주거,특수상황,국내,서울 서초구 반포동 64-1번지 일원,대한민국,대한민국,서울,,0,,Y,627,457d0e5495f45712bec4312a30d7a6ef0f11652a4d5428ba9e71db409e192d90
A120062001,위례Senior Living 개발사업,주거,개발,국내,서울시 송파구 거여동 573-1 일원,대한민국,대한민국,서울시,,0,,N,628,724eebf09829e965133d880cbdd736d443b606010c72804bf9d796cfa0e3104e
A120070001,이지스10호(2종)의 수익증권,오피스,운영/실물,국내,,대한민국,,,,,,N,629,b45ceb18ef717be457b43ec53e4cda354b3d558fdd9a25d56a303630c656588e
A120074001,용산라이프PFV(보통주),오피스,개발,국내,서울용산구 청파로125 (한강로2가15-2) 일원,대한민국,대한민국,서울,,0,1969-01-01,N,630,5d466fbf70752afc4c1ae543d1ec63f6f20c5eb64bba1f137f1e7bfd0a1b7a50
A120076001,이지스경산물류제1호일반사모부동산투자회사의 1종 종류주식,물류센터,운영/실물,국내,,대한민국,대한민국,,,,,N,631,db157fd71e30e6d445565383922e8bb75b34e1e3587e55b29facc3900a86101b
A120081001,이지스경산로지스1호(보통주),물류센터,운영/실물,국내,,대한민국,대한민국,,,,,N,632,0ef1d921e3f8e5d1930507c6a42560239abf0dd4615465d70ac3176bea632cb2
A120084001,이지스제572호부동산일반사모투자회사(1종),데이터센터,운영/실물,국내,,대한민국,대한민국,,,,,N,633,0c75cd7380df9bf3baf6854087ebcadd92b0d737b37ecc7e39bbc63964e3770b
A120085001,경산 쿠팡물류센터,물류센터,운영/실물,국내,경상북도 경산시 진량읍 문천리 903번지 (경산4일반산업단지내지원시설부지),대한민국,대한민국,경상북도 경산시,98673.64,29848.78,2024-08-23,N,634,4f4a9e032525444698518d70de03a2cf25aaa0ab3aa4cd0ca39fd1cc8c238508
A120091001,"재생에너지 플랫폼회사(""HoldCo"")에 대한 지분 및 주주대여금",,,국내,N/A,대한민국,대한민국,N/A,,,,N,635,01fb30a522b89321211373e4b1cceefd2419931f004c0056e4ded1c6da250536
A120099001,용산라이프PFV 대여금,오피스,개발,국내,서울특별시용산구청파로125 (한강로2가15-2),대한민국,,,,0,,N,636,2b5c6ce09395e8e051b9251d9dbd6fe6ba9d2763d68fd3493ec7eb36b0a5ae3e
A120101001,용산전자상가 특별계획구역8 B/L (이지스용산PF재구조화1호 2종 수익증권),,,국내,서울특별시 용산구 한강로2가 15-2,대한민국,,,147071,44489,,N,637,1e64dfb4dc3e379a6e1985c22a07b472f5fb2d69cabe99408ad751a15bfd7b95
A120102001,이지스용산PF재구조화일반사모1호(2종),오피스복합,개발,국내,,대한민국,,,,,,N,638,fc63b98e97d875ddfcde6bcbe9d1b19c88b04cb0d0d3e1144b84eaec154fb106
A120106001,이지스 130호(모) 제1-1종 수익증권,,,국내,서울특별시 중구 청계천로 100,대한민국,,,99997.1,30249.1,,Y,639,cc691c495472f20f6b7709429563c08bc87ed0905614d0b59a072e5e987112f1
A120107001,이지스 130호(모) 제2-1종 수익증권,,,국내,서울특별시 중구 청계천로 100,대한민국,,,99997.1,302549.1,,Y,640,f5b0a6c97b8e6a97b3d4f1fc95aeecc4dba3dd9f383f5fe970cdce28cc3e7471
A120119001,안성산하3지구물류센터개발사업,,,국내,경기도 안성시 원곡면 산하리500번지 외 168필지,대한민국,대한민국,경기도,341906.07,103426.59,,N,641,fae9f6ba6a3ea15620b9ae04fb54c6187573cc79dd6a87a920cef7c0da4e407b
A190001001,은평 시니어리빙 복합시설 개발,오피스복합,개발,국내,서울특별시 은평구 진관동 160 번지 일원,대한민국,대한민국,,,0,,N,642,dcf692377d3e64bfdd742f9d5d99832c713f6dcc0297d165c3445ccc149cc51b
A190002001,분당야탑물류센터,물류센터,개발,국내,,대한민국,대한민국,,,,,N,643,4ddad65439a90fc504a070f02c3f27c87bb33eff80015dbb9c4638083ffa51b9
A190005001,가산 임대형기숙사개발사업,주거,개발,국내,서울시 금천구 가산동 319-18,대한민국,대한민국,,24522.03,7430.92,,N,644,0648cd180b328ccb988b11b68e5baab4573c4763edf9b7fdf40d68e28e789011
A190008001,이태원동 133-17 외 2필지,리테일,개발,국내,서울특별시 용산구,대한민국,대한민국,서울,,0,,N,645,5e2c260c4b3068bebfe62e2638bd53bb88d56231398889c7b0af956819ef7e72
A190009001,The-K호텔서울 부지 재개발사업,오피스복합,개발,국내,서울시 서초구 양재동 202외 3 필지,대한민국,대한민국,서울,98820.8,29893.29,,N,646,7d0d2210c73785f7d8a6806fe1e97691fa345dfa7f1ef18e888d2111bcb415f0
A190010001,이지스일반사모426호(1종),물류센터,운영/실물,국내,,대한민국,대한민국,,,,,N,647,825996f1561f0e4bec8300a72fe045d365d3bab6436af78bb571e400e0ac76b8
A190013001,포천정교리물류센터,물류센터,개발,국내,경기도 포천시 가산면 정교리 272-1번지 외 12필지,대한민국,대한민국,경기도 포천시,53927.27,16313,2027-05-01,N,648,ec1c3961390e6a0bd8a4eaa3f80ce77d31d4a38ad4be79199c0723fd1b61c375
A190014001,명지녹산데이터센터개발사업,데이터센터,개발,국내,부산광역시 강서구 송정동 1711-4번지 외 4필지,대한민국,대한민국,부산,42055.22,12721.7,2029-11-30,N,649,e6b7959adb228d5086efb12a303bd90541c85daf24a7f2df3ab7415ebe60ea8c
A190017001,하남시풍산동9MW 데이터센터,데이터센터,개발,국내,경기도하남시풍산동590-4번지,대한민국,대한민국,경기도,,0,,N,650,7bc2c1d84e778b3f7d838369e3107422f0d2346f4190a24f2207ed57013e9010
A200001001,Hines European Property Partners,,,해외,,유럽,,,,,,N,651,f3e41d0517c1e16d508a43d89d294c2683ea66584503ca250cbdd2e4d0210422
A200002001,Hines European Property Partners,,,해외,,유럽,,,,,,N,652,4885311da7100c438f907e996e9e0bba4abf2df679f83eb8b708463d9fad2a5c
A200004001,Pantheon PGSF VII,오피스복합,운영/실물,해외,,글로벌,,,,,,N,653,f0e5e048096ac26f8e49ff75d3b8764c30a52c4fae2e718259e1ef635ad3aa3f
A200006001,Pantheon Viking Co-Invest LP,오피스복합,운영/실물,해외,,글로벌,,,,,,N,654,d57c133fdfa768d8b895f3df69521e52aa7ab4381698dc88e953b288dfeb2672
A200006002,NMP V,오피스복합,운영/실물,해외,,글로벌,,,,,,N,655,be9f98b18aeab0475d8bf7707588a0fb66c2f9f9e0a3f2fe7e839d570b430404
A200006003,PGSF VII,오피스복합,운영/실물,해외,,글로벌,,,,,,N,656,666e0d57881402ae1f9dd0cc1d7bddab6922f00254ec298bdd7a44aa99ff0777
A200006004,PSD III,오피스복합,운영/실물,해외,,글로벌,,,,,,N,657,51e1936812438ccc24c835f78c07f2a44148bfeb8a536014ea422345f06dadb4
A200007001,"Pantheon Viking Co-Invest LP, NMP V",,,해외,,글로벌,,,,,,N,658,736e8d6641a16785db45d6e665c411601367bd79513a33d4c99d06af8959bfdd
A200008001,Toronto The One Super-senior Loan (Receivership Funding),오피스복합,운영/실물,해외,"One Bloor St. West, Toronto, Ontario",북미,캐나다,Toronto,65837.41,19915.82,2027-11-30,N,659,5791a3ac45c01470c3c22f33b52254ff4bb8507d7ac23ee760b644a144b4093f
A200009001,Bridge Debt Strategies V Green Bridge LP,오피스복합,운영/실물,해외,,북미,,,,,,N,660,9a1a8b675f4424c99d91f7b79f8b1b50aab316efe98eaddd3e4a1801be4080f0
A200010001,Blackstone Real Estate Debt Strategies V,오피스복합,운영/실물,해외,,북미,,복수 도시,,,,N,661,162d3eab97b3054aa0d1c5637e95dfc15ad574dba8e9e2047780d510b54a6078
A200011001,Starwood European Real Estate Debt Finance II (SEREDF II,오피스복합,운영/실물,해외,,유럽,,복수 도시,,,,N,662,ec3c8200e1939d2acf621cb3a85519851b5e85ce0b9c7c401e748f5a50c11e02
A200012001,"StepStone Secondary Opportunities Fund V Offshore, L.P.",,,해외,,글로벌,,,,,,N,663,b992cf2a5d60c521c9760e0e8157fa313defdc11acc448a2486d70603b783ae7
A200013001,"StepStone Secondary Opportunities Fund V Offshore, L.P.",,,해외,,글로벌,,,,,,N,664,412edaac165188f4c2acdda960290a5303f7156a6b67720b661cde3f2d4c7cfc
A200013002,"StepStone Secondary Opportunities Fund V Offshore Holdings, L.P. 가 발행하는 지분증권",,,해외,,글로벌,,,,,,N,665,5ebd6a6b7dd3764520495be5a1ead8abf54caf8c7177255c41282559b86389d7
A200014001,TIKEHAU Capital이운용하는TIKEHAU Direct Lending 6L의수익증권,오피스복합,운영/실물,해외,,유럽,,,,,,N,666,a56092b110cfc4e4db0478db41c3f1b2e854abe70c087b93b19690f801231478
A200016001,"ARDIAN Infrastructure Fund VI S.C.S., SICAV-RAIF",,,해외,,유럽,,,,,,,667,4b6a0d194f03b35ebeb40959914216622225185a8c906ffa77e769e4aea195f6
A200017001,London Canon Bridge House Senior Loan,주거,운영/실물,해외,,유럽,영국,런던,,,,N,668,2b406ec8ce653c892e65ade1e0e8316fa0039c6ca12a7c58133a439a897ae4cf
A200018001,"Golub Capital Partners International 11, L.P.",,,해외,,북미,,,,,,N,669,ae7cc3c485c6fd755d04893924cbf1b3c623186e8877c399268d8fb5a55f319a
A200019001,"CollerCredit Secondaries - Opportunities Fund II-B, L.P.",,,해외,,글로벌,,,,,,N,670,0d69a774e33f73709b120b790a556097a712da11750e25a481c443b1b9c5202e
A200019002,"AbryAdvanced Securities Fund III CV-A, L.P.",,,해외,,글로벌,,,,,,N,671,e39492c0095c1bea37323392c07a0a8eaff1376dc508f62a19ad49fe7d90d282
A200020001,SB Holding AB 그룹의 MidCo에 대한 중순위 대출,,,해외,,북미,,,,,,N,672,0d46a6ce0c1302de435b758cce4d1864906de0cc709ed91da7ce272018a67619
A200021001,Abry Advanced Securities Fund III CV-A,,,해외,,유럽,,,,,,N,673,d8f93d5b19276ddf5818b42827145c6f8b871bef9fc0cbc4f718a1bc2558cd5b
A200022001,Brookfield Super-Core Infrastructure Partners Partnership L.P.,,,해외,,글로벌,,,,,,N,674,51e7024151700002db13c82e3b597de9ed7d811f94967c18484826439cb1ee79
A200023001,London Office One Poultry,오피스,운영/실물,해외,London EC2R 8EJ,유럽,영국,런던,16948.67,5126.97,1998-04-01,N,675,a4a44e3d5e82f69774c6c4ad492234424a7163e41a7a7311d7b0727e251383c7
A200024001,"ARDIAN Infrastructure Fund VI S.C.S., SICAV-RAIF",,,해외,,유럽,,,,,,N,676,e42f9f56f25e3ec58c9fe5246569f67a8f9953ec494fc0e33f072a7e61b01f2d
A200025001,AEW Partners Real Estate Fund X,오피스복합,운영/실물,해외,,북미,미국,,,,,N,677,1c49d9b5acfc35c4ea7c80cca16ad36e1fbbaa83d2c745cbdfcec3e7d126a0bd
A200026001,Brookfield Strategic Real Estate Partners V,,,해외,,글로벌,,,,,,N,678,a90a4c220e98a0444d24177b4297c1e232181e2ac84dfdad4144bb203b963263
A200027001,EQT Infrastructure VI (No.1) EUR SCSp,오피스복합,운영/실물,해외,,글로벌,,,,,,N,679,4be12103b21c5c6b1137e17f5c6cac386b71aa6345bb483f96a768445e78fea1
A200028001,미국 뉴욕 맨하탄 소재 오피스 자산 “285 Madison Avenue”의 선순위 담보대출,오피스,운영/실물,해외,"285 Madison Avenue, New York, NY 10017",북미,미국,뉴욕,,,,N,680,6a53943925c86ae57b26419af3e5b56b97af5f17f95e3870b54855a9a4969ed1
A200029001,PMBK가 운용하는 APAC Sustainable Infrastructure Fund LP의 수익증권,,,해외,,아시아,,,,,,N,681,b74e329f59a02594cc83b3c92df10d06a04c5b76a37f1da02e3cfe26d578bf54
A200030001,판교 테크원타워,오피스,,국내,경기도 성남시 분당구 백현동 534,대한민국,대한민국,판교,197236.69,59664.1,2021-10-27,N,682,3cae63c860fec489def29dd777a9c561b7eea71f36660382bcab2328be8fd641
A200030002,시그니처타워,,,,서울특별시 중구 청계천로 100,,,,99821.7,30249,2011-06-30,,683,e4ed91d4ac0c55fc4fd493d0bd98a2b30a3f204ca987c667b6d91b6244200b62
A200030003,여의도 파이낸스타워,,,,서울특별시 영등포구 국제금융로 2길 32,,,,43593,13210,1994-02-28,,684,5a086e9dfb8accf79a515c15c16d8c4809ea2bfac04254469c322119a7ce24e6
A200030004,삼성동 빌딩,,,,서울특별시 강남구 삼성로 512,,,,30620.7,9279.35,2010-03-31,,685,73b74647134722a070f0d0ccf6f0cfad89b43e0ebfccd8264e7fba9883942349
A200031001,Coller Capital이 운용하는 크레딧 세컨더리 관련 SMA의 집합투자증권,,,해외,,글로벌,,,,,,N,686,b07eedabdd6ae2924786cd2ab54a678c67594fd37da0f406ae1a933a8c93bdfb
A200033001,Partners Group Private Loan SICAV-SIF,,,해외,,글로벌,,,,,,N,687,ff7458e06f487b6061969774b20e4c64d8efe310b25c7c9dbfcd08785ccca779
A200034001,"MRP Buyer, LLC에 대한 선순위 대출",,,해외,,글로벌,,,,,,N,688,1a7d511b0988d8cb191ab0b76ba62ef981fe2808725b9b9a4e60c1bbe1ba0a55
A200035001,Nuveen C-PACE Lending Fund III,오피스복합,운영/실물,해외,,글로벌,,,,,,N,689,dbddafc17af23e7252ecff33ef016afe20a6d3ef33e08b1a3fac38673b52fc1f
A200036001,"미국 Delaware 소재 ROCKWOOD LSF III, LP (역외펀드)의 수익증권",,,해외,,북미,,,,,,N,690,838848ef885f8bd267613769e56efdb80497504cb901917d91969ad5d157a8cd
A200037001,"Helix Buyer, LLC에 대한 선순위 대출",,,해외,,북미,,,,,,N,691,5cdc3f46e43f6c971380cc6166320c38ba3cce38be587496a0245045acea274e
A200038001,Pan-European Infrastructure Fund IV SCSp,,,해외,,유럽,,,,,,N,692,a8a7b40a99ec1bf202d144003a37c1e60e08c07bcc065c1f1994c08ddba0c45d
A200039001,InfraViaEuropean Infrastructure Fund VI,,,해외,,유럽,,,,,,N,693,f254c8f1f548b50787bc5c3748834889f81edb783fa5c2735b6868d5ce74907e
A200040001,ARDIAN ASF IX Infrastructure SWF,,,해외,,유럽,,,,,,N,694,a2c39f2a7a40be1bfac8724d6dababf36ce3abb423ed1fbae47c3a173fbe6546
A200041001,Helios Sidecar II L.P.의 수익증권,,,해외,,북미,미국,플로리다주,,,,N,695,987451b45d9d1ea90a3bb10179af8ba2bc704020328ee5a45502392f4dd35d6e
A200042001,Booster Zabrze 물류단지,,,해외,"Gazdy, 41-806 Zabrze, Poland",유럽,폴란드,Zabrze,,,,N,696,996541f316e175a34536ee3f634ef2da822a3a6cd9b7dc9806e616063d47c6aa
A200044001,괌 소재 종합병원(GRMC)에 대한 선순위 대출,,,해외,"133 Route 3, Dededo, County, Guam 96912",글로벌,괌,Dededo,,,,N,697,141b2055d18a1a26bc623071306207cf7fae706dc1477b4dc23257cea4897b07
A200045001,Chauncey Square,,,해외,미국 인디애나州 Purdue University 인근,북미,미국,,,,,N,698,f16e38ea1f820d6c9f018290f5e71c44409be91937ac142e421a6a04c59dec43
A300001001,채권,,,국내,,대한민국,,,,,,N,699,2b2585be638d3af96e458daf1dd99f4c01fc7467fbd271e9a24262583ceabdc1
A300006001,"BBB+이하 채권, 공모주, 스팩, 이벤트 드리븐",,,국내,,대한민국,,,,,,Y,700,320a297074d625df9526493c7b236eadf3d4bc9ccf7dd5f5dbb80d8ef7fcf993
A300010001,"글로벌 리츠, 해외 주식",,,해외,,글로벌,,,,,,Y,701,503a5f636f5799cacb2bd12ab11ebf6f3497dfe194957a7046c6c9dc85644026
A300011001,"국내 상장 리츠, 리츠IPO",,,국내,,대한민국,,,,,,Y,702,d3d98d289ac2e134ba0c5fc7faebf51ec442ce0d7befd66347987a85e50ad3a9
A300012001,"국내 상장 리츠, 신주인수권증서, 공모주",,,국내,,대한민국,,,,,,Y,703,518a8cd0622dbce056d32f193b114ecfde838b615a20c2352e6a90f82f0162e4
A300015001,국내 리츠,,,국내,,대한민국,,,,,,N,704,93d52148492d6f9a28706d78a3cec3b8d31f5b3f9444ac9690cb472c0cc976fb
A300016001,"상장 리츠 메자닌, 국내 상장 리츠, 이벤트 드리븐",,,국내,,대한민국,,,,,,Y,705,f4812a41348849324eb03ec1e9e304b0fe6c65271f2263c5941283788a16ec16
A300017001,"공모주, 스팩",,,국내,,대한민국,,,,,,N,706,e5ffb4894f9effde05469e50d8d1ee8ba5162383f30fa0fa0f288c93ab91513f
A300018001,"메자닌, 공모주, 이벤트 드리븐",,,국내,,대한민국,,,,,,N,707,2a26ee861671e016eb7234f516a023a913177728c6c858aca0fc0a6c26a421bd
A300019001,AA- 이상 채권,,,국내,,대한민국,,,,,,N,708,d6e2420cd5d2387ce9c318e17253040f95881e858d4a0e8ca62a963dfa105858
A300020001,"AA+ 이상 채권, 공모주, 스팩",,,국내,,대한민국,,,,,,Y,709,89e7126f716341705e7ceb65259136c40019ef9117cf7b5ca1aade87c3e1f782
A300028001,"상장리츠 발행 채권, 국내 주식, 공모주, 스팩, ETF",,,국내,,대한민국,,,,,,Y,710,961f8569dcd2ab11b6b388c12e5f47caab0482b5e265d7314f0c425179a8c1e2
A300032001,"BBB+ 이하 채권, 공모주, 스팩, 이벤트 드리븐",,,국내,,대한민국,,,,,,Y,711,5d7462233846cccc7bd504aa0239bd8dba98439747ad558ae7aa07635bb3b3e0
A300036001,국내 상장 리츠,,,국내,,대한민국,,,,,,Y,712,591ed9ff2068a24137c5ee46024e58f3439704ddf4c143618344bb89b1e47b11
A300037001,"채권, 메자닌, 국내 주식, ETF, 상장 리츠, 공모주, 이벤트 드리븐",,,국내,,대한민국,,,,,,N,713,e6f55ea1d276c3762875122ed27552a12e5dd7dae097eb6bbcf2af7e8cc2093b
A300039001,"집합투자증권, 조합 출자지분, 메자닌, 이벤트 드리븐, 공모주, 스팩, ETF",,,국내,,대한민국,,,,,,N,714,d4f4e4eec931b038ff82b9d7b388ecdcedfedf99452de05195d6c6623f819ae1
A300040001,"국내 상장 리츠, 인프라 펀드, 주식, ETF",,,국내,,대한민국,,,,,,Y,715,52ee4eb4908e607fd518693b77d3b8d9ffdc96ec0f69bba06655be99cd0ef954
A300044001,"메자닌, 공모주, 이벤트 드리븐, 스팩",,,국내,,대한민국,,,,,,N,716,672ca29c0eb689d39d21992afecbec7b7a6044c46db113791e75b975c731e154
A300046001,ETF,,,국내,,대한민국,,,,,,N,717,7b4f34731ae823415e8fb92dae81bee853f33306ba24f702086b17cf2f1dc59e
A300047001,"공모주, 스팩, 국내 주식, 집합투자증권, 레포",,,국내,,대한민국,,,,,,Y,718,636dd450249733b8fb7485f203e6a3c71e64edf2d166f27562d63d5e017bb4e4
A300050001,"BBB+ 이하 채권, 공모주, 스팩, ETF, 이벤트 드리븐, 레포",,,국내,,대한민국,,,,,,N,719,37c47565b57c82beca766bee48a8e81c3d0bdcc6df57d21cdaa4ba2cb6187568
A300051001,"미국상장BDC, 공모주 집합투자증권, ETF, 채권, 국내 MMF",,,국내,,대한민국,,,,,,Y,720,814ca797b2cba8201424930a58878988aea4a2bb3797ae56ab2694a4e29473c6
A300052001,"메자닌, 이벤트 드리븐, 공모주, ETF, 채권",,,국내,,대한민국,,,,,,N,721,881c5c656e9b5c2263a590d0bb6f90ed0ff45a7e17a290b06ad9755240215e2d
A300053001,글로벌 리츠,,,해외,,글로벌,,,,,,N,722,cc6f6f52fe8227963a4f0bc63a1280bedd73fca17e95b4758de959ac80ad8d46
A300054001,"국내 상장 리츠, 주식, ETF, 공모주, 이벤트 드리븐",,,국내,,대한민국,,,,,,Y,723,af2f2854df32bdefe480f715640c64666151d737f9714cac429bf9b6943af92e
A300057001,"메자닌, 공모주, 이벤트 드리븐, 스팩, ETF",,,국내,,대한민국,,,,,,N,724,82008a49dfe30f175ccd74e9d62ff60a384494a3d2ae77d063aa2ef9ef2fd11a
A300061001,"해외 주식, 채권, 공모주, 스팩, ETF, 선물, 단기금융상품",,,혼합,,글로벌,,,,,,N,725,94c9134c3b0397646ef0f652c1062bb4c1e7582a23bd9bf1feec89e2aee60a4d
A300063001,"국내 주식, 채권, ETF, 공모주, 스팩",,,국내,,대한민국,,,,,,N,726,1acf64e94e65897315d7874f61910ae16849a617788dda51843d1c45041feb6c
A300066001,글로벌 상장 인프라 증권,,,해외,,글로벌,,,,,,N,727,72a64795247ca81c4c57a28d375df5023f656b94217b1f771d3ac21b3e478725
A300067001,"채권, 자산유동화 증권, 어음, 레포",,,국내,,대한민국,,,,,,N,728,cb49cdad7344df30cca581ed68ea0dfde5166a702eaa7a0973d486eebf078550
A300073001,"채권, 레포, 공모주",,,국내,,대한민국,,,,,,N,729,abb84529ea32ed49a06fc4478711f1a3c75d3d1b716eea6b9799eed5dc83ccfa
A300074001,"메자닌, 공모주, 이벤트 드리븐",,,국내,,대한민국,,,,,,N,730,33542594e80c0b4a523b6df0aafd9873cae6b94ff2bccb3e34428b80d07fae57
A300075001,"BBB+ 이하 채권, 공모주, 스팩, 이벤트 드리븐, CP, 레포",,,국내,,대한민국,,,,,,N,731,21fdec2eac68a60447edb4c2a3c36760798b7be228d56aca09824eecf49a99c3
A300076001,"채권, 국내 주식, ETF, 공모주, 스팩",,,국내,,대한민국,,,,,,Y,732,32c76b5e7a27b0dc73b23a9986e4eaaf1fa7621d6a8b17519e89ba569dd084f0
A300079001,"메자닌, 이벤트 드리븐, 공모주, 스팩",,,국내,,대한민국,,,,,,N,733,f43692955dc21df2dcbdb6f46e598da6b4e7d6686b78cb6d4d1a71fc8684c5dd
A300080001,"공모주, 국내 주식",,,국내,,대한민국,,,,,,N,734,81e74ddeb9a8bc933ddccc3a0cc284f1e1a545b0a4d2625eaf72367397962e65
A300085001,국내 채권형 ETF,,,국내,,대한민국,,,,,,N,735,38b01627a1d574c35b92b07faa6c46b1b1b7648f0c600feda665c5120a260476
AP00001001,판교 제2테크노밸리 C1 C2블록 I-Square 개발,오피스복합,운영/실물,국내,경기도 판교 제2테크노밸리 C1 C2블록,대한민국,대한민국,,,,,N,736,ec29fa7d885994b48f87d37f00fec38c732b98617f909dd6d3f319d1367cc9ba
AP00002001,동부산 테마파크 개발사업,오피스복합,개발,국내,부산광역시 기장군 기장읍 일원 (동부산관광단지내),대한민국,대한민국,,71074,21499.89,2020-01-01,N,737,90d69666b3bac822e731ec597f0ee3dd70f95a75c04cf3ffc23fee01a56037eb
AP00003001,오시리아타워레지던스,주거,운영/실물,국내,,대한민국,대한민국,,,,,Y,738,655ba823f3f0f27cfb6764d79ef6ad1d839aada099f3e6f666a966d079bc84f8
AP00004001,해운대 L7,호텔,운영/실물,국내,부산광역시 해운대구 우동 626-14번지 일원,대한민국,대한민국,,,,,Y,739,4316a0df50a76c896802ce5d1106fecd8b4cb67aa99ed695cbdcfcd30ff7ac52
AP00005001,서리풀개발사업,오피스복합,개발,국내,서울시 서초구 서초동 1005-1 외,대한민국,대한민국,,91597.1,27708.12,2026-11-30,N,740,40839f2146f4d53ba644a5bc6119129fd88b1ea04ad544c0b3467ff86410d862
AP00006001,세운5구역 개발사업,오피스,개발,국내,"서울시 중구 산림동 190-3번지 일원 (세운지구 5-1, 5-3구역)",대한민국,대한민국,,6865,2076.66,,N,741,c56180093c9cf2496b6a0befdf877d2cd6c1be70566ae170054c6faa5236dfa8
AP00007002,안녕인사동,오피스복합,운영/실물,국내,서울특별시 종로구 관훈동 155-2 외 4필지,대한민국,대한민국,,45284,13698.41,2019-07-01,N,742,979a246131f05854a4f6e258e8b5928c48808e5e617a7f3ab031c136209b15ca
AP00008001,부천소사 공동주택,주거,개발,국내,경기도 부천시 소사본동 134,대한민국,대한민국,,,,,N,743,e9daef6f9deeb77cf94f1e7ed3004b497c2fcf437bf736cd6e54a28224526dbb
AP00009001,효제동 오피스텔 개발사업,주거,부실,국내,"서울특별시 종로구 효제동 315-1, 315-6",대한민국,대한민국,,1484,448.91,2025-06-30,N,744,d39be3fbe52103ddc84fe75b70df847ece3cf726639183c7234ddd1c443a425e
AP00010001,성수동 복합시설 개발사업,오피스,운영/실물,국내,"서울특별시 성동구 성수동2가 314-10, 314-11, 314-27번지",대한민국,대한민국,,21150.35,6397.98,,Y,745,9dde9ad9416c98b2652ee081c48dfe403a92b6f342058577e4d25b322a90ca7e
AP00011001,신라모노그램 강릉 복합숙박시설,호텔,운영/실물,국내,강원도 강릉시 송정동 259 일원,대한민국,대한민국,,,,,Y,746,2e8a0de5e0d7371cf136c362767521e21f2add4121b3efbaeac502cd1934a5d0
AP00012001,오산세교2지구 M-1BL 주상복합,오피스복합,개발,국내,경기도 오산시 오산세교2지구 M1BL,대한민국,대한민국,,209731.6,63443.81,2027-09-30,N,747,e8b4fd64efe9327c1b24b83d572c33e0b130eb9cf03764cda2b397936e9e0519
AP00013001,안성 당목리 995번지 외 44개필지 물류센터 개발사업,물류센터,개발,국내,경기도 안성시 당목리 995번지 일원,대한민국,대한민국,,140625,42539,,Y,748,131f9792eaeb0b43eeef2452bf11c1c752505a2c9ebfa3db0f87632e8fdcbe09
AP00014001,안성 성은지구 물류센터,물류센터,운영/실물,국내,경기도 안성시 원곡면 성은리 319-1,대한민국,대한민국,,116845,35346,,N,749,1bd775f64767fc0cf489354671b4b322bb6c85b1cbfdcafe2991918b559e6231
AP00015001,청라동 오피스텔 분양사업,주거,개발,국내,인천광역시 서구 청라동 6-7,대한민국,대한민국,,135268.08,40918.59,2027-08-31,N,750,19289e9cf372d3dc7691f97efe5feb729966eae6889833393909a1f9357ab016
AP00016001,삼부빌딩 개발사업,오피스,부실,국내,중구 남창동 9-1 외 4필지,대한민국,대한민국,,27945,8468.4,2027-10-31,Y,751,23b21dac8e2c62841dac8a0ccb043da6f972d70a743297e7b96077a0598854a0
AP00017001,천안성성7지구공동주택,주거,개발,국내,충남 천안시 서북구 성성동 366-3번지 일원,대한민국,대한민국,,38851,11752,2026-10-18,N,752,91aa6121f531d7c705be5f6ca8d549410550783ad45bab33995f26508dde9283
AP00018001,마곡CP4 복합시설 개발,오피스복합,운영/실물,국내,"마곡동 769,769-1",대한민국,대한민국,,462874,140023,,Y,753,32b1859b5ba2ba2f65645e3d5f91a9c995e70976f4cde09368e5bb5a8435df89
AP00019001,상봉 청년주택 개발,주거,운영/실물,국내,중랑구 상봉동 109-28 외,대한민국,대한민국,,50352,15231,2024-11-30,N,754,5e445af4638cdf3b187e53b9ad0a6ead326533cfeeafc11d66ea62b58a3668a6
AP00020001,검단 오피스텔 개발,주거,개발,국내,"인천광역시 서구 원당동 3203-104, 105",대한민국,대한민국,,,,,Y,755,1a809c5b17cecdce047a60517f3d09bc00049f3ff0100ac170fd2aae0c383d24
AP00021001,청담펜트하우스,주거,운영/실물,국내,서울시 강남구 청담동 129,대한민국,대한민국,,,,2020-08-12,Y,756,be6ad52b72105158ace916974256107715e54f8de95804f3e9015c96e80ba55c
AP00022001,효제동 주거용 오피스텔,주거,부실,국내,서울특별시 종로구 효제동 21-3번지 일원,대한민국,대한민국,,31057,9411.21,2025-06-30,N,757,04486e4ee78da628307d2b939e26070b9ba3f13df8f471704d740584fd7d3be6
AP00024001,안산시 고잔동 오피스텔 및 근린생활시설,주거,부실,국내,경기도 안산시 단원구 고잔동 542-1 외 1필지,대한민국,대한민국,,,,,N,758,6834a18aa91245e4db24afbd6efee8f2bdfc1e1e9598350cac9260c7f4ba50e0
AP00025001,공주시 웅진동 공동주택,주거,부실,국내,충청남도 공주시 웅진동,대한민국,대한민국,,53329,16132,2025-02-28,N,759,9251d66757023b2c5499aa3bce9a2129daf6f760731a85a3f278384133d88cb0
AP00026001,성수동2가오피스,오피스,부실,국내,서울시 성동구 성수동2가 269-208 일원,대한민국,대한민국,,29368.19,8883.88,2025-12-31,N,760,88643a5661c6a1fcf6a1cd570354e0b159595ef83d5f1e5fecdb9252cf7da6c3
AP00027001,수서역환승센터복합개발사업,오피스,개발,국내,서울시 강남구 수서동 197번지 일원,대한민국,대한민국,,516079,156114,,N,761,867833f85046d751f3078a166cf4ba947db1d92e85f5f42a8f8c3d3ca47df17c
AP00028001,제주화북상업지역 주상복합용지 C1블럭 주상복합시설,주거,부실,국내,,대한민국,,,146278,44249,2026-10-31,Y,762,236d2b1fe54c5f2225de2defe237df96ccac478460dc4eab1889e1735c6205e3
AP00029001,을지로3가 도시환경정비구역 제10지구 신축 오피스,오피스,개발,국내,을지로3가 95-11 일원,대한민국,대한민국,,,,,N,763,ca40acab7b19dffd8410fb790be25dde6751e848c76d91d8784751e5f084d365
AP00030001,밀레니엄힐튼호텔,오피스복합,개발,국내,서울특별시 중구 소월로 50,대한민국,대한민국,,82856.46,25064.1,,N,764,44a77b0197bd139dbd6075d3b8caeed89f50335145c2ba94d4b03d390bc39153
AP00031001,구리시 수택동 주거용 오피스텔,주거,부실,국내,경기도 구리시 수택동 370,대한민국,대한민국,,46708.44,14129,2026-09-30,N,765,b35870c8e87bd76f7ebd22edbc66d2db1d16eef4d9820a66d0447485161c7814
AP00032001,부림빌딩,오피스,개발,국내,"서울특별시 중구 을지로 1가 42, 을지로1가 71-9번지",대한민국,대한민국,,30076.28,9093.34,2028-12-01,N,766,91f195337281834c092f1dec1fd0bfd86af9ac9eba236e113071424a54c89327
AP00033001,은평 시니어레지던스,오피스복합,개발,국내,은평구 진관동 208-10 일원,대한민국,대한민국,,47745.63,14443.05,,N,767,e3f941788e3fb44152d3060315bad245adb05893b68844452d51175dc8319687
AP00034001,KTX울산역 오피스텔 개발사업,주거,부실,국내,울산광역시 울주군 삼남읍 교동리 1682-1번지,대한민국,대한민국,,120656,36499,2026-08-31,N,768,c6474cf4bda2c2c806cbf52f4b57ae848ffcea0653d9561f9607455061d2094c
AP00035001,해운대중동공동주택,주거,개발,국내,부산시 해운대 중동 256-5번지 일원,대한민국,대한민국,,16486,4987,2027-09-30,N,769,051c97e7ab40f0a887ead13d8e14156d8ba4bac1c60124f44f2428017415e7b2
AP00037001,메트로타워,오피스,개발,국내,서울특별시 중구 퇴계로 10,대한민국,대한민국,,41139.63,12444.73,,N,770,95d427d310fa9f19ac8ac2b5de91e8127e800466aa8a309df612fdbc3579ec7b
AP00039001,용산전자상가 특별계획구역8 개발사업,오피스복합,개발,,,,,,,,,,771,7b7b117b627133a82b47824cbe0fc7c78b848b9ae50c7bc43a47594f09d8d0f2
AP00040001,안성 산하3지구 물류센터 개발사업,,,국내,,대한민국,,,,,,N,772,a606862ec06c9f6da80e2e53275af29ae4e8db8e04f0eb2a140b04e1d6af20b6
AR00001001,용답동 청년주택 개발사업,,,국내,"서울 성동구 용답동 231,231-1번지",대한민국,대한민국,,97570,29513,,N,773,6540e45948f203637214fe68aa55a4a2f4ac79d470718d26b6508121bf4ffe3e
AR00004001,용산구 원효로3가 역세권 청년주택,,,국내,서울특별시 용산구 원효로3가 1-159외 3필지,대한민국,대한민국,,99754.54,30175.75,2026-08-30,N,774,1808e37acfb56f27f787daa6a9f11e2c58856ec61126db4e816590a81bd68d16
AR00006001,분당Hostway IDC,,,국내,분당구 장미로 36,대한민국,대한민국,,14533.39,4396.33,,N,775,e1dafd43e6531402c04775613c9428446e9f8c6abdfcf82206117b4592184a96
AR00006002,북미DC포트폴리오,,,해외,,북미,,,,,,N,776,33c7eaabff089a40b6cf36d9a951ace6adbf7267bdb7c74e00900b0a10bac7c9
AR00007001,여주쿠팡물류센터,,,국내,경기도 여주시 점봉동 204-3,대한민국,대한민국,,49632.57,15013.85,,Y,777,cff1b83c0ac3e10eca39a577ba557fe2aef3a17ab37725e682dd42362c0dabea
AR00008001,이지스151호(더샵 부평),,,국내,인천시 부평구 십정동 216번지 일원,대한민국,대한민국,,475457.83,143826,,N,778,34e6251cf313385fb182aad6c4968e0ec81f72ae43ac6a2ce595001a67152cb3
AR00008002,이지스333호(디어스 명동),,,국내,서울시 중구 남학동 13-2외 1필지,대한민국,대한민국,,5464.46,1653,,N,779,f45967adc05b3f7c68f77ded7c3da6e8ada154d8d85cfd636114562d2e3cf7a1
AR00008003,이지스333호(홍대 코리빙 복합시설),,,국내,서울시 마포구 서교동 460-25 일원,대한민국,대한민국,,17606.61,5326,,N,780,c253988d091f7427387bdd168dc41024ab2996022e58273a55274c6fcd61a70b
AR00008004,"이지스411호(200호 재간접, 디어스 판교)",,,국내,경기도 성남시 수정구 대왕판교로 815,대한민국,대한민국,,39904.13,12071,,N,781,24ef6cbf383b2f29fcfe0728053ae121333f2a109f9d25d7aed163b2a38dbf5d
AR00008005,이지스200호(디어스 판교),,,국내,경기도 성남시 수정구 대왕판교로 815,대한민국,대한민국,,39904.13,12071,,N,782,dd38f6068d41c5dbaa46d88a6dfc5cb1162bcb304ccbfa7f74c4613760d18fa5
AR00009001,이천YM물류센터,,,국내,경기도 이천시 대월면 초지리 273-1,대한민국,,,28707.92,8684.1,,N,783,7eb42beef454624c5f15316a81f7214b259a498360ce09f2350957ecc8a341e8
AR00010001,Spring Creek Towers,,,해외,"1255 Granville Payne Ave, Brooklyn, NY",북미,,,556137,168231,,N,784,a879ab8884eef89a483038e79857cdad72df62a7ce1cfac0d1e18c57ed3b23a6
AR00013001,삼성중공업판교R&D센터,오피스,운영/실물,국내,경기도 성남시 분당구 삼평동 615,대한민국,대한민국,경기도,57460.26,17381.73,2014-10-16,N,785,a79dd2403c5653e51f93af140b284a5ca54b67c16f56fd1647f8fea305bdbee7
AR00014001,신도림 디큐브시티 백화점,,,,,,,,,,,,786,316d78de8984214f55aced10d3a8dd73fe9f68b5a3806d31bc74a2d41f1e3ad6
AR00015001,서울인터내셔널타워(SI타워),오피스,운영/실물,국내,서울시 강남구 테헤란로 203(역삼동 679-4),대한민국,대한민국,서울,66202.39,20026.22,1999-11-24,N,787,058d81e6c82c72cb93a2458d32853ad979d473eb16d372bada58d3b0cc1c459a
AR00016001,"용답동 231, 231-1 공동주택 및 근린생활시설",오피스,개발,국내,"서울특별시 성동구 용답동 231, 231-1번지",대한민국,,,97558,29563.03,,N,788,b5966a9c2f7ce2fa84ed131579f97cadf365690023a6680941e585d854584191
AS00002001,양산 유산동 물류센터,물류센터,부실,국내,경남 양산시 유산동 509 외 2필지,대한민국,,,52739.67,15981.72,2024-07-23,N,789,2c0bc907e9e592213bee093b50d5f940f19f461bf6f3724be208c3c2699b684b
