merge_action,risk_level,merge_reason,target_tables,asset_id,current_asset_name,db_asset_master_name,accepted_asset_name,asset_name_action,asset_semantics_hint,adoption_source,recommended_db_action,safe_to_update_existing_asset_master,linked_fund_ids,source_fund_code,source_fund_name,source_seq,source_asset_category,source_investment_asset_type,proposed_address,db_address_text,address_compare,proposed_pnu,db_pnu,pnu_compare,proposed_longitude,db_longitude,longitude_compare,proposed_latitude,db_latitude,latitude_compare,has_proposed_location,has_current_asset_master_location,has_current_ledger_for_asset,has_current_ledger_for_proposed_pnu,has_any_ledger_for_proposed_pnu,needs_asset_master_location_update,needs_building_ledger_fetch_by_pnu,fund_assets_id,fund_assets_pnu,fund_assets_address,fund_assets_longitude,fund_assets_latitude,fund_assets_has_building_ledger_metadata
create_or_link_underlying_asset_name_only,review,candidate has no location; keep searchable/linkable but no pnu update,"asset_master, asset_fund_links",ast_02f2fb35a743,이지스글로벌세컨더리일반사모혼합자산투자신탁제1호,이지스글로벌세컨더리일반사모혼합자산투자신탁제1호,Pantheon Viking Co-Invest LP,split_or_drawer_list,,worklist_proposed_name_unmatched,create_or_link_underlying_asset_name_only,False,200006,,,,,,,,no_proposed_value,,,no_proposed_value,,,no_proposed_value,,,no_proposed_value,False,False,False,False,False,False,False,,,,,,False
create_or_link_underlying_asset_name_only,review,candidate has no location; keep searchable/linkable but no pnu update,"asset_master, asset_fund_links",ast_02f2fb35a743,이지스글로벌세컨더리일반사모혼합자산투자신탁제1호,이지스글로벌세컨더리일반사모혼합자산투자신탁제1호,NMP V,split_or_drawer_list,,worklist_proposed_name_unmatched,create_or_link_underlying_asset_name_only,False,200006,,,,,,,,no_proposed_value,,,no_proposed_value,,,no_proposed_value,,,no_proposed_value,False,False,False,False,False,False,False,,,,,,False
create_or_link_underlying_asset_name_only,review,candidate has no location; keep searchable/linkable but no pnu update,"asset_master, asset_fund_links",ast_02f2fb35a743,이지스글로벌세컨더리일반사모혼합자산투자신탁제1호,이지스글로벌세컨더리일반사모혼합자산투자신탁제1호,PGSF VII,split_or_drawer_list,,worklist_proposed_name_unmatched,create_or_link_underlying_asset_name_only,False,200006,,,,,,,,no_proposed_value,,,no_proposed_value,,,no_proposed_value,,,no_proposed_value,False,False,False,False,False,False,False,,,,,,False
create_or_link_underlying_asset_name_only,review,candidate has no location; keep searchable/linkable but no pnu update,"asset_master, asset_fund_links",ast_02f2fb35a743,이지스글로벌세컨더리일반사모혼합자산투자신탁제1호,이지스글로벌세컨더리일반사모혼합자산투자신탁제1호,PSD III,split_or_drawer_list,,worklist_proposed_name_unmatched,create_or_link_underlying_asset_name_only,False,200006,,,,,,,,no_proposed_value,,,no_proposed_value,,,no_proposed_value,,,no_proposed_value,False,False,False,False,False,False,False,,,,,,False
hold_name_only_no_location,hold,adopted name has no location candidate,search_alias_or_asset_name,ast_0555a6694264,이지스제572호부동산일반사모투자회사(1종),이지스제572호부동산일반사모투자회사(1종),이지스제572호부동산일반사모투자회사(1종),manual_review,,worklist_proposed_name_unmatched,adopt_name_only_pending_location,False,120084 | 190015 | 190016,,,,,,,,no_proposed_value,,,no_proposed_value,,,no_proposed_value,,,no_proposed_value,False,False,False,False,False,False,False,,,,,,False
create_underlying_asset_then_fetch_ledger,medium,multi-underlying candidate with new pnu; create asset then fetch/insert ledger,"asset_master, asset_fund_links, asset_building_ledger, fund_assets",ast_0bbbe8c5910d,이지스일반사모투자신탁435호(태양광),이지스일반사모투자신탁435호(태양광),다산1,split_or_drawer_list,,domestic_excel_fund_code_match,create_or_link_underlying_asset_with_location,False,112584,112584,이지스일반사모투자신탁435호(태양광),1,특별자산,특별자산,전라남도 해남군 해남읍 복평리 995-7,충청북도 충주시 대소원면 완오리 1165,different,4682025037109950007,4313033530111650000,different,126.538161600153,127.837297354945,different,34.5652004185649,36.9983951162712,different,True,True,True,False,False,True,True,58411,,전라남도 해남군 해남읍 복평리 995-7,126.538161665367,34.5652010866154,False
create_underlying_asset_then_fetch_ledger,medium,multi-underlying candidate with new pnu; create asset then fetch/insert ledger,"asset_master, asset_fund_links, asset_building_ledger, fund_assets",ast_0bbbe8c5910d,이지스일반사모투자신탁435호(태양광),이지스일반사모투자신탁435호(태양광),동서발전,split_or_drawer_list,,domestic_excel_fund_code_match,create_or_link_underlying_asset_with_location,False,112584,112584,이지스일반사모투자신탁435호(태양광),2,특별자산,특별자산,경상북도 예천군 은풍면 부초리 산44,충청북도 충주시 대소원면 완오리 1165,different,4790043029200440000,4313033530111650000,different,128.450495775082,127.837297354945,different,36.7285805664103,36.9983951162712,different,True,True,True,False,False,True,True,58412,,경상북도 예천군 은풍면 부초리 산 44-1,128.450495709425,36.7285810242574,False
create_underlying_asset_then_fetch_ledger,medium,multi-underlying candidate with new pnu; create asset then fetch/insert ledger,"asset_master, asset_fund_links, asset_building_ledger, fund_assets",ast_0bbbe8c5910d,이지스일반사모투자신탁435호(태양광),이지스일반사모투자신탁435호(태양광),진이엔지,split_or_drawer_list,,domestic_excel_fund_code_match,create_or_link_underlying_asset_with_location,False,112584,112584,이지스일반사모투자신탁435호(태양광),3,특별자산,특별자산,충청북도 진천군 문백면 평산리 산54,충청북도 충주시 대소원면 완오리 1165,different,4375033025200540000,4313033530111650000,different,127.477462066664,127.837297354945,different,36.8024105189189,36.9983951162712,different,True,True,True,False,False,True,True,58413,,충청북도 진천군 문백면 평산리 산 54,127.477462083436,36.8024109737305,False
create_underlying_asset_then_fetch_ledger,medium,multi-underlying candidate with new pnu; create asset then fetch/insert ledger,"asset_master, asset_fund_links, asset_building_ledger, fund_assets",ast_0bbbe8c5910d,이지스일반사모투자신탁435호(태양광),이지스일반사모투자신탁435호(태양광),현대산업쏠라5호,split_or_drawer_list,,domestic_excel_fund_code_match,create_or_link_underlying_asset_with_location,False,112584,112584,이지스일반사모투자신탁435호(태양광),4,특별자산,특별자산,경상북도 의성군 옥산면 입암리 9,충청북도 충주시 대소원면 완오리 1165,different,4773033038100090000,4313033530111650000,different,128.842909332077,127.837297354945,different,36.3958762237176,36.9983951162712,different,True,True,True,False,False,True,True,58414,,경상북도 의성군 옥산면 입암리 7,128.843147572616,36.3958816468692,False
create_underlying_asset_then_fetch_ledger,medium,multi-underlying candidate with new pnu; create asset then fetch/insert ledger,"asset_master, asset_fund_links, asset_building_ledger, fund_assets",ast_0bbbe8c5910d,이지스일반사모투자신탁435호(태양광),이지스일반사모투자신탁435호(태양광),케이앤스틸테크놀로지,split_or_drawer_list,,domestic_excel_fund_code_match,create_or_link_underlying_asset_with_location,False,112584,112584,이지스일반사모투자신탁435호(태양광),5,특별자산,특별자산,경상북도 상주시 내서면 노류리 572-2,충청북도 충주시 대소원면 완오리 1165,different,4725037029105720002,4313033530111650000,different,128.020691220829,127.837297354945,different,36.3645499179998,36.9983951162712,different,True,True,True,False,False,True,True,58415,,"경상북도 상주시 내서면 노류리 산141-1, 572-1, 모서면 대포리 산20-5",,,False
create_underlying_asset_then_fetch_ledger,medium,multi-underlying candidate with new pnu; create asset then fetch/insert ledger,"asset_master, asset_fund_links, asset_building_ledger, fund_assets",ast_0bbbe8c5910d,이지스일반사모투자신탁435호(태양광),이지스일반사모투자신탁435호(태양광),리에너지,split_or_drawer_list,,domestic_excel_fund_code_match,create_or_link_underlying_asset_with_location,False,112584,112584,이지스일반사모투자신탁435호(태양광),6,특별자산,특별자산,경상북도 상주시 사벌국면 용담리 산42-1,충청북도 충주시 대소원면 완오리 1165,different,4725032526200420001,4313033530111650000,different,128.218246198146,127.837297354945,different,36.4863548646006,36.9983951162712,different,True,True,True,False,False,True,True,58416,,경상북도 상주시 사벌국면 용담리 산 42-1,128.218246150322,36.4863553447739,False
create_underlying_asset_then_fetch_ledger,medium,multi-underlying candidate with new pnu; create asset then fetch/insert ledger,"asset_master, asset_fund_links, asset_building_ledger, fund_assets",ast_0bbbe8c5910d,이지스일반사모투자신탁435호(태양광),이지스일반사모투자신탁435호(태양광),지우태양광,split_or_drawer_list,,domestic_excel_fund_code_match,create_or_link_underlying_asset_with_location,False,112584,112584,이지스일반사모투자신탁435호(태양광),7,특별자산,특별자산,경상남도 산청군 산청읍 내수리 산49-1,충청북도 충주시 대소원면 완오리 1165,different,4886025029200490001,4313033530111650000,different,127.915850592278,127.837297354945,different,35.4334179495002,36.9983951162712,different,True,True,True,False,False,True,True,58417,,경상남도 산청군 산청읍 내수리 산 49-1,127.915850281403,35.4334184893568,False
create_underlying_asset_then_fetch_ledger,medium,multi-underlying candidate with new pnu; create asset then fetch/insert ledger,"asset_master, asset_fund_links, asset_building_ledger, fund_assets",ast_0bbbe8c5910d,이지스일반사모투자신탁435호(태양광),이지스일반사모투자신탁435호(태양광),에스지,split_or_drawer_list,,domestic_excel_fund_code_match,create_or_link_underlying_asset_with_location,False,112584,112584,이지스일반사모투자신탁435호(태양광),8,특별자산,특별자산,경기도 연천군 중면 합수리 122,충청북도 충주시 대소원면 완오리 1165,different,4180037026101220000,4313033530111650000,different,127.053403053374,127.837297354945,different,38.1678164523042,36.9983951162712,different,True,True,True,False,False,True,True,58418,,경기도 연천군 중면 합수리 122,127.053402835629,38.1678167415454,False
create_underlying_asset_then_fetch_ledger,medium,multi-underlying candidate with new pnu; create asset then fetch/insert ledger,"asset_master, asset_fund_links, asset_building_ledger, fund_assets",ast_0bbbe8c5910d,이지스일반사모투자신탁435호(태양광),이지스일반사모투자신탁435호(태양광),케이앤씨벨에포크,split_or_drawer_list,,domestic_excel_fund_code_match,create_or_link_underlying_asset_with_location,False,112584,112584,이지스일반사모투자신탁435호(태양광),9,특별자산,특별자산,전라남도 진도군 지산면 와우리 137-3,충청북도 충주시 대소원면 완오리 1165,different,4690035030101370003,4313033530111650000,different,126.145784395077,127.837297354945,different,34.4273962344761,36.9983951162712,different,True,True,True,False,False,True,True,58419,,전라남도 진도군 지산면 와우리 137-3,126.145784212296,34.4273968869183,False
create_underlying_asset_then_fetch_ledger,medium,multi-underlying candidate with new pnu; create asset then fetch/insert ledger,"asset_master, asset_fund_links, asset_building_ledger, fund_assets",ast_0bbbe8c5910d,이지스일반사모투자신탁435호(태양광),이지스일반사모투자신탁435호(태양광),케이에이치테크단북1호,split_or_drawer_list,,domestic_excel_fund_code_match,create_or_link_underlying_asset_with_location,False,112584,112584,이지스일반사모투자신탁435호(태양광),10,특별자산,특별자산,경상북도 예천군 풍양면 흥천리 356,충청북도 충주시 대소원면 완오리 1165,different,4790041024103560000,4313033530111650000,different,128.321153420258,127.837297354945,different,36.5046457796687,36.9983951162712,different,True,True,True,False,False,True,True,58420,,"경상북도 예천군 풍양면 홍천리 356, 357, 390",,,False
create_underlying_asset_then_fetch_ledger,medium,multi-underlying candidate with new pnu; create asset then fetch/insert ledger,"asset_master, asset_fund_links, asset_building_ledger, fund_assets",ast_0bbbe8c5910d,이지스일반사모투자신탁435호(태양광),이지스일반사모투자신탁435호(태양광),미션,split_or_drawer_list,,domestic_excel_fund_code_match,create_or_link_underlying_asset_with_location,False,112584,112584,이지스일반사모투자신탁435호(태양광),11,특별자산,특별자산,경상북도 영주시 조와동 346,충청북도 충주시 대소원면 완오리 1165,different,4721011000103460000,4313033530111650000,different,128.626195302659,127.837297354945,different,36.8736398842617,36.9983951162712,different,True,True,True,False,False,True,True,58421,,경상북도 영주시 조와동 346,128.626195223085,36.8736403288388,False
create_underlying_asset_then_fetch_ledger,medium,multi-underlying candidate with new pnu; create asset then fetch/insert ledger,"asset_master, asset_fund_links, asset_building_ledger, fund_assets",ast_0bbbe8c5910d,이지스일반사모투자신탁435호(태양광),이지스일반사모투자신탁435호(태양광),윈즈에너지,split_or_drawer_list,,domestic_excel_fund_code_match,create_or_link_underlying_asset_with_location,False,112584,112584,이지스일반사모투자신탁435호(태양광),12,특별자산,특별자산,경상북도 영주시 조와동 346,충청북도 충주시 대소원면 완오리 1165,different,4721011000103460000,4313033530111650000,different,128.626195302659,127.837297354945,different,36.8736398842617,36.9983951162712,different,True,True,True,False,False,True,True,58422,,경상북도 영주시 조와동 346,128.626195223085,36.8736403288388,False
create_underlying_asset_then_fetch_ledger,medium,multi-underlying candidate with new pnu; create asset then fetch/insert ledger,"asset_master, asset_fund_links, asset_building_ledger, fund_assets",ast_0bbbe8c5910d,이지스일반사모투자신탁435호(태양광),이지스일반사모투자신탁435호(태양광),이큐에너지,split_or_drawer_list,,domestic_excel_fund_code_match,create_or_link_underlying_asset_with_location,False,112584,112584,이지스일반사모투자신탁435호(태양광),13,특별자산,특별자산,경상북도 영주시 조와동 346,충청북도 충주시 대소원면 완오리 1165,different,4721011000103460000,4313033530111650000,different,128.626195302659,127.837297354945,different,36.8736398842617,36.9983951162712,different,True,True,True,False,False,True,True,58423,,경상북도 영주시 조와동 346,128.626195223085,36.8736403288388,False
create_underlying_asset_then_fetch_ledger,medium,multi-underlying candidate with new pnu; create asset then fetch/insert ledger,"asset_master, asset_fund_links, asset_building_ledger, fund_assets",ast_0bbbe8c5910d,이지스일반사모투자신탁435호(태양광),이지스일반사모투자신탁435호(태양광),소망,split_or_drawer_list,,domestic_excel_fund_code_match,create_or_link_underlying_asset_with_location,False,112584,112584,이지스일반사모투자신탁435호(태양광),14,특별자산,특별자산,충청남도 서천군 서면 원두리 산79-1,충청북도 충주시 대소원면 완오리 1165,different,4477041025200790001,4313033530111650000,different,126.581342387506,127.837297354945,different,36.1688014842476,36.9983951162712,different,True,True,True,False,False,True,True,58424,,충청남도 서천군 서면 원두리 산 79-1,126.581342475573,36.168802003673,False
create_underlying_asset_then_fetch_ledger,medium,multi-underlying candidate with new pnu; create asset then fetch/insert ledger,"asset_master, asset_fund_links, asset_building_ledger, fund_assets",ast_0bbbe8c5910d,이지스일반사모투자신탁435호(태양광),이지스일반사모투자신탁435호(태양광),청수,split_or_drawer_list,,domestic_excel_fund_code_match,create_or_link_underlying_asset_with_location,False,112584,112584,이지스일반사모투자신탁435호(태양광),15,특별자산,특별자산,충청남도 서천군 서면 원두리 산79-1,충청북도 충주시 대소원면 완오리 1165,different,4477041025200790001,4313033530111650000,different,126.581342387506,127.837297354945,different,36.1688014842476,36.9983951162712,different,True,True,True,False,False,True,True,58425,,충청남도 서천군 서면 원두리 산 79-1,126.581342475573,36.168802003673,False
create_underlying_asset_then_fetch_ledger,medium,multi-underlying candidate with new pnu; create asset then fetch/insert ledger,"asset_master, asset_fund_links, asset_building_ledger, fund_assets",ast_0bbbe8c5910d,이지스일반사모투자신탁435호(태양광),이지스일반사모투자신탁435호(태양광),봉산햇빛,split_or_drawer_list,,domestic_excel_fund_code_match,create_or_link_underlying_asset_with_location,False,112584,112584,이지스일반사모투자신탁435호(태양광),16,특별자산,특별자산,강원특별자치도 철원군 갈말읍 동막리 산166,충청북도 충주시 대소원면 완오리 1165,different,5178025630201660000,4313033530111650000,different,127.312215136116,127.837297354945,different,38.2394423378619,36.9983951162712,different,True,True,True,False,False,True,True,58426,,강원특별자치도 철원군 갈말읍 동막리 산 166-1,127.312215172602,38.2394426585278,False
create_underlying_asset_then_fetch_ledger,medium,multi-underlying candidate with new pnu; create asset then fetch/insert ledger,"asset_master, asset_fund_links, asset_building_ledger, fund_assets",ast_0bbbe8c5910d,이지스일반사모투자신탁435호(태양광),이지스일반사모투자신탁435호(태양광),행암에너지일호,split_or_drawer_list,,domestic_excel_fund_code_match,create_or_link_underlying_asset_with_location,False,112584,112584,이지스일반사모투자신탁435호(태양광),17,특별자산,특별자산,충청남도 천안시 동남구 동면 401-8,충청북도 충주시 대소원면 완오리 1165,different,4413137000104010008,4313033530111650000,different,127.349987101045,127.837297354945,different,36.8097902273754,36.9983951162712,different,True,True,True,False,False,True,True,58427,,충청남도 천안시 동남구 동면 행암리 401-8,127.3499868511,36.809790645171,False
create_underlying_asset_then_fetch_ledger,medium,multi-underlying candidate with new pnu; create asset then fetch/insert ledger,"asset_master, asset_fund_links, asset_building_ledger, fund_assets",ast_0bbbe8c5910d,이지스일반사모투자신탁435호(태양광),이지스일반사모투자신탁435호(태양광),도원에너지,split_or_drawer_list,,domestic_excel_fund_code_match,create_or_link_underlying_asset_with_location,False,112584,112584,이지스일반사모투자신탁435호(태양광),18,특별자산,특별자산,경상남도 하동군 양보면 감당리 산85-1,충청북도 충주시 대소원면 완오리 1165,different,4885038023200850001,4313033530111650000,different,127.829534398816,127.837297354945,different,35.0825899467748,36.9983951162712,different,True,True,True,False,False,True,True,58428,,경상남도 하동군 양보면 감당리 산 85-1,127.82953436791,35.0825905534168,False
create_underlying_asset_then_fetch_ledger,medium,multi-underlying candidate with new pnu; create asset then fetch/insert ledger,"asset_master, asset_fund_links, asset_building_ledger, fund_assets",ast_0bbbe8c5910d,이지스일반사모투자신탁435호(태양광),이지스일반사모투자신탁435호(태양광),솔빛에너지,split_or_drawer_list,,domestic_excel_fund_code_match,create_or_link_underlying_asset_with_location,False,112584,112584,이지스일반사모투자신탁435호(태양광),19,특별자산,특별자산,경상남도 함안군 군북면 장지리 659,충청북도 충주시 대소원면 완오리 1165,different,4873032030106590000,4313033530111650000,different,128.335500235149,127.837297354945,different,35.299076463718,36.9983951162712,different,True,True,True,False,False,True,True,58429,,경상남도 함안군 군북면 장지리 659,128.33550030293,35.2990769768325,False
link_existing_underlying_asset_by_pnu,medium,same pnu exists elsewhere in DB; prefer linking/merging existing asset before creating,"asset_master, asset_fund_links, fund_assets",ast_0bbbe8c5910d,이지스일반사모투자신탁435호(태양광),이지스일반사모투자신탁435호(태양광),에스와이솔라,split_or_drawer_list,,domestic_excel_fund_code_match,create_or_link_underlying_asset_with_location,False,112584,112584,이지스일반사모투자신탁435호(태양광),20,특별자산,특별자산,부산광역시 강서구 대저1동 1619,충청북도 충주시 대소원면 완오리 1165,different,2644010100116190000,4313033530111650000,different,128.954259138838,127.837297354945,different,35.2131309772713,36.9983951162712,different,True,True,True,False,True,True,True,58430,2644010100116190000,대저1동 1619,128.954717074,35.209673248,True
link_existing_underlying_asset_by_pnu,medium,same pnu exists elsewhere in DB; prefer linking/merging existing asset before creating,"asset_master, asset_fund_links, fund_assets",ast_0bbbe8c5910d,이지스일반사모투자신탁435호(태양광),이지스일반사모투자신탁435호(태양광),에이치엠솔라1,split_or_drawer_list,,domestic_excel_fund_code_match,create_or_link_underlying_asset_with_location,False,112584,112584,이지스일반사모투자신탁435호(태양광),21,특별자산,특별자산,강원특별자치도 원주시 문막읍 반계리 2255-2,충청북도 충주시 대소원면 완오리 1165,different,5113025029122550002,4313033530111650000,different,127.798699195572,127.837297354945,different,37.2977858883412,36.9983951162712,different,True,True,True,False,True,True,True,58431,5113025029122550002,강원특별자치도 원주시 문막읍 반계리 2255-2,127.798699187274,37.2977862965336,True
link_existing_underlying_asset_by_pnu,medium,same pnu exists elsewhere in DB; prefer linking/merging existing asset before creating,"asset_master, asset_fund_links, fund_assets",ast_0bbbe8c5910d,이지스일반사모투자신탁435호(태양광),이지스일반사모투자신탁435호(태양광),이에스에이치12,split_or_drawer_list,,domestic_excel_fund_code_match,create_or_link_underlying_asset_with_location,False,112584,112584,이지스일반사모투자신탁435호(태양광),22,특별자산,특별자산,전라남도 광양시 광양읍 세풍리 2224,충청북도 충주시 대소원면 완오리 1165,different,4623025034122240000,4313033530111650000,different,127.596397170066,127.837297354945,different,34.8966180963216,36.9983951162712,different,True,True,True,False,True,True,True,58432,4623025034122240000,전라남도 광양시 광양읍 세풍리 2224,127.596397155015,34.8966187216681,True
create_underlying_asset_then_fetch_ledger,medium,multi-underlying candidate with new pnu; create asset then fetch/insert ledger,"asset_master, asset_fund_links, asset_building_ledger, fund_assets",ast_0bbbe8c5910d,이지스일반사모투자신탁435호(태양광),이지스일반사모투자신탁435호(태양광),지티씨솔라13호,split_or_drawer_list,,domestic_excel_fund_code_match,create_or_link_underlying_asset_with_location,False,112584,112584,이지스일반사모투자신탁435호(태양광),23,특별자산,특별자산,강원특별자치도 화천군 사내면 용담리 602,충청북도 충주시 대소원면 완오리 1165,different,5179034024106020000,4313033530111650000,different,127.537474128221,127.837297354945,different,38.0836900241721,36.9983951162712,different,True,True,True,False,False,True,True,58433,,강원특별자치도 화천군 사내면 용담리 602,127.537473866627,38.083690321283,False
create_underlying_asset_then_fetch_ledger,medium,multi-underlying candidate with new pnu; create asset then fetch/insert ledger,"asset_master, asset_fund_links, asset_building_ledger, fund_assets",ast_0bbbe8c5910d,이지스일반사모투자신탁435호(태양광),이지스일반사모투자신탁435호(태양광),강구16호,split_or_drawer_list,,domestic_excel_fund_code_match,create_or_link_underlying_asset_with_location,False,112584,112584,이지스일반사모투자신탁435호(태양광),24,특별자산,특별자산,경상북도 안동시 길안면 현하리 1115-19,충청북도 충주시 대소원면 완오리 1165,different,4717039033111150019,4313033530111650000,different,128.842429765427,127.837297354945,different,36.4285764602799,36.9983951162712,different,True,True,True,False,False,True,True,58434,,경상북도 안동시 길안면 현하리 1115-19,128.842429666407,36.4285769432021,False
create_underlying_asset_then_fetch_ledger,medium,multi-underlying candidate with new pnu; create asset then fetch/insert ledger,"asset_master, asset_fund_links, asset_building_ledger, fund_assets",ast_0bbbe8c5910d,이지스일반사모투자신탁435호(태양광),이지스일반사모투자신탁435호(태양광),외삼1호,split_or_drawer_list,,domestic_excel_fund_code_match,create_or_link_underlying_asset_with_location,False,112584,112584,이지스일반사모투자신탁435호(태양광),25,특별자산,특별자산,경상북도 봉화군 봉성면 외삼리 793,충청북도 충주시 대소원면 완오리 1165,different,4792032023107930000,4313033530111650000,different,128.78366992654,127.837297354945,different,36.8892411396545,36.9983951162712,different,True,True,True,False,False,True,True,58435,,경상북도 봉화군 봉성면 외삼리 793,128.783669834076,36.889241582552,False
create_underlying_asset_then_fetch_ledger,medium,multi-underlying candidate with new pnu; create asset then fetch/insert ledger,"asset_master, asset_fund_links, asset_building_ledger, fund_assets",ast_0bbbe8c5910d,이지스일반사모투자신탁435호(태양광),이지스일반사모투자신탁435호(태양광),외삼2호,split_or_drawer_list,,domestic_excel_fund_code_match,create_or_link_underlying_asset_with_location,False,112584,112584,이지스일반사모투자신탁435호(태양광),26,특별자산,특별자산,경상북도 봉화군 봉성면 외삼리 792,충청북도 충주시 대소원면 완오리 1165,different,4792032023107920000,4313033530111650000,different,128.783858932297,127.837297354945,different,36.8889474904447,36.9983951162712,different,True,True,True,False,False,True,True,58436,,경상북도 봉화군 봉성면 외삼리 792,128.783858562063,36.8889478963492,False
create_underlying_asset_then_fetch_ledger,medium,multi-underlying candidate with new pnu; create asset then fetch/insert ledger,"asset_master, asset_fund_links, asset_building_ledger, fund_assets",ast_0bbbe8c5910d,이지스일반사모투자신탁435호(태양광),이지스일반사모투자신탁435호(태양광),솔라트리1호,split_or_drawer_list,,domestic_excel_fund_code_match,create_or_link_underlying_asset_with_location,False,112584,112584,이지스일반사모투자신탁435호(태양광),27,특별자산,특별자산,충청북도 제천시 봉양읍 공전리 359-1,충청북도 충주시 대소원면 완오리 1165,different,4315025034103590001,4313033530111650000,different,128.081126743899,127.837297354945,different,37.1079013957364,36.9983951162712,different,True,True,True,False,False,True,True,58437,,충청북도 제천시 봉양읍 공전리 359-1,128.081126710735,37.1079018205968,False
create_underlying_asset_then_fetch_ledger,medium,multi-underlying candidate with new pnu; create asset then fetch/insert ledger,"asset_master, asset_fund_links, asset_building_ledger, fund_assets",ast_0bbbe8c5910d,이지스일반사모투자신탁435호(태양광),이지스일반사모투자신탁435호(태양광),김송하,split_or_drawer_list,,domestic_excel_fund_code_match,create_or_link_underlying_asset_with_location,False,112584,112584,이지스일반사모투자신탁435호(태양광),28,특별자산,특별자산,강원특별자치도 영월군 상동읍 구래리 194-9,충청북도 충주시 대소원면 완오리 1165,different,5175025322101940009,4313033530111650000,different,128.810643633155,127.837297354945,different,37.1678515560276,36.9983951162712,different,True,True,True,False,False,True,True,58438,,강원특별자치도 영월군 상동읍 구래리 194-9,128.810643539037,37.1678519743788,False
create_underlying_asset_then_fetch_ledger,medium,multi-underlying candidate with new pnu; create asset then fetch/insert ledger,"asset_master, asset_fund_links, asset_building_ledger, fund_assets",ast_0bbbe8c5910d,이지스일반사모투자신탁435호(태양광),이지스일반사모투자신탁435호(태양광),에스이피브,split_or_drawer_list,,domestic_excel_fund_code_match,create_or_link_underlying_asset_with_location,False,112584,112584,이지스일반사모투자신탁435호(태양광),29,특별자산,특별자산,경기도 연천군 중면 합수리 661,충청북도 충주시 대소원면 완오리 1165,different,4180037026106610000,4313033530111650000,different,127.043659510198,127.837297354945,different,38.1372804571045,36.9983951162712,different,True,True,True,False,False,True,True,58439,,경기도 연천군 중면 합수리 661,127.043659295094,38.1372807538152,False
create_underlying_asset_then_fetch_ledger,medium,multi-underlying candidate with new pnu; create asset then fetch/insert ledger,"asset_master, asset_fund_links, asset_building_ledger, fund_assets",ast_0bbbe8c5910d,이지스일반사모투자신탁435호(태양광),이지스일반사모투자신탁435호(태양광),케이앤씨헤르메스,split_or_drawer_list,,domestic_excel_fund_code_match,create_or_link_underlying_asset_with_location,False,112584,112584,이지스일반사모투자신탁435호(태양광),30,특별자산,특별자산,전라북도 남원시 대강면 송대리 3-7,충청북도 충주시 대소원면 완오리 1165,different,4519036026100030007,4313033530111650000,different,127.242014696092,127.837297354945,different,35.3757153395264,36.9983951162712,different,True,True,True,False,False,True,True,58440,,전북특별자치도 남원시 대강면 송대리 3-7,127.242014717232,35.37571592589,False
create_underlying_asset_then_fetch_ledger,medium,multi-underlying candidate with new pnu; create asset then fetch/insert ledger,"asset_master, asset_fund_links, asset_building_ledger, fund_assets",ast_0bbbe8c5910d,이지스일반사모투자신탁435호(태양광),이지스일반사모투자신탁435호(태양광),모두에너지,split_or_drawer_list,,domestic_excel_fund_code_match,create_or_link_underlying_asset_with_location,False,112584,112584,이지스일반사모투자신탁435호(태양광),31,특별자산,특별자산,경상북도 경주시 강동면 왕신리 산141-1,충청북도 충주시 대소원면 완오리 1165,different,4713037028201410001,4313033530111650000,different,129.322003835782,127.837297354945,different,35.9357155715035,36.9983951162712,different,True,True,True,False,False,True,True,58441,,경상북도 경주시 강동면 왕신리 산 141-1,129.322003418445,35.9357160588788,False
create_underlying_asset_then_fetch_ledger,medium,multi-underlying candidate with new pnu; create asset then fetch/insert ledger,"asset_master, asset_fund_links, asset_building_ledger, fund_assets",ast_0bbbe8c5910d,이지스일반사모투자신탁435호(태양광),이지스일반사모투자신탁435호(태양광),솔라팩토리10호,split_or_drawer_list,,domestic_excel_fund_code_match,create_or_link_underlying_asset_with_location,False,112584,112584,이지스일반사모투자신탁435호(태양광),32,특별자산,특별자산,경기도 포천시 자작동 595,충청북도 충주시 대소원면 완오리 1165,different,4165010300105950000,4313033530111650000,different,127.164579436744,127.837297354945,different,37.8722221551578,36.9983951162712,different,True,True,True,False,False,True,True,58442,,경기도 포천시 자작동 595,127.16457033371,37.8722224727945,False
link_existing_underlying_asset_by_pnu,medium,same pnu exists elsewhere in DB; prefer linking/merging existing asset before creating,"asset_master, asset_fund_links, fund_assets",ast_0bbbe8c5910d,이지스일반사모투자신탁435호(태양광),이지스일반사모투자신탁435호(태양광),씨에스에너텍,split_or_drawer_list,,domestic_excel_fund_code_match,create_or_link_underlying_asset_with_location,False,112584,112584,이지스일반사모투자신탁435호(태양광),33,특별자산,특별자산,경상북도 경산시 진량읍 신상리 1186-7,충청북도 충주시 대소원면 완오리 1165,different,4729025321111860007,4313033530111650000,different,128.832009344151,127.837297354945,different,35.876536295234,36.9983951162712,different,True,True,True,False,True,True,True,58443,4729025321111860007,진량읍 신상리 1186-7,128.831477243,35.876417663,True
create_underlying_asset_then_fetch_ledger,medium,multi-underlying candidate with new pnu; create asset then fetch/insert ledger,"asset_master, asset_fund_links, asset_building_ledger, fund_assets",ast_0bbbe8c5910d,이지스일반사모투자신탁435호(태양광),이지스일반사모투자신탁435호(태양광),알이씨에너지,split_or_drawer_list,,domestic_excel_fund_code_match,create_or_link_underlying_asset_with_location,False,112584,112584,이지스일반사모투자신탁435호(태양광),34,특별자산,특별자산,경기도 가평군 설악면 천안리 21-2,충청북도 충주시 대소원면 완오리 1165,different,4182031034100210002,4313033530111650000,different,127.492471395353,127.837297354945,different,37.6309866871406,36.9983951162712,different,True,True,True,False,False,True,True,58444,,경기도 가평군 설악면 천안리 21-2,127.492471137095,37.6309870272374,False
create_underlying_asset_then_fetch_ledger,medium,multi-underlying candidate with new pnu; create asset then fetch/insert ledger,"asset_master, asset_fund_links, asset_building_ledger, fund_assets",ast_0bbbe8c5910d,이지스일반사모투자신탁435호(태양광),이지스일반사모투자신탁435호(태양광),알이엔네트웍스,split_or_drawer_list,,domestic_excel_fund_code_match,create_or_link_underlying_asset_with_location,False,112584,112584,이지스일반사모투자신탁435호(태양광),35,특별자산,특별자산,경기도 가평군 설악면 천안리 14-1,충청북도 충주시 대소원면 완오리 1165,different,4182031034100140001,4313033530111650000,different,127.489940253948,127.837297354945,different,37.6322875136165,36.9983951162712,different,True,True,True,False,False,True,True,58445,,경기도 가평군 설악면 천안리 14-1,127.489939995916,37.6322878535948,False
create_underlying_asset_then_fetch_ledger,medium,multi-underlying candidate with new pnu; create asset then fetch/insert ledger,"asset_master, asset_fund_links, asset_building_ledger, fund_assets",ast_0bbbe8c5910d,이지스일반사모투자신탁435호(태양광),이지스일반사모투자신탁435호(태양광),어량리,split_or_drawer_list,,domestic_excel_fund_code_match,create_or_link_underlying_asset_with_location,False,112584,112584,이지스일반사모투자신탁435호(태양광),36,특별자산,특별자산,전라북도 익산시 망성면 어량리 1743-14,충청북도 충주시 대소원면 완오리 1165,different,4514038024117430014,4313033530111650000,different,127.03057297657,127.837297354945,different,36.0915082310654,36.9983951162712,different,True,True,True,False,False,True,True,58446,,"전라북도 익산시 밍상면 어량리 1743-14, 906-47, 906-46, 1743-13",,,False
create_underlying_asset_then_fetch_ledger,medium,multi-underlying candidate with new pnu; create asset then fetch/insert ledger,"asset_master, asset_fund_links, asset_building_ledger, fund_assets",ast_0bbbe8c5910d,이지스일반사모투자신탁435호(태양광),이지스일반사모투자신탁435호(태양광),비케이솔라,split_or_drawer_list,,domestic_excel_fund_code_match,create_or_link_underlying_asset_with_location,False,112584,112584,이지스일반사모투자신탁435호(태양광),37,특별자산,특별자산,충청북도 진천군 문백면 계산리 359-1,충청북도 충주시 대소원면 완오리 1165,different,4375033026103590001,4313033530111650000,different,127.400320673083,127.837297354945,different,36.7903360743981,36.9983951162712,different,True,True,True,False,False,True,True,58447,,충청북도 진천군 문백면 계산리 359-1,127.400320696402,36.7903365306719,False
create_underlying_asset_then_fetch_ledger,medium,multi-underlying candidate with new pnu; create asset then fetch/insert ledger,"asset_master, asset_fund_links, asset_building_ledger, fund_assets",ast_0bbbe8c5910d,이지스일반사모투자신탁435호(태양광),이지스일반사모투자신탁435호(태양광),와이알에너지,split_or_drawer_list,,domestic_excel_fund_code_match,create_or_link_underlying_asset_with_location,False,112584,112584,이지스일반사모투자신탁435호(태양광),38,특별자산,특별자산,충청북도 진천군 문백면 계산리 359-1,충청북도 충주시 대소원면 완오리 1165,different,4375033026103590001,4313033530111650000,different,127.400320673083,127.837297354945,different,36.7903360743981,36.9983951162712,different,True,True,True,False,False,True,True,58448,,충청북도 진천군 문백면 계산리 359-1,127.400320696402,36.7903365306719,False
create_underlying_asset_then_fetch_ledger,medium,multi-underlying candidate with new pnu; create asset then fetch/insert ledger,"asset_master, asset_fund_links, asset_building_ledger, fund_assets",ast_0bbbe8c5910d,이지스일반사모투자신탁435호(태양광),이지스일반사모투자신탁435호(태양광),유현그린,split_or_drawer_list,,domestic_excel_fund_code_match,create_or_link_underlying_asset_with_location,False,112584,112584,이지스일반사모투자신탁435호(태양광),39,특별자산,특별자산,충청북도 진천군 문백면 계산리 359-1,충청북도 충주시 대소원면 완오리 1165,different,4375033026103590001,4313033530111650000,different,127.400320673083,127.837297354945,different,36.7903360743981,36.9983951162712,different,True,True,True,False,False,True,True,58449,,충청북도 진천군 문백면 계산리 359-1,127.400320696402,36.7903365306719,False
create_underlying_asset_then_fetch_ledger,medium,multi-underlying candidate with new pnu; create asset then fetch/insert ledger,"asset_master, asset_fund_links, asset_building_ledger, fund_assets",ast_0bbbe8c5910d,이지스일반사모투자신탁435호(태양광),이지스일반사모투자신탁435호(태양광),케이앤씨그린북,split_or_drawer_list,,domestic_excel_fund_code_match,create_or_link_underlying_asset_with_location,False,112584,112584,이지스일반사모투자신탁435호(태양광),40,특별자산,특별자산,충청남도 논산시 은진면 용산리 296,충청북도 충주시 대소원면 완오리 1165,different,4423041025102960000,4313033530111650000,different,127.120390614737,127.837297354945,different,36.1581873321686,36.9983951162712,different,True,True,True,False,False,True,True,58450,,충청남도 논산시 은진면 용산리 296,127.12039037846,36.1581878121978,False
create_underlying_asset_then_fetch_ledger,medium,multi-underlying candidate with new pnu; create asset then fetch/insert ledger,"asset_master, asset_fund_links, asset_building_ledger, fund_assets",ast_0bbbe8c5910d,이지스일반사모투자신탁435호(태양광),이지스일반사모투자신탁435호(태양광),디앤피상주,split_or_drawer_list,,domestic_excel_fund_code_match,create_or_link_underlying_asset_with_location,False,112584,112584,이지스일반사모투자신탁435호(태양광),41,특별자산,특별자산,경상북도 상주시 화동면 어산리 524-1,충청북도 충주시 대소원면 완오리 1165,different,4725040024105240001,4313033530111650000,different,128.003694356758,127.837297354945,different,36.3956116798158,36.9983951162712,different,True,True,True,False,False,True,True,58451,,경상북도 상주시 화동면 어산리 524-1,128.003694326089,36.3956121690495,False
create_underlying_asset_then_fetch_ledger,medium,multi-underlying candidate with new pnu; create asset then fetch/insert ledger,"asset_master, asset_fund_links, asset_building_ledger, fund_assets",ast_0bbbe8c5910d,이지스일반사모투자신탁435호(태양광),이지스일반사모투자신탁435호(태양광),적화솔라,split_or_drawer_list,,domestic_excel_fund_code_match,create_or_link_underlying_asset_with_location,False,112584,112584,이지스일반사모투자신탁435호(태양광),42,특별자산,특별자산,충청남도 부여군 장암면 지토리 산26,충청북도 충주시 대소원면 완오리 1165,different,4476042028200260000,4313033530111650000,different,126.921282091648,127.837297354945,different,36.2120166507773,36.9983951162712,different,True,True,True,False,False,True,True,58452,,충청남도 부여군 장암면 지토리 산 26,126.921282150808,36.2120171634691,False
create_underlying_asset_then_fetch_ledger,medium,multi-underlying candidate with new pnu; create asset then fetch/insert ledger,"asset_master, asset_fund_links, asset_building_ledger, fund_assets",ast_0bbbe8c5910d,이지스일반사모투자신탁435호(태양광),이지스일반사모투자신탁435호(태양광),솔라시너지햇빛1호,split_or_drawer_list,,domestic_excel_fund_code_match,create_or_link_underlying_asset_with_location,False,112584,112584,이지스일반사모투자신탁435호(태양광),43,특별자산,특별자산,충청남도 보령시 천북면 신죽리 645-11,충청북도 충주시 대소원면 완오리 1165,different,4418033028106450011,4313033530111650000,different,126.578829214012,127.837297354945,different,36.4866376268523,36.9983951162712,different,True,True,True,False,False,True,True,58453,,충청남도 보령시 천북면 신죽리 645-11,126.578829306093,36.486638116384,False
create_underlying_asset_then_fetch_ledger,medium,multi-underlying candidate with new pnu; create asset then fetch/insert ledger,"asset_master, asset_fund_links, asset_building_ledger, fund_assets",ast_0bbbe8c5910d,이지스일반사모투자신탁435호(태양광),이지스일반사모투자신탁435호(태양광),이인메가태양광,split_or_drawer_list,,domestic_excel_fund_code_match,create_or_link_underlying_asset_with_location,False,112584,112584,이지스일반사모투자신탁435호(태양광),44,특별자산,특별자산,충청남도 공주시 이인면 오룡리 산2-32,충청북도 충주시 대소원면 완오리 1165,different,4415031023200020032,4313033530111650000,different,127.074308261653,127.837297354945,different,36.4145419540869,36.9983951162712,different,True,True,True,False,False,True,True,58454,,충청남도 공주시 이인면 오룡리 산 2-32,127.074308309811,36.4145424469331,False
create_underlying_asset_then_fetch_ledger,medium,multi-underlying candidate with new pnu; create asset then fetch/insert ledger,"asset_master, asset_fund_links, asset_building_ledger, fund_assets",ast_0bbbe8c5910d,이지스일반사모투자신탁435호(태양광),이지스일반사모투자신탁435호(태양광),솔라팩토리22호,split_or_drawer_list,,domestic_excel_fund_code_match,create_or_link_underlying_asset_with_location,False,112584,112584,이지스일반사모투자신탁435호(태양광),45,특별자산,특별자산,경상북도 김천시 어모면 남산리 2033,충청북도 충주시 대소원면 완오리 1165,different,4715036023120330000,4313033530111650000,different,128.131889016506,127.837297354945,different,36.1612622229727,36.9983951162712,different,True,True,True,False,False,True,True,58455,,경북 김천시 어모면 남신리 213번지,,,False
link_existing_underlying_asset_same_asset_pnu,review,candidate pnu already exists for same asset_id; create/link relationship only after review,"asset_fund_links, fund_assets",ast_0bbbe8c5910d,이지스일반사모투자신탁435호(태양광),이지스일반사모투자신탁435호(태양광),솔라팩토리19호,split_or_drawer_list,,domestic_excel_fund_code_match,create_or_link_underlying_asset_with_location,False,112584,112584,이지스일반사모투자신탁435호(태양광),46,대출채권,특별자산,충청북도 충주시 대소원면 완오리 1165,충청북도 충주시 대소원면 완오리 1165,same,4313033530111650000,4313033530111650000,same,127.837297367833,127.837297354945,same,36.9983946807878,36.9983951162712,same,True,True,True,True,True,False,False,58456,4313033530111650000,충청북도 충주시 대소원면 완오리 1165,127.837297354945,36.9983951162712,True
update_asset_master_then_fetch_ledger,medium,safe existing asset update with new/different location; ledger missing for asset+pnu,"asset_master, asset_building_ledger",ast_109318d66df6,이지스일반사모부동산투자신탁제451호(운용),이지스일반사모부동산투자신탁제451호(운용),화성 석포리 물류센터,update_asset_name,,domestic_excel_fund_code_match,update_existing_asset_master_location,True,112642 | 112643 | 112644 | 120027 | 120118,112642,이지스일반사모부동산투자신탁제451호(운용),1,물류,물류,경기도 화성시 장안면 석포리 147-12,경기도 화성시 만세구 장안면 석포리 147-12,different,4159037022101470012,4159135022101470012,different,126.835957149717,126.835956947127,same,37.1208726377762,37.120873028514,same,True,True,True,False,False,True,True,58498,4159135022101470012,경기도 화성시 만세구 장안면 석포리 147-12,126.835956947127,37.120873028514,True
create_underlying_asset_then_fetch_ledger,medium,multi-underlying candidate with new pnu; create asset then fetch/insert ledger,"asset_master, asset_fund_links, asset_building_ledger, fund_assets",ast_222407c92192,이지스일반사모투자신탁392호(태양광),이지스일반사모투자신탁392호(태양광),참빛솔라 태양광발전소,split_or_drawer_list,,domestic_excel_fund_code_match,create_or_link_underlying_asset_with_location,False,112504,112504,이지스일반사모투자신탁392호(태양광),1,특별자산,특별자산,경상북도 성주군 초전면 고산리 산61,남양동 330-3,different,4784038037200610000,5123012000103300003,different,128.224629655074,129.1683588,different,35.9887720351261,37.443710839,different,True,True,True,False,False,True,True,58328,,경상북도 성주군 초천면 고산리 산61,,,False
create_underlying_asset_then_fetch_ledger,medium,multi-underlying candidate with new pnu; create asset then fetch/insert ledger,"asset_master, asset_fund_links, asset_building_ledger, fund_assets",ast_222407c92192,이지스일반사모투자신탁392호(태양광),이지스일반사모투자신탁392호(태양광),최강일 태양광발전소,split_or_drawer_list,,domestic_excel_fund_code_match,create_or_link_underlying_asset_with_location,False,112504,112504,이지스일반사모투자신탁392호(태양광),2,특별자산,특별자산,강원특별자치도 영월군 상동읍 구래리 194-1,남양동 330-3,different,5175025322101940001,5123012000103300003,different,128.809392088464,129.1683588,different,37.1681105159263,37.443710839,different,True,True,True,False,False,True,True,58329,,강원도 영월군 상동읍 수래리 194-1,,,False
create_underlying_asset_then_fetch_ledger,medium,multi-underlying candidate with new pnu; create asset then fetch/insert ledger,"asset_master, asset_fund_links, asset_building_ledger, fund_assets",ast_222407c92192,이지스일반사모투자신탁392호(태양광),이지스일반사모투자신탁392호(태양광),신명솔라 태양광발전소,split_or_drawer_list,,domestic_excel_fund_code_match,create_or_link_underlying_asset_with_location,False,112504,112504,이지스일반사모투자신탁392호(태양광),3,특별자산,특별자산,강원특별자치도 횡성군 횡성읍 송전리 34,남양동 330-3,different,5173025026100340000,5123012000103300003,different,128.025712241798,129.1683588,different,37.5338985915933,37.443710839,different,True,True,True,False,False,True,True,58330,,강원특별자치도 횡성군 횡성읍 송전리 34,128.025712214516,37.5338989777653,False
create_underlying_asset_then_fetch_ledger,medium,multi-underlying candidate with new pnu; create asset then fetch/insert ledger,"asset_master, asset_fund_links, asset_building_ledger, fund_assets",ast_222407c92192,이지스일반사모투자신탁392호(태양광),이지스일반사모투자신탁392호(태양광),성리태양광발전소,split_or_drawer_list,,domestic_excel_fund_code_match,create_or_link_underlying_asset_with_location,False,112504,112504,이지스일반사모투자신탁392호(태양광),4,특별자산,특별자산,경상남도 합천군 대병면 성리 산117,남양동 330-3,different,4889045029201170000,5123012000103300003,different,128.065825733894,129.1683588,different,35.5245413825355,37.443710839,different,True,True,True,False,False,True,True,58331,,경상남도 합천군 대병면 성리 산 117,128.065825689792,35.5245419484486,False
create_underlying_asset_then_fetch_ledger,medium,multi-underlying candidate with new pnu; create asset then fetch/insert ledger,"asset_master, asset_fund_links, asset_building_ledger, fund_assets",ast_222407c92192,이지스일반사모투자신탁392호(태양광),이지스일반사모투자신탁392호(태양광),새금풍력태양광발전소,split_or_drawer_list,,domestic_excel_fund_code_match,create_or_link_underlying_asset_with_location,False,112504,112504,이지스일반사모투자신탁392호(태양광),5,특별자산,특별자산,강원특별자치도 삼척시 남양동 산33,남양동 330-3,different,5123012000200330000,5123012000103300003,different,129.160670927536,129.1683588,different,37.4214368258761,37.443710839,different,True,True,True,False,False,True,True,58332,5123012000103300003,남양동 330-3,129.1683588,37.443710839,True
create_underlying_asset_then_fetch_ledger,medium,multi-underlying candidate with new pnu; create asset then fetch/insert ledger,"asset_master, asset_fund_links, asset_building_ledger, fund_assets",ast_222407c92192,이지스일반사모투자신탁392호(태양광),이지스일반사모투자신탁392호(태양광),엠아이파워,split_or_drawer_list,,domestic_excel_fund_code_match,create_or_link_underlying_asset_with_location,False,112504,112504,이지스일반사모투자신탁392호(태양광),6,특별자산,특별자산,경상북도 청도군 풍각면 월봉리 산10,남양동 330-3,different,4782032042200100000,5123012000103300003,different,128.59726791787,129.1683588,different,35.6179321225591,37.443710839,different,True,True,True,False,False,True,True,58333,,경상북도 청도군 풍각면 월봉리 산 10,128.597267554672,35.6179326411082,False
create_underlying_asset_then_fetch_ledger,medium,multi-underlying candidate with new pnu; create asset then fetch/insert ledger,"asset_master, asset_fund_links, asset_building_ledger, fund_assets",ast_222407c92192,이지스일반사모투자신탁392호(태양광),이지스일반사모투자신탁392호(태양광),해량에너지,split_or_drawer_list,,domestic_excel_fund_code_match,create_or_link_underlying_asset_with_location,False,112504,112504,이지스일반사모투자신탁392호(태양광),7,특별자산,특별자산,충청남도 보령시 천북면 장은리 214-8,남양동 330-3,different,4418033024102140008,5123012000103300003,different,126.515408681817,129.1683588,different,36.4986638137305,37.443710839,different,True,True,True,False,False,True,True,58334,,충청남도 보령시 천북면 장은리 산157-1,,,False
create_underlying_asset_then_fetch_ledger,medium,multi-underlying candidate with new pnu; create asset then fetch/insert ledger,"asset_master, asset_fund_links, asset_building_ledger, fund_assets",ast_222407c92192,이지스일반사모투자신탁392호(태양광),이지스일반사모투자신탁392호(태양광),시온솔라,split_or_drawer_list,,domestic_excel_fund_code_match,create_or_link_underlying_asset_with_location,False,112504,112504,이지스일반사모투자신탁392호(태양광),8,특별자산,특별자산,경상북도 영천시 북안면 효리 620-1,남양동 330-3,different,4723039029106200001,5123012000103300003,different,129.015031905496,129.1683588,different,35.8695000816468,37.443710839,different,True,True,True,False,False,True,True,58335,,경북 영천시 북안면 효리 산82-1,,,False
create_underlying_asset_then_fetch_ledger,medium,multi-underlying candidate with new pnu; create asset then fetch/insert ledger,"asset_master, asset_fund_links, asset_building_ledger, fund_assets",ast_222407c92192,이지스일반사모투자신탁392호(태양광),이지스일반사모투자신탁392호(태양광),의령1호,split_or_drawer_list,,domestic_excel_fund_code_match,create_or_link_underlying_asset_with_location,False,112504,112504,이지스일반사모투자신탁392호(태양광),9,특별자산,특별자산,경상남도 의령군 화정면 상일리 산95,남양동 330-3,different,4872034025200950000,5123012000103300003,different,128.223195801619,129.1683588,different,35.265279257668,37.443710839,different,True,True,True,False,False,True,True,58336,,경상남도 의령군 화정면 상일리 산 95,128.223195464066,35.265279809812,False
create_underlying_asset_then_fetch_ledger,medium,multi-underlying candidate with new pnu; create asset then fetch/insert ledger,"asset_master, asset_fund_links, asset_building_ledger, fund_assets",ast_222407c92192,이지스일반사모투자신탁392호(태양광),이지스일반사모투자신탁392호(태양광),의령2호,split_or_drawer_list,,domestic_excel_fund_code_match,create_or_link_underlying_asset_with_location,False,112504,112504,이지스일반사모투자신탁392호(태양광),10,특별자산,특별자산,경상남도 의령군 화정면 상일리 산95,남양동 330-3,different,4872034025200950000,5123012000103300003,different,128.223195801619,129.1683588,different,35.265279257668,37.443710839,different,True,True,True,False,False,True,True,58337,,경상남도 의령군 화정면 상일리 산 95,128.223195464066,35.265279809812,False
create_underlying_asset_then_fetch_ledger,medium,multi-underlying candidate with new pnu; create asset then fetch/insert ledger,"asset_master, asset_fund_links, asset_building_ledger, fund_assets",ast_222407c92192,이지스일반사모투자신탁392호(태양광),이지스일반사모투자신탁392호(태양광),의령3호,split_or_drawer_list,,domestic_excel_fund_code_match,create_or_link_underlying_asset_with_location,False,112504,112504,이지스일반사모투자신탁392호(태양광),11,특별자산,특별자산,경상남도 의령군 화정면 상일리 산95,남양동 330-3,different,4872034025200950000,5123012000103300003,different,128.223195801619,129.1683588,different,35.265279257668,37.443710839,different,True,True,True,False,False,True,True,58338,,경상남도 의령군 화정면 상일리 산 95,128.223195464066,35.265279809812,False
create_underlying_asset_then_fetch_ledger,medium,multi-underlying candidate with new pnu; create asset then fetch/insert ledger,"asset_master, asset_fund_links, asset_building_ledger, fund_assets",ast_222407c92192,이지스일반사모투자신탁392호(태양광),이지스일반사모투자신탁392호(태양광),나눔과사랑,split_or_drawer_list,,domestic_excel_fund_code_match,create_or_link_underlying_asset_with_location,False,112504,112504,이지스일반사모투자신탁392호(태양광),12,특별자산,특별자산,충청남도 부여군 임천면 점리 산9-1,남양동 330-3,different,4476041028200090001,5123012000103300003,different,126.90072110725,129.1683588,different,36.2177407029393,37.443710839,different,True,True,True,False,False,True,True,58339,,충청남도 부여군 임천면 점리 산 9-1,126.900720890488,36.2177411790282,False
create_underlying_asset_then_fetch_ledger,medium,multi-underlying candidate with new pnu; create asset then fetch/insert ledger,"asset_master, asset_fund_links, asset_building_ledger, fund_assets",ast_222407c92192,이지스일반사모투자신탁392호(태양광),이지스일반사모투자신탁392호(태양광),건화솔라,split_or_drawer_list,,domestic_excel_fund_code_match,create_or_link_underlying_asset_with_location,False,112504,112504,이지스일반사모투자신탁392호(태양광),13,특별자산,특별자산,경상남도 의령군 대의면 천곡리 산50,남양동 330-3,different,4872033029200500000,5123012000103300003,different,128.131457567959,129.1683588,different,35.344237969546,37.443710839,different,True,True,True,False,False,True,True,58340,,경상남도 의령군 대의면 천곡리 산 50,128.13145723869,35.3442385155307,False
create_underlying_asset_then_fetch_ledger,medium,multi-underlying candidate with new pnu; create asset then fetch/insert ledger,"asset_master, asset_fund_links, asset_building_ledger, fund_assets",ast_222407c92192,이지스일반사모투자신탁392호(태양광),이지스일반사모투자신탁392호(태양광),투태모에너지3호,split_or_drawer_list,,domestic_excel_fund_code_match,create_or_link_underlying_asset_with_location,False,112504,112504,이지스일반사모투자신탁392호(태양광),14,특별자산,특별자산,대구광역시 군위군 소보면 도산리 1181-3,남양동 330-3,different,4772031043111810003,5123012000103300003,different,128.436538919863,129.1683588,different,36.2431564038821,37.443710839,different,True,True,True,False,False,True,True,58341,,경상북도 군위군 소보면 도산리 산 89-5,,,False
create_underlying_asset_then_fetch_ledger,medium,multi-underlying candidate with new pnu; create asset then fetch/insert ledger,"asset_master, asset_fund_links, asset_building_ledger, fund_assets",ast_222407c92192,이지스일반사모투자신탁392호(태양광),이지스일반사모투자신탁392호(태양광),비취정보기술,split_or_drawer_list,,domestic_excel_fund_code_match,create_or_link_underlying_asset_with_location,False,112504,112504,이지스일반사모투자신탁392호(태양광),15,특별자산,특별자산,강원특별자치도 양양군 현남면 정자리 126-10,남양동 330-3,different,5183034025101260010,5123012000103300003,different,128.727835679814,129.1683588,different,37.9684883476199,37.443710839,different,True,True,True,False,False,True,True,58342,,강원특별자치도 양양군 현남면 정자리 1,128.740250467831,37.9688068158425,False
create_underlying_asset_then_fetch_ledger,medium,multi-underlying candidate with new pnu; create asset then fetch/insert ledger,"asset_master, asset_fund_links, asset_building_ledger, fund_assets",ast_222407c92192,이지스일반사모투자신탁392호(태양광),이지스일반사모투자신탁392호(태양광),은하수솔라,split_or_drawer_list,,domestic_excel_fund_code_match,create_or_link_underlying_asset_with_location,False,112504,112504,이지스일반사모투자신탁392호(태양광),16,특별자산,특별자산,전라북도 남원시 보절면 사촌리 산18-3,남양동 330-3,different,4519040028200180003,5123012000103300003,different,127.42236657571,129.1683588,different,35.5489353202139,37.443710839,different,True,True,True,False,False,True,True,58343,,전라북도 남원시 보절면 사촌리 산18-3,,,False
create_underlying_asset_then_fetch_ledger,medium,multi-underlying candidate with new pnu; create asset then fetch/insert ledger,"asset_master, asset_fund_links, asset_building_ledger, fund_assets",ast_222407c92192,이지스일반사모투자신탁392호(태양광),이지스일반사모투자신탁392호(태양광),화성솔라,split_or_drawer_list,,domestic_excel_fund_code_match,create_or_link_underlying_asset_with_location,False,112504,112504,이지스일반사모투자신탁392호(태양광),17,특별자산,특별자산,전라북도 남원시 보절면 사촌리 산18-4,남양동 330-3,different,4519040028200180004,5123012000103300003,different,127.422323488923,129.1683588,different,35.5483029912614,37.443710839,different,True,True,True,False,False,True,True,58344,,전북 남원시 보절면사촌리 산18-4,,,False
create_underlying_asset_then_fetch_ledger,medium,multi-underlying candidate with new pnu; create asset then fetch/insert ledger,"asset_master, asset_fund_links, asset_building_ledger, fund_assets",ast_222407c92192,이지스일반사모투자신탁392호(태양광),이지스일반사모투자신탁392호(태양광),임원,split_or_drawer_list,,domestic_excel_fund_code_match,create_or_link_underlying_asset_with_location,False,112504,112504,이지스일반사모투자신탁392호(태양광),18,특별자산,특별자산,강원특별자치도 삼척시 원덕읍 임원리 산255,남양동 330-3,different,5123025322202550000,5123012000103300003,different,129.332148077714,129.1683588,different,37.2515483713529,37.443710839,different,True,True,True,False,False,True,True,58345,,강원특별자치도 삼척시 원덕읍 임원리 산 255,129.332147940911,37.2515487823118,False
create_underlying_asset_then_fetch_ledger,medium,multi-underlying candidate with new pnu; create asset then fetch/insert ledger,"asset_master, asset_fund_links, asset_building_ledger, fund_assets",ast_222407c92192,이지스일반사모투자신탁392호(태양광),이지스일반사모투자신탁392호(태양광),누리,split_or_drawer_list,,domestic_excel_fund_code_match,create_or_link_underlying_asset_with_location,False,112504,112504,이지스일반사모투자신탁392호(태양광),19,특별자산,특별자산,강원특별자치도 삼척시 원덕읍 임원리 산255,남양동 330-3,different,5123025322202550000,5123012000103300003,different,129.332148077714,129.1683588,different,37.2515483713529,37.443710839,different,True,True,True,False,False,True,True,58346,,강원특별자치도 삼척시 원덕읍 임원리 산 255,129.332147940911,37.2515487823118,False
create_underlying_asset_then_fetch_ledger,medium,multi-underlying candidate with new pnu; create asset then fetch/insert ledger,"asset_master, asset_fund_links, asset_building_ledger, fund_assets",ast_222407c92192,이지스일반사모투자신탁392호(태양광),이지스일반사모투자신탁392호(태양광),평화와번영,split_or_drawer_list,,domestic_excel_fund_code_match,create_or_link_underlying_asset_with_location,False,112504,112504,이지스일반사모투자신탁392호(태양광),20,특별자산,특별자산,강원특별자치도 평창군 평창읍 고길리 86-1,남양동 330-3,different,5176025029100860001,5123012000103300003,different,128.452772762552,129.1683588,different,37.4142735271132,37.443710839,different,True,True,True,False,False,True,True,58347,,강원특별자치도 평창군 평창읍 고길리 86-1,128.452772420877,37.41427388618,False
create_underlying_asset_then_fetch_ledger,medium,multi-underlying candidate with new pnu; create asset then fetch/insert ledger,"asset_master, asset_fund_links, asset_building_ledger, fund_assets",ast_222407c92192,이지스일반사모투자신탁392호(태양광),이지스일반사모투자신탁392호(태양광),옥스포드,split_or_drawer_list,,domestic_excel_fund_code_match,create_or_link_underlying_asset_with_location,False,112504,112504,이지스일반사모투자신탁392호(태양광),21,특별자산,특별자산,전라남도 고흥군 도화면 봉룡리 산222,남양동 330-3,different,4677034029202220000,5123012000103300003,different,127.330067128426,129.1683588,different,34.5278911859503,37.443710839,different,True,True,True,False,False,True,True,58348,,전라남도 고흥군 도화면 봉룡리 산221-1,,,False
create_underlying_asset_then_fetch_ledger,medium,multi-underlying candidate with new pnu; create asset then fetch/insert ledger,"asset_master, asset_fund_links, asset_building_ledger, fund_assets",ast_222407c92192,이지스일반사모투자신탁392호(태양광),이지스일반사모투자신탁392호(태양광),미래화희망,split_or_drawer_list,,domestic_excel_fund_code_match,create_or_link_underlying_asset_with_location,False,112504,112504,이지스일반사모투자신탁392호(태양광),22,특별자산,특별자산,전라남도 고흥군 도화면 봉룡리 산222,남양동 330-3,different,4677034029202220000,5123012000103300003,different,127.330067128426,129.1683588,different,34.5278911859503,37.443710839,different,True,True,True,False,False,True,True,58349,,전라남도 고흥군 도화면 봉룡리 산221-1,,,False
create_underlying_asset_then_fetch_ledger,medium,multi-underlying candidate with new pnu; create asset then fetch/insert ledger,"asset_master, asset_fund_links, asset_building_ledger, fund_assets",ast_222407c92192,이지스일반사모투자신탁392호(태양광),이지스일반사모투자신탁392호(태양광),해바라기,split_or_drawer_list,,domestic_excel_fund_code_match,create_or_link_underlying_asset_with_location,False,112504,112504,이지스일반사모투자신탁392호(태양광),23,특별자산,특별자산,전라남도 고흥군 도화면 봉룡리 산222,남양동 330-3,different,4677034029202220000,5123012000103300003,different,127.330067128426,129.1683588,different,34.5278911859503,37.443710839,different,True,True,True,False,False,True,True,58350,,전라남도 고흥군 도화면 봉룡리 산221-1,,,False
create_underlying_asset_then_fetch_ledger,medium,multi-underlying candidate with new pnu; create asset then fetch/insert ledger,"asset_master, asset_fund_links, asset_building_ledger, fund_assets",ast_222407c92192,이지스일반사모투자신탁392호(태양광),이지스일반사모투자신탁392호(태양광),디앤피입암리1호,split_or_drawer_list,,domestic_excel_fund_code_match,create_or_link_underlying_asset_with_location,False,112504,112504,이지스일반사모투자신탁392호(태양광),24,특별자산,특별자산,경상북도 의성군 옥산면 입암리 28,남양동 330-3,different,4773033038100280000,5123012000103300003,different,128.840654073495,129.1683588,different,36.3958108977935,37.443710839,different,True,True,True,False,False,True,True,58351,,경상북도 의성군 옥산면 입암리 28,128.840653974451,36.3958113835598,False
create_underlying_asset_then_fetch_ledger,medium,multi-underlying candidate with new pnu; create asset then fetch/insert ledger,"asset_master, asset_fund_links, asset_building_ledger, fund_assets",ast_222407c92192,이지스일반사모투자신탁392호(태양광),이지스일반사모투자신탁392호(태양광),한려,split_or_drawer_list,,domestic_excel_fund_code_match,create_or_link_underlying_asset_with_location,False,112504,112504,이지스일반사모투자신탁392호(태양광),25,특별자산,특별자산,경상남도 남해군 창선면 서대리 77-2,남양동 330-3,different,4884039026100770002,5123012000103300003,different,127.991455015405,129.1683588,different,34.874958707049,37.443710839,different,True,True,True,False,False,True,True,58352,,경상남도 남해군 창선면 서대리 산 112,127.991272641583,34.8754712348023,False
create_underlying_asset_then_fetch_ledger,medium,multi-underlying candidate with new pnu; create asset then fetch/insert ledger,"asset_master, asset_fund_links, asset_building_ledger, fund_assets",ast_222407c92192,이지스일반사모투자신탁392호(태양광),이지스일반사모투자신탁392호(태양광),해담은삼척1호,split_or_drawer_list,,domestic_excel_fund_code_match,create_or_link_underlying_asset_with_location,False,112504,112504,이지스일반사모투자신탁392호(태양광),26,특별자산,특별자산,강원특별자치도 삼척시 하장면 장전리 138,남양동 330-3,different,5123032025101380000,5123012000103300003,different,128.91719296485,129.1683588,different,37.3555636643981,37.443710839,different,True,True,True,False,False,True,True,58353,,강원특별자치도 삼척시 하장면 장전리 138,128.917192862034,37.3555640661522,False
hold_name_only_no_location,hold,adopted name has no location candidate,search_alias_or_asset_name,ast_30efc1e2c218,이지스경산물류제1호일반사모부동산투자회사의 1종 종류주식,이지스경산물류제1호일반사모부동산투자회사의 1종 종류주식,이지스경산물류제1호일반사모부동산투자회사의 1종 종류주식,manual_review,,worklist_proposed_name_unmatched,adopt_name_only_pending_location,False,120076 | 120077,,,,,,,,no_proposed_value,,,no_proposed_value,,128.841410657044,no_proposed_value,,35.8737058361886,no_proposed_value,False,False,False,False,False,False,False,,,,,,False
link_existing_underlying_asset_by_pnu,medium,same pnu exists elsewhere in DB; prefer linking/merging existing asset before creating,"asset_master, asset_fund_links, fund_assets",ast_349f44ccfd1f,이지스전문투자형사모부동산투자신탁제404호,이지스전문투자형사모부동산투자신탁제404호,동산물류센터,split_or_drawer_list,,domestic_excel_fund_code_match,create_or_link_underlying_asset_with_location,False,112527,112527,이지스전문투자형사모부동산투자신탁제404호,1,물류,물류,경기도 이천시 호법면 매곡리 977-5,경기도 이천시 대월면 도리리 3-2,different,4150033025109770005,4150035029100030002,different,127.37547830455,127.49375551117,different,37.1902608592665,37.2102637027627,different,True,True,True,False,True,True,True,58367,4150033025109770005,경기도 이천시 호법면 매곡리 977-5,127.37547805478,37.1902612412431,True
link_existing_underlying_asset_same_asset_pnu,review,candidate pnu already exists for same asset_id; create/link relationship only after review,"asset_fund_links, fund_assets",ast_349f44ccfd1f,이지스전문투자형사모부동산투자신탁제404호,이지스전문투자형사모부동산투자신탁제404호,부국물류센터,split_or_drawer_list,,domestic_excel_fund_code_match,create_or_link_underlying_asset_with_location,False,112527,112527,이지스전문투자형사모부동산투자신탁제404호,2,물류,물류,경기도 이천시 대월면 도리리 3-2,경기도 이천시 대월면 도리리 3-2,same,4150035029100030002,4150035029100030002,same,127.493755771142,127.49375551117,same,37.2102633230507,37.2102637027627,same,True,True,True,True,True,False,False,58368,4150035029100030002,경기도 이천시 대월면 도리리 3-2,127.49375551117,37.2102637027627,True
create_underlying_asset_then_fetch_ledger,medium,multi-underlying candidate with new pnu; create asset then fetch/insert ledger,"asset_master, asset_fund_links, asset_building_ledger, fund_assets",ast_349f44ccfd1f,이지스전문투자형사모부동산투자신탁제404호,이지스전문투자형사모부동산투자신탁제404호,에이블로지스물류센터,split_or_drawer_list,,domestic_excel_fund_code_match,create_or_link_underlying_asset_with_location,False,112527,112527,이지스전문투자형사모부동산투자신탁제404호,3,물류,물류,경기도 용인시 처인구 백암면 767-13,경기도 이천시 대월면 도리리 3-2,different,4146135000107670013,4150035029100030002,different,127.389087869929,127.49375551117,different,37.1510605177943,37.2102637027627,different,True,True,True,False,False,True,True,58369,4146135023107670013,경기도 용인시 처인구 백암면 백봉리 767-13,127.389087896527,37.151060940719,True
update_asset_name_only,low,safe existing asset name update but no address/pnu/xy candidate,asset_master,ast_34e35d0dff33,이지스부동산일반사모투자회사제543호,이지스부동산일반사모투자회사제543호,분당야탑물류센터,update_asset_name,,worklist_proposed_name_unmatched,update_name_only_pending_location,True,190002 | 190003 | 190004,,,,,,,경기도 성남시 분당구 야탑동 403,no_proposed_value,,,no_proposed_value,,127.11873273896,no_proposed_value,,37.4148816506813,no_proposed_value,False,False,False,False,False,False,False,,,,,,False
create_underlying_asset_then_fetch_ledger,medium,multi-underlying candidate with new pnu; create asset then fetch/insert ledger,"asset_master, asset_fund_links, asset_building_ledger, fund_assets",ast_357127c88355,이지스일반사모투자신탁435호(태양광),이지스일반사모투자신탁435호(태양광),다산1,split_or_drawer_list,,domestic_excel_fund_code_match,create_or_link_underlying_asset_with_location,False,112584,112584,이지스일반사모투자신탁435호(태양광),1,특별자산,특별자산,전라남도 해남군 해남읍 복평리 995-7,진량읍 신상리 1186-7,different,4682025037109950007,4729025321111860007,different,126.538161600153,128.831477243,different,34.5652004185649,35.876417663,different,True,True,True,False,False,True,True,58411,,전라남도 해남군 해남읍 복평리 995-7,126.538161665367,34.5652010866154,False
create_underlying_asset_then_fetch_ledger,medium,multi-underlying candidate with new pnu; create asset then fetch/insert ledger,"asset_master, asset_fund_links, asset_building_ledger, fund_assets",ast_357127c88355,이지스일반사모투자신탁435호(태양광),이지스일반사모투자신탁435호(태양광),동서발전,split_or_drawer_list,,domestic_excel_fund_code_match,create_or_link_underlying_asset_with_location,False,112584,112584,이지스일반사모투자신탁435호(태양광),2,특별자산,특별자산,경상북도 예천군 은풍면 부초리 산44,진량읍 신상리 1186-7,different,4790043029200440000,4729025321111860007,different,128.450495775082,128.831477243,different,36.7285805664103,35.876417663,different,True,True,True,False,False,True,True,58412,,경상북도 예천군 은풍면 부초리 산 44-1,128.450495709425,36.7285810242574,False
create_underlying_asset_then_fetch_ledger,medium,multi-underlying candidate with new pnu; create asset then fetch/insert ledger,"asset_master, asset_fund_links, asset_building_ledger, fund_assets",ast_357127c88355,이지스일반사모투자신탁435호(태양광),이지스일반사모투자신탁435호(태양광),진이엔지,split_or_drawer_list,,domestic_excel_fund_code_match,create_or_link_underlying_asset_with_location,False,112584,112584,이지스일반사모투자신탁435호(태양광),3,특별자산,특별자산,충청북도 진천군 문백면 평산리 산54,진량읍 신상리 1186-7,different,4375033025200540000,4729025321111860007,different,127.477462066664,128.831477243,different,36.8024105189189,35.876417663,different,True,True,True,False,False,True,True,58413,,충청북도 진천군 문백면 평산리 산 54,127.477462083436,36.8024109737305,False
create_underlying_asset_then_fetch_ledger,medium,multi-underlying candidate with new pnu; create asset then fetch/insert ledger,"asset_master, asset_fund_links, asset_building_ledger, fund_assets",ast_357127c88355,이지스일반사모투자신탁435호(태양광),이지스일반사모투자신탁435호(태양광),현대산업쏠라5호,split_or_drawer_list,,domestic_excel_fund_code_match,create_or_link_underlying_asset_with_location,False,112584,112584,이지스일반사모투자신탁435호(태양광),4,특별자산,특별자산,경상북도 의성군 옥산면 입암리 9,진량읍 신상리 1186-7,different,4773033038100090000,4729025321111860007,different,128.842909332077,128.831477243,different,36.3958762237176,35.876417663,different,True,True,True,False,False,True,True,58414,,경상북도 의성군 옥산면 입암리 7,128.843147572616,36.3958816468692,False
create_underlying_asset_then_fetch_ledger,medium,multi-underlying candidate with new pnu; create asset then fetch/insert ledger,"asset_master, asset_fund_links, asset_building_ledger, fund_assets",ast_357127c88355,이지스일반사모투자신탁435호(태양광),이지스일반사모투자신탁435호(태양광),케이앤스틸테크놀로지,split_or_drawer_list,,domestic_excel_fund_code_match,create_or_link_underlying_asset_with_location,False,112584,112584,이지스일반사모투자신탁435호(태양광),5,특별자산,특별자산,경상북도 상주시 내서면 노류리 572-2,진량읍 신상리 1186-7,different,4725037029105720002,4729025321111860007,different,128.020691220829,128.831477243,different,36.3645499179998,35.876417663,different,True,True,True,False,False,True,True,58415,,"경상북도 상주시 내서면 노류리 산141-1, 572-1, 모서면 대포리 산20-5",,,False
create_underlying_asset_then_fetch_ledger,medium,multi-underlying candidate with new pnu; create asset then fetch/insert ledger,"asset_master, asset_fund_links, asset_building_ledger, fund_assets",ast_357127c88355,이지스일반사모투자신탁435호(태양광),이지스일반사모투자신탁435호(태양광),리에너지,split_or_drawer_list,,domestic_excel_fund_code_match,create_or_link_underlying_asset_with_location,False,112584,112584,이지스일반사모투자신탁435호(태양광),6,특별자산,특별자산,경상북도 상주시 사벌국면 용담리 산42-1,진량읍 신상리 1186-7,different,4725032526200420001,4729025321111860007,different,128.218246198146,128.831477243,different,36.4863548646006,35.876417663,different,True,True,True,False,False,True,True,58416,,경상북도 상주시 사벌국면 용담리 산 42-1,128.218246150322,36.4863553447739,False
create_underlying_asset_then_fetch_ledger,medium,multi-underlying candidate with new pnu; create asset then fetch/insert ledger,"asset_master, asset_fund_links, asset_building_ledger, fund_assets",ast_357127c88355,이지스일반사모투자신탁435호(태양광),이지스일반사모투자신탁435호(태양광),지우태양광,split_or_drawer_list,,domestic_excel_fund_code_match,create_or_link_underlying_asset_with_location,False,112584,112584,이지스일반사모투자신탁435호(태양광),7,특별자산,특별자산,경상남도 산청군 산청읍 내수리 산49-1,진량읍 신상리 1186-7,different,4886025029200490001,4729025321111860007,different,127.915850592278,128.831477243,different,35.4334179495002,35.876417663,different,True,True,True,False,False,True,True,58417,,경상남도 산청군 산청읍 내수리 산 49-1,127.915850281403,35.4334184893568,False
create_underlying_asset_then_fetch_ledger,medium,multi-underlying candidate with new pnu; create asset then fetch/insert ledger,"asset_master, asset_fund_links, asset_building_ledger, fund_assets",ast_357127c88355,이지스일반사모투자신탁435호(태양광),이지스일반사모투자신탁435호(태양광),에스지,split_or_drawer_list,,domestic_excel_fund_code_match,create_or_link_underlying_asset_with_location,False,112584,112584,이지스일반사모투자신탁435호(태양광),8,특별자산,특별자산,경기도 연천군 중면 합수리 122,진량읍 신상리 1186-7,different,4180037026101220000,4729025321111860007,different,127.053403053374,128.831477243,different,38.1678164523042,35.876417663,different,True,True,True,False,False,True,True,58418,,경기도 연천군 중면 합수리 122,127.053402835629,38.1678167415454,False
create_underlying_asset_then_fetch_ledger,medium,multi-underlying candidate with new pnu; create asset then fetch/insert ledger,"asset_master, asset_fund_links, asset_building_ledger, fund_assets",ast_357127c88355,이지스일반사모투자신탁435호(태양광),이지스일반사모투자신탁435호(태양광),케이앤씨벨에포크,split_or_drawer_list,,domestic_excel_fund_code_match,create_or_link_underlying_asset_with_location,False,112584,112584,이지스일반사모투자신탁435호(태양광),9,특별자산,특별자산,전라남도 진도군 지산면 와우리 137-3,진량읍 신상리 1186-7,different,4690035030101370003,4729025321111860007,different,126.145784395077,128.831477243,different,34.4273962344761,35.876417663,different,True,True,True,False,False,True,True,58419,,전라남도 진도군 지산면 와우리 137-3,126.145784212296,34.4273968869183,False
create_underlying_asset_then_fetch_ledger,medium,multi-underlying candidate with new pnu; create asset then fetch/insert ledger,"asset_master, asset_fund_links, asset_building_ledger, fund_assets",ast_357127c88355,이지스일반사모투자신탁435호(태양광),이지스일반사모투자신탁435호(태양광),케이에이치테크단북1호,split_or_drawer_list,,domestic_excel_fund_code_match,create_or_link_underlying_asset_with_location,False,112584,112584,이지스일반사모투자신탁435호(태양광),10,특별자산,특별자산,경상북도 예천군 풍양면 흥천리 356,진량읍 신상리 1186-7,different,4790041024103560000,4729025321111860007,different,128.321153420258,128.831477243,different,36.5046457796687,35.876417663,different,True,True,True,False,False,True,True,58420,,"경상북도 예천군 풍양면 홍천리 356, 357, 390",,,False
create_underlying_asset_then_fetch_ledger,medium,multi-underlying candidate with new pnu; create asset then fetch/insert ledger,"asset_master, asset_fund_links, asset_building_ledger, fund_assets",ast_357127c88355,이지스일반사모투자신탁435호(태양광),이지스일반사모투자신탁435호(태양광),미션,split_or_drawer_list,,domestic_excel_fund_code_match,create_or_link_underlying_asset_with_location,False,112584,112584,이지스일반사모투자신탁435호(태양광),11,특별자산,특별자산,경상북도 영주시 조와동 346,진량읍 신상리 1186-7,different,4721011000103460000,4729025321111860007,different,128.626195302659,128.831477243,different,36.8736398842617,35.876417663,different,True,True,True,False,False,True,True,58421,,경상북도 영주시 조와동 346,128.626195223085,36.8736403288388,False
create_underlying_asset_then_fetch_ledger,medium,multi-underlying candidate with new pnu; create asset then fetch/insert ledger,"asset_master, asset_fund_links, asset_building_ledger, fund_assets",ast_357127c88355,이지스일반사모투자신탁435호(태양광),이지스일반사모투자신탁435호(태양광),윈즈에너지,split_or_drawer_list,,domestic_excel_fund_code_match,create_or_link_underlying_asset_with_location,False,112584,112584,이지스일반사모투자신탁435호(태양광),12,특별자산,특별자산,경상북도 영주시 조와동 346,진량읍 신상리 1186-7,different,4721011000103460000,4729025321111860007,different,128.626195302659,128.831477243,different,36.8736398842617,35.876417663,different,True,True,True,False,False,True,True,58422,,경상북도 영주시 조와동 346,128.626195223085,36.8736403288388,False
create_underlying_asset_then_fetch_ledger,medium,multi-underlying candidate with new pnu; create asset then fetch/insert ledger,"asset_master, asset_fund_links, asset_building_ledger, fund_assets",ast_357127c88355,이지스일반사모투자신탁435호(태양광),이지스일반사모투자신탁435호(태양광),이큐에너지,split_or_drawer_list,,domestic_excel_fund_code_match,create_or_link_underlying_asset_with_location,False,112584,112584,이지스일반사모투자신탁435호(태양광),13,특별자산,특별자산,경상북도 영주시 조와동 346,진량읍 신상리 1186-7,different,4721011000103460000,4729025321111860007,different,128.626195302659,128.831477243,different,36.8736398842617,35.876417663,different,True,True,True,False,False,True,True,58423,,경상북도 영주시 조와동 346,128.626195223085,36.8736403288388,False
create_underlying_asset_then_fetch_ledger,medium,multi-underlying candidate with new pnu; create asset then fetch/insert ledger,"asset_master, asset_fund_links, asset_building_ledger, fund_assets",ast_357127c88355,이지스일반사모투자신탁435호(태양광),이지스일반사모투자신탁435호(태양광),소망,split_or_drawer_list,,domestic_excel_fund_code_match,create_or_link_underlying_asset_with_location,False,112584,112584,이지스일반사모투자신탁435호(태양광),14,특별자산,특별자산,충청남도 서천군 서면 원두리 산79-1,진량읍 신상리 1186-7,different,4477041025200790001,4729025321111860007,different,126.581342387506,128.831477243,different,36.1688014842476,35.876417663,different,True,True,True,False,False,True,True,58424,,충청남도 서천군 서면 원두리 산 79-1,126.581342475573,36.168802003673,False
create_underlying_asset_then_fetch_ledger,medium,multi-underlying candidate with new pnu; create asset then fetch/insert ledger,"asset_master, asset_fund_links, asset_building_ledger, fund_assets",ast_357127c88355,이지스일반사모투자신탁435호(태양광),이지스일반사모투자신탁435호(태양광),청수,split_or_drawer_list,,domestic_excel_fund_code_match,create_or_link_underlying_asset_with_location,False,112584,112584,이지스일반사모투자신탁435호(태양광),15,특별자산,특별자산,충청남도 서천군 서면 원두리 산79-1,진량읍 신상리 1186-7,different,4477041025200790001,4729025321111860007,different,126.581342387506,128.831477243,different,36.1688014842476,35.876417663,different,True,True,True,False,False,True,True,58425,,충청남도 서천군 서면 원두리 산 79-1,126.581342475573,36.168802003673,False
create_underlying_asset_then_fetch_ledger,medium,multi-underlying candidate with new pnu; create asset then fetch/insert ledger,"asset_master, asset_fund_links, asset_building_ledger, fund_assets",ast_357127c88355,이지스일반사모투자신탁435호(태양광),이지스일반사모투자신탁435호(태양광),봉산햇빛,split_or_drawer_list,,domestic_excel_fund_code_match,create_or_link_underlying_asset_with_location,False,112584,112584,이지스일반사모투자신탁435호(태양광),16,특별자산,특별자산,강원특별자치도 철원군 갈말읍 동막리 산166,진량읍 신상리 1186-7,different,5178025630201660000,4729025321111860007,different,127.312215136116,128.831477243,different,38.2394423378619,35.876417663,different,True,True,True,False,False,True,True,58426,,강원특별자치도 철원군 갈말읍 동막리 산 166-1,127.312215172602,38.2394426585278,False
create_underlying_asset_then_fetch_ledger,medium,multi-underlying candidate with new pnu; create asset then fetch/insert ledger,"asset_master, asset_fund_links, asset_building_ledger, fund_assets",ast_357127c88355,이지스일반사모투자신탁435호(태양광),이지스일반사모투자신탁435호(태양광),행암에너지일호,split_or_drawer_list,,domestic_excel_fund_code_match,create_or_link_underlying_asset_with_location,False,112584,112584,이지스일반사모투자신탁435호(태양광),17,특별자산,특별자산,충청남도 천안시 동남구 동면 401-8,진량읍 신상리 1186-7,different,4413137000104010008,4729025321111860007,different,127.349987101045,128.831477243,different,36.8097902273754,35.876417663,different,True,True,True,False,False,True,True,58427,,충청남도 천안시 동남구 동면 행암리 401-8,127.3499868511,36.809790645171,False
create_underlying_asset_then_fetch_ledger,medium,multi-underlying candidate with new pnu; create asset then fetch/insert ledger,"asset_master, asset_fund_links, asset_building_ledger, fund_assets",ast_357127c88355,이지스일반사모투자신탁435호(태양광),이지스일반사모투자신탁435호(태양광),도원에너지,split_or_drawer_list,,domestic_excel_fund_code_match,create_or_link_underlying_asset_with_location,False,112584,112584,이지스일반사모투자신탁435호(태양광),18,특별자산,특별자산,경상남도 하동군 양보면 감당리 산85-1,진량읍 신상리 1186-7,different,4885038023200850001,4729025321111860007,different,127.829534398816,128.831477243,different,35.0825899467748,35.876417663,different,True,True,True,False,False,True,True,58428,,경상남도 하동군 양보면 감당리 산 85-1,127.82953436791,35.0825905534168,False
create_underlying_asset_then_fetch_ledger,medium,multi-underlying candidate with new pnu; create asset then fetch/insert ledger,"asset_master, asset_fund_links, asset_building_ledger, fund_assets",ast_357127c88355,이지스일반사모투자신탁435호(태양광),이지스일반사모투자신탁435호(태양광),솔빛에너지,split_or_drawer_list,,domestic_excel_fund_code_match,create_or_link_underlying_asset_with_location,False,112584,112584,이지스일반사모투자신탁435호(태양광),19,특별자산,특별자산,경상남도 함안군 군북면 장지리 659,진량읍 신상리 1186-7,different,4873032030106590000,4729025321111860007,different,128.335500235149,128.831477243,different,35.299076463718,35.876417663,different,True,True,True,False,False,True,True,58429,,경상남도 함안군 군북면 장지리 659,128.33550030293,35.2990769768325,False
link_existing_underlying_asset_by_pnu,medium,same pnu exists elsewhere in DB; prefer linking/merging existing asset before creating,"asset_master, asset_fund_links, fund_assets",ast_357127c88355,이지스일반사모투자신탁435호(태양광),이지스일반사모투자신탁435호(태양광),에스와이솔라,split_or_drawer_list,,domestic_excel_fund_code_match,create_or_link_underlying_asset_with_location,False,112584,112584,이지스일반사모투자신탁435호(태양광),20,특별자산,특별자산,부산광역시 강서구 대저1동 1619,진량읍 신상리 1186-7,different,2644010100116190000,4729025321111860007,different,128.954259138838,128.831477243,different,35.2131309772713,35.876417663,different,True,True,True,False,True,True,True,58430,2644010100116190000,대저1동 1619,128.954717074,35.209673248,True
link_existing_underlying_asset_by_pnu,medium,same pnu exists elsewhere in DB; prefer linking/merging existing asset before creating,"asset_master, asset_fund_links, fund_assets",ast_357127c88355,이지스일반사모투자신탁435호(태양광),이지스일반사모투자신탁435호(태양광),에이치엠솔라1,split_or_drawer_list,,domestic_excel_fund_code_match,create_or_link_underlying_asset_with_location,False,112584,112584,이지스일반사모투자신탁435호(태양광),21,특별자산,특별자산,강원특별자치도 원주시 문막읍 반계리 2255-2,진량읍 신상리 1186-7,different,5113025029122550002,4729025321111860007,different,127.798699195572,128.831477243,different,37.2977858883412,35.876417663,different,True,True,True,False,True,True,True,58431,5113025029122550002,강원특별자치도 원주시 문막읍 반계리 2255-2,127.798699187274,37.2977862965336,True
link_existing_underlying_asset_by_pnu,medium,same pnu exists elsewhere in DB; prefer linking/merging existing asset before creating,"asset_master, asset_fund_links, fund_assets",ast_357127c88355,이지스일반사모투자신탁435호(태양광),이지스일반사모투자신탁435호(태양광),이에스에이치12,split_or_drawer_list,,domestic_excel_fund_code_match,create_or_link_underlying_asset_with_location,False,112584,112584,이지스일반사모투자신탁435호(태양광),22,특별자산,특별자산,전라남도 광양시 광양읍 세풍리 2224,진량읍 신상리 1186-7,different,4623025034122240000,4729025321111860007,different,127.596397170066,128.831477243,different,34.8966180963216,35.876417663,different,True,True,True,False,True,True,True,58432,4623025034122240000,전라남도 광양시 광양읍 세풍리 2224,127.596397155015,34.8966187216681,True
create_underlying_asset_then_fetch_ledger,medium,multi-underlying candidate with new pnu; create asset then fetch/insert ledger,"asset_master, asset_fund_links, asset_building_ledger, fund_assets",ast_357127c88355,이지스일반사모투자신탁435호(태양광),이지스일반사모투자신탁435호(태양광),지티씨솔라13호,split_or_drawer_list,,domestic_excel_fund_code_match,create_or_link_underlying_asset_with_location,False,112584,112584,이지스일반사모투자신탁435호(태양광),23,특별자산,특별자산,강원특별자치도 화천군 사내면 용담리 602,진량읍 신상리 1186-7,different,5179034024106020000,4729025321111860007,different,127.537474128221,128.831477243,different,38.0836900241721,35.876417663,different,True,True,True,False,False,True,True,58433,,강원특별자치도 화천군 사내면 용담리 602,127.537473866627,38.083690321283,False
create_underlying_asset_then_fetch_ledger,medium,multi-underlying candidate with new pnu; create asset then fetch/insert ledger,"asset_master, asset_fund_links, asset_building_ledger, fund_assets",ast_357127c88355,이지스일반사모투자신탁435호(태양광),이지스일반사모투자신탁435호(태양광),강구16호,split_or_drawer_list,,domestic_excel_fund_code_match,create_or_link_underlying_asset_with_location,False,112584,112584,이지스일반사모투자신탁435호(태양광),24,특별자산,특별자산,경상북도 안동시 길안면 현하리 1115-19,진량읍 신상리 1186-7,different,4717039033111150019,4729025321111860007,different,128.842429765427,128.831477243,different,36.4285764602799,35.876417663,different,True,True,True,False,False,True,True,58434,,경상북도 안동시 길안면 현하리 1115-19,128.842429666407,36.4285769432021,False
create_underlying_asset_then_fetch_ledger,medium,multi-underlying candidate with new pnu; create asset then fetch/insert ledger,"asset_master, asset_fund_links, asset_building_ledger, fund_assets",ast_357127c88355,이지스일반사모투자신탁435호(태양광),이지스일반사모투자신탁435호(태양광),외삼1호,split_or_drawer_list,,domestic_excel_fund_code_match,create_or_link_underlying_asset_with_location,False,112584,112584,이지스일반사모투자신탁435호(태양광),25,특별자산,특별자산,경상북도 봉화군 봉성면 외삼리 793,진량읍 신상리 1186-7,different,4792032023107930000,4729025321111860007,different,128.78366992654,128.831477243,different,36.8892411396545,35.876417663,different,True,True,True,False,False,True,True,58435,,경상북도 봉화군 봉성면 외삼리 793,128.783669834076,36.889241582552,False
create_underlying_asset_then_fetch_ledger,medium,multi-underlying candidate with new pnu; create asset then fetch/insert ledger,"asset_master, asset_fund_links, asset_building_ledger, fund_assets",ast_357127c88355,이지스일반사모투자신탁435호(태양광),이지스일반사모투자신탁435호(태양광),외삼2호,split_or_drawer_list,,domestic_excel_fund_code_match,create_or_link_underlying_asset_with_location,False,112584,112584,이지스일반사모투자신탁435호(태양광),26,특별자산,특별자산,경상북도 봉화군 봉성면 외삼리 792,진량읍 신상리 1186-7,different,4792032023107920000,4729025321111860007,different,128.783858932297,128.831477243,different,36.8889474904447,35.876417663,different,True,True,True,False,False,True,True,58436,,경상북도 봉화군 봉성면 외삼리 792,128.783858562063,36.8889478963492,False
create_underlying_asset_then_fetch_ledger,medium,multi-underlying candidate with new pnu; create asset then fetch/insert ledger,"asset_master, asset_fund_links, asset_building_ledger, fund_assets",ast_357127c88355,이지스일반사모투자신탁435호(태양광),이지스일반사모투자신탁435호(태양광),솔라트리1호,split_or_drawer_list,,domestic_excel_fund_code_match,create_or_link_underlying_asset_with_location,False,112584,112584,이지스일반사모투자신탁435호(태양광),27,특별자산,특별자산,충청북도 제천시 봉양읍 공전리 359-1,진량읍 신상리 1186-7,different,4315025034103590001,4729025321111860007,different,128.081126743899,128.831477243,different,37.1079013957364,35.876417663,different,True,True,True,False,False,True,True,58437,,충청북도 제천시 봉양읍 공전리 359-1,128.081126710735,37.1079018205968,False
create_underlying_asset_then_fetch_ledger,medium,multi-underlying candidate with new pnu; create asset then fetch/insert ledger,"asset_master, asset_fund_links, asset_building_ledger, fund_assets",ast_357127c88355,이지스일반사모투자신탁435호(태양광),이지스일반사모투자신탁435호(태양광),김송하,split_or_drawer_list,,domestic_excel_fund_code_match,create_or_link_underlying_asset_with_location,False,112584,112584,이지스일반사모투자신탁435호(태양광),28,특별자산,특별자산,강원특별자치도 영월군 상동읍 구래리 194-9,진량읍 신상리 1186-7,different,5175025322101940009,4729025321111860007,different,128.810643633155,128.831477243,different,37.1678515560276,35.876417663,different,True,True,True,False,False,True,True,58438,,강원특별자치도 영월군 상동읍 구래리 194-9,128.810643539037,37.1678519743788,False
create_underlying_asset_then_fetch_ledger,medium,multi-underlying candidate with new pnu; create asset then fetch/insert ledger,"asset_master, asset_fund_links, asset_building_ledger, fund_assets",ast_357127c88355,이지스일반사모투자신탁435호(태양광),이지스일반사모투자신탁435호(태양광),에스이피브,split_or_drawer_list,,domestic_excel_fund_code_match,create_or_link_underlying_asset_with_location,False,112584,112584,이지스일반사모투자신탁435호(태양광),29,특별자산,특별자산,경기도 연천군 중면 합수리 661,진량읍 신상리 1186-7,different,4180037026106610000,4729025321111860007,different,127.043659510198,128.831477243,different,38.1372804571045,35.876417663,different,True,True,True,False,False,True,True,58439,,경기도 연천군 중면 합수리 661,127.043659295094,38.1372807538152,False
create_underlying_asset_then_fetch_ledger,medium,multi-underlying candidate with new pnu; create asset then fetch/insert ledger,"asset_master, asset_fund_links, asset_building_ledger, fund_assets",ast_357127c88355,이지스일반사모투자신탁435호(태양광),이지스일반사모투자신탁435호(태양광),케이앤씨헤르메스,split_or_drawer_list,,domestic_excel_fund_code_match,create_or_link_underlying_asset_with_location,False,112584,112584,이지스일반사모투자신탁435호(태양광),30,특별자산,특별자산,전라북도 남원시 대강면 송대리 3-7,진량읍 신상리 1186-7,different,4519036026100030007,4729025321111860007,different,127.242014696092,128.831477243,different,35.3757153395264,35.876417663,different,True,True,True,False,False,True,True,58440,,전북특별자치도 남원시 대강면 송대리 3-7,127.242014717232,35.37571592589,False
create_underlying_asset_then_fetch_ledger,medium,multi-underlying candidate with new pnu; create asset then fetch/insert ledger,"asset_master, asset_fund_links, asset_building_ledger, fund_assets",ast_357127c88355,이지스일반사모투자신탁435호(태양광),이지스일반사모투자신탁435호(태양광),모두에너지,split_or_drawer_list,,domestic_excel_fund_code_match,create_or_link_underlying_asset_with_location,False,112584,112584,이지스일반사모투자신탁435호(태양광),31,특별자산,특별자산,경상북도 경주시 강동면 왕신리 산141-1,진량읍 신상리 1186-7,different,4713037028201410001,4729025321111860007,different,129.322003835782,128.831477243,different,35.9357155715035,35.876417663,different,True,True,True,False,False,True,True,58441,,경상북도 경주시 강동면 왕신리 산 141-1,129.322003418445,35.9357160588788,False
create_underlying_asset_then_fetch_ledger,medium,multi-underlying candidate with new pnu; create asset then fetch/insert ledger,"asset_master, asset_fund_links, asset_building_ledger, fund_assets",ast_357127c88355,이지스일반사모투자신탁435호(태양광),이지스일반사모투자신탁435호(태양광),솔라팩토리10호,split_or_drawer_list,,domestic_excel_fund_code_match,create_or_link_underlying_asset_with_location,False,112584,112584,이지스일반사모투자신탁435호(태양광),32,특별자산,특별자산,경기도 포천시 자작동 595,진량읍 신상리 1186-7,different,4165010300105950000,4729025321111860007,different,127.164579436744,128.831477243,different,37.8722221551578,35.876417663,different,True,True,True,False,False,True,True,58442,,경기도 포천시 자작동 595,127.16457033371,37.8722224727945,False
link_existing_underlying_asset_same_asset_pnu,review,candidate pnu already exists for same asset_id; create/link relationship only after review,"asset_fund_links, fund_assets",ast_357127c88355,이지스일반사모투자신탁435호(태양광),이지스일반사모투자신탁435호(태양광),씨에스에너텍,split_or_drawer_list,,domestic_excel_fund_code_match,create_or_link_underlying_asset_with_location,False,112584,112584,이지스일반사모투자신탁435호(태양광),33,특별자산,특별자산,경상북도 경산시 진량읍 신상리 1186-7,진량읍 신상리 1186-7,different,4729025321111860007,4729025321111860007,same,128.832009344151,128.831477243,different,35.876536295234,35.876417663,different,True,True,True,True,True,True,False,58443,4729025321111860007,진량읍 신상리 1186-7,128.831477243,35.876417663,True
create_underlying_asset_then_fetch_ledger,medium,multi-underlying candidate with new pnu; create asset then fetch/insert ledger,"asset_master, asset_fund_links, asset_building_ledger, fund_assets",ast_357127c88355,이지스일반사모투자신탁435호(태양광),이지스일반사모투자신탁435호(태양광),알이씨에너지,split_or_drawer_list,,domestic_excel_fund_code_match,create_or_link_underlying_asset_with_location,False,112584,112584,이지스일반사모투자신탁435호(태양광),34,특별자산,특별자산,경기도 가평군 설악면 천안리 21-2,진량읍 신상리 1186-7,different,4182031034100210002,4729025321111860007,different,127.492471395353,128.831477243,different,37.6309866871406,35.876417663,different,True,True,True,False,False,True,True,58444,,경기도 가평군 설악면 천안리 21-2,127.492471137095,37.6309870272374,False
create_underlying_asset_then_fetch_ledger,medium,multi-underlying candidate with new pnu; create asset then fetch/insert ledger,"asset_master, asset_fund_links, asset_building_ledger, fund_assets",ast_357127c88355,이지스일반사모투자신탁435호(태양광),이지스일반사모투자신탁435호(태양광),알이엔네트웍스,split_or_drawer_list,,domestic_excel_fund_code_match,create_or_link_underlying_asset_with_location,False,112584,112584,이지스일반사모투자신탁435호(태양광),35,특별자산,특별자산,경기도 가평군 설악면 천안리 14-1,진량읍 신상리 1186-7,different,4182031034100140001,4729025321111860007,different,127.489940253948,128.831477243,different,37.6322875136165,35.876417663,different,True,True,True,False,False,True,True,58445,,경기도 가평군 설악면 천안리 14-1,127.489939995916,37.6322878535948,False
create_underlying_asset_then_fetch_ledger,medium,multi-underlying candidate with new pnu; create asset then fetch/insert ledger,"asset_master, asset_fund_links, asset_building_ledger, fund_assets",ast_357127c88355,이지스일반사모투자신탁435호(태양광),이지스일반사모투자신탁435호(태양광),어량리,split_or_drawer_list,,domestic_excel_fund_code_match,create_or_link_underlying_asset_with_location,False,112584,112584,이지스일반사모투자신탁435호(태양광),36,특별자산,특별자산,전라북도 익산시 망성면 어량리 1743-14,진량읍 신상리 1186-7,different,4514038024117430014,4729025321111860007,different,127.03057297657,128.831477243,different,36.0915082310654,35.876417663,different,True,True,True,False,False,True,True,58446,,"전라북도 익산시 밍상면 어량리 1743-14, 906-47, 906-46, 1743-13",,,False
create_underlying_asset_then_fetch_ledger,medium,multi-underlying candidate with new pnu; create asset then fetch/insert ledger,"asset_master, asset_fund_links, asset_building_ledger, fund_assets",ast_357127c88355,이지스일반사모투자신탁435호(태양광),이지스일반사모투자신탁435호(태양광),비케이솔라,split_or_drawer_list,,domestic_excel_fund_code_match,create_or_link_underlying_asset_with_location,False,112584,112584,이지스일반사모투자신탁435호(태양광),37,특별자산,특별자산,충청북도 진천군 문백면 계산리 359-1,진량읍 신상리 1186-7,different,4375033026103590001,4729025321111860007,different,127.400320673083,128.831477243,different,36.7903360743981,35.876417663,different,True,True,True,False,False,True,True,58447,,충청북도 진천군 문백면 계산리 359-1,127.400320696402,36.7903365306719,False
create_underlying_asset_then_fetch_ledger,medium,multi-underlying candidate with new pnu; create asset then fetch/insert ledger,"asset_master, asset_fund_links, asset_building_ledger, fund_assets",ast_357127c88355,이지스일반사모투자신탁435호(태양광),이지스일반사모투자신탁435호(태양광),와이알에너지,split_or_drawer_list,,domestic_excel_fund_code_match,create_or_link_underlying_asset_with_location,False,112584,112584,이지스일반사모투자신탁435호(태양광),38,특별자산,특별자산,충청북도 진천군 문백면 계산리 359-1,진량읍 신상리 1186-7,different,4375033026103590001,4729025321111860007,different,127.400320673083,128.831477243,different,36.7903360743981,35.876417663,different,True,True,True,False,False,True,True,58448,,충청북도 진천군 문백면 계산리 359-1,127.400320696402,36.7903365306719,False
create_underlying_asset_then_fetch_ledger,medium,multi-underlying candidate with new pnu; create asset then fetch/insert ledger,"asset_master, asset_fund_links, asset_building_ledger, fund_assets",ast_357127c88355,이지스일반사모투자신탁435호(태양광),이지스일반사모투자신탁435호(태양광),유현그린,split_or_drawer_list,,domestic_excel_fund_code_match,create_or_link_underlying_asset_with_location,False,112584,112584,이지스일반사모투자신탁435호(태양광),39,특별자산,특별자산,충청북도 진천군 문백면 계산리 359-1,진량읍 신상리 1186-7,different,4375033026103590001,4729025321111860007,different,127.400320673083,128.831477243,different,36.7903360743981,35.876417663,different,True,True,True,False,False,True,True,58449,,충청북도 진천군 문백면 계산리 359-1,127.400320696402,36.7903365306719,False
create_underlying_asset_then_fetch_ledger,medium,multi-underlying candidate with new pnu; create asset then fetch/insert ledger,"asset_master, asset_fund_links, asset_building_ledger, fund_assets",ast_357127c88355,이지스일반사모투자신탁435호(태양광),이지스일반사모투자신탁435호(태양광),케이앤씨그린북,split_or_drawer_list,,domestic_excel_fund_code_match,create_or_link_underlying_asset_with_location,False,112584,112584,이지스일반사모투자신탁435호(태양광),40,특별자산,특별자산,충청남도 논산시 은진면 용산리 296,진량읍 신상리 1186-7,different,4423041025102960000,4729025321111860007,different,127.120390614737,128.831477243,different,36.1581873321686,35.876417663,different,True,True,True,False,False,True,True,58450,,충청남도 논산시 은진면 용산리 296,127.12039037846,36.1581878121978,False
create_underlying_asset_then_fetch_ledger,medium,multi-underlying candidate with new pnu; create asset then fetch/insert ledger,"asset_master, asset_fund_links, asset_building_ledger, fund_assets",ast_357127c88355,이지스일반사모투자신탁435호(태양광),이지스일반사모투자신탁435호(태양광),디앤피상주,split_or_drawer_list,,domestic_excel_fund_code_match,create_or_link_underlying_asset_with_location,False,112584,112584,이지스일반사모투자신탁435호(태양광),41,특별자산,특별자산,경상북도 상주시 화동면 어산리 524-1,진량읍 신상리 1186-7,different,4725040024105240001,4729025321111860007,different,128.003694356758,128.831477243,different,36.3956116798158,35.876417663,different,True,True,True,False,False,True,True,58451,,경상북도 상주시 화동면 어산리 524-1,128.003694326089,36.3956121690495,False
create_underlying_asset_then_fetch_ledger,medium,multi-underlying candidate with new pnu; create asset then fetch/insert ledger,"asset_master, asset_fund_links, asset_building_ledger, fund_assets",ast_357127c88355,이지스일반사모투자신탁435호(태양광),이지스일반사모투자신탁435호(태양광),적화솔라,split_or_drawer_list,,domestic_excel_fund_code_match,create_or_link_underlying_asset_with_location,False,112584,112584,이지스일반사모투자신탁435호(태양광),42,특별자산,특별자산,충청남도 부여군 장암면 지토리 산26,진량읍 신상리 1186-7,different,4476042028200260000,4729025321111860007,different,126.921282091648,128.831477243,different,36.2120166507773,35.876417663,different,True,True,True,False,False,True,True,58452,,충청남도 부여군 장암면 지토리 산 26,126.921282150808,36.2120171634691,False
create_underlying_asset_then_fetch_ledger,medium,multi-underlying candidate with new pnu; create asset then fetch/insert ledger,"asset_master, asset_fund_links, asset_building_ledger, fund_assets",ast_357127c88355,이지스일반사모투자신탁435호(태양광),이지스일반사모투자신탁435호(태양광),솔라시너지햇빛1호,split_or_drawer_list,,domestic_excel_fund_code_match,create_or_link_underlying_asset_with_location,False,112584,112584,이지스일반사모투자신탁435호(태양광),43,특별자산,특별자산,충청남도 보령시 천북면 신죽리 645-11,진량읍 신상리 1186-7,different,4418033028106450011,4729025321111860007,different,126.578829214012,128.831477243,different,36.4866376268523,35.876417663,different,True,True,True,False,False,True,True,58453,,충청남도 보령시 천북면 신죽리 645-11,126.578829306093,36.486638116384,False
create_underlying_asset_then_fetch_ledger,medium,multi-underlying candidate with new pnu; create asset then fetch/insert ledger,"asset_master, asset_fund_links, asset_building_ledger, fund_assets",ast_357127c88355,이지스일반사모투자신탁435호(태양광),이지스일반사모투자신탁435호(태양광),이인메가태양광,split_or_drawer_list,,domestic_excel_fund_code_match,create_or_link_underlying_asset_with_location,False,112584,112584,이지스일반사모투자신탁435호(태양광),44,특별자산,특별자산,충청남도 공주시 이인면 오룡리 산2-32,진량읍 신상리 1186-7,different,4415031023200020032,4729025321111860007,different,127.074308261653,128.831477243,different,36.4145419540869,35.876417663,different,True,True,True,False,False,True,True,58454,,충청남도 공주시 이인면 오룡리 산 2-32,127.074308309811,36.4145424469331,False
create_underlying_asset_then_fetch_ledger,medium,multi-underlying candidate with new pnu; create asset then fetch/insert ledger,"asset_master, asset_fund_links, asset_building_ledger, fund_assets",ast_357127c88355,이지스일반사모투자신탁435호(태양광),이지스일반사모투자신탁435호(태양광),솔라팩토리22호,split_or_drawer_list,,domestic_excel_fund_code_match,create_or_link_underlying_asset_with_location,False,112584,112584,이지스일반사모투자신탁435호(태양광),45,특별자산,특별자산,경상북도 김천시 어모면 남산리 2033,진량읍 신상리 1186-7,different,4715036023120330000,4729025321111860007,different,128.131889016506,128.831477243,different,36.1612622229727,35.876417663,different,True,True,True,False,False,True,True,58455,,경북 김천시 어모면 남신리 213번지,,,False
link_existing_underlying_asset_by_pnu,medium,same pnu exists elsewhere in DB; prefer linking/merging existing asset before creating,"asset_master, asset_fund_links, fund_assets",ast_357127c88355,이지스일반사모투자신탁435호(태양광),이지스일반사모투자신탁435호(태양광),솔라팩토리19호,split_or_drawer_list,,domestic_excel_fund_code_match,create_or_link_underlying_asset_with_location,False,112584,112584,이지스일반사모투자신탁435호(태양광),46,대출채권,특별자산,충청북도 충주시 대소원면 완오리 1165,진량읍 신상리 1186-7,different,4313033530111650000,4729025321111860007,different,127.837297367833,128.831477243,different,36.9983946807878,35.876417663,different,True,True,True,False,True,True,True,58456,4313033530111650000,충청북도 충주시 대소원면 완오리 1165,127.837297354945,36.9983951162712,True
link_existing_underlying_asset_by_pnu,medium,same pnu exists elsewhere in DB; prefer linking/merging existing asset before creating,"asset_master, asset_fund_links, fund_assets",ast_3ac68d303b60,이지스부동산투자신탁187호,이지스부동산투자신탁187호,고양시 화정동 아이씨티일산,split_or_drawer_list,,domestic_excel_fund_code_match,create_or_link_underlying_asset_with_location,False,112194,112194,이지스부동산투자신탁187호,1,지분증권,주거,경기도 고양시 덕양구 화정동 1148-6,제주특별자치도 제주시 연동 261-23,different,4128112300111480006,5011013700102610023,different,126.830699441839,126.488655050865,different,37.626962368487,33.4895164122842,different,True,True,True,False,True,True,True,58058,4128112300111480006,경기도 고양시 덕양구 화정동 1148-6,126.830699242747,37.6269627105124,True
link_existing_underlying_asset_same_asset_pnu,review,candidate pnu already exists for same asset_id; create/link relationship only after review,"asset_fund_links, fund_assets",ast_3ac68d303b60,이지스부동산투자신탁187호,이지스부동산투자신탁187호,제주 연동 오피스텔,split_or_drawer_list,,domestic_excel_fund_code_match,create_or_link_underlying_asset_with_location,False,112194,112194,이지스부동산투자신탁187호,2,지분증권,주거,제주특별자치도 제주시 연동 261-23,제주특별자치도 제주시 연동 261-23,same,5011013700102610023,5011013700102610023,same,126.488655050864,126.488655050865,same,33.4895164122855,33.4895164122842,same,True,True,True,True,True,False,False,58059,5011013700102610023,제주특별자치도 제주시 연동 261-23,126.488655050865,33.4895164122842,True
update_asset_name_only,low,safe existing asset name update but no address/pnu/xy candidate,asset_master,ast_428853fb1dec,글로벌 리츠,글로벌 리츠,Global REITs(삼성OCIO),update_asset_name,,worklist_proposed_name_unmatched,update_name_only_pending_location,True,112664,,,,,,,,no_proposed_value,,,no_proposed_value,,,no_proposed_value,,,no_proposed_value,False,False,False,False,False,False,False,,,,,,False
link_existing_underlying_asset_by_pnu,medium,same pnu exists elsewhere in DB; prefer linking/merging existing asset before creating,"asset_master, asset_fund_links, fund_assets",ast_44e362fded27,이지스리테일제55호사모부동산투자유한회사,이지스리테일제55호사모부동산투자유한회사,롯데마트대덕점,split_or_drawer_list,,domestic_excel_fund_code_match,create_or_link_underlying_asset_with_location,False,112054 | 112319,112054,이지스리테일제55호사모부동산투자유한회사,1,리테일,리테일,대전광역시 유성구 관평동 887,인천광역시 중구 항동7가 76-2,different,3020014600108870000,2811011800100760002,different,127.386794356156,126.622194743796,different,36.426830884674,37.4480138692455,different,True,True,True,False,True,True,True,57931,3020014600108870000,대전광역시 유성구 관평동 887,127.386794099901,36.4268313379494,True
link_existing_underlying_asset_by_pnu,medium,same pnu exists elsewhere in DB; prefer linking/merging existing asset before creating,"asset_master, asset_fund_links, fund_assets",ast_44e362fded27,이지스리테일제55호사모부동산투자유한회사,이지스리테일제55호사모부동산투자유한회사,롯데마트(제주),split_or_drawer_list,,domestic_excel_fund_code_match,create_or_link_underlying_asset_with_location,False,112054 | 112319,112054,이지스리테일제55호사모부동산투자유한회사,2,리테일,리테일,제주특별자치도 제주시 노형동 708,인천광역시 중구 항동7가 76-2,different,5011012200107080000,2811011800100760002,different,126.481404912937,126.622194743796,different,33.4824685214125,37.4480138692455,different,True,True,True,False,True,True,True,57932,5011012200107080000,제주특별자치도 제주시 노형동 708,126.481404912937,33.4824685214112,True
link_existing_underlying_asset_same_asset_pnu,review,candidate pnu already exists for same asset_id; create/link relationship only after review,"asset_fund_links, fund_assets",ast_44e362fded27,이지스리테일제55호사모부동산투자유한회사,이지스리테일제55호사모부동산투자유한회사,롯데팩토리아울렛(인천),split_or_drawer_list,,domestic_excel_fund_code_match,create_or_link_underlying_asset_with_location,False,112054 | 112319,112054,이지스리테일제55호사모부동산투자유한회사,3,리테일,리테일,인천광역시 중구 항동7가 76-2,인천광역시 중구 항동7가 76-2,same,2811011800100760002,2811011800100760002,same,126.622194924978,126.622194743796,same,37.4480135091549,37.4480138692455,same,True,True,True,True,True,False,False,57933,2811011800100760002,인천광역시 중구 항동7가 76-2,126.622194743796,37.4480138692455,True
update_asset_name_only,low,safe existing asset name update but no address/pnu/xy candidate,asset_master,ast_4a2972f3fd4f,주식회사 석암물류(SPC),주식회사 석암물류(SPC),양산 유산동 물류센터,update_asset_name,,worklist_proposed_name_unmatched,update_name_only_pending_location,True,S00002,,,,,,,경상남도 양산시 유산동 509,no_proposed_value,,4833011100105090000,no_proposed_value,,129.026686856465,no_proposed_value,,35.3628771385706,no_proposed_value,False,True,True,False,False,False,False,,,,,,False
update_asset_name_only,low,safe existing asset name update but no address/pnu/xy candidate,asset_master,ast_4ae20e9370ca,이지스아디안유럽인프라일반사모혼합자산투자신탁제494호(재간접),이지스아디안유럽인프라일반사모혼합자산투자신탁제494호(재간접),ARDIAN Infrastructure Fund VI,update_asset_name,,worklist_proposed_name_unmatched,update_name_only_pending_location,True,112803,,,,,,,,no_proposed_value,,,no_proposed_value,,,no_proposed_value,,,no_proposed_value,False,False,False,False,False,False,False,,,,,,False
create_underlying_asset_then_fetch_ledger,medium,multi-underlying candidate with new pnu; create asset then fetch/insert ledger,"asset_master, asset_fund_links, asset_building_ledger, fund_assets",ast_4d1430b5f175,공모주,공모주,전환사채,split_or_drawer_list,,worklist_proposed_name_matched_domestic_excel_by_name,create_or_link_underlying_asset_with_location,False,112709 | 112710 | 112711 | 112712 | 112713 | 112714 | 112763 | 300006 | 300007 | 300008 | 300009 | 300012 | 300018 | 300019 | 300020 | 300028 | 300032 | 300033 | 300034 | 300035 | 300036 | 300037 | 300039 | 300044 | 300047 | 300050 | 300051 | 300052 | 300054 | 300057 | 300061 | 300063 | 300073 | 300074 | 300075 | 300076 | 300079 | 300080,112556,이지스한남일반사모부동산투자신탁제418호,2,대출채권,복합(오피스),서울특별시 용산구 한남동 736-9,,fill_blank,1117013100107360009,,fill_blank,126.997909989582,,fill_blank,37.534608107048,,fill_blank,True,False,False,False,False,True,True,58392,1117013100107360009,서울특별시 용산구 한남동 736-9,126.997909774991,37.5346084574803,True
create_underlying_asset_then_fetch_ledger,medium,multi-underlying candidate with new pnu; create asset then fetch/insert ledger,"asset_master, asset_fund_links, asset_building_ledger, fund_assets",ast_4d1430b5f175,공모주,공모주,공모주,split_or_drawer_list,,worklist_proposed_name_matched_domestic_excel_by_name,create_or_link_underlying_asset_with_location,False,112709 | 112710 | 112711 | 112712 | 112713 | 112714 | 112763 | 300006 | 300007 | 300008 | 300009 | 300012 | 300018 | 300019 | 300020 | 300028 | 300032 | 300033 | 300034 | 300035 | 300036 | 300037 | 300039 | 300044 | 300047 | 300050 | 300051 | 300052 | 300054 | 300057 | 300061 | 300063 | 300073 | 300074 | 300075 | 300076 | 300079 | 300080,112740,이지스 멀티인컴 일반사모투자신탁 제2호(운용),1,지분증권,지분증권,영등포구 여의공원로 115,,fill_blank,이지스자산운용본사,,fill_blank,126.926220748,,fill_blank,37.530118673,,fill_blank,True,False,False,False,False,True,True,58576,,,,,False
create_or_link_underlying_asset_name_only,review,candidate has no location; keep searchable/linkable but no pnu update,"asset_master, asset_fund_links",ast_4d1430b5f175,공모주,공모주,비상장RCPS,split_or_drawer_list,,worklist_proposed_name_unmatched,create_or_link_underlying_asset_name_only,False,112709 | 112710 | 112711 | 112712 | 112713 | 112714 | 112763 | 300006 | 300007 | 300008 | 300009 | 300012 | 300018 | 300019 | 300020 | 300028 | 300032 | 300033 | 300034 | 300035 | 300036 | 300037 | 300039 | 300044 | 300047 | 300050 | 300051 | 300052 | 300054 | 300057 | 300061 | 300063 | 300073 | 300074 | 300075 | 300076 | 300079 | 300080,,,,,,,,no_proposed_value,,,no_proposed_value,,,no_proposed_value,,,no_proposed_value,False,False,False,False,False,False,False,,,,,,False
create_underlying_asset_then_fetch_ledger,medium,multi-underlying candidate with new pnu; create asset then fetch/insert ledger,"asset_master, asset_fund_links, asset_building_ledger, fund_assets",ast_4d1430b5f175,공모주,공모주,상장리츠,split_or_drawer_list,,worklist_proposed_name_matched_domestic_excel_by_name,create_or_link_underlying_asset_with_location,False,112709 | 112710 | 112711 | 112712 | 112713 | 112714 | 112763 | 300006 | 300007 | 300008 | 300009 | 300012 | 300018 | 300019 | 300020 | 300028 | 300032 | 300033 | 300034 | 300035 | 300036 | 300037 | 300039 | 300044 | 300047 | 300050 | 300051 | 300052 | 300054 | 300057 | 300061 | 300063 | 300073 | 300074 | 300075 | 300076 | 300079 | 300080,112740,이지스 멀티인컴 일반사모투자신탁 제2호(운용),1,지분증권,지분증권,영등포구 여의공원로 115,,fill_blank,이지스자산운용본사,,fill_blank,126.926220748,,fill_blank,37.530118673,,fill_blank,True,False,False,False,False,True,True,58576,,,,,False
create_or_link_underlying_asset_name_only,review,candidate has no location; keep searchable/linkable but no pnu update,"asset_master, asset_fund_links",ast_4d1430b5f175,공모주,공모주,AA+ 회사채,split_or_drawer_list,,worklist_proposed_name_unmatched,create_or_link_underlying_asset_name_only,False,112709 | 112710 | 112711 | 112712 | 112713 | 112714 | 112763 | 300006 | 300007 | 300008 | 300009 | 300012 | 300018 | 300019 | 300020 | 300028 | 300032 | 300033 | 300034 | 300035 | 300036 | 300037 | 300039 | 300044 | 300047 | 300050 | 300051 | 300052 | 300054 | 300057 | 300061 | 300063 | 300073 | 300074 | 300075 | 300076 | 300079 | 300080,,,,,,,,no_proposed_value,,,no_proposed_value,,,no_proposed_value,,,no_proposed_value,False,False,False,False,False,False,False,,,,,,False
update_asset_master_location,low,safe existing asset update; ledger already present for asset+pnu,asset_master,ast_4f5ea25eb396,이지스일반사모부동산투자신탁제291호,이지스일반사모부동산투자신탁제291호,피겨앤그라운드,update_asset_name,,domestic_excel_fund_code_match,update_existing_asset_master_location,True,112322,112322,이지스일반사모부동산투자신탁제291호,1,리테일,리테일,서울특별시 강남구 신사동 543,서울특별시 강남구 신사동 543,same,1168010700105430000,1168010700105430000,same,127.023946746803,127.023946529811,same,37.5201803373496,37.5201806890901,same,True,True,True,True,True,False,False,58159,1168010700105430000,서울특별시 강남구 신사동 543,127.023946529811,37.5201806890901,True
create_underlying_asset_then_fetch_ledger,medium,multi-underlying candidate with new pnu; create asset then fetch/insert ledger,"asset_master, asset_fund_links, asset_building_ledger, fund_assets",ast_4ffe4ac306f2,이지스 멀티인컴 일반사모투자신탁 제1호(운용),이지스 멀티인컴 일반사모투자신탁 제1호(운용),상장리츠,split_or_drawer_list,,worklist_proposed_name_matched_domestic_excel_by_name,create_or_link_underlying_asset_with_location,False,112710,112740,이지스 멀티인컴 일반사모투자신탁 제2호(운용),1,지분증권,지분증권,영등포구 여의공원로 115,,fill_blank,이지스자산운용본사,,fill_blank,126.926220748,,fill_blank,37.530118673,,fill_blank,True,False,False,False,False,True,True,58576,,,,,False
create_underlying_asset_then_fetch_ledger,medium,multi-underlying candidate with new pnu; create asset then fetch/insert ledger,"asset_master, asset_fund_links, asset_building_ledger, fund_assets",ast_4ffe4ac306f2,이지스 멀티인컴 일반사모투자신탁 제1호(운용),이지스 멀티인컴 일반사모투자신탁 제1호(운용),공모주,split_or_drawer_list,,worklist_proposed_name_matched_domestic_excel_by_name,create_or_link_underlying_asset_with_location,False,112710,112740,이지스 멀티인컴 일반사모투자신탁 제2호(운용),1,지분증권,지분증권,영등포구 여의공원로 115,,fill_blank,이지스자산운용본사,,fill_blank,126.926220748,,fill_blank,37.530118673,,fill_blank,True,False,False,False,False,True,True,58576,,,,,False
create_or_link_underlying_asset_name_only,review,candidate has no location; keep searchable/linkable but no pnu update,"asset_master, asset_fund_links",ast_4ffe4ac306f2,이지스 멀티인컴 일반사모투자신탁 제1호(운용),이지스 멀티인컴 일반사모투자신탁 제1호(운용),AA+ 회사채,split_or_drawer_list,,worklist_proposed_name_unmatched,create_or_link_underlying_asset_name_only,False,112710,,,,,,,,no_proposed_value,,,no_proposed_value,,,no_proposed_value,,,no_proposed_value,False,False,False,False,False,False,False,,,,,,False
update_asset_master_then_fetch_ledger,medium,safe existing asset update with new/different location; ledger missing for asset+pnu,"asset_master, asset_building_ledger",ast_541ce8b9c351,이지스전문투자형사모투자신탁285호,이지스전문투자형사모투자신탁285호,부산 온천동 복합시설 신축사업,update_asset_name,,domestic_excel_fund_code_match,update_existing_asset_master_location,True,112306,112306,이지스전문투자형사모투자신탁285호,1,주거,주거,부산광역시 동래구 온천동 1838,부산광역시 동래구 온천동 180-14,different,2626010800118380000,2626010800101800014,different,129.068140707613,129.082588143232,different,35.2075461086421,35.2181113387091,different,True,True,True,False,False,True,True,58149,2626010800101800014,부산광역시 동래구 온천동 180-14,129.082588143232,35.2181113387091,True
update_asset_master_location,low,safe existing asset update; ledger already present for asset+pnu,asset_master,ast_56e6a7e4b54b,이지스부동산투자신탁280호,이지스부동산투자신탁280호,잠실새내 오피스텔 신축사업,update_asset_name,,domestic_excel_fund_code_match,update_existing_asset_master_location,True,112298,112298,이지스부동산투자신탁280호,1,주거,주거,서울특별시 송파구 잠실동 183-12,서울특별시 송파구 잠실동 183-12,same,1171010100101830012,1171010100101830012,same,127.08364358314,127.083643638518,same,37.5109290334936,37.5109294236459,same,True,True,True,True,True,False,False,58142,1171010100101830012,서울특별시 송파구 잠실동 183-12,127.083643638518,37.5109294236459,True
update_asset_master_location,low,safe existing asset update; ledger already present for asset+pnu,asset_master,ast_58e37903d5ef,피에스KORIF사모부동산투자신탁5호,피에스KORIF사모부동산투자신탁5호,원주AK,update_asset_name,,domestic_excel_fund_code_match,update_existing_asset_master_location,True,112004 | 112040 | 112119 | 112120 | 112121 | 112122 | 112123 | 112565,112004,피에스KORIF사모부동산투자신탁5호,1,리테일,리테일,강원특별자치도 원주시 단계동 1123,강원특별자치도 원주시 단계동 1123,same,5113011000111230000,5113011000111230000,same,127.927519495026,127.927519475776,same,37.3456623047375,37.3456627082781,same,True,True,True,True,True,False,False,57873,5113011000111230000,강원특별자치도 원주시 단계동 1123,127.927519475776,37.3456627082781,True
link_existing_underlying_asset_same_asset_pnu,review,candidate pnu already exists for same asset_id; create/link relationship only after review,"asset_fund_links, fund_assets",ast_5afa53495f87,이지스전문투자형사모부동산투자신탁제404호,이지스전문투자형사모부동산투자신탁제404호,동산물류센터,split_or_drawer_list,,domestic_excel_fund_code_match,create_or_link_underlying_asset_with_location,False,112527,112527,이지스전문투자형사모부동산투자신탁제404호,1,물류,물류,경기도 이천시 호법면 매곡리 977-5,경기도 이천시 호법면 매곡리 977-5,same,4150033025109770005,4150033025109770005,same,127.37547830455,127.37547805478,same,37.1902608592665,37.1902612412431,same,True,True,True,True,True,False,False,58367,4150033025109770005,경기도 이천시 호법면 매곡리 977-5,127.37547805478,37.1902612412431,True
link_existing_underlying_asset_by_pnu,medium,same pnu exists elsewhere in DB; prefer linking/merging existing asset before creating,"asset_master, asset_fund_links, fund_assets",ast_5afa53495f87,이지스전문투자형사모부동산투자신탁제404호,이지스전문투자형사모부동산투자신탁제404호,부국물류센터,split_or_drawer_list,,domestic_excel_fund_code_match,create_or_link_underlying_asset_with_location,False,112527,112527,이지스전문투자형사모부동산투자신탁제404호,2,물류,물류,경기도 이천시 대월면 도리리 3-2,경기도 이천시 호법면 매곡리 977-5,different,4150035029100030002,4150033025109770005,different,127.493755771142,127.37547805478,different,37.2102633230507,37.1902612412431,different,True,True,True,False,True,True,True,58368,4150035029100030002,경기도 이천시 대월면 도리리 3-2,127.49375551117,37.2102637027627,True
create_underlying_asset_then_fetch_ledger,medium,multi-underlying candidate with new pnu; create asset then fetch/insert ledger,"asset_master, asset_fund_links, asset_building_ledger, fund_assets",ast_5afa53495f87,이지스전문투자형사모부동산투자신탁제404호,이지스전문투자형사모부동산투자신탁제404호,에이블로지스물류센터,split_or_drawer_list,,domestic_excel_fund_code_match,create_or_link_underlying_asset_with_location,False,112527,112527,이지스전문투자형사모부동산투자신탁제404호,3,물류,물류,경기도 용인시 처인구 백암면 767-13,경기도 이천시 호법면 매곡리 977-5,different,4146135000107670013,4150033025109770005,different,127.389087869929,127.37547805478,different,37.1510605177943,37.1902612412431,different,True,True,True,False,False,True,True,58369,4146135023107670013,경기도 용인시 처인구 백암면 백봉리 767-13,127.389087896527,37.151060940719,True
update_asset_name_only,low,safe existing asset name update but no address/pnu/xy candidate,asset_master,ast_616c3d79da75,이지스경산로지스제1호일반사모부동산투자회사(운용),이지스경산로지스제1호일반사모부동산투자회사(운용),경산 쿠팡물류센터,update_asset_name,,worklist_proposed_name_unmatched,update_name_only_pending_location,True,120085 | 120086 | 120087 | 120088,,,,,,,경상북도 경산시 진량읍 문천리 903,no_proposed_value,,4729025330109030000,no_proposed_value,,128.841410657044,no_proposed_value,,35.8737058361886,no_proposed_value,False,True,True,False,False,False,False,,,,,,False
update_asset_master_then_fetch_ledger,medium,safe existing asset update with new/different location; ledger missing for asset+pnu,"asset_master, asset_building_ledger",ast_6526b194cc13,이지스카스퀘어NPL일반사모부동산투자신탁,이지스카스퀘어NPL일반사모부동산투자신탁,부천카스퀘어담보대출,update_asset_name,,domestic_excel_fund_code_match,update_existing_asset_master_location,True,112720,112720,이지스카스퀘어NPL일반사모부동산투자신탁,1,NPL,NPL,경기도 부천시 삼정동 366-1,경기도 부천시 오정구 삼정동 366-1,different,4119012300103660001,4119610700103660001,different,126.761660703782,126.761660788164,same,37.5230864154501,37.523086805462,same,True,True,True,False,False,True,True,58574,4119610700103660001,경기도 부천시 오정구 삼정동 366-1,126.761660788164,37.523086805462,True
update_asset_master_location,low,safe existing asset update; ledger already present for asset+pnu,asset_master,ast_668935b47b6b,이지스KORIF사모부동산 투자신탁12호,이지스KORIF사모부동산 투자신탁12호,롯데마트(나주),update_asset_name,,domestic_excel_fund_code_match,update_existing_asset_master_location,True,112007,112007,이지스KORIF사모부동산 투자신탁12호,1,리테일,리테일,전라남도 나주시 송월동 1106-2,전라남도 나주시 송월동 1106-2,same,4617010200111060002,4617010200111060002,same,126.713118507568,126.713118289029,same,35.0132323136267,35.0132329039111,same,True,True,True,True,True,False,False,57876,4617010200111060002,전라남도 나주시 송월동 1106-2,126.713118289029,35.0132329039111,True
create_underlying_asset_then_fetch_ledger,medium,multi-underlying candidate with new pnu; create asset then fetch/insert ledger,"asset_master, asset_fund_links, asset_building_ledger, fund_assets",ast_6fbb0d555e87,이지스일반사모투자신탁435호(태양광),이지스일반사모투자신탁435호(태양광),다산1,split_or_drawer_list,,domestic_excel_fund_code_match,create_or_link_underlying_asset_with_location,False,112584,112584,이지스일반사모투자신탁435호(태양광),1,특별자산,특별자산,전라남도 해남군 해남읍 복평리 995-7,대저1동 1619,different,4682025037109950007,2644010100116190000,different,126.538161600153,128.954717074,different,34.5652004185649,35.209673248,different,True,True,True,False,False,True,True,58411,,전라남도 해남군 해남읍 복평리 995-7,126.538161665367,34.5652010866154,False
create_underlying_asset_then_fetch_ledger,medium,multi-underlying candidate with new pnu; create asset then fetch/insert ledger,"asset_master, asset_fund_links, asset_building_ledger, fund_assets",ast_6fbb0d555e87,이지스일반사모투자신탁435호(태양광),이지스일반사모투자신탁435호(태양광),동서발전,split_or_drawer_list,,domestic_excel_fund_code_match,create_or_link_underlying_asset_with_location,False,112584,112584,이지스일반사모투자신탁435호(태양광),2,특별자산,특별자산,경상북도 예천군 은풍면 부초리 산44,대저1동 1619,different,4790043029200440000,2644010100116190000,different,128.450495775082,128.954717074,different,36.7285805664103,35.209673248,different,True,True,True,False,False,True,True,58412,,경상북도 예천군 은풍면 부초리 산 44-1,128.450495709425,36.7285810242574,False
create_underlying_asset_then_fetch_ledger,medium,multi-underlying candidate with new pnu; create asset then fetch/insert ledger,"asset_master, asset_fund_links, asset_building_ledger, fund_assets",ast_6fbb0d555e87,이지스일반사모투자신탁435호(태양광),이지스일반사모투자신탁435호(태양광),진이엔지,split_or_drawer_list,,domestic_excel_fund_code_match,create_or_link_underlying_asset_with_location,False,112584,112584,이지스일반사모투자신탁435호(태양광),3,특별자산,특별자산,충청북도 진천군 문백면 평산리 산54,대저1동 1619,different,4375033025200540000,2644010100116190000,different,127.477462066664,128.954717074,different,36.8024105189189,35.209673248,different,True,True,True,False,False,True,True,58413,,충청북도 진천군 문백면 평산리 산 54,127.477462083436,36.8024109737305,False
create_underlying_asset_then_fetch_ledger,medium,multi-underlying candidate with new pnu; create asset then fetch/insert ledger,"asset_master, asset_fund_links, asset_building_ledger, fund_assets",ast_6fbb0d555e87,이지스일반사모투자신탁435호(태양광),이지스일반사모투자신탁435호(태양광),현대산업쏠라5호,split_or_drawer_list,,domestic_excel_fund_code_match,create_or_link_underlying_asset_with_location,False,112584,112584,이지스일반사모투자신탁435호(태양광),4,특별자산,특별자산,경상북도 의성군 옥산면 입암리 9,대저1동 1619,different,4773033038100090000,2644010100116190000,different,128.842909332077,128.954717074,different,36.3958762237176,35.209673248,different,True,True,True,False,False,True,True,58414,,경상북도 의성군 옥산면 입암리 7,128.843147572616,36.3958816468692,False
create_underlying_asset_then_fetch_ledger,medium,multi-underlying candidate with new pnu; create asset then fetch/insert ledger,"asset_master, asset_fund_links, asset_building_ledger, fund_assets",ast_6fbb0d555e87,이지스일반사모투자신탁435호(태양광),이지스일반사모투자신탁435호(태양광),케이앤스틸테크놀로지,split_or_drawer_list,,domestic_excel_fund_code_match,create_or_link_underlying_asset_with_location,False,112584,112584,이지스일반사모투자신탁435호(태양광),5,특별자산,특별자산,경상북도 상주시 내서면 노류리 572-2,대저1동 1619,different,4725037029105720002,2644010100116190000,different,128.020691220829,128.954717074,different,36.3645499179998,35.209673248,different,True,True,True,False,False,True,True,58415,,"경상북도 상주시 내서면 노류리 산141-1, 572-1, 모서면 대포리 산20-5",,,False
create_underlying_asset_then_fetch_ledger,medium,multi-underlying candidate with new pnu; create asset then fetch/insert ledger,"asset_master, asset_fund_links, asset_building_ledger, fund_assets",ast_6fbb0d555e87,이지스일반사모투자신탁435호(태양광),이지스일반사모투자신탁435호(태양광),리에너지,split_or_drawer_list,,domestic_excel_fund_code_match,create_or_link_underlying_asset_with_location,False,112584,112584,이지스일반사모투자신탁435호(태양광),6,특별자산,특별자산,경상북도 상주시 사벌국면 용담리 산42-1,대저1동 1619,different,4725032526200420001,2644010100116190000,different,128.218246198146,128.954717074,different,36.4863548646006,35.209673248,different,True,True,True,False,False,True,True,58416,,경상북도 상주시 사벌국면 용담리 산 42-1,128.218246150322,36.4863553447739,False
create_underlying_asset_then_fetch_ledger,medium,multi-underlying candidate with new pnu; create asset then fetch/insert ledger,"asset_master, asset_fund_links, asset_building_ledger, fund_assets",ast_6fbb0d555e87,이지스일반사모투자신탁435호(태양광),이지스일반사모투자신탁435호(태양광),지우태양광,split_or_drawer_list,,domestic_excel_fund_code_match,create_or_link_underlying_asset_with_location,False,112584,112584,이지스일반사모투자신탁435호(태양광),7,특별자산,특별자산,경상남도 산청군 산청읍 내수리 산49-1,대저1동 1619,different,4886025029200490001,2644010100116190000,different,127.915850592278,128.954717074,different,35.4334179495002,35.209673248,different,True,True,True,False,False,True,True,58417,,경상남도 산청군 산청읍 내수리 산 49-1,127.915850281403,35.4334184893568,False
create_underlying_asset_then_fetch_ledger,medium,multi-underlying candidate with new pnu; create asset then fetch/insert ledger,"asset_master, asset_fund_links, asset_building_ledger, fund_assets",ast_6fbb0d555e87,이지스일반사모투자신탁435호(태양광),이지스일반사모투자신탁435호(태양광),에스지,split_or_drawer_list,,domestic_excel_fund_code_match,create_or_link_underlying_asset_with_location,False,112584,112584,이지스일반사모투자신탁435호(태양광),8,특별자산,특별자산,경기도 연천군 중면 합수리 122,대저1동 1619,different,4180037026101220000,2644010100116190000,different,127.053403053374,128.954717074,different,38.1678164523042,35.209673248,different,True,True,True,False,False,True,True,58418,,경기도 연천군 중면 합수리 122,127.053402835629,38.1678167415454,False
create_underlying_asset_then_fetch_ledger,medium,multi-underlying candidate with new pnu; create asset then fetch/insert ledger,"asset_master, asset_fund_links, asset_building_ledger, fund_assets",ast_6fbb0d555e87,이지스일반사모투자신탁435호(태양광),이지스일반사모투자신탁435호(태양광),케이앤씨벨에포크,split_or_drawer_list,,domestic_excel_fund_code_match,create_or_link_underlying_asset_with_location,False,112584,112584,이지스일반사모투자신탁435호(태양광),9,특별자산,특별자산,전라남도 진도군 지산면 와우리 137-3,대저1동 1619,different,4690035030101370003,2644010100116190000,different,126.145784395077,128.954717074,different,34.4273962344761,35.209673248,different,True,True,True,False,False,True,True,58419,,전라남도 진도군 지산면 와우리 137-3,126.145784212296,34.4273968869183,False
create_underlying_asset_then_fetch_ledger,medium,multi-underlying candidate with new pnu; create asset then fetch/insert ledger,"asset_master, asset_fund_links, asset_building_ledger, fund_assets",ast_6fbb0d555e87,이지스일반사모투자신탁435호(태양광),이지스일반사모투자신탁435호(태양광),케이에이치테크단북1호,split_or_drawer_list,,domestic_excel_fund_code_match,create_or_link_underlying_asset_with_location,False,112584,112584,이지스일반사모투자신탁435호(태양광),10,특별자산,특별자산,경상북도 예천군 풍양면 흥천리 356,대저1동 1619,different,4790041024103560000,2644010100116190000,different,128.321153420258,128.954717074,different,36.5046457796687,35.209673248,different,True,True,True,False,False,True,True,58420,,"경상북도 예천군 풍양면 홍천리 356, 357, 390",,,False
create_underlying_asset_then_fetch_ledger,medium,multi-underlying candidate with new pnu; create asset then fetch/insert ledger,"asset_master, asset_fund_links, asset_building_ledger, fund_assets",ast_6fbb0d555e87,이지스일반사모투자신탁435호(태양광),이지스일반사모투자신탁435호(태양광),미션,split_or_drawer_list,,domestic_excel_fund_code_match,create_or_link_underlying_asset_with_location,False,112584,112584,이지스일반사모투자신탁435호(태양광),11,특별자산,특별자산,경상북도 영주시 조와동 346,대저1동 1619,different,4721011000103460000,2644010100116190000,different,128.626195302659,128.954717074,different,36.8736398842617,35.209673248,different,True,True,True,False,False,True,True,58421,,경상북도 영주시 조와동 346,128.626195223085,36.8736403288388,False
create_underlying_asset_then_fetch_ledger,medium,multi-underlying candidate with new pnu; create asset then fetch/insert ledger,"asset_master, asset_fund_links, asset_building_ledger, fund_assets",ast_6fbb0d555e87,이지스일반사모투자신탁435호(태양광),이지스일반사모투자신탁435호(태양광),윈즈에너지,split_or_drawer_list,,domestic_excel_fund_code_match,create_or_link_underlying_asset_with_location,False,112584,112584,이지스일반사모투자신탁435호(태양광),12,특별자산,특별자산,경상북도 영주시 조와동 346,대저1동 1619,different,4721011000103460000,2644010100116190000,different,128.626195302659,128.954717074,different,36.8736398842617,35.209673248,different,True,True,True,False,False,True,True,58422,,경상북도 영주시 조와동 346,128.626195223085,36.8736403288388,False
create_underlying_asset_then_fetch_ledger,medium,multi-underlying candidate with new pnu; create asset then fetch/insert ledger,"asset_master, asset_fund_links, asset_building_ledger, fund_assets",ast_6fbb0d555e87,이지스일반사모투자신탁435호(태양광),이지스일반사모투자신탁435호(태양광),이큐에너지,split_or_drawer_list,,domestic_excel_fund_code_match,create_or_link_underlying_asset_with_location,False,112584,112584,이지스일반사모투자신탁435호(태양광),13,특별자산,특별자산,경상북도 영주시 조와동 346,대저1동 1619,different,4721011000103460000,2644010100116190000,different,128.626195302659,128.954717074,different,36.8736398842617,35.209673248,different,True,True,True,False,False,True,True,58423,,경상북도 영주시 조와동 346,128.626195223085,36.8736403288388,False
create_underlying_asset_then_fetch_ledger,medium,multi-underlying candidate with new pnu; create asset then fetch/insert ledger,"asset_master, asset_fund_links, asset_building_ledger, fund_assets",ast_6fbb0d555e87,이지스일반사모투자신탁435호(태양광),이지스일반사모투자신탁435호(태양광),소망,split_or_drawer_list,,domestic_excel_fund_code_match,create_or_link_underlying_asset_with_location,False,112584,112584,이지스일반사모투자신탁435호(태양광),14,특별자산,특별자산,충청남도 서천군 서면 원두리 산79-1,대저1동 1619,different,4477041025200790001,2644010100116190000,different,126.581342387506,128.954717074,different,36.1688014842476,35.209673248,different,True,True,True,False,False,True,True,58424,,충청남도 서천군 서면 원두리 산 79-1,126.581342475573,36.168802003673,False
create_underlying_asset_then_fetch_ledger,medium,multi-underlying candidate with new pnu; create asset then fetch/insert ledger,"asset_master, asset_fund_links, asset_building_ledger, fund_assets",ast_6fbb0d555e87,이지스일반사모투자신탁435호(태양광),이지스일반사모투자신탁435호(태양광),청수,split_or_drawer_list,,domestic_excel_fund_code_match,create_or_link_underlying_asset_with_location,False,112584,112584,이지스일반사모투자신탁435호(태양광),15,특별자산,특별자산,충청남도 서천군 서면 원두리 산79-1,대저1동 1619,different,4477041025200790001,2644010100116190000,different,126.581342387506,128.954717074,different,36.1688014842476,35.209673248,different,True,True,True,False,False,True,True,58425,,충청남도 서천군 서면 원두리 산 79-1,126.581342475573,36.168802003673,False
create_underlying_asset_then_fetch_ledger,medium,multi-underlying candidate with new pnu; create asset then fetch/insert ledger,"asset_master, asset_fund_links, asset_building_ledger, fund_assets",ast_6fbb0d555e87,이지스일반사모투자신탁435호(태양광),이지스일반사모투자신탁435호(태양광),봉산햇빛,split_or_drawer_list,,domestic_excel_fund_code_match,create_or_link_underlying_asset_with_location,False,112584,112584,이지스일반사모투자신탁435호(태양광),16,특별자산,특별자산,강원특별자치도 철원군 갈말읍 동막리 산166,대저1동 1619,different,5178025630201660000,2644010100116190000,different,127.312215136116,128.954717074,different,38.2394423378619,35.209673248,different,True,True,True,False,False,True,True,58426,,강원특별자치도 철원군 갈말읍 동막리 산 166-1,127.312215172602,38.2394426585278,False
create_underlying_asset_then_fetch_ledger,medium,multi-underlying candidate with new pnu; create asset then fetch/insert ledger,"asset_master, asset_fund_links, asset_building_ledger, fund_assets",ast_6fbb0d555e87,이지스일반사모투자신탁435호(태양광),이지스일반사모투자신탁435호(태양광),행암에너지일호,split_or_drawer_list,,domestic_excel_fund_code_match,create_or_link_underlying_asset_with_location,False,112584,112584,이지스일반사모투자신탁435호(태양광),17,특별자산,특별자산,충청남도 천안시 동남구 동면 401-8,대저1동 1619,different,4413137000104010008,2644010100116190000,different,127.349987101045,128.954717074,different,36.8097902273754,35.209673248,different,True,True,True,False,False,True,True,58427,,충청남도 천안시 동남구 동면 행암리 401-8,127.3499868511,36.809790645171,False
create_underlying_asset_then_fetch_ledger,medium,multi-underlying candidate with new pnu; create asset then fetch/insert ledger,"asset_master, asset_fund_links, asset_building_ledger, fund_assets",ast_6fbb0d555e87,이지스일반사모투자신탁435호(태양광),이지스일반사모투자신탁435호(태양광),도원에너지,split_or_drawer_list,,domestic_excel_fund_code_match,create_or_link_underlying_asset_with_location,False,112584,112584,이지스일반사모투자신탁435호(태양광),18,특별자산,특별자산,경상남도 하동군 양보면 감당리 산85-1,대저1동 1619,different,4885038023200850001,2644010100116190000,different,127.829534398816,128.954717074,different,35.0825899467748,35.209673248,different,True,True,True,False,False,True,True,58428,,경상남도 하동군 양보면 감당리 산 85-1,127.82953436791,35.0825905534168,False
create_underlying_asset_then_fetch_ledger,medium,multi-underlying candidate with new pnu; create asset then fetch/insert ledger,"asset_master, asset_fund_links, asset_building_ledger, fund_assets",ast_6fbb0d555e87,이지스일반사모투자신탁435호(태양광),이지스일반사모투자신탁435호(태양광),솔빛에너지,split_or_drawer_list,,domestic_excel_fund_code_match,create_or_link_underlying_asset_with_location,False,112584,112584,이지스일반사모투자신탁435호(태양광),19,특별자산,특별자산,경상남도 함안군 군북면 장지리 659,대저1동 1619,different,4873032030106590000,2644010100116190000,different,128.335500235149,128.954717074,different,35.299076463718,35.209673248,different,True,True,True,False,False,True,True,58429,,경상남도 함안군 군북면 장지리 659,128.33550030293,35.2990769768325,False
link_existing_underlying_asset_same_asset_pnu,review,candidate pnu already exists for same asset_id; create/link relationship only after review,"asset_fund_links, fund_assets",ast_6fbb0d555e87,이지스일반사모투자신탁435호(태양광),이지스일반사모투자신탁435호(태양광),에스와이솔라,split_or_drawer_list,,domestic_excel_fund_code_match,create_or_link_underlying_asset_with_location,False,112584,112584,이지스일반사모투자신탁435호(태양광),20,특별자산,특별자산,부산광역시 강서구 대저1동 1619,대저1동 1619,different,2644010100116190000,2644010100116190000,same,128.954259138838,128.954717074,different,35.2131309772713,35.209673248,different,True,True,True,True,True,True,False,58430,2644010100116190000,대저1동 1619,128.954717074,35.209673248,True
link_existing_underlying_asset_by_pnu,medium,same pnu exists elsewhere in DB; prefer linking/merging existing asset before creating,"asset_master, asset_fund_links, fund_assets",ast_6fbb0d555e87,이지스일반사모투자신탁435호(태양광),이지스일반사모투자신탁435호(태양광),에이치엠솔라1,split_or_drawer_list,,domestic_excel_fund_code_match,create_or_link_underlying_asset_with_location,False,112584,112584,이지스일반사모투자신탁435호(태양광),21,특별자산,특별자산,강원특별자치도 원주시 문막읍 반계리 2255-2,대저1동 1619,different,5113025029122550002,2644010100116190000,different,127.798699195572,128.954717074,different,37.2977858883412,35.209673248,different,True,True,True,False,True,True,True,58431,5113025029122550002,강원특별자치도 원주시 문막읍 반계리 2255-2,127.798699187274,37.2977862965336,True
link_existing_underlying_asset_by_pnu,medium,same pnu exists elsewhere in DB; prefer linking/merging existing asset before creating,"asset_master, asset_fund_links, fund_assets",ast_6fbb0d555e87,이지스일반사모투자신탁435호(태양광),이지스일반사모투자신탁435호(태양광),이에스에이치12,split_or_drawer_list,,domestic_excel_fund_code_match,create_or_link_underlying_asset_with_location,False,112584,112584,이지스일반사모투자신탁435호(태양광),22,특별자산,특별자산,전라남도 광양시 광양읍 세풍리 2224,대저1동 1619,different,4623025034122240000,2644010100116190000,different,127.596397170066,128.954717074,different,34.8966180963216,35.209673248,different,True,True,True,False,True,True,True,58432,4623025034122240000,전라남도 광양시 광양읍 세풍리 2224,127.596397155015,34.8966187216681,True
create_underlying_asset_then_fetch_ledger,medium,multi-underlying candidate with new pnu; create asset then fetch/insert ledger,"asset_master, asset_fund_links, asset_building_ledger, fund_assets",ast_6fbb0d555e87,이지스일반사모투자신탁435호(태양광),이지스일반사모투자신탁435호(태양광),지티씨솔라13호,split_or_drawer_list,,domestic_excel_fund_code_match,create_or_link_underlying_asset_with_location,False,112584,112584,이지스일반사모투자신탁435호(태양광),23,특별자산,특별자산,강원특별자치도 화천군 사내면 용담리 602,대저1동 1619,different,5179034024106020000,2644010100116190000,different,127.537474128221,128.954717074,different,38.0836900241721,35.209673248,different,True,True,True,False,False,True,True,58433,,강원특별자치도 화천군 사내면 용담리 602,127.537473866627,38.083690321283,False
create_underlying_asset_then_fetch_ledger,medium,multi-underlying candidate with new pnu; create asset then fetch/insert ledger,"asset_master, asset_fund_links, asset_building_ledger, fund_assets",ast_6fbb0d555e87,이지스일반사모투자신탁435호(태양광),이지스일반사모투자신탁435호(태양광),강구16호,split_or_drawer_list,,domestic_excel_fund_code_match,create_or_link_underlying_asset_with_location,False,112584,112584,이지스일반사모투자신탁435호(태양광),24,특별자산,특별자산,경상북도 안동시 길안면 현하리 1115-19,대저1동 1619,different,4717039033111150019,2644010100116190000,different,128.842429765427,128.954717074,different,36.4285764602799,35.209673248,different,True,True,True,False,False,True,True,58434,,경상북도 안동시 길안면 현하리 1115-19,128.842429666407,36.4285769432021,False
create_underlying_asset_then_fetch_ledger,medium,multi-underlying candidate with new pnu; create asset then fetch/insert ledger,"asset_master, asset_fund_links, asset_building_ledger, fund_assets",ast_6fbb0d555e87,이지스일반사모투자신탁435호(태양광),이지스일반사모투자신탁435호(태양광),외삼1호,split_or_drawer_list,,domestic_excel_fund_code_match,create_or_link_underlying_asset_with_location,False,112584,112584,이지스일반사모투자신탁435호(태양광),25,특별자산,특별자산,경상북도 봉화군 봉성면 외삼리 793,대저1동 1619,different,4792032023107930000,2644010100116190000,different,128.78366992654,128.954717074,different,36.8892411396545,35.209673248,different,True,True,True,False,False,True,True,58435,,경상북도 봉화군 봉성면 외삼리 793,128.783669834076,36.889241582552,False
create_underlying_asset_then_fetch_ledger,medium,multi-underlying candidate with new pnu; create asset then fetch/insert ledger,"asset_master, asset_fund_links, asset_building_ledger, fund_assets",ast_6fbb0d555e87,이지스일반사모투자신탁435호(태양광),이지스일반사모투자신탁435호(태양광),외삼2호,split_or_drawer_list,,domestic_excel_fund_code_match,create_or_link_underlying_asset_with_location,False,112584,112584,이지스일반사모투자신탁435호(태양광),26,특별자산,특별자산,경상북도 봉화군 봉성면 외삼리 792,대저1동 1619,different,4792032023107920000,2644010100116190000,different,128.783858932297,128.954717074,different,36.8889474904447,35.209673248,different,True,True,True,False,False,True,True,58436,,경상북도 봉화군 봉성면 외삼리 792,128.783858562063,36.8889478963492,False
create_underlying_asset_then_fetch_ledger,medium,multi-underlying candidate with new pnu; create asset then fetch/insert ledger,"asset_master, asset_fund_links, asset_building_ledger, fund_assets",ast_6fbb0d555e87,이지스일반사모투자신탁435호(태양광),이지스일반사모투자신탁435호(태양광),솔라트리1호,split_or_drawer_list,,domestic_excel_fund_code_match,create_or_link_underlying_asset_with_location,False,112584,112584,이지스일반사모투자신탁435호(태양광),27,특별자산,특별자산,충청북도 제천시 봉양읍 공전리 359-1,대저1동 1619,different,4315025034103590001,2644010100116190000,different,128.081126743899,128.954717074,different,37.1079013957364,35.209673248,different,True,True,True,False,False,True,True,58437,,충청북도 제천시 봉양읍 공전리 359-1,128.081126710735,37.1079018205968,False
create_underlying_asset_then_fetch_ledger,medium,multi-underlying candidate with new pnu; create asset then fetch/insert ledger,"asset_master, asset_fund_links, asset_building_ledger, fund_assets",ast_6fbb0d555e87,이지스일반사모투자신탁435호(태양광),이지스일반사모투자신탁435호(태양광),김송하,split_or_drawer_list,,domestic_excel_fund_code_match,create_or_link_underlying_asset_with_location,False,112584,112584,이지스일반사모투자신탁435호(태양광),28,특별자산,특별자산,강원특별자치도 영월군 상동읍 구래리 194-9,대저1동 1619,different,5175025322101940009,2644010100116190000,different,128.810643633155,128.954717074,different,37.1678515560276,35.209673248,different,True,True,True,False,False,True,True,58438,,강원특별자치도 영월군 상동읍 구래리 194-9,128.810643539037,37.1678519743788,False
create_underlying_asset_then_fetch_ledger,medium,multi-underlying candidate with new pnu; create asset then fetch/insert ledger,"asset_master, asset_fund_links, asset_building_ledger, fund_assets",ast_6fbb0d555e87,이지스일반사모투자신탁435호(태양광),이지스일반사모투자신탁435호(태양광),에스이피브,split_or_drawer_list,,domestic_excel_fund_code_match,create_or_link_underlying_asset_with_location,False,112584,112584,이지스일반사모투자신탁435호(태양광),29,특별자산,특별자산,경기도 연천군 중면 합수리 661,대저1동 1619,different,4180037026106610000,2644010100116190000,different,127.043659510198,128.954717074,different,38.1372804571045,35.209673248,different,True,True,True,False,False,True,True,58439,,경기도 연천군 중면 합수리 661,127.043659295094,38.1372807538152,False
create_underlying_asset_then_fetch_ledger,medium,multi-underlying candidate with new pnu; create asset then fetch/insert ledger,"asset_master, asset_fund_links, asset_building_ledger, fund_assets",ast_6fbb0d555e87,이지스일반사모투자신탁435호(태양광),이지스일반사모투자신탁435호(태양광),케이앤씨헤르메스,split_or_drawer_list,,domestic_excel_fund_code_match,create_or_link_underlying_asset_with_location,False,112584,112584,이지스일반사모투자신탁435호(태양광),30,특별자산,특별자산,전라북도 남원시 대강면 송대리 3-7,대저1동 1619,different,4519036026100030007,2644010100116190000,different,127.242014696092,128.954717074,different,35.3757153395264,35.209673248,different,True,True,True,False,False,True,True,58440,,전북특별자치도 남원시 대강면 송대리 3-7,127.242014717232,35.37571592589,False
create_underlying_asset_then_fetch_ledger,medium,multi-underlying candidate with new pnu; create asset then fetch/insert ledger,"asset_master, asset_fund_links, asset_building_ledger, fund_assets",ast_6fbb0d555e87,이지스일반사모투자신탁435호(태양광),이지스일반사모투자신탁435호(태양광),모두에너지,split_or_drawer_list,,domestic_excel_fund_code_match,create_or_link_underlying_asset_with_location,False,112584,112584,이지스일반사모투자신탁435호(태양광),31,특별자산,특별자산,경상북도 경주시 강동면 왕신리 산141-1,대저1동 1619,different,4713037028201410001,2644010100116190000,different,129.322003835782,128.954717074,different,35.9357155715035,35.209673248,different,True,True,True,False,False,True,True,58441,,경상북도 경주시 강동면 왕신리 산 141-1,129.322003418445,35.9357160588788,False
create_underlying_asset_then_fetch_ledger,medium,multi-underlying candidate with new pnu; create asset then fetch/insert ledger,"asset_master, asset_fund_links, asset_building_ledger, fund_assets",ast_6fbb0d555e87,이지스일반사모투자신탁435호(태양광),이지스일반사모투자신탁435호(태양광),솔라팩토리10호,split_or_drawer_list,,domestic_excel_fund_code_match,create_or_link_underlying_asset_with_location,False,112584,112584,이지스일반사모투자신탁435호(태양광),32,특별자산,특별자산,경기도 포천시 자작동 595,대저1동 1619,different,4165010300105950000,2644010100116190000,different,127.164579436744,128.954717074,different,37.8722221551578,35.209673248,different,True,True,True,False,False,True,True,58442,,경기도 포천시 자작동 595,127.16457033371,37.8722224727945,False
link_existing_underlying_asset_by_pnu,medium,same pnu exists elsewhere in DB; prefer linking/merging existing asset before creating,"asset_master, asset_fund_links, fund_assets",ast_6fbb0d555e87,이지스일반사모투자신탁435호(태양광),이지스일반사모투자신탁435호(태양광),씨에스에너텍,split_or_drawer_list,,domestic_excel_fund_code_match,create_or_link_underlying_asset_with_location,False,112584,112584,이지스일반사모투자신탁435호(태양광),33,특별자산,특별자산,경상북도 경산시 진량읍 신상리 1186-7,대저1동 1619,different,4729025321111860007,2644010100116190000,different,128.832009344151,128.954717074,different,35.876536295234,35.209673248,different,True,True,True,False,True,True,True,58443,4729025321111860007,진량읍 신상리 1186-7,128.831477243,35.876417663,True
create_underlying_asset_then_fetch_ledger,medium,multi-underlying candidate with new pnu; create asset then fetch/insert ledger,"asset_master, asset_fund_links, asset_building_ledger, fund_assets",ast_6fbb0d555e87,이지스일반사모투자신탁435호(태양광),이지스일반사모투자신탁435호(태양광),알이씨에너지,split_or_drawer_list,,domestic_excel_fund_code_match,create_or_link_underlying_asset_with_location,False,112584,112584,이지스일반사모투자신탁435호(태양광),34,특별자산,특별자산,경기도 가평군 설악면 천안리 21-2,대저1동 1619,different,4182031034100210002,2644010100116190000,different,127.492471395353,128.954717074,different,37.6309866871406,35.209673248,different,True,True,True,False,False,True,True,58444,,경기도 가평군 설악면 천안리 21-2,127.492471137095,37.6309870272374,False
create_underlying_asset_then_fetch_ledger,medium,multi-underlying candidate with new pnu; create asset then fetch/insert ledger,"asset_master, asset_fund_links, asset_building_ledger, fund_assets",ast_6fbb0d555e87,이지스일반사모투자신탁435호(태양광),이지스일반사모투자신탁435호(태양광),알이엔네트웍스,split_or_drawer_list,,domestic_excel_fund_code_match,create_or_link_underlying_asset_with_location,False,112584,112584,이지스일반사모투자신탁435호(태양광),35,특별자산,특별자산,경기도 가평군 설악면 천안리 14-1,대저1동 1619,different,4182031034100140001,2644010100116190000,different,127.489940253948,128.954717074,different,37.6322875136165,35.209673248,different,True,True,True,False,False,True,True,58445,,경기도 가평군 설악면 천안리 14-1,127.489939995916,37.6322878535948,False
create_underlying_asset_then_fetch_ledger,medium,multi-underlying candidate with new pnu; create asset then fetch/insert ledger,"asset_master, asset_fund_links, asset_building_ledger, fund_assets",ast_6fbb0d555e87,이지스일반사모투자신탁435호(태양광),이지스일반사모투자신탁435호(태양광),어량리,split_or_drawer_list,,domestic_excel_fund_code_match,create_or_link_underlying_asset_with_location,False,112584,112584,이지스일반사모투자신탁435호(태양광),36,특별자산,특별자산,전라북도 익산시 망성면 어량리 1743-14,대저1동 1619,different,4514038024117430014,2644010100116190000,different,127.03057297657,128.954717074,different,36.0915082310654,35.209673248,different,True,True,True,False,False,True,True,58446,,"전라북도 익산시 밍상면 어량리 1743-14, 906-47, 906-46, 1743-13",,,False
create_underlying_asset_then_fetch_ledger,medium,multi-underlying candidate with new pnu; create asset then fetch/insert ledger,"asset_master, asset_fund_links, asset_building_ledger, fund_assets",ast_6fbb0d555e87,이지스일반사모투자신탁435호(태양광),이지스일반사모투자신탁435호(태양광),비케이솔라,split_or_drawer_list,,domestic_excel_fund_code_match,create_or_link_underlying_asset_with_location,False,112584,112584,이지스일반사모투자신탁435호(태양광),37,특별자산,특별자산,충청북도 진천군 문백면 계산리 359-1,대저1동 1619,different,4375033026103590001,2644010100116190000,different,127.400320673083,128.954717074,different,36.7903360743981,35.209673248,different,True,True,True,False,False,True,True,58447,,충청북도 진천군 문백면 계산리 359-1,127.400320696402,36.7903365306719,False
create_underlying_asset_then_fetch_ledger,medium,multi-underlying candidate with new pnu; create asset then fetch/insert ledger,"asset_master, asset_fund_links, asset_building_ledger, fund_assets",ast_6fbb0d555e87,이지스일반사모투자신탁435호(태양광),이지스일반사모투자신탁435호(태양광),와이알에너지,split_or_drawer_list,,domestic_excel_fund_code_match,create_or_link_underlying_asset_with_location,False,112584,112584,이지스일반사모투자신탁435호(태양광),38,특별자산,특별자산,충청북도 진천군 문백면 계산리 359-1,대저1동 1619,different,4375033026103590001,2644010100116190000,different,127.400320673083,128.954717074,different,36.7903360743981,35.209673248,different,True,True,True,False,False,True,True,58448,,충청북도 진천군 문백면 계산리 359-1,127.400320696402,36.7903365306719,False
create_underlying_asset_then_fetch_ledger,medium,multi-underlying candidate with new pnu; create asset then fetch/insert ledger,"asset_master, asset_fund_links, asset_building_ledger, fund_assets",ast_6fbb0d555e87,이지스일반사모투자신탁435호(태양광),이지스일반사모투자신탁435호(태양광),유현그린,split_or_drawer_list,,domestic_excel_fund_code_match,create_or_link_underlying_asset_with_location,False,112584,112584,이지스일반사모투자신탁435호(태양광),39,특별자산,특별자산,충청북도 진천군 문백면 계산리 359-1,대저1동 1619,different,4375033026103590001,2644010100116190000,different,127.400320673083,128.954717074,different,36.7903360743981,35.209673248,different,True,True,True,False,False,True,True,58449,,충청북도 진천군 문백면 계산리 359-1,127.400320696402,36.7903365306719,False
create_underlying_asset_then_fetch_ledger,medium,multi-underlying candidate with new pnu; create asset then fetch/insert ledger,"asset_master, asset_fund_links, asset_building_ledger, fund_assets",ast_6fbb0d555e87,이지스일반사모투자신탁435호(태양광),이지스일반사모투자신탁435호(태양광),케이앤씨그린북,split_or_drawer_list,,domestic_excel_fund_code_match,create_or_link_underlying_asset_with_location,False,112584,112584,이지스일반사모투자신탁435호(태양광),40,특별자산,특별자산,충청남도 논산시 은진면 용산리 296,대저1동 1619,different,4423041025102960000,2644010100116190000,different,127.120390614737,128.954717074,different,36.1581873321686,35.209673248,different,True,True,True,False,False,True,True,58450,,충청남도 논산시 은진면 용산리 296,127.12039037846,36.1581878121978,False
create_underlying_asset_then_fetch_ledger,medium,multi-underlying candidate with new pnu; create asset then fetch/insert ledger,"asset_master, asset_fund_links, asset_building_ledger, fund_assets",ast_6fbb0d555e87,이지스일반사모투자신탁435호(태양광),이지스일반사모투자신탁435호(태양광),디앤피상주,split_or_drawer_list,,domestic_excel_fund_code_match,create_or_link_underlying_asset_with_location,False,112584,112584,이지스일반사모투자신탁435호(태양광),41,특별자산,특별자산,경상북도 상주시 화동면 어산리 524-1,대저1동 1619,different,4725040024105240001,2644010100116190000,different,128.003694356758,128.954717074,different,36.3956116798158,35.209673248,different,True,True,True,False,False,True,True,58451,,경상북도 상주시 화동면 어산리 524-1,128.003694326089,36.3956121690495,False
create_underlying_asset_then_fetch_ledger,medium,multi-underlying candidate with new pnu; create asset then fetch/insert ledger,"asset_master, asset_fund_links, asset_building_ledger, fund_assets",ast_6fbb0d555e87,이지스일반사모투자신탁435호(태양광),이지스일반사모투자신탁435호(태양광),적화솔라,split_or_drawer_list,,domestic_excel_fund_code_match,create_or_link_underlying_asset_with_location,False,112584,112584,이지스일반사모투자신탁435호(태양광),42,특별자산,특별자산,충청남도 부여군 장암면 지토리 산26,대저1동 1619,different,4476042028200260000,2644010100116190000,different,126.921282091648,128.954717074,different,36.2120166507773,35.209673248,different,True,True,True,False,False,True,True,58452,,충청남도 부여군 장암면 지토리 산 26,126.921282150808,36.2120171634691,False
create_underlying_asset_then_fetch_ledger,medium,multi-underlying candidate with new pnu; create asset then fetch/insert ledger,"asset_master, asset_fund_links, asset_building_ledger, fund_assets",ast_6fbb0d555e87,이지스일반사모투자신탁435호(태양광),이지스일반사모투자신탁435호(태양광),솔라시너지햇빛1호,split_or_drawer_list,,domestic_excel_fund_code_match,create_or_link_underlying_asset_with_location,False,112584,112584,이지스일반사모투자신탁435호(태양광),43,특별자산,특별자산,충청남도 보령시 천북면 신죽리 645-11,대저1동 1619,different,4418033028106450011,2644010100116190000,different,126.578829214012,128.954717074,different,36.4866376268523,35.209673248,different,True,True,True,False,False,True,True,58453,,충청남도 보령시 천북면 신죽리 645-11,126.578829306093,36.486638116384,False
create_underlying_asset_then_fetch_ledger,medium,multi-underlying candidate with new pnu; create asset then fetch/insert ledger,"asset_master, asset_fund_links, asset_building_ledger, fund_assets",ast_6fbb0d555e87,이지스일반사모투자신탁435호(태양광),이지스일반사모투자신탁435호(태양광),이인메가태양광,split_or_drawer_list,,domestic_excel_fund_code_match,create_or_link_underlying_asset_with_location,False,112584,112584,이지스일반사모투자신탁435호(태양광),44,특별자산,특별자산,충청남도 공주시 이인면 오룡리 산2-32,대저1동 1619,different,4415031023200020032,2644010100116190000,different,127.074308261653,128.954717074,different,36.4145419540869,35.209673248,different,True,True,True,False,False,True,True,58454,,충청남도 공주시 이인면 오룡리 산 2-32,127.074308309811,36.4145424469331,False
create_underlying_asset_then_fetch_ledger,medium,multi-underlying candidate with new pnu; create asset then fetch/insert ledger,"asset_master, asset_fund_links, asset_building_ledger, fund_assets",ast_6fbb0d555e87,이지스일반사모투자신탁435호(태양광),이지스일반사모투자신탁435호(태양광),솔라팩토리22호,split_or_drawer_list,,domestic_excel_fund_code_match,create_or_link_underlying_asset_with_location,False,112584,112584,이지스일반사모투자신탁435호(태양광),45,특별자산,특별자산,경상북도 김천시 어모면 남산리 2033,대저1동 1619,different,4715036023120330000,2644010100116190000,different,128.131889016506,128.954717074,different,36.1612622229727,35.209673248,different,True,True,True,False,False,True,True,58455,,경북 김천시 어모면 남신리 213번지,,,False
link_existing_underlying_asset_by_pnu,medium,same pnu exists elsewhere in DB; prefer linking/merging existing asset before creating,"asset_master, asset_fund_links, fund_assets",ast_6fbb0d555e87,이지스일반사모투자신탁435호(태양광),이지스일반사모투자신탁435호(태양광),솔라팩토리19호,split_or_drawer_list,,domestic_excel_fund_code_match,create_or_link_underlying_asset_with_location,False,112584,112584,이지스일반사모투자신탁435호(태양광),46,대출채권,특별자산,충청북도 충주시 대소원면 완오리 1165,대저1동 1619,different,4313033530111650000,2644010100116190000,different,127.837297367833,128.954717074,different,36.9983946807878,35.209673248,different,True,True,True,False,True,True,True,58456,4313033530111650000,충청북도 충주시 대소원면 완오리 1165,127.837297354945,36.9983951162712,True
update_asset_master_location,low,safe existing asset update; ledger already present for asset+pnu,asset_master,ast_74fc8d406c81,이지스일반사모부동산투자신탁14호,이지스일반사모부동산투자신탁14호,신라스테이울산,update_asset_name,,domestic_excel_fund_code_match,update_existing_asset_master_location,True,112011 | 120119,112011,이지스일반사모부동산투자신탁14호,1,호텔,호텔,울산광역시 남구 달동 1247-1,울산광역시 남구 달동 1247-1,same,3114010500112470001,3114010500112470001,same,129.329257608933,129.329257188218,same,35.5374851317199,35.5374856528665,same,True,True,True,True,True,False,False,57882,3114010500112470001,울산광역시 남구 달동 1247-1,129.329257188218,35.5374856528665,True
create_underlying_asset_then_fetch_ledger,medium,multi-underlying candidate with new pnu; create asset then fetch/insert ledger,"asset_master, asset_fund_links, asset_building_ledger, fund_assets",ast_765cc3a1898a,이지스코어리테일부동산투자신탁302호(운용),이지스코어리테일부동산투자신탁302호(운용),홈플러스 인천인하점,split_or_drawer_list,,domestic_excel_fund_code_match,create_or_link_underlying_asset_with_location,False,112344,112344,이지스코어리테일부동산투자신탁302호(운용),1,리테일,리테일,인천광역시 미추홀구 용현동 648,전북특별자치도 전주시 완산구 중노송동 495-6,different,2817710200106480000,5211112000104950006,different,126.65077699908,127.150069862002,different,37.447735380318,35.823561447076,different,True,True,True,False,False,True,True,58180,,인천광역시 미추홀구 용현동 648,,,False
link_existing_underlying_asset_by_pnu,medium,same pnu exists elsewhere in DB; prefer linking/merging existing asset before creating,"asset_master, asset_fund_links, fund_assets",ast_765cc3a1898a,이지스코어리테일부동산투자신탁302호(운용),이지스코어리테일부동산투자신탁302호(운용),홈플러스 대전문화점,split_or_drawer_list,,domestic_excel_fund_code_match,create_or_link_underlying_asset_with_location,False,112344,112344,이지스코어리테일부동산투자신탁302호(운용),2,리테일,리테일,대전광역시 중구 문화동 1-17,전북특별자치도 전주시 완산구 중노송동 495-6,different,3014011600100010017,5211112000104950006,different,127.407663122728,127.150069862002,different,36.3203749665009,35.823561447076,different,True,True,True,False,True,True,True,58181,3014011600100010017,대전광역시 중구 문화동 1-17,127.407663141452,36.3203754658686,True
create_underlying_asset_then_fetch_ledger,medium,multi-underlying candidate with new pnu; create asset then fetch/insert ledger,"asset_master, asset_fund_links, asset_building_ledger, fund_assets",ast_765cc3a1898a,이지스코어리테일부동산투자신탁302호(운용),이지스코어리테일부동산투자신탁302호(운용),홈플러스 전주완산점,split_or_drawer_list,,domestic_excel_fund_code_match,create_or_link_underlying_asset_with_location,False,112344,112344,이지스코어리테일부동산투자신탁302호(운용),3,리테일,리테일,전라북도 전주시 완산구 중노송동 495-6,전북특별자치도 전주시 완산구 중노송동 495-6,different,4511112000104950006,5211112000104950006,different,127.150069827049,127.150069862002,same,35.8235609004745,35.823561447076,same,True,True,True,False,False,True,True,58182,5211112000104950006,전북특별자치도 전주시 완산구 중노송동 495-6,127.150069862002,35.823561447076,True
link_existing_underlying_asset_same_asset_pnu,review,candidate pnu already exists for same asset_id; create/link relationship only after review,"asset_fund_links, fund_assets",ast_7a35fc542c9f,이지스데이터센터위탁관리부동산투자회사 주식회사,이지스데이터센터위탁관리부동산투자회사 주식회사,분당Hostway IDC,split_or_drawer_list,,domestic_excel_fund_code_match,create_or_link_underlying_asset_with_location,False,R00006,R00006,이지스데이터센터위탁관리부동산투자회사 주식회사,1,데이터센터,기타,경기도 성남시 분당구 야탑동 343-1,야탑동 343-1,different,4113510700103430001,4113510700103430001,same,127.124490364288,127.124501255,different,37.41348313634,37.413521277,different,True,True,True,True,True,True,False,58754,4113510700103430001,야탑동 343-1,127.124501255,37.413521277,True
update_asset_name_only,low,safe existing asset name update but no address/pnu/xy candidate,asset_master,ast_808ae65372f4,오시리아타워레지던스,오시리아타워레지던스,오시리아타워레지던스,update_asset_name,,worklist_proposed_name_unmatched,update_name_only_pending_location,True,P00003,,,,,,,,no_proposed_value,,,no_proposed_value,,129.215212006,no_proposed_value,,35.188692083,no_proposed_value,False,False,False,False,False,False,False,,,,,,False
update_asset_master_location,low,safe existing asset update; ledger already present for asset+pnu,asset_master,ast_835e9f381ae3,이지스아레나스전문투자형사모부동산투자신탁4호,이지스아레나스전문투자형사모부동산투자신탁4호,"스카이박스1, 스카이박스2",update_asset_name,,domestic_excel_fund_code_match,update_existing_asset_master_location,True,112299,112299,이지스아레나스전문투자형사모부동산투자신탁4호,1,물류,물류,인천광역시 서구 오류동 1549-4,인천광역시 서구 오류동 1549-4,same,2826011900115490004,2826011900115490004,same,126.60312264664,126.603122745631,same,37.5636465767383,37.5636469634101,same,True,True,True,True,True,False,False,58143,2826011900115490004,인천광역시 서구 오류동 1549-4,126.603122745631,37.5636469634101,True
update_asset_master_location,low,safe existing asset update; ledger already present for asset+pnu,asset_master,ast_8a93d35b0890,디오션259피에프브이 주식회사,디오션259피에프브이 주식회사,강릉 생활형숙박시설,update_asset_name,,domestic_excel_fund_code_match,update_existing_asset_master_location,True,P00011,P00011,디오션259피에프브이 주식회사,1,호텔,복합(호텔),강원특별자치도 강릉시 송정동 259,강원특별자치도 강릉시 송정동 259,same,5115011400102590000,5115011400102590000,same,128.928272160032,128.928248082138,different,37.7855714671182,37.7854795011601,different,True,True,True,True,True,True,False,,,,,,False
update_asset_master_location,low,safe existing asset update; ledger already present for asset+pnu,asset_master,ast_8a93d35b0890,디오션259피에프브이 주식회사,디오션259피에프브이 주식회사,생활형 숙박시설,update_asset_name,,domestic_excel_fund_code_match,update_existing_asset_master_location,True,P00011,P00011,디오션259피에프브이 주식회사,2,기타,복합(호텔),강원특별자치도 강릉시 송정동 259,강원특별자치도 강릉시 송정동 259,same,5115011400102590000,5115011400102590000,same,128.928272160032,128.928248082138,different,37.7855714671182,37.7854795011601,different,True,True,True,True,True,True,False,,,,,,False
update_asset_master_location,low,safe existing asset update; ledger already present for asset+pnu,asset_master,ast_8bd8d91c9bb8,천안성성동피에프브이주식회사,천안성성동피에프브이주식회사,천안성성7지구공동주택,update_asset_name,,domestic_excel_fund_code_match,update_existing_asset_master_location,True,P00017,P00017,천안성성동피에프브이주식회사,1,주거,주거,충청남도 천안시 서북구 성성동 366-3,충청남도 천안시 서북구 성성동 366-3,same,4413310500103660003,4413310500103660003,same,127.124036411942,127.124036181881,same,36.8447388115237,36.8447392271306,same,True,True,True,True,True,False,False,58729,4413310500103660003,충청남도 천안시 서북구 성성동 366-3,127.124036181881,36.8447392271306,True
update_asset_master_location,low,safe existing asset update; ledger already present for asset+pnu,asset_master,ast_8d2911b657d8,이지스전문투자형사모부동산투자신탁259호,이지스전문투자형사모부동산투자신탁259호,파주 운정지구 오피스 개발사업,update_asset_name,,domestic_excel_fund_code_match,update_existing_asset_master_location,True,112277,112277,이지스전문투자형사모부동산투자신탁259호,1,주거,주거,경기도 파주시 와동동 1433,경기도 파주시 와동동 1433,same,4148012200114330000,4148012200114330000,same,126.761311088248,126.76131089591,same,37.7277254475286,37.7277257799842,same,True,True,True,True,True,False,False,58128,4148012200114330000,경기도 파주시 와동동 1433,126.76131089591,37.7277257799842,True
update_asset_master_location,low,safe existing asset update; ledger already present for asset+pnu,asset_master,ast_8f4a16aa66fa,이지스로지스틱스리츠,이지스로지스틱스리츠,여주쿠팡물류센터,update_asset_name,,domestic_excel_fund_code_match,update_existing_asset_master_location,True,R00007,R00007,이지스로지스틱스리츠,1,물류,물류,경기도 여주시 점봉동 204-3,경기도 여주시 점봉동 204-3,same,4167011500102040003,4167011500102040003,same,127.640067408447,127.640067135937,same,37.2493874799395,37.24938785556,same,True,True,True,True,True,False,False,58756,4167011500102040003,경기도 여주시 점봉동 204-3,127.640067135937,37.24938785556,True
link_existing_underlying_asset_by_pnu,medium,same pnu exists elsewhere in DB; prefer linking/merging existing asset before creating,"asset_master, asset_fund_links, fund_assets",ast_8f63f7ec9170,이지스리테일제55호사모부동산투자유한회사,이지스리테일제55호사모부동산투자유한회사,롯데마트대덕점,split_or_drawer_list,,domestic_excel_fund_code_match,create_or_link_underlying_asset_with_location,False,112054,112054,이지스리테일제55호사모부동산투자유한회사,1,리테일,리테일,대전광역시 유성구 관평동 887,제주특별자치도 제주시 노형동 708,different,3020014600108870000,5011012200107080000,different,127.386794356156,126.481404912937,different,36.426830884674,33.4824685214112,different,True,True,True,False,True,True,True,57931,3020014600108870000,대전광역시 유성구 관평동 887,127.386794099901,36.4268313379494,True
link_existing_underlying_asset_same_asset_pnu,review,candidate pnu already exists for same asset_id; create/link relationship only after review,"asset_fund_links, fund_assets",ast_8f63f7ec9170,이지스리테일제55호사모부동산투자유한회사,이지스리테일제55호사모부동산투자유한회사,롯데마트(제주),split_or_drawer_list,,domestic_excel_fund_code_match,create_or_link_underlying_asset_with_location,False,112054,112054,이지스리테일제55호사모부동산투자유한회사,2,리테일,리테일,제주특별자치도 제주시 노형동 708,제주특별자치도 제주시 노형동 708,same,5011012200107080000,5011012200107080000,same,126.481404912937,126.481404912937,same,33.4824685214125,33.4824685214112,same,True,True,True,True,True,False,False,57932,5011012200107080000,제주특별자치도 제주시 노형동 708,126.481404912937,33.4824685214112,True
link_existing_underlying_asset_by_pnu,medium,same pnu exists elsewhere in DB; prefer linking/merging existing asset before creating,"asset_master, asset_fund_links, fund_assets",ast_8f63f7ec9170,이지스리테일제55호사모부동산투자유한회사,이지스리테일제55호사모부동산투자유한회사,롯데팩토리아울렛(인천),split_or_drawer_list,,domestic_excel_fund_code_match,create_or_link_underlying_asset_with_location,False,112054,112054,이지스리테일제55호사모부동산투자유한회사,3,리테일,리테일,인천광역시 중구 항동7가 76-2,제주특별자치도 제주시 노형동 708,different,2811011800100760002,5011012200107080000,different,126.622194924978,126.481404912937,different,37.4480135091549,33.4824685214112,different,True,True,True,False,True,True,True,57933,2811011800100760002,인천광역시 중구 항동7가 76-2,126.622194743796,37.4480138692455,True
hold_name_only_no_location,hold,adopted name has no location candidate,search_alias_or_asset_name,ast_9bf678a7d2ae,글로벌 리츠,글로벌 리츠,Global REITs(리츠섹터SMA1호),manual_review,,worklist_proposed_name_unmatched,adopt_name_only_pending_location,False,112411,,,,,,,,no_proposed_value,,,no_proposed_value,,,no_proposed_value,,,no_proposed_value,False,False,False,False,False,False,False,,,,,,False
hold_name_only_no_location,hold,adopted name has no location candidate,search_alias_or_asset_name,ast_b0956b6f4029,이지스산업단지환경개선일반사모부동산투자신탁제1호,이지스산업단지환경개선일반사모부동산투자신탁제1호,이지스제542호부동산일반사모투자회사(제1종),manual_review,,worklist_proposed_name_unmatched,adopt_name_only_pending_location,False,120044,,,,,,,,no_proposed_value,,,no_proposed_value,,,no_proposed_value,,,no_proposed_value,False,False,False,False,False,False,False,,,,,,False
link_existing_underlying_asset_by_pnu,medium,same pnu exists elsewhere in DB; prefer linking/merging existing asset before creating,"asset_master, asset_fund_links, fund_assets",ast_b1a009f2fa36,이지스전문투자형사모부동산투자신탁제404호,이지스전문투자형사모부동산투자신탁제404호,동산물류센터,split_or_drawer_list,,domestic_excel_fund_code_match,create_or_link_underlying_asset_with_location,False,112527,112527,이지스전문투자형사모부동산투자신탁제404호,1,물류,물류,경기도 이천시 호법면 매곡리 977-5,경기도 용인시 처인구 백암면 백봉리 767-13,different,4150033025109770005,4146135023107670013,different,127.37547830455,127.389087896527,different,37.1902608592665,37.151060940719,different,True,True,True,False,True,True,True,58367,4150033025109770005,경기도 이천시 호법면 매곡리 977-5,127.37547805478,37.1902612412431,True
link_existing_underlying_asset_by_pnu,medium,same pnu exists elsewhere in DB; prefer linking/merging existing asset before creating,"asset_master, asset_fund_links, fund_assets",ast_b1a009f2fa36,이지스전문투자형사모부동산투자신탁제404호,이지스전문투자형사모부동산투자신탁제404호,부국물류센터,split_or_drawer_list,,domestic_excel_fund_code_match,create_or_link_underlying_asset_with_location,False,112527,112527,이지스전문투자형사모부동산투자신탁제404호,2,물류,물류,경기도 이천시 대월면 도리리 3-2,경기도 용인시 처인구 백암면 백봉리 767-13,different,4150035029100030002,4146135023107670013,different,127.493755771142,127.389087896527,different,37.2102633230507,37.151060940719,different,True,True,True,False,True,True,True,58368,4150035029100030002,경기도 이천시 대월면 도리리 3-2,127.49375551117,37.2102637027627,True
create_underlying_asset_then_fetch_ledger,medium,multi-underlying candidate with new pnu; create asset then fetch/insert ledger,"asset_master, asset_fund_links, asset_building_ledger, fund_assets",ast_b1a009f2fa36,이지스전문투자형사모부동산투자신탁제404호,이지스전문투자형사모부동산투자신탁제404호,에이블로지스물류센터,split_or_drawer_list,,domestic_excel_fund_code_match,create_or_link_underlying_asset_with_location,False,112527,112527,이지스전문투자형사모부동산투자신탁제404호,3,물류,물류,경기도 용인시 처인구 백암면 767-13,경기도 용인시 처인구 백암면 백봉리 767-13,different,4146135000107670013,4146135023107670013,different,127.389087869929,127.389087896527,same,37.1510605177943,37.151060940719,same,True,True,True,False,False,True,True,58369,4146135023107670013,경기도 용인시 처인구 백암면 백봉리 767-13,127.389087896527,37.151060940719,True
hold_name_only_no_location,hold,adopted name has no location candidate,search_alias_or_asset_name,ast_b4ff0851baae,이지스국내PF재구조화일반사모부동산모투자신탁제1-3호,이지스국내PF재구조화일반사모부동산모투자신탁제1-3호,이지스용산PF재구조화일반사모1호(2종),manual_review,,worklist_proposed_name_unmatched,adopt_name_only_pending_location,False,120102,,,,,,,,no_proposed_value,,,no_proposed_value,,,no_proposed_value,,,no_proposed_value,False,False,False,False,False,False,False,,,,,,False
update_asset_master_location,low,safe existing asset update; ledger already present for asset+pnu,asset_master,ast_cf7655c37f5e,이지스일반사모부동산투자신탁제336호,이지스일반사모부동산투자신탁제336호,일산CLC,update_asset_name,,domestic_excel_fund_code_match,update_existing_asset_master_location,True,112414 | 112415 | 112416 | 112417,112414,이지스일반사모부동산투자신탁제336호,1,리테일,리테일,경기도 고양시 일산동구 장항동 889,경기도 고양시 일산동구 장항동 889,same,4128510400108890000,4128510400108890000,same,126.775960673561,126.775960479558,same,37.6542178160599,37.6542181556078,same,True,True,True,True,True,False,False,58232,4128510400108890000,경기도 고양시 일산동구 장항동 889,126.775960479558,37.6542181556078,True
update_asset_master_then_fetch_ledger,medium,safe existing asset update with new/different location; ledger missing for asset+pnu,"asset_master, asset_building_ledger",ast_d2b291b01082,이지스전문투자형사모부동산투자신탁290호(운용),이지스전문투자형사모부동산투자신탁290호(운용),돈의문3구역 게이트타워,update_asset_name,,domestic_excel_fund_code_match,update_existing_asset_master_location,True,112314 | 112315 | 112316,112314,이지스전문투자형사모부동산투자신탁290호(운용),1,오피스,오피스,서울특별시 종로구 평동 234,월전동 913-1,different,1111017700102340000,2920014600109130001,different,126.966399979444,126.774188403,different,37.5667982154946,35.130892846,different,True,True,True,False,False,True,True,58155,2920014600109130001,월전동 913-1,126.774188403,35.130892846,True
create_underlying_asset_then_fetch_ledger,medium,multi-underlying candidate with new pnu; create asset then fetch/insert ledger,"asset_master, asset_fund_links, asset_building_ledger, fund_assets",ast_d4d0f0ff0926,이지스일반사모투자신탁435호(태양광),이지스일반사모투자신탁435호(태양광),다산1,split_or_drawer_list,,domestic_excel_fund_code_match,create_or_link_underlying_asset_with_location,False,112584,112584,이지스일반사모투자신탁435호(태양광),1,특별자산,특별자산,전라남도 해남군 해남읍 복평리 995-7,전라남도 광양시 광양읍 세풍리 2224,different,4682025037109950007,4623025034122240000,different,126.538161600153,127.596397155015,different,34.5652004185649,34.8966187216681,different,True,True,True,False,False,True,True,58411,,전라남도 해남군 해남읍 복평리 995-7,126.538161665367,34.5652010866154,False
create_underlying_asset_then_fetch_ledger,medium,multi-underlying candidate with new pnu; create asset then fetch/insert ledger,"asset_master, asset_fund_links, asset_building_ledger, fund_assets",ast_d4d0f0ff0926,이지스일반사모투자신탁435호(태양광),이지스일반사모투자신탁435호(태양광),동서발전,split_or_drawer_list,,domestic_excel_fund_code_match,create_or_link_underlying_asset_with_location,False,112584,112584,이지스일반사모투자신탁435호(태양광),2,특별자산,특별자산,경상북도 예천군 은풍면 부초리 산44,전라남도 광양시 광양읍 세풍리 2224,different,4790043029200440000,4623025034122240000,different,128.450495775082,127.596397155015,different,36.7285805664103,34.8966187216681,different,True,True,True,False,False,True,True,58412,,경상북도 예천군 은풍면 부초리 산 44-1,128.450495709425,36.7285810242574,False
create_underlying_asset_then_fetch_ledger,medium,multi-underlying candidate with new pnu; create asset then fetch/insert ledger,"asset_master, asset_fund_links, asset_building_ledger, fund_assets",ast_d4d0f0ff0926,이지스일반사모투자신탁435호(태양광),이지스일반사모투자신탁435호(태양광),진이엔지,split_or_drawer_list,,domestic_excel_fund_code_match,create_or_link_underlying_asset_with_location,False,112584,112584,이지스일반사모투자신탁435호(태양광),3,특별자산,특별자산,충청북도 진천군 문백면 평산리 산54,전라남도 광양시 광양읍 세풍리 2224,different,4375033025200540000,4623025034122240000,different,127.477462066664,127.596397155015,different,36.8024105189189,34.8966187216681,different,True,True,True,False,False,True,True,58413,,충청북도 진천군 문백면 평산리 산 54,127.477462083436,36.8024109737305,False
create_underlying_asset_then_fetch_ledger,medium,multi-underlying candidate with new pnu; create asset then fetch/insert ledger,"asset_master, asset_fund_links, asset_building_ledger, fund_assets",ast_d4d0f0ff0926,이지스일반사모투자신탁435호(태양광),이지스일반사모투자신탁435호(태양광),현대산업쏠라5호,split_or_drawer_list,,domestic_excel_fund_code_match,create_or_link_underlying_asset_with_location,False,112584,112584,이지스일반사모투자신탁435호(태양광),4,특별자산,특별자산,경상북도 의성군 옥산면 입암리 9,전라남도 광양시 광양읍 세풍리 2224,different,4773033038100090000,4623025034122240000,different,128.842909332077,127.596397155015,different,36.3958762237176,34.8966187216681,different,True,True,True,False,False,True,True,58414,,경상북도 의성군 옥산면 입암리 7,128.843147572616,36.3958816468692,False
create_underlying_asset_then_fetch_ledger,medium,multi-underlying candidate with new pnu; create asset then fetch/insert ledger,"asset_master, asset_fund_links, asset_building_ledger, fund_assets",ast_d4d0f0ff0926,이지스일반사모투자신탁435호(태양광),이지스일반사모투자신탁435호(태양광),케이앤스틸테크놀로지,split_or_drawer_list,,domestic_excel_fund_code_match,create_or_link_underlying_asset_with_location,False,112584,112584,이지스일반사모투자신탁435호(태양광),5,특별자산,특별자산,경상북도 상주시 내서면 노류리 572-2,전라남도 광양시 광양읍 세풍리 2224,different,4725037029105720002,4623025034122240000,different,128.020691220829,127.596397155015,different,36.3645499179998,34.8966187216681,different,True,True,True,False,False,True,True,58415,,"경상북도 상주시 내서면 노류리 산141-1, 572-1, 모서면 대포리 산20-5",,,False
create_underlying_asset_then_fetch_ledger,medium,multi-underlying candidate with new pnu; create asset then fetch/insert ledger,"asset_master, asset_fund_links, asset_building_ledger, fund_assets",ast_d4d0f0ff0926,이지스일반사모투자신탁435호(태양광),이지스일반사모투자신탁435호(태양광),리에너지,split_or_drawer_list,,domestic_excel_fund_code_match,create_or_link_underlying_asset_with_location,False,112584,112584,이지스일반사모투자신탁435호(태양광),6,특별자산,특별자산,경상북도 상주시 사벌국면 용담리 산42-1,전라남도 광양시 광양읍 세풍리 2224,different,4725032526200420001,4623025034122240000,different,128.218246198146,127.596397155015,different,36.4863548646006,34.8966187216681,different,True,True,True,False,False,True,True,58416,,경상북도 상주시 사벌국면 용담리 산 42-1,128.218246150322,36.4863553447739,False
create_underlying_asset_then_fetch_ledger,medium,multi-underlying candidate with new pnu; create asset then fetch/insert ledger,"asset_master, asset_fund_links, asset_building_ledger, fund_assets",ast_d4d0f0ff0926,이지스일반사모투자신탁435호(태양광),이지스일반사모투자신탁435호(태양광),지우태양광,split_or_drawer_list,,domestic_excel_fund_code_match,create_or_link_underlying_asset_with_location,False,112584,112584,이지스일반사모투자신탁435호(태양광),7,특별자산,특별자산,경상남도 산청군 산청읍 내수리 산49-1,전라남도 광양시 광양읍 세풍리 2224,different,4886025029200490001,4623025034122240000,different,127.915850592278,127.596397155015,different,35.4334179495002,34.8966187216681,different,True,True,True,False,False,True,True,58417,,경상남도 산청군 산청읍 내수리 산 49-1,127.915850281403,35.4334184893568,False
create_underlying_asset_then_fetch_ledger,medium,multi-underlying candidate with new pnu; create asset then fetch/insert ledger,"asset_master, asset_fund_links, asset_building_ledger, fund_assets",ast_d4d0f0ff0926,이지스일반사모투자신탁435호(태양광),이지스일반사모투자신탁435호(태양광),에스지,split_or_drawer_list,,domestic_excel_fund_code_match,create_or_link_underlying_asset_with_location,False,112584,112584,이지스일반사모투자신탁435호(태양광),8,특별자산,특별자산,경기도 연천군 중면 합수리 122,전라남도 광양시 광양읍 세풍리 2224,different,4180037026101220000,4623025034122240000,different,127.053403053374,127.596397155015,different,38.1678164523042,34.8966187216681,different,True,True,True,False,False,True,True,58418,,경기도 연천군 중면 합수리 122,127.053402835629,38.1678167415454,False
create_underlying_asset_then_fetch_ledger,medium,multi-underlying candidate with new pnu; create asset then fetch/insert ledger,"asset_master, asset_fund_links, asset_building_ledger, fund_assets",ast_d4d0f0ff0926,이지스일반사모투자신탁435호(태양광),이지스일반사모투자신탁435호(태양광),케이앤씨벨에포크,split_or_drawer_list,,domestic_excel_fund_code_match,create_or_link_underlying_asset_with_location,False,112584,112584,이지스일반사모투자신탁435호(태양광),9,특별자산,특별자산,전라남도 진도군 지산면 와우리 137-3,전라남도 광양시 광양읍 세풍리 2224,different,4690035030101370003,4623025034122240000,different,126.145784395077,127.596397155015,different,34.4273962344761,34.8966187216681,different,True,True,True,False,False,True,True,58419,,전라남도 진도군 지산면 와우리 137-3,126.145784212296,34.4273968869183,False
create_underlying_asset_then_fetch_ledger,medium,multi-underlying candidate with new pnu; create asset then fetch/insert ledger,"asset_master, asset_fund_links, asset_building_ledger, fund_assets",ast_d4d0f0ff0926,이지스일반사모투자신탁435호(태양광),이지스일반사모투자신탁435호(태양광),케이에이치테크단북1호,split_or_drawer_list,,domestic_excel_fund_code_match,create_or_link_underlying_asset_with_location,False,112584,112584,이지스일반사모투자신탁435호(태양광),10,특별자산,특별자산,경상북도 예천군 풍양면 흥천리 356,전라남도 광양시 광양읍 세풍리 2224,different,4790041024103560000,4623025034122240000,different,128.321153420258,127.596397155015,different,36.5046457796687,34.8966187216681,different,True,True,True,False,False,True,True,58420,,"경상북도 예천군 풍양면 홍천리 356, 357, 390",,,False
create_underlying_asset_then_fetch_ledger,medium,multi-underlying candidate with new pnu; create asset then fetch/insert ledger,"asset_master, asset_fund_links, asset_building_ledger, fund_assets",ast_d4d0f0ff0926,이지스일반사모투자신탁435호(태양광),이지스일반사모투자신탁435호(태양광),미션,split_or_drawer_list,,domestic_excel_fund_code_match,create_or_link_underlying_asset_with_location,False,112584,112584,이지스일반사모투자신탁435호(태양광),11,특별자산,특별자산,경상북도 영주시 조와동 346,전라남도 광양시 광양읍 세풍리 2224,different,4721011000103460000,4623025034122240000,different,128.626195302659,127.596397155015,different,36.8736398842617,34.8966187216681,different,True,True,True,False,False,True,True,58421,,경상북도 영주시 조와동 346,128.626195223085,36.8736403288388,False
create_underlying_asset_then_fetch_ledger,medium,multi-underlying candidate with new pnu; create asset then fetch/insert ledger,"asset_master, asset_fund_links, asset_building_ledger, fund_assets",ast_d4d0f0ff0926,이지스일반사모투자신탁435호(태양광),이지스일반사모투자신탁435호(태양광),윈즈에너지,split_or_drawer_list,,domestic_excel_fund_code_match,create_or_link_underlying_asset_with_location,False,112584,112584,이지스일반사모투자신탁435호(태양광),12,특별자산,특별자산,경상북도 영주시 조와동 346,전라남도 광양시 광양읍 세풍리 2224,different,4721011000103460000,4623025034122240000,different,128.626195302659,127.596397155015,different,36.8736398842617,34.8966187216681,different,True,True,True,False,False,True,True,58422,,경상북도 영주시 조와동 346,128.626195223085,36.8736403288388,False
create_underlying_asset_then_fetch_ledger,medium,multi-underlying candidate with new pnu; create asset then fetch/insert ledger,"asset_master, asset_fund_links, asset_building_ledger, fund_assets",ast_d4d0f0ff0926,이지스일반사모투자신탁435호(태양광),이지스일반사모투자신탁435호(태양광),이큐에너지,split_or_drawer_list,,domestic_excel_fund_code_match,create_or_link_underlying_asset_with_location,False,112584,112584,이지스일반사모투자신탁435호(태양광),13,특별자산,특별자산,경상북도 영주시 조와동 346,전라남도 광양시 광양읍 세풍리 2224,different,4721011000103460000,4623025034122240000,different,128.626195302659,127.596397155015,different,36.8736398842617,34.8966187216681,different,True,True,True,False,False,True,True,58423,,경상북도 영주시 조와동 346,128.626195223085,36.8736403288388,False
create_underlying_asset_then_fetch_ledger,medium,multi-underlying candidate with new pnu; create asset then fetch/insert ledger,"asset_master, asset_fund_links, asset_building_ledger, fund_assets",ast_d4d0f0ff0926,이지스일반사모투자신탁435호(태양광),이지스일반사모투자신탁435호(태양광),소망,split_or_drawer_list,,domestic_excel_fund_code_match,create_or_link_underlying_asset_with_location,False,112584,112584,이지스일반사모투자신탁435호(태양광),14,특별자산,특별자산,충청남도 서천군 서면 원두리 산79-1,전라남도 광양시 광양읍 세풍리 2224,different,4477041025200790001,4623025034122240000,different,126.581342387506,127.596397155015,different,36.1688014842476,34.8966187216681,different,True,True,True,False,False,True,True,58424,,충청남도 서천군 서면 원두리 산 79-1,126.581342475573,36.168802003673,False
create_underlying_asset_then_fetch_ledger,medium,multi-underlying candidate with new pnu; create asset then fetch/insert ledger,"asset_master, asset_fund_links, asset_building_ledger, fund_assets",ast_d4d0f0ff0926,이지스일반사모투자신탁435호(태양광),이지스일반사모투자신탁435호(태양광),청수,split_or_drawer_list,,domestic_excel_fund_code_match,create_or_link_underlying_asset_with_location,False,112584,112584,이지스일반사모투자신탁435호(태양광),15,특별자산,특별자산,충청남도 서천군 서면 원두리 산79-1,전라남도 광양시 광양읍 세풍리 2224,different,4477041025200790001,4623025034122240000,different,126.581342387506,127.596397155015,different,36.1688014842476,34.8966187216681,different,True,True,True,False,False,True,True,58425,,충청남도 서천군 서면 원두리 산 79-1,126.581342475573,36.168802003673,False
create_underlying_asset_then_fetch_ledger,medium,multi-underlying candidate with new pnu; create asset then fetch/insert ledger,"asset_master, asset_fund_links, asset_building_ledger, fund_assets",ast_d4d0f0ff0926,이지스일반사모투자신탁435호(태양광),이지스일반사모투자신탁435호(태양광),봉산햇빛,split_or_drawer_list,,domestic_excel_fund_code_match,create_or_link_underlying_asset_with_location,False,112584,112584,이지스일반사모투자신탁435호(태양광),16,특별자산,특별자산,강원특별자치도 철원군 갈말읍 동막리 산166,전라남도 광양시 광양읍 세풍리 2224,different,5178025630201660000,4623025034122240000,different,127.312215136116,127.596397155015,different,38.2394423378619,34.8966187216681,different,True,True,True,False,False,True,True,58426,,강원특별자치도 철원군 갈말읍 동막리 산 166-1,127.312215172602,38.2394426585278,False
create_underlying_asset_then_fetch_ledger,medium,multi-underlying candidate with new pnu; create asset then fetch/insert ledger,"asset_master, asset_fund_links, asset_building_ledger, fund_assets",ast_d4d0f0ff0926,이지스일반사모투자신탁435호(태양광),이지스일반사모투자신탁435호(태양광),행암에너지일호,split_or_drawer_list,,domestic_excel_fund_code_match,create_or_link_underlying_asset_with_location,False,112584,112584,이지스일반사모투자신탁435호(태양광),17,특별자산,특별자산,충청남도 천안시 동남구 동면 401-8,전라남도 광양시 광양읍 세풍리 2224,different,4413137000104010008,4623025034122240000,different,127.349987101045,127.596397155015,different,36.8097902273754,34.8966187216681,different,True,True,True,False,False,True,True,58427,,충청남도 천안시 동남구 동면 행암리 401-8,127.3499868511,36.809790645171,False
create_underlying_asset_then_fetch_ledger,medium,multi-underlying candidate with new pnu; create asset then fetch/insert ledger,"asset_master, asset_fund_links, asset_building_ledger, fund_assets",ast_d4d0f0ff0926,이지스일반사모투자신탁435호(태양광),이지스일반사모투자신탁435호(태양광),도원에너지,split_or_drawer_list,,domestic_excel_fund_code_match,create_or_link_underlying_asset_with_location,False,112584,112584,이지스일반사모투자신탁435호(태양광),18,특별자산,특별자산,경상남도 하동군 양보면 감당리 산85-1,전라남도 광양시 광양읍 세풍리 2224,different,4885038023200850001,4623025034122240000,different,127.829534398816,127.596397155015,different,35.0825899467748,34.8966187216681,different,True,True,True,False,False,True,True,58428,,경상남도 하동군 양보면 감당리 산 85-1,127.82953436791,35.0825905534168,False
create_underlying_asset_then_fetch_ledger,medium,multi-underlying candidate with new pnu; create asset then fetch/insert ledger,"asset_master, asset_fund_links, asset_building_ledger, fund_assets",ast_d4d0f0ff0926,이지스일반사모투자신탁435호(태양광),이지스일반사모투자신탁435호(태양광),솔빛에너지,split_or_drawer_list,,domestic_excel_fund_code_match,create_or_link_underlying_asset_with_location,False,112584,112584,이지스일반사모투자신탁435호(태양광),19,특별자산,특별자산,경상남도 함안군 군북면 장지리 659,전라남도 광양시 광양읍 세풍리 2224,different,4873032030106590000,4623025034122240000,different,128.335500235149,127.596397155015,different,35.299076463718,34.8966187216681,different,True,True,True,False,False,True,True,58429,,경상남도 함안군 군북면 장지리 659,128.33550030293,35.2990769768325,False
link_existing_underlying_asset_by_pnu,medium,same pnu exists elsewhere in DB; prefer linking/merging existing asset before creating,"asset_master, asset_fund_links, fund_assets",ast_d4d0f0ff0926,이지스일반사모투자신탁435호(태양광),이지스일반사모투자신탁435호(태양광),에스와이솔라,split_or_drawer_list,,domestic_excel_fund_code_match,create_or_link_underlying_asset_with_location,False,112584,112584,이지스일반사모투자신탁435호(태양광),20,특별자산,특별자산,부산광역시 강서구 대저1동 1619,전라남도 광양시 광양읍 세풍리 2224,different,2644010100116190000,4623025034122240000,different,128.954259138838,127.596397155015,different,35.2131309772713,34.8966187216681,different,True,True,True,False,True,True,True,58430,2644010100116190000,대저1동 1619,128.954717074,35.209673248,True
link_existing_underlying_asset_by_pnu,medium,same pnu exists elsewhere in DB; prefer linking/merging existing asset before creating,"asset_master, asset_fund_links, fund_assets",ast_d4d0f0ff0926,이지스일반사모투자신탁435호(태양광),이지스일반사모투자신탁435호(태양광),에이치엠솔라1,split_or_drawer_list,,domestic_excel_fund_code_match,create_or_link_underlying_asset_with_location,False,112584,112584,이지스일반사모투자신탁435호(태양광),21,특별자산,특별자산,강원특별자치도 원주시 문막읍 반계리 2255-2,전라남도 광양시 광양읍 세풍리 2224,different,5113025029122550002,4623025034122240000,different,127.798699195572,127.596397155015,different,37.2977858883412,34.8966187216681,different,True,True,True,False,True,True,True,58431,5113025029122550002,강원특별자치도 원주시 문막읍 반계리 2255-2,127.798699187274,37.2977862965336,True
link_existing_underlying_asset_same_asset_pnu,review,candidate pnu already exists for same asset_id; create/link relationship only after review,"asset_fund_links, fund_assets",ast_d4d0f0ff0926,이지스일반사모투자신탁435호(태양광),이지스일반사모투자신탁435호(태양광),이에스에이치12,split_or_drawer_list,,domestic_excel_fund_code_match,create_or_link_underlying_asset_with_location,False,112584,112584,이지스일반사모투자신탁435호(태양광),22,특별자산,특별자산,전라남도 광양시 광양읍 세풍리 2224,전라남도 광양시 광양읍 세풍리 2224,same,4623025034122240000,4623025034122240000,same,127.596397170066,127.596397155015,same,34.8966180963216,34.8966187216681,same,True,True,True,True,True,False,False,58432,4623025034122240000,전라남도 광양시 광양읍 세풍리 2224,127.596397155015,34.8966187216681,True
create_underlying_asset_then_fetch_ledger,medium,multi-underlying candidate with new pnu; create asset then fetch/insert ledger,"asset_master, asset_fund_links, asset_building_ledger, fund_assets",ast_d4d0f0ff0926,이지스일반사모투자신탁435호(태양광),이지스일반사모투자신탁435호(태양광),지티씨솔라13호,split_or_drawer_list,,domestic_excel_fund_code_match,create_or_link_underlying_asset_with_location,False,112584,112584,이지스일반사모투자신탁435호(태양광),23,특별자산,특별자산,강원특별자치도 화천군 사내면 용담리 602,전라남도 광양시 광양읍 세풍리 2224,different,5179034024106020000,4623025034122240000,different,127.537474128221,127.596397155015,different,38.0836900241721,34.8966187216681,different,True,True,True,False,False,True,True,58433,,강원특별자치도 화천군 사내면 용담리 602,127.537473866627,38.083690321283,False
create_underlying_asset_then_fetch_ledger,medium,multi-underlying candidate with new pnu; create asset then fetch/insert ledger,"asset_master, asset_fund_links, asset_building_ledger, fund_assets",ast_d4d0f0ff0926,이지스일반사모투자신탁435호(태양광),이지스일반사모투자신탁435호(태양광),강구16호,split_or_drawer_list,,domestic_excel_fund_code_match,create_or_link_underlying_asset_with_location,False,112584,112584,이지스일반사모투자신탁435호(태양광),24,특별자산,특별자산,경상북도 안동시 길안면 현하리 1115-19,전라남도 광양시 광양읍 세풍리 2224,different,4717039033111150019,4623025034122240000,different,128.842429765427,127.596397155015,different,36.4285764602799,34.8966187216681,different,True,True,True,False,False,True,True,58434,,경상북도 안동시 길안면 현하리 1115-19,128.842429666407,36.4285769432021,False
create_underlying_asset_then_fetch_ledger,medium,multi-underlying candidate with new pnu; create asset then fetch/insert ledger,"asset_master, asset_fund_links, asset_building_ledger, fund_assets",ast_d4d0f0ff0926,이지스일반사모투자신탁435호(태양광),이지스일반사모투자신탁435호(태양광),외삼1호,split_or_drawer_list,,domestic_excel_fund_code_match,create_or_link_underlying_asset_with_location,False,112584,112584,이지스일반사모투자신탁435호(태양광),25,특별자산,특별자산,경상북도 봉화군 봉성면 외삼리 793,전라남도 광양시 광양읍 세풍리 2224,different,4792032023107930000,4623025034122240000,different,128.78366992654,127.596397155015,different,36.8892411396545,34.8966187216681,different,True,True,True,False,False,True,True,58435,,경상북도 봉화군 봉성면 외삼리 793,128.783669834076,36.889241582552,False
create_underlying_asset_then_fetch_ledger,medium,multi-underlying candidate with new pnu; create asset then fetch/insert ledger,"asset_master, asset_fund_links, asset_building_ledger, fund_assets",ast_d4d0f0ff0926,이지스일반사모투자신탁435호(태양광),이지스일반사모투자신탁435호(태양광),외삼2호,split_or_drawer_list,,domestic_excel_fund_code_match,create_or_link_underlying_asset_with_location,False,112584,112584,이지스일반사모투자신탁435호(태양광),26,특별자산,특별자산,경상북도 봉화군 봉성면 외삼리 792,전라남도 광양시 광양읍 세풍리 2224,different,4792032023107920000,4623025034122240000,different,128.783858932297,127.596397155015,different,36.8889474904447,34.8966187216681,different,True,True,True,False,False,True,True,58436,,경상북도 봉화군 봉성면 외삼리 792,128.783858562063,36.8889478963492,False
create_underlying_asset_then_fetch_ledger,medium,multi-underlying candidate with new pnu; create asset then fetch/insert ledger,"asset_master, asset_fund_links, asset_building_ledger, fund_assets",ast_d4d0f0ff0926,이지스일반사모투자신탁435호(태양광),이지스일반사모투자신탁435호(태양광),솔라트리1호,split_or_drawer_list,,domestic_excel_fund_code_match,create_or_link_underlying_asset_with_location,False,112584,112584,이지스일반사모투자신탁435호(태양광),27,특별자산,특별자산,충청북도 제천시 봉양읍 공전리 359-1,전라남도 광양시 광양읍 세풍리 2224,different,4315025034103590001,4623025034122240000,different,128.081126743899,127.596397155015,different,37.1079013957364,34.8966187216681,different,True,True,True,False,False,True,True,58437,,충청북도 제천시 봉양읍 공전리 359-1,128.081126710735,37.1079018205968,False
create_underlying_asset_then_fetch_ledger,medium,multi-underlying candidate with new pnu; create asset then fetch/insert ledger,"asset_master, asset_fund_links, asset_building_ledger, fund_assets",ast_d4d0f0ff0926,이지스일반사모투자신탁435호(태양광),이지스일반사모투자신탁435호(태양광),김송하,split_or_drawer_list,,domestic_excel_fund_code_match,create_or_link_underlying_asset_with_location,False,112584,112584,이지스일반사모투자신탁435호(태양광),28,특별자산,특별자산,강원특별자치도 영월군 상동읍 구래리 194-9,전라남도 광양시 광양읍 세풍리 2224,different,5175025322101940009,4623025034122240000,different,128.810643633155,127.596397155015,different,37.1678515560276,34.8966187216681,different,True,True,True,False,False,True,True,58438,,강원특별자치도 영월군 상동읍 구래리 194-9,128.810643539037,37.1678519743788,False
create_underlying_asset_then_fetch_ledger,medium,multi-underlying candidate with new pnu; create asset then fetch/insert ledger,"asset_master, asset_fund_links, asset_building_ledger, fund_assets",ast_d4d0f0ff0926,이지스일반사모투자신탁435호(태양광),이지스일반사모투자신탁435호(태양광),에스이피브,split_or_drawer_list,,domestic_excel_fund_code_match,create_or_link_underlying_asset_with_location,False,112584,112584,이지스일반사모투자신탁435호(태양광),29,특별자산,특별자산,경기도 연천군 중면 합수리 661,전라남도 광양시 광양읍 세풍리 2224,different,4180037026106610000,4623025034122240000,different,127.043659510198,127.596397155015,different,38.1372804571045,34.8966187216681,different,True,True,True,False,False,True,True,58439,,경기도 연천군 중면 합수리 661,127.043659295094,38.1372807538152,False
create_underlying_asset_then_fetch_ledger,medium,multi-underlying candidate with new pnu; create asset then fetch/insert ledger,"asset_master, asset_fund_links, asset_building_ledger, fund_assets",ast_d4d0f0ff0926,이지스일반사모투자신탁435호(태양광),이지스일반사모투자신탁435호(태양광),케이앤씨헤르메스,split_or_drawer_list,,domestic_excel_fund_code_match,create_or_link_underlying_asset_with_location,False,112584,112584,이지스일반사모투자신탁435호(태양광),30,특별자산,특별자산,전라북도 남원시 대강면 송대리 3-7,전라남도 광양시 광양읍 세풍리 2224,different,4519036026100030007,4623025034122240000,different,127.242014696092,127.596397155015,different,35.3757153395264,34.8966187216681,different,True,True,True,False,False,True,True,58440,,전북특별자치도 남원시 대강면 송대리 3-7,127.242014717232,35.37571592589,False
create_underlying_asset_then_fetch_ledger,medium,multi-underlying candidate with new pnu; create asset then fetch/insert ledger,"asset_master, asset_fund_links, asset_building_ledger, fund_assets",ast_d4d0f0ff0926,이지스일반사모투자신탁435호(태양광),이지스일반사모투자신탁435호(태양광),모두에너지,split_or_drawer_list,,domestic_excel_fund_code_match,create_or_link_underlying_asset_with_location,False,112584,112584,이지스일반사모투자신탁435호(태양광),31,특별자산,특별자산,경상북도 경주시 강동면 왕신리 산141-1,전라남도 광양시 광양읍 세풍리 2224,different,4713037028201410001,4623025034122240000,different,129.322003835782,127.596397155015,different,35.9357155715035,34.8966187216681,different,True,True,True,False,False,True,True,58441,,경상북도 경주시 강동면 왕신리 산 141-1,129.322003418445,35.9357160588788,False
create_underlying_asset_then_fetch_ledger,medium,multi-underlying candidate with new pnu; create asset then fetch/insert ledger,"asset_master, asset_fund_links, asset_building_ledger, fund_assets",ast_d4d0f0ff0926,이지스일반사모투자신탁435호(태양광),이지스일반사모투자신탁435호(태양광),솔라팩토리10호,split_or_drawer_list,,domestic_excel_fund_code_match,create_or_link_underlying_asset_with_location,False,112584,112584,이지스일반사모투자신탁435호(태양광),32,특별자산,특별자산,경기도 포천시 자작동 595,전라남도 광양시 광양읍 세풍리 2224,different,4165010300105950000,4623025034122240000,different,127.164579436744,127.596397155015,different,37.8722221551578,34.8966187216681,different,True,True,True,False,False,True,True,58442,,경기도 포천시 자작동 595,127.16457033371,37.8722224727945,False
link_existing_underlying_asset_by_pnu,medium,same pnu exists elsewhere in DB; prefer linking/merging existing asset before creating,"asset_master, asset_fund_links, fund_assets",ast_d4d0f0ff0926,이지스일반사모투자신탁435호(태양광),이지스일반사모투자신탁435호(태양광),씨에스에너텍,split_or_drawer_list,,domestic_excel_fund_code_match,create_or_link_underlying_asset_with_location,False,112584,112584,이지스일반사모투자신탁435호(태양광),33,특별자산,특별자산,경상북도 경산시 진량읍 신상리 1186-7,전라남도 광양시 광양읍 세풍리 2224,different,4729025321111860007,4623025034122240000,different,128.832009344151,127.596397155015,different,35.876536295234,34.8966187216681,different,True,True,True,False,True,True,True,58443,4729025321111860007,진량읍 신상리 1186-7,128.831477243,35.876417663,True
create_underlying_asset_then_fetch_ledger,medium,multi-underlying candidate with new pnu; create asset then fetch/insert ledger,"asset_master, asset_fund_links, asset_building_ledger, fund_assets",ast_d4d0f0ff0926,이지스일반사모투자신탁435호(태양광),이지스일반사모투자신탁435호(태양광),알이씨에너지,split_or_drawer_list,,domestic_excel_fund_code_match,create_or_link_underlying_asset_with_location,False,112584,112584,이지스일반사모투자신탁435호(태양광),34,특별자산,특별자산,경기도 가평군 설악면 천안리 21-2,전라남도 광양시 광양읍 세풍리 2224,different,4182031034100210002,4623025034122240000,different,127.492471395353,127.596397155015,different,37.6309866871406,34.8966187216681,different,True,True,True,False,False,True,True,58444,,경기도 가평군 설악면 천안리 21-2,127.492471137095,37.6309870272374,False
create_underlying_asset_then_fetch_ledger,medium,multi-underlying candidate with new pnu; create asset then fetch/insert ledger,"asset_master, asset_fund_links, asset_building_ledger, fund_assets",ast_d4d0f0ff0926,이지스일반사모투자신탁435호(태양광),이지스일반사모투자신탁435호(태양광),알이엔네트웍스,split_or_drawer_list,,domestic_excel_fund_code_match,create_or_link_underlying_asset_with_location,False,112584,112584,이지스일반사모투자신탁435호(태양광),35,특별자산,특별자산,경기도 가평군 설악면 천안리 14-1,전라남도 광양시 광양읍 세풍리 2224,different,4182031034100140001,4623025034122240000,different,127.489940253948,127.596397155015,different,37.6322875136165,34.8966187216681,different,True,True,True,False,False,True,True,58445,,경기도 가평군 설악면 천안리 14-1,127.489939995916,37.6322878535948,False
create_underlying_asset_then_fetch_ledger,medium,multi-underlying candidate with new pnu; create asset then fetch/insert ledger,"asset_master, asset_fund_links, asset_building_ledger, fund_assets",ast_d4d0f0ff0926,이지스일반사모투자신탁435호(태양광),이지스일반사모투자신탁435호(태양광),어량리,split_or_drawer_list,,domestic_excel_fund_code_match,create_or_link_underlying_asset_with_location,False,112584,112584,이지스일반사모투자신탁435호(태양광),36,특별자산,특별자산,전라북도 익산시 망성면 어량리 1743-14,전라남도 광양시 광양읍 세풍리 2224,different,4514038024117430014,4623025034122240000,different,127.03057297657,127.596397155015,different,36.0915082310654,34.8966187216681,different,True,True,True,False,False,True,True,58446,,"전라북도 익산시 밍상면 어량리 1743-14, 906-47, 906-46, 1743-13",,,False
create_underlying_asset_then_fetch_ledger,medium,multi-underlying candidate with new pnu; create asset then fetch/insert ledger,"asset_master, asset_fund_links, asset_building_ledger, fund_assets",ast_d4d0f0ff0926,이지스일반사모투자신탁435호(태양광),이지스일반사모투자신탁435호(태양광),비케이솔라,split_or_drawer_list,,domestic_excel_fund_code_match,create_or_link_underlying_asset_with_location,False,112584,112584,이지스일반사모투자신탁435호(태양광),37,특별자산,특별자산,충청북도 진천군 문백면 계산리 359-1,전라남도 광양시 광양읍 세풍리 2224,different,4375033026103590001,4623025034122240000,different,127.400320673083,127.596397155015,different,36.7903360743981,34.8966187216681,different,True,True,True,False,False,True,True,58447,,충청북도 진천군 문백면 계산리 359-1,127.400320696402,36.7903365306719,False
create_underlying_asset_then_fetch_ledger,medium,multi-underlying candidate with new pnu; create asset then fetch/insert ledger,"asset_master, asset_fund_links, asset_building_ledger, fund_assets",ast_d4d0f0ff0926,이지스일반사모투자신탁435호(태양광),이지스일반사모투자신탁435호(태양광),와이알에너지,split_or_drawer_list,,domestic_excel_fund_code_match,create_or_link_underlying_asset_with_location,False,112584,112584,이지스일반사모투자신탁435호(태양광),38,특별자산,특별자산,충청북도 진천군 문백면 계산리 359-1,전라남도 광양시 광양읍 세풍리 2224,different,4375033026103590001,4623025034122240000,different,127.400320673083,127.596397155015,different,36.7903360743981,34.8966187216681,different,True,True,True,False,False,True,True,58448,,충청북도 진천군 문백면 계산리 359-1,127.400320696402,36.7903365306719,False
create_underlying_asset_then_fetch_ledger,medium,multi-underlying candidate with new pnu; create asset then fetch/insert ledger,"asset_master, asset_fund_links, asset_building_ledger, fund_assets",ast_d4d0f0ff0926,이지스일반사모투자신탁435호(태양광),이지스일반사모투자신탁435호(태양광),유현그린,split_or_drawer_list,,domestic_excel_fund_code_match,create_or_link_underlying_asset_with_location,False,112584,112584,이지스일반사모투자신탁435호(태양광),39,특별자산,특별자산,충청북도 진천군 문백면 계산리 359-1,전라남도 광양시 광양읍 세풍리 2224,different,4375033026103590001,4623025034122240000,different,127.400320673083,127.596397155015,different,36.7903360743981,34.8966187216681,different,True,True,True,False,False,True,True,58449,,충청북도 진천군 문백면 계산리 359-1,127.400320696402,36.7903365306719,False
create_underlying_asset_then_fetch_ledger,medium,multi-underlying candidate with new pnu; create asset then fetch/insert ledger,"asset_master, asset_fund_links, asset_building_ledger, fund_assets",ast_d4d0f0ff0926,이지스일반사모투자신탁435호(태양광),이지스일반사모투자신탁435호(태양광),케이앤씨그린북,split_or_drawer_list,,domestic_excel_fund_code_match,create_or_link_underlying_asset_with_location,False,112584,112584,이지스일반사모투자신탁435호(태양광),40,특별자산,특별자산,충청남도 논산시 은진면 용산리 296,전라남도 광양시 광양읍 세풍리 2224,different,4423041025102960000,4623025034122240000,different,127.120390614737,127.596397155015,different,36.1581873321686,34.8966187216681,different,True,True,True,False,False,True,True,58450,,충청남도 논산시 은진면 용산리 296,127.12039037846,36.1581878121978,False
create_underlying_asset_then_fetch_ledger,medium,multi-underlying candidate with new pnu; create asset then fetch/insert ledger,"asset_master, asset_fund_links, asset_building_ledger, fund_assets",ast_d4d0f0ff0926,이지스일반사모투자신탁435호(태양광),이지스일반사모투자신탁435호(태양광),디앤피상주,split_or_drawer_list,,domestic_excel_fund_code_match,create_or_link_underlying_asset_with_location,False,112584,112584,이지스일반사모투자신탁435호(태양광),41,특별자산,특별자산,경상북도 상주시 화동면 어산리 524-1,전라남도 광양시 광양읍 세풍리 2224,different,4725040024105240001,4623025034122240000,different,128.003694356758,127.596397155015,different,36.3956116798158,34.8966187216681,different,True,True,True,False,False,True,True,58451,,경상북도 상주시 화동면 어산리 524-1,128.003694326089,36.3956121690495,False
create_underlying_asset_then_fetch_ledger,medium,multi-underlying candidate with new pnu; create asset then fetch/insert ledger,"asset_master, asset_fund_links, asset_building_ledger, fund_assets",ast_d4d0f0ff0926,이지스일반사모투자신탁435호(태양광),이지스일반사모투자신탁435호(태양광),적화솔라,split_or_drawer_list,,domestic_excel_fund_code_match,create_or_link_underlying_asset_with_location,False,112584,112584,이지스일반사모투자신탁435호(태양광),42,특별자산,특별자산,충청남도 부여군 장암면 지토리 산26,전라남도 광양시 광양읍 세풍리 2224,different,4476042028200260000,4623025034122240000,different,126.921282091648,127.596397155015,different,36.2120166507773,34.8966187216681,different,True,True,True,False,False,True,True,58452,,충청남도 부여군 장암면 지토리 산 26,126.921282150808,36.2120171634691,False
create_underlying_asset_then_fetch_ledger,medium,multi-underlying candidate with new pnu; create asset then fetch/insert ledger,"asset_master, asset_fund_links, asset_building_ledger, fund_assets",ast_d4d0f0ff0926,이지스일반사모투자신탁435호(태양광),이지스일반사모투자신탁435호(태양광),솔라시너지햇빛1호,split_or_drawer_list,,domestic_excel_fund_code_match,create_or_link_underlying_asset_with_location,False,112584,112584,이지스일반사모투자신탁435호(태양광),43,특별자산,특별자산,충청남도 보령시 천북면 신죽리 645-11,전라남도 광양시 광양읍 세풍리 2224,different,4418033028106450011,4623025034122240000,different,126.578829214012,127.596397155015,different,36.4866376268523,34.8966187216681,different,True,True,True,False,False,True,True,58453,,충청남도 보령시 천북면 신죽리 645-11,126.578829306093,36.486638116384,False
create_underlying_asset_then_fetch_ledger,medium,multi-underlying candidate with new pnu; create asset then fetch/insert ledger,"asset_master, asset_fund_links, asset_building_ledger, fund_assets",ast_d4d0f0ff0926,이지스일반사모투자신탁435호(태양광),이지스일반사모투자신탁435호(태양광),이인메가태양광,split_or_drawer_list,,domestic_excel_fund_code_match,create_or_link_underlying_asset_with_location,False,112584,112584,이지스일반사모투자신탁435호(태양광),44,특별자산,특별자산,충청남도 공주시 이인면 오룡리 산2-32,전라남도 광양시 광양읍 세풍리 2224,different,4415031023200020032,4623025034122240000,different,127.074308261653,127.596397155015,different,36.4145419540869,34.8966187216681,different,True,True,True,False,False,True,True,58454,,충청남도 공주시 이인면 오룡리 산 2-32,127.074308309811,36.4145424469331,False
create_underlying_asset_then_fetch_ledger,medium,multi-underlying candidate with new pnu; create asset then fetch/insert ledger,"asset_master, asset_fund_links, asset_building_ledger, fund_assets",ast_d4d0f0ff0926,이지스일반사모투자신탁435호(태양광),이지스일반사모투자신탁435호(태양광),솔라팩토리22호,split_or_drawer_list,,domestic_excel_fund_code_match,create_or_link_underlying_asset_with_location,False,112584,112584,이지스일반사모투자신탁435호(태양광),45,특별자산,특별자산,경상북도 김천시 어모면 남산리 2033,전라남도 광양시 광양읍 세풍리 2224,different,4715036023120330000,4623025034122240000,different,128.131889016506,127.596397155015,different,36.1612622229727,34.8966187216681,different,True,True,True,False,False,True,True,58455,,경북 김천시 어모면 남신리 213번지,,,False
link_existing_underlying_asset_by_pnu,medium,same pnu exists elsewhere in DB; prefer linking/merging existing asset before creating,"asset_master, asset_fund_links, fund_assets",ast_d4d0f0ff0926,이지스일반사모투자신탁435호(태양광),이지스일반사모투자신탁435호(태양광),솔라팩토리19호,split_or_drawer_list,,domestic_excel_fund_code_match,create_or_link_underlying_asset_with_location,False,112584,112584,이지스일반사모투자신탁435호(태양광),46,대출채권,특별자산,충청북도 충주시 대소원면 완오리 1165,전라남도 광양시 광양읍 세풍리 2224,different,4313033530111650000,4623025034122240000,different,127.837297367833,127.596397155015,different,36.9983946807878,34.8966187216681,different,True,True,True,False,True,True,True,58456,4313033530111650000,충청북도 충주시 대소원면 완오리 1165,127.837297354945,36.9983951162712,True
create_underlying_asset_then_fetch_ledger,medium,multi-underlying candidate with new pnu; create asset then fetch/insert ledger,"asset_master, asset_fund_links, asset_building_ledger, fund_assets",ast_db3bfd1b4baf,이지스일반사모투자신탁435호(태양광),이지스일반사모투자신탁435호(태양광),다산1,split_or_drawer_list,,domestic_excel_fund_code_match,create_or_link_underlying_asset_with_location,False,112584,112584,이지스일반사모투자신탁435호(태양광),1,특별자산,특별자산,전라남도 해남군 해남읍 복평리 995-7,강원특별자치도 원주시 문막읍 반계리 2255-2,different,4682025037109950007,5113025029122550002,different,126.538161600153,127.798699187274,different,34.5652004185649,37.2977862965336,different,True,True,True,False,False,True,True,58411,,전라남도 해남군 해남읍 복평리 995-7,126.538161665367,34.5652010866154,False
create_underlying_asset_then_fetch_ledger,medium,multi-underlying candidate with new pnu; create asset then fetch/insert ledger,"asset_master, asset_fund_links, asset_building_ledger, fund_assets",ast_db3bfd1b4baf,이지스일반사모투자신탁435호(태양광),이지스일반사모투자신탁435호(태양광),동서발전,split_or_drawer_list,,domestic_excel_fund_code_match,create_or_link_underlying_asset_with_location,False,112584,112584,이지스일반사모투자신탁435호(태양광),2,특별자산,특별자산,경상북도 예천군 은풍면 부초리 산44,강원특별자치도 원주시 문막읍 반계리 2255-2,different,4790043029200440000,5113025029122550002,different,128.450495775082,127.798699187274,different,36.7285805664103,37.2977862965336,different,True,True,True,False,False,True,True,58412,,경상북도 예천군 은풍면 부초리 산 44-1,128.450495709425,36.7285810242574,False
create_underlying_asset_then_fetch_ledger,medium,multi-underlying candidate with new pnu; create asset then fetch/insert ledger,"asset_master, asset_fund_links, asset_building_ledger, fund_assets",ast_db3bfd1b4baf,이지스일반사모투자신탁435호(태양광),이지스일반사모투자신탁435호(태양광),진이엔지,split_or_drawer_list,,domestic_excel_fund_code_match,create_or_link_underlying_asset_with_location,False,112584,112584,이지스일반사모투자신탁435호(태양광),3,특별자산,특별자산,충청북도 진천군 문백면 평산리 산54,강원특별자치도 원주시 문막읍 반계리 2255-2,different,4375033025200540000,5113025029122550002,different,127.477462066664,127.798699187274,different,36.8024105189189,37.2977862965336,different,True,True,True,False,False,True,True,58413,,충청북도 진천군 문백면 평산리 산 54,127.477462083436,36.8024109737305,False
create_underlying_asset_then_fetch_ledger,medium,multi-underlying candidate with new pnu; create asset then fetch/insert ledger,"asset_master, asset_fund_links, asset_building_ledger, fund_assets",ast_db3bfd1b4baf,이지스일반사모투자신탁435호(태양광),이지스일반사모투자신탁435호(태양광),현대산업쏠라5호,split_or_drawer_list,,domestic_excel_fund_code_match,create_or_link_underlying_asset_with_location,False,112584,112584,이지스일반사모투자신탁435호(태양광),4,특별자산,특별자산,경상북도 의성군 옥산면 입암리 9,강원특별자치도 원주시 문막읍 반계리 2255-2,different,4773033038100090000,5113025029122550002,different,128.842909332077,127.798699187274,different,36.3958762237176,37.2977862965336,different,True,True,True,False,False,True,True,58414,,경상북도 의성군 옥산면 입암리 7,128.843147572616,36.3958816468692,False
create_underlying_asset_then_fetch_ledger,medium,multi-underlying candidate with new pnu; create asset then fetch/insert ledger,"asset_master, asset_fund_links, asset_building_ledger, fund_assets",ast_db3bfd1b4baf,이지스일반사모투자신탁435호(태양광),이지스일반사모투자신탁435호(태양광),케이앤스틸테크놀로지,split_or_drawer_list,,domestic_excel_fund_code_match,create_or_link_underlying_asset_with_location,False,112584,112584,이지스일반사모투자신탁435호(태양광),5,특별자산,특별자산,경상북도 상주시 내서면 노류리 572-2,강원특별자치도 원주시 문막읍 반계리 2255-2,different,4725037029105720002,5113025029122550002,different,128.020691220829,127.798699187274,different,36.3645499179998,37.2977862965336,different,True,True,True,False,False,True,True,58415,,"경상북도 상주시 내서면 노류리 산141-1, 572-1, 모서면 대포리 산20-5",,,False
create_underlying_asset_then_fetch_ledger,medium,multi-underlying candidate with new pnu; create asset then fetch/insert ledger,"asset_master, asset_fund_links, asset_building_ledger, fund_assets",ast_db3bfd1b4baf,이지스일반사모투자신탁435호(태양광),이지스일반사모투자신탁435호(태양광),리에너지,split_or_drawer_list,,domestic_excel_fund_code_match,create_or_link_underlying_asset_with_location,False,112584,112584,이지스일반사모투자신탁435호(태양광),6,특별자산,특별자산,경상북도 상주시 사벌국면 용담리 산42-1,강원특별자치도 원주시 문막읍 반계리 2255-2,different,4725032526200420001,5113025029122550002,different,128.218246198146,127.798699187274,different,36.4863548646006,37.2977862965336,different,True,True,True,False,False,True,True,58416,,경상북도 상주시 사벌국면 용담리 산 42-1,128.218246150322,36.4863553447739,False
create_underlying_asset_then_fetch_ledger,medium,multi-underlying candidate with new pnu; create asset then fetch/insert ledger,"asset_master, asset_fund_links, asset_building_ledger, fund_assets",ast_db3bfd1b4baf,이지스일반사모투자신탁435호(태양광),이지스일반사모투자신탁435호(태양광),지우태양광,split_or_drawer_list,,domestic_excel_fund_code_match,create_or_link_underlying_asset_with_location,False,112584,112584,이지스일반사모투자신탁435호(태양광),7,특별자산,특별자산,경상남도 산청군 산청읍 내수리 산49-1,강원특별자치도 원주시 문막읍 반계리 2255-2,different,4886025029200490001,5113025029122550002,different,127.915850592278,127.798699187274,different,35.4334179495002,37.2977862965336,different,True,True,True,False,False,True,True,58417,,경상남도 산청군 산청읍 내수리 산 49-1,127.915850281403,35.4334184893568,False
create_underlying_asset_then_fetch_ledger,medium,multi-underlying candidate with new pnu; create asset then fetch/insert ledger,"asset_master, asset_fund_links, asset_building_ledger, fund_assets",ast_db3bfd1b4baf,이지스일반사모투자신탁435호(태양광),이지스일반사모투자신탁435호(태양광),에스지,split_or_drawer_list,,domestic_excel_fund_code_match,create_or_link_underlying_asset_with_location,False,112584,112584,이지스일반사모투자신탁435호(태양광),8,특별자산,특별자산,경기도 연천군 중면 합수리 122,강원특별자치도 원주시 문막읍 반계리 2255-2,different,4180037026101220000,5113025029122550002,different,127.053403053374,127.798699187274,different,38.1678164523042,37.2977862965336,different,True,True,True,False,False,True,True,58418,,경기도 연천군 중면 합수리 122,127.053402835629,38.1678167415454,False
create_underlying_asset_then_fetch_ledger,medium,multi-underlying candidate with new pnu; create asset then fetch/insert ledger,"asset_master, asset_fund_links, asset_building_ledger, fund_assets",ast_db3bfd1b4baf,이지스일반사모투자신탁435호(태양광),이지스일반사모투자신탁435호(태양광),케이앤씨벨에포크,split_or_drawer_list,,domestic_excel_fund_code_match,create_or_link_underlying_asset_with_location,False,112584,112584,이지스일반사모투자신탁435호(태양광),9,특별자산,특별자산,전라남도 진도군 지산면 와우리 137-3,강원특별자치도 원주시 문막읍 반계리 2255-2,different,4690035030101370003,5113025029122550002,different,126.145784395077,127.798699187274,different,34.4273962344761,37.2977862965336,different,True,True,True,False,False,True,True,58419,,전라남도 진도군 지산면 와우리 137-3,126.145784212296,34.4273968869183,False
create_underlying_asset_then_fetch_ledger,medium,multi-underlying candidate with new pnu; create asset then fetch/insert ledger,"asset_master, asset_fund_links, asset_building_ledger, fund_assets",ast_db3bfd1b4baf,이지스일반사모투자신탁435호(태양광),이지스일반사모투자신탁435호(태양광),케이에이치테크단북1호,split_or_drawer_list,,domestic_excel_fund_code_match,create_or_link_underlying_asset_with_location,False,112584,112584,이지스일반사모투자신탁435호(태양광),10,특별자산,특별자산,경상북도 예천군 풍양면 흥천리 356,강원특별자치도 원주시 문막읍 반계리 2255-2,different,4790041024103560000,5113025029122550002,different,128.321153420258,127.798699187274,different,36.5046457796687,37.2977862965336,different,True,True,True,False,False,True,True,58420,,"경상북도 예천군 풍양면 홍천리 356, 357, 390",,,False
create_underlying_asset_then_fetch_ledger,medium,multi-underlying candidate with new pnu; create asset then fetch/insert ledger,"asset_master, asset_fund_links, asset_building_ledger, fund_assets",ast_db3bfd1b4baf,이지스일반사모투자신탁435호(태양광),이지스일반사모투자신탁435호(태양광),미션,split_or_drawer_list,,domestic_excel_fund_code_match,create_or_link_underlying_asset_with_location,False,112584,112584,이지스일반사모투자신탁435호(태양광),11,특별자산,특별자산,경상북도 영주시 조와동 346,강원특별자치도 원주시 문막읍 반계리 2255-2,different,4721011000103460000,5113025029122550002,different,128.626195302659,127.798699187274,different,36.8736398842617,37.2977862965336,different,True,True,True,False,False,True,True,58421,,경상북도 영주시 조와동 346,128.626195223085,36.8736403288388,False
create_underlying_asset_then_fetch_ledger,medium,multi-underlying candidate with new pnu; create asset then fetch/insert ledger,"asset_master, asset_fund_links, asset_building_ledger, fund_assets",ast_db3bfd1b4baf,이지스일반사모투자신탁435호(태양광),이지스일반사모투자신탁435호(태양광),윈즈에너지,split_or_drawer_list,,domestic_excel_fund_code_match,create_or_link_underlying_asset_with_location,False,112584,112584,이지스일반사모투자신탁435호(태양광),12,특별자산,특별자산,경상북도 영주시 조와동 346,강원특별자치도 원주시 문막읍 반계리 2255-2,different,4721011000103460000,5113025029122550002,different,128.626195302659,127.798699187274,different,36.8736398842617,37.2977862965336,different,True,True,True,False,False,True,True,58422,,경상북도 영주시 조와동 346,128.626195223085,36.8736403288388,False
create_underlying_asset_then_fetch_ledger,medium,multi-underlying candidate with new pnu; create asset then fetch/insert ledger,"asset_master, asset_fund_links, asset_building_ledger, fund_assets",ast_db3bfd1b4baf,이지스일반사모투자신탁435호(태양광),이지스일반사모투자신탁435호(태양광),이큐에너지,split_or_drawer_list,,domestic_excel_fund_code_match,create_or_link_underlying_asset_with_location,False,112584,112584,이지스일반사모투자신탁435호(태양광),13,특별자산,특별자산,경상북도 영주시 조와동 346,강원특별자치도 원주시 문막읍 반계리 2255-2,different,4721011000103460000,5113025029122550002,different,128.626195302659,127.798699187274,different,36.8736398842617,37.2977862965336,different,True,True,True,False,False,True,True,58423,,경상북도 영주시 조와동 346,128.626195223085,36.8736403288388,False
create_underlying_asset_then_fetch_ledger,medium,multi-underlying candidate with new pnu; create asset then fetch/insert ledger,"asset_master, asset_fund_links, asset_building_ledger, fund_assets",ast_db3bfd1b4baf,이지스일반사모투자신탁435호(태양광),이지스일반사모투자신탁435호(태양광),소망,split_or_drawer_list,,domestic_excel_fund_code_match,create_or_link_underlying_asset_with_location,False,112584,112584,이지스일반사모투자신탁435호(태양광),14,특별자산,특별자산,충청남도 서천군 서면 원두리 산79-1,강원특별자치도 원주시 문막읍 반계리 2255-2,different,4477041025200790001,5113025029122550002,different,126.581342387506,127.798699187274,different,36.1688014842476,37.2977862965336,different,True,True,True,False,False,True,True,58424,,충청남도 서천군 서면 원두리 산 79-1,126.581342475573,36.168802003673,False
create_underlying_asset_then_fetch_ledger,medium,multi-underlying candidate with new pnu; create asset then fetch/insert ledger,"asset_master, asset_fund_links, asset_building_ledger, fund_assets",ast_db3bfd1b4baf,이지스일반사모투자신탁435호(태양광),이지스일반사모투자신탁435호(태양광),청수,split_or_drawer_list,,domestic_excel_fund_code_match,create_or_link_underlying_asset_with_location,False,112584,112584,이지스일반사모투자신탁435호(태양광),15,특별자산,특별자산,충청남도 서천군 서면 원두리 산79-1,강원특별자치도 원주시 문막읍 반계리 2255-2,different,4477041025200790001,5113025029122550002,different,126.581342387506,127.798699187274,different,36.1688014842476,37.2977862965336,different,True,True,True,False,False,True,True,58425,,충청남도 서천군 서면 원두리 산 79-1,126.581342475573,36.168802003673,False
create_underlying_asset_then_fetch_ledger,medium,multi-underlying candidate with new pnu; create asset then fetch/insert ledger,"asset_master, asset_fund_links, asset_building_ledger, fund_assets",ast_db3bfd1b4baf,이지스일반사모투자신탁435호(태양광),이지스일반사모투자신탁435호(태양광),봉산햇빛,split_or_drawer_list,,domestic_excel_fund_code_match,create_or_link_underlying_asset_with_location,False,112584,112584,이지스일반사모투자신탁435호(태양광),16,특별자산,특별자산,강원특별자치도 철원군 갈말읍 동막리 산166,강원특별자치도 원주시 문막읍 반계리 2255-2,different,5178025630201660000,5113025029122550002,different,127.312215136116,127.798699187274,different,38.2394423378619,37.2977862965336,different,True,True,True,False,False,True,True,58426,,강원특별자치도 철원군 갈말읍 동막리 산 166-1,127.312215172602,38.2394426585278,False
create_underlying_asset_then_fetch_ledger,medium,multi-underlying candidate with new pnu; create asset then fetch/insert ledger,"asset_master, asset_fund_links, asset_building_ledger, fund_assets",ast_db3bfd1b4baf,이지스일반사모투자신탁435호(태양광),이지스일반사모투자신탁435호(태양광),행암에너지일호,split_or_drawer_list,,domestic_excel_fund_code_match,create_or_link_underlying_asset_with_location,False,112584,112584,이지스일반사모투자신탁435호(태양광),17,특별자산,특별자산,충청남도 천안시 동남구 동면 401-8,강원특별자치도 원주시 문막읍 반계리 2255-2,different,4413137000104010008,5113025029122550002,different,127.349987101045,127.798699187274,different,36.8097902273754,37.2977862965336,different,True,True,True,False,False,True,True,58427,,충청남도 천안시 동남구 동면 행암리 401-8,127.3499868511,36.809790645171,False
create_underlying_asset_then_fetch_ledger,medium,multi-underlying candidate with new pnu; create asset then fetch/insert ledger,"asset_master, asset_fund_links, asset_building_ledger, fund_assets",ast_db3bfd1b4baf,이지스일반사모투자신탁435호(태양광),이지스일반사모투자신탁435호(태양광),도원에너지,split_or_drawer_list,,domestic_excel_fund_code_match,create_or_link_underlying_asset_with_location,False,112584,112584,이지스일반사모투자신탁435호(태양광),18,특별자산,특별자산,경상남도 하동군 양보면 감당리 산85-1,강원특별자치도 원주시 문막읍 반계리 2255-2,different,4885038023200850001,5113025029122550002,different,127.829534398816,127.798699187274,different,35.0825899467748,37.2977862965336,different,True,True,True,False,False,True,True,58428,,경상남도 하동군 양보면 감당리 산 85-1,127.82953436791,35.0825905534168,False
create_underlying_asset_then_fetch_ledger,medium,multi-underlying candidate with new pnu; create asset then fetch/insert ledger,"asset_master, asset_fund_links, asset_building_ledger, fund_assets",ast_db3bfd1b4baf,이지스일반사모투자신탁435호(태양광),이지스일반사모투자신탁435호(태양광),솔빛에너지,split_or_drawer_list,,domestic_excel_fund_code_match,create_or_link_underlying_asset_with_location,False,112584,112584,이지스일반사모투자신탁435호(태양광),19,특별자산,특별자산,경상남도 함안군 군북면 장지리 659,강원특별자치도 원주시 문막읍 반계리 2255-2,different,4873032030106590000,5113025029122550002,different,128.335500235149,127.798699187274,different,35.299076463718,37.2977862965336,different,True,True,True,False,False,True,True,58429,,경상남도 함안군 군북면 장지리 659,128.33550030293,35.2990769768325,False
link_existing_underlying_asset_by_pnu,medium,same pnu exists elsewhere in DB; prefer linking/merging existing asset before creating,"asset_master, asset_fund_links, fund_assets",ast_db3bfd1b4baf,이지스일반사모투자신탁435호(태양광),이지스일반사모투자신탁435호(태양광),에스와이솔라,split_or_drawer_list,,domestic_excel_fund_code_match,create_or_link_underlying_asset_with_location,False,112584,112584,이지스일반사모투자신탁435호(태양광),20,특별자산,특별자산,부산광역시 강서구 대저1동 1619,강원특별자치도 원주시 문막읍 반계리 2255-2,different,2644010100116190000,5113025029122550002,different,128.954259138838,127.798699187274,different,35.2131309772713,37.2977862965336,different,True,True,True,False,True,True,True,58430,2644010100116190000,대저1동 1619,128.954717074,35.209673248,True
link_existing_underlying_asset_same_asset_pnu,review,candidate pnu already exists for same asset_id; create/link relationship only after review,"asset_fund_links, fund_assets",ast_db3bfd1b4baf,이지스일반사모투자신탁435호(태양광),이지스일반사모투자신탁435호(태양광),에이치엠솔라1,split_or_drawer_list,,domestic_excel_fund_code_match,create_or_link_underlying_asset_with_location,False,112584,112584,이지스일반사모투자신탁435호(태양광),21,특별자산,특별자산,강원특별자치도 원주시 문막읍 반계리 2255-2,강원특별자치도 원주시 문막읍 반계리 2255-2,same,5113025029122550002,5113025029122550002,same,127.798699195572,127.798699187274,same,37.2977858883412,37.2977862965336,same,True,True,True,True,True,False,False,58431,5113025029122550002,강원특별자치도 원주시 문막읍 반계리 2255-2,127.798699187274,37.2977862965336,True
link_existing_underlying_asset_by_pnu,medium,same pnu exists elsewhere in DB; prefer linking/merging existing asset before creating,"asset_master, asset_fund_links, fund_assets",ast_db3bfd1b4baf,이지스일반사모투자신탁435호(태양광),이지스일반사모투자신탁435호(태양광),이에스에이치12,split_or_drawer_list,,domestic_excel_fund_code_match,create_or_link_underlying_asset_with_location,False,112584,112584,이지스일반사모투자신탁435호(태양광),22,특별자산,특별자산,전라남도 광양시 광양읍 세풍리 2224,강원특별자치도 원주시 문막읍 반계리 2255-2,different,4623025034122240000,5113025029122550002,different,127.596397170066,127.798699187274,different,34.8966180963216,37.2977862965336,different,True,True,True,False,True,True,True,58432,4623025034122240000,전라남도 광양시 광양읍 세풍리 2224,127.596397155015,34.8966187216681,True
create_underlying_asset_then_fetch_ledger,medium,multi-underlying candidate with new pnu; create asset then fetch/insert ledger,"asset_master, asset_fund_links, asset_building_ledger, fund_assets",ast_db3bfd1b4baf,이지스일반사모투자신탁435호(태양광),이지스일반사모투자신탁435호(태양광),지티씨솔라13호,split_or_drawer_list,,domestic_excel_fund_code_match,create_or_link_underlying_asset_with_location,False,112584,112584,이지스일반사모투자신탁435호(태양광),23,특별자산,특별자산,강원특별자치도 화천군 사내면 용담리 602,강원특별자치도 원주시 문막읍 반계리 2255-2,different,5179034024106020000,5113025029122550002,different,127.537474128221,127.798699187274,different,38.0836900241721,37.2977862965336,different,True,True,True,False,False,True,True,58433,,강원특별자치도 화천군 사내면 용담리 602,127.537473866627,38.083690321283,False
create_underlying_asset_then_fetch_ledger,medium,multi-underlying candidate with new pnu; create asset then fetch/insert ledger,"asset_master, asset_fund_links, asset_building_ledger, fund_assets",ast_db3bfd1b4baf,이지스일반사모투자신탁435호(태양광),이지스일반사모투자신탁435호(태양광),강구16호,split_or_drawer_list,,domestic_excel_fund_code_match,create_or_link_underlying_asset_with_location,False,112584,112584,이지스일반사모투자신탁435호(태양광),24,특별자산,특별자산,경상북도 안동시 길안면 현하리 1115-19,강원특별자치도 원주시 문막읍 반계리 2255-2,different,4717039033111150019,5113025029122550002,different,128.842429765427,127.798699187274,different,36.4285764602799,37.2977862965336,different,True,True,True,False,False,True,True,58434,,경상북도 안동시 길안면 현하리 1115-19,128.842429666407,36.4285769432021,False
create_underlying_asset_then_fetch_ledger,medium,multi-underlying candidate with new pnu; create asset then fetch/insert ledger,"asset_master, asset_fund_links, asset_building_ledger, fund_assets",ast_db3bfd1b4baf,이지스일반사모투자신탁435호(태양광),이지스일반사모투자신탁435호(태양광),외삼1호,split_or_drawer_list,,domestic_excel_fund_code_match,create_or_link_underlying_asset_with_location,False,112584,112584,이지스일반사모투자신탁435호(태양광),25,특별자산,특별자산,경상북도 봉화군 봉성면 외삼리 793,강원특별자치도 원주시 문막읍 반계리 2255-2,different,4792032023107930000,5113025029122550002,different,128.78366992654,127.798699187274,different,36.8892411396545,37.2977862965336,different,True,True,True,False,False,True,True,58435,,경상북도 봉화군 봉성면 외삼리 793,128.783669834076,36.889241582552,False
create_underlying_asset_then_fetch_ledger,medium,multi-underlying candidate with new pnu; create asset then fetch/insert ledger,"asset_master, asset_fund_links, asset_building_ledger, fund_assets",ast_db3bfd1b4baf,이지스일반사모투자신탁435호(태양광),이지스일반사모투자신탁435호(태양광),외삼2호,split_or_drawer_list,,domestic_excel_fund_code_match,create_or_link_underlying_asset_with_location,False,112584,112584,이지스일반사모투자신탁435호(태양광),26,특별자산,특별자산,경상북도 봉화군 봉성면 외삼리 792,강원특별자치도 원주시 문막읍 반계리 2255-2,different,4792032023107920000,5113025029122550002,different,128.783858932297,127.798699187274,different,36.8889474904447,37.2977862965336,different,True,True,True,False,False,True,True,58436,,경상북도 봉화군 봉성면 외삼리 792,128.783858562063,36.8889478963492,False
create_underlying_asset_then_fetch_ledger,medium,multi-underlying candidate with new pnu; create asset then fetch/insert ledger,"asset_master, asset_fund_links, asset_building_ledger, fund_assets",ast_db3bfd1b4baf,이지스일반사모투자신탁435호(태양광),이지스일반사모투자신탁435호(태양광),솔라트리1호,split_or_drawer_list,,domestic_excel_fund_code_match,create_or_link_underlying_asset_with_location,False,112584,112584,이지스일반사모투자신탁435호(태양광),27,특별자산,특별자산,충청북도 제천시 봉양읍 공전리 359-1,강원특별자치도 원주시 문막읍 반계리 2255-2,different,4315025034103590001,5113025029122550002,different,128.081126743899,127.798699187274,different,37.1079013957364,37.2977862965336,different,True,True,True,False,False,True,True,58437,,충청북도 제천시 봉양읍 공전리 359-1,128.081126710735,37.1079018205968,False
create_underlying_asset_then_fetch_ledger,medium,multi-underlying candidate with new pnu; create asset then fetch/insert ledger,"asset_master, asset_fund_links, asset_building_ledger, fund_assets",ast_db3bfd1b4baf,이지스일반사모투자신탁435호(태양광),이지스일반사모투자신탁435호(태양광),김송하,split_or_drawer_list,,domestic_excel_fund_code_match,create_or_link_underlying_asset_with_location,False,112584,112584,이지스일반사모투자신탁435호(태양광),28,특별자산,특별자산,강원특별자치도 영월군 상동읍 구래리 194-9,강원특별자치도 원주시 문막읍 반계리 2255-2,different,5175025322101940009,5113025029122550002,different,128.810643633155,127.798699187274,different,37.1678515560276,37.2977862965336,different,True,True,True,False,False,True,True,58438,,강원특별자치도 영월군 상동읍 구래리 194-9,128.810643539037,37.1678519743788,False
create_underlying_asset_then_fetch_ledger,medium,multi-underlying candidate with new pnu; create asset then fetch/insert ledger,"asset_master, asset_fund_links, asset_building_ledger, fund_assets",ast_db3bfd1b4baf,이지스일반사모투자신탁435호(태양광),이지스일반사모투자신탁435호(태양광),에스이피브,split_or_drawer_list,,domestic_excel_fund_code_match,create_or_link_underlying_asset_with_location,False,112584,112584,이지스일반사모투자신탁435호(태양광),29,특별자산,특별자산,경기도 연천군 중면 합수리 661,강원특별자치도 원주시 문막읍 반계리 2255-2,different,4180037026106610000,5113025029122550002,different,127.043659510198,127.798699187274,different,38.1372804571045,37.2977862965336,different,True,True,True,False,False,True,True,58439,,경기도 연천군 중면 합수리 661,127.043659295094,38.1372807538152,False
create_underlying_asset_then_fetch_ledger,medium,multi-underlying candidate with new pnu; create asset then fetch/insert ledger,"asset_master, asset_fund_links, asset_building_ledger, fund_assets",ast_db3bfd1b4baf,이지스일반사모투자신탁435호(태양광),이지스일반사모투자신탁435호(태양광),케이앤씨헤르메스,split_or_drawer_list,,domestic_excel_fund_code_match,create_or_link_underlying_asset_with_location,False,112584,112584,이지스일반사모투자신탁435호(태양광),30,특별자산,특별자산,전라북도 남원시 대강면 송대리 3-7,강원특별자치도 원주시 문막읍 반계리 2255-2,different,4519036026100030007,5113025029122550002,different,127.242014696092,127.798699187274,different,35.3757153395264,37.2977862965336,different,True,True,True,False,False,True,True,58440,,전북특별자치도 남원시 대강면 송대리 3-7,127.242014717232,35.37571592589,False
create_underlying_asset_then_fetch_ledger,medium,multi-underlying candidate with new pnu; create asset then fetch/insert ledger,"asset_master, asset_fund_links, asset_building_ledger, fund_assets",ast_db3bfd1b4baf,이지스일반사모투자신탁435호(태양광),이지스일반사모투자신탁435호(태양광),모두에너지,split_or_drawer_list,,domestic_excel_fund_code_match,create_or_link_underlying_asset_with_location,False,112584,112584,이지스일반사모투자신탁435호(태양광),31,특별자산,특별자산,경상북도 경주시 강동면 왕신리 산141-1,강원특별자치도 원주시 문막읍 반계리 2255-2,different,4713037028201410001,5113025029122550002,different,129.322003835782,127.798699187274,different,35.9357155715035,37.2977862965336,different,True,True,True,False,False,True,True,58441,,경상북도 경주시 강동면 왕신리 산 141-1,129.322003418445,35.9357160588788,False
create_underlying_asset_then_fetch_ledger,medium,multi-underlying candidate with new pnu; create asset then fetch/insert ledger,"asset_master, asset_fund_links, asset_building_ledger, fund_assets",ast_db3bfd1b4baf,이지스일반사모투자신탁435호(태양광),이지스일반사모투자신탁435호(태양광),솔라팩토리10호,split_or_drawer_list,,domestic_excel_fund_code_match,create_or_link_underlying_asset_with_location,False,112584,112584,이지스일반사모투자신탁435호(태양광),32,특별자산,특별자산,경기도 포천시 자작동 595,강원특별자치도 원주시 문막읍 반계리 2255-2,different,4165010300105950000,5113025029122550002,different,127.164579436744,127.798699187274,different,37.8722221551578,37.2977862965336,different,True,True,True,False,False,True,True,58442,,경기도 포천시 자작동 595,127.16457033371,37.8722224727945,False
link_existing_underlying_asset_by_pnu,medium,same pnu exists elsewhere in DB; prefer linking/merging existing asset before creating,"asset_master, asset_fund_links, fund_assets",ast_db3bfd1b4baf,이지스일반사모투자신탁435호(태양광),이지스일반사모투자신탁435호(태양광),씨에스에너텍,split_or_drawer_list,,domestic_excel_fund_code_match,create_or_link_underlying_asset_with_location,False,112584,112584,이지스일반사모투자신탁435호(태양광),33,특별자산,특별자산,경상북도 경산시 진량읍 신상리 1186-7,강원특별자치도 원주시 문막읍 반계리 2255-2,different,4729025321111860007,5113025029122550002,different,128.832009344151,127.798699187274,different,35.876536295234,37.2977862965336,different,True,True,True,False,True,True,True,58443,4729025321111860007,진량읍 신상리 1186-7,128.831477243,35.876417663,True
create_underlying_asset_then_fetch_ledger,medium,multi-underlying candidate with new pnu; create asset then fetch/insert ledger,"asset_master, asset_fund_links, asset_building_ledger, fund_assets",ast_db3bfd1b4baf,이지스일반사모투자신탁435호(태양광),이지스일반사모투자신탁435호(태양광),알이씨에너지,split_or_drawer_list,,domestic_excel_fund_code_match,create_or_link_underlying_asset_with_location,False,112584,112584,이지스일반사모투자신탁435호(태양광),34,특별자산,특별자산,경기도 가평군 설악면 천안리 21-2,강원특별자치도 원주시 문막읍 반계리 2255-2,different,4182031034100210002,5113025029122550002,different,127.492471395353,127.798699187274,different,37.6309866871406,37.2977862965336,different,True,True,True,False,False,True,True,58444,,경기도 가평군 설악면 천안리 21-2,127.492471137095,37.6309870272374,False
create_underlying_asset_then_fetch_ledger,medium,multi-underlying candidate with new pnu; create asset then fetch/insert ledger,"asset_master, asset_fund_links, asset_building_ledger, fund_assets",ast_db3bfd1b4baf,이지스일반사모투자신탁435호(태양광),이지스일반사모투자신탁435호(태양광),알이엔네트웍스,split_or_drawer_list,,domestic_excel_fund_code_match,create_or_link_underlying_asset_with_location,False,112584,112584,이지스일반사모투자신탁435호(태양광),35,특별자산,특별자산,경기도 가평군 설악면 천안리 14-1,강원특별자치도 원주시 문막읍 반계리 2255-2,different,4182031034100140001,5113025029122550002,different,127.489940253948,127.798699187274,different,37.6322875136165,37.2977862965336,different,True,True,True,False,False,True,True,58445,,경기도 가평군 설악면 천안리 14-1,127.489939995916,37.6322878535948,False
create_underlying_asset_then_fetch_ledger,medium,multi-underlying candidate with new pnu; create asset then fetch/insert ledger,"asset_master, asset_fund_links, asset_building_ledger, fund_assets",ast_db3bfd1b4baf,이지스일반사모투자신탁435호(태양광),이지스일반사모투자신탁435호(태양광),어량리,split_or_drawer_list,,domestic_excel_fund_code_match,create_or_link_underlying_asset_with_location,False,112584,112584,이지스일반사모투자신탁435호(태양광),36,특별자산,특별자산,전라북도 익산시 망성면 어량리 1743-14,강원특별자치도 원주시 문막읍 반계리 2255-2,different,4514038024117430014,5113025029122550002,different,127.03057297657,127.798699187274,different,36.0915082310654,37.2977862965336,different,True,True,True,False,False,True,True,58446,,"전라북도 익산시 밍상면 어량리 1743-14, 906-47, 906-46, 1743-13",,,False
create_underlying_asset_then_fetch_ledger,medium,multi-underlying candidate with new pnu; create asset then fetch/insert ledger,"asset_master, asset_fund_links, asset_building_ledger, fund_assets",ast_db3bfd1b4baf,이지스일반사모투자신탁435호(태양광),이지스일반사모투자신탁435호(태양광),비케이솔라,split_or_drawer_list,,domestic_excel_fund_code_match,create_or_link_underlying_asset_with_location,False,112584,112584,이지스일반사모투자신탁435호(태양광),37,특별자산,특별자산,충청북도 진천군 문백면 계산리 359-1,강원특별자치도 원주시 문막읍 반계리 2255-2,different,4375033026103590001,5113025029122550002,different,127.400320673083,127.798699187274,different,36.7903360743981,37.2977862965336,different,True,True,True,False,False,True,True,58447,,충청북도 진천군 문백면 계산리 359-1,127.400320696402,36.7903365306719,False
create_underlying_asset_then_fetch_ledger,medium,multi-underlying candidate with new pnu; create asset then fetch/insert ledger,"asset_master, asset_fund_links, asset_building_ledger, fund_assets",ast_db3bfd1b4baf,이지스일반사모투자신탁435호(태양광),이지스일반사모투자신탁435호(태양광),와이알에너지,split_or_drawer_list,,domestic_excel_fund_code_match,create_or_link_underlying_asset_with_location,False,112584,112584,이지스일반사모투자신탁435호(태양광),38,특별자산,특별자산,충청북도 진천군 문백면 계산리 359-1,강원특별자치도 원주시 문막읍 반계리 2255-2,different,4375033026103590001,5113025029122550002,different,127.400320673083,127.798699187274,different,36.7903360743981,37.2977862965336,different,True,True,True,False,False,True,True,58448,,충청북도 진천군 문백면 계산리 359-1,127.400320696402,36.7903365306719,False
create_underlying_asset_then_fetch_ledger,medium,multi-underlying candidate with new pnu; create asset then fetch/insert ledger,"asset_master, asset_fund_links, asset_building_ledger, fund_assets",ast_db3bfd1b4baf,이지스일반사모투자신탁435호(태양광),이지스일반사모투자신탁435호(태양광),유현그린,split_or_drawer_list,,domestic_excel_fund_code_match,create_or_link_underlying_asset_with_location,False,112584,112584,이지스일반사모투자신탁435호(태양광),39,특별자산,특별자산,충청북도 진천군 문백면 계산리 359-1,강원특별자치도 원주시 문막읍 반계리 2255-2,different,4375033026103590001,5113025029122550002,different,127.400320673083,127.798699187274,different,36.7903360743981,37.2977862965336,different,True,True,True,False,False,True,True,58449,,충청북도 진천군 문백면 계산리 359-1,127.400320696402,36.7903365306719,False
create_underlying_asset_then_fetch_ledger,medium,multi-underlying candidate with new pnu; create asset then fetch/insert ledger,"asset_master, asset_fund_links, asset_building_ledger, fund_assets",ast_db3bfd1b4baf,이지스일반사모투자신탁435호(태양광),이지스일반사모투자신탁435호(태양광),케이앤씨그린북,split_or_drawer_list,,domestic_excel_fund_code_match,create_or_link_underlying_asset_with_location,False,112584,112584,이지스일반사모투자신탁435호(태양광),40,특별자산,특별자산,충청남도 논산시 은진면 용산리 296,강원특별자치도 원주시 문막읍 반계리 2255-2,different,4423041025102960000,5113025029122550002,different,127.120390614737,127.798699187274,different,36.1581873321686,37.2977862965336,different,True,True,True,False,False,True,True,58450,,충청남도 논산시 은진면 용산리 296,127.12039037846,36.1581878121978,False
create_underlying_asset_then_fetch_ledger,medium,multi-underlying candidate with new pnu; create asset then fetch/insert ledger,"asset_master, asset_fund_links, asset_building_ledger, fund_assets",ast_db3bfd1b4baf,이지스일반사모투자신탁435호(태양광),이지스일반사모투자신탁435호(태양광),디앤피상주,split_or_drawer_list,,domestic_excel_fund_code_match,create_or_link_underlying_asset_with_location,False,112584,112584,이지스일반사모투자신탁435호(태양광),41,특별자산,특별자산,경상북도 상주시 화동면 어산리 524-1,강원특별자치도 원주시 문막읍 반계리 2255-2,different,4725040024105240001,5113025029122550002,different,128.003694356758,127.798699187274,different,36.3956116798158,37.2977862965336,different,True,True,True,False,False,True,True,58451,,경상북도 상주시 화동면 어산리 524-1,128.003694326089,36.3956121690495,False
create_underlying_asset_then_fetch_ledger,medium,multi-underlying candidate with new pnu; create asset then fetch/insert ledger,"asset_master, asset_fund_links, asset_building_ledger, fund_assets",ast_db3bfd1b4baf,이지스일반사모투자신탁435호(태양광),이지스일반사모투자신탁435호(태양광),적화솔라,split_or_drawer_list,,domestic_excel_fund_code_match,create_or_link_underlying_asset_with_location,False,112584,112584,이지스일반사모투자신탁435호(태양광),42,특별자산,특별자산,충청남도 부여군 장암면 지토리 산26,강원특별자치도 원주시 문막읍 반계리 2255-2,different,4476042028200260000,5113025029122550002,different,126.921282091648,127.798699187274,different,36.2120166507773,37.2977862965336,different,True,True,True,False,False,True,True,58452,,충청남도 부여군 장암면 지토리 산 26,126.921282150808,36.2120171634691,False
create_underlying_asset_then_fetch_ledger,medium,multi-underlying candidate with new pnu; create asset then fetch/insert ledger,"asset_master, asset_fund_links, asset_building_ledger, fund_assets",ast_db3bfd1b4baf,이지스일반사모투자신탁435호(태양광),이지스일반사모투자신탁435호(태양광),솔라시너지햇빛1호,split_or_drawer_list,,domestic_excel_fund_code_match,create_or_link_underlying_asset_with_location,False,112584,112584,이지스일반사모투자신탁435호(태양광),43,특별자산,특별자산,충청남도 보령시 천북면 신죽리 645-11,강원특별자치도 원주시 문막읍 반계리 2255-2,different,4418033028106450011,5113025029122550002,different,126.578829214012,127.798699187274,different,36.4866376268523,37.2977862965336,different,True,True,True,False,False,True,True,58453,,충청남도 보령시 천북면 신죽리 645-11,126.578829306093,36.486638116384,False
create_underlying_asset_then_fetch_ledger,medium,multi-underlying candidate with new pnu; create asset then fetch/insert ledger,"asset_master, asset_fund_links, asset_building_ledger, fund_assets",ast_db3bfd1b4baf,이지스일반사모투자신탁435호(태양광),이지스일반사모투자신탁435호(태양광),이인메가태양광,split_or_drawer_list,,domestic_excel_fund_code_match,create_or_link_underlying_asset_with_location,False,112584,112584,이지스일반사모투자신탁435호(태양광),44,특별자산,특별자산,충청남도 공주시 이인면 오룡리 산2-32,강원특별자치도 원주시 문막읍 반계리 2255-2,different,4415031023200020032,5113025029122550002,different,127.074308261653,127.798699187274,different,36.4145419540869,37.2977862965336,different,True,True,True,False,False,True,True,58454,,충청남도 공주시 이인면 오룡리 산 2-32,127.074308309811,36.4145424469331,False
create_underlying_asset_then_fetch_ledger,medium,multi-underlying candidate with new pnu; create asset then fetch/insert ledger,"asset_master, asset_fund_links, asset_building_ledger, fund_assets",ast_db3bfd1b4baf,이지스일반사모투자신탁435호(태양광),이지스일반사모투자신탁435호(태양광),솔라팩토리22호,split_or_drawer_list,,domestic_excel_fund_code_match,create_or_link_underlying_asset_with_location,False,112584,112584,이지스일반사모투자신탁435호(태양광),45,특별자산,특별자산,경상북도 김천시 어모면 남산리 2033,강원특별자치도 원주시 문막읍 반계리 2255-2,different,4715036023120330000,5113025029122550002,different,128.131889016506,127.798699187274,different,36.1612622229727,37.2977862965336,different,True,True,True,False,False,True,True,58455,,경북 김천시 어모면 남신리 213번지,,,False
link_existing_underlying_asset_by_pnu,medium,same pnu exists elsewhere in DB; prefer linking/merging existing asset before creating,"asset_master, asset_fund_links, fund_assets",ast_db3bfd1b4baf,이지스일반사모투자신탁435호(태양광),이지스일반사모투자신탁435호(태양광),솔라팩토리19호,split_or_drawer_list,,domestic_excel_fund_code_match,create_or_link_underlying_asset_with_location,False,112584,112584,이지스일반사모투자신탁435호(태양광),46,대출채권,특별자산,충청북도 충주시 대소원면 완오리 1165,강원특별자치도 원주시 문막읍 반계리 2255-2,different,4313033530111650000,5113025029122550002,different,127.837297367833,127.798699187274,different,36.9983946807878,37.2977862965336,different,True,True,True,False,True,True,True,58456,4313033530111650000,충청북도 충주시 대소원면 완오리 1165,127.837297354945,36.9983951162712,True
create_or_link_underlying_asset_name_only,review,candidate has no location; keep searchable/linkable but no pnu update,"asset_master, asset_fund_links",ast_dc11f9b4f515,이지스글로벌세컨더리일반사모혼합자산투자신탁제1호,이지스글로벌세컨더리일반사모혼합자산투자신탁제1호,Pantheon Viking Co-Invest LP,split_or_drawer_list,,worklist_proposed_name_unmatched,create_or_link_underlying_asset_name_only,False,200006,,,,,,,,no_proposed_value,,,no_proposed_value,,,no_proposed_value,,,no_proposed_value,False,False,False,False,False,False,False,,,,,,False
create_or_link_underlying_asset_name_only,review,candidate has no location; keep searchable/linkable but no pnu update,"asset_master, asset_fund_links",ast_dc11f9b4f515,이지스글로벌세컨더리일반사모혼합자산투자신탁제1호,이지스글로벌세컨더리일반사모혼합자산투자신탁제1호,NMP V,split_or_drawer_list,,worklist_proposed_name_unmatched,create_or_link_underlying_asset_name_only,False,200006,,,,,,,,no_proposed_value,,,no_proposed_value,,,no_proposed_value,,,no_proposed_value,False,False,False,False,False,False,False,,,,,,False
create_or_link_underlying_asset_name_only,review,candidate has no location; keep searchable/linkable but no pnu update,"asset_master, asset_fund_links",ast_dc11f9b4f515,이지스글로벌세컨더리일반사모혼합자산투자신탁제1호,이지스글로벌세컨더리일반사모혼합자산투자신탁제1호,PGSF VII,split_or_drawer_list,,worklist_proposed_name_unmatched,create_or_link_underlying_asset_name_only,False,200006,,,,,,,,no_proposed_value,,,no_proposed_value,,,no_proposed_value,,,no_proposed_value,False,False,False,False,False,False,False,,,,,,False
create_or_link_underlying_asset_name_only,review,candidate has no location; keep searchable/linkable but no pnu update,"asset_master, asset_fund_links",ast_dc11f9b4f515,이지스글로벌세컨더리일반사모혼합자산투자신탁제1호,이지스글로벌세컨더리일반사모혼합자산투자신탁제1호,PSD III,split_or_drawer_list,,worklist_proposed_name_unmatched,create_or_link_underlying_asset_name_only,False,200006,,,,,,,,no_proposed_value,,,no_proposed_value,,,no_proposed_value,,,no_proposed_value,False,False,False,False,False,False,False,,,,,,False
update_asset_master_location,low,safe existing asset update; ledger already present for asset+pnu,asset_master,ast_e6eadbaa08bd,이지스일반사모부동산투자신탁232호(운용),이지스일반사모부동산투자신탁232호(운용),클럽디 속리산,update_asset_name,,domestic_excel_fund_code_match,update_existing_asset_master_location,True,112279 | 112280 | 112281 | 112282,112279,이지스일반사모부동산투자신탁232호(운용),1,특별자산,특별자산,충청북도 보은군 탄부면 상장리 643-3,탄부면 상장리 643-3,different,4372034027106430003,4372034027106430003,same,127.782249596482,127.782121665,different,36.4471156384991,36.447215919,different,True,True,True,True,True,True,False,58130,4372034027106430003,탄부면 상장리 643-3,127.782121665,36.447215919,True
update_asset_master_then_fetch_ledger,medium,safe existing asset update with new/different location; ledger missing for asset+pnu,"asset_master, asset_building_ledger",ast_ea83005ce057,이지스제415호일반사모부동산투자신탁,이지스제415호일반사모부동산투자신탁,판교아이스퀘어C1블럭상업및숙박시설,update_asset_name,,domestic_excel_fund_code_match,update_existing_asset_master_location,True,112559,112559,이지스제415호일반사모부동산투자신탁,1,복합(오피스),복합(리테일),경기도 성남시 수정구 시흥동 288-2,시흥동 322,different,4113111500102880002,4113111500103220000,different,127.098257332218,127.098394925,different,37.4121601452294,37.413434294,different,True,True,True,False,False,True,True,58396,4113111500103220000,시흥동 322,127.098394925,37.413434294,True
create_or_link_underlying_asset_name_only,review,candidate has no location; keep searchable/linkable but no pnu update,"asset_master, asset_fund_links",ast_ec5c572ce8a7,주식회사 이지스레지던스위탁관리부동산투자회사,주식회사 이지스레지던스위탁관리부동산투자회사,이지스151호(더샵 부평),split_or_drawer_list,,worklist_proposed_name_unmatched,create_or_link_underlying_asset_name_only,False,R00008,,,,,,,인천광역시 부평구 십정동 216,no_proposed_value,,2823710200102160000,no_proposed_value,,126.69562913808,no_proposed_value,,37.4784053934111,no_proposed_value,False,True,True,False,False,False,False,,,,,,False
create_underlying_asset_then_fetch_ledger,medium,multi-underlying candidate with new pnu; create asset then fetch/insert ledger,"asset_master, asset_fund_links, asset_building_ledger, fund_assets",ast_ec5c572ce8a7,주식회사 이지스레지던스위탁관리부동산투자회사,주식회사 이지스레지던스위탁관리부동산투자회사,이지스333호(디어스 명동),split_or_drawer_list,,worklist_proposed_name_matched_domestic_excel_by_name,create_or_link_underlying_asset_with_location,False,R00008,112510,이지스제333호전문투자형사모부동산투자신탁(운용),1,호텔,호텔,서울특별시 중구 남학동 13-2,인천광역시 부평구 십정동 216,different,1114014000100130002,2823710200102160000,different,126.991278200375,126.69562913808,different,37.5608386574791,37.4784053934111,different,True,True,True,False,False,True,True,58355,1114014000100130002,서울특별시 중구 남학동 13-2,126.991277986505,37.5608390054111,True
create_or_link_underlying_asset_name_only,review,candidate has no location; keep searchable/linkable but no pnu update,"asset_master, asset_fund_links",ast_ec5c572ce8a7,주식회사 이지스레지던스위탁관리부동산투자회사,주식회사 이지스레지던스위탁관리부동산투자회사,이지스200호(디어스 판교),split_or_drawer_list,,worklist_proposed_name_unmatched,create_or_link_underlying_asset_name_only,False,R00008,,,,,,,인천광역시 부평구 십정동 216,no_proposed_value,,2823710200102160000,no_proposed_value,,126.69562913808,no_proposed_value,,37.4784053934111,no_proposed_value,False,True,True,False,False,False,False,,,,,,False
create_or_link_underlying_asset_name_only,review,candidate has no location; keep searchable/linkable but no pnu update,"asset_master, asset_fund_links",ast_ec5c572ce8a7,주식회사 이지스레지던스위탁관리부동산투자회사,주식회사 이지스레지던스위탁관리부동산투자회사,"이지스411호(200호 재간접, 디어스 판교)",split_or_drawer_list,,worklist_proposed_name_unmatched,create_or_link_underlying_asset_name_only,False,R00008,,,,,,,인천광역시 부평구 십정동 216,no_proposed_value,,2823710200102160000,no_proposed_value,,126.69562913808,no_proposed_value,,37.4784053934111,no_proposed_value,False,True,True,False,False,False,False,,,,,,False
update_asset_name_only,low,safe existing asset name update but no address/pnu/xy candidate,asset_master,ast_f5220c768a13,글로벌 리츠,글로벌 리츠,Global REITs (수협),update_asset_name,,worklist_proposed_name_unmatched,update_name_only_pending_location,True,112564,,,,,,,,no_proposed_value,,,no_proposed_value,,,no_proposed_value,,,no_proposed_value,False,False,False,False,False,False,False,,,,,,False
update_asset_master_then_fetch_ledger,medium,safe existing asset update with new/different location; ledger missing for asset+pnu,"asset_master, asset_building_ledger",ast_f5e665f7cf35,이지스일반사모부동산투자신탁294호,이지스일반사모부동산투자신탁294호,제주올레리조트,update_asset_name,,domestic_excel_fund_code_match,update_existing_asset_master_location,True,112310,112310,이지스일반사모부동산투자신탁294호,1,호텔,호텔,제주특별자치도 제주시 애월읍 신엄리 2808,애월읍 신엄리 2867-3,different,5011025326128080000,5011025326128670003,different,126.354844384117,126.35573062,different,33.476474097551,33.475927543,different,True,True,True,False,False,True,True,58153,5011025326128670003,애월읍 신엄리 2867-3,126.35573062,33.475927543,True
hold_name_only_no_location,hold,adopted name has no location candidate,search_alias_or_asset_name,ast_fbe13b6b1e0a,글로벌 리츠,글로벌 리츠,Global REITs(셀렉리츠1호),manual_review,,worklist_proposed_name_unmatched,adopt_name_only_pending_location,False,112260 | 112261 | 112262 | 112263 | 112452 | 300010 | 300053,,,,,,,,no_proposed_value,,,no_proposed_value,,,no_proposed_value,,,no_proposed_value,False,False,False,False,False,False,False,,,,,,False
