asset_id,asset_code,canonical_name,proposed_physical_asset_name,proposed_non_physical_label,linked_fund_short_names,asset_type,asset_kind,review_status,has_address,has_pnu,cleanup_action,cleanup_reason
ast_808ae65372f4,AP00003001,오시리아타워레지던스,오시리아타워레지던스,,P오시생숙,주거,physical_asset,verified,N,N,keep_physical_name,real estate type or physical evidence exists
ast_470c38b64eb9,A120023001,애월 복합관광단지 개발,애월 복합관광단지 개발,,,오피스복합,physical_asset,verified,Y,Y,keep_physical_name,real estate type or physical evidence exists
ast_a5d1e84522ed,A112117001,진해오션리조트 선순위 대출,진해오션리조트 선순위 대출,,118호,호텔,physical_asset,verified,Y,Y,keep_physical_name,real estate type or physical evidence exists
ast_7f66d2a674c4,A112012001,동일타워,동일타워,,,오피스,physical_asset,verified,Y,Y,keep_physical_name,real estate type or physical evidence exists
ast_66c76bd0edbb,A112277001,파주 운정지구 오피스 개발사업,파주 운정지구 오피스 개발사업,,,오피스,physical_asset,verified,Y,Y,keep_physical_name,real estate type or physical evidence exists
ast_ede5ff41c84e,A112251001,드웰동대문,드웰동대문,,,호텔,physical_asset,verified,Y,Y,keep_physical_name,real estate type or physical evidence exists
ast_cf7655c37f5e,A112414001,일산CLC,일산CLC,,"336호, 336호(1종), 336호(2종), 336호(3종)",,physical_asset,auto_created,Y,Y,keep_physical_name,real estate type or physical evidence exists
ast_d052165ba593,A112001001,NC백화점(강서),NC백화점(강서),,,리테일,physical_asset,verified,Y,Y,keep_physical_name,real estate type or physical evidence exists
ast_74aec6939fcf,A112197001,포포인츠바이쉐라톤조선서울명동,포포인츠바이쉐라톤조선서울명동,,코어1호,호텔,physical_asset,verified,Y,Y,keep_physical_name,real estate type or physical evidence exists
ast_4e209ca0367c,A112536001,판교아이스퀘어E동,판교아이스퀘어E동,,,오피스복합,physical_asset,verified,Y,Y,keep_physical_name,real estate type or physical evidence exists
ast_fb643944b2a8,A112649001,B스퀘어,B스퀘어,,,오피스,physical_asset,verified,Y,Y,keep_physical_name,real estate type or physical evidence exists
ast_33b7088ae1e9,A112235001,아레나스영종,아레나스영종,,,물류센터,physical_asset,verified,Y,Y,keep_physical_name,real estate type or physical evidence exists
ast_e6eadbaa08bd,A112279001,클럽디 속리산,클럽디 속리산,,"232호, 232호(1종), 232호(2종), 232호(3종)",,physical_asset,auto_created,Y,Y,keep_physical_name,real estate type or physical evidence exists
ast_da18f033a8bc,A120107001,이지스 130호(모) 제2-1종 수익증권,이지스 130호(모) 제2-1종 수익증권,,,,physical_asset,verified,Y,Y,keep_physical_name,real estate type or physical evidence exists
ast_31da440b4288,A112365001,CGV대학로,CGV대학로,,"299호, 299호(A)",리테일,physical_asset,verified,Y,Y,keep_physical_name,real estate type or physical evidence exists
ast_62cb735c467e,A112559001,판교아이스퀘어C1블럭상업및숙박시설,판교아이스퀘어C1블럭상업및숙박시설,,,오피스복합,physical_asset,verified,Y,Y,keep_physical_name,real estate type or physical evidence exists
ast_79be067b7ddd,A112252001,강남구 역삼동 오피스텔 및 근린생활시설 신축사업,강남구 역삼동 오피스텔 및 근린생활시설 신축사업,,,오피스복합,physical_asset,verified,Y,Y,keep_physical_name,real estate type or physical evidence exists
ast_ea83005ce057,A112559001,판교아이스퀘어C1블럭상업및숙박시설,판교아이스퀘어C1블럭상업및숙박시설,,415호,오피스복합,physical_asset,auto_created,Y,Y,keep_physical_name,real estate type or physical evidence exists
ast_40c746673d87,A200030002,시그니처타워,시그니처타워,,,,physical_asset,verified,Y,Y,keep_physical_name,real estate type or physical evidence exists
ast_c174f71f733d,A112311001,목동 트라팰리스 스퀘어,목동 트라팰리스 스퀘어,,,리테일,physical_asset,verified,Y,Y,keep_physical_name,real estate type or physical evidence exists
ast_d5c833a503e2,A112593002,영보빌딩2,영보빌딩2,,,오피스,physical_asset,verified,Y,Y,keep_physical_name,real estate type or physical evidence exists
ast_d6fa4da10a91,,다산1,다산1,,435호,특별자산,physical_asset,auto_created,Y,Y,keep_physical_name,real estate type or physical evidence exists
ast_ebebc7b1bdf8,,동서발전,동서발전,,435호,특별자산,physical_asset,auto_created,Y,Y,keep_physical_name,real estate type or physical evidence exists
ast_ebcc58ed50e7,,진이엔지,진이엔지,,435호,특별자산,physical_asset,auto_created,Y,Y,keep_physical_name,real estate type or physical evidence exists
ast_8073fc1f9032,,현대산업쏠라5호,현대산업쏠라5호,,435호,특별자산,physical_asset,auto_created,Y,Y,keep_physical_name,real estate type or physical evidence exists
ast_85c4284120a0,,케이앤스틸테크놀로지,케이앤스틸테크놀로지,,435호,특별자산,physical_asset,auto_created,Y,Y,keep_physical_name,real estate type or physical evidence exists
ast_fe5c7328b922,,리에너지,리에너지,,435호,특별자산,physical_asset,auto_created,Y,Y,keep_physical_name,real estate type or physical evidence exists
ast_b8463cf0d2c3,,지우태양광,지우태양광,,435호,특별자산,physical_asset,auto_created,Y,Y,keep_physical_name,real estate type or physical evidence exists
ast_0663f6f024ef,,에스지,에스지,,435호,특별자산,physical_asset,auto_created,Y,Y,keep_physical_name,real estate type or physical evidence exists
ast_04bd4d02a1f5,,케이앤씨벨에포크,케이앤씨벨에포크,,435호,특별자산,physical_asset,auto_created,Y,Y,keep_physical_name,real estate type or physical evidence exists
ast_f0250cd0a593,,케이에이치테크단북1호,케이에이치테크단북1호,,435호,특별자산,physical_asset,auto_created,Y,Y,keep_physical_name,real estate type or physical evidence exists
ast_b487a63c00bc,A112404001,신라스테이(제주),신라스테이(제주),,,호텔,physical_asset,verified,Y,Y,keep_physical_name,real estate type or physical evidence exists
ast_e4545b0356db,,윈즈에너지,윈즈에너지,,435호,특별자산,physical_asset,auto_created,Y,Y,keep_physical_name,real estate type or physical evidence exists
ast_8be0e8a3b047,,소망,소망,,435호,특별자산,physical_asset,auto_created,Y,Y,keep_physical_name,real estate type or physical evidence exists
ast_4116c5d4131d,,봉산햇빛,봉산햇빛,,435호,특별자산,physical_asset,auto_created,Y,Y,keep_physical_name,real estate type or physical evidence exists
ast_019336217588,,행암에너지일호,행암에너지일호,,435호,특별자산,physical_asset,auto_created,Y,Y,keep_physical_name,real estate type or physical evidence exists
ast_e9cf3bb06021,,도원에너지,도원에너지,,435호,특별자산,physical_asset,auto_created,Y,Y,keep_physical_name,real estate type or physical evidence exists
ast_9526a04cfdf6,,솔빛에너지,솔빛에너지,,435호,특별자산,physical_asset,auto_created,Y,Y,keep_physical_name,real estate type or physical evidence exists
ast_1fa2fdab17e6,,지티씨솔라13호,지티씨솔라13호,,435호,특별자산,physical_asset,auto_created,Y,Y,keep_physical_name,real estate type or physical evidence exists
ast_9fce646527d1,,강구16호,강구16호,,435호,특별자산,physical_asset,auto_created,Y,Y,keep_physical_name,real estate type or physical evidence exists
ast_42424e07828d,,외삼1호,외삼1호,,435호,특별자산,physical_asset,auto_created,Y,Y,keep_physical_name,real estate type or physical evidence exists
ast_55528b4074b3,,외삼2호,외삼2호,,435호,특별자산,physical_asset,auto_created,Y,Y,keep_physical_name,real estate type or physical evidence exists
ast_89172a057e86,,솔라트리1호,솔라트리1호,,435호,특별자산,physical_asset,auto_created,Y,Y,keep_physical_name,real estate type or physical evidence exists
ast_2050b844c69c,,김송하,김송하,,435호,특별자산,physical_asset,auto_created,Y,Y,keep_physical_name,real estate type or physical evidence exists
ast_d568c3621c14,,에스이피브,에스이피브,,435호,특별자산,physical_asset,auto_created,Y,Y,keep_physical_name,real estate type or physical evidence exists
ast_915527e80f33,,케이앤씨헤르메스,케이앤씨헤르메스,,435호,특별자산,physical_asset,auto_created,Y,Y,keep_physical_name,real estate type or physical evidence exists
ast_ab8634f252b3,,모두에너지,모두에너지,,435호,특별자산,physical_asset,auto_created,Y,Y,keep_physical_name,real estate type or physical evidence exists
ast_bf82c8889090,,솔라팩토리10호,솔라팩토리10호,,435호,특별자산,physical_asset,auto_created,Y,Y,keep_physical_name,real estate type or physical evidence exists
ast_bdf2b065aa67,,알이씨에너지,알이씨에너지,,435호,특별자산,physical_asset,auto_created,Y,Y,keep_physical_name,real estate type or physical evidence exists
ast_b3322591803f,,알이엔네트웍스,알이엔네트웍스,,435호,특별자산,physical_asset,auto_created,Y,Y,keep_physical_name,real estate type or physical evidence exists
ast_f0f81ea28332,,어량리,어량리,,435호,특별자산,physical_asset,auto_created,Y,Y,keep_physical_name,real estate type or physical evidence exists
ast_842871707662,,와이알에너지,와이알에너지,,435호,특별자산,physical_asset,auto_created,Y,Y,keep_physical_name,real estate type or physical evidence exists
ast_8e5fda3d061a,A112421001,OPUS459(구. 백암빌딩),OPUS459(구. 백암빌딩),,"353호, 353호(1종), 353호(2-A종), 353호(2-B종)",오피스복합,physical_asset,verified,Y,Y,keep_physical_name,real estate type or physical evidence exists
ast_b11095ea4292,,케이앤씨그린북,케이앤씨그린북,,435호,특별자산,physical_asset,auto_created,Y,Y,keep_physical_name,real estate type or physical evidence exists
ast_538e594239c1,,디앤피상주,디앤피상주,,435호,특별자산,physical_asset,auto_created,Y,Y,keep_physical_name,real estate type or physical evidence exists
ast_397055de0844,,적화솔라,적화솔라,,435호,특별자산,physical_asset,auto_created,Y,Y,keep_physical_name,real estate type or physical evidence exists
ast_f52fee9f8517,,솔라시너지햇빛1호,솔라시너지햇빛1호,,435호,특별자산,physical_asset,auto_created,Y,Y,keep_physical_name,real estate type or physical evidence exists
ast_30821b7cbbab,,이인메가태양광,이인메가태양광,,435호,특별자산,physical_asset,auto_created,Y,Y,keep_physical_name,real estate type or physical evidence exists
ast_f3cb5064d76b,A112556003,네오밸류한남PFV의 제3종 종류주식,네오밸류한남PFV의 제3종 종류주식,,,오피스복합,physical_asset,verified,Y,Y,review_financial_name_with_physical_evidence,"physical evidence exists, but name contains loan/security terms"
ast_b3f61c8578bc,A112223000,Courtyard by Marriott Portfolio Senior Mezzanine Loan,Courtyard by Marriott Portfolio,,,호텔,physical_asset,verified,Y,N,strip_instrument_terms,"physical evidence exists, but name contains loan/security terms"
ast_9de000745f5e,A112223001,US Courtyard by Marriott Portfolio Mezzanine A Loan,US Courtyard by Marriott Portfolio Mezzanine A Loan,,206호,호텔,physical_asset,verified,Y,N,keep_physical_name,real estate type or physical evidence exists
ast_e2de71b1eff9,A112223002,Courtyard Fremont,Courtyard Fremont,,,호텔,physical_asset,verified,Y,N,keep_physical_name,real estate type or physical evidence exists
ast_b48f4cef1665,A112223003,Courtyard San Francisco Airport,Courtyard San Francisco Airport,,,호텔,physical_asset,verified,Y,N,keep_physical_name,real estate type or physical evidence exists
ast_f88aa498d1f1,A112223004,Courtyard Valley Forge King of Prussia,Courtyard Valley Forge King of Prussia,,,호텔,physical_asset,verified,Y,N,keep_physical_name,real estate type or physical evidence exists
ast_9111b48bf63d,A112223005,Courtyard Executive Park,Courtyard Executive Park,,,호텔,physical_asset,verified,Y,N,keep_physical_name,real estate type or physical evidence exists
ast_3c18a81268d7,A112223017,Courtyard Costa Mesa South Coast,Courtyard Costa Mesa South Coast,,,호텔,physical_asset,verified,Y,N,keep_physical_name,real estate type or physical evidence exists
ast_a43bd38945be,A112223018,Courtyard Phoenix Airport,Courtyard Phoenix Airport,,,호텔,physical_asset,verified,Y,N,keep_physical_name,real estate type or physical evidence exists
ast_302a423013bf,A112223019,Courtyard Pleasanton,Courtyard Pleasanton,,,호텔,physical_asset,verified,Y,N,keep_physical_name,real estate type or physical evidence exists
ast_ec6dcc378dcf,A112234001,(주)페트로코너지 발행 지분증권 및 투자대상회사(이지스페트로코너지(주))에 대한 대출채권,(주)페트로코너지 발행 지분증권 및 투자대상회사(이지스페트로코너지(주))에 대한 대출채권,,217호,,physical_asset,verified,Y,N,keep_physical_name,real estate type or physical evidence exists
ast_6221d5b4dfe9,A112223025,Courtyard Tarrytown Greenburgh,Courtyard Tarrytown Greenburgh,,,호텔,physical_asset,verified,Y,N,keep_physical_name,real estate type or physical evidence exists
ast_d7ac46c9c051,,솔라팩토리22호,솔라팩토리22호,,435호,특별자산,physical_asset,auto_created,Y,Y,keep_physical_name,real estate type or physical evidence exists
ast_b31d2e0680ae,,참빛솔라 태양광발전소,참빛솔라 태양광발전소,,392호,특별자산,physical_asset,auto_created,Y,Y,keep_physical_name,real estate type or physical evidence exists
ast_7190747891b3,,최강일 태양광발전소,최강일 태양광발전소,,392호,특별자산,physical_asset,auto_created,Y,Y,keep_physical_name,real estate type or physical evidence exists
ast_8811b74d45af,,신명솔라 태양광발전소,신명솔라 태양광발전소,,392호,특별자산,physical_asset,auto_created,Y,Y,keep_physical_name,real estate type or physical evidence exists
ast_44d286211fa7,,성리태양광발전소,성리태양광발전소,,392호,특별자산,physical_asset,auto_created,Y,Y,keep_physical_name,real estate type or physical evidence exists
ast_cb763ed28220,A112461001,삼성월드타워아파트,삼성월드타워아파트,,,주거,physical_asset,verified,Y,Y,keep_physical_name,real estate type or physical evidence exists
ast_ff7588a79671,,엠아이파워,엠아이파워,,392호,특별자산,physical_asset,auto_created,Y,Y,keep_physical_name,real estate type or physical evidence exists
ast_e951a12e306d,,해량에너지,해량에너지,,392호,특별자산,physical_asset,auto_created,Y,Y,keep_physical_name,real estate type or physical evidence exists
ast_f9a2aff9f0fc,,시온솔라,시온솔라,,392호,특별자산,physical_asset,auto_created,Y,Y,keep_physical_name,real estate type or physical evidence exists
ast_2680fd8ec249,,의령1호,의령1호,,392호,특별자산,physical_asset,auto_created,Y,Y,keep_physical_name,real estate type or physical evidence exists
ast_790533b0da44,A112003001,"NH농협생명빌딩 서관(구, 임광빌딩 본관)","NH농협생명빌딩 서관(구, 임광빌딩 본관)",,,오피스,physical_asset,verified,Y,Y,keep_physical_name,real estate type or physical evidence exists
ast_2c3a67886c92,A112054003,롯데팩토리아울렛(인천),롯데팩토리아울렛(인천),,,리테일,physical_asset,verified,Y,Y,keep_physical_name,real estate type or physical evidence exists
ast_65a77996a9ee,A112223026,Courtyard by Marriott,Courtyard by Marriott,,,호텔,physical_asset,verified,Y,N,keep_physical_name,real estate type or physical evidence exists
ast_29346a8cb5b3,,나눔과사랑,나눔과사랑,,392호,특별자산,physical_asset,auto_created,Y,Y,keep_physical_name,real estate type or physical evidence exists
ast_6b4d336a4622,,건화솔라,건화솔라,,392호,특별자산,physical_asset,auto_created,Y,Y,keep_physical_name,real estate type or physical evidence exists
ast_7bb76c255a79,A112258001,신정동 근린생활시설,신정동 근린생활시설,,,리테일,physical_asset,verified,Y,Y,keep_physical_name,real estate type or physical evidence exists
ast_19c7f152ec57,,투태모에너지3호,투태모에너지3호,,392호,특별자산,physical_asset,auto_created,Y,Y,keep_physical_name,real estate type or physical evidence exists
ast_6d6a311a894b,,비취정보기술,비취정보기술,,392호,특별자산,physical_asset,auto_created,Y,Y,keep_physical_name,real estate type or physical evidence exists
ast_222f559296b4,,은하수솔라,은하수솔라,,392호,특별자산,physical_asset,auto_created,Y,Y,keep_physical_name,real estate type or physical evidence exists
ast_a84cff7133f8,,화성솔라,화성솔라,,392호,특별자산,physical_asset,auto_created,Y,Y,keep_physical_name,real estate type or physical evidence exists
ast_628e6a71f779,,누리,누리,,392호,특별자산,physical_asset,auto_created,Y,Y,keep_physical_name,real estate type or physical evidence exists
ast_763ddcf74f9c,,평화와번영,평화와번영,,392호,특별자산,physical_asset,auto_created,Y,Y,keep_physical_name,real estate type or physical evidence exists
ast_7bee65577fd7,,미래화희망,미래화희망,,392호,특별자산,physical_asset,auto_created,Y,Y,keep_physical_name,real estate type or physical evidence exists
ast_ccfeb37ef968,,디앤피입암리1호,디앤피입암리1호,,392호,특별자산,physical_asset,auto_created,Y,Y,keep_physical_name,real estate type or physical evidence exists
ast_e96ccf31559a,,한려,한려,,392호,특별자산,physical_asset,auto_created,Y,Y,keep_physical_name,real estate type or physical evidence exists
ast_75b0e5442e9f,,해담은삼척1호,해담은삼척1호,,392호,특별자산,physical_asset,auto_created,Y,Y,keep_physical_name,real estate type or physical evidence exists
ast_253ab07291de,,에이블로지스물류센터,에이블로지스물류센터,,404호,물류,physical_asset,auto_created,Y,Y,keep_physical_name,real estate type or physical evidence exists
ast_6447958fda73,A112517001,티맥스수내타워,티맥스수내타워,,,오피스,physical_asset,verified,Y,Y,keep_physical_name,real estate type or physical evidence exists
ast_d03e122e0d2d,,전환사채 | 공모주 | 비상장RCPS | 상장리츠 | AA+ 회사채,,"전환사채/공모주/RCPS/상장리츠 · 코스닥벤처1호, 멀티인컴1호, 멀티인컴1호(A) 외 36","코스닥벤처1호, 멀티인컴1호, 멀티인컴1호(A), 멀티인컴1호(C), 멀티인컴1호(C-i), 멀티인컴1호(C-g), 멀티인컴2호, 멀티인컴3호, 하이일드공모주1호, 하이일드공모주1호(A), 하이일드공모주1호(C), 하이일드공모주1호(C-i), 멀티인컴4호, 멀티드래곤1호, 인컴플러스2호, 인컴플러스3호, K본드알파2호, 하이일드2호, 하이일드2호(A), 하이일드2호(C1), 하이일드2호(C2), 셀렉K리츠목표달성형, 블루ON1호, 멀티드래곤2호, 코스닥벤처2호, 그린ON2호, 멀티드래곤4호, BDC1호, 멀티드래곤5호, 그린ON3호, 멀티플러스2호, 블랙ON1호, K-프런티어1호, 레포플러스1호, 코스닥벤처3호, 하이일드공모주3호, 그린ON4호, 멀티드래곤6호, 블루ON2호",지분증권,physical_asset,auto_created,Y,Y,suppress_non_physical_name,asset kind/type is non-physical financial/security exposure
ast_ba2f0f5d53f3,,홈플러스 인천인하점,홈플러스 인천인하점,,302호,리테일,physical_asset,auto_created,Y,Y,keep_physical_name,real estate type or physical evidence exists
ast_288a4f9c263b,,홈플러스 전주완산점,홈플러스 전주완산점,,302호,리테일,physical_asset,auto_created,Y,Y,keep_physical_name,real estate type or physical evidence exists
ast_d71e828b5656,,Pantheon Viking Co-Invest LP | NMP V | PGSF VII | PSD III,,펀드지분 · 세컨더리1호,세컨더리1호,,fund_interest,needs_review,N,N,suppress_non_physical_name,asset kind/type is non-physical financial/security exposure
ast_904ac8d066fb,,전환사채 | 공모주 | 비상장RCPS | 상장리츠 | AA+ 회사채,,"전환사채/공모주/RCPS/상장리츠 · 코스닥벤처1호, 멀티인컴1호, 멀티인컴1호(A) 외 35","코스닥벤처1호, 멀티인컴1호, 멀티인컴1호(A), 멀티인컴1호(C), 멀티인컴1호(C-i), 멀티인컴1호(C-g), 멀티인컴3호, 하이일드공모주1호, 하이일드공모주1호(A), 하이일드공모주1호(C), 하이일드공모주1호(C-i), 멀티인컴4호, 멀티드래곤1호, 인컴플러스2호, 인컴플러스3호, K본드알파2호, 하이일드2호, 하이일드2호(A), 하이일드2호(C1), 하이일드2호(C2), 셀렉K리츠목표달성형, 블루ON1호, 멀티드래곤2호, 코스닥벤처2호, 그린ON2호, 멀티드래곤4호, BDC1호, 멀티드래곤5호, 그린ON3호, 멀티플러스2호, 블랙ON1호, K-프런티어1호, 레포플러스1호, 코스닥벤처3호, 하이일드공모주3호, 그린ON4호, 멀티드래곤6호, 블루ON2호",,fund_interest,needs_review,N,N,suppress_non_physical_name,asset kind/type is non-physical financial/security exposure
ast_35fef6fb5746,,상장리츠 | 공모주 | AA+ 회사채,,공모주/상장리츠/회사채 · 멀티인컴1호,멀티인컴1호,,fund_interest,needs_review,N,N,suppress_non_physical_name,asset kind/type is non-physical financial/security exposure
ast_f6bf24a152c3,,Pantheon Viking Co-Invest LP | NMP V | PGSF VII | PSD III,,펀드지분 · 세컨더리1호,세컨더리1호,,fund_interest,needs_review,N,N,suppress_non_physical_name,asset kind/type is non-physical financial/security exposure
ast_b4128c33bb53,A112295001,New York 564 6th Avenue Mezzanine Loan,New York 564 6th Avenue Mezzanine Loan,,266호,,physical_asset,verified,Y,N,keep_physical_name,real estate type or physical evidence exists
ast_0bb41d4e593f,A112303001,GLP Japan Develoment Partners III,GLP Japan Develoment Partners III,,274호,물류센터,physical_asset,verified,N,N,keep_physical_name,real estate type or physical evidence exists
ast_66c280969512,,이지스151호(더샵 부평),,비실물자산 · R레지던스,R레지던스,,fund_interest,needs_review,N,N,suppress_non_physical_name,asset kind/type is non-physical financial/security exposure
ast_e055ba2f7430,,이지스200호(디어스 판교),,비실물자산 · R레지던스,R레지던스,,fund_interest,needs_review,N,N,suppress_non_physical_name,asset kind/type is non-physical financial/security exposure
ast_9f24f6c24f75,,"이지스411호(200호 재간접, 디어스 판교)",,비실물자산 · R레지던스,R레지던스,,fund_interest,needs_review,N,N,suppress_non_physical_name,asset kind/type is non-physical financial/security exposure
ast_4ed0982904a0,A112611002,구리 수택동 오피스텔 사업부지,구리 수택동 오피스텔 사업부지,,,주거,physical_asset,verified,Y,Y,keep_physical_name,real estate type or physical evidence exists
ast_08c6f4e86f22,A112646001,군산수상태양광 PF대출,군산수상태양광 PF대출,,솔라일반사모5호,,physical_asset,verified,Y,Y,keep_physical_name,real estate type or physical evidence exists
ast_2901ee96b420,A112296001,광교 아이파크 주상복합 내 판매시설 선순위 담보 대출채권,광교 아이파크 주상복합 내 판매시설 선순위 담보,,,리테일,physical_asset,verified,Y,Y,strip_instrument_terms,"physical evidence exists, but name contains loan/security terms"
ast_6bfb26e9f2e6,A112008002,홈플러스동수원점,홈플러스동수원점,,,리테일,physical_asset,verified,Y,Y,keep_physical_name,real estate type or physical evidence exists
ast_bb2cc0b2b2e3,A112033001,대구시티센터,대구시티센터,,,오피스복합,physical_asset,verified,Y,Y,keep_physical_name,real estate type or physical evidence exists
ast_ccd25e3078c5,A112527003,에이블로지스물류센터,에이블로지스물류센터,,,물류센터,physical_asset,verified,Y,Y,keep_physical_name,real estate type or physical evidence exists
ast_e658d751f1bd,A200030001,판교 테크원타워,판교 테크원타워,,,오피스,physical_asset,verified,Y,Y,keep_physical_name,real estate type or physical evidence exists
ast_0d034e04e91f,A112344002,홈플러스 대전문화점 (투자),홈플러스 대전문화점 (투자),,302호,,physical_asset,auto_created,Y,Y,keep_physical_name,real estate type or physical evidence exists
ast_8a013a44ba44,A112333001,Dallas Office One AT&T Plaza,Dallas Office One AT&T Plaza,,288호,오피스,physical_asset,verified,Y,N,keep_physical_name,real estate type or physical evidence exists
ast_d2b153d30e56,A112687001,㈜동방 보유 유엔씨티㈜ 대출채권 매입,㈜동방 보유 유엔씨티㈜ 대출채권 매입,,,,physical_asset,verified,Y,Y,keep_physical_name,real estate type or physical evidence exists
ast_541ce8b9c351,A112306001,부산 온천동 복합시설 신축사업,부산 온천동 복합시설 신축사업,,285호,,physical_asset,auto_created,Y,Y,keep_physical_name,real estate type or physical evidence exists
ast_612cef5b7905,A112018002,홈플러스진주점,홈플러스진주점,,,리테일,physical_asset,verified,Y,Y,keep_physical_name,real estate type or physical evidence exists
ast_a726e9da31e0,A112310001,제주올레리조트,제주올레리조트,,,호텔,physical_asset,verified,Y,Y,keep_physical_name,real estate type or physical evidence exists
ast_65fb39722de4,AP00031001,구리시 수택동 주거용 오피스텔,구리시 수택동 주거용 오피스텔,,,주거,physical_asset,verified,Y,Y,keep_physical_name,real estate type or physical evidence exists
ast_29998629e2b9,A112356001,Essen TA2 Mezzanine Loan,Essen TA2,,311호,오피스,physical_asset,verified,Y,N,strip_instrument_terms,"physical evidence exists, but name contains loan/security terms"
ast_82a02139e4fd,A112249001,동삭센토피아 지역주택조합 아파트,동삭센토피아 지역주택조합 아파트,,231호,주거,physical_asset,verified,Y,Y,keep_physical_name,real estate type or physical evidence exists
ast_e2910b24e5e7,A112456001,원효로3가 공공지원민간임대주택,원효로3가 공공지원민간임대주택,,"370호, 370호(A), 370호(C)",주거,physical_asset,verified,Y,Y,keep_physical_name,real estate type or physical evidence exists
ast_75abb17c6fb9,A112466018,지동쏠라에너지태양광발전,지동쏠라에너지태양광발전,,377호,,physical_asset,verified,Y,Y,keep_physical_name,real estate type or physical evidence exists
ast_df3703ad7418,A112466033,제이피에너지,제이피에너지,,377호,,physical_asset,verified,Y,Y,keep_physical_name,real estate type or physical evidence exists
ast_7b6e6d2a39c2,A112547001,완장리 물류센터,완장리 물류센터,,"403호, 403호(1종), 403호(2종), 403호(3종)",물류센터,physical_asset,verified,Y,Y,keep_physical_name,real estate type or physical evidence exists
ast_dd8a51e02785,A112584014,소망,소망,,435호,,physical_asset,verified,Y,Y,keep_physical_name,real estate type or physical evidence exists
ast_09cbe4380781,A112584046,솔라팩토리19호,솔라팩토리19호,,,,physical_asset,verified,Y,Y,keep_physical_name,real estate type or physical evidence exists
ast_97eee497ab45,A112114001,PFV_Lotus (지분증권),PFV_Lotus (지분증권),,120호,호텔복합,physical_asset,verified,Y,Y,review_financial_name_with_physical_evidence,"physical evidence exists, but name contains loan/security terms"
ast_791b962e0c10,A112217001,삼일빌딩,삼일빌딩,,,오피스,physical_asset,verified,Y,Y,keep_physical_name,real estate type or physical evidence exists
ast_b79d97794e21,A112024001,트윈트리타워,트윈트리타워,,"25호, 25호(2종)",오피스,physical_asset,verified,Y,Y,keep_physical_name,real estate type or physical evidence exists
ast_99bb7e6dd0fa,A112029001,노스게이트빌딩,노스게이트빌딩,,28호,오피스,physical_asset,verified,Y,Y,keep_physical_name,real estate type or physical evidence exists
ast_15f689589eb3,A112139001,시그니쳐타워,시그니쳐타워,,,오피스,physical_asset,verified,Y,Y,keep_physical_name,real estate type or physical evidence exists
ast_74207a7495b3,A112195001,페어필드 메리어트 서울 메자닌 대출,페어필드 메리어트 서울 메자닌 대출,,,호텔,physical_asset,verified,Y,Y,review_financial_name_with_physical_evidence,"physical evidence exists, but name contains loan/security terms"
ast_50f5141fc4b8,A112268001,트레블로지명동시티홀호텔,트레블로지명동시티홀호텔,,,호텔,physical_asset,verified,Y,Y,keep_physical_name,real estate type or physical evidence exists
ast_fe11209bb01f,A112351001,ISF모1-2호(타임워크명동),ISF모1-2호(타임워크명동),,,오피스복합,physical_asset,verified,Y,Y,keep_physical_name,real estate type or physical evidence exists
ast_fd6bb3b0a59c,A112053001,영등포역 오피스텔 개발사업,영등포역 오피스텔 개발사업,,,주거,physical_asset,verified,Y,Y,keep_physical_name,real estate type or physical evidence exists
ast_b67c10418036,A112052001,우덕빌딩,우덕빌딩,,,오피스,physical_asset,verified,Y,Y,keep_physical_name,real estate type or physical evidence exists
ast_562a1580ea14,A112504009,의령1호,의령1호,,392호,,physical_asset,verified,Y,Y,keep_physical_name,real estate type or physical evidence exists
ast_4b461cc661b2,A112002001,포도몰,포도몰,,,리테일,physical_asset,verified,Y,Y,keep_physical_name,real estate type or physical evidence exists
ast_526e7318eac3,A112013001,SKT구로사옥,SKT구로사옥,,,오피스,physical_asset,verified,Y,Y,keep_physical_name,real estate type or physical evidence exists
ast_764edeb2506b,A112055001,씨티플라자,씨티플라자,,,오피스,physical_asset,verified,Y,Y,keep_physical_name,real estate type or physical evidence exists
ast_4c0d7e5f8a03,A112270001,반포이수화학본사사옥,반포이수화학본사사옥,,,오피스,physical_asset,verified,Y,Y,keep_physical_name,real estate type or physical evidence exists
ast_09e5db3eee02,A112080001,업스퀘어,업스퀘어,,,오피스복합,physical_asset,verified,Y,Y,keep_physical_name,real estate type or physical evidence exists
ast_ba08839e7d49,A112109001,부산송정물류센터,부산송정물류센터,,,물류센터,physical_asset,verified,Y,Y,keep_physical_name,real estate type or physical evidence exists
ast_82588f68640c,A112153001,가로골목,가로골목,,,리테일,physical_asset,verified,Y,Y,keep_physical_name,real estate type or physical evidence exists
ast_82cde1ed5a30,A112298001,잠실새내 오피스텔 신축사업,잠실새내 오피스텔 신축사업,,,주거,physical_asset,verified,Y,Y,keep_physical_name,real estate type or physical evidence exists
ast_c9cb9c4a7013,A112344003,홈플러스 전주완산점,홈플러스 전주완산점,,,리테일,physical_asset,verified,Y,Y,keep_physical_name,real estate type or physical evidence exists
ast_c7f4cc2c568d,A112387001,충북 청주시 서원구 잠두봉근린공원 공동주택 개발사업 PF 대출채권,충북 청주시 서원구 잠두봉근린공원 공동주택 개발사업 PF,,,주거,physical_asset,verified,Y,Y,strip_instrument_terms,"physical evidence exists, but name contains loan/security terms"
ast_7530c5363c92,A112527001,동산물류센터,동산물류센터,,,물류센터,physical_asset,verified,Y,Y,keep_physical_name,real estate type or physical evidence exists
ast_58653579359f,A120085001,경산 쿠팡물류센터,경산 쿠팡물류센터,,,물류센터,physical_asset,verified,Y,Y,keep_physical_name,real estate type or physical evidence exists
ast_c0ac2f0648ba,A112047001,남악신도시 복합쇼핑몰,남악신도시 복합쇼핑몰,,,오피스복합,physical_asset,verified,Y,Y,keep_physical_name,real estate type or physical evidence exists
ast_d024a0fadf65,A112708001,캐나다 물류중개업체 인수 관련 국내 SPC 대출채권,캐나다 물류중개업체 인수 관련 국내 SPC 대출채권,,,,physical_asset,verified,Y,Y,keep_physical_name,real estate type or physical evidence exists
ast_024953888c95,A200030001,판교 테크원타워,판교 테크원타워,,,오피스,physical_asset,verified,Y,Y,keep_physical_name,real estate type or physical evidence exists
ast_726cfaffb03f,A120018001,신영문봉PFV의 대출채권 및 지분증권,신영문봉PFV의,,랜드플랫폼1-2호,데이터센터,physical_asset,verified,Y,Y,strip_instrument_terms,"physical evidence exists, but name contains loan/security terms"
ast_6b047e815c5e,A112309001,해운대구 재송동 한진 CY부지 공동주택 등 개발사업 선순위 BrLoan 담보대출,해운대구 재송동 한진 CY부지 공동주택 등 개발사업 선순위 BrLoan,,293호,주거,physical_asset,verified,Y,Y,strip_instrument_terms,"physical evidence exists, but name contains loan/security terms"
ast_64855a473d9f,A112445001,맹그로브 신촌,맹그로브 신촌,,"리빙플랫폼 1호, 리빙개발1-1호",오피스복합,physical_asset,verified,Y,Y,keep_physical_name,real estate type or physical evidence exists
ast_782f84536edf,A112466023,에이스쏠라,에이스쏠라,,377호,,physical_asset,verified,Y,Y,keep_physical_name,real estate type or physical evidence exists
ast_3165eca06342,A112504026,해담은삼척1호,해담은삼척1호,,392호,,physical_asset,verified,Y,Y,keep_physical_name,real estate type or physical evidence exists
ast_119638464007,A112584003,진이엔지,진이엔지,,435호,,physical_asset,verified,Y,Y,keep_physical_name,real estate type or physical evidence exists
ast_5ffda8a73763,A112584007,지우태양광,지우태양광,,435호,,physical_asset,verified,Y,Y,keep_physical_name,real estate type or physical evidence exists
ast_f11894da692a,A112052001,우덕빌딩,우덕빌딩,,,오피스,physical_asset,verified,Y,Y,keep_physical_name,real estate type or physical evidence exists
ast_25028177c0ce,A112154002,화양동 도시형생활주택,화양동 도시형생활주택,,,주거,physical_asset,verified,Y,Y,keep_physical_name,real estate type or physical evidence exists
ast_7cfadd3adb65,A112350001,타임워크명동,타임워크명동,,"스트래티직 1호, 스트래티직1-2호, 스트래티직1-2-3호",오피스복합,physical_asset,verified,Y,Y,keep_physical_name,real estate type or physical evidence exists
ast_4e9c841b327e,A112185001,와이플러스빌딩,와이플러스빌딩,,,리테일,physical_asset,verified,Y,Y,keep_physical_name,real estate type or physical evidence exists
ast_3394bcf0a0cd,A112252002,"부산시 사상구 괘법동 오피스텔, 도시형생활주택 및 근린생활시설 신축사업","부산시 사상구 괘법동 오피스텔, 도시형생활주택 및 근린생활시설 신축사업",,,오피스복합,physical_asset,verified,Y,Y,keep_physical_name,real estate type or physical evidence exists
ast_7b6a0d5ee212,A112001002,2001아울렛(안양),2001아울렛(안양),,,리테일,physical_asset,verified,Y,Y,keep_physical_name,real estate type or physical evidence exists
ast_7b6983c76267,A112226001,켄싱턴 제주호텔 부동산담보신탁 1종 수익권,켄싱턴 제주호텔 부동산담보신탁 1종 수익권,,,호텔,physical_asset,verified,Y,Y,keep_physical_name,real estate type or physical evidence exists
ast_fdb1842a936b,A112056001,롯데마트(포항),롯데마트(포항),,,리테일,physical_asset,verified,Y,Y,keep_physical_name,real estate type or physical evidence exists
ast_e58f637f20d9,A112086001,신도림핀포인트,신도림핀포인트,,,오피스,physical_asset,verified,Y,Y,keep_physical_name,real estate type or physical evidence exists
ast_8cec1143f42b,A120106001,이지스 130호(모) 제1-1종 수익증권,이지스 130호(모) 제1-1종 수익증권,,,,physical_asset,verified,Y,Y,keep_physical_name,real estate type or physical evidence exists
ast_fcf7c1ac3c6e,A112584035,알이엔네트웍스,알이엔네트웍스,,435호,,physical_asset,verified,Y,Y,keep_physical_name,real estate type or physical evidence exists
ast_8964bf5b27c4,A112081001,NC백화점(야탑),NC백화점(야탑),,,리테일,physical_asset,verified,Y,Y,keep_physical_name,real estate type or physical evidence exists
ast_13b334c7bf6b,A190001001,은평 시니어리빙 복합시설 개발,은평 시니어리빙 복합시설 개발,,"517-1호, 517호",오피스복합,physical_asset,verified,Y,Y,keep_physical_name,real estate type or physical evidence exists
ast_9b0de0a4a118,AP00026001,성수동2가오피스,성수동2가오피스,,"P성수티에스, P성수티에스2차",오피스,physical_asset,verified,Y,Y,keep_physical_name,real estate type or physical evidence exists
ast_c4b09711952f,A112496004,Lakeville Amazon Warehouse,Lakeville Amazon Warehouse,,"380-1호, 380-2호",물류센터,physical_asset,verified,N,N,keep_physical_name,real estate type or physical evidence exists
ast_b7500e646006,A112496005,Kansas city Amazon Warehouse,Kansas city Amazon Warehouse,,"380-1호, 380-2호",물류센터,physical_asset,verified,N,N,keep_physical_name,real estate type or physical evidence exists
ast_5fedae1c0415,A112373001,송도 센토피아더샵 공동주택 및 근린생활시설 개발사업 PF Refinancing 대출채권,송도 센토피아더샵 공동주택 및 근린생활시설 개발사업 PF Refinancing,,,주거,physical_asset,verified,Y,Y,strip_instrument_terms,"physical evidence exists, but name contains loan/security terms"
ast_bb50a5baa03a,A112500002,평택아디다스물류센터,평택아디다스물류센터,,,물류센터,physical_asset,verified,Y,Y,keep_physical_name,real estate type or physical evidence exists
ast_859c72f41f43,A112501001,Clarion Lion Properties Fund,,펀드지분 · 376호,376호,오피스복합,physical_asset,verified,N,N,suppress_fund_like_name,fund-like/security-like name has no physical address or PNU evidence
ast_79c9f274cd28,A112500003,안성 홈플러스 중부허브 물류센터,안성 홈플러스 중부허브 물류센터,,,물류센터,physical_asset,verified,Y,Y,keep_physical_name,real estate type or physical evidence exists
ast_5827261360b4,A112499001,선릉위워크타워,선릉위워크타워,,"인컴앤그로스2-1호, 인컴앤그로스 2호",오피스,physical_asset,verified,Y,Y,keep_physical_name,real estate type or physical evidence exists
ast_0eebe3722ecd,A112012001,동일타워 (투자),동일타워 (투자),,16호,오피스,physical_asset,auto_created,Y,Y,keep_physical_name,real estate type or physical evidence exists
ast_282ed30bb789,A112018002,홈플러스진주점 (투자),홈플러스진주점 (투자),,19호,리테일,physical_asset,auto_created,Y,Y,keep_physical_name,real estate type or physical evidence exists
ast_aaf7f9cbe8b3,A112148001,판교 알파돔시티 비즈니스호텔,판교 알파돔시티 비즈니스호텔,,,호텔,physical_asset,verified,Y,Y,keep_physical_name,real estate type or physical evidence exists
ast_05637427d30e,A112245001,도지물류센터,도지물류센터,,,물류센터,physical_asset,verified,Y,Y,keep_physical_name,real estate type or physical evidence exists
ast_b6574cf0dc13,A112252002,"부산시 사상구 괘법동 오피스텔, 도시형생활주택 및 근린생활시설 신축사업","부산시 사상구 괘법동 오피스텔, 도시형생활주택 및 근린생활시설 신축사업",,239호,,physical_asset,auto_created,Y,Y,keep_physical_name,real estate type or physical evidence exists
ast_55e5920ab1cd,A112666002,당산 지식산업센터 개발사업 PF대출,당산 지식산업센터 개발사업 PF대출,,부동산론 1호,,physical_asset,verified,Y,Y,keep_physical_name,real estate type or physical evidence exists
ast_03afde6453fc,A112025002,탑빌딩,탑빌딩,,"22호, 비즈성장1-3호",오피스,physical_asset,auto_created,Y,Y,keep_physical_name,real estate type or physical evidence exists
ast_e28d1ea3fa3e,AR00006001,분당Hostway IDC,분당Hostway IDC,,,,physical_asset,verified,Y,Y,keep_physical_name,real estate type or physical evidence exists
ast_d4da0b74e017,AP00035001,해운대중동공동주택,해운대중동공동주택,,P해운대센트럴,주거,physical_asset,verified,Y,Y,keep_physical_name,real estate type or physical evidence exists
ast_a8d37cc1f751,A112680001,펨코제17호기업구조조정부동산투자회사의 주식,펨코제17호기업구조조정부동산투자회사의 주식,,,오피스복합,physical_asset,verified,Y,Y,review_financial_name_with_physical_evidence,"physical evidence exists, but name contains loan/security terms"
ast_90c2fcf7c1e0,A120101001,용산전자상가 특별계획구역8 B/L (이지스용산PF재구조화1호 2종 수익증권),용산전자상가 특별계획구역8 B/L (이지스용산PF재구조화1호 2종 수익증권),,,,physical_asset,verified,Y,Y,keep_physical_name,real estate type or physical evidence exists
ast_03f61e21a973,A112606001,여주 본두리 물류센터,여주 본두리 물류센터,,,물류센터,physical_asset,verified,Y,Y,keep_physical_name,real estate type or physical evidence exists
ast_a5a50c01a582,A112149001,부평 더샵센트럴시티 공공지원민간임대주택,부평 더샵센트럴시티 공공지원민간임대주택,,,주거,physical_asset,verified,Y,Y,keep_physical_name,real estate type or physical evidence exists
ast_35c0d3505765,A112527001,동산물류센터,동산물류센터,,,물류센터,physical_asset,verified,Y,Y,keep_physical_name,real estate type or physical evidence exists
ast_ca7e42523746,A112504008,시온솔라,시온솔라,,392호,,physical_asset,verified,Y,N,keep_physical_name,real estate type or physical evidence exists
ast_162787785646,A112521001,Brookfield Super-Core Infrastructure Partners,Brookfield Super-Core Infrastructure Partners,,,,physical_asset,verified,N,N,review_unknown_name,insufficient evidence for automatic physical name decision
ast_578a66328a1e,A112535001,판교아이스퀘어E동,판교아이스퀘어E동,,"407호, 408호, 408호(A종), 408호(B종)",오피스복합,physical_asset,auto_created,Y,Y,keep_physical_name,real estate type or physical evidence exists
ast_4ffe4ac306f2,A112710003,이지스 멀티인컴 일반사모투자신탁 제1호(운용),이지스 멀티인컴 일반사모투자신탁 제1호(운용),,멀티인컴1호,,physical_asset,auto_created,N,N,review_unknown_name,insufficient evidence for automatic physical name decision
ast_7773542720e0,A112003002,"NH농협생명빌딩 동관(구, 임광빌딩 신관)","NH농협생명빌딩 동관(구, 임광빌딩 신관)",,,오피스,physical_asset,verified,Y,Y,keep_physical_name,real estate type or physical evidence exists
ast_586b7ab8eae7,A112666001,웨스트게이트타워 선순위 담보대출,웨스트게이트타워 선순위,,부동산론 1호,오피스,physical_asset,verified,Y,Y,strip_instrument_terms,"physical evidence exists, but name contains loan/security terms"
ast_f78917a3690c,A11273901,Apollo European Principal Finance Fund IV,,펀드지분 · 487호,487호,오피스복합,physical_asset,auto_created,N,N,suppress_fund_like_name,fund-like/security-like name has no physical address or PNU evidence
ast_c4abd15d239e,A120101001,용산전자상가 특별계획구역8 B/L (이지스용산PF재구조화1호 2종 수익증권),용산전자상가 특별계획구역8 B/L (이지스용산PF재구조화1호 2종 수익증권),,,,physical_asset,verified,Y,Y,keep_physical_name,real estate type or physical evidence exists
ast_a0c153e36050,A112025001,서영빌딩,서영빌딩,,,오피스,physical_asset,verified,Y,Y,keep_physical_name,real estate type or physical evidence exists
ast_c930b43436c8,A112213001,인천 가좌동 오피스텔 선순위 PF대출채권,인천 가좌동 오피스텔 선순위 PF대출채권,,,주거,physical_asset,verified,Y,Y,review_financial_name_with_physical_evidence,"physical evidence exists, but name contains loan/security terms"
ast_afdaf8446aaa,A112294001,수원 이비스 앰배서더 수원 호텔 후순위 담보대출,수원 이비스 앰배서더 수원 호텔 후순위,,,호텔,physical_asset,verified,Y,Y,strip_instrument_terms,"physical evidence exists, but name contains loan/security terms"
ast_740742dbd00f,A112414001,일산CLC,일산CLC,,,리테일,physical_asset,verified,Y,Y,keep_physical_name,real estate type or physical evidence exists
ast_e1569e444936,A112703001,안성홈플러스물류센터,안성홈플러스물류센터,,,물류센터,physical_asset,verified,Y,Y,keep_physical_name,real estate type or physical evidence exists
ast_bc6a604e91d6,A112085001,평촌G스퀘어,평촌G스퀘어,,,오피스복합,physical_asset,verified,Y,Y,keep_physical_name,real estate type or physical evidence exists
ast_43a233492c49,AP00011001,신라모노그램 강릉 복합숙박시설,신라모노그램 강릉 복합숙박시설,,,호텔,physical_asset,verified,Y,Y,keep_physical_name,real estate type or physical evidence exists
ast_e6354f73d483,A112523001,LA Wilshire Grand Center Senior Loan,LA Wilshire Grand Center,,,오피스복합,physical_asset,verified,Y,N,strip_instrument_terms,"physical evidence exists, but name contains loan/security terms"
ast_4ae20e9370ca,A11280301,ARDIAN Infrastructure Fund VI,,펀드지분 · 494호,494호,오피스복합,physical_asset,auto_created,N,N,suppress_fund_like_name,fund-like/security-like name has no physical address or PNU evidence
ast_84491d5860d7,A112442001,하남데이터센터,하남데이터센터,,"354호, 354호(1종), 354호(2종), KDCIP 1호, KDCIP1(보통주), KDCIP1(1종), KDCIP1(2종), 354호(A종), 354호(B종)",,physical_asset,auto_created,Y,Y,keep_physical_name,real estate type or physical evidence exists
ast_02e499cf476b,A120059001,서울 서초구 반포동 64-1번지 일원 개발사업장 브릿지대출,서울 서초구 반포동 64-1번지 일원 개발사업장 브릿지대출,,"반포1호, 반포1-1호",주거,physical_asset,verified,Y,Y,keep_physical_name,real estate type or physical evidence exists
ast_0f622a720449,A11279001,"Partners Group Tactical Real Estate Fund, L.P.",,펀드지분 · 503호,503호,,physical_asset,auto_created,N,N,suppress_fund_like_name,fund-like/security-like name has no physical address or PNU evidence
ast_3f19dc443d1d,A11279501,"StepStone Secondary Opportunities Fund V Offshore, L.P.",,"펀드지분 · 491호, 506호, 514호","491호, 506호, 514호",,physical_asset,auto_created,N,N,suppress_fund_like_name,fund-like/security-like name has no physical address or PNU evidence
ast_ed3ecf35259b,A120049001,수서 역세권B1-3BL B/L(이지스수서PF재구조화 2종 수익증권),수서 역세권B1-3BL B/L(이지스수서PF재구조화 2종 수익증권),,,주거,physical_asset,verified,Y,Y,review_financial_name_with_physical_evidence,"physical evidence exists, but name contains loan/security terms"
ast_77c2451f5139,A112249001,동삭센토피아 지역주택조합 아파트,동삭센토피아 지역주택조합 아파트,,,주거,physical_asset,verified,Y,Y,keep_physical_name,real estate type or physical evidence exists
ast_4f18f7d89d7d,AP00015001,청라동 오피스텔 분양사업,청라동 오피스텔 분양사업,,P청라아트,주거,physical_asset,verified,Y,Y,keep_physical_name,real estate type or physical evidence exists
ast_b37459d7bd24,A112279001,클럽디 속리산,클럽디 속리산,,,특별자산,physical_asset,verified,Y,Y,keep_physical_name,real estate type or physical evidence exists
ast_6c15b114075c,A12000801,용산더프라임,용산더프라임,,"518호, 518호(1종), 518호(2종)",오피스,physical_asset,auto_created,Y,Y,keep_physical_name,real estate type or physical evidence exists
ast_b939ab49c418,A112556002,네오밸류한남PFV의 전환사채,네오밸류한남PFV의 전환사채,,,오피스복합,physical_asset,verified,Y,Y,review_financial_name_with_physical_evidence,"physical evidence exists, but name contains loan/security terms"
ast_7dbf61112b72,A112690001,서울시티타워,서울시티타워,,,오피스,physical_asset,verified,Y,Y,keep_physical_name,real estate type or physical evidence exists
ast_b0956b6f4029,A12004401,이지스산업단지환경개선일반사모부동산투자신탁제1호,이지스산업단지환경개선일반사모부동산투자신탁제1호,,산단1호,,physical_asset,auto_created,N,N,review_unknown_name,insufficient evidence for automatic physical name decision
ast_6ce950493e21,A112592001,롯데마트대덕점,롯데마트대덕점,,,리테일,physical_asset,verified,Y,Y,keep_physical_name,real estate type or physical evidence exists
ast_97346b281c40,A112054002,롯데마트(제주),롯데마트(제주),,,리테일,physical_asset,verified,Y,Y,keep_physical_name,real estate type or physical evidence exists
ast_1c2b0c57e8b7,A112033001,대구시티센터 (투자),대구시티센터 (투자),,32호,오피스복합,physical_asset,auto_created,Y,Y,keep_physical_name,real estate type or physical evidence exists
ast_cd234848887e,A120062,위례Senior Living 개발사업,위례Senior Living 개발사업,,"562호, 562의1호, 562의1호(1종), 562의1호(2종), 562의1호(3종), 562의1호(4종), 562의1호(5종), 562의1호(6종)",오피스복합,physical_asset,auto_created,Y,Y,keep_physical_name,real estate type or physical evidence exists
ast_fe67309c28e2,A112584001,다산1,다산1,,435호,,physical_asset,verified,Y,Y,keep_physical_name,real estate type or physical evidence exists
ast_b04e9cb1a044,AP00006001,세운5구역 개발사업,세운5구역 개발사업,,P세운5구역,오피스,physical_asset,verified,Y,Y,keep_physical_name,real estate type or physical evidence exists
ast_99b034f39db3,AP00013001,안성 당목리 995번지 외 44개필지 물류센터 개발사업,안성 당목리 995번지 외 44개필지 물류센터 개발사업,,,물류센터,physical_asset,verified,Y,Y,keep_physical_name,real estate type or physical evidence exists
ast_a8ad83130e72,A112344002,홈플러스 대전문화점,홈플러스 대전문화점,,,리테일,physical_asset,verified,Y,Y,keep_physical_name,real estate type or physical evidence exists
ast_3a33a41d444e,A112387001,충북 청주시 서원구 잠두봉근린공원 공동주택 개발사업 PF,충북 청주시 서원구 잠두봉근린공원 공동주택 개발사업 PF,,326호,,physical_asset,auto_created,Y,Y,keep_physical_name,real estate type or physical evidence exists
ast_8a93d35b0890,AP00011001,디오션259피에프브이 주식회사,디오션259피에프브이 주식회사,,P디오션259,,physical_asset,auto_created,Y,Y,keep_physical_name,real estate type or physical evidence exists
ast_55fcaa57d7ab,AR00009001,이천YM물류센터,이천YM물류센터,,,,physical_asset,verified,Y,Y,keep_physical_name,real estate type or physical evidence exists
ast_d4faf53bb85a,A112500002,평택아디다스물류센터,평택아디다스물류센터,,,물류센터,physical_asset,verified,Y,Y,keep_physical_name,real estate type or physical evidence exists
ast_b4ff0851baae,A120102,이지스국내PF재구조화일반사모부동산모투자신탁제1-3호,이지스국내PF재구조화일반사모부동산모투자신탁제1-3호,,국내PF재구조화1-3호(모),,physical_asset,auto_created,N,N,review_unknown_name,insufficient evidence for automatic physical name decision
ast_34e35d0dff33,A19000201,분당야탑물류센터,분당야탑물류센터,,"543호, 543호(1종), 543호(보통주)",물류센터,physical_asset,auto_created,Y,Y,keep_physical_name,real estate type or physical evidence exists
ast_15237c00f653,A112490001,롯데백화점분당점,롯데백화점분당점,,,오피스복합,physical_asset,verified,Y,Y,keep_physical_name,real estate type or physical evidence exists
ast_5e6893cec720,A20000101,Hines European Property Partners,Hines European Property Partners,,"521-1호, 521-2호",,physical_asset,auto_created,N,N,review_unknown_name,insufficient evidence for automatic physical name decision
ast_9e287de54a5c,A20000401,Pantheon PGSF VII,Pantheon PGSF VII,,"504호, 504-1호",오피스복합,physical_asset,auto_created,N,N,keep_physical_name,real estate type or physical evidence exists
ast_1c98656c9aa6,A20000601,Pantheon Viking Co-Invest LP,,"펀드지분 · 세컨더리1호, 세컨더리2호","세컨더리1호, 세컨더리2호",오피스복합,physical_asset,auto_created,N,N,suppress_fund_like_name,fund-like/security-like name has no physical address or PNU evidence
ast_917d85fb6b02,A20000602,NMP V,NMP V,,"세컨더리1호, 세컨더리2호",오피스복합,physical_asset,auto_created,N,N,keep_physical_name,real estate type or physical evidence exists
ast_dc11f9b4f515,A20000603,이지스글로벌세컨더리일반사모혼합자산투자신탁제1호,이지스글로벌세컨더리일반사모혼합자산투자신탁제1호,,세컨더리1호,오피스복합,physical_asset,auto_created,N,N,keep_physical_name,real estate type or physical evidence exists
ast_02f2fb35a743,A20000604,이지스글로벌세컨더리일반사모혼합자산투자신탁제1호,이지스글로벌세컨더리일반사모혼합자산투자신탁제1호,,세컨더리1호,오피스복합,physical_asset,auto_created,N,N,keep_physical_name,real estate type or physical evidence exists
ast_beb45fea6c85,A20000801,Toronto The One Super-senior Loan (Receivership Funding),Toronto The One Super-senior Loan (Receivership Funding),,530호,,physical_asset,auto_created,Y,N,keep_physical_name,real estate type or physical evidence exists
ast_468704b8269a,A20000901,Bridge Debt Strategies V Green Bridge LP,,펀드지분 · 529호,529호,오피스복합,physical_asset,auto_created,N,N,suppress_fund_like_name,fund-like/security-like name has no physical address or PNU evidence
ast_dd63895bac49,A20001101,Starwood European Real Estate Debt Finance II (SEREDF II,Starwood European Real Estate Debt Finance II (SEREDF II,,532호,오피스복합,physical_asset,auto_created,N,N,keep_physical_name,real estate type or physical evidence exists
ast_3e6ab9503501,A112524001,두산빌딩,두산빌딩,,,오피스,physical_asset,verified,Y,Y,keep_physical_name,real estate type or physical evidence exists
ast_1daf77258172,AP00017001,천안성성7지구공동주택,천안성성7지구공동주택,,,주거,physical_asset,verified,Y,Y,keep_physical_name,real estate type or physical evidence exists
ast_2e5bd324e0df,AP00018001,마곡CP4 복합시설 개발,마곡CP4 복합시설 개발,,,오피스복합,physical_asset,verified,Y,Y,keep_physical_name,real estate type or physical evidence exists
ast_a9ed8293cd98,A112703001,안성홈플러스물류센터,안성홈플러스물류센터,,,물류센터,physical_asset,verified,Y,Y,keep_physical_name,real estate type or physical evidence exists
ast_51d42aef8752,A112602001,아이에이제십삼차유동화전문 유한회사,아이에이제십삼차유동화전문 유한회사,,NPL3호,특별자산,physical_asset,verified,N,N,keep_physical_name,real estate type or physical evidence exists
ast_ca6affbba270,A112653001,디에스PFV 2종 종류주 및 주주대여,디에스PFV 2종 종류주 및 주주대여,,"460호, 460호(1종), 460호(2종)",주거복합,physical_asset,verified,N,N,keep_physical_name,real estate type or physical evidence exists
ast_92af696ba01e,A112657001,Chicago Student Housing Illini Tower,Chicago Student Housing Illini Tower,,"458호, R글로벌레지던스",,physical_asset,verified,Y,N,keep_physical_name,real estate type or physical evidence exists
ast_2e084a75011d,A112662001,TPG Real Estate Partners IV,TPG Real Estate Partners IV,,457호,오피스복합,physical_asset,verified,N,N,keep_physical_name,real estate type or physical evidence exists
ast_f58dae267b1b,A112656001,을지로부림빌딩,을지로부림빌딩,,이익참여형메자닌 1-4호,오피스,physical_asset,verified,Y,Y,keep_physical_name,real estate type or physical evidence exists
ast_498605d11e47,R00016001,"용답동 231, 231-1 공동주택 및 근린생활시설","용답동 231, 231-1 공동주택 및 근린생활시설",,R하이서울147,오피스,physical_asset,auto_created,Y,Y,keep_physical_name,real estate type or physical evidence exists
ast_cd00a5beb0b3,AP00030001,밀레니엄힐튼호텔,밀레니엄힐튼호텔,,,오피스복합,physical_asset,verified,Y,Y,keep_physical_name,real estate type or physical evidence exists
ast_65e587cdb88a,,이지스333호(디어스 명동),이지스333호(디어스 명동),,"333호, R레지던스",호텔,physical_asset,auto_created,Y,Y,keep_physical_name,real estate type or physical evidence exists
ast_97000349e062,A112004001,원주AK,원주AK,,,리테일,physical_asset,verified,Y,Y,keep_physical_name,real estate type or physical evidence exists
ast_863c34bc88b1,A112005001,더피나클강남,더피나클강남,,,오피스,physical_asset,verified,Y,Y,keep_physical_name,real estate type or physical evidence exists
ast_b2fa1e20d812,P00039001,용산전자상가 특별계획구역8 개발사업,용산전자상가 특별계획구역8 개발사업,,P용산라이프,,physical_asset,auto_created,Y,Y,keep_physical_name,real estate type or physical evidence exists
ast_859f99e97066,A112007001,롯데마트(나주),롯데마트(나주),,,리테일,physical_asset,verified,Y,Y,keep_physical_name,real estate type or physical evidence exists
ast_fe9e7fc006fb,A112006001,눈스퀘어,눈스퀘어,,7호,리테일,physical_asset,verified,Y,Y,keep_physical_name,real estate type or physical evidence exists
ast_6b3f8d30ec34,AR00008004,"이지스411호(200호 재간접, 디어스 판교)","이지스411호(200호 재간접, 디어스 판교)",,,,physical_asset,verified,Y,Y,keep_physical_name,real estate type or physical evidence exists
ast_a39455191564,A112025003,트리스빌딩 (투자),트리스빌딩 (투자),,22호,,physical_asset,auto_created,Y,Y,keep_physical_name,real estate type or physical evidence exists
ast_122d47e0ef63,A112008001,홈플러스금천점,홈플러스금천점,,"13호, 13호(2종)",리테일,physical_asset,verified,Y,Y,keep_physical_name,real estate type or physical evidence exists
ast_f40e9a6c4433,A112115001,PFV_Lotus (사채),PFV_Lotus (사채),,121호,호텔복합,physical_asset,verified,Y,Y,keep_physical_name,real estate type or physical evidence exists
ast_53a61027bef6,A112100001,스타필드(고양) (투자),스타필드(고양) (투자),,87호,리테일,physical_asset,auto_created,Y,Y,keep_physical_name,real estate type or physical evidence exists
ast_eedc59c97695,A112229001,서울시 영등포 1-3 재정비촉진지구 도시환경정비사업,서울시 영등포 1-3 재정비촉진지구 도시환경정비사업,,,주거,physical_asset,verified,Y,Y,keep_physical_name,real estate type or physical evidence exists
ast_1063cfdde684,A112586001,후너스빌딩 (투자),후너스빌딩 (투자),,비즈성장1-2호,오피스,physical_asset,auto_created,Y,Y,keep_physical_name,real estate type or physical evidence exists
ast_b3db1f189553,A112209001,센터필드,센터필드,,"210호, 210호(1종), 210호(2종), 210호(보통)",오피스복합,physical_asset,verified,Y,Y,keep_physical_name,real estate type or physical evidence exists
ast_e0b140083119,,새금풍력태양광발전소,새금풍력태양광발전소,,392호,특별자산,physical_asset,auto_created,Y,Y,keep_physical_name,real estate type or physical evidence exists
ast_4635019d1baf,A200044001,괌 소재 종합병원(GRMC)에 대한 선순위 대출,괌 소재 종합병원(GRMC)에 대한 선순위 대출,,,,physical_asset,verified,Y,N,keep_physical_name,real estate type or physical evidence exists
ast_3f3767149c5b,A112606001,여주 본두리 물류센터 (투자),여주 본두리 물류센터 (투자),,440호,물류센터,physical_asset,auto_created,Y,Y,keep_physical_name,real estate type or physical evidence exists
ast_3c6660ce41f1,A112008003,홈플러스센텀시티점,홈플러스센텀시티점,,,리테일,physical_asset,verified,Y,Y,keep_physical_name,real estate type or physical evidence exists
ast_b257dd733dea,A112081002,뉴코아아울렛(평촌),뉴코아아울렛(평촌),,,리테일,physical_asset,verified,Y,Y,keep_physical_name,real estate type or physical evidence exists
ast_9b4469f9065d,A112184001,남동테크노타워 지식산업센터 개발사업 PF대출,남동테크노타워 지식산업센터 개발사업 PF대출,,,오피스,physical_asset,verified,Y,Y,keep_physical_name,real estate type or physical evidence exists
ast_e2fd03212beb,A112047001,남악신도시 복합쇼핑몰 (투자),남악신도시 복합쇼핑몰 (투자),,48호,,physical_asset,auto_created,Y,Y,keep_physical_name,real estate type or physical evidence exists
ast_8e254bfe7df1,A112010001,런던원우드스트리트 Prime오피스,런던원우드스트리트 Prime오피스,,"11-1호, 11-2호",오피스,physical_asset,verified,Y,N,keep_physical_name,real estate type or physical evidence exists
ast_a87124d2b233,A112015001,남산그린빌딩,남산그린빌딩,,"18-1호, 510호",오피스,physical_asset,verified,Y,Y,keep_physical_name,real estate type or physical evidence exists
ast_f5fc5bbdb980,A112019001,London Office Ropemaker Place,London Office Ropemaker Place,,"17-1호, 17-2호, 17-3호, 17-4호",오피스,physical_asset,verified,Y,N,keep_physical_name,real estate type or physical evidence exists
ast_03c3c2e1b0b2,A112011001,신라스테이울산,신라스테이울산,,,호텔,physical_asset,verified,Y,Y,keep_physical_name,real estate type or physical evidence exists
ast_d36a3b06c819,A112018001,홈플러스삼천포점,홈플러스삼천포점,,,리테일,physical_asset,verified,Y,Y,keep_physical_name,real estate type or physical evidence exists
ast_3610ec7fb906,A112018003,홈플러스죽도점,홈플러스죽도점,,,리테일,physical_asset,verified,Y,Y,keep_physical_name,real estate type or physical evidence exists
ast_115f3c3277d4,A112025001,서영빌딩,서영빌딩,,,오피스,physical_asset,verified,Y,Y,keep_physical_name,real estate type or physical evidence exists
ast_7418f76af537,A112025002,탑빌딩,탑빌딩,,,오피스,physical_asset,verified,Y,Y,keep_physical_name,real estate type or physical evidence exists
ast_a69271e859b5,A112026001,PartnersGroup Real Estate Secondary 2013,PartnersGroup Real Estate Secondary 2013,,"20-1호, 20-2호, 20-3호",오피스복합,physical_asset,verified,N,N,keep_physical_name,real estate type or physical evidence exists
ast_07e0f0bb366d,A112025003,트리스빌딩,트리스빌딩,,,오피스,physical_asset,verified,Y,Y,keep_physical_name,real estate type or physical evidence exists
ast_2d6772e4d2c7,A112034001,신라스테이제주,신라스테이제주,,,호텔,physical_asset,verified,Y,Y,keep_physical_name,real estate type or physical evidence exists
ast_55647389ae80,A112008004,홈플러스영등포점,홈플러스영등포점,,"13호, 13호(2종)",리테일,physical_asset,verified,Y,Y,keep_physical_name,real estate type or physical evidence exists
ast_21ccb7c9f7bd,A112017001,G밸리비즈플라자,G밸리비즈플라자,,10호,오피스복합,physical_asset,verified,Y,Y,keep_physical_name,real estate type or physical evidence exists
ast_bc4589571b0d,A112035001,Sanofi 본사(파리),Sanofi 본사(파리),,37-1호,오피스,physical_asset,verified,Y,N,keep_physical_name,real estate type or physical evidence exists
ast_40cc5cccfb6c,A112035002,Bell 본사(몬트리올),Bell 본사(몬트리올),,37-1호,오피스,physical_asset,verified,Y,N,keep_physical_name,real estate type or physical evidence exists
ast_1b09ced3f5a7,A112025004,호수빌딩,호수빌딩,,"22호, 기회추구 2호, 기회추구2-2-1호",오피스,physical_asset,verified,Y,Y,keep_physical_name,real estate type or physical evidence exists
ast_855b77ffc374,A112028001,광화문G타워,광화문G타워,,,오피스복합,physical_asset,verified,Y,Y,keep_physical_name,real estate type or physical evidence exists
ast_0546ff4ee9db,A112035003,OJP사옥(워싱턴),OJP사옥(워싱턴),,37-1호,오피스,physical_asset,verified,Y,N,keep_physical_name,real estate type or physical evidence exists
ast_39ccf4397829,A112036001,Sanofi 본사(파리) 대출,Sanofi 본사(파리) 대출,,37-2호,오피스,physical_asset,verified,Y,N,keep_physical_name,real estate type or physical evidence exists
ast_bd3d31c699b0,A112036002,Bell 본사(몬트리올) 대출,Bell 본사(몬트리올) 대출,,37-2호,오피스,physical_asset,verified,Y,N,keep_physical_name,real estate type or physical evidence exists
ast_9af08cf90d71,A112036003,OJP사옥(워싱턴) 대출,OJP사옥(워싱턴) 대출,,37-2호,오피스,physical_asset,verified,Y,N,keep_physical_name,real estate type or physical evidence exists
ast_e0a9abed71bf,A112037001,롯데수원역쇼핑타운토지,롯데수원역쇼핑타운토지,,"30호, 130-4호, 130-5호",오피스복합,physical_asset,verified,Y,N,keep_physical_name,real estate type or physical evidence exists
ast_a86fcdf7e228,A112041001,CBRE IM European Logistics Partners Fund,,펀드지분 · 40호,40호,물류센터,physical_asset,verified,N,N,suppress_fund_like_name,fund-like/security-like name has no physical address or PNU evidence
ast_8237a62aef6a,A112042001,신라스테이서대문,신라스테이서대문,,43호,호텔,physical_asset,verified,Y,N,keep_physical_name,real estate type or physical evidence exists
ast_a71132d3cc09,A112043001,이지스모 43호,이지스모 43호,,"43-1호, 43-2호",호텔,physical_asset,verified,Y,N,keep_physical_name,real estate type or physical evidence exists
ast_230b908af3f7,A112046001,프랑스 Orange Telecome 오피스,프랑스 Orange Telecome 오피스,,"15호, 215호",오피스,physical_asset,verified,Y,N,keep_physical_name,real estate type or physical evidence exists
ast_938f03c98067,A112054001,롯데마트(대전대덕),롯데마트(대전대덕),,,리테일,physical_asset,verified,Y,Y,keep_physical_name,real estate type or physical evidence exists
ast_8b9207d29b9d,A112054002,롯데마트(제주),롯데마트(제주),,,리테일,physical_asset,verified,Y,Y,keep_physical_name,real estate type or physical evidence exists
ast_5524410f1c09,A112049000,Atlanta Office Midtown I&II,Atlanta Office Midtown I&II,,,오피스,physical_asset,verified,Y,N,keep_physical_name,real estate type or physical evidence exists
ast_2dabc46c306b,A112049001,Atlanta Office Midtown I,Atlanta Office Midtown I,,50호,오피스,physical_asset,verified,Y,N,keep_physical_name,real estate type or physical evidence exists
ast_6459d1f7f3f6,A112049002,Atlanta Office Midtown II,Atlanta Office Midtown II,,50호,오피스,physical_asset,verified,Y,N,keep_physical_name,real estate type or physical evidence exists
ast_d0735c2d17ab,A112049003,Atlanta Office Midtown 주차빌딩,Atlanta Office Midtown 주차빌딩,,50호,오피스,physical_asset,verified,Y,N,keep_physical_name,real estate type or physical evidence exists
ast_6b75948563b6,A112050001,Prologis Targeted European Logistics Fund,,"펀드지분 · 46호, 46-1호","46호, 46-1호",물류센터,physical_asset,verified,N,N,suppress_fund_like_name,fund-like/security-like name has no physical address or PNU evidence
ast_6d4a384539b2,A112051001,Hines Poland Sustainable Income Fund,,"펀드지분 · 52호, 95-2호, 152호 외 1","52호, 95-2호, 152호, 452호",오피스복합,physical_asset,verified,N,N,suppress_fund_like_name,fund-like/security-like name has no physical address or PNU evidence
ast_a60a75cb3e01,A112039001,정동빌딩,정동빌딩,,42호,오피스,physical_asset,verified,Y,Y,keep_physical_name,real estate type or physical evidence exists
ast_9fb48d4d8ce0,A112045001,씨티센터타워,씨티센터타워,,,오피스,physical_asset,verified,Y,Y,keep_physical_name,real estate type or physical evidence exists
ast_16a56a088f89,A112053001,영등포역 오피스텔 개발사업,영등포역 오피스텔 개발사업,,,주거,physical_asset,verified,Y,Y,keep_physical_name,real estate type or physical evidence exists
ast_aefd81e93778,A112057001,Colony Distressed Credit Fund IV,,"크레딧펀드/펀드지분 · 21호, 기회추구2-2-1호(C1), 기회추구2-2-1호(C2)","21호, 기회추구2-2-1호(C1), 기회추구2-2-1호(C2)",오피스,physical_asset,verified,N,N,suppress_fund_like_name,fund-like/security-like name has no physical address or PNU evidence
ast_ebd723e072c4,A112058001,Vienna Office & Retail Wien Mitte,Vienna Office & Retail Wien Mitte,,56호,오피스복합,physical_asset,verified,Y,N,keep_physical_name,real estate type or physical evidence exists
ast_0dc44d526fb4,A112071001,종로타워,종로타워,,,오피스,physical_asset,verified,Y,Y,keep_physical_name,real estate type or physical evidence exists
ast_7a41b6b1cb32,A112063001,Washington D.C. Washington Square Mezzanine Loan,Washington D.C. Washington Square,,70호,오피스복합,physical_asset,verified,Y,N,strip_instrument_terms,"physical evidence exists, but name contains loan/security terms"
ast_40eb7f1348f6,A112081003,뉴코아아울렛(일산),뉴코아아울렛(일산),,,리테일,physical_asset,verified,Y,Y,keep_physical_name,real estate type or physical evidence exists
ast_b1f5f079a694,A112065001,Miami Courvoisier Center Senior Loan,Miami Courvoisier Center,,"75호, 575호",오피스,physical_asset,verified,Y,N,strip_instrument_terms,"physical evidence exists, but name contains loan/security terms"
ast_c77b0263f7c6,A112066001,PFV_Westwood 지분증권,PFV_Westwood 지분증권,,"77호, 577호",물류센터,physical_asset,verified,N,N,keep_physical_name,real estate type or physical evidence exists
ast_0e8530670140,A112067001,괌 웨스틴 호텔,괌 웨스틴 호텔,,72호,호텔,physical_asset,verified,Y,N,keep_physical_name,real estate type or physical evidence exists
ast_e82ed4b638d4,A112068001,New York 787 Seventh Avenue Mezzanine Loan,New York 787 Seventh Avenue,,"60-1호, 60-2호",오피스,physical_asset,verified,Y,N,strip_instrument_terms,"physical evidence exists, but name contains loan/security terms"
ast_f2df751470ee,A112072001,Nuveen UK Enhanced Debt Fund,Nuveen UK Enhanced Debt Fund,,"73호, 73-1호, 373호",오피스복합,physical_asset,verified,Y,N,review_financial_name_with_physical_evidence,"physical evidence exists, but name contains loan/security terms"
ast_3575c5ffffe0,A112073001,Dallas KPMG Plaza Senior Loan,Dallas KPMG Plaza,,"78호, 578호",오피스,physical_asset,verified,Y,N,strip_instrument_terms,"physical evidence exists, but name contains loan/security terms"
ast_db4e0440e038,A112074001,AXA Real Estate Development Venture IV,AXA Real Estate Development Venture IV,,57호,오피스복합,physical_asset,verified,N,N,keep_physical_name,real estate type or physical evidence exists
ast_97638ebe48e2,A112059001,수송스퀘어,수송스퀘어,,,오피스,physical_asset,verified,Y,Y,keep_physical_name,real estate type or physical evidence exists
ast_d27d2be05580,A112076001,US BioMed Portfolio Senior Loan,US BioMed Portfolio,,"84호, 284호",오피스복합,physical_asset,verified,Y,N,strip_instrument_terms,"physical evidence exists, but name contains loan/security terms"
ast_c738d1b8cbc2,A112077001,Washington D.C. Atlantic Building Senior Loan,Washington D.C. Atlantic Building Senior Loan,,83호,,physical_asset,verified,Y,N,keep_physical_name,real estate type or physical evidence exists
ast_c8c2e5210765,A112064001,쌈지길,쌈지길,,,리테일,physical_asset,verified,Y,Y,keep_physical_name,real estate type or physical evidence exists
ast_05a1704bed45,A112075001,유림빌딩,유림빌딩,,,리테일,physical_asset,verified,Y,Y,keep_physical_name,real estate type or physical evidence exists
ast_17db161a53b5,A112082001,부실채권을 기초자산으로 하는 SPC의 출자지분 및 사채,부실채권을 기초자산으로 하는 SPC의 출자지분 및 사채,,"NPL1호, NPL2호",특별자산,physical_asset,verified,Y,N,review_financial_name_with_physical_evidence,"physical evidence exists, but name contains loan/security terms"
ast_12056ec44b17,A112081001,NC백화점(야탑),NC백화점(야탑),,"102호, 154호",리테일,physical_asset,verified,Y,Y,keep_physical_name,real estate type or physical evidence exists
ast_aac5427c01f4,,전환사채 | 공모주 | 비상장RCPS | 상장리츠 | AA+ 회사채,전환사채 | 공모주 | 비상장RCPS | 상장리츠 | AA+ 회사채,,"418호, 코스닥벤처1호, 멀티인컴1호, 멀티인컴1호(A), 멀티인컴1호(C), 멀티인컴1호(C-i), 멀티인컴1호(C-g), 멀티인컴3호, 하이일드공모주1호, 하이일드공모주1호(A), 하이일드공모주1호(C), 하이일드공모주1호(C-i), 멀티인컴4호, 멀티드래곤1호, 인컴플러스2호, 인컴플러스3호, K본드알파2호, 하이일드2호, 하이일드2호(A), 하이일드2호(C1), 하이일드2호(C2), 셀렉K리츠목표달성형, 블루ON1호, 멀티드래곤2호, 코스닥벤처2호, 그린ON2호, 멀티드래곤4호, BDC1호, 멀티드래곤5호, 그린ON3호, 멀티플러스2호, 블랙ON1호, K-프런티어1호, 레포플러스1호, 코스닥벤처3호, 하이일드공모주3호, 그린ON4호, 멀티드래곤6호, 블루ON2호",복합(오피스),physical_asset,auto_created,Y,Y,review_financial_name_with_physical_evidence,"physical evidence exists, but name contains loan/security terms"
ast_11888bd81598,A112086001,신도림핀포인트,신도림핀포인트,,,오피스,physical_asset,verified,Y,Y,keep_physical_name,real estate type or physical evidence exists
ast_2b8d6d15574a,A112104001,태평로빌딩,태평로빌딩,,"97호, 97호(C2), 97호(F2), R이지스밸류플러스",오피스,physical_asset,verified,Y,Y,keep_physical_name,real estate type or physical evidence exists
ast_61465a8dd9a1,A112096001,T타워,T타워,,,오피스,physical_asset,verified,Y,Y,keep_physical_name,real estate type or physical evidence exists
ast_e5daaa392be6,A112092001,Washington D.C. Woodies Building Senior Loan,Washington D.C. Woodies Building Senior Loan,,"98호, 98-1호, 98-2호",,physical_asset,verified,Y,N,keep_physical_name,real estate type or physical evidence exists
ast_46a7ecc290e9,A112093001,Hamburg Office Fleet II,Hamburg Office Fleet II,,89호,오피스복합,physical_asset,verified,Y,N,keep_physical_name,real estate type or physical evidence exists
ast_2f6ea0226f48,A112093002,Brussels Office Brederode,Brussels Office Brederode,,89호,오피스복합,physical_asset,verified,Y,N,keep_physical_name,real estate type or physical evidence exists
ast_6edbffb304dc,A112093003,Barcelona Office Fontanella,Barcelona Office Fontanella,,89호,,physical_asset,verified,Y,N,keep_physical_name,real estate type or physical evidence exists
ast_cf0bf50af6cc,A112093004,Prague Office Praga Studios,Prague Office Praga Studios,,89호,오피스복합,physical_asset,verified,Y,N,keep_physical_name,real estate type or physical evidence exists
ast_fff6be9d38b9,A112093005,Paris Office Louis David,Paris Office Louis David,,89호,오피스복합,physical_asset,verified,N,N,keep_physical_name,real estate type or physical evidence exists
ast_cd4e754af9e0,A112085001,평촌G스퀘어,평촌G스퀘어,,,오피스복합,physical_asset,verified,Y,Y,keep_physical_name,real estate type or physical evidence exists
ast_a36a0293fea2,A112099001,하남미사우성르보아파크,하남미사우성르보아파크,,,주거,physical_asset,verified,Y,Y,keep_physical_name,real estate type or physical evidence exists
ast_a81bf18a93d4,A112100001,스타필드(고양),스타필드(고양),,,리테일,physical_asset,verified,Y,Y,keep_physical_name,real estate type or physical evidence exists
ast_564945797e16,A112094001,GLP U.S. Income Partners III,GLP U.S. Income Partners III,,101호,물류센터,physical_asset,verified,N,N,keep_physical_name,real estate type or physical evidence exists
ast_54efcc8cb9d2,A112095001,New York Office 85 Tenth Avenue Senior Loan,New York Office 85 Tenth Avenue,,"109호, 109-1호, 109-2호",오피스,physical_asset,verified,Y,N,strip_instrument_terms,"physical evidence exists, but name contains loan/security terms"
ast_14f3dd9eb1f9,A112101001,마제스타시티타워1,마제스타시티타워1,,100호,오피스,physical_asset,verified,Y,N,keep_physical_name,real estate type or physical evidence exists
ast_511ba5b81207,A112107001,102호 수익증권(재간접),102호 수익증권(재간접),,115호,리테일,physical_asset,verified,N,N,keep_physical_name,real estate type or physical evidence exists
ast_5db71e381d95,A112108001,LasVegas The Cosmopolitan Hotel Junior Mezzanine Loan,LasVegas The Cosmopolitan Hotel,,112호,호텔,physical_asset,verified,Y,N,strip_instrument_terms,"physical evidence exists, but name contains loan/security terms"
ast_3b7fc78aeb9e,A112113001,Shiba Park Building,Shiba Park Building,,95호,오피스,physical_asset,verified,Y,N,keep_physical_name,real estate type or physical evidence exists
ast_31d5292aa061,A112116001,Newark Two Riverfront Plaza Senior B-Note Loan (Panasonic),Newark Two Riverfront Plaza,,119호,오피스,physical_asset,verified,Y,N,strip_instrument_terms,"physical evidence exists, but name contains loan/security terms"
ast_30937d64ae67,A112124001,부실채권을 기초자산으로 하는 SPC 사채,부실채권을 기초자산으로 하는 SPC 사채,,NPL1-1호,특별자산,physical_asset,verified,N,N,keep_physical_name,real estate type or physical evidence exists
ast_2ae45eda2604,A112125001,Prologis Targeted European Logistics Fund,,펀드지분 · A112125001,,물류센터,physical_asset,verified,N,N,suppress_fund_like_name,fund-like/security-like name has no physical address or PNU evidence
ast_e45b98ccfc65,A112126001,"세운 6-3-1,2구역 도시환경정비사업","세운 6-3-1,2구역 도시환경정비사업",,110호,주거,physical_asset,verified,Y,N,keep_physical_name,real estate type or physical evidence exists
ast_3aee5443a745,A112127001,아레나스양지물류센터,아레나스양지물류센터,,"116호, 코어1호, 116-2호, 116-3호",물류센터,physical_asset,verified,Y,N,keep_physical_name,real estate type or physical evidence exists
ast_55e5cc352c17,A112131001,118호 수익증권(재간접),118호 수익증권(재간접),,137호,호텔,physical_asset,verified,N,N,keep_physical_name,real estate type or physical evidence exists
ast_23c79539e93e,A112118001,LS용산타워,LS용산타워,,,오피스,physical_asset,verified,Y,Y,keep_physical_name,real estate type or physical evidence exists
ast_307e1f83e0d2,A112135001,Canyon Distressed Opportunity Fund II,,펀드지분 · 132호,132호,,physical_asset,verified,N,N,suppress_fund_like_name,fund-like/security-like name has no physical address or PNU evidence
ast_3048a53624b2,A112132001,홈플러스전주효자점,홈플러스전주효자점,,,리테일,physical_asset,verified,Y,Y,keep_physical_name,real estate type or physical evidence exists
ast_3e58fbce109d,A112138001,J.P. Morgan Asia-Pacific Property Fund,,펀드지분 · 136호,136호,오피스복합,physical_asset,verified,N,N,suppress_fund_like_name,fund-like/security-like name has no physical address or PNU evidence
ast_84c4e6c8e0bf,A112136001,광명 역세권지구 복합시설 신축,광명 역세권지구 복합시설 신축,,,호텔,physical_asset,verified,Y,Y,keep_physical_name,real estate type or physical evidence exists
ast_af5f71776ae0,A112110001,바른빌딩,바른빌딩,,,오피스,physical_asset,verified,Y,Y,keep_physical_name,real estate type or physical evidence exists
ast_6a798e5e30ee,A112142001,태양광설비회사 대출채권,,노트/채권 · 134호,134호,,physical_asset,verified,N,N,suppress_financial_name,financial/security keyword without enough physical evidence
ast_4409771035d2,A112143001,Ares Landmark Real Estate Partners VIII,Ares Landmark Real Estate Partners VIII,,106호,오피스복합,physical_asset,verified,N,N,keep_physical_name,real estate type or physical evidence exists
ast_02870a4cfd6e,A112140001,시그니쳐타워,시그니쳐타워,,,오피스,physical_asset,verified,Y,Y,keep_physical_name,real estate type or physical evidence exists
ast_89a1de3b387b,A112147001,Rockpoint Growth and Income Real Estate Fund II,,펀드지분 · 129호,129호,오피스복합,physical_asset,verified,N,N,suppress_fund_like_name,fund-like/security-like name has no physical address or PNU evidence
ast_7e9acc299d06,A112144001,V플렉스,V플렉스,,"코어1호, 125호, 125-2호",오피스,physical_asset,verified,Y,Y,keep_physical_name,real estate type or physical evidence exists
ast_00df26953973,A112150001,New York 1551 Broadway Mezzanine Loan,New York 1551 Broadway,,141호,리테일,physical_asset,verified,Y,N,strip_instrument_terms,"physical evidence exists, but name contains loan/security terms"
ast_5f1f6f6aa534,A112152001,판교 창조경제밸리 특별계획구역(I-Square),판교 창조경제밸리 특별계획구역(I-Square),,153호,주거,physical_asset,verified,Y,N,keep_physical_name,real estate type or physical evidence exists
ast_2769c1d0b916,A112154001,세종시 어반아트리움,세종시 어반아트리움,,145호,주거,physical_asset,verified,Y,N,keep_physical_name,real estate type or physical evidence exists
ast_2ca6ba796227,A112157001,154호 수익증권(재간접),154호 수익증권(재간접),,155호,리테일,physical_asset,verified,N,N,keep_physical_name,real estate type or physical evidence exists
ast_b439b42b3d44,A112158001,TH Real Estate China Outlet Mall Fund,,펀드지분 · 142호,142호,오피스복합,physical_asset,verified,N,N,suppress_fund_like_name,fund-like/security-like name has no physical address or PNU evidence
ast_4b71eb552741,A112159001,에스피청주 복합상업시설,에스피청주 복합상업시설,,SP청주,리테일,physical_asset,verified,Y,N,keep_physical_name,real estate type or physical evidence exists
ast_6be590f974c1,A112396001,누디트 홍대,누디트 홍대,,,호텔복합,physical_asset,verified,Y,Y,keep_physical_name,real estate type or physical evidence exists
ast_36740c106490,A112161001,한남동 외국인아파트부지 신축 PF대출,한남동 외국인아파트부지 신축 PF대출,,157호,주거,physical_asset,verified,Y,N,keep_physical_name,real estate type or physical evidence exists
ast_f9fbc117a7ce,A112162001,Rockpoint Growth and Income Real Estate Fund II (PMAA),,펀드지분 · 129-1호,129-1호,오피스복합,physical_asset,verified,N,N,suppress_fund_like_name,fund-like/security-like name has no physical address or PNU evidence
ast_9855c32af978,A112160001,지엘가산메트로 주식회사,지엘가산메트로 주식회사,,156호,데이터센터,physical_asset,verified,Y,Y,review_financial_name_with_physical_evidence,"physical evidence exists, but name contains loan/security terms"
ast_a08672efd868,A112163002,하남강변미사지구 업무4BL 3LOT,하남강변미사지구 업무4BL 3LOT,,161호,주거,physical_asset,verified,Y,N,keep_physical_name,real estate type or physical evidence exists
ast_225077ef8c95,A112164001,Las Vegas Cosmopolitan Hotel Mezzanine C Loan,Las Vegas Cosmopolitan Hotel Mezzanine C Loan,,165호,호텔,physical_asset,verified,Y,N,keep_physical_name,real estate type or physical evidence exists
ast_6943582c5ffa,A112165001,명동청휘빌딩,명동청휘빌딩,,135호,오피스복합,physical_asset,verified,Y,Y,keep_physical_name,real estate type or physical evidence exists
ast_73f09d84ccfa,A112166001,한남동 외국인아파트부지 재개발사업 PF대출,한남동 외국인아파트부지 재개발사업 PF대출,,"162호(운용), 162호(P), 162호(C)",주거,physical_asset,verified,Y,N,keep_physical_name,real estate type or physical evidence exists
ast_cb61fdbd9aa4,A112170001,Jakarta Office Treasury Tower,Jakarta Office Treasury Tower,,"148-1호, 148-2호",오피스,physical_asset,verified,Y,N,keep_physical_name,real estate type or physical evidence exists
ast_15470fbdefbf,A112173001,GLP Europe Income/Development Partners I,GLP Europe Income/Development Partners I,,159호,오피스복합,physical_asset,verified,N,N,keep_physical_name,real estate type or physical evidence exists
ast_0d9b6bc27220,A112174001,Balbec InSolve Global Credit Fund III,,"크레딧펀드/펀드지분 · 150호, 150-1호","150호, 150-1호",오피스복합,physical_asset,verified,N,N,suppress_fund_like_name,fund-like/security-like name has no physical address or PNU evidence
ast_14eb09ddf188,A112175001,151호 수익증권(재간접),151호 수익증권(재간접),,,주거,physical_asset,verified,Y,N,review_financial_name_with_physical_evidence,"physical evidence exists, but name contains loan/security terms"
ast_8a2bc4422178,A112180001,UBS Trumbull Property Income Fund,,펀드지분 · 167호,167호,오피스복합,physical_asset,verified,N,N,suppress_fund_like_name,fund-like/security-like name has no physical address or PNU evidence
ast_7ff7300b8ef6,A112182001,Nuveen Global Real Estate Debt Partners Fund II (UK),,"펀드지분 · 58호, 58-1호","58호, 58-1호",오피스복합,physical_asset,verified,N,N,suppress_fund_like_name,fund-like/security-like name has no physical address or PNU evidence
ast_1b445b832a9b,A112183001,Jersey City 65 Bay Street B-Note Loan,Jersey City 65 Bay Street,,169호,주거,physical_asset,verified,Y,N,strip_instrument_terms,"physical evidence exists, but name contains loan/security terms"
ast_8058fee6124d,A112188001,Sun Crest Kameari,Sun Crest Kameari,,176호,주거,physical_asset,verified,Y,N,keep_physical_name,real estate type or physical evidence exists
ast_3fe7501ac3ff,A112188002,Cosmo Gracia Ryogoku,Cosmo Gracia Ryogoku,,176호,주거,physical_asset,verified,Y,N,keep_physical_name,real estate type or physical evidence exists
ast_4b60082f6ba4,A112188003,Reglus Ootorii Airport West,Reglus Ootorii Airport West,,176호,주거,physical_asset,verified,Y,N,keep_physical_name,real estate type or physical evidence exists
ast_1a7e1fbe1ed6,A112190001,남양주 다산진건지구 오피스텔,남양주 다산진건지구 오피스텔,,186호,주거,physical_asset,verified,Y,N,keep_physical_name,real estate type or physical evidence exists
ast_ee72b3682575,A112191001,Milano Office Pirelli HQ,Milano Office Pirelli HQ,,"163호, 163-1호, 163-2호",오피스,physical_asset,verified,Y,N,keep_physical_name,real estate type or physical evidence exists
ast_251d0a3de508,A112194001,고양시 화정동 아이씨티일산,고양시 화정동 아이씨티일산,,,주거,physical_asset,verified,Y,Y,keep_physical_name,real estate type or physical evidence exists
ast_0c68bbfd7099,A112194002,제주 연동 오피스텔,제주 연동 오피스텔,,,주거,physical_asset,verified,Y,Y,keep_physical_name,real estate type or physical evidence exists
ast_95bd0edf061a,A112196001,라마다서울호텔 담보대출,라마다서울호텔,,,호텔,physical_asset,verified,Y,Y,strip_instrument_terms,"physical evidence exists, but name contains loan/security terms"
ast_72434a85fc8f,A112199001,강서 마곡지구 근린생활시설 개발사업 PF대출,강서 마곡지구 근린생활시설 개발사업 PF대출,,"196호, 196호(C-p), 196호(A)",리테일,physical_asset,verified,Y,N,keep_physical_name,real estate type or physical evidence exists
ast_5e6798e4e6be,A112199002,하남 미사지구 오피스텔 개발사업 PF대출,하남 미사지구 오피스텔 개발사업 PF대출,,196호,주거,physical_asset,verified,Y,N,keep_physical_name,real estate type or physical evidence exists
ast_7384f101a20f,A112200001,Jersey City 65 Bay Street A2-Note Loan,Jersey City 65 Bay Street,,190호,주거,physical_asset,verified,Y,N,strip_instrument_terms,"physical evidence exists, but name contains loan/security terms"
ast_6147631e29d1,A112201001,Balbec InSolve Global Credit Fund III,,크레딧펀드/펀드지분/금융상품 · A112201001,,금융상품,physical_asset,verified,N,N,suppress_non_physical_name,asset kind/type is non-physical financial/security exposure
ast_5853b093d79c,A112202001,제주 신화월드 개발사업(한화전문투자형사모부동산자투자신탁5호6M),제주 신화월드 개발사업(한화전문투자형사모부동산자투자신탁5호6M),,"203호, 207호",리테일복합,physical_asset,verified,N,N,keep_physical_name,real estate type or physical evidence exists
ast_86b73cdb75eb,A112205001,건대몰오브K,건대몰오브K,,194호,리테일,physical_asset,verified,Y,Y,keep_physical_name,real estate type or physical evidence exists
ast_a01ce9c12e6b,A112206001,Quarterra Lennar Multifamily Venture II,Quarterra Lennar Multifamily Venture II,,177호,주거,physical_asset,verified,N,N,keep_physical_name,real estate type or physical evidence exists
ast_c26748845c6b,A112207001,시흥 센트럴푸르지오 사업장 공사대금 예금반환채권 금전채권신탁 담보대출,시흥 센트럴푸르지오 사업장 공사대금 예금반환채권 금전채권신탁 담보대출,,208호,주거,physical_asset,verified,N,N,keep_physical_name,real estate type or physical evidence exists
ast_78dab1be1bf0,A112208001,New York 20 Times Square Senior Loan,New York 20 Times Square,,198호,오피스복합,physical_asset,verified,Y,N,strip_instrument_terms,"physical evidence exists, but name contains loan/security terms"
ast_3660f9bb2ed5,A112214001,디어스판교,디어스판교,,"200호, 200호(1종), 200호(2종)",주거,physical_asset,verified,N,N,keep_physical_name,real estate type or physical evidence exists
ast_f541715b8374,A112216001,Barcelona Office Nestle HQ,Barcelona Office Nestle HQ,,"204호(A), 204호(C-p), 204호(파생형)",오피스,physical_asset,verified,Y,N,keep_physical_name,real estate type or physical evidence exists
ast_70643a0dfbdd,A112223006,Courtyard by Marriott,Courtyard by Marriott,,,호텔,physical_asset,verified,Y,N,keep_physical_name,real estate type or physical evidence exists
ast_db4799e88a26,A112223007,Courtyard Melbourne West,Courtyard Melbourne West,,,호텔,physical_asset,verified,Y,N,keep_physical_name,real estate type or physical evidence exists
ast_1fd14a31b02a,A112223008,Courtyard Miami Airport West Doral,Courtyard Miami Airport West Doral,,,호텔,physical_asset,verified,Y,N,keep_physical_name,real estate type or physical evidence exists
ast_dcc6905b8a09,A112223009,Courtyard Savannah Midtown,Courtyard Savannah Midtown,,,호텔,physical_asset,verified,Y,N,keep_physical_name,real estate type or physical evidence exists
ast_6fad3e601ab5,A112223010,Courtyard Tallahassee Capital,Courtyard Tallahassee Capital,,,호텔,physical_asset,verified,Y,N,keep_physical_name,real estate type or physical evidence exists
ast_e534a7538cd4,A112223011,Courtyard Charlotte Arrowood,Courtyard Charlotte Arrowood,,,호텔,physical_asset,verified,Y,N,keep_physical_name,real estate type or physical evidence exists
ast_36148ade77b4,A112223012,Courtyard Memphis East/Park Avenue,Courtyard Memphis East/Park Avenue,,,호텔,physical_asset,verified,Y,N,keep_physical_name,real estate type or physical evidence exists
ast_e2bbe7ecc53c,A112223013,Courtyard Nashville Brentwood,Courtyard Nashville Brentwood,,,호텔,physical_asset,verified,Y,N,keep_physical_name,real estate type or physical evidence exists
ast_177a1b236451,A112223014,Courtyard Raleigh Midtown,Courtyard Raleigh Midtown,,,호텔,physical_asset,verified,Y,N,keep_physical_name,real estate type or physical evidence exists
ast_cef2499eacaa,A112223015,Courtyard Naperville,Courtyard Naperville,,,호텔,physical_asset,verified,Y,N,keep_physical_name,real estate type or physical evidence exists
ast_7b9428967d1a,A112223016,Courtyard Anaheim Buena Park,Courtyard Anaheim Buena Park,,,호텔,physical_asset,verified,Y,N,keep_physical_name,real estate type or physical evidence exists
ast_37a066e39a75,A112223020,Courtyard Sacramento Rancho Cordova,Courtyard Sacramento Rancho Cordova,,,호텔,physical_asset,verified,Y,N,keep_physical_name,real estate type or physical evidence exists
ast_d4fbfceea801,A112223021,Courtyard Cincinnati Blue Ash,Courtyard Cincinnati Blue Ash,,,호텔,physical_asset,verified,Y,N,keep_physical_name,real estate type or physical evidence exists
ast_78c438a9c9a1,A112223022,Courtyard Detroit Dearborn,Courtyard Detroit Dearborn,,,호텔,physical_asset,verified,Y,N,keep_physical_name,real estate type or physical evidence exists
ast_fabfecf59328,A112223023,Courtyard Detroit Troy,Courtyard Detroit Troy,,,호텔,physical_asset,verified,Y,N,keep_physical_name,real estate type or physical evidence exists
ast_0fa1343c8192,A112223024,Courtyard Detroit Warren,Courtyard Detroit Warren,,,호텔,physical_asset,verified,Y,N,keep_physical_name,real estate type or physical evidence exists
ast_b59dddacbfb7,A120022002,랜드플랫폼 1-2호,랜드플랫폼 1-2호,,,데이터센터,physical_asset,verified,N,N,keep_physical_name,real estate type or physical evidence exists
ast_38527bcff111,A120037001,성수동2가 268-2 업무시설 개발사업 브릿지대출,성수동2가 268-2 업무시설 개발사업 브릿지대출,,"성수 PF재구조화(운용), 성수 PF재구조화(1종), 성수 PF재구조화(2종)",오피스,physical_asset,verified,N,N,keep_physical_name,real estate type or physical evidence exists
ast_4e15ca971054,A120039001,"부실 및 부실우려 PF사업장 대출채권, 대출, 지분 등에 투자하는 모집합투자기구(모자형 블라인드 펀드)",,노트/채권/금융상품 · 국내PF재구조화1호(자),국내PF재구조화1호(자),금융상품,physical_asset,verified,N,N,suppress_non_physical_name,asset kind/type is non-physical financial/security exposure
ast_18332a11a1f7,A120044001,이지스제542호부동산일반사모투자회사(제1종),이지스제542호부동산일반사모투자회사(제1종),,,주거,physical_asset,verified,N,N,keep_physical_name,real estate type or physical evidence exists
ast_2d9d0a468e18,A120045001,한림그린에너지 주식 및 대여금,,지분증권 · 코어에너지1호,코어에너지1호,,physical_asset,verified,N,N,suppress_financial_name,financial/security keyword without enough physical evidence
ast_112711a59b76,A120045002,코어그린에너지 주식 및 대여금,,지분증권 · 코어에너지1호,코어에너지1호,,physical_asset,verified,N,N,suppress_financial_name,financial/security keyword without enough physical evidence
ast_667927af8983,A120045003,이지스유에이치 주식 및 대여금,,"지분증권 · 코어에너지1호, 코어인프라1-A호","코어에너지1호, 코어인프라1-A호",,physical_asset,verified,N,N,suppress_financial_name,financial/security keyword without enough physical evidence
ast_b37ed37a3540,A120045004,유에이치파워 대여금,유에이치파워 대여금,,"코어에너지1호, 코어인프라1-A호",,physical_asset,verified,N,N,review_unknown_name,insufficient evidence for automatic physical name decision
ast_8574787ff3ec,A120038001,성수 빅트라이앵글B/L(이지스성수PF재구조화 2종 수익증권),성수 빅트라이앵글B/L(이지스성수PF재구조화 2종 수익증권),,국내PF재구조화1-1호(모),오피스,physical_asset,verified,Y,Y,review_financial_name_with_physical_evidence,"physical evidence exists, but name contains loan/security terms"
ast_4fb907d35b52,A112223027,Courtyard by Marriott,Courtyard by Marriott,,,호텔,physical_asset,verified,Y,N,keep_physical_name,real estate type or physical evidence exists
ast_c36e38cae9e1,A112223028,Courtyard Herndon,Courtyard Herndon,,,호텔,physical_asset,verified,Y,N,keep_physical_name,real estate type or physical evidence exists
ast_9375f251bf8a,A112223029,Courtyard Richmond,Courtyard Richmond,,,호텔,physical_asset,verified,Y,N,keep_physical_name,real estate type or physical evidence exists
ast_94cd6c685a31,A112223030,Courtyard Rockville,Courtyard Rockville,,,호텔,physical_asset,verified,Y,N,keep_physical_name,real estate type or physical evidence exists
ast_327f60afc82b,A112230001,Uki Retail AEON Mall,Uki Retail AEON Mall,,201호,리테일,physical_asset,verified,Y,N,keep_physical_name,real estate type or physical evidence exists
ast_4960a4a8e607,A112236001,New York Manhattan Holiday Inn B-Note,New York Manhattan Holiday Inn B-Note,,228호,호텔,physical_asset,verified,Y,N,review_financial_name_with_physical_evidence,"physical evidence exists, but name contains loan/security terms"
ast_3e4a7ba7841a,A112038001,오토웨이타워,오토웨이타워,,35호,오피스,physical_asset,verified,Y,Y,keep_physical_name,real estate type or physical evidence exists
ast_bec58069f5fb,A112237003,동탄센터포인트몰,동탄센터포인트몰,,,오피스복합,physical_asset,verified,Y,Y,keep_physical_name,real estate type or physical evidence exists
ast_3b4b047a6381,A112242001,Frankfurt Office Trianon,Frankfurt Office Trianon,,"229호, 229호(A), 229호(C-I), 229-1호",오피스복합,physical_asset,verified,Y,N,keep_physical_name,real estate type or physical evidence exists
ast_6384991ee54c,A112255001,잭니클라우스GC 단독주택부지 담보신탁 1순위 우선수익권 담보부대출,잭니클라우스GC 단독주택부지 담보신탁 1순위 우선수익권 담보부대출,,,주거,physical_asset,verified,Y,Y,keep_physical_name,real estate type or physical evidence exists
ast_55478b8ac17a,A112246001,GIDC 광명역 지식산업센터,GIDC 광명역 지식산업센터,,"236호, 240호",오피스,physical_asset,verified,Y,N,keep_physical_name,real estate type or physical evidence exists
ast_7045c219d59c,A112247001,Nuveen RE-PCCP U.S. Core-Plus Real Estate Debt Fund,,크레딧펀드/펀드지분 · 216호,216호,오피스복합,physical_asset,verified,N,N,suppress_fund_like_name,fund-like/security-like name has no physical address or PNU evidence
ast_8645e842633c,A112237001,오투타워,오투타워,,스트래티직 1호,오피스,physical_asset,verified,Y,Y,keep_physical_name,real estate type or physical evidence exists
ast_7a413edaa9cb,A112250001,Glennmont REBS Europe Fund I,,펀드지분 · 205호,205호,오피스복합,physical_asset,verified,N,N,suppress_fund_like_name,fund-like/security-like name has no physical address or PNU evidence
ast_1a8c0ab8b13b,A112237002,SK명동빌딩,SK명동빌딩,,,오피스복합,physical_asset,verified,Y,Y,keep_physical_name,real estate type or physical evidence exists
ast_403ec12279a7,A112256001,New York 685 5th Avenue Mezzanine Loan,New York 685 5th Avenue,,221호,리테일,physical_asset,verified,Y,N,strip_instrument_terms,"physical evidence exists, but name contains loan/security terms"
ast_8fdf7890a11b,A112259001,판교 알파돔시티 중심상업용지 7-1BL/주차장용지17BL 오피스텔 및 근린생활시설 개발사업 선순위 PF대출,판교 알파돔시티 중심상업용지 7-1BL/주차장용지17BL 오피스텔 및 근린생활시설 개발사업 선순위 PF대출,,246호,주거복합,physical_asset,verified,Y,N,keep_physical_name,real estate type or physical evidence exists
ast_fbe13b6b1e0a,A112260001,글로벌 리츠,글로벌 리츠,,"셀렉리츠1호, 셀렉리츠1호(A), 셀렉리츠1호(C-I), 셀렉리츠1호(C-S), 글로벌리츠목표전환, 다이나믹글로벌2호, 리츠섹터SMA2호",,physical_asset,verified,N,N,review_unknown_name,insufficient evidence for automatic physical name decision
ast_1273fe709763,A112264001,익선동 상업시설 개발,익선동 상업시설 개발,,244호,리테일,physical_asset,verified,Y,N,keep_physical_name,real estate type or physical evidence exists
ast_4b343ec79ade,A112267001,Brookfield Premier Real Estate Partners Australia,Brookfield Premier Real Estate Partners Australia,,"209호, 209-1호",오피스,physical_asset,verified,N,N,keep_physical_name,real estate type or physical evidence exists
ast_07e49a3487e7,A112287001,강동 성내 역세권 청년주택,강동 성내 역세권 청년주택,,,주거,physical_asset,verified,Y,Y,keep_physical_name,real estate type or physical evidence exists
ast_cbc413cdfd7f,A112274001,고양 일산 식사2구역 A2BL 공동주택 개발사업 선순위 PF대출채권,고양 일산 식사2구역 A2BL 공동주택 개발사업 선순위 PF대출채권,,257호,주거,physical_asset,verified,Y,N,review_financial_name_with_physical_evidence,"physical evidence exists, but name contains loan/security terms"
ast_8f71aef30468,A112275001,도농역 오피스텔,도농역 오피스텔,,256호,주거,physical_asset,verified,Y,N,keep_physical_name,real estate type or physical evidence exists
ast_5264d55d0bc9,A112278001,Poland Logistics Zalando,Poland Logistics Zalando,,"243호, 243-1호, 243-1호(1종), 243-1호(2종), 243-2호",물류센터,physical_asset,verified,Y,N,keep_physical_name,real estate type or physical evidence exists
ast_cc17ca0f4c91,A112290001,타임테라스동탄,타임테라스동탄,,,리테일,physical_asset,verified,Y,Y,keep_physical_name,real estate type or physical evidence exists
ast_28817669f116,A112285001,용인기흥 파워센(개발),용인기흥 파워센(개발),,227호,리테일,physical_asset,verified,Y,N,keep_physical_name,real estate type or physical evidence exists
ast_62541f3646a0,A112299001,"스카이박스1, 스카이박스2","스카이박스1, 스카이박스2",,,물류센터,physical_asset,verified,Y,Y,keep_physical_name,real estate type or physical evidence exists
ast_e1d9cebad545,A112291001,ISF모1-3호(타임테라스동탄),ISF모1-3호(타임테라스동탄),,,리테일,physical_asset,verified,N,N,keep_physical_name,real estate type or physical evidence exists
ast_2397942b2f4e,A112293001,광주 월산현대지역주택조합 공동주택 개발사업 Bridge Loan 현대엔지니어링 채무인수 확약 후순위 대출채권,광주 월산현대지역주택조합 공동주택 개발사업,,278호,주거,physical_asset,verified,Y,N,strip_instrument_terms,"physical evidence exists, but name contains loan/security terms"
ast_088dd044de37,A112306001,부산 온천동 복합시설 신축사업,부산 온천동 복합시설 신축사업,,,주거,physical_asset,verified,Y,Y,keep_physical_name,real estate type or physical evidence exists
ast_854de4d7b05b,A112297001,하남미사 지식산업센터,하남미사 지식산업센터,,277호,오피스,physical_asset,verified,Y,N,keep_physical_name,real estate type or physical evidence exists
ast_3b3e44da06d7,A112276001,"세운 6-3-1,2구역 도시환경정비사업 개발사업 중순위 PF대출채권 및 토지신탁 우선수익권을 기초자산으로 ?","세운 6-3-1,2구역 도시환경정비사업 개발사업 중순위 PF대출채권 및 토지신탁 우선수익권을 기초자산으로 ?",,,주거,physical_asset,verified,Y,Y,review_financial_name_with_physical_evidence,"physical evidence exists, but name contains loan/security terms"
ast_762c9fa6b134,A112292001,반포 이수화학 본사 사옥(재간접),반포 이수화학 본사 사옥(재간접),,,오피스,physical_asset,verified,Y,Y,keep_physical_name,real estate type or physical evidence exists
ast_a26d74763046,A112300001,"Ku'damm 12, 13-15","Ku'damm 12, 13-15",,254호,리테일,physical_asset,verified,Y,N,keep_physical_name,real estate type or physical evidence exists
ast_f02b527b7861,A112301001,이천 한익스프레스 물류센터 개발사업,이천 한익스프레스 물류센터 개발사업,,282호,물류센터,physical_asset,verified,Y,N,keep_physical_name,real estate type or physical evidence exists
ast_ce621c527b00,A112304001,Frankfurt St.Martine Tower Mezzanine Loan,Frankfurt St.Martine Tower,,262호,오피스,physical_asset,verified,Y,N,strip_instrument_terms,"physical evidence exists, but name contains loan/security terms"
ast_fcd940175c17,A112305001,금강타워3,금강타워3,,279호,오피스복합,physical_asset,verified,Y,Y,keep_physical_name,real estate type or physical evidence exists
ast_e5211e566e98,A112308001,New York 564 6th Avenue Senior Loan,New York 564 6th Avenue Senior Loan,,292호,,physical_asset,verified,Y,N,keep_physical_name,real estate type or physical evidence exists
ast_493f723e41a1,A112314001,돈의문3구역 게이트타워,돈의문3구역 게이트타워,,,오피스,physical_asset,verified,Y,Y,keep_physical_name,real estate type or physical evidence exists
ast_769515754a68,A112322001,피겨앤그라운드,피겨앤그라운드,,,리테일,physical_asset,verified,Y,Y,keep_physical_name,real estate type or physical evidence exists
ast_11919c561605,A112328001,덕평CJ물류센터,덕평CJ물류센터,,,물류센터,physical_asset,verified,Y,Y,keep_physical_name,real estate type or physical evidence exists
ast_0bed91ccb4ec,A112318001,부실채권을 기초자산으로 하는 SPC의 사채,,"노트/채권 · NPL2-1호, NPL2-2호, NPL3호 외 1","NPL2-1호, NPL2-2호, NPL3호, NPL3-1호",,physical_asset,verified,N,N,suppress_financial_name,financial/security keyword without enough physical evidence
ast_713f8b4e24da,A112324001,Paris Logistics Amazon,Paris Logistics Amazon,,"281-1호, 281호, 281호( A), 281호(C-I)",물류센터,physical_asset,verified,Y,N,keep_physical_name,real estate type or physical evidence exists
ast_49de163142b2,A112324002,Barcelona Logistics Amazon,Barcelona Logistics Amazon,,"281-1호, 281호",물류센터,physical_asset,verified,Y,N,keep_physical_name,real estate type or physical evidence exists
ast_1a7bbfa76876,A112324003,Bristol Logistics Amazon,Bristol Logistics Amazon,,"281-1호, 281호",물류센터,physical_asset,verified,Y,N,keep_physical_name,real estate type or physical evidence exists
ast_7689cf60369b,A112334001,글로벌 리츠,글로벌 리츠,,"시그니처리츠, 시그니처리츠(A), 시그니처리츠(C), 시그니처리츠(C-I)",오피스,physical_asset,verified,N,N,keep_physical_name,real estate type or physical evidence exists
ast_77132a62be4b,A112338000,Odawara Logistics Amazon FC,Odawara Logistics Amazon FC,,,물류센터,physical_asset,verified,Y,N,keep_physical_name,real estate type or physical evidence exists
ast_baffca3def0d,A112338001,Odawara Logistics Amazon FC I,Odawara Logistics Amazon FC I,,"300호, 300호(1종), 300호(2종)",물류센터,physical_asset,verified,Y,N,keep_physical_name,real estate type or physical evidence exists
ast_d2047ba66f85,A112338002,Odawara Logistics Amazon FC II,Odawara Logistics Amazon FC II,,,물류센터,physical_asset,verified,Y,N,keep_physical_name,real estate type or physical evidence exists
ast_da9f73969f26,A112341001,에스비씨PFV(P00005),에스비씨PFV(P00005),,312호,오피스복합,physical_asset,verified,Y,N,keep_physical_name,real estate type or physical evidence exists
ast_9cf4a8abd36c,A112342001,평택 고덕 업무12-2-3BL PF 선순위 대출채권,평택 고덕 업무12-2-3BL PF 선순위,,309호,오피스,physical_asset,verified,Y,N,strip_instrument_terms,"physical evidence exists, but name contains loan/security terms"
ast_7658ea6ef139,A112343001,독일 프랑크푸르트 소재 개발사업부지,독일 프랑크푸르트 소재 개발사업부지,,304호,오피스,physical_asset,verified,Y,N,keep_physical_name,real estate type or physical evidence exists
ast_db35eead7a91,A112344001,홈플러스 인천인하점,홈플러스 인천인하점,,"302호, 302호(A), 302호(C-I), 302호(C-P)",리테일,physical_asset,verified,Y,N,keep_physical_name,real estate type or physical evidence exists
ast_89fe99414d33,A112347001,Townsend Europe Logistics Venture II Korea Feeder,Townsend Europe Logistics Venture II Korea Feeder,,260호,물류센터,physical_asset,verified,N,N,keep_physical_name,real estate type or physical evidence exists
ast_9c32381fc123,A112347002,Venlo,Venlo,,260호,물류센터,physical_asset,verified,Y,N,keep_physical_name,real estate type or physical evidence exists
ast_446647af6ed1,A112321001,세운5구역PFV,세운5구역PFV,,297호,오피스,physical_asset,verified,Y,Y,keep_physical_name,real estate type or physical evidence exists
ast_f51cc97d21ec,A112048001,신라스테이해운대,신라스테이해운대,,,호텔,physical_asset,verified,Y,Y,keep_physical_name,real estate type or physical evidence exists
ast_8b4c1f448d43,A112347003,Kuhn Portfolio,Kuhn Portfolio,,260호,물류센터,physical_asset,verified,Y,N,keep_physical_name,real estate type or physical evidence exists
ast_409a7de0ff61,A112347004,Nabuurs Portfolio,Nabuurs Portfolio,,260호,물류센터,physical_asset,verified,Y,N,keep_physical_name,real estate type or physical evidence exists
ast_84125d66e5f0,A112368001,KORNER 136,KORNER 136,,"에이치밸류, 에이치밸류(1종), 에이치밸류(2종)",리테일,physical_asset,verified,Y,Y,keep_physical_name,real estate type or physical evidence exists
ast_5aa554bf9521,A112355001,Toronto The One Senior Loan (Term Facility),Toronto The One,,301호,오피스복합,physical_asset,verified,Y,N,strip_instrument_terms,"physical evidence exists, but name contains loan/security terms"
ast_b78f4cd39988,A112361001,Tokyo Office Harumi Island Triton Square Tower W,Tokyo Office Harumi Island Triton Square Tower W,,295호,오피스,physical_asset,verified,Y,N,keep_physical_name,real estate type or physical evidence exists
ast_329735309847,A112362001,Tokyo District 23 Residential Portfolio,Tokyo District 23 Residential Portfolio,,"316호, 316-1호, 316-2호",주거,physical_asset,verified,Y,N,keep_physical_name,real estate type or physical evidence exists
ast_dbcae6af9a45,A112362002,GRAN PASEO 혼코마고메,GRAN PASEO 혼코마고메,,,,physical_asset,verified,Y,N,keep_physical_name,real estate type or physical evidence exists
ast_14c10f336834,A112362003,PASEO 신주쿠,PASEO 신주쿠,,,,physical_asset,verified,Y,N,keep_physical_name,real estate type or physical evidence exists
ast_4f455c2dd45f,A112362004,PASEO 오기쿠보,PASEO 오기쿠보,,,,physical_asset,verified,Y,N,keep_physical_name,real estate type or physical evidence exists
ast_10445d29926b,A112362005,PASEO 사사즈카,PASEO 사사즈카,,,,physical_asset,verified,Y,N,keep_physical_name,real estate type or physical evidence exists
ast_6e0f3b872714,A112362006,GRAN PASEO 신주쿠,GRAN PASEO 신주쿠,,,,physical_asset,verified,Y,N,keep_physical_name,real estate type or physical evidence exists
ast_485346cd7578,A112362007,PASEO 시모키타자와,PASEO 시모키타자와,,,,physical_asset,verified,Y,N,keep_physical_name,real estate type or physical evidence exists
ast_56ba3af5aedc,A112362008,GRAN PASEO 칸다에키마에,GRAN PASEO 칸다에키마에,,316호,,physical_asset,verified,Y,N,keep_physical_name,real estate type or physical evidence exists
ast_b5a8681c1621,A112362009,LEGALAND 와세다미나미,LEGALAND 와세다미나미,,316호,,physical_asset,verified,Y,N,keep_physical_name,real estate type or physical evidence exists
ast_683e8481561e,A112362010,PASEO 토부네리마,PASEO 토부네리마,,316호,,physical_asset,verified,Y,N,keep_physical_name,real estate type or physical evidence exists
ast_656236266bd0,A112362011,아버하이츠 오우기오하시,아버하이츠 오우기오하시,,316호,,physical_asset,verified,Y,N,keep_physical_name,real estate type or physical evidence exists
ast_ea8e897db9a1,A112375001,OPUS407,OPUS407,,"330호, 330호(1종), 330호(2-A종), 330호(2-B종)",오피스복합,physical_asset,verified,Y,Y,keep_physical_name,real estate type or physical evidence exists
ast_ec07f6a9ae3d,A112374001,New York 555 10 Avenue,New York 555 10 Avenue,,308호,주거,physical_asset,verified,Y,N,keep_physical_name,real estate type or physical evidence exists
ast_ac51c5236199,A112374002,New York 510 East 14th Mezzanine Loan,New York 510 East 14th,,308호,주거,physical_asset,verified,Y,N,strip_instrument_terms,"physical evidence exists, but name contains loan/security terms"
ast_a60db5e30056,A112379001,이지스 330호 (OPUS407/舊뉴욕제과빌딩),이지스 330호 (OPUS407/舊뉴욕제과빌딩),,"기회추구 2-1호, 제330호(F1종)",오피스복합,physical_asset,verified,N,N,keep_physical_name,real estate type or physical evidence exists
ast_57891a43269b,A112380001,"이지스기회추구2-1호 (330호, OPUS407/舊뉴욕제과빌딩)","이지스기회추구2-1호 (330호, OPUS407/舊뉴욕제과빌딩)",,기회추구 2호,오피스복합,physical_asset,verified,N,N,keep_physical_name,real estate type or physical evidence exists
ast_71152b54836a,A112380002,"이지스기회추구2-2호(353호,OPUS459/舊백암빌딩)","이지스기회추구2-2호(353호,OPUS459/舊백암빌딩)",,,오피스복합,physical_asset,verified,N,N,keep_physical_name,real estate type or physical evidence exists
ast_4f430ef52910,A112383001,New York Jackson Park CMBS Loan,New York Jackson Park,,327호,주거,physical_asset,verified,Y,N,strip_instrument_terms,"physical evidence exists, but name contains loan/security terms"
ast_617613cdf1a8,A112372001,역삼동 개발사업,역삼동 개발사업,,318호,오피스,physical_asset,verified,Y,Y,keep_physical_name,real estate type or physical evidence exists
ast_c629e1d10c4f,A112668001,HSBC Senior UK Direct Lending Fund 2020 RAIF SICAV-S.A.,,크레딧펀드/펀드지분 · A112668001,,,physical_asset,verified,N,N,suppress_fund_like_name,fund-like/security-like name has no physical address or PNU evidence
ast_56793c2827ee,A112078001,순화타워,순화타워,,,오피스,physical_asset,verified,Y,Y,keep_physical_name,real estate type or physical evidence exists
ast_feb123f425d2,A112504007,해량에너지,해량에너지,,392호,,physical_asset,verified,Y,N,keep_physical_name,real estate type or physical evidence exists
ast_d3ff3c41d7cb,A112442001,하남데이터센터,하남데이터센터,,,데이터센터,physical_asset,verified,Y,Y,keep_physical_name,real estate type or physical evidence exists
ast_a36fb8af4acf,A112393001,남산스퀘어,남산스퀘어,,,오피스,physical_asset,verified,Y,Y,keep_physical_name,real estate type or physical evidence exists
ast_ff8a69b5d1fd,A112401001,San Mauro Torinese,San Mauro Torinese,,"335호, 335호(A), 335호(F)",물류센터,physical_asset,verified,Y,N,keep_physical_name,real estate type or physical evidence exists
ast_ead5386059f5,A112401002,Carugate,Carugate,,335호,물류센터,physical_asset,verified,Y,N,keep_physical_name,real estate type or physical evidence exists
ast_615cb3a61bf2,A112401003,Verona,Verona,,335호,물류센터,physical_asset,verified,Y,N,keep_physical_name,real estate type or physical evidence exists
ast_179a3e793b6f,A112401004,Tori Di Quartesolo,Tori Di Quartesolo,,335호,물류센터,physical_asset,verified,Y,N,keep_physical_name,real estate type or physical evidence exists
ast_afa982be63cc,A112401005,Campegine,Campegine,,335호,물류센터,physical_asset,verified,Y,N,keep_physical_name,real estate type or physical evidence exists
ast_c70882b2b3ff,A112401006,Camplogalliano,Camplogalliano,,335호,물류센터,physical_asset,verified,Y,N,keep_physical_name,real estate type or physical evidence exists
ast_c7e88869e4e6,A112401007,Bologna Interporto,Bologna Interporto,,335호,물류센터,physical_asset,verified,Y,N,keep_physical_name,real estate type or physical evidence exists
ast_eb73897d66c4,A112445002,맹그로브 신설,맹그로브 신설,,리빙플랫폼 1호,호텔,physical_asset,verified,Y,Y,keep_physical_name,real estate type or physical evidence exists
ast_22f2b5989936,A112408001,Nuveen Real Estate U.S. Cities Multifamily Fund,,펀드지분 · 345호,345호,주거,physical_asset,verified,N,N,suppress_fund_like_name,fund-like/security-like name has no physical address or PNU evidence
ast_3363b64de849,A112409001,JP Morgan AMH HB Venture,JP Morgan AMH HB Venture,,343호,주거,physical_asset,verified,N,N,keep_physical_name,real estate type or physical evidence exists
ast_ce2d13497cbc,A112410001,New York 30 Hudson Yards Mezzanine Loan,New York 30 Hudson Yards,,350호,오피스,physical_asset,verified,Y,N,strip_instrument_terms,"physical evidence exists, but name contains loan/security terms"
ast_9bf678a7d2ae,A112411001,글로벌 리츠,글로벌 리츠,,리츠섹터SMA1호,,physical_asset,verified,N,N,review_unknown_name,insufficient evidence for automatic physical name decision
ast_db5ed66e1434,A112413001,Brookfield Super-Core Infrastructure Partners,Brookfield Super-Core Infrastructure Partners,,"348호, 348-1호, 348-2호, 348-3호",오피스복합,physical_asset,verified,N,N,keep_physical_name,real estate type or physical evidence exists
ast_878300cda6ad,A112445003,맹그로브 동대문,맹그로브 동대문,,리빙플랫폼 1호,호텔,physical_asset,verified,Y,Y,keep_physical_name,real estate type or physical evidence exists
ast_e505ab13fd73,A112418001,타이거대체전문투자형사모부동산투자신탁5호(미국캘리포니아주오렌지카운티소재상업용오피스 투자),타이거대체전문투자형사모부동산투자신탁5호(미국캘리포니아주오렌지카운티소재상업용오피스 투자),,"357호, 357호(1종), 357호(2종), 357호(3종)",오피스,physical_asset,verified,Y,N,keep_physical_name,real estate type or physical evidence exists
ast_c010b7ae021c,A112425001,글로벌 리츠,글로벌 리츠,,"고배당리츠, 고배당리츠(A), 고배당리츠(A-e), 고배당리츠(A-G), 고배당리츠(C), 고배당리츠(C-e), 고배당리츠(C-G), 고배당리츠(C-F), 고배당리츠(C-I), 고배당리츠(C-P), 고배당리츠(C-Pe), 고배당리츠(C-P2), 고배당리츠(C-P2e), 고배당리츠(C-W), 고배당리츠(S), 고배당리츠(S-P), 고배당리츠(S-P2)",,physical_asset,verified,N,N,review_unknown_name,insufficient evidence for automatic physical name decision
ast_7fe8561ccfd3,A112163001,부산 수영구 광안동 98-1외 7필지 오피스텔 PF대출,부산 수영구 광안동 98-1외 7필지 오피스텔 PF대출,,,주거,physical_asset,verified,Y,Y,keep_physical_name,real estate type or physical evidence exists
ast_914c4ba3efd4,A112446001,리빙플랫폼 1호,리빙플랫폼 1호,,,주거,physical_asset,verified,N,N,keep_physical_name,real estate type or physical evidence exists
ast_e60d36b43a64,A112449001,해운대 센텀 한진CY부지 Bridge Loan 선순위 담보대출 투자,해운대 센텀 한진CY부지,,364호,주거,physical_asset,verified,Y,Y,strip_instrument_terms,"physical evidence exists, but name contains loan/security terms"
ast_1a20ea59c075,A112450001,더강남832PFV의 지분증권 및 대출채권,더강남832PFV의 지분증권 및,,365호,오피스,physical_asset,verified,Y,Y,strip_instrument_terms,"physical evidence exists, but name contains loan/security terms"
ast_efc67c29f4e8,A112451001,부천소사PFV(P00008),부천소사PFV(P00008),,362호,주거,physical_asset,verified,N,N,keep_physical_name,real estate type or physical evidence exists
ast_dcf834c2a811,A112466004,장춘3호태양광발전소,장춘3호태양광발전소,,377호,,physical_asset,verified,Y,N,keep_physical_name,real estate type or physical evidence exists
ast_b455401a3b2c,A112466005,하늘별빛에너지태양광발전소,하늘별빛에너지태양광발전소,,377호,,physical_asset,verified,Y,N,keep_physical_name,real estate type or physical evidence exists
ast_5393f66e7bcb,A112466010,한국쏠라알피에스태양광발전소,한국쏠라알피에스태양광발전소,,377호,,physical_asset,verified,Y,N,keep_physical_name,real estate type or physical evidence exists
ast_de2b4769c13a,A112466014,삼산태양광발전소,삼산태양광발전소,,377호,,physical_asset,verified,Y,N,keep_physical_name,real estate type or physical evidence exists
ast_44fa365fae5f,A112466015,맥스에너지하리태양광발전,맥스에너지하리태양광발전,,377호,,physical_asset,verified,Y,N,keep_physical_name,real estate type or physical evidence exists
ast_12910bc887e1,A112466019,성남제이씨에너지,성남제이씨에너지,,377호,,physical_asset,verified,Y,N,keep_physical_name,real estate type or physical evidence exists
ast_f0849461378a,A112466020,선그린에너지,선그린에너지,,377호,,physical_asset,verified,Y,N,keep_physical_name,real estate type or physical evidence exists
ast_a56330cfa5d8,A112466001,환성2호태양광발전소,환성2호태양광발전소,,377호,,physical_asset,verified,Y,Y,keep_physical_name,real estate type or physical evidence exists
ast_e93b7e7a9f50,A112466002,환성3호태양광발전소,환성3호태양광발전소,,377호,,physical_asset,verified,Y,Y,keep_physical_name,real estate type or physical evidence exists
ast_47c9c0222e55,A112466003,예지안빛에너지,예지안빛에너지,,377호,,physical_asset,verified,Y,Y,keep_physical_name,real estate type or physical evidence exists
ast_d4676b749cd2,A112466006,해누리7호태양광발전소,해누리7호태양광발전소,,377호,,physical_asset,verified,Y,Y,keep_physical_name,real estate type or physical evidence exists
ast_fc9106a89950,A112466007,천리에너지2호태양광발전소,천리에너지2호태양광발전소,,377호,,physical_asset,verified,Y,Y,keep_physical_name,real estate type or physical evidence exists
ast_30ea47766ea3,A112466008,엠아이에너지태양광발전소,엠아이에너지태양광발전소,,377호,,physical_asset,verified,Y,Y,keep_physical_name,real estate type or physical evidence exists
ast_26e82856c0dc,A112466011,솔라팜1호,솔라팜1호,,377호,,physical_asset,verified,Y,Y,keep_physical_name,real estate type or physical evidence exists
ast_9a719e7b4ca2,A112466012,솔라팜2호,솔라팜2호,,377호,,physical_asset,verified,Y,Y,keep_physical_name,real estate type or physical evidence exists
ast_08feb99d7dd1,A112466016,맥스에너지금성태양광발전,맥스에너지금성태양광발전,,377호,,physical_asset,verified,Y,Y,keep_physical_name,real estate type or physical evidence exists
ast_a6d6041ea653,A112466017,제이에스금계태양광발전,제이에스금계태양광발전,,377호,,physical_asset,verified,Y,Y,keep_physical_name,real estate type or physical evidence exists
ast_6e21f7f90ac5,A112466021,일순에너지,일순에너지,,377호,,physical_asset,verified,Y,Y,keep_physical_name,real estate type or physical evidence exists
ast_a8f90f516d21,A112475001,CJ제일제당센터,CJ제일제당센터,,372호,오피스,physical_asset,verified,Y,Y,keep_physical_name,real estate type or physical evidence exists
ast_7f04e40d8fcc,A112466022,스카이에너지,스카이에너지,,377호,,physical_asset,verified,Y,Y,keep_physical_name,real estate type or physical evidence exists
ast_aab359e1cf01,A112466024,디앤피옥연,디앤피옥연,,377호,,physical_asset,verified,Y,N,keep_physical_name,real estate type or physical evidence exists
ast_84777620581a,A112466026,곡성,곡성,,377호,,physical_asset,verified,Y,N,keep_physical_name,real estate type or physical evidence exists
ast_3d2e2d559411,A112493001,두산타워(재간접),두산타워(재간접),,390호,오피스복합,physical_asset,verified,Y,Y,keep_physical_name,real estate type or physical evidence exists
ast_67c6580ada7b,A112466028,케이앤씨솔라리아,케이앤씨솔라리아,,377호,,physical_asset,verified,Y,N,keep_physical_name,real estate type or physical evidence exists
ast_86f45a70b070,A112470001,이지스 353호 (OPUS 459/舊백암빌딩),이지스 353호 (OPUS 459/舊백암빌딩),,기회추구2-2호,오피스복합,physical_asset,verified,N,N,keep_physical_name,real estate type or physical evidence exists
ast_a74111b9d3ac,A112471001,"이지스기회추구2-2호(353호,OPUS459/舊백암빌딩) 공동투자","이지스기회추구2-2호(353호,OPUS459/舊백암빌딩) 공동투자",,,오피스복합,physical_asset,verified,N,N,keep_physical_name,real estate type or physical evidence exists
ast_86bf4722d494,A112478001,US Courtyard by Marriott Portfolio Rescue Capital Loan,US Courtyard by Marriott Portfolio,,206-1호,호텔,physical_asset,verified,Y,N,strip_instrument_terms,"physical evidence exists, but name contains loan/security terms"
ast_d7155e535335,A112482001,GLP Europe Income Partners II,GLP Europe Income Partners II,,"366호, 366-1호",오피스복합,physical_asset,verified,N,N,keep_physical_name,real estate type or physical evidence exists
ast_5c591e0531aa,A112483001,Delaware Logistics Amazon FC,Delaware Logistics Amazon FC,,"378호, 378-1호, 378-2호",물류센터,physical_asset,verified,Y,N,keep_physical_name,real estate type or physical evidence exists
ast_f4fc6d89a82b,A112486001,CBRE U.S. Credit Partners LP,,펀드지분 · 382호,382호,오피스복합,physical_asset,verified,N,N,suppress_fund_like_name,fund-like/security-like name has no physical address or PNU evidence
ast_32afdcee5368,A112487001,부산 메디컬빌딩,부산 메디컬빌딩,,,리테일복합,physical_asset,verified,N,N,keep_physical_name,real estate type or physical evidence exists
ast_99b63c12cc89,A112495001,국내 리츠,국내 리츠,,"리츠포트폴리오 1호, K리츠포커스, 리츠포트폴리오3호",,physical_asset,verified,N,N,review_unknown_name,insufficient evidence for automatic physical name decision
ast_4b619049d6d7,A112495002,글로벌 리츠,글로벌 리츠,,"리츠포트폴리오 1호, 리츠포트폴리오3호",,physical_asset,verified,N,N,review_unknown_name,insufficient evidence for automatic physical name decision
ast_ff97a1f2dae8,A112466025,디앤피영천신기,디앤피영천신기,,377호,,physical_asset,verified,Y,Y,keep_physical_name,real estate type or physical evidence exists
ast_d19640044285,A112466027,케이앤씨해바라기,케이앤씨해바라기,,377호,,physical_asset,verified,Y,Y,keep_physical_name,real estate type or physical evidence exists
ast_3c2f16286fc7,A112466029,호니파워,호니파워,,377호,,physical_asset,verified,Y,Y,keep_physical_name,real estate type or physical evidence exists
ast_b0af734b18b2,A112466030,에스디일호,에스디일호,,377호,,physical_asset,verified,Y,Y,keep_physical_name,real estate type or physical evidence exists
ast_879736673d32,A112466031,에스플래닛삼십사호,에스플래닛삼십사호,,377호,,physical_asset,verified,Y,Y,keep_physical_name,real estate type or physical evidence exists
ast_f111ae69e480,A112466032,아인에너지,아인에너지,,377호,,physical_asset,verified,Y,Y,keep_physical_name,real estate type or physical evidence exists
ast_eb5a157872a8,A112474001,효제아트PFV(주식 및 주주대여),효제아트PFV(주식 및 주주대여),,384호,주거,physical_asset,verified,Y,Y,review_financial_name_with_physical_evidence,"physical evidence exists, but name contains loan/security terms"
ast_373f87c6b8d9,A112496001,Virginia Amazon Warehouse,Virginia Amazon Warehouse,,"380-1호, 380-2호",물류센터,physical_asset,verified,Y,N,keep_physical_name,real estate type or physical evidence exists
ast_f7a36f9524d4,A112502001,뉴멕시코주 아마존 물류센터,뉴멕시코주 아마존 물류센터,,"지엘아이피1-1호, 지엘아이피1-2호, 지엘아이피1-1호(1종), 지엘아이피1-1호(2종), 지엘아이피1-2호(1종), 지엘아이피1-2호(2종)",물류센터,physical_asset,verified,N,N,keep_physical_name,real estate type or physical evidence exists
ast_2973f4cd4890,A112504001,참빛솔라 태양광발전소,참빛솔라 태양광발전소,,392호,,physical_asset,verified,Y,N,keep_physical_name,real estate type or physical evidence exists
ast_85753c049318,A112504002,최강일 태양광발전소,최강일 태양광발전소,,392호,,physical_asset,verified,Y,N,keep_physical_name,real estate type or physical evidence exists
ast_fbce63b04e98,A112504005,새금풍력태양광발전소,새금풍력태양광발전소,,,,physical_asset,verified,Y,N,keep_physical_name,real estate type or physical evidence exists
ast_92dea7abe14c,A112504003,신명솔라 태양광발전소,신명솔라 태양광발전소,,392호,,physical_asset,verified,Y,Y,keep_physical_name,real estate type or physical evidence exists
ast_1aa61ea72a74,A112504004,성리태양광발전소,성리태양광발전소,,392호,,physical_asset,verified,Y,Y,keep_physical_name,real estate type or physical evidence exists
ast_b934e85074e0,A112504006,엠아이파워,엠아이파워,,392호,,physical_asset,verified,Y,Y,keep_physical_name,real estate type or physical evidence exists
ast_2382027b08d5,A112504015,비취정보기술,비취정보기술,,392호,,physical_asset,verified,Y,Y,keep_physical_name,real estate type or physical evidence exists
ast_f5dcfbca1b48,A112510001,디어스 명동,디어스 명동,,,호텔,physical_asset,verified,Y,Y,keep_physical_name,real estate type or physical evidence exists
ast_eadb0a414753,A112504014,투태모에너지3호,투태모에너지3호,,392호,,physical_asset,verified,Y,N,keep_physical_name,real estate type or physical evidence exists
ast_936d6d5e77d1,A112504016,은하수솔라,은하수솔라,,392호,,physical_asset,verified,Y,N,keep_physical_name,real estate type or physical evidence exists
ast_cc5aa1a95e56,A112504017,화성솔라,화성솔라,,392호,,physical_asset,verified,Y,N,keep_physical_name,real estate type or physical evidence exists
ast_1f7b90e8b01b,A112504021,옥스포드,옥스포드,,392호,,physical_asset,verified,Y,N,keep_physical_name,real estate type or physical evidence exists
ast_d16ce1cedc18,A112504022,미래화희망,미래화희망,,392호,,physical_asset,verified,Y,N,keep_physical_name,real estate type or physical evidence exists
ast_d2b681f14622,A112504023,해바라기,해바라기,,392호,,physical_asset,verified,Y,N,keep_physical_name,real estate type or physical evidence exists
ast_50b96d931bfa,A112505001,아레나스안성,아레나스안성,,,물류센터,physical_asset,verified,Y,N,keep_physical_name,real estate type or physical evidence exists
ast_e47c4c7b3344,A112519001,오산세교 주거시설,오산세교 주거시설,,이익참여형메자닌 1-1호,주거,physical_asset,verified,Y,N,keep_physical_name,real estate type or physical evidence exists
ast_d7d1561008f1,A112504010,의령2호,의령2호,,392호,,physical_asset,verified,Y,Y,keep_physical_name,real estate type or physical evidence exists
ast_c2fde5e671a6,A112504011,의령3호,의령3호,,392호,,physical_asset,verified,Y,Y,keep_physical_name,real estate type or physical evidence exists
ast_f39c0da608b1,A112504012,나눔과사랑,나눔과사랑,,392호,,physical_asset,verified,Y,Y,keep_physical_name,real estate type or physical evidence exists
ast_419a8602469e,A112504013,건화솔라,건화솔라,,392호,,physical_asset,verified,Y,Y,keep_physical_name,real estate type or physical evidence exists
ast_d0ca1e8f80e8,A112504018,임원,임원,,392호,,physical_asset,verified,Y,Y,keep_physical_name,real estate type or physical evidence exists
ast_9b387d397c17,A112504019,누리,누리,,392호,,physical_asset,verified,Y,Y,keep_physical_name,real estate type or physical evidence exists
ast_211db1826682,A112504020,평화와번영,평화와번영,,392호,,physical_asset,verified,Y,Y,keep_physical_name,real estate type or physical evidence exists
ast_dd450e43e303,A112504024,디앤피입암리1호,디앤피입암리1호,,392호,,physical_asset,verified,Y,Y,keep_physical_name,real estate type or physical evidence exists
ast_dd6d598a7920,A112504025,한려,한려,,392호,,physical_asset,verified,Y,Y,keep_physical_name,real estate type or physical evidence exists
ast_146d3e80165b,A112514001,"신동해빌딩, NICE2사옥","신동해빌딩, NICE2사옥",,"395호, 395호(1종), 395호(2종), 395호(1-1종), 395호(2-1종)",주거,physical_asset,verified,Y,Y,keep_physical_name,real estate type or physical evidence exists
ast_d67f522a279c,A112522001,안성 당목리 물류 개발사업,안성 당목리 물류 개발사업,,이익참여형메자닌1-2호,물류센터,physical_asset,verified,Y,Y,keep_physical_name,real estate type or physical evidence exists
ast_47cfb7af7038,A112546001,서울로타워,서울로타워,,"스트래티직 1호, P와이디816",오피스,physical_asset,verified,Y,Y,keep_physical_name,real estate type or physical evidence exists
ast_e7e65d3bc117,A112561001,역삼AP타워,역삼AP타워,,,오피스,physical_asset,verified,Y,Y,keep_physical_name,real estate type or physical evidence exists
ast_0e81972e2bec,A112535001,판교아이스퀘어D동,판교아이스퀘어D동,,,오피스복합,physical_asset,verified,Y,Y,keep_physical_name,real estate type or physical evidence exists
ast_ecfb9566d436,A112527002,부국물류센터,부국물류센터,,,물류센터,physical_asset,verified,Y,Y,keep_physical_name,real estate type or physical evidence exists
ast_bdd954c47a29,A112532001,이지스312호 수익증권,이지스312호 수익증권,,,오피스복합,physical_asset,verified,Y,N,review_financial_name_with_physical_evidence,"physical evidence exists, but name contains loan/security terms"
ast_7a29ef0974d5,A112569001,이지스354호 수익증권,이지스354호 수익증권,,,데이터센터,physical_asset,verified,Y,Y,review_financial_name_with_physical_evidence,"physical evidence exists, but name contains loan/security terms"
ast_46fa23347ee4,A112529001,동대문구 용두동 오피스텔 PF대출채권,동대문구 용두동 오피스텔 PF대출채권,,,주거,physical_asset,verified,Y,Y,review_financial_name_with_physical_evidence,"physical evidence exists, but name contains loan/security terms"
ast_42ffd5c419d7,A112539001,Hawaii Sky Ala Moana Senior B-note Loan,Hawaii Sky Ala Moana Senior B-note Loan,,"386호, 386호(1종), 386호(2종)",,physical_asset,verified,Y,N,keep_physical_name,real estate type or physical evidence exists
ast_20262366f9d0,A112540001,Washington D.C. Office Midtown Center,Washington D.C. Office Midtown Center,,"402-1호, 402-2호",,physical_asset,verified,Y,N,keep_physical_name,real estate type or physical evidence exists
ast_4a78efdfb00c,A112542001,이지스제200호일반사모부동산투자유한회사 2종 수익증권,이지스제200호일반사모부동산투자유한회사 2종 수익증권,,411호,주거,physical_asset,verified,N,N,keep_physical_name,real estate type or physical evidence exists
ast_2c327419d5d5,A112543001,글로벌 리츠,글로벌 리츠,,89-1호,,physical_asset,verified,N,N,review_unknown_name,insufficient evidence for automatic physical name decision
ast_f8c612d01935,A112551001,티마크호텔명동,티마크호텔명동,,,오피스,physical_asset,verified,Y,Y,keep_physical_name,real estate type or physical evidence exists
ast_e825b5c5a33f,A112558001,KKR Real Estate Partners Europe II,KKR Real Estate Partners Europe II,,410호,,physical_asset,verified,N,N,review_unknown_name,insufficient evidence for automatic physical name decision
ast_bf0627d6fee0,A112556001,네오밸류한남PFV의 제2종 종류주식,네오밸류한남PFV의 제2종 종류주식,,,오피스복합,physical_asset,verified,Y,Y,review_financial_name_with_physical_evidence,"physical evidence exists, but name contains loan/security terms"
ast_834d830d4c5a,A112560001,Manhattan Meatpacking Plaza Senior + Mezz Loan,Manhattan Meatpacking Plaza Senior + Mezz Loan,,401호,,physical_asset,verified,Y,N,keep_physical_name,real estate type or physical evidence exists
ast_a809ac0199e2,A112568001,Nuveen Global Real Estate Debt Partners Fund III (UK),,펀드지분 · 414호,414호,,physical_asset,verified,N,N,suppress_fund_like_name,fund-like/security-like name has no physical address or PNU evidence
ast_f5220c768a13,A112564001,Global REITs (수협),Global REITs (수협),,다이나믹글로벌리츠1호,,physical_asset,verified,N,N,review_unknown_name,insufficient evidence for automatic physical name decision
ast_91b68c7952e3,A112528001,청라 오피스텔,청라 오피스텔,,이익참여형메자닌 1-3호,주거,physical_asset,verified,Y,Y,keep_physical_name,real estate type or physical evidence exists
ast_73e5216b97f6,A112573001,이천 마장면 물류센터,이천 마장면 물류센터,,"426호, 426호(1종), 426호(2종), 426-1호",물류센터,physical_asset,verified,Y,N,keep_physical_name,real estate type or physical evidence exists
ast_8037c5fed7e0,A112576001,"Macquarie Infrasturcture Partners V, L.P","Macquarie Infrasturcture Partners V, L.P",,429호,,physical_asset,verified,N,N,review_unknown_name,insufficient evidence for automatic physical name decision
ast_89a55348d21e,A112577001,"Ardian Americas Infrastructure Fund V S.C.S., SICAV-RAIF",,"펀드지분 · 430호, 444호","430호, 444호",,physical_asset,verified,N,N,suppress_fund_like_name,fund-like/security-like name has no physical address or PNU evidence
ast_5cb81c5d6700,A112578001,Goldman Sachs West Street Infrastructure Partner IV,Goldman Sachs West Street Infrastructure Partner IV,,"431호, 450호, 441호",,physical_asset,verified,N,N,review_unknown_name,insufficient evidence for automatic physical name decision
ast_bfb1c5d3da5c,A112579001,마곡 명소화부지 개발사업,마곡 명소화부지 개발사업,,"420호, 420호(보통주), 420호(1종)",오피스복합,physical_asset,verified,Y,N,keep_physical_name,real estate type or physical evidence exists
ast_74b58d4dd7c7,A112582001,"Albany, Cleveland, Omaha BTS Logistics","Albany, Cleveland, Omaha BTS Logistics",,"417-1호, 417-2호",물류센터,physical_asset,verified,N,N,keep_physical_name,real estate type or physical evidence exists
ast_0595e7f4dccc,A112584002,동서발전,동서발전,,435호,,physical_asset,verified,Y,Y,keep_physical_name,real estate type or physical evidence exists
ast_9053eb385f92,A112584005,케이앤스틸테크놀로지,케이앤스틸테크놀로지,,435호,,physical_asset,verified,Y,N,keep_physical_name,real estate type or physical evidence exists
ast_181f610edf73,A112584010,케이에이치테크단북1호,케이에이치테크단북1호,,435호,,physical_asset,verified,Y,N,keep_physical_name,real estate type or physical evidence exists
ast_7b19a096c506,A112584004,현대산업쏠라5호,현대산업쏠라5호,,435호,,physical_asset,verified,Y,Y,keep_physical_name,real estate type or physical evidence exists
ast_71ccb419b102,A112584006,리에너지,리에너지,,435호,,physical_asset,verified,Y,Y,keep_physical_name,real estate type or physical evidence exists
ast_dfe3a3dedda0,A112584008,에스지,에스지,,435호,,physical_asset,verified,Y,Y,keep_physical_name,real estate type or physical evidence exists
ast_49a86c456d87,A112584009,케이앤씨벨에포크,케이앤씨벨에포크,,435호,,physical_asset,verified,Y,Y,keep_physical_name,real estate type or physical evidence exists
ast_62b8dcc42c6b,A112584011,미션,미션,,435호,,physical_asset,verified,Y,Y,keep_physical_name,real estate type or physical evidence exists
ast_cbe24d6ebb07,A112584012,윈즈에너지,윈즈에너지,,435호,,physical_asset,verified,Y,Y,keep_physical_name,real estate type or physical evidence exists
ast_7672f8ce7f37,A112584013,이큐에너지,이큐에너지,,435호,,physical_asset,verified,Y,Y,keep_physical_name,real estate type or physical evidence exists
ast_1a611af09927,A112584015,청수,청수,,435호,,physical_asset,verified,Y,Y,keep_physical_name,real estate type or physical evidence exists
ast_b5b2968544d4,A112584016,봉산햇빛,봉산햇빛,,435호,,physical_asset,verified,Y,Y,keep_physical_name,real estate type or physical evidence exists
ast_fc066c8daedb,A112584017,행암에너지일호,행암에너지일호,,435호,,physical_asset,verified,Y,Y,keep_physical_name,real estate type or physical evidence exists
ast_cb14a8027ca3,A112584018,도원에너지,도원에너지,,435호,,physical_asset,verified,Y,Y,keep_physical_name,real estate type or physical evidence exists
ast_401a2a614838,A112584019,솔빛에너지,솔빛에너지,,435호,,physical_asset,verified,Y,Y,keep_physical_name,real estate type or physical evidence exists
ast_7e82a79ae501,A112584021,에이치엠솔라1,에이치엠솔라1,,,,physical_asset,verified,Y,Y,keep_physical_name,real estate type or physical evidence exists
ast_b4b61550017e,A112584022,이에스에이치12,이에스에이치12,,,,physical_asset,verified,Y,Y,keep_physical_name,real estate type or physical evidence exists
ast_f0b3bee2e7f8,A112584023,지티씨솔라13호,지티씨솔라13호,,435호,,physical_asset,verified,Y,Y,keep_physical_name,real estate type or physical evidence exists
ast_ecbd3dcd5c8a,A112584024,강구16호,강구16호,,435호,,physical_asset,verified,Y,Y,keep_physical_name,real estate type or physical evidence exists
ast_d1b08df14213,A112584025,외삼1호,외삼1호,,435호,,physical_asset,verified,Y,Y,keep_physical_name,real estate type or physical evidence exists
ast_0db517682813,A112584026,외삼2호,외삼2호,,435호,,physical_asset,verified,Y,Y,keep_physical_name,real estate type or physical evidence exists
ast_5d805aade4f5,A112584027,솔라트리1호,솔라트리1호,,435호,,physical_asset,verified,Y,Y,keep_physical_name,real estate type or physical evidence exists
ast_c22cfc14fece,A112584028,김송하,김송하,,435호,,physical_asset,verified,Y,Y,keep_physical_name,real estate type or physical evidence exists
ast_fd6c2781e217,A112584020,에스와이솔라,에스와이솔라,,,,physical_asset,verified,Y,Y,keep_physical_name,real estate type or physical evidence exists
ast_b63d20942515,A112584033,씨에스에너텍,씨에스에너텍,,,,physical_asset,verified,Y,Y,keep_physical_name,real estate type or physical evidence exists
ast_eb9fef2fb0a9,A112584029,에스이피브,에스이피브,,435호,,physical_asset,verified,Y,Y,keep_physical_name,real estate type or physical evidence exists
ast_abdd62503393,A112584030,케이앤씨헤르메스,케이앤씨헤르메스,,435호,,physical_asset,verified,Y,Y,keep_physical_name,real estate type or physical evidence exists
ast_57c1d0a7ef1e,A112584031,모두에너지,모두에너지,,435호,,physical_asset,verified,Y,Y,keep_physical_name,real estate type or physical evidence exists
ast_1e2221e5e270,A112584032,솔라팩토리10호,솔라팩토리10호,,435호,,physical_asset,verified,Y,Y,keep_physical_name,real estate type or physical evidence exists
ast_97b4c5674171,A112584034,알이씨에너지,알이씨에너지,,435호,,physical_asset,verified,Y,Y,keep_physical_name,real estate type or physical evidence exists
ast_f063805d4b42,A112739001,Apollo European Principal Finance Fund IV,,펀드지분 · A112739001,,,physical_asset,verified,N,N,suppress_fund_like_name,fund-like/security-like name has no physical address or PNU evidence
ast_dafd8d7ea9a9,A112584036,어량리,어량리,,435호,,physical_asset,verified,Y,N,keep_physical_name,real estate type or physical evidence exists
ast_74c55ca84e27,A112589001,원그로브(마곡CP4 복합개발사업),원그로브(마곡CP4 복합개발사업),,"416호, 416호(1종), 416호(2종)",오피스복합,physical_asset,verified,Y,Y,keep_physical_name,real estate type or physical evidence exists
ast_b03e4a6447f9,A112586001,후너스빌딩,후너스빌딩,,,오피스,physical_asset,verified,Y,Y,keep_physical_name,real estate type or physical evidence exists
ast_9a12d0c2189f,A112593001,영보빌딩1,영보빌딩1,,,오피스,physical_asset,verified,Y,Y,keep_physical_name,real estate type or physical evidence exists
ast_88157f8599f7,A112584045,솔라팩토리22호,솔라팩토리22호,,435호,,physical_asset,verified,Y,N,keep_physical_name,real estate type or physical evidence exists
ast_1a8c028a5e37,A112585001,NY Brooklyn MF SpringCreek Tower,NY Brooklyn MF SpringCreek Tower,,427호,주거복합,physical_asset,verified,N,N,keep_physical_name,real estate type or physical evidence exists
ast_cb59978f02bf,A112587001,국내 리츠,국내 리츠,,"K-리츠, 라이징K리츠(A), 라이징K리츠(A-e), 라이징K리츠(A-G), 라이징K리츠(C), 라이징K리츠(C-e), 라이징K리츠(C-G), 라이징K리츠(C-F), 라이징K리츠(C-I), 라이징K리츠(C-P), 라이징K리츠(C-Pe), 라이징K리츠(C-P2), 라이징K리츠(C-P2e), 라이징K리츠(C-W), 라이징K리츠(S), 라이징K리츠(S-P), 라이징K리츠(S-P2)",,physical_asset,verified,N,N,review_unknown_name,insufficient evidence for automatic physical name decision
ast_c7abc1f4627e,A112588001,Toronto The One Senior Loan (Standby Facility),Toronto The One,,434호,오피스복합,physical_asset,verified,Y,N,strip_instrument_terms,"physical evidence exists, but name contains loan/security terms"
ast_4a2315b88c84,A112596001,"국내 리츠, 글로벌 리츠","국내 리츠, 글로벌 리츠",,리츠포트폴리오 2호,,physical_asset,verified,N,N,review_unknown_name,insufficient evidence for automatic physical name decision
ast_d19b7e4dea84,A112598001,East Alexandria Multifamily The Foundry,East Alexandria Multifamily The Foundry,,"436-1호, 436-2호",,physical_asset,verified,Y,N,keep_physical_name,real estate type or physical evidence exists
ast_a497abe03a47,A112600001,Atlanta Data Center PwC,Atlanta Data Center PwC,,438호,,physical_asset,verified,Y,N,keep_physical_name,real estate type or physical evidence exists
ast_0d67a2c2d304,A112602002,아이에이제십사차유동화전문 유한회사,아이에이제십사차유동화전문 유한회사,,NPL3호,특별자산,physical_asset,verified,N,N,keep_physical_name,real estate type or physical evidence exists
ast_5a8751925824,A112584037,비케이솔라,비케이솔라,,435호,,physical_asset,verified,Y,Y,keep_physical_name,real estate type or physical evidence exists
ast_fa5c29f90c9f,A112584038,와이알에너지,와이알에너지,,435호,,physical_asset,verified,Y,Y,keep_physical_name,real estate type or physical evidence exists
ast_71e2c09c8e7e,A112584039,유현그린,유현그린,,435호,,physical_asset,verified,Y,Y,keep_physical_name,real estate type or physical evidence exists
ast_77ede44aa23a,A112584040,케이앤씨그린북,케이앤씨그린북,,435호,,physical_asset,verified,Y,Y,keep_physical_name,real estate type or physical evidence exists
ast_60fde6988245,A112584041,디앤피상주,디앤피상주,,435호,,physical_asset,verified,Y,Y,keep_physical_name,real estate type or physical evidence exists
ast_af81a8c4e0a3,A112584042,적화솔라,적화솔라,,435호,,physical_asset,verified,Y,Y,keep_physical_name,real estate type or physical evidence exists
ast_ebcbfb2a0ea5,A112584043,솔라시너지햇빛1호,솔라시너지햇빛1호,,435호,,physical_asset,verified,Y,Y,keep_physical_name,real estate type or physical evidence exists
ast_4a41b5cdfb00,A112584044,이인메가태양광,이인메가태양광,,435호,,physical_asset,verified,Y,Y,keep_physical_name,real estate type or physical evidence exists
ast_b24257eace32,A112602003,주식회사 아이에이에이치에프합정,주식회사 아이에이에이치에프합정,,NPL3호,특별자산,physical_asset,verified,N,N,keep_physical_name,real estate type or physical evidence exists
ast_5592bb858cba,A112602004,아이에이와이디유동화전문 유한회사,아이에이와이디유동화전문 유한회사,,NPL3호,특별자산,physical_asset,verified,N,N,keep_physical_name,real estate type or physical evidence exists
ast_3fc53b50b636,A112607001,Brookfield Super-Core Infrastructure Partners,Brookfield Super-Core Infrastructure Partners,,,,physical_asset,verified,N,N,review_unknown_name,insufficient evidence for automatic physical name decision
ast_7a24bbf34ad5,A112642001,화성 석포리 물류센터,화성 석포리 물류센터,,,물류센터,physical_asset,verified,Y,Y,keep_physical_name,real estate type or physical evidence exists
ast_cd9937cc8678,A112614001,와이디427피에프브이 주식회사,와이디427피에프브이 주식회사,,"421호, 421호(A종), 421호(B종), 421호(C종), 421호(C-1종)",오피스복합,physical_asset,verified,N,N,keep_physical_name,real estate type or physical evidence exists
ast_386a43afd1af,A112616001,서초동 오피스텔 개발 사업,서초동 오피스텔 개발 사업,,446호,주거,physical_asset,verified,Y,N,keep_physical_name,real estate type or physical evidence exists
ast_334dab757ff6,A112617001,Unico Core Plus Partners,Unico Core Plus Partners,,447호,,physical_asset,verified,N,N,review_unknown_name,insufficient evidence for automatic physical name decision
ast_e8ad3281d39e,A112618001,Enlink project patton,Enlink project patton,,449호,,physical_asset,verified,N,N,review_unknown_name,insufficient evidence for automatic physical name decision
ast_fc9a53f384d8,A112619001,Goldman Sachs West Street Infrastructure Partner IV,Goldman Sachs West Street Infrastructure Partner IV,,,,physical_asset,verified,N,N,review_unknown_name,insufficient evidence for automatic physical name decision
ast_d21464a17e8c,A112621001,Hines US Property Partners,Hines US Property Partners,,"448-1호, 448-2호, 448-3호, 448-4호, 448-5호, 466-1호, 466-2호, 469-1호, 469-2호",오피스복합,physical_asset,verified,N,N,keep_physical_name,real estate type or physical evidence exists
ast_9dae37d9ddc4,A112626001,글로벌 리츠,글로벌 리츠,,투자풀11호,,physical_asset,verified,N,N,review_unknown_name,insufficient evidence for automatic physical name decision
ast_8485bd818e1d,A112629001,국내 리츠,국내 리츠,,"리츠플랫폼, 리츠플랫폼(A), 리츠플랫폼(C), 리츠플랫폼(C-i), 리츠플랫폼(C-f), 리츠플랫폼(C-g), 리츠플랫폼(C-w)",,physical_asset,verified,N,N,review_unknown_name,insufficient evidence for automatic physical name decision
ast_508cc8fee1ee,A112641001,세운5구역PFV(주) 지분,세운5구역PFV(주) 지분,,"454호, 462호",오피스복합,physical_asset,verified,N,N,keep_physical_name,real estate type or physical evidence exists
ast_71e4c2f1e642,A112645001,ARES Special Opportunities Fund,,펀드지분 · 453호,453호,,physical_asset,verified,N,N,suppress_fund_like_name,fund-like/security-like name has no physical address or PNU evidence
ast_576c45603803,A112647001,신재생에너지 발전사업 PF대출,신재생에너지 발전사업 PF대출,,ESG일반사모1호,,physical_asset,verified,N,N,review_unknown_name,insufficient evidence for automatic physical name decision
ast_3ad28593fd5f,A112648001,Brookfield UK Gas Distribution Sidecar (SGN),Brookfield UK Gas Distribution Sidecar (SGN),,445호,,physical_asset,verified,N,N,review_unknown_name,insufficient evidence for automatic physical name decision
ast_e0d705ed16ed,A112658001,Clarion Gables Multifamily Fund,,펀드지분 · 455호,455호,오피스복합,physical_asset,verified,N,N,suppress_fund_like_name,fund-like/security-like name has no physical address or PNU evidence
ast_92f36c01f427,A112663001,DWS Four Columns Junior Capital Fund Ⅵ,,펀드지분 · 464호,464호,오피스복합,physical_asset,verified,N,N,suppress_fund_like_name,fund-like/security-like name has no physical address or PNU evidence
ast_428853fb1dec,A112664001,Global REITs(삼성OCIO),Global REITs(삼성OCIO),,연기금글로벌리츠1호,,physical_asset,verified,N,N,review_unknown_name,insufficient evidence for automatic physical name decision
ast_6c274653ed0b,A112608001,고양삼송데이터센터,고양삼송데이터센터,,"439호, 439호(1종), 439호(2종), 439호(A종), 439호(B종)",데이터센터,physical_asset,verified,Y,Y,keep_physical_name,real estate type or physical evidence exists
ast_2ab8e79a6c7d,A112611001,효제동 오피스텔 사업부지,효제동 오피스텔 사업부지,,"하우징플랫폼 1호, 하우징플랫폼1호(1종), 하우징플랫폼1호(2종)",주거,physical_asset,verified,Y,Y,keep_physical_name,real estate type or physical evidence exists
ast_37199617fe59,A112611003,울산KTX역 오피스텔 사업부지,울산KTX역 오피스텔 사업부지,,하우징플랫폼 1호,주거,physical_asset,verified,Y,Y,keep_physical_name,real estate type or physical evidence exists
ast_559d02c0218e,A112640001,인천가좌동데이터센터,인천가좌동데이터센터,,,데이터센터,physical_asset,verified,Y,Y,keep_physical_name,real estate type or physical evidence exists
ast_b1bc52e1340b,A112665001,Erfurt Amazon Robotics Fulfillment Center Senior Mezzanine Loan,Erfurt Amazon Robotics Fulfillment Center Senior Mezzanine Loan,,461호,,physical_asset,verified,Y,N,keep_physical_name,real estate type or physical evidence exists
ast_0d7b28ca87e1,A112666005,성수동 오피스 개발사업 선순위 브릿지론,성수동 오피스 개발사업 선순위 브릿지론,,부동산론 1호,,physical_asset,verified,Y,Y,keep_physical_name,real estate type or physical evidence exists
ast_7f15dadaebbf,A112666004,카이트타워 선순위 담보대출,카이트타워 선순위,,부동산론 1호,오피스,physical_asset,verified,Y,Y,strip_instrument_terms,"physical evidence exists, but name contains loan/security terms"
ast_6a1d2d5f164d,A112699001,페어필드 메리어트 서울,페어필드 메리어트 서울,,,호텔,physical_asset,verified,Y,Y,keep_physical_name,real estate type or physical evidence exists
ast_59d30ecfb664,A112721001,인천석남물류센터,인천석남물류센터,,,물류센터,physical_asset,verified,Y,Y,keep_physical_name,real estate type or physical evidence exists
ast_2638f065215a,A112672001,이지스제472호일반사모부동산투자회사의 지분증권 (재간접),이지스제472호일반사모부동산투자회사의 지분증권 (재간접),,,데이터센터,physical_asset,verified,N,N,keep_physical_name,real estate type or physical evidence exists
ast_a9606b58f51e,A112679001,이지스 468-2호 수익증권,이지스 468-2호 수익증권,,,오피스복합,physical_asset,verified,N,N,keep_physical_name,real estate type or physical evidence exists
ast_4cdaa02c3ae7,A112682001,이지스일반사모부동산투자신탁제468-2호(2종)의 수익증권,이지스일반사모부동산투자신탁제468-2호(2종)의 수익증권,,,오피스복합,physical_asset,verified,N,N,keep_physical_name,real estate type or physical evidence exists
ast_9ecfbd60d856,A112680001,펨코제17호기업구조조정부동산투자회사의 주식,펨코제17호기업구조조정부동산투자회사의 주식,,,오피스복합,physical_asset,verified,Y,Y,review_financial_name_with_physical_evidence,"physical evidence exists, but name contains loan/security terms"
ast_53a1b2b68541,A112693001,이지스제463호부동산일반사모투자회사 주식,이지스제463호부동산일반사모투자회사 주식,,,리테일,physical_asset,verified,N,N,keep_physical_name,real estate type or physical evidence exists
ast_89ffa6034b43,A112694001,이지스제463호부동산일반사모투자회사,이지스제463호부동산일반사모투자회사,,,오피스,physical_asset,verified,Y,N,keep_physical_name,real estate type or physical evidence exists
ast_a98062ccc3a8,A112690001,서울시티타워,서울시티타워,,,오피스,physical_asset,verified,Y,Y,keep_physical_name,real estate type or physical evidence exists
ast_7e5918652b7b,A112700001,여의도 신한금융투자타워,여의도 신한금융투자타워,,,오피스,physical_asset,verified,Y,N,keep_physical_name,real estate type or physical evidence exists
ast_a3403c93d165,A112744001,"공모주, 스팩",,공모주 · A112744001,,,physical_asset,verified,N,N,suppress_financial_name,financial/security keyword without enough physical evidence
ast_9ea926bd721a,A112667001,HSBC Senior UK Direct Lending Fund 2020 RAIF SICAV-S.A.,,"크레딧펀드/펀드지분 · 465호, 465-1호","465호, 465-1호",,physical_asset,verified,N,N,suppress_fund_like_name,fund-like/security-like name has no physical address or PNU evidence
ast_431f0dbd0f1f,A112672001,이지스제472호일반사모부동산투자회사의 지분증권 (재간접),이지스제472호일반사모부동산투자회사의 지분증권 (재간접),,"473호, 473호(1종), 473호(2종)",데이터센터,physical_asset,verified,N,N,keep_physical_name,real estate type or physical evidence exists
ast_c73013f20dc6,A112679001,이지스 468-2호 수익증권,이지스 468-2호 수익증권,,"랜드플랫폼 1-1호, 랜드플랫폼",오피스복합,physical_asset,verified,N,N,keep_physical_name,real estate type or physical evidence exists
ast_05fbe6b353fb,A112666003,여의도 유수홀딩스부지 오피스텔 개발사업 PF대출,여의도 유수홀딩스부지 오피스텔 개발사업 PF대출,,부동산론 1호,,physical_asset,verified,Y,Y,keep_physical_name,real estate type or physical evidence exists
ast_a90871f38856,A112748001,안산 초지동 데이터센터,안산 초지동 데이터센터,,,데이터센터,physical_asset,verified,Y,Y,keep_physical_name,real estate type or physical evidence exists
ast_0bab0f479396,A112669001,김포DC 개발사업,김포DC 개발사업,,"472호, 472호(1종), 472호(보통주), 472호(A종)",데이터센터,physical_asset,verified,Y,Y,keep_physical_name,real estate type or physical evidence exists
ast_344729614f8e,A300085001,국내 채권형 ETF,,노트/채권 · A300085001,,,physical_asset,verified,N,N,suppress_financial_name,financial/security keyword without enough physical evidence
ast_e3a8955cec50,A112682001,이지스일반사모부동산투자신탁제468-2호(2종)의 수익증권,이지스일반사모부동산투자신탁제468-2호(2종)의 수익증권,,"468-1호(A), 468-1호(C-I), 468-1호",오피스복합,physical_asset,verified,N,N,keep_physical_name,real estate type or physical evidence exists
ast_30a89c098710,A112055001,씨티플라자,씨티플라자,,,오피스,physical_asset,verified,Y,Y,keep_physical_name,real estate type or physical evidence exists
ast_32b8e4125074,A112687001,㈜동방 보유 유엔씨티㈜ 대출채권 매입,㈜동방 보유 유엔씨티㈜ 대출채권 매입,,,,physical_asset,verified,Y,Y,keep_physical_name,real estate type or physical evidence exists
ast_fdc6a46958de,A112693001,이지스제463호부동산일반사모투자회사 주식,이지스제463호부동산일반사모투자회사 주식,,463-1호,리테일,physical_asset,verified,N,N,keep_physical_name,real estate type or physical evidence exists
ast_2b86e2fb0350,A112050001,Prologis Targeted European Logistics Fund,,펀드지분 · A112050001,,물류센터,physical_asset,verified,N,N,suppress_fund_like_name,fund-like/security-like name has no physical address or PNU evidence
ast_b15d07c78d56,A112051001,Hines Poland Sustainable Income Fund,,펀드지분 · A112051001,,오피스복합,physical_asset,verified,N,N,suppress_fund_like_name,fund-like/security-like name has no physical address or PNU evidence
ast_7de62416869e,A112054001,롯데마트(대전대덕),롯데마트(대전대덕),,,리테일,physical_asset,verified,Y,Y,keep_physical_name,real estate type or physical evidence exists
ast_f634fefd3182,A112054003,롯데팩토리아울렛(인천),롯데팩토리아울렛(인천),,,리테일,physical_asset,verified,Y,Y,keep_physical_name,real estate type or physical evidence exists
ast_28ca5c846449,A112056001,롯데마트(포항),롯데마트(포항),,,리테일,physical_asset,verified,Y,Y,keep_physical_name,real estate type or physical evidence exists
ast_699a38d90c72,A112057001,Colony Distressed Credit Fund IV,,크레딧펀드/펀드지분 · A112057001,,오피스,physical_asset,verified,N,N,suppress_fund_like_name,fund-like/security-like name has no physical address or PNU evidence
ast_1e36ef9dd9b2,A112722001,"국내 상장 리츠, 상장 인프라펀드, 채권형 펀드",,노트/채권 · A112722001,,,physical_asset,verified,N,N,suppress_financial_name,financial/security keyword without enough physical evidence
ast_ac86e3c795d0,A120044001,이지스제542호부동산일반사모투자회사(제1종),이지스제542호부동산일반사모투자회사(제1종),,,주거,physical_asset,verified,N,N,keep_physical_name,real estate type or physical evidence exists
ast_84c127b8ca64,A120045001,한림그린에너지 주식 및 대여금,,지분증권 · A120045001,,,physical_asset,verified,N,N,suppress_financial_name,financial/security keyword without enough physical evidence
ast_7895e015edf7,A120045002,코어그린에너지 주식 및 대여금,,지분증권 · A120045002,,,physical_asset,verified,N,N,suppress_financial_name,financial/security keyword without enough physical evidence
ast_47369fe0367d,A120045003,이지스유에이치 주식 및 대여금,,지분증권 · A120045003,,,physical_asset,verified,N,N,suppress_financial_name,financial/security keyword without enough physical evidence
ast_eecafb08b47c,A120045004,유에이치파워 대여금,유에이치파워 대여금,,,,physical_asset,verified,N,N,review_unknown_name,insufficient evidence for automatic physical name decision
ast_697ed2622b49,A120047001,이지스 코어에너지인프라 1호 수익증권,,금융상품 · A120047001,,,physical_asset,verified,N,N,suppress_financial_name,financial/security keyword without enough physical evidence
ast_8c5d70080541,A120050001,수서역세권 공공주택지구 B1-3BL 개발사업 브릿지대출,수서역세권 공공주택지구 B1-3BL 개발사업 브릿지대출,,,주거,physical_asset,verified,N,N,keep_physical_name,real estate type or physical evidence exists
ast_974048441032,A120053001,하이파킹 대여금,하이파킹 대여금,,,,physical_asset,verified,N,N,review_unknown_name,insufficient evidence for automatic physical name decision
ast_e13b8d7b93b9,A120056001,"금융기관 등이 보유하는 담보부 부실 대출재권, 기타 부실징후자산 및 기업관련 대출 채권 등(블라인드)",,노트/채권 · A120056001,,,physical_asset,verified,N,N,suppress_financial_name,financial/security keyword without enough physical evidence
ast_79e367791fe8,A120056002,아이에이제십오차유동화전문 유한회사,아이에이제십오차유동화전문 유한회사,,,특별자산,physical_asset,verified,N,N,keep_physical_name,real estate type or physical evidence exists
ast_a67100590140,A120056003,아이에이제십육차유동화전문 유한회사,아이에이제십육차유동화전문 유한회사,,,특별자산,physical_asset,verified,N,N,keep_physical_name,real estate type or physical evidence exists
ast_91c206cb4478,A120062001,위례Senior Living 개발사업,위례Senior Living 개발사업,,,주거,physical_asset,verified,Y,Y,keep_physical_name,real estate type or physical evidence exists
ast_9fa9d0943be6,A112065001,Miami Courvoisier Center Senior Loan,Miami Courvoisier Center,,,오피스,physical_asset,verified,Y,N,strip_instrument_terms,"physical evidence exists, but name contains loan/security terms"
ast_e342ebe1ccdf,A112067001,괌 웨스틴 호텔,괌 웨스틴 호텔,,,호텔,physical_asset,verified,Y,N,keep_physical_name,real estate type or physical evidence exists
ast_953c098ae44b,A112068001,New York 787 Seventh Avenue Mezzanine Loan,New York 787 Seventh Avenue,,,오피스,physical_asset,verified,Y,N,strip_instrument_terms,"physical evidence exists, but name contains loan/security terms"
ast_9b78a5e73c6b,A112072001,Nuveen UK Enhanced Debt Fund,Nuveen UK Enhanced Debt Fund,,,오피스복합,physical_asset,verified,Y,N,review_financial_name_with_physical_evidence,"physical evidence exists, but name contains loan/security terms"
ast_07a74d2ee7e4,A112073001,Dallas KPMG Plaza Senior Loan,Dallas KPMG Plaza,,,오피스,physical_asset,verified,Y,N,strip_instrument_terms,"physical evidence exists, but name contains loan/security terms"
ast_5a5178267eeb,A112074001,AXA Real Estate Development Venture IV,AXA Real Estate Development Venture IV,,,오피스복합,physical_asset,verified,N,N,keep_physical_name,real estate type or physical evidence exists
ast_e123d535adec,A120057001,세원이앤씨(주)의 담보부 신주인수권부 사채,세원이앤씨(주)의 담보부 신주인수권부 사채,,,,physical_asset,verified,N,N,review_unknown_name,insufficient evidence for automatic physical name decision
ast_00d6ab2ffdec,A120070001,이지스10호(2종)의 수익증권,이지스10호(2종)의 수익증권,,,오피스,physical_asset,verified,N,N,keep_physical_name,real estate type or physical evidence exists
ast_2fd6370e9280,A120074001,용산라이프PFV(보통주),용산라이프PFV(보통주),,,오피스,physical_asset,verified,Y,N,keep_physical_name,real estate type or physical evidence exists
ast_95374ce1a930,A120076001,이지스경산물류제1호일반사모부동산투자회사의 1종 종류주식,이지스경산물류제1호일반사모부동산투자회사의 1종 종류주식,,,물류센터,physical_asset,verified,N,N,keep_physical_name,real estate type or physical evidence exists
ast_a732f4857c2e,A120081001,이지스경산로지스1호(보통주),이지스경산로지스1호(보통주),,,물류센터,physical_asset,verified,N,N,keep_physical_name,real estate type or physical evidence exists
ast_10667fe678d4,A120084001,이지스제572호부동산일반사모투자회사(1종),이지스제572호부동산일반사모투자회사(1종),,,데이터센터,physical_asset,verified,N,N,keep_physical_name,real estate type or physical evidence exists
ast_dc99a27ccb95,A120091001,"재생에너지 플랫폼회사(""HoldCo"")에 대한 지분 및 주주대여금","재생에너지 플랫폼회사(""HoldCo"")에 대한 지분 및 주주대여금",,,,physical_asset,verified,N,N,review_unknown_name,insufficient evidence for automatic physical name decision
ast_aa235517fdc1,A120099001,용산라이프PFV 대여금,용산라이프PFV 대여금,,,오피스,physical_asset,verified,Y,N,keep_physical_name,real estate type or physical evidence exists
ast_c28b363f2b5a,A112699001,페어필드 메리어트 서울,페어필드 메리어트 서울,,,호텔,physical_asset,verified,Y,Y,keep_physical_name,real estate type or physical evidence exists
ast_7cf20a80bc30,A112064001,쌈지길,쌈지길,,,리테일,physical_asset,verified,Y,Y,keep_physical_name,real estate type or physical evidence exists
ast_20f01c104a7a,A112071001,종로타워,종로타워,,,오피스,physical_asset,verified,Y,Y,keep_physical_name,real estate type or physical evidence exists
ast_7e206e73f6fa,A112694001,이지스제463호부동산일반사모투자회사,이지스제463호부동산일반사모투자회사,,,오피스,physical_asset,verified,Y,N,keep_physical_name,real estate type or physical evidence exists
ast_3b3b6275cb37,A112700001,여의도 신한금융투자타워,여의도 신한금융투자타워,,,오피스,physical_asset,verified,Y,N,keep_physical_name,real estate type or physical evidence exists
ast_6620a797dae4,A112704001,인천 가좌동 소재 개발자산 선매입,인천 가좌동 소재 개발자산 선매입,,475호,데이터센터,physical_asset,verified,N,N,keep_physical_name,real estate type or physical evidence exists
ast_5eb6a1cf88bd,A120059001,서울 서초구 반포동 64-1번지 일원 개발사업장 브릿지,서울 서초구 반포동 64-1번지 일원 개발사업장 브릿지,,,주거,physical_asset,verified,Y,Y,keep_physical_name,real estate type or physical evidence exists
ast_47df51a6036d,A112025004,호수빌딩,호수빌딩,,,오피스,physical_asset,verified,Y,Y,keep_physical_name,real estate type or physical evidence exists
ast_51861017a45e,A112781001,채권,,노트/채권 · A112781001,,,physical_asset,verified,N,N,suppress_financial_name,financial/security keyword without enough physical evidence
ast_b8260924bf5c,A120022001,랜드플랫폼 1-1호,랜드플랫폼 1-1호,,,오피스복합,physical_asset,verified,N,N,keep_physical_name,real estate type or physical evidence exists
ast_0713581af76f,A120106001,이지스 130호(모) 제1-1종 수익증권,이지스 130호(모) 제1-1종 수익증권,,,,physical_asset,verified,Y,Y,keep_physical_name,real estate type or physical evidence exists
ast_585e399aa10a,A112081002,뉴코아아울렛(평촌),뉴코아아울렛(평촌),,,리테일,physical_asset,verified,Y,Y,keep_physical_name,real estate type or physical evidence exists
ast_366f9df25803,A112081003,뉴코아아울렛(일산),뉴코아아울렛(일산),,,리테일,physical_asset,verified,Y,Y,keep_physical_name,real estate type or physical evidence exists
ast_b826792d7e17,A112709001,비상장 상환전환우선주,비상장 상환전환우선주,,코스닥벤처1호,,physical_asset,verified,N,N,review_unknown_name,insufficient evidence for automatic physical name decision
ast_ac998c897426,A112709002,전환사채,,전환사채 · 코스닥벤처1호,코스닥벤처1호,,physical_asset,verified,N,N,suppress_financial_name,financial/security keyword without enough physical evidence
ast_4d1430b5f175,A112709003,공모주,,"공모주 · 코스닥벤처1호, 멀티인컴1호, 멀티인컴1호(A) 외 35","코스닥벤처1호, 멀티인컴1호, 멀티인컴1호(A), 멀티인컴1호(C), 멀티인컴1호(C-i), 멀티인컴1호(C-g), 멀티인컴3호, 하이일드공모주1호, 하이일드공모주1호(A), 하이일드공모주1호(C), 하이일드공모주1호(C-i), 멀티인컴4호, 멀티드래곤1호, 인컴플러스2호, 인컴플러스3호, K본드알파2호, 하이일드2호, 하이일드2호(A), 하이일드2호(C1), 하이일드2호(C2), 셀렉K리츠목표달성형, 블루ON1호, 멀티드래곤2호, 코스닥벤처2호, 그린ON2호, 멀티드래곤4호, BDC1호, 멀티드래곤5호, 그린ON3호, 멀티플러스2호, 블랙ON1호, K-프런티어1호, 레포플러스1호, 코스닥벤처3호, 하이일드공모주3호, 그린ON4호, 멀티드래곤6호, 블루ON2호",,physical_asset,verified,N,N,suppress_financial_name,financial/security keyword without enough physical evidence
ast_d7cf5a8a230f,A112075001,유림빌딩,유림빌딩,,,리테일,physical_asset,verified,Y,Y,keep_physical_name,real estate type or physical evidence exists
ast_223406583df1,A190009001,The-K호텔서울 부지 재개발사업,The-K호텔서울 부지 재개발사업,,,오피스복합,physical_asset,verified,Y,Y,keep_physical_name,real estate type or physical evidence exists
ast_d8e5a4d52634,A112076001,US BioMed Portfolio Senior Loan,US BioMed Portfolio,,,오피스복합,physical_asset,verified,Y,N,strip_instrument_terms,"physical evidence exists, but name contains loan/security terms"
ast_31591298f257,A120119001,안성산하3지구물류센터개발사업,안성산하3지구물류센터개발사업,,,,physical_asset,verified,Y,Y,keep_physical_name,real estate type or physical evidence exists
ast_9152993b89ea,A112082001,부실채권을 기초자산으로 하는 SPC의 출자지분 및 사채,부실채권을 기초자산으로 하는 SPC의 출자지분 및 사채,,,특별자산,physical_asset,verified,Y,N,review_financial_name_with_physical_evidence,"physical evidence exists, but name contains loan/security terms"
ast_124d02c64658,A190001001,은평 시니어리빙 복합시설 개발,은평 시니어리빙 복합시설 개발,,,오피스복합,physical_asset,verified,Y,Y,keep_physical_name,real estate type or physical evidence exists
ast_6d43f949aadc,A190005001,가산 임대형기숙사개발사업,가산 임대형기숙사개발사업,,,주거,physical_asset,verified,Y,Y,keep_physical_name,real estate type or physical evidence exists
ast_ecc1f7608e99,A120102001,이지스용산PF재구조화일반사모1호(2종),이지스용산PF재구조화일반사모1호(2종),,,오피스복합,physical_asset,verified,N,N,keep_physical_name,real estate type or physical evidence exists
ast_91e7a3c81910,A190013001,포천정교리물류센터,포천정교리물류센터,,,물류센터,physical_asset,verified,Y,Y,keep_physical_name,real estate type or physical evidence exists
ast_76b291b30aae,A190002001,분당야탑물류센터,분당야탑물류센터,,,물류센터,physical_asset,verified,N,N,keep_physical_name,real estate type or physical evidence exists
ast_7e3205174267,A190008001,이태원동 133-17 외 2필지,이태원동 133-17 외 2필지,,,리테일,physical_asset,verified,Y,N,keep_physical_name,real estate type or physical evidence exists
ast_c67fa13e0d92,A190010001,이지스일반사모426호(1종),이지스일반사모426호(1종),,,물류센터,physical_asset,verified,N,N,keep_physical_name,real estate type or physical evidence exists
ast_f230c76d6975,A112710001,"AA- 이상 채권, 국내 상장 리츠, 공모주, 스팩",,"공모주/노트/채권 · 멀티인컴1호, 라이징K리츠, 올인원K리츠 외 2","멀티인컴1호, 라이징K리츠, 올인원K리츠, 멀티인컴5호, 그린ON1호",,physical_asset,verified,N,N,suppress_financial_name,financial/security keyword without enough physical evidence
ast_1bf3c754cc2c,A112718001,LA Wilshire Grand Center Senior Loan,LA Wilshire Grand Center Senior Loan,,"398호, 485호",,physical_asset,verified,Y,N,keep_physical_name,real estate type or physical evidence exists
ast_f812fe4f71e8,A112722001,"국내 상장 리츠, 상장 인프라펀드, 채권형 펀드",,노트/채권 · A112722001,,,physical_asset,verified,N,N,suppress_financial_name,financial/security keyword without enough physical evidence
ast_3a760d38807f,A112740001,"AA- 이상 채권, 국내 상장 리츠, 공모주, 스팩",,"공모주/노트/채권 · 멀티인컴2호, 멀티인컴2호(A), 멀티인컴2호(C) 외 1","멀티인컴2호, 멀티인컴2호(A), 멀티인컴2호(C), 멀티인컴2호(C-I)",,physical_asset,verified,N,N,suppress_financial_name,financial/security keyword without enough physical evidence
ast_62dfd826ce2e,A112744001,"공모주, 스팩",,"공모주 · 공모주1호, 공모주2호","공모주1호, 공모주2호",,physical_asset,verified,N,N,suppress_financial_name,financial/security keyword without enough physical evidence
ast_ff8814218ffe,A112720001,부천카스퀘어담보대출,부천카스퀘어담보대출,,,특별자산,physical_asset,verified,Y,Y,review_financial_name_with_physical_evidence,"physical evidence exists, but name contains loan/security terms"
ast_2ee9ca3d2082,A112756001,"해외 주식, 채권, ETF",,"지분증권/노트/채권 · T-프런티어1호, T-프런티어1호(A), T-프런티어1호(C) 외 2","T-프런티어1호, T-프런티어1호(A), T-프런티어1호(C), T-프런티어1호(C-i), T-프런티어1호(C-S)",,physical_asset,verified,N,N,suppress_financial_name,financial/security keyword without enough physical evidence
ast_19dc673946e8,A112763001,"AA- 이상 채권, 메자닌, 리츠IPO, 국내 상장 리츠, 공모주, 스팩",,공모주/메자닌대출/노트/채권 · A112763001,,,physical_asset,verified,N,N,suppress_financial_name,financial/security keyword without enough physical evidence
ast_3201a934e6fd,A112774001,수익/지분증권,,"지분증권/금융상품 · 508호(운용), 508호(1종), 508호(2종) 외 1","508호(운용), 508호(1종), 508호(2종), 508호(3종)",,physical_asset,verified,N,N,suppress_financial_name,financial/security keyword without enough physical evidence
ast_cc2317cd4c2a,A112721001,인천석남물류센터,인천석남물류센터,,,물류센터,physical_asset,verified,Y,Y,keep_physical_name,real estate type or physical evidence exists
ast_64e52adcf2aa,A112781001,채권,,노트/채권 · A112781001,,,physical_asset,verified,N,N,suppress_financial_name,financial/security keyword without enough physical evidence
ast_930b2bd97924,A112719001,공동주택,공동주택,,해운대1호,주거,physical_asset,verified,Y,Y,keep_physical_name,real estate type or physical evidence exists
ast_f5db0e416467,A112751001,인천석남물류센터,인천석남물류센터,,,물류센터,physical_asset,verified,Y,Y,keep_physical_name,real estate type or physical evidence exists
ast_6d6422bca00c,A112755001,두동 LG전자 통합물류센터,두동 LG전자 통합물류센터,,,물류센터,physical_asset,verified,Y,Y,keep_physical_name,real estate type or physical evidence exists
ast_512881449c97,A112748001,안산 초지동 데이터센터,안산 초지동 데이터센터,,"501호, 안산",데이터센터,physical_asset,verified,Y,Y,keep_physical_name,real estate type or physical evidence exists
ast_d92e2b93a0fd,A112778001,대전 둔산파이낸스빌딩,대전 둔산파이낸스빌딩,,,오피스,physical_asset,verified,Y,Y,keep_physical_name,real estate type or physical evidence exists
ast_71252a1db077,A120049001,수서 역세권B1-3BL B/L(이지스수서PF재구조화 2종 수익증권),수서 역세권B1-3BL B/L(이지스수서PF재구조화 2종 수익증권),,국내PF재구조화1-2호(모),주거,physical_asset,verified,Y,Y,review_financial_name_with_physical_evidence,"physical evidence exists, but name contains loan/security terms"
ast_2fd5f7d4daa1,A120085001,경산 쿠팡물류센터,경산 쿠팡물류센터,,,물류센터,physical_asset,verified,Y,Y,keep_physical_name,real estate type or physical evidence exists
ast_a838dff2176d,A112036002,Bell 본사(몬트리올) (대출),Bell 본사(몬트리올) (대출),,,오피스,physical_asset,verified,Y,N,keep_physical_name,real estate type or physical evidence exists
ast_ab996f8ae3c9,A300046001,ETF,ETF,,,,physical_asset,verified,N,N,review_unknown_name,insufficient evidence for automatic physical name decision
ast_7d6f8cc1d9cb,A200030002,시그니처타워,시그니처타워,,,,physical_asset,verified,Y,Y,keep_physical_name,real estate type or physical evidence exists
ast_5a6aabdecd80,A112036003,OJP사옥(워싱턴) (대출),OJP사옥(워싱턴) (대출),,,오피스,physical_asset,verified,Y,N,keep_physical_name,real estate type or physical evidence exists
ast_12a2b6420432,A120045005,와이에이치파워1 주식,,지분증권 · 코어에너지1호,코어에너지1호,,physical_asset,verified,N,N,suppress_financial_name,financial/security keyword without enough physical evidence
ast_0aa438f94f1a,A120045006,와이에이치파워2 주식,,지분증권 · 코어에너지1호,코어에너지1호,,physical_asset,verified,N,N,suppress_financial_name,financial/security keyword without enough physical evidence
ast_cb72bc41c781,A120045007,와이에이치파워3 주식,,지분증권 · 코어에너지1호,코어에너지1호,,physical_asset,verified,N,N,suppress_financial_name,financial/security keyword without enough physical evidence
ast_70826a89921c,A120045008,와이에이치파워4 주식,,지분증권 · 코어에너지1호,코어에너지1호,,physical_asset,verified,N,N,suppress_financial_name,financial/security keyword without enough physical evidence
ast_19343fe25554,A120047001,이지스 코어에너지인프라 1호 수익증권,,금융상품 · A120047001,,,physical_asset,verified,N,N,suppress_financial_name,financial/security keyword without enough physical evidence
ast_53985b2bb7f9,A120050001,수서역세권 공공주택지구 B1-3BL 개발사업 브릿지대출,수서역세권 공공주택지구 B1-3BL 개발사업 브릿지대출,,"수서PF, 수서PF(1종), 수서PF(2종)",주거,physical_asset,verified,N,N,keep_physical_name,real estate type or physical evidence exists
ast_e53c191931b7,A120053001,하이파킹 대여금,하이파킹 대여금,,모빌리티1호,,physical_asset,verified,N,N,review_unknown_name,insufficient evidence for automatic physical name decision
ast_fa4bc636d98d,A120056001,"금융기관 등이 보유하는 담보부 부실 대출재권, 기타 부실징후자산 및 기업관련 대출 채권 등(블라인드)",,노트/채권 · NPL4호,NPL4호,,physical_asset,verified,N,N,suppress_financial_name,financial/security keyword without enough physical evidence
ast_92f8a9036c31,A120056002,아이에이제십오차유동화전문 유한회사,아이에이제십오차유동화전문 유한회사,,NPL4호,특별자산,physical_asset,verified,N,N,keep_physical_name,real estate type or physical evidence exists
ast_720898f0f98d,A120056003,아이에이제십육차유동화전문 유한회사,아이에이제십육차유동화전문 유한회사,,NPL4호,특별자산,physical_asset,verified,N,N,keep_physical_name,real estate type or physical evidence exists
ast_d148de771db5,A120057001,세원이앤씨(주)의 담보부 신주인수권부 사채,세원이앤씨(주)의 담보부 신주인수권부 사채,,SBW턴어라운드,,physical_asset,verified,N,N,review_unknown_name,insufficient evidence for automatic physical name decision
ast_6df0b80f71d4,A120070001,이지스10호(2종)의 수익증권,이지스10호(2종)의 수익증권,,555호,오피스,physical_asset,verified,N,N,keep_physical_name,real estate type or physical evidence exists
ast_ab7f584e6f30,A120074001,용산라이프PFV(보통주),용산라이프PFV(보통주),,,오피스,physical_asset,verified,Y,N,keep_physical_name,real estate type or physical evidence exists
ast_30efc1e2c218,A120076001,이지스경산물류제1호일반사모부동산투자회사의 1종 종류주식,이지스경산물류제1호일반사모부동산투자회사의 1종 종류주식,,"경산 SS1호, 경산물류1호",물류센터,physical_asset,verified,N,N,keep_physical_name,real estate type or physical evidence exists
ast_9c85ee271a7f,A120081001,이지스경산로지스1호(보통주),이지스경산로지스1호(보통주),,"경산로지스1-1호, 경산로지스1-1호(1종), 경산로지스1-1호(2종)",물류센터,physical_asset,verified,N,N,keep_physical_name,real estate type or physical evidence exists
ast_0555a6694264,A120084001,이지스제572호부동산일반사모투자회사(1종),이지스제572호부동산일반사모투자회사(1종),,"산단2호, 572호(보통주), 572호(1종)",데이터센터,physical_asset,verified,N,N,keep_physical_name,real estate type or physical evidence exists
ast_1e6db3434a24,A120062001,위례Senior Living 개발사업,위례Senior Living 개발사업,,,주거,physical_asset,verified,Y,Y,keep_physical_name,real estate type or physical evidence exists
ast_1ce55ba1b6ee,A112041001,CBRE IM European Logistics Partners Fund,,펀드지분 · A112041001,,물류센터,physical_asset,verified,N,N,suppress_fund_like_name,fund-like/security-like name has no physical address or PNU evidence
ast_bd54043679c9,A120091001,"재생에너지 플랫폼회사(""HoldCo"")에 대한 지분 및 주주대여금","재생에너지 플랫폼회사(""HoldCo"")에 대한 지분 및 주주대여금",,"RE100솔라1호, RE100솔라1호(1종), RE100솔라1호(2종)",,physical_asset,verified,N,N,review_unknown_name,insufficient evidence for automatic physical name decision
ast_5804290d6389,A120099001,용산라이프PFV 대여금,용산라이프PFV 대여금,,"용산PF재구조화1호, 용산PF재구조화1호(1종), 용산PF재구조화1호(2종)",오피스,physical_asset,verified,Y,N,keep_physical_name,real estate type or physical evidence exists
ast_f13b025966c9,A120102001,이지스용산PF재구조화일반사모1호(2종),이지스용산PF재구조화일반사모1호(2종),,,오피스복합,physical_asset,verified,N,N,keep_physical_name,real estate type or physical evidence exists
ast_65a880c4a803,A120107001,이지스 130호(모) 제2-1종 수익증권,이지스 130호(모) 제2-1종 수익증권,,,,physical_asset,verified,Y,Y,keep_physical_name,real estate type or physical evidence exists
ast_475081c32f39,A190009001,The-K호텔서울 부지 재개발사업,The-K호텔서울 부지 재개발사업,,,오피스복합,physical_asset,verified,Y,Y,keep_physical_name,real estate type or physical evidence exists
ast_0d20df513bd5,A190002001,분당야탑물류센터,분당야탑물류센터,,,물류센터,physical_asset,verified,N,N,keep_physical_name,real estate type or physical evidence exists
ast_e88ca660b36b,A190008001,이태원동 133-17 외 2필지,이태원동 133-17 외 2필지,,,리테일,physical_asset,verified,Y,N,keep_physical_name,real estate type or physical evidence exists
ast_768ab56efe64,A190010001,이지스일반사모426호(1종),이지스일반사모426호(1종),,,물류센터,physical_asset,verified,N,N,keep_physical_name,real estate type or physical evidence exists
ast_d139acda1f42,A190017001,하남시풍산동9MW 데이터센터,하남시풍산동9MW 데이터센터,,"574호, 574호(보통주), 574호(1종)",데이터센터,physical_asset,verified,Y,N,keep_physical_name,real estate type or physical evidence exists
ast_2fec603a4a04,A200001001,Hines European Property Partners,Hines European Property Partners,,,,physical_asset,verified,N,N,review_unknown_name,insufficient evidence for automatic physical name decision
ast_381df0a46484,A200002001,Hines European Property Partners,Hines European Property Partners,,,,physical_asset,verified,N,N,review_unknown_name,insufficient evidence for automatic physical name decision
ast_e78bd37a55e6,A200004001,Pantheon PGSF VII,Pantheon PGSF VII,,,오피스복합,physical_asset,verified,N,N,keep_physical_name,real estate type or physical evidence exists
ast_8695f175dd4a,A200006001,Pantheon Viking Co-Invest LP,,펀드지분 · A200006001,,오피스복합,physical_asset,verified,N,N,suppress_fund_like_name,fund-like/security-like name has no physical address or PNU evidence
ast_548ddb1877f9,A200006002,NMP V,NMP V,,,오피스복합,physical_asset,verified,N,N,keep_physical_name,real estate type or physical evidence exists
ast_3659980079c3,A200006003,PGSF VII,PGSF VII,,,오피스복합,physical_asset,verified,N,N,keep_physical_name,real estate type or physical evidence exists
ast_f0b95ca0cdf6,A200006004,PSD III,PSD III,,,오피스복합,physical_asset,verified,N,N,keep_physical_name,real estate type or physical evidence exists
ast_16fa6fcbebcc,A200007001,"Pantheon Viking Co-Invest LP, NMP V",,펀드지분 · A200007001,,,physical_asset,verified,N,N,suppress_fund_like_name,fund-like/security-like name has no physical address or PNU evidence
ast_72454765bf79,A112077001,Washington D.C. Atlantic Building Senior Loan,Washington D.C. Atlantic Building Senior Loan,,,,physical_asset,verified,Y,N,keep_physical_name,real estate type or physical evidence exists
ast_dea48a44c033,A200008001,Toronto The One Super-senior Loan (Receivership Funding),Toronto The One Super-senior Loan (Receivership Funding),,,오피스복합,physical_asset,verified,Y,N,review_financial_name_with_physical_evidence,"physical evidence exists, but name contains loan/security terms"
ast_004573bcb481,A120119001,안성산하3지구물류센터개발사업,안성산하3지구물류센터개발사업,,,,physical_asset,verified,Y,Y,keep_physical_name,real estate type or physical evidence exists
ast_37df20b9e30d,A190005001,가산 임대형기숙사개발사업,가산 임대형기숙사개발사업,,"542호, 542호(1종), 542호(보통주식)",주거,physical_asset,verified,Y,Y,keep_physical_name,real estate type or physical evidence exists
ast_deef81e70ae6,A190013001,포천정교리물류센터,포천정교리물류센터,,560호,물류센터,physical_asset,verified,Y,Y,keep_physical_name,real estate type or physical evidence exists
ast_7b9ae18fb951,A190014001,명지녹산데이터센터개발사업,명지녹산데이터센터개발사업,,572호,데이터센터,physical_asset,verified,Y,Y,keep_physical_name,real estate type or physical evidence exists
ast_287fe9589946,A112523001,LA Wilshire Grand Center Senior Loan,LA Wilshire Grand Center,,,오피스복합,physical_asset,verified,Y,N,strip_instrument_terms,"physical evidence exists, but name contains loan/security terms"
ast_70ace4e1d11b,A200028001,미국 뉴욕 맨하탄 소재 오피스 자산 “285 Madison Avenue”의 선순위,미국 뉴욕 맨하탄 소재 오피스 자산 “285 Madison Avenue”의 선순위,,,오피스,physical_asset,verified,Y,N,keep_physical_name,real estate type or physical evidence exists
ast_3770bb0a2344,A200009001,Bridge Debt Strategies V Green Bridge LP,,펀드지분 · A200009001,,오피스복합,physical_asset,verified,N,N,suppress_fund_like_name,fund-like/security-like name has no physical address or PNU evidence
ast_28fa6c0336df,A200010001,Blackstone Real Estate Debt Strategies V,Blackstone Real Estate Debt Strategies V,,531호,오피스복합,physical_asset,verified,N,N,keep_physical_name,real estate type or physical evidence exists
ast_e99c7779c9b8,A112524001,두산빌딩,두산빌딩,,,오피스,physical_asset,verified,Y,Y,keep_physical_name,real estate type or physical evidence exists
ast_b5ddd770a044,A190014001,명지녹산데이터센터개발사업,명지녹산데이터센터개발사업,,,데이터센터,physical_asset,verified,Y,Y,keep_physical_name,real estate type or physical evidence exists
ast_814387955675,A112066001,PFV_Westwood 지분증권,PFV_Westwood 지분증권,,,물류센터,physical_asset,verified,N,N,keep_physical_name,real estate type or physical evidence exists
ast_2739f0f0f8b8,A190017001,하남시풍산동9MW 데이터센터,하남시풍산동9MW 데이터센터,,,데이터센터,physical_asset,verified,Y,N,keep_physical_name,real estate type or physical evidence exists
ast_ef77fc576a10,A200011001,Starwood European Real Estate Debt Finance II (SEREDF II,Starwood European Real Estate Debt Finance II (SEREDF II,,,오피스복합,physical_asset,verified,N,N,keep_physical_name,real estate type or physical evidence exists
ast_f51d6c73ca15,A200012001,"StepStone Secondary Opportunities Fund V Offshore, L.P.",,펀드지분 · A200012001,,,physical_asset,verified,N,N,suppress_fund_like_name,fund-like/security-like name has no physical address or PNU evidence
ast_4b5b1a719671,A200013001,"StepStone Secondary Opportunities Fund V Offshore, L.P.",,펀드지분 · A200013001,,,physical_asset,verified,N,N,suppress_fund_like_name,fund-like/security-like name has no physical address or PNU evidence
ast_c18ecd73207e,A200013002,"StepStone Secondary Opportunities Fund V Offshore Holdings, L.P. 가 발행하는 지분증권",,지분증권/펀드지분/금융상품 · A200013002,,,physical_asset,verified,N,N,suppress_fund_like_name,fund-like/security-like name has no physical address or PNU evidence
ast_8265c901d300,A200014001,TIKEHAU Capital이운용하는TIKEHAU Direct Lending 6L의수익증권,,크레딧펀드/금융상품 · A200014001,,오피스복합,physical_asset,verified,N,N,suppress_fund_like_name,fund-like/security-like name has no physical address or PNU evidence
ast_3970a929aade,A200016001,"ARDIAN Infrastructure Fund VI S.C.S., SICAV-RAIF",,펀드지분 · A200016001,,,physical_asset,verified,N,N,suppress_fund_like_name,fund-like/security-like name has no physical address or PNU evidence
ast_e8488224f793,A200017001,London Canon Bridge House Senior Loan,London Canon Bridge House Senior Loan,,,주거,physical_asset,verified,N,N,keep_physical_name,real estate type or physical evidence exists
ast_7fab604da477,A200018001,"Golub Capital Partners International 11, L.P.",,펀드지분 · A200018001,,,physical_asset,verified,N,N,suppress_fund_like_name,fund-like/security-like name has no physical address or PNU evidence
ast_733ffde19ae9,A200019001,"CollerCredit Secondaries - Opportunities Fund II-B, L.P.",,펀드지분 · A200019001,,,physical_asset,verified,N,N,suppress_fund_like_name,fund-like/security-like name has no physical address or PNU evidence
ast_4fd1e29a3132,A200019002,"AbryAdvanced Securities Fund III CV-A, L.P.",,펀드지분 · A200019002,,,physical_asset,verified,N,N,suppress_fund_like_name,fund-like/security-like name has no physical address or PNU evidence
ast_713975b50199,A200020001,SB Holding AB 그룹의 MidCo에 대한 중순위 대출,SB Holding AB 그룹의 MidCo에 대한 중순위 대출,,,,physical_asset,verified,N,N,review_unknown_name,insufficient evidence for automatic physical name decision
ast_c809dd5ea928,A200021001,Abry Advanced Securities Fund III CV-A,,펀드지분 · A200021001,,,physical_asset,verified,N,N,suppress_fund_like_name,fund-like/security-like name has no physical address or PNU evidence
ast_9ff3ad09710f,A200022001,Brookfield Super-Core Infrastructure Partners Partnership L.P.,,펀드지분 · A200022001,,,physical_asset,verified,N,N,suppress_fund_like_name,fund-like/security-like name has no physical address or PNU evidence
ast_ea7abbe04f2a,A200024001,"ARDIAN Infrastructure Fund VI S.C.S., SICAV-RAIF",,펀드지분 · A200024001,,,physical_asset,verified,N,N,suppress_fund_like_name,fund-like/security-like name has no physical address or PNU evidence
ast_589e9475da13,A200025001,AEW Partners Real Estate Fund X,,펀드지분 · A200025001,,오피스복합,physical_asset,verified,N,N,suppress_fund_like_name,fund-like/security-like name has no physical address or PNU evidence
ast_9aa66d591848,A200026001,Brookfield Strategic Real Estate Partners V,Brookfield Strategic Real Estate Partners V,,,,physical_asset,verified,N,N,review_unknown_name,insufficient evidence for automatic physical name decision
ast_8b720b34e564,A200027001,EQT Infrastructure VI (No.1) EUR SCSp,EQT Infrastructure VI (No.1) EUR SCSp,,,오피스복합,physical_asset,verified,N,N,keep_physical_name,real estate type or physical evidence exists
ast_cf36161fc545,A200029001,PMBK가 운용하는 APAC Sustainable Infrastructure Fund LP의 수익증권,,펀드지분/금융상품 · A200029001,,,physical_asset,verified,N,N,suppress_fund_like_name,fund-like/security-like name has no physical address or PNU evidence
ast_33e54322817d,A112095001,New York Office 85 Tenth Avenue Senior Loan,New York Office 85 Tenth Avenue,,,오피스,physical_asset,verified,Y,N,strip_instrument_terms,"physical evidence exists, but name contains loan/security terms"
ast_7dcd599a9654,A200011001,Starwood European Real Estate Debt Finance II (SEREDF II,Starwood European Real Estate Debt Finance II (SEREDF II,,,오피스복합,physical_asset,verified,N,N,keep_physical_name,real estate type or physical evidence exists
ast_864ff5655978,A200014001,TIKEHAU Capital이운용하는TIKEHAU Direct Lending 6L의수익증권,,크레딧펀드/금융상품 · 528호,528호,오피스복합,physical_asset,verified,N,N,suppress_fund_like_name,fund-like/security-like name has no physical address or PNU evidence
ast_8fe5e8aa8a5f,A200016001,"ARDIAN Infrastructure Fund VI S.C.S., SICAV-RAIF",,"펀드지분 · 547호, 549호","547호, 549호",,physical_asset,verified,N,N,suppress_fund_like_name,fund-like/security-like name has no physical address or PNU evidence
ast_d5b7969befe3,A200017001,London Canon Bridge House Senior Loan,London Canon Bridge House Senior Loan,,548호,주거,physical_asset,verified,N,N,keep_physical_name,real estate type or physical evidence exists
ast_27e81b9a9e70,A200018001,"Golub Capital Partners International 11, L.P.",,펀드지분 · 세컨더리3호,세컨더리3호,,physical_asset,verified,N,N,suppress_fund_like_name,fund-like/security-like name has no physical address or PNU evidence
ast_91459997fbb8,A200019001,"CollerCredit Secondaries - Opportunities Fund II-B, L.P.",,펀드지분 · 세컨더리4호,세컨더리4호,,physical_asset,verified,N,N,suppress_fund_like_name,fund-like/security-like name has no physical address or PNU evidence
ast_a236bc9437e2,A200019002,"AbryAdvanced Securities Fund III CV-A, L.P.",,펀드지분 · A200019002,,,physical_asset,verified,N,N,suppress_fund_like_name,fund-like/security-like name has no physical address or PNU evidence
ast_5b15a4c23cb4,A200020001,SB Holding AB 그룹의 MidCo에 대한 중순위 대출,SB Holding AB 그룹의 MidCo에 대한 중순위 대출,,글로벌인프라4호,,physical_asset,verified,N,N,review_unknown_name,insufficient evidence for automatic physical name decision
ast_4d35344df3a2,A200021001,Abry Advanced Securities Fund III CV-A,,펀드지분 · 세컨더리5호,세컨더리5호,,physical_asset,verified,N,N,suppress_fund_like_name,fund-like/security-like name has no physical address or PNU evidence
ast_867da725ab6d,A200022001,Brookfield Super-Core Infrastructure Partners Partnership L.P.,,펀드지분 · 글로벌코어1호,글로벌코어1호,,physical_asset,verified,N,N,suppress_fund_like_name,fund-like/security-like name has no physical address or PNU evidence
ast_1366fb10d2eb,A200023001,London Office One Poultry,London Office One Poultry,,551호,오피스,physical_asset,verified,Y,N,keep_physical_name,real estate type or physical evidence exists
ast_f483ba7d8c86,A200024001,"ARDIAN Infrastructure Fund VI S.C.S., SICAV-RAIF",,펀드지분 · A200024001,,,physical_asset,verified,N,N,suppress_fund_like_name,fund-like/security-like name has no physical address or PNU evidence
ast_5c3c9c2755cf,A200025001,AEW Partners Real Estate Fund X,,펀드지분 · 556호,556호,오피스복합,physical_asset,verified,N,N,suppress_fund_like_name,fund-like/security-like name has no physical address or PNU evidence
ast_4ce1803146bf,A200026001,Brookfield Strategic Real Estate Partners V,Brookfield Strategic Real Estate Partners V,,557호,,physical_asset,verified,N,N,review_unknown_name,insufficient evidence for automatic physical name decision
ast_4e0ba511036c,A200027001,EQT Infrastructure VI (No.1) EUR SCSp,EQT Infrastructure VI (No.1) EUR SCSp,,558호,오피스복합,physical_asset,verified,N,N,keep_physical_name,real estate type or physical evidence exists
ast_4273abf1dd9d,A200028001,미국 뉴욕 맨하탄 소재 오피스 자산 “285 Madison Avenue”의 선순위 담보대출,미국 뉴욕 맨하탄 소재 오피스 자산 “285 Madison Avenue”의 선순위,,563호,오피스,physical_asset,verified,Y,N,strip_instrument_terms,"physical evidence exists, but name contains loan/security terms"
ast_8c1cc2a2dfa8,A200029001,PMBK가 운용하는 APAC Sustainable Infrastructure Fund LP의 수익증권,,펀드지분/금융상품 · 아시아인프라1호,아시아인프라1호,,physical_asset,verified,N,N,suppress_fund_like_name,fund-like/security-like name has no physical address or PNU evidence
ast_0a0e2cc5bc0e,A200034001,"MRP Buyer, LLC에 대한 선순위 대출","MRP Buyer, LLC에 대한 선순위 대출",,글로벌인프라5호,,physical_asset,verified,N,N,review_unknown_name,insufficient evidence for automatic physical name decision
ast_a48eb6e898c0,A200035001,Nuveen C-PACE Lending Fund III,,펀드지분 · 573호,573호,오피스복합,physical_asset,verified,N,N,suppress_fund_like_name,fund-like/security-like name has no physical address or PNU evidence
ast_5fbc6512fe46,A200036001,"미국 Delaware 소재 ROCKWOOD LSF III, LP (역외펀드)의 수익증권",,펀드지분/금융상품 · A200036001,,,physical_asset,verified,N,N,suppress_fund_like_name,fund-like/security-like name has no physical address or PNU evidence
ast_ae8448d99472,A200037001,"Helix Buyer, LLC에 대한 선순위 대출","Helix Buyer, LLC에 대한 선순위 대출",,,,physical_asset,verified,N,N,review_unknown_name,insufficient evidence for automatic physical name decision
ast_da7c46d1cf41,A200039001,InfraViaEuropean Infrastructure Fund VI,,펀드지분 · A200039001,,,physical_asset,verified,N,N,suppress_fund_like_name,fund-like/security-like name has no physical address or PNU evidence
ast_f544094d8ef1,A200040001,ARDIAN ASF IX Infrastructure SWF,ARDIAN ASF IX Infrastructure SWF,,,,physical_asset,verified,N,N,review_unknown_name,insufficient evidence for automatic physical name decision
ast_34f6c712284a,A200041001,Helios Sidecar II L.P.의 수익증권,,펀드지분/금융상품 · A200041001,,,physical_asset,verified,N,N,suppress_fund_like_name,fund-like/security-like name has no physical address or PNU evidence
ast_755dc2078b8b,A112311001,목동 트라팰리스 스퀘어,목동 트라팰리스 스퀘어,,,리테일,physical_asset,verified,Y,Y,keep_physical_name,real estate type or physical evidence exists
ast_b3cbbcaf74d0,A112785001,종로구 시니어주택 리모델링,종로구 시니어주택 리모델링,,,주거,physical_asset,verified,Y,Y,keep_physical_name,real estate type or physical evidence exists
ast_cad3ca04538a,A112782001,"메자닌, 공모주, 스팩, 이벤트 드리븐",,공모주/메자닌대출 · 멀티플러스1호,멀티플러스1호,,physical_asset,verified,N,N,suppress_financial_name,financial/security keyword without enough physical evidence
ast_d98173641af0,A112790001,"Partners Group Tactical Real Estate Fund, L.P.",,펀드지분 · A112790001,,,physical_asset,verified,N,N,suppress_fund_like_name,fund-like/security-like name has no physical address or PNU evidence
ast_993ee19a2b04,A112795001,"StepStone Secondary Opportunities Fund V Offshore, L.P.",,펀드지분 · A112795001,,,physical_asset,verified,N,N,suppress_fund_like_name,fund-like/security-like name has no physical address or PNU evidence
ast_9e6791cd4061,A112798001,성내동 개발부지 담보대출(브릿지론),,"브릿지론 · 천호SS(운용), 천호SS(1종), 천호SS(2종)","천호SS(운용), 천호SS(1종), 천호SS(2종)",,physical_asset,verified,N,N,suppress_financial_name,financial/security keyword without enough physical evidence
ast_5871de909717,A112803001,ARDIAN Infrastructure Fund VI,,펀드지분 · A112803001,,,physical_asset,verified,N,N,suppress_fund_like_name,fund-like/security-like name has no physical address or PNU evidence
ast_2c7e83c527e8,A120008001,용산더프라임,용산더프라임,,,오피스,physical_asset,verified,N,N,keep_physical_name,real estate type or physical evidence exists
ast_db8623f6f559,A120017001,에스엔에스랩,,지분증권 · 534호,534호,기업주식,physical_asset,verified,N,N,suppress_non_physical_name,asset kind/type is non-physical financial/security exposure
ast_b0ab64c0c474,A200042001,Booster Zabrze 물류단지,Booster Zabrze 물류단지,,,,physical_asset,verified,Y,N,keep_physical_name,real estate type or physical evidence exists
ast_9ab31b323659,A200045001,Chauncey Square,Chauncey Square,,,,physical_asset,verified,Y,N,keep_physical_name,real estate type or physical evidence exists
ast_c1c3fa74d17e,A300001001,채권,,노트/채권 · A300001001,,,physical_asset,verified,N,N,suppress_financial_name,financial/security keyword without enough physical evidence
ast_4fe2e0788658,A300006001,"BBB+이하 채권, 공모주, 스팩, 이벤트 드리븐",,공모주/노트/채권 · A300006001,,,physical_asset,verified,N,N,suppress_financial_name,financial/security keyword without enough physical evidence
ast_6c23d16c3202,A300010001,"글로벌 리츠, 해외 주식",,지분증권 · A300010001,,,physical_asset,verified,N,N,suppress_financial_name,financial/security keyword without enough physical evidence
ast_bbcdf21f274e,A300011001,"국내 상장 리츠, 리츠IPO","국내 상장 리츠, 리츠IPO",,,,physical_asset,verified,N,N,review_unknown_name,insufficient evidence for automatic physical name decision
ast_648143d38572,A300012001,"국내 상장 리츠, 신주인수권증서, 공모주",,공모주 · A300012001,,,physical_asset,verified,N,N,suppress_financial_name,financial/security keyword without enough physical evidence
ast_760783862172,A300015001,국내 리츠,국내 리츠,,,,physical_asset,verified,N,N,review_unknown_name,insufficient evidence for automatic physical name decision
ast_5f977fd5ec54,A300016001,"상장 리츠 메자닌, 국내 상장 리츠, 이벤트 드리븐",,메자닌대출 · A300016001,,,physical_asset,verified,N,N,suppress_financial_name,financial/security keyword without enough physical evidence
ast_1db4b67ee880,A300017001,"공모주, 스팩",,공모주 · A300017001,,,physical_asset,verified,N,N,suppress_financial_name,financial/security keyword without enough physical evidence
ast_bd9afab36d26,A112802001,이지스일반사모부동산투자신탁제439호,이지스일반사모부동산투자신탁제439호,,"KDCIP 2호(기획), KDCIP 2호",데이터센터,physical_asset,verified,Y,Y,keep_physical_name,real estate type or physical evidence exists
ast_e43315f52192,A112080001,업스퀘어,업스퀘어,,,오피스복합,physical_asset,verified,Y,Y,keep_physical_name,real estate type or physical evidence exists
ast_1413056b8256,A112362002,GRAN PASEO 혼코마고메,GRAN PASEO 혼코마고메,,,,physical_asset,verified,Y,N,keep_physical_name,real estate type or physical evidence exists
ast_b64b7d2f05cc,A112362003,PASEO 신주쿠,PASEO 신주쿠,,,,physical_asset,verified,Y,N,keep_physical_name,real estate type or physical evidence exists
ast_53119042a240,A112362004,PASEO 오기쿠보,PASEO 오기쿠보,,,,physical_asset,verified,Y,N,keep_physical_name,real estate type or physical evidence exists
ast_3604f654fa0f,A112362005,PASEO 사사즈카,PASEO 사사즈카,,,,physical_asset,verified,Y,N,keep_physical_name,real estate type or physical evidence exists
ast_ba62b631b6c6,A112362006,GRAN PASEO 신주쿠,GRAN PASEO 신주쿠,,,,physical_asset,verified,Y,N,keep_physical_name,real estate type or physical evidence exists
ast_81f9f27b2736,A112362007,PASEO 시모키타자와,PASEO 시모키타자와,,,,physical_asset,verified,Y,N,keep_physical_name,real estate type or physical evidence exists
ast_d4a56bde92c8,A112078001,순화타워,순화타워,,,오피스,physical_asset,verified,Y,Y,keep_physical_name,real estate type or physical evidence exists
ast_f06831738e17,A112223004,Courtyard Valley Forge King of Prussia,Courtyard Valley Forge King of Prussia,,,호텔,physical_asset,verified,Y,N,keep_physical_name,real estate type or physical evidence exists
ast_d0789172de8b,A112223005,Courtyard Executive Park,Courtyard Executive Park,,,호텔,physical_asset,verified,Y,N,keep_physical_name,real estate type or physical evidence exists
ast_8e5fe1b9981e,A112223006,Courtyard by Marriott,Courtyard by Marriott,,,호텔,physical_asset,verified,Y,N,keep_physical_name,real estate type or physical evidence exists
ast_d4856ef88820,A120022001,랜드플랫폼 1-1호,랜드플랫폼 1-1호,,,오피스복합,physical_asset,verified,N,N,keep_physical_name,real estate type or physical evidence exists
ast_95fb4c52cddc,A112223025,Courtyard Tarrytown Greenburgh,Courtyard Tarrytown Greenburgh,,,호텔,physical_asset,verified,Y,N,keep_physical_name,real estate type or physical evidence exists
ast_8463e9312b39,A120046001,이지스 코어에너지인프라 1호 수익증권,,"금융상품 · 코어인프라1호(1종), 코어인프라1호(2종)","코어인프라1호(1종), 코어인프라1호(2종)",,physical_asset,verified,N,N,suppress_financial_name,financial/security keyword without enough physical evidence
ast_513f15f30c21,A112287001,강동 성내 역세권 청년주택,강동 성내 역세권 청년주택,,,주거,physical_asset,verified,Y,Y,keep_physical_name,real estate type or physical evidence exists
ast_5ed13d6feb57,A112290001,타임테라스동탄,타임테라스동탄,,,리테일,physical_asset,verified,Y,Y,keep_physical_name,real estate type or physical evidence exists
ast_fd58b1c03da5,A112267001,Brookfield Premier Real Estate Partners Australia,Brookfield Premier Real Estate Partners Australia,,,오피스,physical_asset,verified,N,N,keep_physical_name,real estate type or physical evidence exists
ast_dc0316795e8e,A112268001,트레블로지명동시티홀호텔,트레블로지명동시티홀호텔,,,호텔,physical_asset,verified,Y,Y,keep_physical_name,real estate type or physical evidence exists
ast_0e748b87e46f,A112270001,반포이수화학본사사옥,반포이수화학본사사옥,,,오피스,physical_asset,verified,Y,Y,keep_physical_name,real estate type or physical evidence exists
ast_d36d4302f996,A112285001,용인기흥 파워센(개발),용인기흥 파워센(개발),,,리테일,physical_asset,verified,Y,N,keep_physical_name,real estate type or physical evidence exists
ast_3e8fec277620,A112185001,와이플러스빌딩 (투자),와이플러스빌딩 (투자),,"144호, 144호(A), 144호(C-i)",,physical_asset,auto_created,Y,Y,keep_physical_name,real estate type or physical evidence exists
ast_ea5059c477b7,A112223027,Courtyard by Marriott,Courtyard by Marriott,,,호텔,physical_asset,verified,Y,N,keep_physical_name,real estate type or physical evidence exists
ast_fb434217c86c,A112495001,국내 리츠,국내 리츠,,,,physical_asset,verified,N,N,review_unknown_name,insufficient evidence for automatic physical name decision
ast_bf7b25add095,A200012001,"StepStone Secondary Opportunities Fund V Offshore, L.P.",,펀드지분 · A200012001,,,physical_asset,verified,N,N,suppress_fund_like_name,fund-like/security-like name has no physical address or PNU evidence
ast_0abb69999d40,A200013001,"StepStone Secondary Opportunities Fund V Offshore, L.P.",,펀드지분 · A200013001,,,physical_asset,verified,N,N,suppress_fund_like_name,fund-like/security-like name has no physical address or PNU evidence
ast_0812bfa02848,A200013002,"StepStone Secondary Opportunities Fund V Offshore Holdings, L.P. 가 발행하는 지분증권",,지분증권/펀드지분/금융상품 · A200013002,,,physical_asset,verified,N,N,suppress_fund_like_name,fund-like/security-like name has no physical address or PNU evidence
ast_9a70bf0b0afd,A112153001,가로골목,가로골목,,"149호, 149호(1종), 149호(2종)",,physical_asset,auto_created,Y,Y,keep_physical_name,real estate type or physical evidence exists
ast_4f5ea25eb396,A112322001,피겨앤그라운드,피겨앤그라운드,,291호,,physical_asset,auto_created,Y,Y,keep_physical_name,real estate type or physical evidence exists
ast_31a8b3ea9c30,A112524001,두산빌딩,두산빌딩,,"397호, 397호(보통주), 397호(1종)",오피스,physical_asset,auto_created,Y,Y,keep_physical_name,real estate type or physical evidence exists
ast_56e6a7e4b54b,A112298001,잠실새내 오피스텔 신축사업,잠실새내 오피스텔 신축사업,,280호,,physical_asset,auto_created,Y,Y,keep_physical_name,real estate type or physical evidence exists
ast_f2e00117756f,A112649001,B스퀘어,B스퀘어,,"부산특구1호, 부산특구1호(A-e), 부산특구1호(C-i), 부산특구1호(C-s)",오피스,physical_asset,auto_created,Y,Y,keep_physical_name,real estate type or physical evidence exists
ast_3c45f673637a,A112495002,글로벌 리츠,글로벌 리츠,,,,physical_asset,verified,N,N,review_unknown_name,insufficient evidence for automatic physical name decision
ast_39df6f35071a,A112048001,신라스테이해운대,신라스테이해운대,,"47호, 47호(1종), 47호(2종)",호텔,physical_asset,auto_created,Y,Y,keep_physical_name,real estate type or physical evidence exists
ast_ecd738fc0c31,A112008003,홈플러스센텀시티점,홈플러스센텀시티점,,"13호, 13호(2종)",리테일,physical_asset,auto_created,Y,Y,keep_physical_name,real estate type or physical evidence exists
ast_6fbb0d555e87,A112584020,이지스일반사모투자신탁435호(태양광),이지스일반사모투자신탁435호(태양광),,435호,,physical_asset,auto_created,Y,Y,keep_physical_name,real estate type or physical evidence exists
ast_edd6f6c3e3e5,A112005001,더피나클강남 (투자),더피나클강남 (투자),,"6호, 66호, 96호, 576호, 글로벌인프라6호",오피스,physical_asset,auto_created,Y,Y,keep_physical_name,real estate type or physical evidence exists
ast_afb26eedbbe3,A112109001,부산송정물류센터 (투자),부산송정물류센터 (투자),,114호,물류센터,physical_asset,auto_created,Y,Y,keep_physical_name,real estate type or physical evidence exists
ast_25e1a4cc6c6f,A112163001,부산 수영구 광안동 98-1외 7필지 오피스텔 PF,부산 수영구 광안동 98-1외 7필지 오피스텔 PF,,161호,,physical_asset,auto_created,Y,Y,keep_physical_name,real estate type or physical evidence exists
ast_835e9f381ae3,A112299001,"스카이박스1, 스카이박스2","스카이박스1, 스카이박스2",,아레나스4호,,physical_asset,auto_created,Y,Y,keep_physical_name,real estate type or physical evidence exists
ast_ec5c572ce8a7,AR00008001,주식회사 이지스레지던스위탁관리부동산투자회사,주식회사 이지스레지던스위탁관리부동산투자회사,,R레지던스,,physical_asset,auto_created,Y,Y,keep_physical_name,real estate type or physical evidence exists
ast_44e362fded27,A112054003,이지스리테일제55호사모부동산투자유한회사,이지스리테일제55호사모부동산투자유한회사,,"55호, 255호",,physical_asset,auto_created,Y,Y,keep_physical_name,real estate type or physical evidence exists
ast_b9718f8cb5fe,A112235001,아레나스영종,아레나스영종,,"스카이로지스, 아레나스 1호(자), 아레나스1-1호(모), 스카이로지스(보통주), 스카이로지스(1종), 스카이로지스(2종), 스카이로지스(3종)",물류센터,physical_asset,auto_created,Y,Y,keep_physical_name,real estate type or physical evidence exists
ast_d2b291b01082,A112314001,돈의문3구역 게이트타워,돈의문3구역 게이트타워,,"290호, 290호(A), 290호(C)",,physical_asset,auto_created,Y,Y,keep_physical_name,real estate type or physical evidence exists
ast_b5b13984b5c2,A112149001,부평 더샵센트럴시티 공공지원민간임대주택,부평 더샵센트럴시티 공공지원민간임대주택,,"151호(3종), 151호(1종), 151호, 166호, 166호(A종), 166호(B종), 166호(C종), 166호(D종), 151호(2종)",주거,physical_asset,auto_created,Y,Y,keep_physical_name,real estate type or physical evidence exists
ast_0920c9043185,A112751001,인천석남물류센터,인천석남물류센터,,"인컴앤그로스 2호, 장기지분형1호, 장기지분형1-1호(운용), 장기지분형1-1호(1종), 장기지분형1-1호(2종), 인컴앤그로스2-4호, 인컴앤그로스2-4-4호, 인컴앤그로스2-4-4호(1종), 인컴앤그로스2-4-4호(보통주)",물류센터,physical_asset,auto_created,Y,Y,keep_physical_name,real estate type or physical evidence exists
ast_bd308f82a818,A112255001,잭니클라우스GC 단독주택부지 담보신탁 1순위 우선수익권 담보부,잭니클라우스GC 단독주택부지 담보신탁 1순위 우선수익권 담보부,,241호,,physical_asset,auto_created,Y,Y,keep_physical_name,real estate type or physical evidence exists
ast_701635aba4fc,A112373001,송도 센토피아더샵 공동주택 및 근린생활시설 개발사업 PF Refinancing,송도 센토피아더샵 공동주택 및 근린생활시설 개발사업 PF Refinancing,,334호,,physical_asset,auto_created,Y,Y,keep_physical_name,real estate type or physical evidence exists
ast_ed6a011723e2,A112184001,남동테크노타워 지식산업센터 개발사업 PF,남동테크노타워 지식산업센터 개발사업 PF,,182호,,physical_asset,auto_created,Y,Y,keep_physical_name,real estate type or physical evidence exists
ast_f341642853ae,A112213001,인천 가좌동 오피스텔 선순위 PF,인천 가좌동 오피스텔 선순위 PF,,197호,,physical_asset,auto_created,Y,Y,keep_physical_name,real estate type or physical evidence exists
ast_74fc8d406c81,A112011001,신라스테이울산,신라스테이울산,,"14호, 국내PF재구조화1-4호(모)",호텔,physical_asset,auto_created,Y,Y,keep_physical_name,real estate type or physical evidence exists
ast_e547d4e384c5,A112778001,대전 둔산파이낸스빌딩,대전 둔산파이낸스빌딩,,"502호, 502호(1종), 502호(보통주)",오피스,physical_asset,auto_created,Y,Y,keep_physical_name,real estate type or physical evidence exists
ast_9e54163d0926,A112592001,롯데마트대덕점,롯데마트대덕점,,"55호, 255호, 437호",,physical_asset,auto_created,Y,Y,keep_physical_name,real estate type or physical evidence exists
ast_30057bd3458e,A200030003,여의도 파이낸스타워,여의도 파이낸스타워,,,,physical_asset,verified,Y,Y,keep_physical_name,real estate type or physical evidence exists
ast_c644d28176a4,A112687001,㈜동방 보유 유엔씨티㈜ 대출채권 매입,㈜동방 보유 유엔씨티㈜ 대출채권 매입,,"울산신항인프라, 울산신항인프라(1종), 울산신항인프라(2종)",,physical_asset,auto_created,Y,Y,keep_physical_name,real estate type or physical evidence exists
ast_f0700d6e9655,A112008002,홈플러스동수원점,홈플러스동수원점,,"13호, 13호(2종)",리테일,physical_asset,auto_created,Y,Y,keep_physical_name,real estate type or physical evidence exists
ast_c6d650564064,AR00008004,"이지스411호(200호 재간접, 디어스 판교)","이지스411호(200호 재간접, 디어스 판교)",,R레지던스,,physical_asset,auto_created,Y,Y,keep_physical_name,real estate type or physical evidence exists
ast_a422589fe744,A112080001,업스퀘어 (투자),업스퀘어 (투자),,92호,리테일,physical_asset,auto_created,Y,Y,keep_physical_name,real estate type or physical evidence exists
ast_90a7471e6e20,A112294001,수원 이비스 앰배서더 수원 호텔 후순위,수원 이비스 앰배서더 수원 호텔 후순위,,270호,,physical_asset,auto_created,Y,Y,keep_physical_name,real estate type or physical evidence exists
ast_9b294af79693,A112296001,광교 아이파크 주상복합 내 판매시설 선순위 담보,광교 아이파크 주상복합 내 판매시설 선순위 담보,,268호,,physical_asset,auto_created,Y,Y,keep_physical_name,real estate type or physical evidence exists
ast_19e5bba5f247,A112025001,서영빌딩 (투자),서영빌딩 (투자),,22호,,physical_asset,auto_created,Y,Y,keep_physical_name,real estate type or physical evidence exists
ast_dd22d6a3cb4f,A112517001,티맥스수내타워,티맥스수내타워,,"비즈성장 1호, 비즈성장1-1호",오피스,physical_asset,auto_created,Y,Y,keep_physical_name,real estate type or physical evidence exists
ast_6526b194cc13,A112720001,부천카스퀘어담보대출,부천카스퀘어담보대출,,카스퀘어NPL,,physical_asset,auto_created,Y,Y,keep_physical_name,real estate type or physical evidence exists
ast_af02aac59036,A112490001,롯데백화점분당점,롯데백화점분당점,,"389호, 389호(1종), 389호(2종), 389호(3종)",오피스복합,physical_asset,auto_created,Y,Y,keep_physical_name,real estate type or physical evidence exists
ast_7a35fc542c9f,AR00006001,이지스데이터센터위탁관리부동산투자회사 주식회사,이지스데이터센터위탁관리부동산투자회사 주식회사,,R데이터센터,,physical_asset,auto_created,Y,Y,keep_physical_name,real estate type or physical evidence exists
ast_156c375e17dc,AR00013001,삼성중공업판교R&D센터,삼성중공업판교R&D센터,,"장기지분형1-2호, R롱웨일1호",,physical_asset,auto_created,Y,Y,keep_physical_name,real estate type or physical evidence exists
ast_03b867e56a1e,A112085001,평촌G스퀘어,평촌G스퀘어,,"103호, 103호(A), 103호(B)",리테일,physical_asset,auto_created,Y,Y,keep_physical_name,real estate type or physical evidence exists
ast_223bae23bf93,A112081002,뉴코아아울렛(평촌),뉴코아아울렛(평촌),,"102호, 154호",,physical_asset,auto_created,Y,Y,keep_physical_name,real estate type or physical evidence exists
ast_d6b3682a1147,A200030001,판교 테크원타워 (우선주),판교 테크원타워 (우선주),,실물우선주1호,오피스,physical_asset,auto_created,Y,Y,keep_physical_name,real estate type or physical evidence exists
ast_eb058774b3aa,A112148001,판교 알파돔시티 비즈니스호텔 (투자),판교 알파돔시티 비즈니스호텔 (투자),,133호,,physical_asset,auto_created,Y,Y,keep_physical_name,real estate type or physical evidence exists
ast_d2b8095c4603,A112001002,2001아울렛(안양) (투자),2001아울렛(안양) (투자),,1호,,physical_asset,auto_created,Y,Y,keep_physical_name,real estate type or physical evidence exists
ast_5eda17cd5cf3,A112136001,광명 역세권지구 복합시설 신축 (투자),광명 역세권지구 복합시설 신축 (투자),,140호,,physical_asset,auto_created,Y,Y,keep_physical_name,real estate type or physical evidence exists
ast_2652e06dfeaa,A112500002,평택아디다스물류센터,평택아디다스물류센터,,"인컴앤그로스 2호, 인컴앤그로스2-2호",물류센터,physical_asset,auto_created,Y,Y,keep_physical_name,real estate type or physical evidence exists
ast_30c376cd6730,A112532001,이지스312호 수익증권,이지스312호 수익증권,,"409호, 409호(1종), 409호(2종)",,physical_asset,auto_created,Y,Y,keep_physical_name,real estate type or physical evidence exists
ast_8d2911b657d8,A112277001,파주 운정지구 오피스 개발사업,파주 운정지구 오피스 개발사업,,259호,,physical_asset,auto_created,Y,Y,keep_physical_name,real estate type or physical evidence exists
ast_6e943e2850e9,A112194001,고양시 화정동 아이씨티일산,고양시 화정동 아이씨티일산,,187호,,physical_asset,auto_created,Y,Y,keep_physical_name,real estate type or physical evidence exists
ast_51d214497682,A200030004,삼성동 빌딩,삼성동 빌딩,,,,physical_asset,verified,Y,Y,keep_physical_name,real estate type or physical evidence exists
ast_c9b5f50bc992,A112081003,뉴코아아울렛(일산),뉴코아아울렛(일산),,"102호, 154호",,physical_asset,auto_created,Y,Y,keep_physical_name,real estate type or physical evidence exists
ast_288840e4c692,A112099001,하남미사우성르보아파크,하남미사우성르보아파크,,"113호, 183호",,physical_asset,auto_created,Y,Y,keep_physical_name,real estate type or physical evidence exists
ast_b1a009f2fa36,A112527003,이지스전문투자형사모부동산투자신탁제404호,이지스전문투자형사모부동산투자신탁제404호,,404호,물류센터,physical_asset,auto_created,Y,Y,keep_physical_name,real estate type or physical evidence exists
ast_ee5b4d0511ec,A112611002,구리시 수택동 주거용 오피스텔 (투자),구리시 수택동 주거용 오피스텔 (투자),,"하우징플랫폼 1호, P수택센트럴",주거,physical_asset,auto_created,Y,Y,keep_physical_name,real estate type or physical evidence exists
ast_6f4f44b4c3aa,A112245001,도지물류센터 (투자),도지물류센터 (투자),,"230호, 230호(1종), 230호(2종)",,physical_asset,auto_created,Y,Y,keep_physical_name,real estate type or physical evidence exists
ast_0264aa763175,A112328001,덕평CJ물류센터 (투자),덕평CJ물류센터 (투자),,"286호, 286호(1종), 286호(2종)",,physical_asset,auto_created,Y,Y,keep_physical_name,real estate type or physical evidence exists
ast_5afa53495f87,A112527001,이지스전문투자형사모부동산투자신탁제404호,이지스전문투자형사모부동산투자신탁제404호,,404호,물류센터,physical_asset,auto_created,Y,Y,keep_physical_name,real estate type or physical evidence exists
ast_349f44ccfd1f,A112527002,이지스전문투자형사모부동산투자신탁제404호,이지스전문투자형사모부동산투자신탁제404호,,404호,물류센터,physical_asset,auto_created,Y,Y,keep_physical_name,real estate type or physical evidence exists
ast_52adbb346181,A112703001,안성홈플러스물류센터,안성홈플러스물류센터,,"인컴앤그로스 2호, 인컴앤그로스2-3호",물류센터,physical_asset,auto_created,Y,Y,keep_physical_name,real estate type or physical evidence exists
ast_75c6cda594b3,A112290001,타임테라스동탄,타임테라스동탄,,"스트래티직 1호, 스트래티직1-3호, 스트래티직1-3-3호",리테일,physical_asset,auto_created,Y,Y,keep_physical_name,real estate type or physical evidence exists
ast_c8a0466da702,A200031001,Coller Capital이 운용하는 크레딧 세컨더리 관련 SMA의 집합투자증권,,금융상품 · 세컨더리6호,세컨더리6호,,physical_asset,verified,N,N,suppress_financial_name,financial/security keyword without enough physical evidence
ast_8bd8d91c9bb8,AP00017001,천안성성7지구공동주택,천안성성7지구공동주택,,P천안성성동,주거,physical_asset,auto_created,Y,Y,keep_physical_name,real estate type or physical evidence exists
ast_109318d66df6,A112642001,화성 석포리 물류센터,화성 석포리 물류센터,,"451호(운용), 451호(1종), 451호(2종), 451호(3종), 451호(최우선)",물류센터,physical_asset,auto_created,Y,Y,keep_physical_name,real estate type or physical evidence exists
ast_8f4a16aa66fa,AR00007001,여주쿠팡물류센터,여주쿠팡물류센터,,R로지스틱스,,physical_asset,auto_created,Y,Y,keep_physical_name,real estate type or physical evidence exists
ast_0bbbe8c5910d,A112584046,이지스일반사모투자신탁435호(태양광),이지스일반사모투자신탁435호(태양광),,435호,,physical_asset,auto_created,Y,Y,keep_physical_name,real estate type or physical evidence exists
ast_d3958acf9d57,A112505001,아레나스안성,아레나스안성,,"아레나스 1호(자), 아레나스1-2호(모)",물류센터,physical_asset,auto_created,Y,Y,keep_physical_name,real estate type or physical evidence exists
ast_acf1169ec73d,AP00025001,공주시 웅진동 공동주택,공주시 웅진동 공동주택,,P트리니티공주,주거,physical_asset,auto_created,Y,Y,keep_physical_name,real estate type or physical evidence exists
ast_d4d0f0ff0926,A112584022,이지스일반사모투자신탁435호(태양광),이지스일반사모투자신탁435호(태양광),,435호,,physical_asset,auto_created,Y,Y,keep_physical_name,real estate type or physical evidence exists
ast_4a2972f3fd4f,S00002001,양산 유산동 물류센터,양산 유산동 물류센터,,석암물류(SPC),,physical_asset,auto_created,Y,Y,keep_physical_name,real estate type or physical evidence exists
ast_616c3d79da75,A120085001,경산 쿠팡물류센터,경산 쿠팡물류센터,,"경산로지스1호, 경산로지스1호(보통주식), 경산로지스1호(1종), 경산로지스1호(2종)",물류센터,physical_asset,auto_created,Y,Y,keep_physical_name,real estate type or physical evidence exists
ast_668935b47b6b,A112007001,롯데마트(나주),롯데마트(나주),,12호,,physical_asset,auto_created,Y,Y,keep_physical_name,real estate type or physical evidence exists
ast_021767a7f029,A112287001,강동 성내 역세권 청년주택,강동 성내 역세권 청년주택,,"263호(운용), 263호(1종), 263호(2종), 263호(3종), R청년주택1호",,physical_asset,auto_created,Y,Y,keep_physical_name,real estate type or physical evidence exists
ast_357127c88355,A112584033,이지스일반사모투자신탁435호(태양광),이지스일반사모투자신탁435호(태양광),,435호,,physical_asset,auto_created,Y,Y,keep_physical_name,real estate type or physical evidence exists
ast_931a2e2ed032,A200033001,Partners Group Private Loan SICAV-SIF,,펀드지분 · 566호,566호,,physical_asset,verified,N,N,suppress_fund_like_name,fund-like/security-like name has no physical address or PNU evidence
ast_8f63f7ec9170,A112054002,이지스리테일제55호사모부동산투자유한회사,이지스리테일제55호사모부동산투자유한회사,,"55호, 255호",,physical_asset,auto_created,Y,Y,keep_physical_name,real estate type or physical evidence exists
ast_2599313d9083,A112056001,롯데마트(포항) (투자),롯데마트(포항) (투자),,64호,,physical_asset,auto_created,Y,Y,keep_physical_name,real estate type or physical evidence exists
ast_1f446ce9025d,A112018003,홈플러스죽도점 (투자),홈플러스죽도점 (투자),,"19호, 219호, 419호, 519호, R수익형319호",리테일,physical_asset,auto_created,Y,Y,keep_physical_name,real estate type or physical evidence exists
ast_9bedafe14895,A112755001,두동 LG전자 통합물류센터 (투자),두동 LG전자 통합물류센터 (투자),,505호,물류센터,physical_asset,auto_created,Y,Y,keep_physical_name,real estate type or physical evidence exists
ast_93fedc1f0d0f,A112018001,홈플러스삼천포점 (투자),홈플러스삼천포점 (투자),,19호,리테일,physical_asset,auto_created,Y,Y,keep_physical_name,real estate type or physical evidence exists
ast_3ac68d303b60,A112194002,이지스부동산투자신탁187호,이지스부동산투자신탁187호,,187호,,physical_asset,auto_created,Y,Y,keep_physical_name,real estate type or physical evidence exists
ast_dd6e846e65f4,A112034001,신라스테이제주,신라스테이제주,,"33호, 33호(1종), 33호(2종), 33호(3종), 43-3호",호텔,physical_asset,auto_created,Y,Y,keep_physical_name,real estate type or physical evidence exists
ast_b94e03e88d51,A112527003,에이블로지스물류센터,에이블로지스물류센터,,,물류센터,physical_asset,verified,Y,Y,keep_physical_name,real estate type or physical evidence exists
ast_8870b9567bcd,A12002301,애월 복합관광단지 개발,애월 복합관광단지 개발,,"애월엔터, 애월엔터1종, 애월엔터2종, 애월PFV",오피스복합,physical_asset,auto_created,Y,Y,keep_physical_name,real estate type or physical evidence exists
ast_f5e665f7cf35,A112310001,제주올레리조트,제주올레리조트,,294호,호텔,physical_asset,auto_created,Y,Y,keep_physical_name,real estate type or physical evidence exists
ast_e3779cfe5ab2,A112226001,켄싱턴 제주호텔 부동산담보신탁 1종 수익권,켄싱턴 제주호텔 부동산담보신탁 1종 수익권,,"214호, 214호(C), 214호(P)",,physical_asset,auto_created,Y,Y,keep_physical_name,real estate type or physical evidence exists
ast_db3bfd1b4baf,A112584021,이지스일반사모투자신탁435호(태양광),이지스일반사모투자신탁435호(태양광),,435호,,physical_asset,auto_created,Y,Y,keep_physical_name,real estate type or physical evidence exists
ast_222407c92192,A112504005,이지스일반사모투자신탁392호(태양광),이지스일반사모투자신탁392호(태양광),,392호,,physical_asset,auto_created,Y,Y,keep_physical_name,real estate type or physical evidence exists
ast_765cc3a1898a,A112344003,이지스코어리테일부동산투자신탁302호(운용),이지스코어리테일부동산투자신탁302호(운용),,302호,,physical_asset,auto_created,Y,Y,keep_physical_name,real estate type or physical evidence exists
ast_db8fd17c8890,A112132001,홈플러스전주효자점,홈플러스전주효자점,,"126호, 126호(A), 126호(C-i)",,physical_asset,auto_created,Y,Y,keep_physical_name,real estate type or physical evidence exists
ast_58e37903d5ef,A112004001,원주AK,원주AK,,"5호, 45호, 105호(운용), 105호(A), 105호(C1), 105호(C2), 105호(C3), 405호",,physical_asset,auto_created,Y,Y,keep_physical_name,real estate type or physical evidence exists
ast_880b26b6e8be,A112535001,판교아이스퀘어D동,판교아이스퀘어D동,,,오피스복합,physical_asset,verified,Y,Y,keep_physical_name,real estate type or physical evidence exists
ast_83cfca9b7e9b,A200038001,Pan-European Infrastructure Fund IV SCSp,,펀드지분 · A200038001,,,physical_asset,verified,N,N,suppress_fund_like_name,fund-like/security-like name has no physical address or PNU evidence
ast_042b9d125ed3,A300018001,"메자닌, 공모주, 이벤트 드리븐",,공모주/메자닌대출 · A300018001,,,physical_asset,verified,N,N,suppress_financial_name,financial/security keyword without enough physical evidence
ast_7a55d14dbec0,A112592001,롯데마트대덕점,롯데마트대덕점,,,리테일,physical_asset,verified,Y,Y,keep_physical_name,real estate type or physical evidence exists
ast_2aa8ef574b46,A112347003,Kuhn Portfolio,Kuhn Portfolio,,,물류센터,physical_asset,verified,Y,N,keep_physical_name,real estate type or physical evidence exists
ast_42cb4269408f,A112653001,디에스PFV 2종 종류주 및 주주대여,디에스PFV 2종 종류주 및 주주대여,,,주거복합,physical_asset,verified,N,N,keep_physical_name,real estate type or physical evidence exists
ast_e4475dc34369,A112656001,을지로부림빌딩,을지로부림빌딩,,,오피스,physical_asset,verified,Y,Y,keep_physical_name,real estate type or physical evidence exists
ast_2544de51ae5f,A112466025,디앤피영천신기,디앤피영천신기,,,,physical_asset,verified,Y,Y,keep_physical_name,real estate type or physical evidence exists
ast_7652b80e18a2,A112380002,"이지스기회추구2-2호(353호,OPUS459/舊백암빌딩)","이지스기회추구2-2호(353호,OPUS459/舊백암빌딩)",,,오피스복합,physical_asset,verified,N,N,keep_physical_name,real estate type or physical evidence exists
ast_d0b122c1f8a8,A300019001,AA- 이상 채권,,노트/채권 · A300019001,,,physical_asset,verified,N,N,suppress_financial_name,financial/security keyword without enough physical evidence
ast_257c44fe46f4,A300020001,"AA+ 이상 채권, 공모주, 스팩",,공모주/노트/채권 · A300020001,,,physical_asset,verified,N,N,suppress_financial_name,financial/security keyword without enough physical evidence
ast_445bfca846fe,A300028001,"상장리츠 발행 채권, 국내 주식, 공모주, 스팩, ETF",,공모주/상장리츠/지분증권/노트/채권 · A300028001,,,physical_asset,verified,N,N,suppress_financial_name,financial/security keyword without enough physical evidence
ast_e4f79a3917ba,A300032001,"BBB+ 이하 채권, 공모주, 스팩, 이벤트 드리븐",,공모주/노트/채권 · A300032001,,,physical_asset,verified,N,N,suppress_financial_name,financial/security keyword without enough physical evidence
ast_ce4731bc6968,A300036001,국내 상장 리츠,국내 상장 리츠,,,,physical_asset,verified,N,N,review_unknown_name,insufficient evidence for automatic physical name decision
ast_22796a68985d,A300037001,"채권, 메자닌, 국내 주식, ETF, 상장 리츠, 공모주, 이벤트 드리븐",,공모주/지분증권/메자닌대출/노트/채권 · A300037001,,,physical_asset,verified,N,N,suppress_financial_name,financial/security keyword without enough physical evidence
ast_f2586dff03b4,A112708001,캐나다 물류중개업체 인수 관련 국내 SPC,캐나다 물류중개업체 인수 관련 국내 SPC,,,,physical_asset,verified,Y,Y,keep_physical_name,real estate type or physical evidence exists
ast_86956579cab9,A112739001,Apollo European Principal Finance Fund IV,,펀드지분 · A112739001,,,physical_asset,verified,N,N,suppress_fund_like_name,fund-like/security-like name has no physical address or PNU evidence
ast_96aea8917bf5,A112234001,(주)페트로코너지 발행 지분증권 및 투자대상회사(이지스페트로코너지(주))에 대한,(주)페트로코너지 발행 지분증권 및 투자대상회사(이지스페트로코너지(주))에 대한,,,,physical_asset,verified,Y,N,keep_physical_name,real estate type or physical evidence exists
ast_2235d1489ae1,A112720001,부천카스퀘어,부천카스퀘어,,,특별자산,physical_asset,verified,Y,Y,keep_physical_name,real estate type or physical evidence exists
ast_60152580f0fe,A112504009,의령1호,의령1호,,,,physical_asset,verified,Y,Y,keep_physical_name,real estate type or physical evidence exists
ast_60101a85f070,A112719001,공동주택,공동주택,,,주거,physical_asset,verified,Y,Y,keep_physical_name,real estate type or physical evidence exists
ast_793a6f36a0f5,A300039001,"집합투자증권, 조합 출자지분, 메자닌, 이벤트 드리븐, 공모주, 스팩, ETF",,공모주/메자닌대출/금융상품 · A300039001,,,physical_asset,verified,N,N,suppress_financial_name,financial/security keyword without enough physical evidence
ast_5cdc7b07b41f,A300040001,"국내 상장 리츠, 인프라 펀드, 주식, ETF",,지분증권 · A300040001,,,physical_asset,verified,N,N,suppress_financial_name,financial/security keyword without enough physical evidence
ast_7c345c8c857a,A112504008,시온솔라,시온솔라,,,,physical_asset,verified,Y,N,keep_physical_name,real estate type or physical evidence exists
ast_0011c54227b4,A112704001,인천 가좌동 소재 개발자산 선매입,인천 가좌동 소재 개발자산 선매입,,,데이터센터,physical_asset,verified,N,N,keep_physical_name,real estate type or physical evidence exists
ast_64ee5ce858e3,A112709001,비상장 상환전환우선주,비상장 상환전환우선주,,,,physical_asset,verified,N,N,review_unknown_name,insufficient evidence for automatic physical name decision
ast_7ff36ba40390,A112709002,전환사채,,전환사채 · A112709002,,,physical_asset,verified,N,N,suppress_financial_name,financial/security keyword without enough physical evidence
ast_62198587b5d3,A112709003,공모주,,공모주 · A112709003,,,physical_asset,verified,N,N,suppress_financial_name,financial/security keyword without enough physical evidence
ast_c638ee6122ee,A112710001,"AA- 이상 채권, 국내 상장 리츠, 공모주, 스팩",,공모주/노트/채권 · A112710001,,,physical_asset,verified,N,N,suppress_financial_name,financial/security keyword without enough physical evidence
ast_4eb70494f0e5,A112718001,LA Wilshire Grand Center Senior Loan,LA Wilshire Grand Center Senior Loan,,,,physical_asset,verified,Y,N,keep_physical_name,real estate type or physical evidence exists
ast_751de8bd6b77,A112740001,"AA- 이상 채권, 국내 상장 리츠, 공모주, 스팩",,공모주/노트/채권 · A112740001,,,physical_asset,verified,N,N,suppress_financial_name,financial/security keyword without enough physical evidence
ast_04fa217d3e90,A300044001,"메자닌, 공모주, 이벤트 드리븐, 스팩",,공모주/메자닌대출 · A300044001,,,physical_asset,verified,N,N,suppress_financial_name,financial/security keyword without enough physical evidence
ast_6bec29e8a059,A300047001,"공모주, 스팩, 국내 주식, 집합투자증권, 레포",,공모주/지분증권/금융상품 · A300047001,,,physical_asset,verified,N,N,suppress_financial_name,financial/security keyword without enough physical evidence
ast_6e2b174fa83f,A300050001,"BBB+ 이하 채권, 공모주, 스팩, ETF, 이벤트 드리븐, 레포",,공모주/노트/채권 · A300050001,,,physical_asset,verified,N,N,suppress_financial_name,financial/security keyword without enough physical evidence
ast_3c691076eae5,A300051001,"미국상장BDC, 공모주 집합투자증권, ETF, 채권, 국내 MMF",,공모주/노트/채권/금융상품 · A300051001,,,physical_asset,verified,N,N,suppress_financial_name,financial/security keyword without enough physical evidence
ast_96ba37c659ef,A300052001,"메자닌, 이벤트 드리븐, 공모주, ETF, 채권",,공모주/메자닌대출/노트/채권 · A300052001,,,physical_asset,verified,N,N,suppress_financial_name,financial/security keyword without enough physical evidence
ast_b1a13c4b0522,A300053001,글로벌 리츠,글로벌 리츠,,,,physical_asset,verified,N,N,review_unknown_name,insufficient evidence for automatic physical name decision
ast_907e54764123,A300054001,"국내 상장 리츠, 주식, ETF, 공모주, 이벤트 드리븐",,공모주/지분증권 · A300054001,,,physical_asset,verified,N,N,suppress_financial_name,financial/security keyword without enough physical evidence
ast_e16f5dce563a,A300057001,"메자닌, 공모주, 이벤트 드리븐, 스팩, ETF",,공모주/메자닌대출 · A300057001,,,physical_asset,verified,N,N,suppress_financial_name,financial/security keyword without enough physical evidence
ast_22ffb98ad420,A300061001,"해외 주식, 채권, 공모주, 스팩, ETF, 선물, 단기금융상품",,공모주/지분증권/노트/채권/금융상품 · A300061001,,,physical_asset,verified,N,N,suppress_financial_name,financial/security keyword without enough physical evidence
ast_0dba05706295,A112536001,판교아이스퀘어E동,판교아이스퀘어E동,,,오피스복합,physical_asset,verified,Y,Y,keep_physical_name,real estate type or physical evidence exists
ast_51a8d2035467,A120038001,성수 빅트라이앵글B/L(이지스성수PF재구조화 2종 수익증권),성수 빅트라이앵글B/L(이지스성수PF재구조화 2종 수익증권),,,오피스,physical_asset,verified,Y,Y,review_financial_name_with_physical_evidence,"physical evidence exists, but name contains loan/security terms"
ast_e10a51769654,AP00007002,안녕인사동,안녕인사동,,,오피스복합,physical_asset,verified,Y,Y,keep_physical_name,real estate type or physical evidence exists
ast_e564a0a4bfde,A300063001,"국내 주식, 채권, ETF, 공모주, 스팩",,공모주/지분증권/노트/채권 · A300063001,,,physical_asset,verified,N,N,suppress_financial_name,financial/security keyword without enough physical evidence
ast_ac65d3bb465d,A300066001,글로벌 상장 인프라 증권,,금융상품 · A300066001,,,physical_asset,verified,N,N,suppress_financial_name,financial/security keyword without enough physical evidence
ast_ca5e36cf0326,A300067001,"채권, 자산유동화 증권, 어음, 레포",,노트/채권/금융상품 · A300067001,,,physical_asset,verified,N,N,suppress_financial_name,financial/security keyword without enough physical evidence
ast_de6ef6887dbb,A300073001,"채권, 레포, 공모주",,공모주/노트/채권 · A300073001,,,physical_asset,verified,N,N,suppress_financial_name,financial/security keyword without enough physical evidence
ast_0ae67887921d,A300074001,"메자닌, 공모주, 이벤트 드리븐",,공모주/메자닌대출 · A300074001,,,physical_asset,verified,N,N,suppress_financial_name,financial/security keyword without enough physical evidence
ast_5bc90f317060,A300075001,"BBB+ 이하 채권, 공모주, 스팩, 이벤트 드리븐, CP, 레포",,공모주/노트/채권 · A300075001,,,physical_asset,verified,N,N,suppress_financial_name,financial/security keyword without enough physical evidence
ast_6631b5895164,A300076001,"채권, 국내 주식, ETF, 공모주, 스팩",,공모주/지분증권/노트/채권 · A300076001,,,physical_asset,verified,N,N,suppress_financial_name,financial/security keyword without enough physical evidence
ast_f67c3be3bb61,A300079001,"메자닌, 이벤트 드리븐, 공모주, 스팩",,공모주/메자닌대출 · A300079001,,,physical_asset,verified,N,N,suppress_financial_name,financial/security keyword without enough physical evidence
ast_dbc79cb5a626,A300080001,"공모주, 국내 주식",,공모주/지분증권 · A300080001,,,physical_asset,verified,N,N,suppress_financial_name,financial/security keyword without enough physical evidence
ast_34abd4a0e354,A300085001,국내 채권형 ETF,,노트/채권 · A300085001,,,physical_asset,verified,N,N,suppress_financial_name,financial/security keyword without enough physical evidence
ast_cbf922113fc6,AP00001001,판교 제2테크노밸리 C1 C2블록 I-Square 개발,판교 제2테크노밸리 C1 C2블록 I-Square 개발,,P아이스퀘어,오피스복합,physical_asset,verified,Y,N,keep_physical_name,real estate type or physical evidence exists
ast_0766c7718345,AP00002001,동부산 테마파크 개발사업,동부산 테마파크 개발사업,,P오시리아테마파크,오피스복합,physical_asset,verified,Y,N,keep_physical_name,real estate type or physical evidence exists
ast_6d51cde27e33,AP00004001,해운대 L7,해운대 L7,,P해운대626,호텔,physical_asset,verified,Y,N,keep_physical_name,real estate type or physical evidence exists
ast_a5ca6d81dcd9,AP00005001,서리풀개발사업,서리풀개발사업,,P에스비씨,오피스복합,physical_asset,verified,Y,N,keep_physical_name,real estate type or physical evidence exists
ast_fa825d8bd449,AP00010001,성수동 복합시설 개발사업,성수동 복합시설 개발사업,,P성수PFV1,오피스,physical_asset,verified,Y,N,keep_physical_name,real estate type or physical evidence exists
ast_04ce3ef6593c,AP00012001,오산세교2지구 M-1BL 주상복합,오산세교2지구 M-1BL 주상복합,,P오산세교아트,오피스복합,physical_asset,verified,Y,N,keep_physical_name,real estate type or physical evidence exists
ast_60cc7b32c8c0,A112466023,에이스쏠라,에이스쏠라,,,,physical_asset,verified,Y,Y,keep_physical_name,real estate type or physical evidence exists
ast_a6bdd852cbf7,AP00008001,부천소사 공동주택,부천소사 공동주택,,P부천소사,주거,physical_asset,verified,Y,Y,keep_physical_name,real estate type or physical evidence exists
ast_dfa1348ddd15,AP00009001,효제동 오피스텔 개발사업,효제동 오피스텔 개발사업,,P효제아트,주거,physical_asset,verified,Y,Y,keep_physical_name,real estate type or physical evidence exists
ast_a6782d520cea,AP00013001,안성 당목리 995번지 외 44개필지 물류센터 개발사업,안성 당목리 995번지 외 44개필지 물류센터 개발사업,,,물류센터,physical_asset,verified,Y,Y,keep_physical_name,real estate type or physical evidence exists
ast_d9f820e5df21,AP00014001,안성 성은지구 물류센터,안성 성은지구 물류센터,,P안성성은물류,물류센터,physical_asset,verified,Y,N,keep_physical_name,real estate type or physical evidence exists
ast_bb3782e6cd9f,AP00018001,마곡CP4 복합시설 개발,마곡CP4 복합시설 개발,,,오피스복합,physical_asset,verified,Y,Y,keep_physical_name,real estate type or physical evidence exists
ast_d5a492f670ed,A112500003,안성 홈플러스 중부허브 물류센터,안성 홈플러스 중부허브 물류센터,,,물류센터,physical_asset,verified,Y,Y,keep_physical_name,real estate type or physical evidence exists
ast_a9239e56b790,AP00016001,삼부빌딩 개발사업,삼부빌딩 개발사업,,,오피스,physical_asset,verified,Y,Y,keep_physical_name,real estate type or physical evidence exists
ast_12357627ab53,AP00021001,청담펜트하우스,청담펜트하우스,,,주거,physical_asset,verified,Y,Y,keep_physical_name,real estate type or physical evidence exists
ast_5e78208b8107,AP00019001,상봉 청년주택 개발,상봉 청년주택 개발,,P상봉IRD,주거,physical_asset,verified,Y,N,keep_physical_name,real estate type or physical evidence exists
ast_7ab6aebd7878,AP00020001,검단 오피스텔 개발,검단 오피스텔 개발,,P검단아트,주거,physical_asset,verified,Y,N,keep_physical_name,real estate type or physical evidence exists
ast_a8c972e8e90e,A200001001,Hines European Property Partners,Hines European Property Partners,,,,physical_asset,verified,N,N,review_unknown_name,insufficient evidence for automatic physical name decision
ast_80fb948c4bbb,A200002001,Hines European Property Partners,Hines European Property Partners,,,,physical_asset,verified,N,N,review_unknown_name,insufficient evidence for automatic physical name decision
ast_937446d52483,A200004001,Pantheon PGSF VII,Pantheon PGSF VII,,,오피스복합,physical_asset,verified,N,N,keep_physical_name,real estate type or physical evidence exists
ast_f9b2c2e17184,A200006001,Pantheon Viking Co-Invest LP,,펀드지분 · A200006001,,오피스복합,physical_asset,verified,N,N,suppress_fund_like_name,fund-like/security-like name has no physical address or PNU evidence
ast_76ad3509ee19,A200033001,Partners Group Private Loan SICAV-SIF,,펀드지분 · A200033001,,,physical_asset,verified,N,N,suppress_fund_like_name,fund-like/security-like name has no physical address or PNU evidence
ast_473b1c633c1b,AP00022001,효제동 주거용 오피스텔,효제동 주거용 오피스텔,,P효제센트럴,주거,physical_asset,verified,Y,Y,keep_physical_name,real estate type or physical evidence exists
ast_2afd5e4b541f,AP00024001,안산시 고잔동 오피스텔 및 근린생활시설,안산시 고잔동 오피스텔 및 근린생활시설,,P안산센트럴,주거,physical_asset,verified,Y,Y,keep_physical_name,real estate type or physical evidence exists
ast_b7f2420d1edb,A112501001,Clarion Lion Properties Fund,,펀드지분 · A112501001,,오피스복합,physical_asset,verified,N,N,suppress_fund_like_name,fund-like/security-like name has no physical address or PNU evidence
ast_54b1a79581f6,A112502001,뉴멕시코주 아마존 물류센터,뉴멕시코주 아마존 물류센터,,,물류센터,physical_asset,verified,N,N,keep_physical_name,real estate type or physical evidence exists
ast_451fd8930022,A200006002,NMP V,NMP V,,,오피스복합,physical_asset,verified,N,N,keep_physical_name,real estate type or physical evidence exists
ast_c1b901dad63f,A200006003,PGSF VII,PGSF VII,,,오피스복합,physical_asset,verified,N,N,keep_physical_name,real estate type or physical evidence exists
ast_2bf40e9e1da4,A200006004,PSD III,PSD III,,,오피스복합,physical_asset,verified,N,N,keep_physical_name,real estate type or physical evidence exists
ast_1139d23fa5d7,A200007001,"Pantheon Viking Co-Invest LP, NMP V",,펀드지분 · A200007001,,,physical_asset,verified,N,N,suppress_fund_like_name,fund-like/security-like name has no physical address or PNU evidence
ast_c2b24d6ab2a3,A200008001,Toronto The One Super-senior Loan (Receivership Funding),Toronto The One Super-senior Loan (Receivership Funding),,,오피스복합,physical_asset,verified,Y,N,review_financial_name_with_physical_evidence,"physical evidence exists, but name contains loan/security terms"
ast_ebb3453751e3,A200009001,Bridge Debt Strategies V Green Bridge LP,,펀드지분 · A200009001,,오피스복합,physical_asset,verified,N,N,suppress_fund_like_name,fund-like/security-like name has no physical address or PNU evidence
ast_f2b5e4f49308,A200010001,Blackstone Real Estate Debt Strategies V,Blackstone Real Estate Debt Strategies V,,,오피스복합,physical_asset,verified,N,N,keep_physical_name,real estate type or physical evidence exists
ast_5afd3f52bd1f,A112584013,이큐에너지,이큐에너지,,,,physical_asset,verified,Y,Y,keep_physical_name,real estate type or physical evidence exists
ast_cd18ba041afc,AP00037001,메트로타워,메트로타워,,,오피스,physical_asset,verified,Y,Y,keep_physical_name,real estate type or physical evidence exists
ast_2135120fef32,AP00025001,공주시 웅진동 공동주택,공주시 웅진동 공동주택,,,주거,physical_asset,verified,Y,Y,keep_physical_name,real estate type or physical evidence exists
ast_992b226b8a43,AP00032001,부림빌딩,부림빌딩,,,오피스,physical_asset,verified,Y,Y,keep_physical_name,real estate type or physical evidence exists
ast_f5307db6bfad,AP00028001,제주화북상업지역 주상복합용지 C1블럭 주상복합시설,제주화북상업지역 주상복합용지 C1블럭 주상복합시설,,P디에스,주거,physical_asset,verified,N,N,keep_physical_name,real estate type or physical evidence exists
ast_2e88e9b329e3,AR00008005,이지스200호(디어스 판교),이지스200호(디어스 판교),,,,physical_asset,verified,Y,Y,keep_physical_name,real estate type or physical evidence exists
ast_10ad74d3885c,AR00001001,용답동 청년주택 개발사업,용답동 청년주택 개발사업,,R엠에프용답,,physical_asset,verified,Y,Y,keep_physical_name,real estate type or physical evidence exists
ast_f7c124b0485b,AR00007001,여주쿠팡물류센터,여주쿠팡물류센터,,,,physical_asset,verified,Y,Y,keep_physical_name,real estate type or physical evidence exists
ast_718a6d8b52dc,AR00008001,이지스151호(더샵 부평),이지스151호(더샵 부평),,,,physical_asset,verified,Y,Y,keep_physical_name,real estate type or physical evidence exists
ast_01045c0cd92d,AR00008002,이지스333호(디어스 명동),이지스333호(디어스 명동),,,,physical_asset,verified,Y,Y,keep_physical_name,real estate type or physical evidence exists
ast_1eb3221796bb,AR00008003,이지스333호(홍대 코리빙 복합시설),이지스333호(홍대 코리빙 복합시설),,,,physical_asset,verified,Y,Y,keep_physical_name,real estate type or physical evidence exists
ast_2629edf793c9,AP00039001,용산전자상가 특별계획구역8 개발사업,용산전자상가 특별계획구역8 개발사업,,,오피스복합,physical_asset,verified,N,N,keep_physical_name,real estate type or physical evidence exists
ast_c1bf03575e07,AP00040001,안성 산하3지구 물류센터 개발사업,안성 산하3지구 물류센터 개발사업,,,,physical_asset,verified,N,N,review_unknown_name,insufficient evidence for automatic physical name decision
ast_ee8fd3272e9f,AR00006002,북미DC포트폴리오,북미DC포트폴리오,,R데이터센터,,physical_asset,verified,N,N,review_unknown_name,insufficient evidence for automatic physical name decision
ast_cd2c32700ef7,AP00027001,수서역환승센터복합개발사업,수서역환승센터복합개발사업,,P수서역환승센터,오피스,physical_asset,verified,Y,Y,keep_physical_name,real estate type or physical evidence exists
ast_5d4460265c4e,AP00029001,을지로3가 도시환경정비구역 제10지구 신축 오피스,을지로3가 도시환경정비구역 제10지구 신축 오피스,,P을지로95,오피스,physical_asset,verified,Y,Y,keep_physical_name,real estate type or physical evidence exists
ast_7dc6f67bfd0a,AP00033001,은평 시니어레지던스,은평 시니어레지던스,,P은평진관동,오피스복합,physical_asset,verified,Y,Y,keep_physical_name,real estate type or physical evidence exists
ast_eb6dfd75233b,AP00034001,KTX울산역 오피스텔 개발사업,KTX울산역 오피스텔 개발사업,,P울산KTX,주거,physical_asset,verified,Y,Y,keep_physical_name,real estate type or physical evidence exists
ast_45b2d66f02a6,AR00004001,용산구 원효로3가 역세권 청년주택,용산구 원효로3가 역세권 청년주택,,R용산청년주택,,physical_asset,verified,Y,Y,keep_physical_name,real estate type or physical evidence exists
ast_5933e6ee5160,A300032001,"BBB+ 이하 채권, 공모주, 스팩, 이벤트 드리븐",,공모주/노트/채권 · A300032001,,,physical_asset,verified,N,N,suppress_financial_name,financial/security keyword without enough physical evidence
ast_31b606a68614,AR00010001,Spring Creek Towers,Spring Creek Towers,,R글로벌레지던스,,physical_asset,verified,Y,N,keep_physical_name,real estate type or physical evidence exists
ast_62878f0c6996,AR00016001,"용답동 231, 231-1 공동주택 및 근린생활시설","용답동 231, 231-1 공동주택 및 근린생활시설",,,오피스,physical_asset,verified,Y,Y,keep_physical_name,real estate type or physical evidence exists
ast_7f15b2995cda,AR00014001,신도림 디큐브시티 백화점,신도림 디큐브시티 백화점,,R타임워크기업구조조정,,physical_asset,verified,N,N,review_unknown_name,insufficient evidence for automatic physical name decision
ast_b60bc5039d9c,AR00013001,삼성중공업판교R&D센터,삼성중공업판교R&D센터,,,오피스,physical_asset,verified,Y,Y,keep_physical_name,real estate type or physical evidence exists
ast_ab4857d97964,AS00002001,양산 유산동 물류센터,양산 유산동 물류센터,,,물류센터,physical_asset,verified,Y,Y,keep_physical_name,real estate type or physical evidence exists
ast_04878d0c997e,AR00015001,서울인터내셔널타워(SI타워),서울인터내셔널타워(SI타워),,,오피스,physical_asset,verified,Y,Y,keep_physical_name,real estate type or physical evidence exists
ast_07f69f4d8b19,A112558001,KKR Real Estate Partners Europe II,KKR Real Estate Partners Europe II,,,,physical_asset,verified,N,N,review_unknown_name,insufficient evidence for automatic physical name decision
ast_1f99948b6e40,A200044001,괌 소재 종합병원(GRMC)에 대한 선순위,괌 소재 종합병원(GRMC)에 대한 선순위,,,,physical_asset,verified,Y,N,keep_physical_name,real estate type or physical evidence exists
ast_081de2d9bdd9,AP00027001,수서역환승센터복합개발사업,수서역환승센터복합개발사업,,,오피스,physical_asset,verified,Y,Y,keep_physical_name,real estate type or physical evidence exists
ast_022d4816897f,A200030003,여의도 파이낸스타워,여의도 파이낸스타워,,,,physical_asset,verified,Y,Y,keep_physical_name,real estate type or physical evidence exists
ast_866314e4db59,A200030004,삼성동 빌딩,삼성동 빌딩,,,,physical_asset,verified,Y,Y,keep_physical_name,real estate type or physical evidence exists
ast_391dd76fd3b8,A112617001,Unico Core Plus Partners,Unico Core Plus Partners,,,,physical_asset,verified,N,N,review_unknown_name,insufficient evidence for automatic physical name decision
ast_55b6b363ddd4,A200031001,Coller Capital이 운용하는 크레딧 세컨더리 관련 SMA의 집합투자증권,,금융상품 · A200031001,,,physical_asset,verified,N,N,suppress_financial_name,financial/security keyword without enough physical evidence
ast_199ba4e0626d,A200034001,"MRP Buyer, LLC에 대한 선순위 대출","MRP Buyer, LLC에 대한 선순위 대출",,,,physical_asset,verified,N,N,review_unknown_name,insufficient evidence for automatic physical name decision
ast_aca39ce05f05,A200035001,Nuveen C-PACE Lending Fund III,,펀드지분 · A200035001,,오피스복합,physical_asset,verified,N,N,suppress_fund_like_name,fund-like/security-like name has no physical address or PNU evidence
ast_c0ba855ea88d,A200036001,"미국 Delaware 소재 ROCKWOOD LSF III, LP (역외펀드)의 수익증권",,펀드지분/금융상품 · A200036001,,,physical_asset,verified,N,N,suppress_fund_like_name,fund-like/security-like name has no physical address or PNU evidence
ast_b0958ad3f79d,A200037001,"Helix Buyer, LLC에 대한 선순위 대출","Helix Buyer, LLC에 대한 선순위 대출",,,,physical_asset,verified,N,N,review_unknown_name,insufficient evidence for automatic physical name decision
ast_9295ffd5dc91,A200038001,Pan-European Infrastructure Fund IV SCSp,,펀드지분 · A200038001,,,physical_asset,verified,N,N,suppress_fund_like_name,fund-like/security-like name has no physical address or PNU evidence
ast_23cef84d6f3d,A200039001,InfraViaEuropean Infrastructure Fund VI,,펀드지분 · A200039001,,,physical_asset,verified,N,N,suppress_fund_like_name,fund-like/security-like name has no physical address or PNU evidence
ast_1a6da4237f05,A200040001,ARDIAN ASF IX Infrastructure SWF,ARDIAN ASF IX Infrastructure SWF,,,,physical_asset,verified,N,N,review_unknown_name,insufficient evidence for automatic physical name decision
ast_6d46843010b7,A200041001,Helios Sidecar II L.P.의 수익증권,,펀드지분/금융상품 · A200041001,,,physical_asset,verified,N,N,suppress_fund_like_name,fund-like/security-like name has no physical address or PNU evidence
ast_866984747e2a,A200042001,Booster Zabrze 물류단지,Booster Zabrze 물류단지,,,,physical_asset,verified,Y,N,keep_physical_name,real estate type or physical evidence exists
ast_8e3a0cd2dbb4,A200045001,Chauncey Square,Chauncey Square,,,,physical_asset,verified,Y,N,keep_physical_name,real estate type or physical evidence exists
ast_1ba78b46e989,A300001001,채권,,노트/채권 · A300001001,,,physical_asset,verified,N,N,suppress_financial_name,financial/security keyword without enough physical evidence
ast_2abc73265d3d,A300006001,"BBB+이하 채권, 공모주, 스팩, 이벤트 드리븐",,공모주/노트/채권 · A300006001,,,physical_asset,verified,N,N,suppress_financial_name,financial/security keyword without enough physical evidence
ast_2756cfcf8361,A300010001,"글로벌 리츠, 해외 주식",,지분증권 · A300010001,,,physical_asset,verified,N,N,suppress_financial_name,financial/security keyword without enough physical evidence
ast_17859af0b93a,A300011001,"국내 상장 리츠, 리츠IPO","국내 상장 리츠, 리츠IPO",,,,physical_asset,verified,N,N,review_unknown_name,insufficient evidence for automatic physical name decision
ast_204fd0903755,A300012001,"국내 상장 리츠, 신주인수권증서, 공모주",,공모주 · A300012001,,,physical_asset,verified,N,N,suppress_financial_name,financial/security keyword without enough physical evidence
ast_9d78f7be9afb,A300015001,국내 리츠,국내 리츠,,,,physical_asset,verified,N,N,review_unknown_name,insufficient evidence for automatic physical name decision
ast_28f8c726fc8f,A300016001,"상장 리츠 메자닌, 국내 상장 리츠, 이벤트 드리븐",,메자닌대출 · A300016001,,,physical_asset,verified,N,N,suppress_financial_name,financial/security keyword without enough physical evidence
ast_df9311763a69,A300017001,"공모주, 스팩",,공모주 · A300017001,,,physical_asset,verified,N,N,suppress_financial_name,financial/security keyword without enough physical evidence
ast_b74794104f0e,A300018001,"메자닌, 공모주, 이벤트 드리븐",,공모주/메자닌대출 · A300018001,,,physical_asset,verified,N,N,suppress_financial_name,financial/security keyword without enough physical evidence
ast_35ecf256fe62,AP00015001,청라동 오피스텔 분양사업,청라동 오피스텔 분양사업,,,주거,physical_asset,verified,Y,Y,keep_physical_name,real estate type or physical evidence exists
ast_d6bd6b33e12b,A112668001,HSBC Senior UK Direct Lending Fund 2020 RAIF SICAV-S.A.,,크레딧펀드/펀드지분 · A112668001,,,physical_asset,verified,N,N,suppress_fund_like_name,fund-like/security-like name has no physical address or PNU evidence
ast_f5638b202fba,A300019001,AA- 이상 채권,,노트/채권 · A300019001,,,physical_asset,verified,N,N,suppress_financial_name,financial/security keyword without enough physical evidence
ast_9672f00925b5,A300020001,"AA+ 이상 채권, 공모주, 스팩",,공모주/노트/채권 · A300020001,,,physical_asset,verified,N,N,suppress_financial_name,financial/security keyword without enough physical evidence
ast_e3855badc0c0,A300028001,"상장리츠 발행 채권, 국내 주식, 공모주, 스팩, ETF",,공모주/상장리츠/지분증권/노트/채권 · A300028001,,,physical_asset,verified,N,N,suppress_financial_name,financial/security keyword without enough physical evidence
ast_6f30b531d9a2,A300036001,국내 상장 리츠,국내 상장 리츠,,,,physical_asset,verified,N,N,review_unknown_name,insufficient evidence for automatic physical name decision
ast_f26dd6678598,A300037001,"채권, 메자닌, 국내 주식, ETF, 상장 리츠, 공모주, 이벤트 드리븐",,공모주/지분증권/메자닌대출/노트/채권 · A300037001,,,physical_asset,verified,N,N,suppress_financial_name,financial/security keyword without enough physical evidence
ast_7d37fa81629c,A300039001,"집합투자증권, 조합 출자지분, 메자닌, 이벤트 드리븐, 공모주, 스팩, ETF",,공모주/메자닌대출/금융상품 · A300039001,,,physical_asset,verified,N,N,suppress_financial_name,financial/security keyword without enough physical evidence
ast_1283cae9910d,A300040001,"국내 상장 리츠, 인프라 펀드, 주식, ETF",,지분증권 · A300040001,,,physical_asset,verified,N,N,suppress_financial_name,financial/security keyword without enough physical evidence
ast_4e98244e7898,A300044001,"메자닌, 공모주, 이벤트 드리븐, 스팩",,공모주/메자닌대출 · A300044001,,,physical_asset,verified,N,N,suppress_financial_name,financial/security keyword without enough physical evidence
ast_fe2742669ca3,A300046001,ETF,ETF,,,,physical_asset,verified,N,N,review_unknown_name,insufficient evidence for automatic physical name decision
ast_3790cde01d6c,A300050001,"BBB+ 이하 채권, 공모주, 스팩, ETF, 이벤트 드리븐, 레포",,공모주/노트/채권 · A300050001,,,physical_asset,verified,N,N,suppress_financial_name,financial/security keyword without enough physical evidence
ast_4c95baf19598,A300061001,"해외 주식, 채권, 공모주, 스팩, ETF, 선물, 단기금융상품",,공모주/지분증권/노트/채권/금융상품 · A300061001,,,physical_asset,verified,N,N,suppress_financial_name,financial/security keyword without enough physical evidence
ast_dc9b51df4a56,A300063001,"국내 주식, 채권, ETF, 공모주, 스팩",,공모주/지분증권/노트/채권 · A300063001,,,physical_asset,verified,N,N,suppress_financial_name,financial/security keyword without enough physical evidence
ast_bdcfe83d9647,A300074001,"메자닌, 공모주, 이벤트 드리븐",,공모주/메자닌대출 · A300074001,,,physical_asset,verified,N,N,suppress_financial_name,financial/security keyword without enough physical evidence
ast_ea90d1d50c7d,A300075001,"BBB+ 이하 채권, 공모주, 스팩, 이벤트 드리븐, CP, 레포",,공모주/노트/채권 · A300075001,,,physical_asset,verified,N,N,suppress_financial_name,financial/security keyword without enough physical evidence
ast_de9d530fc253,A300076001,"채권, 국내 주식, ETF, 공모주, 스팩",,공모주/지분증권/노트/채권 · A300076001,,,physical_asset,verified,N,N,suppress_financial_name,financial/security keyword without enough physical evidence
ast_8a924c865968,A300080001,"공모주, 국내 주식",,공모주/지분증권 · A300080001,,,physical_asset,verified,N,N,suppress_financial_name,financial/security keyword without enough physical evidence
ast_4b214a3d68c2,AP00001001,판교 제2테크노밸리 C1 C2블록 I-Square 개발,판교 제2테크노밸리 C1 C2블록 I-Square 개발,,,오피스복합,physical_asset,verified,Y,N,keep_physical_name,real estate type or physical evidence exists
ast_3294b7419653,AP00002001,동부산 테마파크 개발사업,동부산 테마파크 개발사업,,,오피스복합,physical_asset,verified,Y,N,keep_physical_name,real estate type or physical evidence exists
ast_84a189ca5219,AP00003001,오시리아타워레지던스,오시리아타워레지던스,,,주거,physical_asset,verified,N,N,keep_physical_name,real estate type or physical evidence exists
ast_093042bc2e8e,AP00004001,해운대 L7,해운대 L7,,,호텔,physical_asset,verified,Y,N,keep_physical_name,real estate type or physical evidence exists
ast_41455c9fd7e7,AP00005001,서리풀개발사업,서리풀개발사업,,,오피스복합,physical_asset,verified,Y,N,keep_physical_name,real estate type or physical evidence exists
ast_c216d24d224b,AP00014001,안성 성은지구 물류센터,안성 성은지구 물류센터,,,물류센터,physical_asset,verified,Y,N,keep_physical_name,real estate type or physical evidence exists
ast_3c022176b9c4,AP00017001,천안성성7지구공동주택,천안성성7지구공동주택,,,주거,physical_asset,verified,Y,Y,keep_physical_name,real estate type or physical evidence exists
ast_6823b524f42f,AP00016001,삼부빌딩 개발사업,삼부빌딩 개발사업,,,오피스,physical_asset,verified,Y,Y,keep_physical_name,real estate type or physical evidence exists
ast_4b5c26617588,AP00025001,공주시 웅진동 공동주택,공주시 웅진동 공동주택,,,주거,physical_asset,verified,Y,Y,keep_physical_name,real estate type or physical evidence exists
ast_d874a81175a1,AP00024001,안산시 고잔동 오피스텔 및 근린생활시설,안산시 고잔동 오피스텔 및 근린생활시설,,,주거,physical_asset,verified,Y,Y,keep_physical_name,real estate type or physical evidence exists
ast_d3f5d6add1ca,AP00026001,성수동2가오피스,성수동2가오피스,,,오피스,physical_asset,verified,Y,Y,keep_physical_name,real estate type or physical evidence exists
ast_922b652f9355,A112756001,"해외 주식, 채권, ETF",,지분증권/노트/채권 · A112756001,,,physical_asset,verified,N,N,suppress_financial_name,financial/security keyword without enough physical evidence
ast_ada848d413b9,A112763001,"AA- 이상 채권, 메자닌, 리츠IPO, 국내 상장 리츠, 공모주, 스팩",,공모주/메자닌대출/노트/채권 · A112763001,,,physical_asset,verified,N,N,suppress_financial_name,financial/security keyword without enough physical evidence
ast_636fb46b115d,A112774001,수익/지분증권,,지분증권/금융상품 · A112774001,,,physical_asset,verified,N,N,suppress_financial_name,financial/security keyword without enough physical evidence
ast_0527c87b54b5,AP00029001,을지로3가 도시환경정비구역 제10지구 신축 오피스,을지로3가 도시환경정비구역 제10지구 신축 오피스,,,오피스,physical_asset,verified,Y,Y,keep_physical_name,real estate type or physical evidence exists
ast_3f8a65592274,A112782001,"메자닌, 공모주, 스팩, 이벤트 드리븐",,공모주/메자닌대출 · A112782001,,,physical_asset,verified,N,N,suppress_financial_name,financial/security keyword without enough physical evidence
ast_a4549cd85c41,AP00030001,밀레니엄힐튼호텔,밀레니엄힐튼호텔,,,오피스복합,physical_asset,verified,Y,Y,keep_physical_name,real estate type or physical evidence exists
ast_4d5bc767dcc2,A112790001,"Partners Group Tactical Real Estate Fund, L.P.",,펀드지분 · A112790001,,,physical_asset,verified,N,N,suppress_fund_like_name,fund-like/security-like name has no physical address or PNU evidence
ast_89f1f1989a34,AP00031001,구리시 수택동 주거용 오피스텔,구리시 수택동 주거용 오피스텔,,,주거,physical_asset,verified,Y,Y,keep_physical_name,real estate type or physical evidence exists
ast_ee89bc12bfd3,A112751001,인천석남물류센터,인천석남물류센터,,,물류센터,physical_asset,verified,Y,Y,keep_physical_name,real estate type or physical evidence exists
ast_0098d2fecd62,A112785001,종로구 시니어주택 리모델링,종로구 시니어주택 리모델링,,,주거,physical_asset,verified,Y,Y,keep_physical_name,real estate type or physical evidence exists
ast_1f6899d52522,AP00022001,효제동 주거용 오피스텔,효제동 주거용 오피스텔,,,주거,physical_asset,verified,Y,Y,keep_physical_name,real estate type or physical evidence exists
ast_9493e4e1b242,A112755001,두동 LG전자 통합물류센터,두동 LG전자 통합물류센터,,,물류센터,physical_asset,verified,Y,Y,keep_physical_name,real estate type or physical evidence exists
ast_3378eefd074e,A112778001,대전 둔산파이낸스빌딩,대전 둔산파이낸스빌딩,,,오피스,physical_asset,verified,Y,Y,keep_physical_name,real estate type or physical evidence exists
ast_e4e8c1b51392,AP00019001,상봉 청년주택 개발,상봉 청년주택 개발,,,주거,physical_asset,verified,Y,N,keep_physical_name,real estate type or physical evidence exists
ast_4993a29b4a10,AP00020001,검단 오피스텔 개발,검단 오피스텔 개발,,,주거,physical_asset,verified,Y,N,keep_physical_name,real estate type or physical evidence exists
ast_c3ac30b33acf,AP00028001,제주화북상업지역 주상복합용지 C1블럭 주상복합시설,제주화북상업지역 주상복합용지 C1블럭 주상복합시설,,,주거,physical_asset,verified,N,N,keep_physical_name,real estate type or physical evidence exists
ast_950c70c5b87f,A112504017,화성솔라,화성솔라,,,,physical_asset,verified,Y,N,keep_physical_name,real estate type or physical evidence exists
ast_ba5f85af264f,AP00032001,부림빌딩,부림빌딩,,,오피스,physical_asset,verified,Y,Y,keep_physical_name,real estate type or physical evidence exists
ast_11eaa23e7e07,A120023001,애월 복합관광단지 개발,애월 복합관광단지 개발,,,오피스복합,physical_asset,verified,Y,Y,keep_physical_name,real estate type or physical evidence exists
ast_a459af6de7b3,A112504021,옥스포드,옥스포드,,,,physical_asset,verified,Y,N,keep_physical_name,real estate type or physical evidence exists
ast_3ebb4583bf7d,A112504022,미래화희망,미래화희망,,,,physical_asset,verified,Y,N,keep_physical_name,real estate type or physical evidence exists
ast_211d00ab23dd,A112504023,해바라기,해바라기,,,,physical_asset,verified,Y,N,keep_physical_name,real estate type or physical evidence exists
ast_8ceaed1817c5,A120022002,랜드플랫폼 1-2호,랜드플랫폼 1-2호,,,데이터센터,physical_asset,verified,N,N,keep_physical_name,real estate type or physical evidence exists
ast_e57ce277323d,A120037001,성수동2가 268-2 업무시설 개발사업 브릿지대출,성수동2가 268-2 업무시설 개발사업 브릿지대출,,,오피스,physical_asset,verified,N,N,keep_physical_name,real estate type or physical evidence exists
ast_7cb9a346dc83,A112504018,임원,임원,,,,physical_asset,verified,Y,Y,keep_physical_name,real estate type or physical evidence exists
ast_d1def35b1c12,A120039001,"부실 및 부실우려 PF사업장 대출채권, 대출, 지분 등에 투자하는 모집합투자기구(모자형 블라인드 펀드)",,노트/채권/금융상품 · A120039001,,금융상품,physical_asset,verified,N,N,suppress_non_physical_name,asset kind/type is non-physical financial/security exposure
ast_fc89234fd6df,A112504019,누리,누리,,,,physical_asset,verified,Y,Y,keep_physical_name,real estate type or physical evidence exists
ast_40e6cfd14713,A112504020,평화와번영,평화와번영,,,,physical_asset,verified,Y,Y,keep_physical_name,real estate type or physical evidence exists
ast_e47259b95cda,A112504024,디앤피입암리1호,디앤피입암리1호,,,,physical_asset,verified,Y,Y,keep_physical_name,real estate type or physical evidence exists
ast_7aa7a870d57d,A120018001,신영문봉PFV의 대출채권 및 지분증권,신영문봉PFV의,,,데이터센터,physical_asset,verified,Y,Y,strip_instrument_terms,"physical evidence exists, but name contains loan/security terms"
ast_064b41e30c94,A112802001,이지스일반사모부동산투자신탁제439호,이지스일반사모부동산투자신탁제439호,,,데이터센터,physical_asset,verified,Y,Y,keep_physical_name,real estate type or physical evidence exists
ast_136a3a7abf72,A112795001,"StepStone Secondary Opportunities Fund V Offshore, L.P.",,펀드지분 · A112795001,,,physical_asset,verified,N,N,suppress_fund_like_name,fund-like/security-like name has no physical address or PNU evidence
ast_c90a7683fe0a,A112798001,성내동 개발부지 담보대출(브릿지론),,브릿지론 · A112798001,,,physical_asset,verified,N,N,suppress_financial_name,financial/security keyword without enough physical evidence
ast_7eff2061d2c1,A120008001,용산더프라임,용산더프라임,,,오피스,physical_asset,verified,N,N,keep_physical_name,real estate type or physical evidence exists
ast_74c87d399577,A120017001,에스엔에스랩,,지분증권 · A120017001,,기업주식,physical_asset,verified,N,N,suppress_non_physical_name,asset kind/type is non-physical financial/security exposure
ast_8c4bee05b692,A300051001,"미국상장BDC, 공모주 집합투자증권, ETF, 채권, 국내 MMF",,공모주/노트/채권/금융상품 · A300051001,,,physical_asset,verified,N,N,suppress_financial_name,financial/security keyword without enough physical evidence
ast_de42c797815f,A300052001,"메자닌, 이벤트 드리븐, 공모주, ETF, 채권",,공모주/메자닌대출/노트/채권 · A300052001,,,physical_asset,verified,N,N,suppress_financial_name,financial/security keyword without enough physical evidence
ast_7447893893dc,A300053001,글로벌 리츠,글로벌 리츠,,,,physical_asset,verified,N,N,review_unknown_name,insufficient evidence for automatic physical name decision
ast_76dc6e70b8de,A300054001,"국내 상장 리츠, 주식, ETF, 공모주, 이벤트 드리븐",,공모주/지분증권 · A300054001,,,physical_asset,verified,N,N,suppress_financial_name,financial/security keyword without enough physical evidence
ast_567d9ac13840,A300057001,"메자닌, 공모주, 이벤트 드리븐, 스팩, ETF",,공모주/메자닌대출 · A300057001,,,physical_asset,verified,N,N,suppress_financial_name,financial/security keyword without enough physical evidence
ast_29d7a94f5571,A300073001,"채권, 레포, 공모주",,공모주/노트/채권 · A300073001,,,physical_asset,verified,N,N,suppress_financial_name,financial/security keyword without enough physical evidence
ast_2f76d32aed7a,A300079001,"메자닌, 이벤트 드리븐, 공모주, 스팩",,공모주/메자닌대출 · A300079001,,,physical_asset,verified,N,N,suppress_financial_name,financial/security keyword without enough physical evidence
ast_a151fc2d6f8f,A112658001,Clarion Gables Multifamily Fund,,펀드지분 · A112658001,,오피스복합,physical_asset,verified,N,N,suppress_fund_like_name,fund-like/security-like name has no physical address or PNU evidence
ast_5316c8adc2fb,AP00035001,해운대중동공동주택,해운대중동공동주택,,,주거,physical_asset,verified,Y,Y,keep_physical_name,real estate type or physical evidence exists
ast_fe54855dac7e,AR00004001,용산구 원효로3가 역세권 청년주택,용산구 원효로3가 역세권 청년주택,,,,physical_asset,verified,Y,Y,keep_physical_name,real estate type or physical evidence exists
ast_2c946ed0b0fa,AP00037001,메트로타워,메트로타워,,,오피스,physical_asset,verified,Y,Y,keep_physical_name,real estate type or physical evidence exists
ast_30141631f2e1,AR00007001,여주쿠팡물류센터,여주쿠팡물류센터,,,,physical_asset,verified,Y,Y,keep_physical_name,real estate type or physical evidence exists
ast_df61856e9446,AR00006001,분당Hostway IDC,분당Hostway IDC,,,,physical_asset,verified,Y,Y,keep_physical_name,real estate type or physical evidence exists
ast_24f9e46b72d9,AR00001001,용답동 청년주택 개발사업,용답동 청년주택 개발사업,,,,physical_asset,verified,Y,Y,keep_physical_name,real estate type or physical evidence exists
ast_c390565c53af,AR00008005,이지스200호(디어스 판교),이지스200호(디어스 판교),,,,physical_asset,verified,Y,Y,keep_physical_name,real estate type or physical evidence exists
ast_1267a3bda5d2,AR00008001,이지스151호(더샵 부평),이지스151호(더샵 부평),,,,physical_asset,verified,Y,Y,keep_physical_name,real estate type or physical evidence exists
ast_ca8728fa5c54,A300066001,글로벌 상장 인프라 증권,,금융상품 · A300066001,,,physical_asset,verified,N,N,suppress_financial_name,financial/security keyword without enough physical evidence
ast_ea7cfe2c034c,A300067001,"채권, 자산유동화 증권, 어음, 레포",,노트/채권/금융상품 · A300067001,,,physical_asset,verified,N,N,suppress_financial_name,financial/security keyword without enough physical evidence
ast_bb94f2f213ab,AP00039001,용산전자상가 특별계획구역8 개발사업,용산전자상가 특별계획구역8 개발사업,,,오피스복합,physical_asset,verified,N,N,keep_physical_name,real estate type or physical evidence exists
ast_c560bb54059f,AP00040001,안성 산하3지구 물류센터 개발사업,안성 산하3지구 물류센터 개발사업,,,,physical_asset,verified,N,N,review_unknown_name,insufficient evidence for automatic physical name decision
ast_c4e7fa860d3b,AR00006002,북미DC포트폴리오,북미DC포트폴리오,,,,physical_asset,verified,N,N,review_unknown_name,insufficient evidence for automatic physical name decision
ast_484614a2c1b3,A112803001,ARDIAN Infrastructure Fund VI,,펀드지분 · A112803001,,,physical_asset,verified,N,N,suppress_fund_like_name,fund-like/security-like name has no physical address or PNU evidence
ast_c14f12c21203,AP00006001,세운5구역 개발사업,세운5구역 개발사업,,,오피스,physical_asset,verified,Y,Y,keep_physical_name,real estate type or physical evidence exists
ast_24463e868506,AP00008001,부천소사 공동주택,부천소사 공동주택,,,주거,physical_asset,verified,Y,Y,keep_physical_name,real estate type or physical evidence exists
ast_58e1f6750cf0,AP00009001,효제동 오피스텔 개발사업,효제동 오피스텔 개발사업,,,주거,physical_asset,verified,Y,Y,keep_physical_name,real estate type or physical evidence exists
ast_42a97e89a9a5,AP00007002,안녕인사동,안녕인사동,,,오피스복합,physical_asset,verified,Y,Y,keep_physical_name,real estate type or physical evidence exists
ast_f239d6c0f82c,A120045005,와이에이치파워1 주식,,지분증권 · A120045005,,,physical_asset,verified,N,N,suppress_financial_name,financial/security keyword without enough physical evidence
ast_58f18cb76dad,AP00011001,신라모노그램 강릉 복합숙박시설,신라모노그램 강릉 복합숙박시설,,,호텔,physical_asset,verified,Y,Y,keep_physical_name,real estate type or physical evidence exists
ast_3d612b21dda3,A120045006,와이에이치파워2 주식,,지분증권 · A120045006,,,physical_asset,verified,N,N,suppress_financial_name,financial/security keyword without enough physical evidence
ast_5c8bf1549256,A120045007,와이에이치파워3 주식,,지분증권 · A120045007,,,physical_asset,verified,N,N,suppress_financial_name,financial/security keyword without enough physical evidence
ast_b8dc59bf595f,A120045008,와이에이치파워4 주식,,지분증권 · A120045008,,,physical_asset,verified,N,N,suppress_financial_name,financial/security keyword without enough physical evidence
ast_5f8e6966509b,A120046001,이지스 코어에너지인프라 1호 수익증권,,금융상품 · A120046001,,,physical_asset,verified,N,N,suppress_financial_name,financial/security keyword without enough physical evidence
ast_023cb333482d,AP00010001,성수동 복합시설 개발사업,성수동 복합시설 개발사업,,,오피스,physical_asset,verified,Y,N,keep_physical_name,real estate type or physical evidence exists
ast_1f096e28a63c,AP00012001,오산세교2지구 M-1BL 주상복합,오산세교2지구 M-1BL 주상복합,,,오피스복합,physical_asset,verified,Y,N,keep_physical_name,real estate type or physical evidence exists
ast_0eb50d2cf958,AR00008004,"이지스411호(200호 재간접, 디어스 판교)","이지스411호(200호 재간접, 디어스 판교)",,,,physical_asset,verified,Y,Y,keep_physical_name,real estate type or physical evidence exists
ast_c1aba7a35f32,AR00016001,"용답동 231, 231-1 공동주택 및 근린생활시설","용답동 231, 231-1 공동주택 및 근린생활시설",,,오피스,physical_asset,verified,Y,Y,keep_physical_name,real estate type or physical evidence exists
ast_b3c81fc9c5cf,AR00013001,삼성중공업판교R&D센터,삼성중공업판교R&D센터,,,오피스,physical_asset,verified,Y,Y,keep_physical_name,real estate type or physical evidence exists
ast_4ea718fb3f43,AS00002001,양산 유산동 물류센터,양산 유산동 물류센터,,,물류센터,physical_asset,verified,Y,Y,keep_physical_name,real estate type or physical evidence exists
ast_3ea6cef0a8e3,AR00008002,이지스333호(디어스 명동),이지스333호(디어스 명동),,,,physical_asset,verified,Y,Y,keep_physical_name,real estate type or physical evidence exists
ast_0c50fdc60ef8,AR00008003,이지스333호(홍대 코리빙 복합시설),이지스333호(홍대 코리빙 복합시설),,,,physical_asset,verified,Y,Y,keep_physical_name,real estate type or physical evidence exists
ast_ae0f1f82c083,AR00009001,이천YM물류센터,이천YM물류센터,,,,physical_asset,verified,Y,Y,keep_physical_name,real estate type or physical evidence exists
ast_922fd1f841cc,AR00015001,서울인터내셔널타워(SI타워),서울인터내셔널타워(SI타워),,,오피스,physical_asset,verified,Y,Y,keep_physical_name,real estate type or physical evidence exists
ast_17d191ea5a3f,AR00010001,Spring Creek Towers,Spring Creek Towers,,,,physical_asset,verified,Y,N,keep_physical_name,real estate type or physical evidence exists
ast_d1ef2293c6ff,AR00014001,신도림 디큐브시티 백화점,신도림 디큐브시티 백화점,,,,physical_asset,verified,N,N,review_unknown_name,insufficient evidence for automatic physical name decision
ast_640aad4b6a23,A300047001,"공모주, 스팩, 국내 주식, 집합투자증권, 레포",,공모주/지분증권/금융상품 · A300047001,,,physical_asset,verified,N,N,suppress_financial_name,financial/security keyword without enough physical evidence
ast_bc54b586be28,AP00021001,청담펜트하우스,청담펜트하우스,,,주거,physical_asset,verified,Y,Y,keep_physical_name,real estate type or physical evidence exists
ast_94dd7f193182,AP00033001,은평 시니어레지던스,은평 시니어레지던스,,,오피스복합,physical_asset,verified,Y,Y,keep_physical_name,real estate type or physical evidence exists
ast_bad984e26b0b,AP00034001,KTX울산역 오피스텔 개발사업,KTX울산역 오피스텔 개발사업,,,주거,physical_asset,verified,Y,Y,keep_physical_name,real estate type or physical evidence exists
