asset_id,canonical_name,pnu,status,missing_fields,fill_fields,item_count,selected_mgm_bldrgst_pk,new_floors_down,new_elevators,applied,new_completion_date,new_site_area,new_scr,new_far,new_main_usage,new_structure,new_floors_up,new_parking,new_height,new_gross_floor_area
ast_7f66d2a674c4,동일타워,1168010600110040000,found,"floors_down,elevators","floors_down,elevators,building_ledger_source,api_enrichment_status,last_api_enriched_at,updated_at",1,10241100213087,7,7,True,,,,,,,,,,
ast_cf7655c37f5e,일산CLC,4128510400108890000,found,"floors_down,elevators,completion_date","floors_down,elevators,completion_date,building_ledger_source,api_enrichment_status,last_api_enriched_at,updated_at",1,11041100391381,8,16,True,2019-11-29,,,,,,,,,
ast_d052165ba593,NC백화점(강서),1150010200106890000,found,"site_area,scr,far,main_usage,structure,floors_up,floors_down,elevators,parking,height","site_area,scr,far,main_usage,structure,floors_up,floors_down,elevators,parking,height,building_ledger_source,api_enrichment_status,last_api_enriched_at,updated_at",1,10171100217150,7,10,True,,11213.6,56.82,464.19,판매시설,일반철골구조,10,옥내 931 / 옥외 0,51.26,
ast_74aec6939fcf,포포인츠바이쉐라톤조선서울명동,1114016100100890000,found,"site_area,scr,far,main_usage,structure,floors_up,floors_down,elevators,parking,height","site_area,scr,far,main_usage,structure,floors_up,floors_down,elevators,parking,height,building_ledger_source,api_enrichment_status,last_api_enriched_at,updated_at",1,10031100236906,3,5,True,,1546.0,59.68,1168.38,숙박시설,철근콘크리트구조,26,옥내 20 / 옥외 1,99.0,
ast_4e209ca0367c,판교아이스퀘어E동,4113111500103390000,found,"floors_down,elevators","floors_down,elevators,building_ledger_source,api_enrichment_status,last_api_enriched_at,updated_at",6,10891100336794,5,7,True,,,,,,,,,,
ast_fb643944b2a8,B스퀘어,2623010400108630001,found,"floors_down,elevators","floors_down,elevators,building_ledger_source,api_enrichment_status,last_api_enriched_at,updated_at",1,1032122826,7,10,True,,,,,,,,,,
ast_e6eadbaa08bd,클럽디 속리산,4372034027106430003,found,"floors_down,elevators,completion_date","floors_down,elevators,completion_date,building_ledger_source,api_enrichment_status,last_api_enriched_at,updated_at",1,11591100188497,2,1,True,2013-09-02,,,,,,,,,
ast_da18f033a8bc,이지스 130호(모) 제2-1종 수익증권,1114011000100990000,found,"site_area,scr,far,main_usage,structure,floors_up,floors_down,elevators,parking,height,completion_date","site_area,scr,far,main_usage,structure,floors_up,floors_down,elevators,parking,height,completion_date,building_ledger_source,api_enrichment_status,last_api_enriched_at,updated_at",1,10031100205574,6,16,True,2011-06-29,6937.6,59.95,923.53,업무시설,철골철근콘크리트구조,17,옥내 436 / 옥외 0,75.24,
ast_40c746673d87,시그니처타워,1114011000100990000,found,"site_area,scr,far,main_usage,structure,floors_up,floors_down,elevators,parking,height","site_area,scr,far,main_usage,structure,floors_up,floors_down,elevators,parking,height,building_ledger_source,api_enrichment_status,last_api_enriched_at,updated_at",1,10031100205574,6,16,True,,6937.6,59.95,923.53,업무시설,철골철근콘크리트구조,17,옥내 436 / 옥외 0,75.24,
ast_cd00a5beb0b3,밀레니엄힐튼호텔,1114011800103950000,found,"site_area,scr,far,main_usage,structure,floors_up,floors_down,elevators,parking,height,completion_date","site_area,scr,far,main_usage,structure,floors_up,floors_down,elevators,parking,height,completion_date,building_ledger_source,api_enrichment_status,last_api_enriched_at,updated_at",1,100313596,2,14,True,1984-11-29,18760.1,49.23,356.28,숙박시설,철근콘크리트구조,23,옥내 401 / 옥외 88,71.35,
ast_6b3f8d30ec34,"이지스411호(200호 재간접, 디어스 판교)",4113111500103210000,found,"floors_down,elevators,completion_date","floors_down,elevators,completion_date,building_ledger_source,api_enrichment_status,last_api_enriched_at,updated_at",1,10891100298327,2,17,True,2017-10-17,,,,,,,,,
ast_53a61027bef6,스타필드(고양) (투자),4128111200103700000,found,"floors_down,elevators","floors_down,elevators,building_ledger_source,api_enrichment_status,last_api_enriched_at,updated_at",2,11041100325244,2,20,True,,,,,,,,,,
ast_e0b140083119,새금풍력태양광발전소,5123012000200330000,found,"site_area,gross_floor_area,scr,far,main_usage,structure,floors_up,floors_down,elevators,parking,height,completion_date","site_area,gross_floor_area,scr,far,main_usage,structure,floors_up,floors_down,height,completion_date,building_ledger_source,api_enrichment_status,last_api_enriched_at,updated_at",5,113914323,0,,True,2007-11-09,0.0,0.0,0.0,분뇨.쓰레기처리시설,일반철골구조,2,,11.8,933.12
ast_790533b0da44,"NH농협생명빌딩 서관(구, 임광빌딩 본관)",1141010400102670000,found,"site_area,scr,far,main_usage,structure,floors_up,floors_down,elevators,parking,height","site_area,scr,far,main_usage,structure,floors_up,floors_down,elevators,parking,height,building_ledger_source,api_enrichment_status,last_api_enriched_at,updated_at",2,101411658,4,6,True,,3728.7,37.97,655.8,업무시설,철근콘크리트구조,19,옥내 147 / 옥외 18,78.75,
ast_2c3a67886c92,롯데팩토리아울렛(인천),2811011800100760002,found,"floors_down,elevators","floors_down,elevators,building_ledger_source,api_enrichment_status,last_api_enriched_at,updated_at",1,105411700,1,2,True,,,,,,,,,,
ast_9b4469f9065d,남동테크노타워 지식산업센터 개발사업 PF대출,2820011100106480001,found,"floors_down,elevators","floors_down,elevators,building_ledger_source,api_enrichment_status,last_api_enriched_at,updated_at",1,10581100325453,2,3,True,,,,,,,,,,
ast_7bb76c255a79,신정동 근린생활시설,1147010100103290010,found,"site_area,gross_floor_area,scr,far,main_usage,structure,floors_up,floors_down,elevators,parking,height,completion_date","site_area,gross_floor_area,scr,far,main_usage,structure,floors_up,floors_down,elevators,parking,height,completion_date,building_ledger_source,api_enrichment_status,last_api_enriched_at,updated_at",1,10161100234448,3,2,True,2019-12-30,1238.3,49.5,249.89,제1종근린생활시설,철근콘크리트구조,7,옥내 44 / 옥외 4,29.75,6102.25
ast_aac5427c01f4,전환사채 | 공모주 | 비상장RCPS | 상장리츠 | AA+ 회사채,1117013100107360009,found,"site_area,gross_floor_area,scr,far,main_usage,structure,floors_up,floors_down,elevators,parking,height,completion_date","site_area,gross_floor_area,scr,far,main_usage,structure,floors_up,floors_down,elevators,parking,height,completion_date,building_ledger_source,api_enrichment_status,last_api_enriched_at,updated_at",1,1000000000000001986448,6,4,True,2023-06-28,1270.8,59.68,192.82,업무시설,철골철근콘크리트구조,5,옥내 77 / 옥외 0,19.96,7319.6
ast_65e587cdb88a,이지스333호(디어스 명동),1114014000100130002,found,"site_area,gross_floor_area,scr,far,main_usage,structure,floors_up,floors_down,elevators,parking,height,completion_date","site_area,gross_floor_area,scr,far,main_usage,structure,floors_up,floors_down,elevators,height,completion_date,building_ledger_source,api_enrichment_status,last_api_enriched_at,updated_at",1,10031100228897,2,3,True,2018-04-09,651.1,60.19,720.89,숙박시설,철골철근콘크리트구조,14,,49.9,5464.26
ast_2901ee96b420,광교 아이파크 주상복합 내 판매시설 선순위 담보 대출채권,4111710200105930000,found,"floors_down,elevators,completion_date","floors_down,elevators,completion_date,building_ledger_source,api_enrichment_status,last_api_enriched_at,updated_at",48,10841100415488,0,4,True,2018-09-28,,,,,,,,,
ast_6bfb26e9f2e6,홈플러스동수원점,4111514100110450000,found,"floors_down,elevators","floors_down,elevators,building_ledger_source,api_enrichment_status,last_api_enriched_at,updated_at",1,10841171204,1,1,True,,,,,,,,,,
ast_bb2cc0b2b2e3,대구시티센터,2711012100100110001,found,"floors_down,elevators","floors_down,elevators,building_ledger_source,api_enrichment_status,last_api_enriched_at,updated_at",1,104516081,9,9,True,,,,,,,,,,
ast_ccd25e3078c5,에이블로지스물류센터,4146135023107670013,found,"floors_down,elevators,completion_date","floors_down,elevators,completion_date,building_ledger_source,api_enrichment_status,last_api_enriched_at,updated_at",1,11161100355966,4,2,True,2016-11-04,,,,,,,,,
ast_e658d751f1bd,판교 테크원타워,4113511000105340000,found,"floors_down,elevators","floors_down,elevators,building_ledger_source,api_enrichment_status,last_api_enriched_at,updated_at",1,10891100346333,7,33,True,,,,,,,,,,
ast_0d034e04e91f,홈플러스 대전문화점 (투자),3014011600100010017,found,"floors_down,elevators","floors_down,elevators,building_ledger_source,api_enrichment_status,last_api_enriched_at,updated_at",1,1072134673,2,1,True,,,,,,,,,,
ast_541ce8b9c351,부산 온천동 복합시설 신축사업,2626010800118380000,found,"floors_down,elevators","floors_down,building_ledger_source,api_enrichment_status,last_api_enriched_at,updated_at",8,10331100221370,4,,True,,,,,,,,,,
ast_612cef5b7905,홈플러스진주점,4817011900101810001,found,"floors_down,elevators","floors_down,elevators,building_ledger_source,api_enrichment_status,last_api_enriched_at,updated_at",1,1258120869,3,6,True,,,,,,,,,,
ast_a726e9da31e0,제주올레리조트,5011025326128670003,found,"floors_down,elevators,completion_date","floors_down,elevators,completion_date,building_ledger_source,api_enrichment_status,last_api_enriched_at,updated_at",9,12761100191344,1,1,True,2009-08-03,,,,,,,,,
ast_65fb39722de4,구리시 수택동 주거용 오피스텔,4131010500103700000,found,"floors_down,elevators","floors_down,building_ledger_source,api_enrichment_status,last_api_enriched_at,updated_at",1,110916067,1,,True,,,,,,,,,,
ast_09cbe4380781,솔라팩토리19호,4313033530111650000,found,"floors_down,elevators,completion_date","floors_down,completion_date,building_ledger_source,api_enrichment_status,last_api_enriched_at,updated_at",5,11571100238224,0,,True,2016-07-06,,,,,,,,,
ast_97eee497ab45,PFV_Lotus (지분증권),1111012800101550002,found,"site_area,gross_floor_area,scr,far,main_usage,structure,floors_up,floors_down,elevators,parking,height","site_area,gross_floor_area,scr,far,main_usage,structure,floors_up,floors_down,elevators,parking,height,building_ledger_source,api_enrichment_status,last_api_enriched_at,updated_at",1,10021100217365,4,11,True,,5853.22,58.91,473.58,숙박시설,철골철근콘크리트구조,13,옥내 120 / 옥외 2,44.96,45284.0
ast_791b962e0c10,삼일빌딩,1111013500100100002,found,"site_area,scr,far,main_usage,structure,floors_up,floors_down,elevators,parking,height,completion_date","site_area,scr,far,main_usage,structure,floors_up,floors_down,elevators,parking,height,completion_date,building_ledger_source,api_enrichment_status,last_api_enriched_at,updated_at",1,100214519,2,6,True,1970-06-05,1877.4,58.09,1704.87,업무시설,철골철근콘크리트구조,31,옥내 50 / 옥외 2,110.82,
ast_6be590f974c1,누디트 홍대,1144012000104600025,found,"site_area,scr,far,main_usage,structure,floors_up,floors_down,elevators,parking,height","site_area,scr,far,main_usage,structure,floors_up,floors_down,elevators,parking,height,building_ledger_source,api_enrichment_status,last_api_enriched_at,updated_at",1,1000000000000001672923,3,7,True,,3622.1,57.96,239.98,숙박시설,철근콘크리트구조,7,옥내 101 / 옥외 0,30.92,
ast_b79d97794e21,트윈트리타워,1111012500100140000,found,"site_area,scr,far,main_usage,structure,floors_up,floors_down,elevators,parking,height","site_area,scr,far,main_usage,structure,floors_up,floors_down,elevators,parking,height,building_ledger_source,api_enrichment_status,last_api_enriched_at,updated_at",2,10021100188930,8,5,True,,4430.1,27.07,403.46,업무시설,철근콘크리트구조,17,옥내 226 / 옥외 0,64.18,
ast_99bb7e6dd0fa,노스게이트빌딩,1111010700100660000,found,"site_area,scr,far,main_usage,structure,floors_up,floors_down,elevators,parking,height","site_area,scr,far,main_usage,structure,floors_up,floors_down,elevators,parking,height,building_ledger_source,api_enrichment_status,last_api_enriched_at,updated_at",1,1002122868,4,6,True,,4234.9,41.99,497.7,업무시설,일반철골구조,12,옥내 148 / 옥외 28,47.32,
ast_3e4a7ba7841a,오토웨이타워,1168010600109480000,found,"site_area,scr,far,main_usage,structure,floors_up,floors_down,elevators,parking,height","site_area,scr,far,main_usage,structure,floors_up,floors_down,elevators,parking,height,building_ledger_source,api_enrichment_status,last_api_enriched_at,updated_at",1,10241100226732,5,11,True,,8267.1,42.55,249.94,업무시설,철골철근콘크리트구조,9,옥내 334 / 옥외 4,51.44,
ast_15f689589eb3,시그니쳐타워,1114011000100990000,found,"site_area,scr,far,main_usage,structure,floors_up,floors_down,elevators,parking,height","site_area,scr,far,main_usage,structure,floors_up,floors_down,elevators,parking,height,building_ledger_source,api_enrichment_status,last_api_enriched_at,updated_at",1,10031100205574,6,16,True,,6937.6,59.95,923.53,업무시설,철골철근콘크리트구조,17,옥내 436 / 옥외 0,75.24,
ast_74207a7495b3,페어필드 메리어트 서울 메자닌 대출,1156010200101430003,found,"site_area,gross_floor_area,scr,far,main_usage,structure,floors_up,floors_down,elevators,parking,height,completion_date","site_area,gross_floor_area,scr,far,main_usage,structure,floors_up,floors_down,elevators,parking,height,completion_date,building_ledger_source,api_enrichment_status,last_api_enriched_at,updated_at",1,10201100239601,7,6,True,2017-12-29,2524.8,58.48,799.74,숙박시설,철근콘크리트구조,19,옥내 305 / 옥외 0,77.15,32054.8
ast_eedc59c97695,서울시 영등포 1-3 재정비촉진지구 도시환경정비사업,1156010800100290055,found,"site_area,gross_floor_area,scr,far,main_usage,structure,floors_up,floors_down,elevators,parking,height,completion_date","site_area,gross_floor_area,scr,far,main_usage,structure,floors_up,floors_down,parking,height,completion_date,building_ledger_source,api_enrichment_status,last_api_enriched_at,updated_at",1,102015869,1,,True,2003-03-31,321.0,59.93,308.25,교육연구시설,일반철골구조,6,옥내 0 / 옥외 8,20.6,1166.68
ast_50f5141fc4b8,트레블로지명동시티홀호텔,1114011300100170001,found,"site_area,scr,far,main_usage,structure,floors_up,floors_down,elevators,parking,height","site_area,scr,far,main_usage,structure,floors_up,floors_down,elevators,height,building_ledger_source,api_enrichment_status,last_api_enriched_at,updated_at",1,10031100212273,3,3,True,,741.5,58.213081,599.31,숙박시설,철근콘크리트구조,11,,33.44,
ast_fe11209bb01f,ISF모1-2호(타임워크명동),1114012600100590005,found,"site_area,scr,far,main_usage,structure,floors_up,floors_down,elevators,parking,height,completion_date","site_area,scr,far,main_usage,structure,floors_up,floors_down,elevators,parking,height,completion_date,building_ledger_source,api_enrichment_status,last_api_enriched_at,updated_at",1,100315109,4,10,True,1975-10-20,4240.42,67.198768,674.68411,업무시설,철골철근콘크리트구조,19,옥내 98 / 옥외 0,72.02,
ast_fd6bb3b0a59c,영등포역 오피스텔 개발사업,1156010200101430003,found,"site_area,gross_floor_area,scr,far,main_usage,structure,floors_up,floors_down,elevators,parking,height","site_area,gross_floor_area,scr,far,main_usage,structure,floors_up,floors_down,elevators,parking,height,building_ledger_source,api_enrichment_status,last_api_enriched_at,updated_at",1,10201100239601,7,6,True,,2524.8,58.48,799.74,숙박시설,철근콘크리트구조,19,옥내 305 / 옥외 0,77.15,32054.8
ast_4b461cc661b2,포도몰,1162010200116410002,found,"site_area,scr,far,main_usage,structure,floors_up,floors_down,elevators,parking,height","site_area,scr,far,main_usage,structure,floors_up,floors_down,elevators,parking,height,building_ledger_source,api_enrichment_status,last_api_enriched_at,updated_at",1,10221100195640,8,7,True,,2873.8,59.91,733.12,판매시설,철골철근콘크리트구조,15,옥내 264 / 옥외 0,66.1,
ast_526e7318eac3,SKT구로사옥,1153010200112580000,found,"site_area,gross_floor_area,scr,far,main_usage,structure,floors_up,floors_down,elevators,parking,height","site_area,gross_floor_area,scr,far,main_usage,structure,floors_up,floors_down,height,building_ledger_source,api_enrichment_status,last_api_enriched_at,updated_at",5,101811802,3,,True,,0.0,0.0,0.0,판매시설,철근콘크리트구조,4,,0.0,202569.65
ast_764edeb2506b,씨티플라자,1156011000100250000,found,"site_area,scr,far,main_usage,structure,floors_up,floors_down,elevators,parking,height","site_area,scr,far,main_usage,structure,floors_up,floors_down,elevators,parking,height,building_ledger_source,api_enrichment_status,last_api_enriched_at,updated_at",1,102017142,4,5,True,,1388.0,59.5,761.48,업무시설,철근콘크리트구조,14,옥내 117 / 옥외 0,57.8,
ast_4c0d7e5f8a03,반포이수화학본사사옥,1165010700101120004,found,"site_area,scr,far,main_usage,structure,floors_up,floors_down,elevators,parking,height,completion_date","site_area,scr,far,main_usage,structure,floors_up,floors_down,elevators,parking,height,completion_date,building_ledger_source,api_enrichment_status,last_api_enriched_at,updated_at",1,1023112383,4,2,True,1993-07-29,2155.0,48.11,299.85,업무시설,철근콘크리트구조,8,옥내 68 / 옥외 12,37.1,
ast_09e5db3eee02,업스퀘어,3114010600115690001,found,"floors_down,elevators","floors_down,elevators,building_ledger_source,api_enrichment_status,last_api_enriched_at,updated_at",1,10781100211702,6,9,True,,,,,,,,,,
ast_ba08839e7d49,부산송정물류센터,2644010900117150002,found,"floors_down,elevators","floors_down,elevators,building_ledger_source,api_enrichment_status,last_api_enriched_at,updated_at",2,10391100245880,1,2,True,,,,,,,,,,
ast_82588f68640c,가로골목,1168010700105450018,found,"floors_down,elevators","floors_down,elevators,building_ledger_source,api_enrichment_status,last_api_enriched_at,updated_at",1,10241100285143,2,1,True,,,,,,,,,,
ast_82cde1ed5a30,잠실새내 오피스텔 신축사업,1171010100101830012,found,"floors_down,elevators","floors_down,elevators,building_ledger_source,api_enrichment_status,last_api_enriched_at,updated_at",1,10251100551962,3,3,True,,,,,,,,,,
ast_c9cb9c4a7013,홈플러스 전주완산점,5211112000104950006,found,"floors_down,elevators","floors_down,elevators,building_ledger_source,api_enrichment_status,last_api_enriched_at,updated_at",1,118619729,2,2,True,,,,,,,,,,
ast_c7f4cc2c568d,충북 청주시 서원구 잠두봉근린공원 공동주택 개발사업 PF 대출채권,4311210700200220000,found,"floors_down,elevators,completion_date","floors_down,completion_date,building_ledger_source,api_enrichment_status,last_api_enriched_at,updated_at",2,115212000208733,0,,True,2020-07-30,,,,,,,,,
ast_7530c5363c92,동산물류센터,4150033025109770005,found,"floors_down,elevators,completion_date","floors_down,completion_date,building_ledger_source,api_enrichment_status,last_api_enriched_at,updated_at",1,11211100264853,1,,True,2017-09-27,,,,,,,,,
ast_58653579359f,경산 쿠팡물류센터,4729025330109030000,found,"floors_down,elevators","floors_down,elevators,building_ledger_source,api_enrichment_status,last_api_enriched_at,updated_at",1,1000000000000004253852,2,5,True,,,,,,,,,,
ast_c0ac2f0648ba,남악신도시 복합쇼핑몰,4684025622126220000,found,"floors_down,elevators","floors_down,elevators,building_ledger_source,api_enrichment_status,last_api_enriched_at,updated_at",1,12181100227977,0,10,True,,,,,,,,,,
ast_f11894da692a,우덕빌딩,1168010100108320002,found,"site_area,scr,far,main_usage,structure,floors_up,floors_down,elevators,parking,height","site_area,scr,far,main_usage,structure,floors_up,floors_down,elevators,parking,height,building_ledger_source,api_enrichment_status,last_api_enriched_at,updated_at",1,1000000000000007189859,7,11,True,,2954.5,59.345,1007.904,업무시설,철근콘크리트구조,37,옥내 269 / 옥외 0,132.873,
ast_25028177c0ce,화양동 도시형생활주택,1121510700101160002,found,"site_area,gross_floor_area,scr,far,main_usage,structure,floors_up,floors_down,elevators,parking,height","site_area,gross_floor_area,scr,far,main_usage,structure,floors_up,floors_down,elevators,parking,height,building_ledger_source,api_enrichment_status,last_api_enriched_at,updated_at",1,10061100251470,3,3,True,,906.0,59.73,753.36,공동주택,철근콘크리트구조,20,옥내 0 / 옥외 132,88.58,8543.663
ast_7cfadd3adb65,타임워크명동,1114012600100590005,found,"site_area,scr,far,main_usage,structure,floors_up,floors_down,elevators,parking,height","site_area,scr,far,main_usage,structure,floors_up,floors_down,elevators,parking,height,building_ledger_source,api_enrichment_status,last_api_enriched_at,updated_at",1,100315109,4,10,True,,4240.42,67.198768,674.68411,업무시설,철골철근콘크리트구조,19,옥내 98 / 옥외 0,72.02,
ast_4e9c841b327e,와이플러스빌딩,1168010700105330003,found,"floors_down,elevators","floors_down,elevators,building_ledger_source,api_enrichment_status,last_api_enriched_at,updated_at",1,1024120335,1,1,True,,,,,,,,,,
ast_3394bcf0a0cd,"부산시 사상구 괘법동 오피스텔, 도시형생활주택 및 근린생활시설 신축사업",2653010400105640008,found,"floors_down,elevators,completion_date","floors_down,elevators,completion_date,building_ledger_source,api_enrichment_status,last_api_enriched_at,updated_at",1,10421100214758,3,5,True,2021-01-25,,,,,,,,,
ast_7b6a0d5ee212,2001아울렛(안양),4117110100106270287,found,"floors_down,elevators","floors_down,elevators,building_ledger_source,api_enrichment_status,last_api_enriched_at,updated_at",1,109415378,4,4,True,,,,,,,,,,
ast_7b6983c76267,켄싱턴 제주호텔 부동산담보신탁 1종 수익권,5013011900127850000,found,"floors_down,elevators,completion_date","floors_down,elevators,completion_date,building_ledger_source,api_enrichment_status,last_api_enriched_at,updated_at",1,12771100222258,2,5,True,2014-03-17,,,,,,,,,
ast_fdb1842a936b,롯데마트(포항),4711111500104810001,found,"floors_down,elevators","floors_down,building_ledger_source,api_enrichment_status,last_api_enriched_at,updated_at",1,1226121743,1,,True,,,,,,,,,,
ast_5fedae1c0415,송도 센토피아더샵 공동주택 및 근린생활시설 개발사업 PF Refinancing 대출채권,2818510600103080001,found,"floors_down,elevators,completion_date","floors_down,elevators,completion_date,building_ledger_source,api_enrichment_status,last_api_enriched_at,updated_at",43,10571100269032,0,4,True,2020-07-13,,,,,,,,,
ast_bb50a5baa03a,평택아디다스물류센터,4122010600111750003,found,"floors_down,elevators","floors_down,elevators,building_ledger_source,api_enrichment_status,last_api_enriched_at,updated_at",4,10991100222794,0,2,True,,,,,,,,,,
ast_79c9f274cd28,안성 홈플러스 중부허브 물류센터,4155038022109410000,found,"floors_down,elevators","floors_down,elevators,building_ledger_source,api_enrichment_status,last_api_enriched_at,updated_at",4,11221100217171,1,2,True,,,,,,,,,,
ast_5827261360b4,선릉위워크타워,1168010100107060000,found,"site_area,scr,far,main_usage,structure,floors_up,floors_down,elevators,parking,height","site_area,scr,far,main_usage,structure,floors_up,floors_down,elevators,parking,height,building_ledger_source,api_enrichment_status,last_api_enriched_at,updated_at",1,102417461,6,5,True,,1586.6,39.6,798.8,업무시설,철골철근콘크리트구조,22,옥내 81 / 옥외 0,96.32,
ast_0eebe3722ecd,동일타워 (투자),1168010600110040000,found,"floors_down,elevators","floors_down,elevators,building_ledger_source,api_enrichment_status,last_api_enriched_at,updated_at",1,10241100213087,7,7,True,,,,,,,,,,
ast_282ed30bb789,홈플러스진주점 (투자),4817011900101810001,found,"floors_down,elevators","floors_down,elevators,building_ledger_source,api_enrichment_status,last_api_enriched_at,updated_at",1,1258120869,3,6,True,,,,,,,,,,
ast_aaf7f9cbe8b3,판교 알파돔시티 비즈니스호텔,4113511000105390000,found,"floors_down,elevators","floors_down,elevators,building_ledger_source,api_enrichment_status,last_api_enriched_at,updated_at",1,10891100250815,4,2,True,,,,,,,,,,
ast_05637427d30e,도지물류센터,4150032028100250000,found,"floors_down,elevators","floors_down,building_ledger_source,api_enrichment_status,last_api_enriched_at,updated_at",3,11211100307379,2,,True,,,,,,,,,,
ast_a8d37cc1f751,펨코제17호기업구조조정부동산투자회사의 주식,1153010100106920000,found,"site_area,scr,far,main_usage,structure,floors_up,floors_down,elevators,parking,height","site_area,scr,far,main_usage,structure,floors_up,floors_down,elevators,height,building_ledger_source,api_enrichment_status,last_api_enriched_at,updated_at",2,10181100195619,8,36,True,,25756.8,45.09,444.26,판매시설,철골철근콘크리트구조,42,,189.95,
ast_90c2fcf7c1e0,용산전자상가 특별계획구역8 B/L (이지스용산PF재구조화1호 2종 수익증권),1117012500100150002,found,"site_area,scr,far,main_usage,structure,floors_up,floors_down,elevators,parking,height,completion_date","site_area,scr,far,main_usage,structure,floors_up,floors_down,parking,height,completion_date,building_ledger_source,api_enrichment_status,last_api_enriched_at,updated_at",2,1004112206,1,,True,1969-12-08,7737.8,58.728385,169.6455,판매시설,철근콘크리트구조,3,옥내 0 / 옥외 97,0.0,
ast_03f61e21a973,여주 본두리 물류센터,4167025032100180003,found,"floors_down,elevators","floors_down,elevators,building_ledger_source,api_enrichment_status,last_api_enriched_at,updated_at",1,1000000000000002635628,2,9,True,,,,,,,,,,
ast_a5a50c01a582,부평 더샵센트럴시티 공공지원민간임대주택,2823710200106300000,found,"floors_down,elevators","floors_down,elevators,building_ledger_source,api_enrichment_status,last_api_enriched_at,updated_at",61,1000000000000001458764,0,6,True,,,,,,,,,,
ast_35c0d3505765,동산물류센터,4150033025109770005,found,"floors_down,elevators,completion_date","floors_down,completion_date,building_ledger_source,api_enrichment_status,last_api_enriched_at,updated_at",1,11211100264853,1,,True,2017-09-27,,,,,,,,,
ast_7773542720e0,"NH농협생명빌딩 동관(구, 임광빌딩 신관)",1141010400102570000,found,"site_area,scr,far,main_usage,structure,floors_up,floors_down,elevators,parking,height","site_area,scr,far,main_usage,structure,floors_up,floors_down,elevators,parking,height,building_ledger_source,api_enrichment_status,last_api_enriched_at,updated_at",1,101411657,5,6,True,,2310.0,48.36,895.18,업무시설,철골철근콘크리트구조,21,옥내 108 / 옥외 0,78.7,
ast_586b7ab8eae7,웨스트게이트타워 선순위 담보대출,1141010100100700000,found,"site_area,scr,far,main_usage,structure,floors_up,floors_down,elevators,parking,height","site_area,scr,far,main_usage,structure,floors_up,floors_down,elevators,parking,height,building_ledger_source,api_enrichment_status,last_api_enriched_at,updated_at",3,10141644,1,2,True,,0.0,0.0,0.0,교육연구시설,철근콘크리트구조,8,옥내 0 / 옥외 42,36.4,
ast_c4abd15d239e,용산전자상가 특별계획구역8 B/L (이지스용산PF재구조화1호 2종 수익증권),1117012500100150002,found,"site_area,scr,far,main_usage,structure,floors_up,floors_down,elevators,parking,height,completion_date","site_area,scr,far,main_usage,structure,floors_up,floors_down,parking,height,completion_date,building_ledger_source,api_enrichment_status,last_api_enriched_at,updated_at",2,1004112206,1,,True,1969-12-08,7737.8,58.728385,169.6455,판매시설,철근콘크리트구조,3,옥내 0 / 옥외 97,0.0,
ast_a0c153e36050,서영빌딩,4113510200100060003,found,"floors_down,elevators","floors_down,elevators,building_ledger_source,api_enrichment_status,last_api_enriched_at,updated_at",1,10891125435,5,3,True,,,,,,,,,,
ast_c930b43436c8,인천 가좌동 오피스텔 선순위 PF대출채권,2826011200102120008,found,"floors_down,elevators,completion_date","floors_down,elevators,completion_date,building_ledger_source,api_enrichment_status,last_api_enriched_at,updated_at",1,10611100370426,3,3,True,2020-03-13,,,,,,,,,
ast_afdaf8446aaa,수원 이비스 앰배서더 수원 호텔 후순위 담보대출,4111514100111320012,found,"floors_down,elevators,completion_date","floors_down,elevators,completion_date,building_ledger_source,api_enrichment_status,last_api_enriched_at,updated_at",1,10841100174823,7,9,True,1995-08-30,,,,,,,,,
ast_740742dbd00f,일산CLC,4128510400108890000,found,"floors_down,elevators,completion_date","floors_down,elevators,completion_date,building_ledger_source,api_enrichment_status,last_api_enriched_at,updated_at",1,11041100391381,8,16,True,2019-11-29,,,,,,,,,
ast_e1569e444936,안성홈플러스물류센터,4155038022109410000,found,"floors_down,elevators","floors_down,elevators,building_ledger_source,api_enrichment_status,last_api_enriched_at,updated_at",4,11221100217171,1,2,True,,,,,,,,,,
ast_bc6a604e91d6,평촌G스퀘어,4117310400110390000,found,"floors_down,elevators","floors_down,elevators,building_ledger_source,api_enrichment_status,last_api_enriched_at,updated_at",1,10941100204538,8,27,True,,,,,,,,,,
ast_43a233492c49,신라모노그램 강릉 복합숙박시설,5115011400102590000,found,"floors_down,elevators,completion_date","floors_down,elevators,completion_date,building_ledger_source,api_enrichment_status,last_api_enriched_at,updated_at",2,1000000000000005683842,1,17,True,2025-04-29,,,,,,,,,
ast_b37459d7bd24,클럽디 속리산,4372034027106430003,found,"floors_down,elevators,completion_date","floors_down,elevators,completion_date,building_ledger_source,api_enrichment_status,last_api_enriched_at,updated_at",1,11591100188497,2,1,True,2013-09-02,,,,,,,,,
ast_6c15b114075c,용산더프라임,1117011200101210090,found,"site_area,scr,far,floors_down,elevators,parking,height,completion_date","site_area,scr,far,floors_down,height,completion_date,building_ledger_source,api_enrichment_status,last_api_enriched_at,updated_at",1,100414153,0,,True,1997-06-14,66.1,74.31,133.72,,,,,7.1,
ast_b939ab49c418,네오밸류한남PFV의 전환사채,1117013100107360009,found,"site_area,scr,far,main_usage,structure,floors_up,floors_down,elevators,parking,height,completion_date","site_area,scr,far,main_usage,structure,floors_up,floors_down,elevators,parking,height,completion_date,building_ledger_source,api_enrichment_status,last_api_enriched_at,updated_at",1,1000000000000001986448,6,4,True,2023-06-28,1270.8,59.68,192.82,업무시설,철골철근콘크리트구조,5,옥내 77 / 옥외 0,19.96,
ast_7dbf61112b72,서울시티타워,1114011800105810000,found,"site_area,scr,far,main_usage,structure,floors_up,floors_down,elevators,parking,height","site_area,scr,far,main_usage,structure,floors_up,floors_down,elevators,parking,height,building_ledger_source,api_enrichment_status,last_api_enriched_at,updated_at",1,100313615,8,10,True,,3828.4,54.640058,976.99,업무시설,철골철근콘크리트구조,23,옥내 407 / 옥외 0,108.7,
ast_6ce950493e21,롯데마트대덕점,3020014600108870000,found,"floors_down,elevators,completion_date","floors_down,elevators,completion_date,building_ledger_source,api_enrichment_status,last_api_enriched_at,updated_at",1,10741100171544,1,2,True,2007-11-08,,,,,,,,,
ast_97346b281c40,롯데마트(제주),5011012200107080000,found,"floors_down,elevators","floors_down,elevators,building_ledger_source,api_enrichment_status,last_api_enriched_at,updated_at",1,1276137666,2,4,True,,,,,,,,,,
ast_1c2b0c57e8b7,대구시티센터 (투자),2711012100100110001,found,"floors_down,elevators","floors_down,elevators,building_ledger_source,api_enrichment_status,last_api_enriched_at,updated_at",1,104516081,9,9,True,,,,,,,,,,
ast_a8ad83130e72,홈플러스 대전문화점,3014011600100010017,found,"floors_down,elevators","floors_down,elevators,building_ledger_source,api_enrichment_status,last_api_enriched_at,updated_at",1,1072134673,2,1,True,,,,,,,,,,
ast_d4faf53bb85a,평택아디다스물류센터,4122010600111750003,found,"floors_down,elevators","floors_down,elevators,building_ledger_source,api_enrichment_status,last_api_enriched_at,updated_at",4,10991100222794,0,2,True,,,,,,,,,,
ast_34e35d0dff33,분당야탑물류센터,4113510700104030000,found,"site_area,scr,far,floors_down,elevators,parking,height,completion_date","site_area,scr,far,floors_down,elevators,parking,height,completion_date,building_ledger_source,api_enrichment_status,last_api_enriched_at,updated_at",1,1000000000000002556971,3,2,True,2023-10-23,14192.1,69.98323,173.06825,,,,옥내 93 / 옥외 105,39.8,
ast_15237c00f653,롯데백화점분당점,4113510200100140000,found,"floors_down,elevators","floors_down,elevators,building_ledger_source,api_enrichment_status,last_api_enriched_at,updated_at",1,10891122425,6,9,True,,,,,,,,,,
ast_3e6ab9503501,두산빌딩,1168010800101050007,found,"floors_down,elevators,completion_date","floors_down,elevators,completion_date,building_ledger_source,api_enrichment_status,last_api_enriched_at,updated_at",1,1024114869,4,9,True,1987-03-04,,,,,,,,,
ast_1daf77258172,천안성성7지구공동주택,4413310500103660003,found,"floors_down,elevators","floors_down,building_ledger_source,api_enrichment_status,last_api_enriched_at,updated_at",3,11701100180489,0,,True,,,,,,,,,,
ast_a9ed8293cd98,안성홈플러스물류센터,4155038022109410000,found,"floors_down,elevators","floors_down,elevators,building_ledger_source,api_enrichment_status,last_api_enriched_at,updated_at",4,11221100217171,1,2,True,,,,,,,,,,
ast_97000349e062,원주AK,5113011000111230000,found,"floors_down,elevators","floors_down,elevators,building_ledger_source,api_enrichment_status,last_api_enriched_at,updated_at",1,11341100217753,5,14,True,,,,,,,,,,
ast_863c34bc88b1,더피나클강남,1168010800101190000,found,"floors_down,elevators","floors_down,elevators,building_ledger_source,api_enrichment_status,last_api_enriched_at,updated_at",1,10241100207768,6,14,True,,,,,,,,,,
ast_b2fa1e20d812,용산전자상가 특별계획구역8 개발사업,1117012500100150002,found,"site_area,scr,far,floors_down,elevators,parking,height,completion_date","site_area,scr,far,floors_down,parking,height,completion_date,building_ledger_source,api_enrichment_status,last_api_enriched_at,updated_at",2,1004112206,1,,True,1969-12-08,7737.8,58.728385,169.6455,,,,옥내 0 / 옥외 97,0.0,
ast_859f99e97066,롯데마트(나주),4617010200111060002,found,"floors_down,elevators","floors_down,building_ledger_source,api_enrichment_status,last_api_enriched_at,updated_at",2,12061100199572,0,,True,,,,,,,,,,
ast_fe9e7fc006fb,눈스퀘어,1114012700100830005,found,"site_area,scr,far,main_usage,structure,floors_up,floors_down,elevators,parking,height","site_area,scr,far,main_usage,structure,floors_up,floors_down,elevators,parking,height,building_ledger_source,api_enrichment_status,last_api_enriched_at,updated_at",1,100315393,2,6,True,,3305.8,89.36,582.78,판매시설,철근콘크리트구조,9,옥내 103 / 옥외 0,45.1,
ast_a39455191564,트리스빌딩 (투자),1168010800100700006,found,"floors_down,elevators","floors_down,elevators,building_ledger_source,api_enrichment_status,last_api_enriched_at,updated_at",1,1024114377,4,3,True,,,,,,,,,,
ast_122d47e0ef63,홈플러스금천점,1154510200102910007,found,"site_area,scr,far,main_usage,structure,floors_up,floors_down,elevators,parking,height","site_area,scr,far,main_usage,structure,floors_up,floors_down,elevators,parking,height,building_ledger_source,api_enrichment_status,last_api_enriched_at,updated_at",1,1019116355,1,5,True,,15996.5,59.91,193.65,판매시설,철골철근콘크리트구조,6,옥내 1071 / 옥외 0,31.1,
ast_1063cfdde684,후너스빌딩 (투자),4113510200100220002,found,"floors_down,elevators","floors_down,elevators,building_ledger_source,api_enrichment_status,last_api_enriched_at,updated_at",1,10891122946,2,2,True,,,,,,,,,,
ast_3f3767149c5b,여주 본두리 물류센터 (투자),4167025032100180003,found,"floors_down,elevators","floors_down,elevators,building_ledger_source,api_enrichment_status,last_api_enriched_at,updated_at",1,1000000000000002635628,2,9,True,,,,,,,,,,
ast_e2fd03212beb,남악신도시 복합쇼핑몰 (투자),4684025622126220000,found,"floors_down,elevators","floors_down,elevators,building_ledger_source,api_enrichment_status,last_api_enriched_at,updated_at",1,12181100227977,0,10,True,,,,,,,,,,
ast_a87124d2b233,남산그린빌딩,1114011800102670000,found,"site_area,gross_floor_area,scr,far,main_usage,structure,floors_up,floors_down,elevators,parking,height","site_area,gross_floor_area,scr,far,main_usage,structure,floors_up,floors_down,elevators,parking,height,building_ledger_source,api_enrichment_status,last_api_enriched_at,updated_at",1,100313594,4,10,True,,6107.1,37.99,630.1,업무시설,일반철골구조,20,옥내 296 / 옥외 34,84.7,58668.26
ast_3c6660ce41f1,홈플러스센텀시티점,2635010500114990000,found,"floors_down,elevators","floors_down,elevators,building_ledger_source,api_enrichment_status,last_api_enriched_at,updated_at",1,1036119953,1,2,True,,,,,,,,,,
ast_03c3c2e1b0b2,신라스테이울산,3114010500112470001,found,"floors_down,elevators","floors_down,elevators,building_ledger_source,api_enrichment_status,last_api_enriched_at,updated_at",1,10781100227084,4,4,True,,,,,,,,,,
ast_d36a3b06c819,홈플러스삼천포점,4824010800100580003,found,"floors_down,elevators","floors_down,elevators,building_ledger_source,api_enrichment_status,last_api_enriched_at,updated_at",1,126018812,2,2,True,,,,,,,,,,
ast_3610ec7fb906,홈플러스죽도점,4711311600100500001,found,"floors_down,elevators","floors_down,building_ledger_source,api_enrichment_status,last_api_enriched_at,updated_at",1,12261130713,0,,True,,,,,,,,,,
ast_115f3c3277d4,서영빌딩,4113510200100060003,found,"floors_down,elevators","floors_down,elevators,building_ledger_source,api_enrichment_status,last_api_enriched_at,updated_at",1,10891125435,5,3,True,,,,,,,,,,
ast_7418f76af537,탑빌딩,4113510700103610004,found,"floors_down,elevators","floors_down,elevators,building_ledger_source,api_enrichment_status,last_api_enriched_at,updated_at",1,10891100202773,4,3,True,,,,,,,,,,
ast_07e0f0bb366d,트리스빌딩,1168010800100700006,found,"floors_down,elevators","floors_down,elevators,building_ledger_source,api_enrichment_status,last_api_enriched_at,updated_at",1,1024114377,4,3,True,,,,,,,,,,
ast_2d6772e4d2c7,신라스테이제주,5011013700102740016,found,"floors_down,elevators","floors_down,elevators,building_ledger_source,api_enrichment_status,last_api_enriched_at,updated_at",1,12761100262000,3,4,True,,,,,,,,,,
ast_55647389ae80,홈플러스영등포점,1156012100100550003,found,"site_area,scr,far,main_usage,structure,floors_up,floors_down,elevators,parking,height","site_area,scr,far,main_usage,structure,floors_up,floors_down,elevators,parking,height,building_ledger_source,api_enrichment_status,last_api_enriched_at,updated_at",1,1020114221,2,3,True,,17190.1,56.99,116.61,판매시설,철근콘크리트구조,5,옥내 812 / 옥외 0,27.7,
ast_21ccb7c9f7bd,G밸리비즈플라자,1153010200101880025,found,"site_area,scr,far,main_usage,structure,floors_up,floors_down,elevators,parking,height","site_area,scr,far,main_usage,structure,floors_up,floors_down,elevators,parking,height,building_ledger_source,api_enrichment_status,last_api_enriched_at,updated_at",1,10181100216852,4,19,True,,12339.0,47.31,479.72,업무시설,철근콘크리트구조,20,옥내 716 / 옥외 0,89.8,
ast_855b77ffc374,광화문G타워,1111012400101560000,found,"site_area,scr,far,main_usage,structure,floors_up,floors_down,elevators,parking,height","site_area,scr,far,main_usage,structure,floors_up,floors_down,elevators,parking,height,building_ledger_source,api_enrichment_status,last_api_enriched_at,updated_at",1,10021100202897,5,8,True,,2890.2,57.55,799.58,숙박시설,철근콘크리트구조,18,옥내 95 / 옥외 0,66.9,
ast_f51cc97d21ec,신라스테이해운대,2635010500106290006,found,"floors_down,elevators","floors_down,elevators,building_ledger_source,api_enrichment_status,last_api_enriched_at,updated_at",1,10361100238955,4,6,True,,,,,,,,,,
ast_938f03c98067,롯데마트(대전대덕),3020014600108870000,found,"floors_down,elevators","floors_down,elevators,building_ledger_source,api_enrichment_status,last_api_enriched_at,updated_at",1,10741100171544,1,2,True,,,,,,,,,,
ast_8b9207d29b9d,롯데마트(제주),5011012200107080000,found,"floors_down,elevators","floors_down,elevators,building_ledger_source,api_enrichment_status,last_api_enriched_at,updated_at",1,1276137666,2,4,True,,,,,,,,,,
ast_a60a75cb3e01,정동빌딩,1114016700100150005,found,"site_area,scr,far,main_usage,structure,floors_up,floors_down,elevators,parking,height","site_area,scr,far,main_usage,structure,floors_up,floors_down,elevators,parking,height,building_ledger_source,api_enrichment_status,last_api_enriched_at,updated_at",1,1003124386,5,11,True,,4200.3,59.43,658.59,업무시설,철근콘크리트구조,20,옥내 170 / 옥외 0,71.2,
ast_9fb48d4d8ce0,씨티센터타워,1114016100100240001,found,"site_area,scr,far,main_usage,structure,floors_up,floors_down,elevators,parking,height","site_area,scr,far,main_usage,structure,floors_up,floors_down,elevators,parking,height,building_ledger_source,api_enrichment_status,last_api_enriched_at,updated_at",1,1003114995,2,7,True,,2334.9,88.02,1484.9,업무시설,철근콘크리트구조,18,옥내 91 / 옥외 0,70.65,
ast_16a56a088f89,영등포역 오피스텔 개발사업,1156010200101430003,found,"site_area,gross_floor_area,scr,far,main_usage,structure,floors_up,floors_down,elevators,parking,height","site_area,gross_floor_area,scr,far,main_usage,structure,floors_up,floors_down,elevators,parking,height,building_ledger_source,api_enrichment_status,last_api_enriched_at,updated_at",1,10201100239601,7,6,True,,2524.8,58.48,799.74,숙박시설,철근콘크리트구조,19,옥내 305 / 옥외 0,77.15,32054.8
ast_0dc44d526fb4,종로타워,1111013800100060000,found,"site_area,scr,far,main_usage,structure,floors_up,floors_down,elevators,parking,height","site_area,scr,far,main_usage,structure,floors_up,floors_down,elevators,parking,height,building_ledger_source,api_enrichment_status,last_api_enriched_at,updated_at",1,1002112321,6,8,True,,5007.9,39.86,721.2,업무시설,철골철근콘크리트구조,24,옥내 271 / 옥외 2,133.5,
ast_b257dd733dea,뉴코아아울렛(평촌),4117310400110390003,found,"floors_down,elevators","floors_down,elevators,building_ledger_source,api_enrichment_status,last_api_enriched_at,updated_at",1,1094185534,7,8,True,,,,,,,,,,
ast_40eb7f1348f6,뉴코아아울렛(일산),4128510500107970000,found,"floors_down,elevators","floors_down,elevators,building_ledger_source,api_enrichment_status,last_api_enriched_at,updated_at",1,11041136123,7,6,True,,,,,,,,,,
ast_97638ebe48e2,수송스퀘어,1111012400100830001,found,"site_area,scr,far,main_usage,structure,floors_up,floors_down,elevators,parking,height","site_area,scr,far,main_usage,structure,floors_up,floors_down,elevators,parking,height,building_ledger_source,api_enrichment_status,last_api_enriched_at,updated_at",1,1002125292,6,8,True,,5275.0,42.33,598.83,업무시설,철근콘크리트구조,16,옥내 309 / 옥외 4,70.1,
ast_c8c2e5210765,쌈지길,1111012800100380000,found,"site_area,scr,far,main_usage,structure,floors_up,floors_down,elevators,parking,height","site_area,scr,far,main_usage,structure,floors_up,floors_down,elevators,parking,height,building_ledger_source,api_enrichment_status,last_api_enriched_at,updated_at",1,1002118084,2,1,True,,1503.2,59.65,144.7,제2종근린생활시설,철근콘크리트구조,4,옥내 1 / 옥외 0,16.0,
ast_05a1704bed45,유림빌딩,1144012100101650004,found,"site_area,scr,far,main_usage,structure,floors_up,floors_down,elevators,parking,height","site_area,scr,far,main_usage,structure,floors_up,floors_down,elevators,parking,height,building_ledger_source,api_enrichment_status,last_api_enriched_at,updated_at",1,10151100223611,2,2,True,,799.3,56.61,438.7,판매시설,철근콘크리트구조,10,옥내 42 / 옥외 2,45.75,
ast_56793c2827ee,순화타워,1114016800100660000,found,"site_area,scr,far,main_usage,structure,floors_up,floors_down,elevators,parking,height","site_area,scr,far,main_usage,structure,floors_up,floors_down,elevators,parking,height,building_ledger_source,api_enrichment_status,last_api_enriched_at,updated_at",1,1003124610,5,5,True,,1828.4,43.74,790.08,업무시설,철골철근콘크리트구조,20,옥내 96 / 옥외 0,85.52,
ast_11888bd81598,신도림핀포인트,1153010100103370000,found,"site_area,scr,far,main_usage,structure,floors_up,floors_down,elevators,parking,height","site_area,scr,far,main_usage,structure,floors_up,floors_down,elevators,parking,height,building_ledger_source,api_enrichment_status,last_api_enriched_at,updated_at",1,1018123473,5,24,True,,16529.0,55.43,659.98,업무시설,철근콘크리트구조,30,옥내 1272 / 옥외 429,102.8,
ast_2b8d6d15574a,태평로빌딩,1114016600101110000,found,"site_area,scr,far,main_usage,structure,floors_up,floors_down,elevators,parking,height","site_area,scr,far,main_usage,structure,floors_up,floors_down,elevators,parking,height,building_ledger_source,api_enrichment_status,last_api_enriched_at,updated_at",1,1003124333,6,7,True,,2893.4,40.03,953.88,업무시설,철골철근콘크리트구조,26,옥내 334 / 옥외 3,107.7,
ast_61465a8dd9a1,T타워,1114011800108270000,found,"site_area,scr,far,main_usage,structure,floors_up,floors_down,elevators,parking,height","site_area,scr,far,main_usage,structure,floors_up,floors_down,elevators,parking,height,building_ledger_source,api_enrichment_status,last_api_enriched_at,updated_at",1,10031100199712,6,14,True,,5346.1,47.7,999.0,업무시설,철골철근콘크리트구조,37,옥내 587 / 옥외 0,119.7,
ast_cd4e754af9e0,평촌G스퀘어,4117310400110390000,found,"floors_down,elevators","floors_down,elevators,building_ledger_source,api_enrichment_status,last_api_enriched_at,updated_at",1,10941100204538,8,27,True,,,,,,,,,,
ast_a36a0293fea2,하남미사우성르보아파크,4145010900110790000,found,"floors_down,elevators","floors_down,elevators,building_ledger_source,api_enrichment_status,last_api_enriched_at,updated_at",1,11151100265418,6,9,True,,,,,,,,,,
ast_a81bf18a93d4,스타필드(고양),4128111200103700000,found,"floors_down,elevators","floors_down,elevators,building_ledger_source,api_enrichment_status,last_api_enriched_at,updated_at",2,11041100325244,2,20,True,,,,,,,,,,
ast_23c79539e93e,LS용산타워,1117012500101910000,found,"site_area,gross_floor_area,scr,far,main_usage,structure,floors_up,floors_down,elevators,parking,height","site_area,gross_floor_area,scr,far,main_usage,structure,floors_up,floors_down,parking,height,building_ledger_source,api_enrichment_status,last_api_enriched_at,updated_at",2,1004121271,4,,True,,11703.4,31.94,600.07356,제2종근린생활시설,일반철골구조,28,옥내 484 / 옥외 101,121.645,105491.61
ast_3048a53624b2,홈플러스전주효자점,5211114000104310005,found,"floors_down,elevators","floors_down,elevators,building_ledger_source,api_enrichment_status,last_api_enriched_at,updated_at",1,11861100222286,3,2,True,,,,,,,,,,
ast_84c4e6c8e0bf,광명 역세권지구 복합시설 신축,4121010600105080004,found,"floors_down,elevators","floors_down,elevators,building_ledger_source,api_enrichment_status,last_api_enriched_at,updated_at",1,10981100229025,5,5,True,,,,,,,,,,
ast_af5f71776ae0,바른빌딩,1168010600109450027,found,"site_area,scr,far,main_usage,structure,floors_up,floors_down,elevators,parking,height","site_area,scr,far,main_usage,structure,floors_up,floors_down,elevators,parking,height,building_ledger_source,api_enrichment_status,last_api_enriched_at,updated_at",1,10241100196547,6,3,True,,915.3,59.69,790.63,업무시설,철골철근콘크리트구조,15,옥내 61 / 옥외 0,49.2,
ast_f40e9a6c4433,PFV_Lotus (사채),1111012800101550002,found,"site_area,gross_floor_area,scr,far,main_usage,structure,floors_up,floors_down,elevators,parking,height","site_area,gross_floor_area,scr,far,main_usage,structure,floors_up,floors_down,elevators,parking,height,building_ledger_source,api_enrichment_status,last_api_enriched_at,updated_at",1,10021100217365,4,11,True,,5853.22,58.91,473.58,숙박시설,철골철근콘크리트구조,13,옥내 120 / 옥외 2,44.96,45284.0
ast_02870a4cfd6e,시그니쳐타워,1114011000100990000,found,"site_area,gross_floor_area,scr,far,main_usage,structure,floors_up,floors_down,elevators,parking,height,completion_date","site_area,gross_floor_area,scr,far,main_usage,structure,floors_up,floors_down,elevators,parking,height,completion_date,building_ledger_source,api_enrichment_status,last_api_enriched_at,updated_at",1,10031100205574,6,16,True,2011-06-29,6937.6,59.95,923.53,업무시설,철골철근콘크리트구조,17,옥내 436 / 옥외 0,75.24,99997.1
ast_7e9acc299d06,V플렉스,1168010500101570027,found,"site_area,scr,far,main_usage,structure,floors_up,floors_down,elevators,parking,height","site_area,scr,far,main_usage,structure,floors_up,floors_down,elevators,parking,height,building_ledger_source,api_enrichment_status,last_api_enriched_at,updated_at",1,1024110178,7,4,True,,1691.4,59.66,1027.28,업무시설,철골철근콘크리트구조,19,옥내 200 / 옥외 3,83.5,
ast_7fe8561ccfd3,부산 수영구 광안동 98-1외 7필지 오피스텔 PF대출,2650010400100980001,found,"floors_down,elevators","floors_down,elevators,building_ledger_source,api_enrichment_status,last_api_enriched_at,updated_at",1,10411100220310,6,4,True,,,,,,,,,,
ast_9855c32af978,지엘가산메트로 주식회사,1154510100100600029,found,"site_area,scr,far,main_usage,structure,floors_up,floors_down,elevators,parking,height","site_area,scr,far,main_usage,structure,floors_up,floors_down,elevators,parking,height,building_ledger_source,api_enrichment_status,last_api_enriched_at,updated_at",1,10191100263327,5,5,True,,8247.0,59.92,487.53,공장,철골철근콘크리트구조,10,옥내 273 / 옥외 14,59.92,
ast_6943582c5ffa,명동청휘빌딩,1114012700100330001,found,"site_area,scr,far,floors_down,elevators,parking,height","site_area,scr,far,floors_down,height,building_ledger_source,api_enrichment_status,last_api_enriched_at,updated_at",1,100315216,2,,True,,496.5,86.62,1079.28,,,,,46.4,
ast_251d0a3de508,고양시 화정동 아이씨티일산,4128112300111480006,found,"floors_down,elevators","floors_down,elevators,building_ledger_source,api_enrichment_status,last_api_enriched_at,updated_at",1,11041100406784,7,4,True,,,,,,,,,,
ast_0c68bbfd7099,제주 연동 오피스텔,5011013700102610023,found,"floors_down,elevators","floors_down,elevators,building_ledger_source,api_enrichment_status,last_api_enriched_at,updated_at",1,12761100406121,4,5,True,,,,,,,,,,
ast_95bd0edf061a,라마다서울호텔 담보대출,1168010500101120005,found,"site_area,gross_floor_area,scr,far,main_usage,structure,floors_up,floors_down,elevators,parking,height","site_area,gross_floor_area,scr,far,main_usage,structure,floors_up,floors_down,elevators,height,building_ledger_source,api_enrichment_status,last_api_enriched_at,updated_at",2,1024110856,3,9,True,,0.0,0.0,0.0,숙박시설,철근콘크리트구조,12,,40.4,28602.84
ast_86b73cdb75eb,건대몰오브K,1121510500100090004,found,"site_area,scr,far,main_usage,structure,floors_up,floors_down,elevators,parking,height","site_area,scr,far,main_usage,structure,floors_up,floors_down,elevators,parking,height,building_ledger_source,api_enrichment_status,last_api_enriched_at,updated_at",1,10061100240089,3,4,True,,2982.5,59.95,198.17,제2종근린생활시설,철골철근콘크리트구조,4,옥내 168 / 옥외 0,33.6,
ast_b3db1f189553,센터필드,1168010100106760000,found,"site_area,scr,far,main_usage,structure,floors_up,floors_down,elevators,parking,height","site_area,scr,far,main_usage,structure,floors_up,floors_down,elevators,parking,height,building_ledger_source,api_enrichment_status,last_api_enriched_at,updated_at",1,10241100296843,7,55,True,,18489.7,37.28,880.92,업무시설,철골철근콘크리트구조,36,옥내 889 / 옥외 0,158.9,
ast_470c38b64eb9,애월 복합관광단지 개발,5011025331100170006,found,"floors_down,elevators","floors_down,building_ledger_source,api_enrichment_status,last_api_enriched_at,updated_at",3,12761100230874,0,,True,,,,,,,,,,
ast_ede5ff41c84e,드웰동대문,1123010900103190012,found,"site_area,scr,far,main_usage,structure,floors_up,floors_down,elevators,parking,height","site_area,scr,far,main_usage,structure,floors_up,floors_down,elevators,parking,height,building_ledger_source,api_enrichment_status,last_api_enriched_at,updated_at",1,100718608,2,2,True,,968.0,40.43,377.06,숙박시설,철근콘크리트구조,10,옥내 39 / 옥외 1,33.55,
ast_33b7088ae1e9,아레나스영종,2811014800113280001,found,"floors_down,elevators,completion_date","floors_down,elevators,completion_date,building_ledger_source,api_enrichment_status,last_api_enriched_at,updated_at",7,10541100261609,0,12,True,2021-01-22,,,,,,,,,
ast_bec58069f5fb,동탄센터포인트몰,4159710200100960000,found,"floors_down,elevators","floors_down,elevators,building_ledger_source,api_enrichment_status,last_api_enriched_at,updated_at",4,11241100269101,4,7,True,,,,,,,,,,
ast_6384991ee54c,잭니클라우스GC 단독주택부지 담보신탁 1순위 우선수익권 담보부대출,2818510600101170091,found,"floors_down,elevators,completion_date","floors_down,completion_date,building_ledger_source,api_enrichment_status,last_api_enriched_at,updated_at",1,1000000000000004508467,1,,True,2024-10-22,,,,,,,,,
ast_8645e842633c,오투타워,1156011000100230006,found,"site_area,scr,far,main_usage,structure,floors_up,floors_down,elevators,parking,height","site_area,scr,far,main_usage,structure,floors_up,floors_down,elevators,parking,height,building_ledger_source,api_enrichment_status,last_api_enriched_at,updated_at",1,102017000,7,12,True,,3176.0,53.19,830.28,업무시설,철근콘크리트구조,23,옥내 291 / 옥외 0,134.5,
ast_1a8c0ab8b13b,SK명동빌딩,1114012600100590005,found,"site_area,scr,far,main_usage,structure,floors_up,floors_down,elevators,parking,height,completion_date","site_area,scr,far,main_usage,structure,floors_up,floors_down,elevators,parking,height,completion_date,building_ledger_source,api_enrichment_status,last_api_enriched_at,updated_at",1,100315109,4,10,True,1975-10-20,4240.42,67.198768,674.68411,업무시설,철골철근콘크리트구조,19,옥내 98 / 옥외 0,72.02,
ast_79be067b7ddd,강남구 역삼동 오피스텔 및 근린생활시설 신축사업,1168010100106050017,found,"site_area,gross_floor_area,scr,far,main_usage,structure,floors_up,floors_down,elevators,parking,height,completion_date","site_area,gross_floor_area,scr,far,main_usage,structure,floors_up,floors_down,elevators,parking,height,completion_date,building_ledger_source,api_enrichment_status,last_api_enriched_at,updated_at",1,10241100298403,5,3,True,2021-04-23,1074.0,54.61,796.09,업무시설,철근콘크리트구조,17,옥내 185 / 옥외 0,74.89,12986.17
ast_07e49a3487e7,강동 성내 역세권 청년주택,1174010800104310013,found,"site_area,gross_floor_area,scr,far,main_usage,structure,floors_up,floors_down,elevators,parking,height,completion_date","site_area,gross_floor_area,scr,far,main_usage,structure,floors_up,floors_down,parking,height,completion_date,building_ledger_source,api_enrichment_status,last_api_enriched_at,updated_at",1,1026122109,0,,True,2007-10-04,204.8,55.24,179.72,공동주택,철근콘크리트구조,5,옥내 4 / 옥외 1,14.45,368.07
ast_66c76bd0edbb,파주 운정지구 오피스 개발사업,4148012200114330000,found,"floors_down,elevators,completion_date","floors_down,elevators,completion_date,building_ledger_source,api_enrichment_status,last_api_enriched_at,updated_at",1,11201100433440,2,5,True,2021-01-08,,,,,,,,,
ast_cc17ca0f4c91,타임테라스동탄,4159710200100960000,found,"floors_down,elevators","floors_down,elevators,building_ledger_source,api_enrichment_status,last_api_enriched_at,updated_at",4,11241100269101,4,7,True,,,,,,,,,,
ast_62541f3646a0,"스카이박스1, 스카이박스2",2826011900115490004,found,"floors_down,elevators","floors_down,elevators,building_ledger_source,api_enrichment_status,last_api_enriched_at,updated_at",2,10611100313993,0,2,True,,,,,,,,,,
ast_088dd044de37,부산 온천동 복합시설 신축사업,2626010800101800014,found,"floors_down,elevators","floors_down,elevators,building_ledger_source,api_enrichment_status,last_api_enriched_at,updated_at",1,10331100231168,5,6,True,,,,,,,,,,
ast_3b3e44da06d7,"세운 6-3-1,2구역 도시환경정비사업 개발사업 중순위 PF대출채권 및 토지신탁 우선수익권을 기초자산으로 ?",1114015500102610004,found,"site_area,gross_floor_area,scr,far,main_usage,structure,floors_up,floors_down,elevators,parking,height,completion_date","site_area,gross_floor_area,scr,far,main_usage,structure,floors_up,floors_down,height,building_ledger_source,api_enrichment_status,last_api_enriched_at,updated_at",1,1003113167,0,,True,,0.0,0.0,0.0,단독주택,일반목구조,2,,0.0,516.2
ast_762c9fa6b134,반포 이수화학 본사 사옥(재간접),1165010700101120004,found,"site_area,scr,far,main_usage,structure,floors_up,floors_down,elevators,parking,height,completion_date","site_area,scr,far,main_usage,structure,floors_up,floors_down,elevators,parking,height,completion_date,building_ledger_source,api_enrichment_status,last_api_enriched_at,updated_at",1,1023112383,4,2,True,1993-07-29,2155.0,48.11,299.85,업무시설,철근콘크리트구조,8,옥내 68 / 옥외 12,37.1,
ast_fcd940175c17,금강타워3,1168010500101540008,found,"site_area,scr,far,main_usage,structure,floors_up,floors_down,elevators,parking,height","site_area,scr,far,main_usage,structure,floors_up,floors_down,elevators,parking,height,building_ledger_source,api_enrichment_status,last_api_enriched_at,updated_at",1,1024123642,4,2,True,,1492.7,41.28,362.69,업무시설,철골철근콘크리트구조,10,옥내 120 / 옥외 6,0.0,
ast_c174f71f733d,목동 트라팰리스 스퀘어,1147010200109620000,found,"site_area,scr,far,main_usage,structure,floors_up,floors_down,elevators,parking,height","site_area,scr,far,main_usage,structure,floors_up,floors_down,elevators,parking,height,building_ledger_source,api_enrichment_status,last_api_enriched_at,updated_at",1,10161100184978,5,8,True,,8531.1,49.5,632.82,공동주택,철근콘크리트구조,49,옥내 1039 / 옥외 0,174.17,
ast_493f723e41a1,돈의문3구역 게이트타워,2920014600109130001,found,"floors_down,elevators","floors_down,building_ledger_source,api_enrichment_status,last_api_enriched_at,updated_at",9,1069128142,0,,True,,,,,,,,,,
ast_769515754a68,피겨앤그라운드,1168010700105430000,found,"floors_down,elevators","floors_down,elevators,building_ledger_source,api_enrichment_status,last_api_enriched_at,updated_at",1,102413034,1,1,True,,,,,,,,,,
ast_11919c561605,덕평CJ물류센터,4150033025101180002,found,"floors_down,elevators,completion_date","floors_down,elevators,completion_date,building_ledger_source,api_enrichment_status,last_api_enriched_at,updated_at",1,1121123948,2,1,True,2006-08-09,,,,,,,,,
ast_31da440b4288,CGV대학로,1111017100100410009,found,"site_area,scr,far,main_usage,structure,floors_up,floors_down,elevators,parking,height","site_area,scr,far,main_usage,structure,floors_up,floors_down,elevators,parking,height,building_ledger_source,api_enrichment_status,last_api_enriched_at,updated_at",1,1002113800,6,4,True,,901.8,59.12,298.99,문화및집회시설,철근콘크리트구조,9,옥내 48 / 옥외 1,48.4,
ast_84125d66e5f0,KORNER 136,1144012000103540001,found,"site_area,scr,far,main_usage,structure,floors_up,floors_down,elevators,parking,height,completion_date","site_area,scr,far,main_usage,structure,floors_up,floors_down,elevators,parking,height,completion_date,building_ledger_source,api_enrichment_status,last_api_enriched_at,updated_at",1,1000000000000004619145,6,3,True,2024-10-31,1393.4,57.78,499.66,업무시설,철골철근콘크리트구조,12,옥내 108 / 옥외 0,64.3,
ast_ea8e897db9a1,OPUS407,1165010800113180001,found,"site_area,scr,far,main_usage,structure,floors_up,floors_down,elevators,parking,height","site_area,scr,far,main_usage,structure,floors_up,floors_down,elevators,parking,height,building_ledger_source,api_enrichment_status,last_api_enriched_at,updated_at",1,1000000000000001402801,2,3,True,,673.7,59.91,799.95,제1종근린생활시설,철골철근콘크리트구조,15,옥내 24 / 옥외 1,94.6,
ast_b487a63c00bc,신라스테이(제주),5011013700102740016,found,"floors_down,elevators","floors_down,elevators,building_ledger_source,api_enrichment_status,last_api_enriched_at,updated_at",1,12761100262000,3,4,True,,,,,,,,,,
ast_d3ff3c41d7cb,하남데이터센터,4145011000106070002,found,"floors_down,elevators","floors_down,elevators,building_ledger_source,api_enrichment_status,last_api_enriched_at,updated_at",1,1000000000000002732148,2,5,True,,,,,,,,,,
ast_a36fb8af4acf,남산스퀘어,1114015800100600001,found,"site_area,scr,far,main_usage,structure,floors_up,floors_down,elevators,parking,height,completion_date","site_area,scr,far,main_usage,structure,floors_up,floors_down,elevators,parking,height,completion_date,building_ledger_source,api_enrichment_status,last_api_enriched_at,updated_at",1,1003114187,3,18,True,1978-08-10,7942.5,37.36,764.85,업무시설,일반철골구조,23,옥내 225 / 옥외 90,99.95,
ast_8e5fda3d061a,OPUS459(구. 백암빌딩),1165010800113030034,found,"site_area,scr,far,main_usage,structure,floors_up,floors_down,elevators,parking,height","site_area,scr,far,main_usage,structure,floors_up,floors_down,elevators,parking,height,building_ledger_source,api_enrichment_status,last_api_enriched_at,updated_at",1,1000000000000005641104,5,8,True,,2000.0,59.98,959.64,업무시설,철골철근콘크리트구조,17,옥내 68 / 옥외 0,96.2,
ast_eb73897d66c4,맹그로브 신설,1123010100100980024,found,"site_area,scr,far,main_usage,structure,floors_up,floors_down,elevators,parking,height","site_area,scr,far,main_usage,structure,floors_up,floors_down,elevators,parking,height,building_ledger_source,api_enrichment_status,last_api_enriched_at,updated_at",1,10071100209462,6,4,True,,902.8,57.7,954.82,숙박시설,철골철근콘크리트구조,20,옥내 39 / 옥외 2,70.2,
ast_878300cda6ad,맹그로브 동대문,1114014600102380001,found,"site_area,scr,far,main_usage,structure,floors_up,floors_down,elevators,parking,height","site_area,scr,far,main_usage,structure,floors_up,floors_down,elevators,parking,height,building_ledger_source,api_enrichment_status,last_api_enriched_at,updated_at",1,10031100216093,3,3,True,,647.73,54.84,750.43,숙박시설,철근콘크리트구조,16,옥내 14 / 옥외 1,58.85,
ast_1a20ea59c075,더강남832PFV의 지분증권 및 대출채권,1168010100108320002,found,"site_area,gross_floor_area,scr,far,main_usage,structure,floors_up,floors_down,elevators,parking,height,completion_date","site_area,gross_floor_area,scr,far,main_usage,structure,floors_up,floors_down,elevators,parking,height,completion_date,building_ledger_source,api_enrichment_status,last_api_enriched_at,updated_at",1,1000000000000007189859,7,11,True,2026-03-31,2954.5,59.345,1007.904,업무시설,철근콘크리트구조,37,옥내 269 / 옥외 0,132.873,46427.56
ast_cb763ed28220,삼성월드타워아파트,1168010500100030001,found,"site_area,scr,far,main_usage,structure,floors_up,floors_down,elevators,parking,height,completion_date","site_area,scr,far,main_usage,structure,floors_up,floors_down,elevators,parking,height,completion_date,building_ledger_source,api_enrichment_status,last_api_enriched_at,updated_at",1,1024112666,2,1,True,1997-09-22,1232.3,31.65,334.38,공동주택,철근콘크리트구조,14,옥내 26 / 옥외 22,47.0,
ast_a8f90f516d21,CJ제일제당센터,1114014700102920000,found,"site_area,scr,far,main_usage,structure,floors_up,floors_down,elevators,parking,height","site_area,scr,far,main_usage,structure,floors_up,floors_down,elevators,parking,height,building_ledger_source,api_enrichment_status,last_api_enriched_at,updated_at",1,10031100203816,5,16,True,,6479.8,60.0,799.93,업무시설,철골철근콘크리트구조,20,옥내 373 / 옥외 4,87.1,
ast_3d2e2d559411,두산타워(재간접),1114010500100060000,found,"site_area,scr,far,main_usage,structure,floors_up,floors_down,elevators,parking,height,completion_date","site_area,scr,far,main_usage,structure,floors_up,floors_down,elevators,parking,height,completion_date,building_ledger_source,api_enrichment_status,last_api_enriched_at,updated_at",2,100311783,3,10,True,1986-10-15,4006.0,39.57,576.6333,업무시설,철골철근콘크리트구조,15,옥내 131 / 옥외 10,62.78,
ast_6447958fda73,티맥스수내타워,4113510200100060004,found,"floors_down,elevators","floors_down,elevators,building_ledger_source,api_enrichment_status,last_api_enriched_at,updated_at",1,10891100223222,5,3,True,,,,,,,,,,
ast_f5dcfbca1b48,디어스 명동,1114014000100130002,found,"site_area,scr,far,main_usage,structure,floors_up,floors_down,elevators,parking,height,completion_date","site_area,scr,far,main_usage,structure,floors_up,floors_down,elevators,height,completion_date,building_ledger_source,api_enrichment_status,last_api_enriched_at,updated_at",1,10031100228897,2,3,True,2018-04-09,651.1,60.19,720.89,숙박시설,철골철근콘크리트구조,14,,49.9,
ast_47cfb7af7038,서울로타워,1114012800100050002,found,"site_area,scr,far,main_usage,structure,floors_up,floors_down,elevators,parking,height","site_area,scr,far,main_usage,structure,floors_up,floors_down,height,building_ledger_source,api_enrichment_status,last_api_enriched_at,updated_at",2,100315403,1,,True,,0.0,0.0,0.0,업무시설,철근콘크리트구조,4,,0.0,
ast_e7e65d3bc117,역삼AP타워,1168010100107190001,found,"site_area,scr,far,main_usage,structure,floors_up,floors_down,elevators,parking,height","site_area,scr,far,main_usage,structure,floors_up,floors_down,elevators,parking,height,building_ledger_source,api_enrichment_status,last_api_enriched_at,updated_at",1,1024119125,3,3,True,,1452.0,59.66,796.21,업무시설,철골철근콘크리트구조,16,옥내 106 / 옥외 4,63.75,
ast_0e81972e2bec,판교아이스퀘어D동,4113111500103390000,found,"floors_down,elevators,completion_date","floors_down,elevators,completion_date,building_ledger_source,api_enrichment_status,last_api_enriched_at,updated_at",6,10891100336794,5,7,True,2021-04-12,,,,,,,,,
ast_62cb735c467e,판교아이스퀘어C1블럭상업및숙박시설,4113111500103220000,found,"floors_down,elevators,completion_date","floors_down,elevators,completion_date,building_ledger_source,api_enrichment_status,last_api_enriched_at,updated_at",1,10891100336903,6,22,True,2021-04-12,,,,,,,,,
ast_ecfb9566d436,부국물류센터,4150035029100030002,found,"floors_down,elevators,completion_date","floors_down,completion_date,building_ledger_source,api_enrichment_status,last_api_enriched_at,updated_at",1,11211100240130,0,,True,2016-06-03,,,,,,,,,
ast_7a29ef0974d5,이지스354호 수익증권,4145011000106070002,found,"floors_down,elevators","floors_down,elevators,building_ledger_source,api_enrichment_status,last_api_enriched_at,updated_at",1,1000000000000002732148,2,5,True,,,,,,,,,,
ast_46fa23347ee4,동대문구 용두동 오피스텔 PF대출채권,1123010200101440031,found,"site_area,gross_floor_area,scr,far,main_usage,structure,floors_up,floors_down,elevators,parking,height,completion_date","site_area,gross_floor_area,scr,far,main_usage,structure,floors_up,floors_down,elevators,parking,height,completion_date,building_ledger_source,api_enrichment_status,last_api_enriched_at,updated_at",1,10071100266036,5,2,True,2022-01-25,1048.63,54.03,698.83,업무시설,철근콘크리트구조,16,옥내 120 / 옥외 0,73.95,11034.7402
ast_f8c612d01935,티마크호텔명동,1114015800100430000,found,"site_area,scr,far,main_usage,structure,floors_up,floors_down,elevators,parking,height","site_area,scr,far,main_usage,structure,floors_up,floors_down,elevators,parking,height,building_ledger_source,api_enrichment_status,last_api_enriched_at,updated_at",1,1003114101,4,6,True,,2116.2,58.565352,750.30053,업무시설,철골철근콘크리트구조,15,옥내 48 / 옥외 0,59.74,
ast_bf0627d6fee0,네오밸류한남PFV의 제2종 종류주식,1117013100107360009,found,"site_area,scr,far,main_usage,structure,floors_up,floors_down,elevators,parking,height,completion_date","site_area,scr,far,main_usage,structure,floors_up,floors_down,elevators,parking,height,completion_date,building_ledger_source,api_enrichment_status,last_api_enriched_at,updated_at",1,1000000000000001986448,6,4,True,2023-06-28,1270.8,59.68,192.82,업무시설,철골철근콘크리트구조,5,옥내 77 / 옥외 0,19.96,
ast_f3cb5064d76b,네오밸류한남PFV의 제3종 종류주식,1117013100107360009,found,"site_area,scr,far,main_usage,structure,floors_up,floors_down,elevators,parking,height,completion_date","site_area,scr,far,main_usage,structure,floors_up,floors_down,elevators,parking,height,completion_date,building_ledger_source,api_enrichment_status,last_api_enriched_at,updated_at",1,1000000000000001986448,6,4,True,2023-06-28,1270.8,59.68,192.82,업무시설,철골철근콘크리트구조,5,옥내 77 / 옥외 0,19.96,
ast_7e82a79ae501,에이치엠솔라1,5113025029122550002,found,"floors_down,elevators,completion_date","floors_down,completion_date,building_ledger_source,api_enrichment_status,last_api_enriched_at,updated_at",8,11341100279012,0,,True,2016-08-19,,,,,,,,,
ast_b4b61550017e,이에스에이치12,4623025034122240000,found,"floors_down,elevators,completion_date","floors_down,completion_date,building_ledger_source,api_enrichment_status,last_api_enriched_at,updated_at",6,12071100224383,0,,True,2015-10-08,,,,,,,,,
ast_fd6c2781e217,에스와이솔라,2644010100116190000,found,"floors_down,elevators,completion_date","floors_down,completion_date,building_ledger_source,api_enrichment_status,last_api_enriched_at,updated_at",16,103918586,1,,True,2007-05-09,,,,,,,,,
ast_b63d20942515,씨에스에너텍,4729025321111860007,found,"floors_down,elevators,completion_date","floors_down,elevators,completion_date,building_ledger_source,api_enrichment_status,last_api_enriched_at,updated_at",3,12371100180046,0,1,True,1997-04-22,,,,,,,,,
ast_74c55ca84e27,원그로브(마곡CP4 복합개발사업),1150010500107690000,found,"site_area,scr,far,main_usage,structure,floors_up,floors_down,elevators,parking,height","site_area,scr,far,main_usage,structure,floors_up,floors_down,elevators,parking,height,building_ledger_source,api_enrichment_status,last_api_enriched_at,updated_at",1,1000000000000004383649,7,80,True,,39052.6,59.99,590.82,업무시설,철골철근콘크리트구조,11,옥내 3608 / 옥외 0,48.85,
ast_b03e4a6447f9,후너스빌딩,4113510200100220002,found,"floors_down,elevators","floors_down,elevators,building_ledger_source,api_enrichment_status,last_api_enriched_at,updated_at",1,10891122946,2,2,True,,,,,,,,,,
ast_9a12d0c2189f,영보빌딩1,1168010500101680001,found,"site_area,scr,far,main_usage,structure,floors_up,floors_down,elevators,parking,height,completion_date","site_area,scr,far,main_usage,structure,floors_up,floors_down,height,completion_date,building_ledger_source,api_enrichment_status,last_api_enriched_at,updated_at",1,1024110947,2,,True,1992-07-02,1311.0,44.3,190.84,업무시설,철근콘크리트구조,5,,0.0,
ast_d5c833a503e2,영보빌딩2,1168010500101680020,found,"site_area,scr,far,main_usage,structure,floors_up,floors_down,elevators,parking,height,completion_date","site_area,scr,far,main_usage,structure,floors_up,floors_down,elevators,parking,height,completion_date,building_ledger_source,api_enrichment_status,last_api_enriched_at,updated_at",1,10241100194168,0,1,True,2009-04-22,1119.6,41.86,178.28,업무시설,일반철골구조,5,옥내 20 / 옥외 0,22.1,
ast_4ed0982904a0,구리 수택동 오피스텔 사업부지,4131010500103700000,found,"floors_down,elevators","floors_down,building_ledger_source,api_enrichment_status,last_api_enriched_at,updated_at",1,110916067,1,,True,,,,,,,,,,
ast_7a24bbf34ad5,화성 석포리 물류센터,4159135022101470012,found,"floors_down,elevators","floors_down,elevators,building_ledger_source,api_enrichment_status,last_api_enriched_at,updated_at",2,1000000000000002651990,2,6,True,,,,,,,,,,
ast_7f15dadaebbf,카이트타워 선순위 담보대출,1168010100107060001,found,"site_area,scr,far,main_usage,structure,floors_up,floors_down,elevators,parking,height","site_area,scr,far,main_usage,structure,floors_up,floors_down,elevators,parking,height,building_ledger_source,api_enrichment_status,last_api_enriched_at,updated_at",1,102415113,7,7,True,,2132.4,59.27,1067.93,업무시설,철골철근콘크리트구조,20,옥내 239 / 옥외 0,95.1,
ast_6a1d2d5f164d,페어필드 메리어트 서울,1156010200101430003,found,"site_area,gross_floor_area,scr,far,main_usage,structure,floors_up,floors_down,elevators,parking,height","site_area,gross_floor_area,scr,far,main_usage,structure,floors_up,floors_down,elevators,parking,height,building_ledger_source,api_enrichment_status,last_api_enriched_at,updated_at",1,10201100239601,7,6,True,,2524.8,58.48,799.74,숙박시설,철근콘크리트구조,19,옥내 305 / 옥외 0,77.15,32054.8
ast_d2b153d30e56,㈜동방 보유 유엔씨티㈜ 대출채권 매입,3114011400108300000,found,"floors_down,elevators,completion_date","floors_down,completion_date,building_ledger_source,api_enrichment_status,last_api_enriched_at,updated_at",17,10781100183204,0,,True,2009-05-15,,,,,,,,,
ast_59d30ecfb664,인천석남물류센터,2826011000102240008,found,"floors_down,elevators","floors_down,elevators,building_ledger_source,api_enrichment_status,last_api_enriched_at,updated_at",3,1000000000000002242850,1,13,True,,,,,,,,,,
ast_9ecfbd60d856,펨코제17호기업구조조정부동산투자회사의 주식,1153010100106920000,found,"site_area,scr,far,main_usage,structure,floors_up,floors_down,elevators,parking,height","site_area,scr,far,main_usage,structure,floors_up,floors_down,elevators,height,building_ledger_source,api_enrichment_status,last_api_enriched_at,updated_at",2,10181100195619,8,36,True,,25756.8,45.09,444.26,판매시설,철골철근콘크리트구조,42,,189.95,
ast_a98062ccc3a8,서울시티타워,1114011800105810000,found,"site_area,scr,far,main_usage,structure,floors_up,floors_down,elevators,parking,height","site_area,scr,far,main_usage,structure,floors_up,floors_down,elevators,parking,height,building_ledger_source,api_enrichment_status,last_api_enriched_at,updated_at",1,100313615,8,10,True,,3828.4,54.640058,976.99,업무시설,철골철근콘크리트구조,23,옥내 407 / 옥외 0,108.7,
ast_30a89c098710,씨티플라자,1156011000100250000,found,"site_area,scr,far,main_usage,structure,floors_up,floors_down,elevators,parking,height","site_area,scr,far,main_usage,structure,floors_up,floors_down,elevators,parking,height,building_ledger_source,api_enrichment_status,last_api_enriched_at,updated_at",1,102017142,4,5,True,,1388.0,59.5,761.48,업무시설,철근콘크리트구조,14,옥내 117 / 옥외 0,57.8,
ast_b67c10418036,우덕빌딩,1168010100108320002,found,"site_area,scr,far,main_usage,structure,floors_up,floors_down,elevators,parking,height","site_area,scr,far,main_usage,structure,floors_up,floors_down,elevators,parking,height,building_ledger_source,api_enrichment_status,last_api_enriched_at,updated_at",1,1000000000000007189859,7,11,True,,2954.5,59.345,1007.904,업무시설,철근콘크리트구조,37,옥내 269 / 옥외 0,132.873,
ast_32b8e4125074,㈜동방 보유 유엔씨티㈜ 대출채권 매입,3114011400108300000,found,"floors_down,elevators,completion_date","floors_down,completion_date,building_ledger_source,api_enrichment_status,last_api_enriched_at,updated_at",17,10781100183204,0,,True,2009-05-15,,,,,,,,,
ast_7de62416869e,롯데마트(대전대덕),3020014600108870000,found,"floors_down,elevators","floors_down,elevators,building_ledger_source,api_enrichment_status,last_api_enriched_at,updated_at",1,10741100171544,1,2,True,,,,,,,,,,
ast_f634fefd3182,롯데팩토리아울렛(인천),2811011800100760002,found,"floors_down,elevators","floors_down,elevators,building_ledger_source,api_enrichment_status,last_api_enriched_at,updated_at",1,105411700,1,2,True,,,,,,,,,,
ast_28ca5c846449,롯데마트(포항),4711111500104810001,found,"floors_down,elevators","floors_down,building_ledger_source,api_enrichment_status,last_api_enriched_at,updated_at",1,1226121743,1,,True,,,,,,,,,,
ast_c28b363f2b5a,페어필드 메리어트 서울,1156010200101430003,found,"site_area,gross_floor_area,scr,far,main_usage,structure,floors_up,floors_down,elevators,parking,height","site_area,gross_floor_area,scr,far,main_usage,structure,floors_up,floors_down,elevators,parking,height,building_ledger_source,api_enrichment_status,last_api_enriched_at,updated_at",1,10201100239601,7,6,True,,2524.8,58.48,799.74,숙박시설,철근콘크리트구조,19,옥내 305 / 옥외 0,77.15,32054.8
ast_7cf20a80bc30,쌈지길,1111012800100380000,found,"site_area,scr,far,main_usage,structure,floors_up,floors_down,elevators,parking,height","site_area,scr,far,main_usage,structure,floors_up,floors_down,elevators,parking,height,building_ledger_source,api_enrichment_status,last_api_enriched_at,updated_at",1,1002118084,2,1,True,,1503.2,59.65,144.7,제2종근린생활시설,철근콘크리트구조,4,옥내 1 / 옥외 0,16.0,
ast_20f01c104a7a,종로타워,1111013800100060000,found,"site_area,scr,far,main_usage,structure,floors_up,floors_down,elevators,parking,height","site_area,scr,far,main_usage,structure,floors_up,floors_down,elevators,parking,height,building_ledger_source,api_enrichment_status,last_api_enriched_at,updated_at",1,1002112321,6,8,True,,5007.9,39.86,721.2,업무시설,철골철근콘크리트구조,24,옥내 271 / 옥외 2,133.5,
ast_d024a0fadf65,캐나다 물류중개업체 인수 관련 국내 SPC 대출채권,1168010500101590000,found,"site_area,gross_floor_area,scr,far,main_usage,structure,floors_up,floors_down,elevators,parking,height,completion_date","site_area,gross_floor_area,scr,far,main_usage,structure,floors_up,floors_down,elevators,height,completion_date,building_ledger_source,api_enrichment_status,last_api_enriched_at,updated_at",9,1024121158,4,21,True,1989-11-03,0.0,0.0,0.0,문화및집회시설,철근콘크리트구조,4,,28.5,236869.28
ast_0713581af76f,이지스 130호(모) 제1-1종 수익증권,1114011000100990000,found,"site_area,scr,far,main_usage,structure,floors_up,floors_down,elevators,parking,height,completion_date","site_area,scr,far,main_usage,structure,floors_up,floors_down,elevators,parking,height,completion_date,building_ledger_source,api_enrichment_status,last_api_enriched_at,updated_at",1,10031100205574,6,16,True,2011-06-29,6937.6,59.95,923.53,업무시설,철골철근콘크리트구조,17,옥내 436 / 옥외 0,75.24,
ast_585e399aa10a,뉴코아아울렛(평촌),4117310400110390003,found,"floors_down,elevators","floors_down,elevators,building_ledger_source,api_enrichment_status,last_api_enriched_at,updated_at",1,1094185534,7,8,True,,,,,,,,,,
ast_366f9df25803,뉴코아아울렛(일산),4128510500107970000,found,"floors_down,elevators","floors_down,elevators,building_ledger_source,api_enrichment_status,last_api_enriched_at,updated_at",1,11041136123,7,6,True,,,,,,,,,,
ast_d7cf5a8a230f,유림빌딩,1144012100101650004,found,"site_area,scr,far,main_usage,structure,floors_up,floors_down,elevators,parking,height","site_area,scr,far,main_usage,structure,floors_up,floors_down,elevators,parking,height,building_ledger_source,api_enrichment_status,last_api_enriched_at,updated_at",1,10151100223611,2,2,True,,799.3,56.61,438.7,판매시설,철근콘크리트구조,10,옥내 42 / 옥외 2,45.75,
ast_e58f637f20d9,신도림핀포인트,1153010100103370000,found,"site_area,scr,far,main_usage,structure,floors_up,floors_down,elevators,parking,height","site_area,scr,far,main_usage,structure,floors_up,floors_down,elevators,parking,height,building_ledger_source,api_enrichment_status,last_api_enriched_at,updated_at",1,1018123473,5,24,True,,16529.0,55.43,659.98,업무시설,철근콘크리트구조,30,옥내 1272 / 옥외 429,102.8,
ast_223406583df1,The-K호텔서울 부지 재개발사업,1165010200102020000,found,"scr,far,main_usage,structure,floors_up,floors_down,elevators,parking,height,completion_date","scr,far,main_usage,structure,floors_up,floors_down,elevators,parking,height,completion_date,building_ledger_source,api_enrichment_status,last_api_enriched_at,updated_at",5,102318643,2,13,True,1990-12-31,,16.74,44.87,숙박시설,철골철근콘크리트구조,11,옥내 428 / 옥외 464,39.45,
ast_ff8814218ffe,부천카스퀘어담보대출,4119610700103660001,found,"floors_down,elevators,completion_date","floors_down,elevators,completion_date,building_ledger_source,api_enrichment_status,last_api_enriched_at,updated_at",1,10971100258492,3,5,True,2016-06-30,,,,,,,,,
ast_cc2317cd4c2a,인천석남물류센터,2826011000102240008,found,"floors_down,elevators","floors_down,elevators,building_ledger_source,api_enrichment_status,last_api_enriched_at,updated_at",3,1000000000000002242850,1,13,True,,,,,,,,,,
ast_f5db0e416467,인천석남물류센터,2826011000102240008,found,"floors_down,elevators","floors_down,elevators,building_ledger_source,api_enrichment_status,last_api_enriched_at,updated_at",3,1000000000000002242850,1,13,True,,,,,,,,,,
ast_6d6422bca00c,두동 LG전자 통합물류센터,4812916100118750000,found,"floors_down,elevators","floors_down,elevators,building_ledger_source,api_enrichment_status,last_api_enriched_at,updated_at",2,125213000239899,0,2,True,,,,,,,,,,
ast_d92e2b93a0fd,대전 둔산파이낸스빌딩,3017011200114130000,found,"floors_down,elevators,completion_date","floors_down,elevators,completion_date,building_ledger_source,api_enrichment_status,last_api_enriched_at,updated_at",1,10731100177509,8,5,True,2009-03-02,,,,,,,,,
ast_2fd5f7d4daa1,경산 쿠팡물류센터,4729025330109030000,found,"floors_down,elevators","floors_down,elevators,building_ledger_source,api_enrichment_status,last_api_enriched_at,updated_at",1,1000000000000004253852,2,5,True,,,,,,,,,,
ast_7d6f8cc1d9cb,시그니처타워,1114011000100990000,found,"site_area,scr,far,main_usage,structure,floors_up,floors_down,elevators,parking,height","site_area,scr,far,main_usage,structure,floors_up,floors_down,elevators,parking,height,building_ledger_source,api_enrichment_status,last_api_enriched_at,updated_at",1,10031100205574,6,16,True,,6937.6,59.95,923.53,업무시설,철골철근콘크리트구조,17,옥내 436 / 옥외 0,75.24,
ast_8cec1143f42b,이지스 130호(모) 제1-1종 수익증권,1114011000100990000,found,"site_area,scr,far,main_usage,structure,floors_up,floors_down,elevators,parking,height,completion_date","site_area,scr,far,main_usage,structure,floors_up,floors_down,elevators,parking,height,completion_date,building_ledger_source,api_enrichment_status,last_api_enriched_at,updated_at",1,10031100205574,6,16,True,2011-06-29,6937.6,59.95,923.53,업무시설,철골철근콘크리트구조,17,옥내 436 / 옥외 0,75.24,
ast_65a880c4a803,이지스 130호(모) 제2-1종 수익증권,1114011000100990000,found,"site_area,scr,far,main_usage,structure,floors_up,floors_down,elevators,parking,height,completion_date","site_area,scr,far,main_usage,structure,floors_up,floors_down,elevators,parking,height,completion_date,building_ledger_source,api_enrichment_status,last_api_enriched_at,updated_at",1,10031100205574,6,16,True,2011-06-29,6937.6,59.95,923.53,업무시설,철골철근콘크리트구조,17,옥내 436 / 옥외 0,75.24,
ast_475081c32f39,The-K호텔서울 부지 재개발사업,1165010200102020000,found,"site_area,scr,far,main_usage,structure,floors_up,floors_down,elevators,parking,height,completion_date","site_area,scr,far,main_usage,structure,floors_up,floors_down,elevators,parking,height,completion_date,building_ledger_source,api_enrichment_status,last_api_enriched_at,updated_at",5,102318643,2,13,True,1990-12-31,104618.3,16.74,44.87,숙박시설,철골철근콘크리트구조,11,옥내 428 / 옥외 464,39.45,
ast_e99c7779c9b8,두산빌딩,1168010800101050007,found,"floors_down,elevators,completion_date","floors_down,elevators,completion_date,building_ledger_source,api_enrichment_status,last_api_enriched_at,updated_at",1,1024114869,4,9,True,1987-03-04,,,,,,,,,
ast_024953888c95,판교 테크원타워,4113511000105340000,found,"floors_down,elevators","floors_down,elevators,building_ledger_source,api_enrichment_status,last_api_enriched_at,updated_at",1,10891100346333,7,33,True,,,,,,,,,,
ast_755dc2078b8b,목동 트라팰리스 스퀘어,1147010200109620000,found,"site_area,scr,far,main_usage,structure,floors_up,floors_down,elevators,parking,height","site_area,scr,far,main_usage,structure,floors_up,floors_down,elevators,parking,height,building_ledger_source,api_enrichment_status,last_api_enriched_at,updated_at",1,10161100184978,5,8,True,,8531.1,49.5,632.82,공동주택,철근콘크리트구조,49,옥내 1039 / 옥외 0,174.17,
ast_b3cbbcaf74d0,종로구 시니어주택 리모델링,1111018300101530003,found,"site_area,scr,far,main_usage,structure,floors_up,floors_down,elevators,parking,height","site_area,scr,far,main_usage,structure,floors_up,floors_down,elevators,parking,height,building_ledger_source,api_enrichment_status,last_api_enriched_at,updated_at",1,1002113333,2,4,True,,4268.0,58.693767,245.388,노유자시설,철근콘크리트구조,5,옥내 49 / 옥외 19,19.96,
ast_e43315f52192,업스퀘어,3114010600115690001,found,"floors_down,elevators","floors_down,elevators,building_ledger_source,api_enrichment_status,last_api_enriched_at,updated_at",1,10781100211702,6,9,True,,,,,,,,,,
ast_d4a56bde92c8,순화타워,1114016800100660000,found,"site_area,scr,far,main_usage,structure,floors_up,floors_down,elevators,parking,height","site_area,scr,far,main_usage,structure,floors_up,floors_down,elevators,parking,height,building_ledger_source,api_enrichment_status,last_api_enriched_at,updated_at",1,1003124610,5,5,True,,1828.4,43.74,790.08,업무시설,철골철근콘크리트구조,20,옥내 96 / 옥외 0,85.52,
ast_513f15f30c21,강동 성내 역세권 청년주택,1174010800104310013,found,"site_area,gross_floor_area,scr,far,main_usage,structure,floors_up,floors_down,elevators,parking,height,completion_date","site_area,gross_floor_area,scr,far,main_usage,structure,floors_up,floors_down,parking,height,completion_date,building_ledger_source,api_enrichment_status,last_api_enriched_at,updated_at",1,1026122109,0,,True,2007-10-04,204.8,55.24,179.72,공동주택,철근콘크리트구조,5,옥내 4 / 옥외 1,14.45,368.07
ast_5ed13d6feb57,타임테라스동탄,4159710200100960000,found,"floors_down,elevators","floors_down,elevators,building_ledger_source,api_enrichment_status,last_api_enriched_at,updated_at",4,11241100269101,4,7,True,,,,,,,,,,
ast_dc0316795e8e,트레블로지명동시티홀호텔,1114011300100170001,found,"site_area,scr,far,main_usage,structure,floors_up,floors_down,elevators,parking,height","site_area,scr,far,main_usage,structure,floors_up,floors_down,elevators,height,building_ledger_source,api_enrichment_status,last_api_enriched_at,updated_at",1,10031100212273,3,3,True,,741.5,58.213081,599.31,숙박시설,철근콘크리트구조,11,,33.44,
ast_0e748b87e46f,반포이수화학본사사옥,1165010700101120004,found,"site_area,scr,far,main_usage,structure,floors_up,floors_down,elevators,parking,height,completion_date","site_area,scr,far,main_usage,structure,floors_up,floors_down,elevators,parking,height,completion_date,building_ledger_source,api_enrichment_status,last_api_enriched_at,updated_at",1,1023112383,4,2,True,1993-07-29,2155.0,48.11,299.85,업무시설,철근콘크리트구조,8,옥내 68 / 옥외 12,37.1,
ast_3e8fec277620,와이플러스빌딩 (투자),1168010700105330003,found,"floors_down,elevators","floors_down,elevators,building_ledger_source,api_enrichment_status,last_api_enriched_at,updated_at",1,1024120335,1,1,True,,,,,,,,,,
ast_9a70bf0b0afd,가로골목,1168010700105450018,found,"floors_down,elevators","floors_down,elevators,building_ledger_source,api_enrichment_status,last_api_enriched_at,updated_at",1,10241100285143,2,1,True,,,,,,,,,,
ast_4f5ea25eb396,피겨앤그라운드,1168010700105430000,found,"floors_down,elevators","floors_down,elevators,building_ledger_source,api_enrichment_status,last_api_enriched_at,updated_at",1,102413034,1,1,True,,,,,,,,,,
ast_31a8b3ea9c30,두산빌딩,1168010800101050007,found,"floors_down,elevators,completion_date","floors_down,elevators,completion_date,building_ledger_source,api_enrichment_status,last_api_enriched_at,updated_at",1,1024114869,4,9,True,1987-03-04,,,,,,,,,
ast_56e6a7e4b54b,잠실새내 오피스텔 신축사업,1171010100101830012,found,"floors_down,elevators","floors_down,elevators,building_ledger_source,api_enrichment_status,last_api_enriched_at,updated_at",1,10251100551962,3,3,True,,,,,,,,,,
ast_f2e00117756f,B스퀘어,2623010400108630001,found,"floors_down,elevators","floors_down,elevators,building_ledger_source,api_enrichment_status,last_api_enriched_at,updated_at",1,1032122826,7,10,True,,,,,,,,,,
ast_39df6f35071a,신라스테이해운대,2635010500106290006,found,"floors_down,elevators","floors_down,elevators,building_ledger_source,api_enrichment_status,last_api_enriched_at,updated_at",1,10361100238955,4,6,True,,,,,,,,,,
ast_ecd738fc0c31,홈플러스센텀시티점,2635010500114990000,found,"floors_down,elevators","floors_down,elevators,building_ledger_source,api_enrichment_status,last_api_enriched_at,updated_at",1,1036119953,1,2,True,,,,,,,,,,
ast_6fbb0d555e87,이지스일반사모투자신탁435호(태양광),2644010100116190000,found,"floors_down,elevators,completion_date","floors_down,completion_date,building_ledger_source,api_enrichment_status,last_api_enriched_at,updated_at",16,103918586,1,,True,2007-05-09,,,,,,,,,
ast_edd6f6c3e3e5,더피나클강남 (투자),1168010800101190000,found,"floors_down,elevators","floors_down,elevators,building_ledger_source,api_enrichment_status,last_api_enriched_at,updated_at",1,10241100207768,6,14,True,,,,,,,,,,
ast_afb26eedbbe3,부산송정물류센터 (투자),2644010900117150002,found,"floors_down,elevators","floors_down,elevators,building_ledger_source,api_enrichment_status,last_api_enriched_at,updated_at",2,10391100245880,1,2,True,,,,,,,,,,
ast_25e1a4cc6c6f,부산 수영구 광안동 98-1외 7필지 오피스텔 PF,2650010400100980001,found,"floors_down,elevators","floors_down,elevators,building_ledger_source,api_enrichment_status,last_api_enriched_at,updated_at",1,10411100220310,6,4,True,,,,,,,,,,
ast_b6574cf0dc13,"부산시 사상구 괘법동 오피스텔, 도시형생활주택 및 근린생활시설 신축사업",2653010400105640008,found,"floors_down,elevators,completion_date","floors_down,elevators,completion_date,building_ledger_source,api_enrichment_status,last_api_enriched_at,updated_at",1,10421100214758,3,5,True,2021-01-25,,,,,,,,,
ast_835e9f381ae3,"스카이박스1, 스카이박스2",2826011900115490004,found,"floors_down,elevators","floors_down,elevators,building_ledger_source,api_enrichment_status,last_api_enriched_at,updated_at",2,10611100313993,0,2,True,,,,,,,,,,
ast_44e362fded27,이지스리테일제55호사모부동산투자유한회사,2811011800100760002,found,"floors_down,elevators","floors_down,elevators,building_ledger_source,api_enrichment_status,last_api_enriched_at,updated_at",1,105411700,1,2,True,,,,,,,,,,
ast_b9718f8cb5fe,아레나스영종,2811014800113280001,found,"floors_down,elevators,completion_date","floors_down,elevators,completion_date,building_ledger_source,api_enrichment_status,last_api_enriched_at,updated_at",7,10541100261609,0,12,True,2021-01-22,,,,,,,,,
ast_d2b291b01082,돈의문3구역 게이트타워,1111017700102340000,found,"floors_down,elevators","floors_down,elevators,building_ledger_source,api_enrichment_status,last_api_enriched_at,updated_at",1,10021100220865,7,18,True,,,,,,,,,,
ast_ec5c572ce8a7,주식회사 이지스레지던스위탁관리부동산투자회사,2823710200102160000,found,"floors_down,elevators,completion_date","floors_down,completion_date,building_ledger_source,api_enrichment_status,last_api_enriched_at,updated_at",1,105915152,1,,True,1997-05-06,,,,,,,,,
ast_b5b13984b5c2,부평 더샵센트럴시티 공공지원민간임대주택,2823710200106300000,found,"floors_down,elevators","floors_down,elevators,building_ledger_source,api_enrichment_status,last_api_enriched_at,updated_at",61,1000000000000001458764,0,6,True,,,,,,,,,,
ast_0920c9043185,인천석남물류센터,2826011000102240008,found,"floors_down,elevators","floors_down,elevators,building_ledger_source,api_enrichment_status,last_api_enriched_at,updated_at",3,1000000000000002242850,1,13,True,,,,,,,,,,
ast_bd308f82a818,잭니클라우스GC 단독주택부지 담보신탁 1순위 우선수익권 담보부,2818510600101170091,found,"floors_down,elevators,completion_date","floors_down,completion_date,building_ledger_source,api_enrichment_status,last_api_enriched_at,updated_at",1,1000000000000004508467,1,,True,2024-10-22,,,,,,,,,
ast_701635aba4fc,송도 센토피아더샵 공동주택 및 근린생활시설 개발사업 PF Refinancing,2818510600103080001,found,"floors_down,elevators,completion_date","floors_down,elevators,completion_date,building_ledger_source,api_enrichment_status,last_api_enriched_at,updated_at",43,10571100269032,0,4,True,2020-07-13,,,,,,,,,
ast_ed6a011723e2,남동테크노타워 지식산업센터 개발사업 PF,2820011100106480001,found,"floors_down,elevators","floors_down,elevators,building_ledger_source,api_enrichment_status,last_api_enriched_at,updated_at",1,10581100325453,2,3,True,,,,,,,,,,
ast_f341642853ae,인천 가좌동 오피스텔 선순위 PF,2826011200102120008,found,"floors_down,elevators,completion_date","floors_down,elevators,completion_date,building_ledger_source,api_enrichment_status,last_api_enriched_at,updated_at",1,10611100370426,3,3,True,2020-03-13,,,,,,,,,
ast_74fc8d406c81,신라스테이울산,3114010500112470001,found,"floors_down,elevators","floors_down,elevators,building_ledger_source,api_enrichment_status,last_api_enriched_at,updated_at",1,10781100227084,4,4,True,,,,,,,,,,
ast_e547d4e384c5,대전 둔산파이낸스빌딩,3017011200114130000,found,"floors_down,elevators,completion_date","floors_down,elevators,completion_date,building_ledger_source,api_enrichment_status,last_api_enriched_at,updated_at",1,10731100177509,8,5,True,2009-03-02,,,,,,,,,
ast_9e54163d0926,롯데마트대덕점,3020014600108870000,found,"floors_down,elevators,completion_date","floors_down,elevators,completion_date,building_ledger_source,api_enrichment_status,last_api_enriched_at,updated_at",1,10741100171544,1,2,True,2007-11-08,,,,,,,,,
ast_30057bd3458e,여의도 파이낸스타워,1156011000100230008,found,"site_area,scr,far,main_usage,structure,floors_up,floors_down,elevators,parking,height","site_area,scr,far,main_usage,structure,floors_up,floors_down,elevators,parking,height,building_ledger_source,api_enrichment_status,last_api_enriched_at,updated_at",1,102017002,7,8,True,,3176.0,46.83,762.48,업무시설,철골철근콘크리트구조,21,옥내 370 / 옥외 0,90.0,
ast_c644d28176a4,㈜동방 보유 유엔씨티㈜ 대출채권 매입,3114011400108300000,found,"floors_down,elevators,completion_date","floors_down,completion_date,building_ledger_source,api_enrichment_status,last_api_enriched_at,updated_at",17,10781100183204,0,,True,2009-05-15,,,,,,,,,
ast_f0700d6e9655,홈플러스동수원점,4111514100110450000,found,"floors_down,elevators","floors_down,elevators,building_ledger_source,api_enrichment_status,last_api_enriched_at,updated_at",1,10841171204,1,1,True,,,,,,,,,,
ast_c6d650564064,"이지스411호(200호 재간접, 디어스 판교)",4113111500103210000,found,"floors_down,elevators,completion_date","floors_down,elevators,completion_date,building_ledger_source,api_enrichment_status,last_api_enriched_at,updated_at",1,10891100298327,2,17,True,2017-10-17,,,,,,,,,
ast_578a66328a1e,판교아이스퀘어E동,4113111500103390000,found,"floors_down,elevators,completion_date","floors_down,elevators,completion_date,building_ledger_source,api_enrichment_status,last_api_enriched_at,updated_at",6,10891100336794,5,7,True,2021-04-12,,,,,,,,,
ast_a422589fe744,업스퀘어 (투자),3114010600115690001,found,"floors_down,elevators","floors_down,elevators,building_ledger_source,api_enrichment_status,last_api_enriched_at,updated_at",1,10781100211702,6,9,True,,,,,,,,,,
ast_90a7471e6e20,수원 이비스 앰배서더 수원 호텔 후순위,4111514100111320012,found,"floors_down,elevators,completion_date","floors_down,elevators,completion_date,building_ledger_source,api_enrichment_status,last_api_enriched_at,updated_at",1,10841100174823,7,9,True,1995-08-30,,,,,,,,,
ast_9b294af79693,광교 아이파크 주상복합 내 판매시설 선순위 담보,4111710200105930000,found,"floors_down,elevators,completion_date","floors_down,elevators,completion_date,building_ledger_source,api_enrichment_status,last_api_enriched_at,updated_at",48,10841100415488,0,4,True,2018-09-28,,,,,,,,,
ast_19e5bba5f247,서영빌딩 (투자),4113510200100060003,found,"floors_down,elevators","floors_down,elevators,building_ledger_source,api_enrichment_status,last_api_enriched_at,updated_at",1,10891125435,5,3,True,,,,,,,,,,
ast_dd22d6a3cb4f,티맥스수내타워,4113510200100060004,found,"floors_down,elevators","floors_down,elevators,building_ledger_source,api_enrichment_status,last_api_enriched_at,updated_at",1,10891100223222,5,3,True,,,,,,,,,,
ast_af02aac59036,롯데백화점분당점,4113510200100140000,found,"floors_down,elevators","floors_down,elevators,building_ledger_source,api_enrichment_status,last_api_enriched_at,updated_at",1,10891122425,6,9,True,,,,,,,,,,
ast_7a35fc542c9f,이지스데이터센터위탁관리부동산투자회사 주식회사,4113510700103430001,found,"floors_down,elevators,completion_date","floors_down,elevators,completion_date,building_ledger_source,api_enrichment_status,last_api_enriched_at,updated_at",1,10891125693,0,3,True,2000-06-10,,,,,,,,,
ast_03afde6453fc,탑빌딩,4113510700103610004,found,"floors_down,elevators","floors_down,elevators,building_ledger_source,api_enrichment_status,last_api_enriched_at,updated_at",1,10891100202773,4,3,True,,,,,,,,,,
ast_156c375e17dc,삼성중공업판교R&D센터,4113510900106150000,found,"floors_down,elevators","floors_down,elevators,building_ledger_source,api_enrichment_status,last_api_enriched_at,updated_at",1,10891100249223,5,10,True,,,,,,,,,,
ast_03b867e56a1e,평촌G스퀘어,4117310400110390000,found,"floors_down,elevators","floors_down,elevators,building_ledger_source,api_enrichment_status,last_api_enriched_at,updated_at",1,10941100204538,8,27,True,,,,,,,,,,
ast_223bae23bf93,뉴코아아울렛(평촌),4117310400110390003,found,"floors_down,elevators","floors_down,elevators,building_ledger_source,api_enrichment_status,last_api_enriched_at,updated_at",1,1094185534,7,8,True,,,,,,,,,,
ast_d6b3682a1147,판교 테크원타워 (우선주),4113511000105340000,found,"floors_down,elevators","floors_down,elevators,building_ledger_source,api_enrichment_status,last_api_enriched_at,updated_at",1,10891100346333,7,33,True,,,,,,,,,,
ast_eb058774b3aa,판교 알파돔시티 비즈니스호텔 (투자),4113511000105390000,found,"floors_down,elevators","floors_down,elevators,building_ledger_source,api_enrichment_status,last_api_enriched_at,updated_at",1,10891100250815,4,2,True,,,,,,,,,,
ast_d2b8095c4603,2001아울렛(안양) (투자),4117110100106270287,found,"floors_down,elevators","floors_down,elevators,building_ledger_source,api_enrichment_status,last_api_enriched_at,updated_at",1,109415378,4,4,True,,,,,,,,,,
ast_5eda17cd5cf3,광명 역세권지구 복합시설 신축 (투자),4121010600105080004,found,"floors_down,elevators","floors_down,elevators,building_ledger_source,api_enrichment_status,last_api_enriched_at,updated_at",1,10981100229025,5,5,True,,,,,,,,,,
ast_2652e06dfeaa,평택아디다스물류센터,4122010600111750003,found,"floors_down,elevators","floors_down,elevators,building_ledger_source,api_enrichment_status,last_api_enriched_at,updated_at",4,10991100222794,0,2,True,,,,,,,,,,
ast_30c376cd6730,이지스312호 수익증권,4127110300114220015,found,"floors_down,elevators","floors_down,building_ledger_source,api_enrichment_status,last_api_enriched_at,updated_at",1,11011100184723,0,,True,,,,,,,,,,
ast_8d2911b657d8,파주 운정지구 오피스 개발사업,4148012200114330000,found,"floors_down,elevators,completion_date","floors_down,elevators,completion_date,building_ledger_source,api_enrichment_status,last_api_enriched_at,updated_at",1,11201100433440,2,5,True,2021-01-08,,,,,,,,,
ast_6e943e2850e9,고양시 화정동 아이씨티일산,4128112300111480006,found,"floors_down,elevators","floors_down,elevators,building_ledger_source,api_enrichment_status,last_api_enriched_at,updated_at",1,11041100406784,7,4,True,,,,,,,,,,
ast_51d214497682,삼성동 빌딩,1168010500101570001,found,"site_area,scr,far,main_usage,structure,floors_up,floors_down,elevators,parking,height","site_area,scr,far,main_usage,structure,floors_up,floors_down,elevators,parking,height,building_ledger_source,api_enrichment_status,last_api_enriched_at,updated_at",1,10241100198267,8,5,True,,2193.7,50.49,799.82,업무시설,철골철근콘크리트구조,17,옥내 124 / 옥외 0,78.7,
ast_c9b5f50bc992,뉴코아아울렛(일산),4128510500107970000,found,"floors_down,elevators","floors_down,elevators,building_ledger_source,api_enrichment_status,last_api_enriched_at,updated_at",1,11041136123,7,6,True,,,,,,,,,,
ast_288840e4c692,하남미사우성르보아파크,4145010900110790000,found,"floors_down,elevators","floors_down,elevators,building_ledger_source,api_enrichment_status,last_api_enriched_at,updated_at",1,11151100265418,6,9,True,,,,,,,,,,
ast_84491d5860d7,하남데이터센터,4145011000106070002,found,"floors_down,elevators","floors_down,elevators,building_ledger_source,api_enrichment_status,last_api_enriched_at,updated_at",1,1000000000000002732148,2,5,True,,,,,,,,,,
ast_b1a009f2fa36,이지스전문투자형사모부동산투자신탁제404호,4146135023107670013,found,"floors_down,elevators,completion_date","floors_down,elevators,completion_date,building_ledger_source,api_enrichment_status,last_api_enriched_at,updated_at",1,11161100355966,4,2,True,2016-11-04,,,,,,,,,
ast_ee5b4d0511ec,구리시 수택동 주거용 오피스텔 (투자),4131010500103700000,found,"floors_down,elevators","floors_down,building_ledger_source,api_enrichment_status,last_api_enriched_at,updated_at",1,110916067,1,,True,,,,,,,,,,
ast_6f4f44b4c3aa,도지물류센터 (투자),4150032028100250000,found,"floors_down,elevators","floors_down,building_ledger_source,api_enrichment_status,last_api_enriched_at,updated_at",3,11211100307379,2,,True,,,,,,,,,,
ast_0264aa763175,덕평CJ물류센터 (투자),4150033025101180002,found,"floors_down,elevators,completion_date","floors_down,elevators,completion_date,building_ledger_source,api_enrichment_status,last_api_enriched_at,updated_at",1,1121123948,2,1,True,2006-08-09,,,,,,,,,
ast_5afa53495f87,이지스전문투자형사모부동산투자신탁제404호,4150033025109770005,found,"floors_down,elevators,completion_date","floors_down,completion_date,building_ledger_source,api_enrichment_status,last_api_enriched_at,updated_at",1,11211100264853,1,,True,2017-09-27,,,,,,,,,
ast_349f44ccfd1f,이지스전문투자형사모부동산투자신탁제404호,4150035029100030002,found,"floors_down,elevators,completion_date","floors_down,completion_date,building_ledger_source,api_enrichment_status,last_api_enriched_at,updated_at",1,11211100240130,0,,True,2016-06-03,,,,,,,,,
ast_52adbb346181,안성홈플러스물류센터,4155038022109410000,found,"floors_down,elevators","floors_down,elevators,building_ledger_source,api_enrichment_status,last_api_enriched_at,updated_at",4,11221100217171,1,2,True,,,,,,,,,,
ast_75c6cda594b3,타임테라스동탄,4159710200100960000,found,"floors_down,elevators","floors_down,elevators,building_ledger_source,api_enrichment_status,last_api_enriched_at,updated_at",4,11241100269101,4,7,True,,,,,,,,,,
ast_8bd8d91c9bb8,천안성성7지구공동주택,4413310500103660003,found,"floors_down,elevators","floors_down,building_ledger_source,api_enrichment_status,last_api_enriched_at,updated_at",3,11701100180489,0,,True,,,,,,,,,,
ast_8f4a16aa66fa,여주쿠팡물류센터,4167011500102040003,found,"floors_down,elevators,completion_date","floors_down,elevators,completion_date,building_ledger_source,api_enrichment_status,last_api_enriched_at,updated_at",1,11281100223584,2,1,True,2017-05-16,,,,,,,,,
ast_0bbbe8c5910d,이지스일반사모투자신탁435호(태양광),4313033530111650000,found,"floors_down,elevators,completion_date","floors_down,completion_date,building_ledger_source,api_enrichment_status,last_api_enriched_at,updated_at",5,11571100238224,0,,True,2016-07-06,,,,,,,,,
ast_d3958acf9d57,아레나스안성,4413331032101160005,found,"floors_down,elevators,completion_date","floors_down,completion_date,building_ledger_source,api_enrichment_status,last_api_enriched_at,updated_at",1,11701100271502,0,,True,2014-09-17,,,,,,,,,
ast_acf1169ec73d,공주시 웅진동 공동주택,4415010700103000009,found,"floors_down,elevators","floors_down,building_ledger_source,api_enrichment_status,last_api_enriched_at,updated_at",2,117116448,1,,True,,,,,,,,,,
ast_3a33a41d444e,충북 청주시 서원구 잠두봉근린공원 공동주택 개발사업 PF,4311210700200220000,found,"floors_down,elevators,completion_date","floors_down,completion_date,building_ledger_source,api_enrichment_status,last_api_enriched_at,updated_at",2,115212000208733,0,,True,2020-07-30,,,,,,,,,
ast_d4d0f0ff0926,이지스일반사모투자신탁435호(태양광),4623025034122240000,found,"floors_down,elevators,completion_date","floors_down,completion_date,building_ledger_source,api_enrichment_status,last_api_enriched_at,updated_at",6,12071100224383,0,,True,2015-10-08,,,,,,,,,
ast_4a2972f3fd4f,양산 유산동 물류센터,4833011100105090000,found,"floors_down,elevators","floors_down,elevators,building_ledger_source,api_enrichment_status,last_api_enriched_at,updated_at",1,1000000000000004087851,1,3,True,,,,,,,,,,
ast_616c3d79da75,경산 쿠팡물류센터,4729025330109030000,found,"floors_down,elevators","floors_down,elevators,building_ledger_source,api_enrichment_status,last_api_enriched_at,updated_at",1,1000000000000004253852,2,5,True,,,,,,,,,,
ast_668935b47b6b,롯데마트(나주),4617010200111060002,found,"floors_down,elevators","floors_down,building_ledger_source,api_enrichment_status,last_api_enriched_at,updated_at",2,12061100199572,0,,True,,,,,,,,,,
ast_021767a7f029,강동 성내 역세권 청년주택,4715010400101900011,found,"floors_down,elevators,completion_date","floors_down,completion_date,building_ledger_source,api_enrichment_status,last_api_enriched_at,updated_at",1,1230134836,1,,True,1974-12-23,,,,,,,,,
ast_357127c88355,이지스일반사모투자신탁435호(태양광),4729025321111860007,found,"floors_down,elevators,completion_date","floors_down,elevators,completion_date,building_ledger_source,api_enrichment_status,last_api_enriched_at,updated_at",3,12371100180046,0,1,True,1997-04-22,,,,,,,,,
ast_8f63f7ec9170,이지스리테일제55호사모부동산투자유한회사,5011012200107080000,found,"floors_down,elevators","floors_down,elevators,building_ledger_source,api_enrichment_status,last_api_enriched_at,updated_at",1,1276137666,2,4,True,,,,,,,,,,
ast_2599313d9083,롯데마트(포항) (투자),4711111500104810001,found,"floors_down,elevators","floors_down,building_ledger_source,api_enrichment_status,last_api_enriched_at,updated_at",1,1226121743,1,,True,,,,,,,,,,
ast_1f446ce9025d,홈플러스죽도점 (투자),4711311600100500001,found,"floors_down,elevators","floors_down,building_ledger_source,api_enrichment_status,last_api_enriched_at,updated_at",1,12261130713,0,,True,,,,,,,,,,
ast_9bedafe14895,두동 LG전자 통합물류센터 (투자),4812916100118750000,found,"floors_down,elevators","floors_down,elevators,building_ledger_source,api_enrichment_status,last_api_enriched_at,updated_at",2,125213000239899,0,2,True,,,,,,,,,,
ast_93fedc1f0d0f,홈플러스삼천포점 (투자),4824010800100580003,found,"floors_down,elevators","floors_down,elevators,building_ledger_source,api_enrichment_status,last_api_enriched_at,updated_at",1,126018812,2,2,True,,,,,,,,,,
ast_3ac68d303b60,이지스부동산투자신탁187호,5011013700102610023,found,"floors_down,elevators","floors_down,elevators,building_ledger_source,api_enrichment_status,last_api_enriched_at,updated_at",1,12761100406121,4,5,True,,,,,,,,,,
ast_dd6e846e65f4,신라스테이제주,5011013700102740016,found,"floors_down,elevators","floors_down,elevators,building_ledger_source,api_enrichment_status,last_api_enriched_at,updated_at",1,12761100262000,3,4,True,,,,,,,,,,
ast_b94e03e88d51,에이블로지스물류센터,4146135023107670013,found,"floors_down,elevators,completion_date","floors_down,elevators,completion_date,building_ledger_source,api_enrichment_status,last_api_enriched_at,updated_at",1,11161100355966,4,2,True,2016-11-04,,,,,,,,,
ast_8870b9567bcd,애월 복합관광단지 개발,5011025331100170006,found,"floors_down,elevators","floors_down,building_ledger_source,api_enrichment_status,last_api_enriched_at,updated_at",3,12761100230874,0,,True,,,,,,,,,,
ast_e3779cfe5ab2,켄싱턴 제주호텔 부동산담보신탁 1종 수익권,5013011900127850000,found,"floors_down,elevators,completion_date","floors_down,elevators,completion_date,building_ledger_source,api_enrichment_status,last_api_enriched_at,updated_at",1,12771100222258,2,5,True,2014-03-17,,,,,,,,,
ast_db3bfd1b4baf,이지스일반사모투자신탁435호(태양광),5113025029122550002,found,"floors_down,elevators,completion_date","floors_down,completion_date,building_ledger_source,api_enrichment_status,last_api_enriched_at,updated_at",8,11341100279012,0,,True,2016-08-19,,,,,,,,,
ast_8a93d35b0890,디오션259피에프브이 주식회사,5115011400102590000,found,"floors_down,elevators,completion_date","floors_down,elevators,completion_date,building_ledger_source,api_enrichment_status,last_api_enriched_at,updated_at",2,1000000000000005683842,1,17,True,2025-04-29,,,,,,,,,
ast_222407c92192,이지스일반사모투자신탁392호(태양광),5123012000103300003,found,"floors_down,elevators,completion_date","floors_down,completion_date,building_ledger_source,api_enrichment_status,last_api_enriched_at,updated_at",1,113914267,1,,True,1980-11-19,,,,,,,,,
ast_765cc3a1898a,이지스코어리테일부동산투자신탁302호(운용),5211112000104950006,found,"floors_down,elevators","floors_down,elevators,building_ledger_source,api_enrichment_status,last_api_enriched_at,updated_at",1,118619729,2,2,True,,,,,,,,,,
ast_db8fd17c8890,홈플러스전주효자점,5211114000104310005,found,"floors_down,elevators","floors_down,elevators,building_ledger_source,api_enrichment_status,last_api_enriched_at,updated_at",1,11861100222286,3,2,True,,,,,,,,,,
ast_58e37903d5ef,원주AK,5113011000111230000,found,"floors_down,elevators","floors_down,elevators,building_ledger_source,api_enrichment_status,last_api_enriched_at,updated_at",1,11341100217753,5,14,True,,,,,,,,,,
ast_880b26b6e8be,판교아이스퀘어D동,4113111500103390000,found,"floors_down,elevators,completion_date","floors_down,elevators,completion_date,building_ledger_source,api_enrichment_status,last_api_enriched_at,updated_at",6,10891100336794,5,7,True,2021-04-12,,,,,,,,,
ast_7a55d14dbec0,롯데마트대덕점,3020014600108870000,found,"floors_down,elevators,completion_date","floors_down,elevators,completion_date,building_ledger_source,api_enrichment_status,last_api_enriched_at,updated_at",1,10741100171544,1,2,True,2007-11-08,,,,,,,,,
ast_f2586dff03b4,캐나다 물류중개업체 인수 관련 국내 SPC,1168010500101590000,found,"site_area,gross_floor_area,scr,far,main_usage,structure,floors_up,floors_down,elevators,parking,height,completion_date","site_area,gross_floor_area,scr,far,main_usage,structure,floors_up,floors_down,elevators,height,completion_date,building_ledger_source,api_enrichment_status,last_api_enriched_at,updated_at",9,1024121158,4,21,True,1989-11-03,0.0,0.0,0.0,문화및집회시설,철근콘크리트구조,4,,28.5,236869.28
ast_2235d1489ae1,부천카스퀘어,4119610700103660001,found,"floors_down,elevators,completion_date","floors_down,elevators,completion_date,building_ledger_source,api_enrichment_status,last_api_enriched_at,updated_at",1,10971100258492,3,5,True,2016-06-30,,,,,,,,,
ast_0dba05706295,판교아이스퀘어E동,4113111500103390000,found,"floors_down,elevators","floors_down,elevators,building_ledger_source,api_enrichment_status,last_api_enriched_at,updated_at",6,10891100336794,5,7,True,,,,,,,,,,
ast_e10a51769654,안녕인사동,1111012800101550002,found,"site_area,scr,far,main_usage,structure,floors_up,floors_down,elevators,parking,height","site_area,scr,far,main_usage,structure,floors_up,floors_down,elevators,parking,height,building_ledger_source,api_enrichment_status,last_api_enriched_at,updated_at",1,10021100217365,4,11,True,,5853.22,58.91,473.58,숙박시설,철골철근콘크리트구조,13,옥내 120 / 옥외 2,44.96,
ast_bb3782e6cd9f,마곡CP4 복합시설 개발,1150010500107690000,found,"site_area,scr,far,main_usage,structure,floors_up,floors_down,elevators,parking,height,completion_date","site_area,scr,far,main_usage,structure,floors_up,floors_down,elevators,parking,height,completion_date,building_ledger_source,api_enrichment_status,last_api_enriched_at,updated_at",1,1000000000000004383649,7,80,True,2024-09-24,39052.6,59.99,590.82,업무시설,철골철근콘크리트구조,11,옥내 3608 / 옥외 0,48.85,
ast_d5a492f670ed,안성 홈플러스 중부허브 물류센터,4155038022109410000,found,"floors_down,elevators","floors_down,elevators,building_ledger_source,api_enrichment_status,last_api_enriched_at,updated_at",4,11221100217171,1,2,True,,,,,,,,,,
ast_a9239e56b790,삼부빌딩 개발사업,1114011200100090001,found,"site_area,scr,far,main_usage,structure,floors_up,floors_down,elevators,parking,height","site_area,scr,far,main_usage,structure,floors_up,floors_down,height,building_ledger_source,api_enrichment_status,last_api_enriched_at,updated_at",1,100312127,4,,True,,0.0,0.0,0.0,업무시설,철근콘크리트구조,0,,0.0,
ast_12357627ab53,청담펜트하우스,1168010400101290000,found,"site_area,gross_floor_area,scr,far,main_usage,structure,floors_up,floors_down,elevators,parking,height","site_area,gross_floor_area,scr,far,main_usage,structure,floors_up,floors_down,elevators,parking,height,building_ledger_source,api_enrichment_status,last_api_enriched_at,updated_at",1,10241100293292,6,6,True,,2588.3,38.22,365.01,공동주택,철골철근콘크리트합성구조,20,옥내 162 / 옥외 0,72.64,20623.55
ast_cd18ba041afc,메트로타워,1114011800105370000,found,"site_area,scr,far,main_usage,structure,floors_up,floors_down,elevators,parking,height,completion_date","site_area,scr,far,main_usage,structure,floors_up,floors_down,height,completion_date,building_ledger_source,api_enrichment_status,last_api_enriched_at,updated_at",2,100313602,2,,True,1970-08-20,3964.89,52.32,745.16,업무시설,철근콘크리트구조,20,,71.44,
ast_e28d1ea3fa3e,분당Hostway IDC,4113510700103430001,found,"floors_down,elevators,completion_date","floors_down,elevators,completion_date,building_ledger_source,api_enrichment_status,last_api_enriched_at,updated_at",1,10891125693,0,3,True,2000-06-10,,,,,,,,,
ast_2e88e9b329e3,이지스200호(디어스 판교),4113111500103210000,found,"floors_down,elevators,completion_date","floors_down,elevators,completion_date,building_ledger_source,api_enrichment_status,last_api_enriched_at,updated_at",1,10891100298327,2,17,True,2017-10-17,,,,,,,,,
ast_f7c124b0485b,여주쿠팡물류센터,4167011500102040003,found,"floors_down,elevators,completion_date","floors_down,elevators,completion_date,building_ledger_source,api_enrichment_status,last_api_enriched_at,updated_at",1,11281100223584,2,1,True,2017-05-16,,,,,,,,,
ast_718a6d8b52dc,이지스151호(더샵 부평),2823710200102160000,found,"floors_down,elevators,completion_date","floors_down,completion_date,building_ledger_source,api_enrichment_status,last_api_enriched_at,updated_at",1,105915152,1,,True,1997-05-06,,,,,,,,,
ast_01045c0cd92d,이지스333호(디어스 명동),1114014000100130002,found,"site_area,scr,far,main_usage,structure,floors_up,floors_down,elevators,parking,height,completion_date","site_area,scr,far,main_usage,structure,floors_up,floors_down,elevators,height,completion_date,building_ledger_source,api_enrichment_status,last_api_enriched_at,updated_at",1,10031100228897,2,3,True,2018-04-09,651.1,60.19,720.89,숙박시설,철골철근콘크리트구조,14,,49.9,
ast_1eb3221796bb,이지스333호(홍대 코리빙 복합시설),1144012000104600025,found,"site_area,scr,far,main_usage,structure,floors_up,floors_down,elevators,parking,height,completion_date","site_area,scr,far,main_usage,structure,floors_up,floors_down,elevators,parking,height,completion_date,building_ledger_source,api_enrichment_status,last_api_enriched_at,updated_at",1,1000000000000001672923,3,7,True,2023-04-21,3622.1,57.96,239.98,숙박시설,철근콘크리트구조,7,옥내 101 / 옥외 0,30.92,
ast_55fcaa57d7ab,이천YM물류센터,4150035025102730001,found,"site_area,scr,far,main_usage,structure,floors_up,floors_down,elevators,parking,height,completion_date","site_area,scr,far,main_usage,structure,floors_up,floors_down,elevators,parking,height,completion_date,building_ledger_source,api_enrichment_status,last_api_enriched_at,updated_at",1,11211100331498,1,2,True,2021-10-19,19074.0,39.84,83.06,창고시설,프리케스트콘크리트구조,3,옥내 0 / 옥외 101,28.9,
ast_b60bc5039d9c,삼성중공업판교R&D센터,4113510900106150000,found,"floors_down,elevators","floors_down,elevators,building_ledger_source,api_enrichment_status,last_api_enriched_at,updated_at",1,10891100249223,5,10,True,,,,,,,,,,
ast_ab4857d97964,양산 유산동 물류센터,4833011100105090000,found,"floors_down,elevators","floors_down,elevators,building_ledger_source,api_enrichment_status,last_api_enriched_at,updated_at",1,1000000000000004087851,1,3,True,,,,,,,,,,
ast_04878d0c997e,서울인터내셔널타워(SI타워),1168010100106790004,found,"site_area,scr,far,main_usage,structure,floors_up,floors_down,elevators,parking,height","site_area,scr,far,main_usage,structure,floors_up,floors_down,elevators,parking,height,building_ledger_source,api_enrichment_status,last_api_enriched_at,updated_at",1,1024122931,8,12,True,,3587.2,56.73,1119.11,업무시설,철골철근콘크리트구조,25,옥내 513 / 옥외 2,108.45,
ast_022d4816897f,여의도 파이낸스타워,1156011000100230008,found,"site_area,scr,far,main_usage,structure,floors_up,floors_down,elevators,parking,height","site_area,scr,far,main_usage,structure,floors_up,floors_down,elevators,parking,height,building_ledger_source,api_enrichment_status,last_api_enriched_at,updated_at",1,102017002,7,8,True,,3176.0,46.83,762.48,업무시설,철골철근콘크리트구조,21,옥내 370 / 옥외 0,90.0,
ast_866314e4db59,삼성동 빌딩,1168010500101570001,found,"site_area,scr,far,main_usage,structure,floors_up,floors_down,elevators,parking,height","site_area,scr,far,main_usage,structure,floors_up,floors_down,elevators,parking,height,building_ledger_source,api_enrichment_status,last_api_enriched_at,updated_at",1,10241100198267,8,5,True,,2193.7,50.49,799.82,업무시설,철골철근콘크리트구조,17,옥내 124 / 옥외 0,78.7,
ast_2e5bd324e0df,마곡CP4 복합시설 개발,1150010500107690000,found,"site_area,scr,far,main_usage,structure,floors_up,floors_down,elevators,parking,height,completion_date","site_area,scr,far,main_usage,structure,floors_up,floors_down,elevators,parking,height,completion_date,building_ledger_source,api_enrichment_status,last_api_enriched_at,updated_at",1,1000000000000004383649,7,80,True,2024-09-24,39052.6,59.99,590.82,업무시설,철골철근콘크리트구조,11,옥내 3608 / 옥외 0,48.85,
ast_3c022176b9c4,천안성성7지구공동주택,4413310500103660003,found,"floors_down,elevators","floors_down,building_ledger_source,api_enrichment_status,last_api_enriched_at,updated_at",3,11701100180489,0,,True,,,,,,,,,,
ast_6823b524f42f,삼부빌딩 개발사업,1114011200100090001,found,"site_area,scr,far,main_usage,structure,floors_up,floors_down,elevators,parking,height","site_area,scr,far,main_usage,structure,floors_up,floors_down,height,building_ledger_source,api_enrichment_status,last_api_enriched_at,updated_at",1,100312127,4,,True,,0.0,0.0,0.0,업무시설,철근콘크리트구조,0,,0.0,
ast_a4549cd85c41,밀레니엄힐튼호텔,1114011800103950000,found,"site_area,scr,far,main_usage,structure,floors_up,floors_down,elevators,parking,height,completion_date","site_area,scr,far,main_usage,structure,floors_up,floors_down,elevators,parking,height,completion_date,building_ledger_source,api_enrichment_status,last_api_enriched_at,updated_at",1,100313596,2,14,True,1984-11-29,18760.1,49.23,356.28,숙박시설,철근콘크리트구조,23,옥내 401 / 옥외 88,71.35,
ast_89f1f1989a34,구리시 수택동 주거용 오피스텔,4131010500103700000,found,"floors_down,elevators","floors_down,building_ledger_source,api_enrichment_status,last_api_enriched_at,updated_at",1,110916067,1,,True,,,,,,,,,,
ast_ee89bc12bfd3,인천석남물류센터,2826011000102240008,found,"floors_down,elevators","floors_down,elevators,building_ledger_source,api_enrichment_status,last_api_enriched_at,updated_at",3,1000000000000002242850,1,13,True,,,,,,,,,,
ast_0098d2fecd62,종로구 시니어주택 리모델링,1111018300101530003,found,"site_area,scr,far,main_usage,structure,floors_up,floors_down,elevators,parking,height","site_area,scr,far,main_usage,structure,floors_up,floors_down,elevators,parking,height,building_ledger_source,api_enrichment_status,last_api_enriched_at,updated_at",1,1002113333,2,4,True,,4268.0,58.693767,245.388,노유자시설,철근콘크리트구조,5,옥내 49 / 옥외 19,19.96,
ast_9493e4e1b242,두동 LG전자 통합물류센터,4812916100118750000,found,"floors_down,elevators","floors_down,elevators,building_ledger_source,api_enrichment_status,last_api_enriched_at,updated_at",2,125213000239899,0,2,True,,,,,,,,,,
ast_3378eefd074e,대전 둔산파이낸스빌딩,3017011200114130000,found,"floors_down,elevators,completion_date","floors_down,elevators,completion_date,building_ledger_source,api_enrichment_status,last_api_enriched_at,updated_at",1,10731100177509,8,5,True,2009-03-02,,,,,,,,,
ast_11eaa23e7e07,애월 복합관광단지 개발,5011025331100170006,found,"floors_down,elevators","floors_down,building_ledger_source,api_enrichment_status,last_api_enriched_at,updated_at",3,12761100230874,0,,True,,,,,,,,,,
ast_2c946ed0b0fa,메트로타워,1114011800105370000,found,"site_area,scr,far,main_usage,structure,floors_up,floors_down,elevators,parking,height,completion_date","site_area,scr,far,main_usage,structure,floors_up,floors_down,height,completion_date,building_ledger_source,api_enrichment_status,last_api_enriched_at,updated_at",2,100313602,2,,True,1970-08-20,3964.89,52.32,745.16,업무시설,철근콘크리트구조,20,,71.44,
ast_30141631f2e1,여주쿠팡물류센터,4167011500102040003,found,"floors_down,elevators,completion_date","floors_down,elevators,completion_date,building_ledger_source,api_enrichment_status,last_api_enriched_at,updated_at",1,11281100223584,2,1,True,2017-05-16,,,,,,,,,
ast_df61856e9446,분당Hostway IDC,4113510700103430001,found,"floors_down,elevators,completion_date","floors_down,elevators,completion_date,building_ledger_source,api_enrichment_status,last_api_enriched_at,updated_at",1,10891125693,0,3,True,2000-06-10,,,,,,,,,
ast_c390565c53af,이지스200호(디어스 판교),4113111500103210000,found,"floors_down,elevators,completion_date","floors_down,elevators,completion_date,building_ledger_source,api_enrichment_status,last_api_enriched_at,updated_at",1,10891100298327,2,17,True,2017-10-17,,,,,,,,,
ast_1267a3bda5d2,이지스151호(더샵 부평),2823710200102160000,found,"floors_down,elevators,completion_date","floors_down,completion_date,building_ledger_source,api_enrichment_status,last_api_enriched_at,updated_at",1,105915152,1,,True,1997-05-06,,,,,,,,,
ast_42a97e89a9a5,안녕인사동,1111012800101550002,found,"site_area,scr,far,main_usage,structure,floors_up,floors_down,elevators,parking,height","site_area,scr,far,main_usage,structure,floors_up,floors_down,elevators,parking,height,building_ledger_source,api_enrichment_status,last_api_enriched_at,updated_at",1,10021100217365,4,11,True,,5853.22,58.91,473.58,숙박시설,철골철근콘크리트구조,13,옥내 120 / 옥외 2,44.96,
ast_58f18cb76dad,신라모노그램 강릉 복합숙박시설,5115011400102590000,found,"floors_down,elevators,completion_date","floors_down,elevators,completion_date,building_ledger_source,api_enrichment_status,last_api_enriched_at,updated_at",2,1000000000000005683842,1,17,True,2025-04-29,,,,,,,,,
ast_0eb50d2cf958,"이지스411호(200호 재간접, 디어스 판교)",4113111500103210000,found,"floors_down,elevators,completion_date","floors_down,elevators,completion_date,building_ledger_source,api_enrichment_status,last_api_enriched_at,updated_at",1,10891100298327,2,17,True,2017-10-17,,,,,,,,,
ast_b3c81fc9c5cf,삼성중공업판교R&D센터,4113510900106150000,found,"floors_down,elevators","floors_down,elevators,building_ledger_source,api_enrichment_status,last_api_enriched_at,updated_at",1,10891100249223,5,10,True,,,,,,,,,,
ast_4ea718fb3f43,양산 유산동 물류센터,4833011100105090000,found,"floors_down,elevators","floors_down,elevators,building_ledger_source,api_enrichment_status,last_api_enriched_at,updated_at",1,1000000000000004087851,1,3,True,,,,,,,,,,
ast_3ea6cef0a8e3,이지스333호(디어스 명동),1114014000100130002,found,"site_area,scr,far,main_usage,structure,floors_up,floors_down,elevators,parking,height,completion_date","site_area,scr,far,main_usage,structure,floors_up,floors_down,elevators,height,completion_date,building_ledger_source,api_enrichment_status,last_api_enriched_at,updated_at",1,10031100228897,2,3,True,2018-04-09,651.1,60.19,720.89,숙박시설,철골철근콘크리트구조,14,,49.9,
ast_0c50fdc60ef8,이지스333호(홍대 코리빙 복합시설),1144012000104600025,found,"site_area,scr,far,main_usage,structure,floors_up,floors_down,elevators,parking,height,completion_date","site_area,scr,far,main_usage,structure,floors_up,floors_down,elevators,parking,height,completion_date,building_ledger_source,api_enrichment_status,last_api_enriched_at,updated_at",1,1000000000000001672923,3,7,True,2023-04-21,3622.1,57.96,239.98,숙박시설,철근콘크리트구조,7,옥내 101 / 옥외 0,30.92,
ast_ae0f1f82c083,이천YM물류센터,4150035025102730001,found,"site_area,scr,far,main_usage,structure,floors_up,floors_down,elevators,parking,height,completion_date","site_area,scr,far,main_usage,structure,floors_up,floors_down,elevators,parking,height,completion_date,building_ledger_source,api_enrichment_status,last_api_enriched_at,updated_at",1,11211100331498,1,2,True,2021-10-19,19074.0,39.84,83.06,창고시설,프리케스트콘크리트구조,3,옥내 0 / 옥외 101,28.9,
ast_922fd1f841cc,서울인터내셔널타워(SI타워),1168010100106790004,found,"scr,far,main_usage,structure,floors_up,floors_down,elevators,parking,height","scr,far,main_usage,structure,floors_up,floors_down,elevators,parking,height,building_ledger_source,api_enrichment_status,last_api_enriched_at,updated_at",1,1024122931,8,12,True,,,56.73,1119.11,업무시설,철골철근콘크리트구조,25,옥내 513 / 옥외 2,108.45,
ast_bc54b586be28,청담펜트하우스,1168010400101290000,found,"site_area,gross_floor_area,scr,far,main_usage,structure,floors_up,floors_down,elevators,parking,height","site_area,gross_floor_area,scr,far,main_usage,structure,floors_up,floors_down,elevators,parking,height,building_ledger_source,api_enrichment_status,last_api_enriched_at,updated_at",1,10241100293292,6,6,True,,2588.3,38.22,365.01,공동주택,철골철근콘크리트합성구조,20,옥내 162 / 옥외 0,72.64,20623.55
