relationship_status,asset_name,fund_name,project_name,asset_address,fund_asset_name,asset_kind,asset_type,fund_status,project_status,missing_parts,asset_id,fund_id,project_id,fund_short_name,fund_sector,project_type,fund_relation_type,project_relation_type,fund_exposure_role,fund_directness,fund_relation_confidence,project_relation_confidence,fund_lookup_status,project_lookup_status,project_lookup_source,fund_relation_source_table,fund_relation_source_id,project_relation_source_table,project_relation_source_id,asset_review_status,asset_source_confidence
missing_one_or_more_names,인천 가좌동 소재 개발자산 선매입,,,,,physical_asset,데이터센터,,,fund_name; project_name,ast_0011c54227b4,,,,,,,,,,,,no_fund_link,no_project_link,no_project_link,,,,,verified,
missing_one_or_more_names,안성산하3지구물류센터개발사업,,,경기도 안성시 원곡면 산하리500번지 외 168필지,,physical_asset,,,,fund_name; project_name,ast_004573bcb481,,,,,,,,,,,,no_fund_link,no_project_link,no_project_link,,,,,verified,
missing_one_or_more_names,종로구 시니어주택 리모델링,,,서울시 종로구 평창동 153-3,,physical_asset,주거,,,fund_name; project_name,ast_0098d2fecd62,,,,,,,,,,,,no_fund_link,no_project_link,no_project_link,,,,,verified,
missing_one_or_more_names,이지스10호(2종)의  수익증권,,,,,physical_asset,오피스,,,fund_name; project_name,ast_00d6ab2ffdec,,,,,,,,,,,,no_fund_link,no_project_link,no_project_link,,,,,verified,
missing_one_or_more_names,이지스333호(디어스 명동),,,서울시 중구 남학동 13-2외 1필지,,physical_asset,,,,fund_name; project_name,ast_01045c0cd92d,,,,,,,,,,,,no_fund_link,no_project_link,no_project_link,,,,,verified,
missing_one_or_more_names,여의도 파이낸스타워,,,서울특별시 영등포구 국제금융로 2길 32,,physical_asset,,,,fund_name; project_name,ast_022d4816897f,,,,,,,,,,,,no_fund_link,no_project_link,no_project_link,,,,,verified,
missing_one_or_more_names,성수동 복합시설 개발사업,,,"서울특별시 성동구 성수동2가 314-10, 314-11, 314-27번지",,physical_asset,오피스,,,fund_name; project_name,ast_023cb333482d,,,,,,,,,,,,no_fund_link,no_project_link,no_project_link,,,,,verified,
missing_one_or_more_names,판교 테크원타워,,,경기도 성남시 분당구 백현동 534,,physical_asset,오피스,,,fund_name; project_name,ast_024953888c95,,,,,,,,,,,,no_fund_link,no_project_link,no_project_link,,,,,verified,
missing_one_or_more_names,시그니쳐타워,,,서울특별시 중구 수표동 99,,physical_asset,오피스,,,fund_name; project_name,ast_02870a4cfd6e,,,,,,,,,,,,no_fund_link,no_project_link,no_project_link,,,,,verified,
missing_one_or_more_names,이지스글로벌세컨더리일반사모혼합자산투자신탁제1호,이지스글로벌세컨더리일반사모혼합자산투자신탁제1호,,,"Pantheon Viking Co-Invest LP, NMP V, PGSF VII, PSD III",physical_asset,오피스복합,운용,,project_name,ast_02f2fb35a743,200006,,세컨더리1호,특별자산,,underlying_asset,,direct_owner,direct,0.94,,resolved,no_project_link,no_project_link,fund_assets,58683,,,auto_created,0.94
missing_one_or_more_names,탑빌딩,이지스비즈성장공간플랫폼일반사모부동산투자신탁제1-3호,,경기도 성남시 분당구 야탑동 361-4,탑빌딩,physical_asset,오피스,운용,,project_name,ast_03afde6453fc,112597,,비즈성장1-3호,오피스,,underlying_asset,,direct_owner,direct,0.98,,resolved,no_project_link,no_project_link,fund_assets,58468,,,auto_created,0.98
missing_one_or_more_names,탑빌딩,이지스 KORIF 사모부동산투자신탁 22호,,경기도 성남시 분당구 야탑동 361-4,"서영빌딩, 탑빌딩, 트리스빌딩, 호수빌딩",physical_asset,오피스,청산,,project_name,ast_03afde6453fc,112025,,22호,오피스,,underlying_asset,,direct_owner,direct,0.98,,resolved,no_project_link,no_project_link,fund_assets,57897,,,auto_created,0.98
missing_one_or_more_names,신라스테이울산,,,울산광역시 남구 달동 1247-1 외 2필지,,physical_asset,호텔,,,fund_name; project_name,ast_03c3c2e1b0b2,,,,,,,,,,,,no_fund_link,no_project_link,no_project_link,,,,,verified,
missing_one_or_more_names,여주 본두리 물류센터,,,경기도 여주시 가남읍 본두리 18-3,,physical_asset,물류센터,,,fund_name; project_name,ast_03f61e21a973,,,,,,,,,,,,no_fund_link,no_project_link,no_project_link,,,,,verified,
missing_one_or_more_names,"메자닌, 공모주, 이벤트 드리븐",,,,,physical_asset,,,,fund_name; project_name,ast_042b9d125ed3,,,,,,,,,,,,no_fund_link,no_project_link,no_project_link,,,,,verified,
missing_one_or_more_names,서울인터내셔널타워(SI타워),,,서울시 강남구 테헤란로 203(역삼동 679-4),,physical_asset,오피스,,,fund_name; project_name,ast_04878d0c997e,,,,,,,,,,,,no_fund_link,no_project_link,no_project_link,,,,,verified,
missing_one_or_more_names,"메자닌, 공모주, 이벤트 드리븐, 스팩",,,,,physical_asset,,,,fund_name; project_name,ast_04fa217d3e90,,,,,,,,,,,,no_fund_link,no_project_link,no_project_link,,,,,verified,
missing_one_or_more_names,을지로3가 도시환경정비구역 제10지구 신축 오피스,,,을지로3가 95-11 일원,,physical_asset,오피스,,,fund_name; project_name,ast_0527c87b54b5,,,,,,,,,,,,no_fund_link,no_project_link,no_project_link,,,,,verified,
missing_one_or_more_names,OJP사옥(워싱턴),이지스글로벌사모부동산투자신탁37-1호,,"810 7th Street, N.W., Washington D.C., U.S.A.","Sanofi 본사(파리), Bell 본사(몬트리올), OJP사옥(워싱턴)",physical_asset,오피스,운용,,project_name,ast_0546ff4ee9db,112035,,37-1호,오피스,,underlying_asset,,direct_owner,direct,0.94,,resolved,no_project_link,no_project_link,fund_assets,57909,,,verified,0.94
missing_one_or_more_names,도지물류센터,,,경기도 이천시 백사면 조읍리 25,,physical_asset,물류센터,,,fund_name; project_name,ast_05637427d30e,,,,,,,,,,,,no_fund_link,no_project_link,no_project_link,,,,,verified,
missing_one_or_more_names,동서발전,이지스일반사모투자신탁435호(태양광),,경상북도 예천군 은풍면 부초리 산44,"다산1, 동서발전, 진이엔지, 현대산업쏠라5호, 케이앤스틸테크놀로지, 리에너지, 지우태양광, 에스지, 케이앤씨벨에포크, 케이에이치테크단북1호, 미션, 윈즈에너지, 이큐에너지, 소망, 청수, 봉산햇빛, 행암에너지일호, 도원에너지, 솔빛에너지, 에스와이솔라, 에이치엠솔라1, 이에스에이치12, 지티씨솔라13호, 강구16호, 외삼1호, 외삼2호, 솔라트리1호, 김송하, 에스이피브, 케이앤씨헤르메스, 모두에너지, 솔라팩토리10호, 씨에스에너텍, 알이씨에너지, 알이엔네트웍스, 어량리, 비케이솔라, 와이알에너지, 유현그린, 케이앤씨그린북, 디앤피상주, 적화솔라, 솔라시너지햇빛1호, 이인메가태양광, 솔라팩토리22호, 솔라팩토리19호",physical_asset,,운용,,project_name,ast_0595e7f4dccc,112584,,435호,특별자산,,underlying_asset,,direct_owner,direct,0.94,,resolved,no_project_link,no_project_link,fund_assets,58412,,,verified,0.94
missing_one_or_more_names,유림빌딩,,,서울특별시 마포구 동교동 165-4,,physical_asset,리테일,,,fund_name; project_name,ast_05a1704bed45,,,,,,,,,,,,no_fund_link,no_project_link,no_project_link,,,,,verified,
missing_one_or_more_names,여의도 유수홀딩스부지 오피스텔 개발사업 PF대출,이지스부동산론일반사모부동산투자신탁제1호,,서울특별시 영등포구 여의도동 25-11,"웨스트게이트타워 선순위 담보대출, 당산 지식산업센터 개발사업 PF대출, 여의도 유수홀딩스부지 오피스텔 개발사업 PF대출, 카이트타워 선순위 담보대출, 성수동 오피스 개발사업 선순위 브릿지론",physical_asset,,운용,,project_name,ast_05fbe6b353fb,112666,,부동산론 1호,대출채권,,underlying_asset,,direct_owner,direct,0.94,,resolved,no_project_link,no_project_link,fund_assets,58522,,,verified,0.94
missing_one_or_more_names,이지스일반사모부동산투자신탁제439호,,,경기도 고양시 덕양구 오금동 690번지,,physical_asset,데이터센터,,,fund_name; project_name,ast_064b41e30c94,,,,,,,,,,,,no_fund_link,no_project_link,no_project_link,,,,,verified,
missing_one_or_more_names,이지스 130호(모) 제1-1종 수익증권,,,서울특별시 중구 청계천로 100,,physical_asset,,,,fund_name; project_name,ast_0713581af76f,,,,,,,,,,,,no_fund_link,no_project_link,no_project_link,,,,,verified,
missing_one_or_more_names,Dallas KPMG Plaza Senior Loan,,,"2323 Ross Avenue, Dallas, Texas 75201",,physical_asset,오피스,,,fund_name; project_name,ast_07a74d2ee7e4,,,,,,,,,,,,no_fund_link,no_project_link,no_project_link,,,,,verified,
missing_one_or_more_names,트리스빌딩,,,서울특별시 강남구 논현동 70-6,,physical_asset,오피스,,,fund_name; project_name,ast_07e0f0bb366d,,,,,,,,,,,,no_fund_link,no_project_link,no_project_link,,,,,verified,
missing_one_or_more_names,강동 성내 역세권 청년주택,,,서울시 강동구 성내동 87-1번지 일원,,physical_asset,주거,,,fund_name; project_name,ast_07e49a3487e7,,,,,,,,,,,,no_fund_link,no_project_link,no_project_link,,,,,verified,
missing_one_or_more_names,KKR Real Estate Partners Europe II,,,,,physical_asset,,,,fund_name; project_name,ast_07f69f4d8b19,,,,,,,,,,,,no_fund_link,no_project_link,no_project_link,,,,,verified,
missing_one_or_more_names,"StepStone Secondary Opportunities Fund V Offshore Holdings, L.P.  가 발행하는 지분증권",,,,,physical_asset,,,,fund_name; project_name,ast_0812bfa02848,,,,,,,,,,,,no_fund_link,no_project_link,no_project_link,,,,,verified,
missing_one_or_more_names,수서역환승센터복합개발사업,,,서울시 강남구 수서동 197번지 일원,,physical_asset,오피스,,,fund_name; project_name,ast_081de2d9bdd9,,,,,,,,,,,,no_fund_link,no_project_link,no_project_link,,,,,verified,
missing_one_or_more_names,부산 온천동 복합시설 신축사업,,,온천동 180-14번지 복합시설 신축공사,,physical_asset,주거,,,fund_name; project_name,ast_088dd044de37,,,,,,,,,,,,no_fund_link,no_project_link,no_project_link,,,,,verified,
missing_one_or_more_names,맥스에너지금성태양광발전,이지스일반사모투자신탁377호,,경상북도 의성군 금성면 하리 산72,"환성2호태양광발전소, 환성3호태양광발전소, 예지안빛에너지, 장춘3호태양광발전소, 하늘별빛에너지태양광발전소, 해누리7호태양광발전소, 천리에너지2호태양광발전소, 엠아이에너지태양광발전소, 한국쏠라알피에스태양광발전소, 솔라팜1호, 솔라팜2호, 삼산태양광발전소, 맥스에너지하리태양광발전, 맥스에너지금성태양광발전, 제이에스금계태양광발전, 지동쏠라에너지태양광발전, 성남제이씨에너지, 선그린에너지, 일순에너지, 스카이에너지, 에이스쏠라, 디앤피옥연, 디앤피영천신기, 곡성, 케이앤씨해바라기, 케이앤씨솔라리아, 호니파워, 에스디일호, 에스플래닛삼십사호, 아인에너지, 제이피에너지",physical_asset,,운용,,project_name,ast_08feb99d7dd1,112466,,377호,특별자산,,underlying_asset,,direct_owner,direct,0.94,,resolved,no_project_link,no_project_link,fund_assets,58274,,,verified,0.94
missing_one_or_more_names,해운대 L7,,,부산광역시 해운대구 우동 626-14번지 일원,,physical_asset,호텔,,,fund_name; project_name,ast_093042bc2e8e,,,,,,,,,,,,no_fund_link,no_project_link,no_project_link,,,,,verified,
missing_one_or_more_names,솔라팩토리19호,,,"충북 충주시 대소원면 완오리 1165, 1166, 1167(건물 위), 충주시 대소원면 완오리 1155(건물위), 충주시 대소원면 영평리 840 (건물 위)",,physical_asset,,,,fund_name; project_name,ast_09cbe4380781,,,,,,,,,,,,no_fund_link,no_project_link,no_project_link,,,,,verified,
missing_one_or_more_names,업스퀘어,,,울산광역시 남구 삼산동 1569-1,,physical_asset,오피스복합,,,fund_name; project_name,ast_09e5db3eee02,,,,,,,,,,,,no_fund_link,no_project_link,no_project_link,,,,,verified,
missing_one_or_more_names,와이에이치파워2 주식,이지스코어에너지인프라일반사모투자신탁제1호,,,"한림그린에너지 주식 및 대여금, 코어그린에너지 주식 및 대여금, 이지스유에이치 주식 및 대여금, 유에이치파워 대여금, 와이에이치파워1 주식, 와이에이치파워2 주식, 와이에이치파워3 주식, 와이에이치파워4 주식",physical_asset,,운용,,project_name,ast_0aa438f94f1a,120045,,코어에너지1호,특별자산,,underlying_asset,,direct_owner,direct,0.94,,resolved,no_project_link,no_project_link,fund_assets,58632,,,verified,0.94
missing_one_or_more_names,"StepStone Secondary Opportunities Fund V Offshore, L.P.",,,,,physical_asset,,,,fund_name; project_name,ast_0abb69999d40,,,,,,,,,,,,no_fund_link,no_project_link,no_project_link,,,,,verified,
missing_one_or_more_names,"메자닌, 공모주, 이벤트 드리븐",,,,,physical_asset,,,,fund_name; project_name,ast_0ae67887921d,,,,,,,,,,,,no_fund_link,no_project_link,no_project_link,,,,,verified,
missing_one_or_more_names,이지스일반사모투자신탁435호(태양광),이지스일반사모투자신탁435호(태양광),,충청북도 충주시 대소원면 완오리 1165,"다산1, 동서발전, 진이엔지, 현대산업쏠라5호, 케이앤스틸테크놀로지, 리에너지, 지우태양광, 에스지, 케이앤씨벨에포크, 케이에이치테크단북1호, 미션, 윈즈에너지, 이큐에너지, 소망, 청수, 봉산햇빛, 행암에너지일호, 도원에너지, 솔빛에너지, 에스와이솔라, 에이치엠솔라1, 이에스에이치12, 지티씨솔라13호, 강구16호, 외삼1호, 외삼2호, 솔라트리1호, 김송하, 에스이피브, 케이앤씨헤르메스, 모두에너지, 솔라팩토리10호, 씨에스에너텍, 알이씨에너지, 알이엔네트웍스, 어량리, 비케이솔라, 와이알에너지, 유현그린, 케이앤씨그린북, 디앤피상주, 적화솔라, 솔라시너지햇빛1호, 이인메가태양광, 솔라팩토리22호, 솔라팩토리19호",physical_asset,,운용,,project_name,ast_0bbbe8c5910d,112584,,435호,특별자산,,underlying_asset,,direct_owner,direct,0.98,,resolved,no_project_link,no_project_link,fund_assets,58456,,,auto_created,0.98
missing_one_or_more_names,이지스333호(홍대 코리빙 복합시설),,,서울시 마포구 서교동 460-25 일원,,physical_asset,,,,fund_name; project_name,ast_0c50fdc60ef8,,,,,,,,,,,,no_fund_link,no_project_link,no_project_link,,,,,verified,
missing_one_or_more_names,제주 연동 오피스텔,,,제주도 제주시 연동 261-23,,physical_asset,주거,,,fund_name; project_name,ast_0c68bbfd7099,,,,,,,,,,,,no_fund_link,no_project_link,no_project_link,,,,,verified,
missing_one_or_more_names,홈플러스 대전문화점 (투자),이지스코어리테일부동산투자신탁302호(운용),,대전광역시 중구 문화동 1-17,"홈플러스 인천인하점, 홈플러스 대전문화점, 홈플러스 전주완산점",physical_asset,,청산,,project_name,ast_0d034e04e91f,112344,,302호,리테일,,underlying_asset,,direct_owner,direct,0.98,,resolved,no_project_link,no_project_link,fund_assets,58181,,,auto_created,0.98
missing_one_or_more_names,분당야탑물류센터,,,,,physical_asset,물류센터,,,fund_name; project_name,ast_0d20df513bd5,,,,,,,,,,,,no_fund_link,no_project_link,no_project_link,,,,,verified,
missing_one_or_more_names,아이에이제십사차유동화전문 유한회사,이지스NPL일반사모부동산투자신탁제3호,,,"아이에이제십삼차유동화전문 유한회사, 아이에이제십사차유동화전문 유한회사, 주식회사 아이에이에이치에프합정, 아이에이와이디유동화전문 유한회사, 부실채권을 기초자산으로 하는 SPC의 사채",physical_asset,특별자산,운용,,project_name,ast_0d67a2c2d304,112602,,NPL3호,NPL,,underlying_asset,,direct_owner,direct,0.94,,resolved,no_project_link,no_project_link,fund_assets,58474,,,verified,0.94
missing_one_or_more_names,성수동 오피스 개발사업 선순위 브릿지론,이지스부동산론일반사모부동산투자신탁제1호,,서울특별시 성동구 성수동2가 279,"웨스트게이트타워 선순위 담보대출, 당산 지식산업센터 개발사업 PF대출, 여의도 유수홀딩스부지 오피스텔 개발사업 PF대출, 카이트타워 선순위 담보대출, 성수동 오피스 개발사업 선순위 브릿지론",physical_asset,,운용,,project_name,ast_0d7b28ca87e1,112666,,부동산론 1호,대출채권,,underlying_asset,,direct_owner,direct,0.94,,resolved,no_project_link,no_project_link,fund_assets,58524,,,verified,0.94
missing_one_or_more_names,외삼2호,이지스일반사모투자신탁435호(태양광),,경상북도 봉화군 봉성면 외삼리 792 외,"다산1, 동서발전, 진이엔지, 현대산업쏠라5호, 케이앤스틸테크놀로지, 리에너지, 지우태양광, 에스지, 케이앤씨벨에포크, 케이에이치테크단북1호, 미션, 윈즈에너지, 이큐에너지, 소망, 청수, 봉산햇빛, 행암에너지일호, 도원에너지, 솔빛에너지, 에스와이솔라, 에이치엠솔라1, 이에스에이치12, 지티씨솔라13호, 강구16호, 외삼1호, 외삼2호, 솔라트리1호, 김송하, 에스이피브, 케이앤씨헤르메스, 모두에너지, 솔라팩토리10호, 씨에스에너텍, 알이씨에너지, 알이엔네트웍스, 어량리, 비케이솔라, 와이알에너지, 유현그린, 케이앤씨그린북, 디앤피상주, 적화솔라, 솔라시너지햇빛1호, 이인메가태양광, 솔라팩토리22호, 솔라팩토리19호",physical_asset,,운용,,project_name,ast_0db517682813,112584,,435호,특별자산,,underlying_asset,,direct_owner,direct,0.94,,resolved,no_project_link,no_project_link,fund_assets,58436,,,verified,0.94
missing_one_or_more_names,판교아이스퀘어E동,,,경기도 성남시 창업로 17,,physical_asset,오피스복합,,,fund_name; project_name,ast_0dba05706295,,,,,,,,,,,,no_fund_link,no_project_link,no_project_link,,,,,verified,
missing_one_or_more_names,종로타워,,,서울특별시 종로구 종로2가 6,,physical_asset,오피스,,,fund_name; project_name,ast_0dc44d526fb4,,,,,,,,,,,,no_fund_link,no_project_link,no_project_link,,,,,verified,
missing_one_or_more_names,반포이수화학본사사옥,,,서울시 서초구 반포동 112-4 외 8필지,,physical_asset,오피스,,,fund_name; project_name,ast_0e748b87e46f,,,,,,,,,,,,no_fund_link,no_project_link,no_project_link,,,,,verified,
missing_one_or_more_names,판교아이스퀘어D동,,,경기도 성남시 수정구 창업로 17,,physical_asset,오피스복합,,,fund_name; project_name,ast_0e81972e2bec,,,,,,,,,,,,no_fund_link,no_project_link,no_project_link,,,,,verified,
missing_one_or_more_names,"이지스411호(200호 재간접, 디어스 판교)",,,경기도 성남시 수정구 대왕판교로 815,,physical_asset,,,,fund_name; project_name,ast_0eb50d2cf958,,,,,,,,,,,,no_fund_link,no_project_link,no_project_link,,,,,verified,
missing_one_or_more_names,Courtyard Detroit Warren,,,30190 Van Dyke Avenue,,physical_asset,호텔,,,fund_name; project_name,ast_0fa1343c8192,,,,,,,,,,,,no_fund_link,no_project_link,no_project_link,,,,,verified,
missing_one_or_more_names,PASEO 사사즈카,,,일본 도쿄도 23구 내,,physical_asset,,,,fund_name; project_name,ast_10445d29926b,,,,,,,,,,,,no_fund_link,no_project_link,no_project_link,,,,,verified,
missing_one_or_more_names,이지스제572호부동산일반사모투자회사(1종),,,,,physical_asset,데이터센터,,,fund_name; project_name,ast_10667fe678d4,,,,,,,,,,,,no_fund_link,no_project_link,no_project_link,,,,,verified,
missing_one_or_more_names,코어그린에너지 주식 및 대여금,이지스코어에너지인프라일반사모투자신탁제1호,,,"한림그린에너지 주식 및 대여금, 코어그린에너지 주식 및 대여금, 이지스유에이치 주식 및 대여금, 유에이치파워 대여금, 와이에이치파워1 주식, 와이에이치파워2 주식, 와이에이치파워3 주식, 와이에이치파워4 주식",physical_asset,,운용,,project_name,ast_112711a59b76,120045,,코어에너지1호,특별자산,,underlying_asset,,direct_owner,direct,0.94,,resolved,no_project_link,no_project_link,fund_assets,58628,,,verified,0.94
missing_one_or_more_names,"Pantheon Viking Co-Invest LP, NMP V",,,,,physical_asset,,,,fund_name; project_name,ast_1139d23fa5d7,,,,,,,,,,,,no_fund_link,no_project_link,no_project_link,,,,,verified,
missing_one_or_more_names,서영빌딩,,,경기도 성남시 분당구 수내동 6-3,,physical_asset,오피스,,,fund_name; project_name,ast_115f3c3277d4,,,,,,,,,,,,no_fund_link,no_project_link,no_project_link,,,,,verified,
missing_one_or_more_names,신도림핀포인트,,,서울특별시 구로구 신도림동 337,,physical_asset,오피스,,,fund_name; project_name,ast_11888bd81598,,,,,,,,,,,,no_fund_link,no_project_link,no_project_link,,,,,verified,
missing_one_or_more_names,덕평CJ물류센터,,,경기도 이천시 호법면 매곡리 118-2,,physical_asset,물류센터,,,fund_name; project_name,ast_11919c561605,,,,,,,,,,,,no_fund_link,no_project_link,no_project_link,,,,,verified,
missing_one_or_more_names,진이엔지,이지스일반사모투자신탁435호(태양광),,충청북도 진천군 문백면 평산리 산 54,"다산1, 동서발전, 진이엔지, 현대산업쏠라5호, 케이앤스틸테크놀로지, 리에너지, 지우태양광, 에스지, 케이앤씨벨에포크, 케이에이치테크단북1호, 미션, 윈즈에너지, 이큐에너지, 소망, 청수, 봉산햇빛, 행암에너지일호, 도원에너지, 솔빛에너지, 에스와이솔라, 에이치엠솔라1, 이에스에이치12, 지티씨솔라13호, 강구16호, 외삼1호, 외삼2호, 솔라트리1호, 김송하, 에스이피브, 케이앤씨헤르메스, 모두에너지, 솔라팩토리10호, 씨에스에너텍, 알이씨에너지, 알이엔네트웍스, 어량리, 비케이솔라, 와이알에너지, 유현그린, 케이앤씨그린북, 디앤피상주, 적화솔라, 솔라시너지햇빛1호, 이인메가태양광, 솔라팩토리22호, 솔라팩토리19호",physical_asset,,운용,,project_name,ast_119638464007,112584,,435호,특별자산,,underlying_asset,,direct_owner,direct,0.94,,resolved,no_project_link,no_project_link,fund_assets,58413,,,verified,0.94
missing_one_or_more_names,애월 복합관광단지 개발,,,제주시 애월읍 상가리 17-6 번지 일원,,physical_asset,오피스복합,,,fund_name; project_name,ast_11eaa23e7e07,,,,,,,,,,,,no_fund_link,no_project_link,no_project_link,,,,,verified,
missing_one_or_more_names,홈플러스금천점,,,서울특별시 금천구 독산동 291-7,,physical_asset,리테일,,,fund_name; project_name,ast_122d47e0ef63,,,,,,,,,,,,no_fund_link,no_project_link,no_project_link,,,,,verified,
missing_one_or_more_names,청담펜트하우스,,,서울시 강남구 청담동 129,,physical_asset,주거,,,fund_name; project_name,ast_12357627ab53,,,,,,,,,,,,no_fund_link,no_project_link,no_project_link,,,,,verified,
missing_one_or_more_names,은평 시니어리빙 복합시설 개발,,,서울특별시 은평구 진관동 160 번지 일원,,physical_asset,오피스복합,,,fund_name; project_name,ast_124d02c64658,,,,,,,,,,,,no_fund_link,no_project_link,no_project_link,,,,,verified,
missing_one_or_more_names,이지스151호(더샵 부평),,,인천시 부평구 십정동 216번지 일원,,physical_asset,,,,fund_name; project_name,ast_1267a3bda5d2,,,,,,,,,,,,no_fund_link,no_project_link,no_project_link,,,,,verified,
missing_one_or_more_names,"국내 상장 리츠,  인프라 펀드,  주식, ETF",,,,,physical_asset,,,,fund_name; project_name,ast_1283cae9910d,,,,,,,,,,,,no_fund_link,no_project_link,no_project_link,,,,,verified,
missing_one_or_more_names,성남제이씨에너지,이지스일반사모투자신탁377호,,전라북도 남원시 대산면 신계리 산429-98,"환성2호태양광발전소, 환성3호태양광발전소, 예지안빛에너지, 장춘3호태양광발전소, 하늘별빛에너지태양광발전소, 해누리7호태양광발전소, 천리에너지2호태양광발전소, 엠아이에너지태양광발전소, 한국쏠라알피에스태양광발전소, 솔라팜1호, 솔라팜2호, 삼산태양광발전소, 맥스에너지하리태양광발전, 맥스에너지금성태양광발전, 제이에스금계태양광발전, 지동쏠라에너지태양광발전, 성남제이씨에너지, 선그린에너지, 일순에너지, 스카이에너지, 에이스쏠라, 디앤피옥연, 디앤피영천신기, 곡성, 케이앤씨해바라기, 케이앤씨솔라리아, 호니파워, 에스디일호, 에스플래닛삼십사호, 아인에너지, 제이피에너지",physical_asset,,운용,,project_name,ast_12910bc887e1,112466,,377호,특별자산,,underlying_asset,,direct_owner,direct,0.94,,resolved,no_project_link,no_project_link,fund_assets,58277,,,verified,0.94
missing_one_or_more_names,와이에이치파워1 주식,이지스코어에너지인프라일반사모투자신탁제1호,,,"한림그린에너지 주식 및 대여금, 코어그린에너지 주식 및 대여금, 이지스유에이치 주식 및 대여금, 유에이치파워 대여금, 와이에이치파워1 주식, 와이에이치파워2 주식, 와이에이치파워3 주식, 와이에이치파워4 주식",physical_asset,,운용,,project_name,ast_12a2b6420432,120045,,코어에너지1호,특별자산,,underlying_asset,,direct_owner,direct,0.94,,resolved,no_project_link,no_project_link,fund_assets,58631,,,verified,0.94
missing_one_or_more_names,"StepStone Secondary Opportunities Fund V Offshore, L.P.",,,,,physical_asset,,,,fund_name; project_name,ast_136a3a7abf72,,,,,,,,,,,,no_fund_link,no_project_link,no_project_link,,,,,verified,
missing_one_or_more_names,GRAN PASEO 혼코마고메,,,일본 도쿄도 23구 내,,physical_asset,,,,fund_name; project_name,ast_1413056b8256,,,,,,,,,,,,no_fund_link,no_project_link,no_project_link,,,,,verified,
missing_one_or_more_names,PASEO 신주쿠,,,일본 도쿄도 23구 내,,physical_asset,,,,fund_name; project_name,ast_14c10f336834,,,,,,,,,,,,no_fund_link,no_project_link,no_project_link,,,,,verified,
missing_one_or_more_names,151호 수익증권(재간접),,,열우물로 90,,physical_asset,주거,,,fund_name; project_name,ast_14eb09ddf188,,,,,,,,,,,,no_fund_link,no_project_link,no_project_link,,,,,verified,
missing_one_or_more_names,롯데백화점분당점,,,경기도 성남시 분당구 수내동 14,,physical_asset,오피스복합,,,fund_name; project_name,ast_15237c00f653,,,,,,,,,,,,no_fund_link,no_project_link,no_project_link,,,,,verified,
missing_one_or_more_names,시그니쳐타워,,,서울특별시 중구 수표동 99,,physical_asset,오피스,,,fund_name; project_name,ast_15f689589eb3,,,,,,,,,,,,no_fund_link,no_project_link,no_project_link,,,,,verified,
missing_one_or_more_names,Brookfield Super-Core Infrastructure Partners,,,,,physical_asset,,,,fund_name; project_name,ast_162787785646,,,,,,,,,,,,no_fund_link,no_project_link,no_project_link,,,,,verified,
missing_one_or_more_names,영등포역 오피스텔 개발사업,,,서울특별시 영등포구 영등포동1가 143-3,,physical_asset,주거,,,fund_name; project_name,ast_16a56a088f89,,,,,,,,,,,,no_fund_link,no_project_link,no_project_link,,,,,verified,
missing_one_or_more_names,"Pantheon Viking Co-Invest LP, NMP V",,,,,physical_asset,,,,fund_name; project_name,ast_16fa6fcbebcc,,,,,,,,,,,,no_fund_link,no_project_link,no_project_link,,,,,verified,
missing_one_or_more_names,Courtyard Raleigh Midtown,,,1041 Wake Towne Drive,,physical_asset,호텔,,,fund_name; project_name,ast_177a1b236451,,,,,,,,,,,,no_fund_link,no_project_link,no_project_link,,,,,verified,
missing_one_or_more_names,"국내 상장 리츠, 리츠IPO",,,,,physical_asset,,,,fund_name; project_name,ast_17859af0b93a,,,,,,,,,,,,no_fund_link,no_project_link,no_project_link,,,,,verified,
missing_one_or_more_names,Tori Di Quartesolo,이지스글로벌일반사모부동산투자신탁335호,,"Veneto, Vicenza, Italy","San Mauro Torinese, Carugate, Verona, Tori Di Quartesolo, Campegine, Camplogalliano, Bologna Interporto",physical_asset,물류센터,청산,,project_name,ast_179a3e793b6f,112401,,335호,물류,,underlying_asset,,direct_owner,direct,0.94,,resolved,no_project_link,no_project_link,fund_assets,58220,,,verified,0.94
missing_one_or_more_names,Spring Creek Towers,,,"1255 Granville Payne Ave, Brooklyn, NY",,physical_asset,,,,fund_name; project_name,ast_17d191ea5a3f,,,,,,,,,,,,no_fund_link,no_project_link,no_project_link,,,,,verified,
missing_one_or_more_names,케이에이치테크단북1호,이지스일반사모투자신탁435호(태양광),,"경상북도 예천군 풍양면 홍천리 356, 357, 390","다산1, 동서발전, 진이엔지, 현대산업쏠라5호, 케이앤스틸테크놀로지, 리에너지, 지우태양광, 에스지, 케이앤씨벨에포크, 케이에이치테크단북1호, 미션, 윈즈에너지, 이큐에너지, 소망, 청수, 봉산햇빛, 행암에너지일호, 도원에너지, 솔빛에너지, 에스와이솔라, 에이치엠솔라1, 이에스에이치12, 지티씨솔라13호, 강구16호, 외삼1호, 외삼2호, 솔라트리1호, 김송하, 에스이피브, 케이앤씨헤르메스, 모두에너지, 솔라팩토리10호, 씨에스에너텍, 알이씨에너지, 알이엔네트웍스, 어량리, 비케이솔라, 와이알에너지, 유현그린, 케이앤씨그린북, 디앤피상주, 적화솔라, 솔라시너지햇빛1호, 이인메가태양광, 솔라팩토리22호, 솔라팩토리19호",physical_asset,,운용,,project_name,ast_181f610edf73,112584,,435호,특별자산,,underlying_asset,,direct_owner,direct,0.94,,resolved,no_project_link,no_project_link,fund_assets,58420,,,verified,0.94
missing_one_or_more_names,이지스제542호부동산일반사모투자회사(제1종),,,,,physical_asset,주거,,,fund_name; project_name,ast_18332a11a1f7,,,,,,,,,,,,no_fund_link,no_project_link,no_project_link,,,,,verified,
missing_one_or_more_names,이지스 코어에너지인프라 1호 수익증권,,,,,physical_asset,,,,fund_name; project_name,ast_19343fe25554,,,,,,,,,,,,no_fund_link,no_project_link,no_project_link,,,,,verified,
missing_one_or_more_names,"MRP Buyer, LLC에 대한 선순위 대출",,,,,physical_asset,,,,fund_name; project_name,ast_199ba4e0626d,,,,,,,,,,,,no_fund_link,no_project_link,no_project_link,,,,,verified,
missing_one_or_more_names,"AA- 이상 채권,  메자닌, 리츠IPO, 국내 상장 리츠, 공모주, 스팩",,,,,physical_asset,,,,fund_name; project_name,ast_19dc673946e8,,,,,,,,,,,,no_fund_link,no_project_link,no_project_link,,,,,verified,
missing_one_or_more_names,서영빌딩 (투자),이지스 KORIF 사모부동산투자신탁 22호,,경기도 성남시 분당구 수내동 6-3,"서영빌딩, 탑빌딩, 트리스빌딩, 호수빌딩",physical_asset,,청산,,project_name,ast_19e5bba5f247,112025,,22호,오피스,,underlying_asset,,direct_owner,direct,0.98,,resolved,no_project_link,no_project_link,fund_assets,57896,,,auto_created,0.98
missing_one_or_more_names,더강남832PFV의 지분증권 및 대출채권,,,서울 강남구 강남대로 330,,physical_asset,오피스,,,fund_name; project_name,ast_1a20ea59c075,,,,,,,,,,,,no_fund_link,no_project_link,no_project_link,,,,,verified,
missing_one_or_more_names,청수,이지스일반사모투자신탁435호(태양광),,"충청남도 서천군 서면 원두리 산79-1, 80","다산1, 동서발전, 진이엔지, 현대산업쏠라5호, 케이앤스틸테크놀로지, 리에너지, 지우태양광, 에스지, 케이앤씨벨에포크, 케이에이치테크단북1호, 미션, 윈즈에너지, 이큐에너지, 소망, 청수, 봉산햇빛, 행암에너지일호, 도원에너지, 솔빛에너지, 에스와이솔라, 에이치엠솔라1, 이에스에이치12, 지티씨솔라13호, 강구16호, 외삼1호, 외삼2호, 솔라트리1호, 김송하, 에스이피브, 케이앤씨헤르메스, 모두에너지, 솔라팩토리10호, 씨에스에너텍, 알이씨에너지, 알이엔네트웍스, 어량리, 비케이솔라, 와이알에너지, 유현그린, 케이앤씨그린북, 디앤피상주, 적화솔라, 솔라시너지햇빛1호, 이인메가태양광, 솔라팩토리22호, 솔라팩토리19호",physical_asset,,운용,,project_name,ast_1a611af09927,112584,,435호,특별자산,,underlying_asset,,direct_owner,direct,0.94,,resolved,no_project_link,no_project_link,fund_assets,58425,,,verified,0.94
missing_one_or_more_names,ARDIAN ASF IX Infrastructure SWF,,,,,physical_asset,,,,fund_name; project_name,ast_1a6da4237f05,,,,,,,,,,,,no_fund_link,no_project_link,no_project_link,,,,,verified,
missing_one_or_more_names,Bristol Logistics Amazon,이지스글로벌일반사모부동산투자신탁281-1호,,"Unit 4, Central Park, Central Avenue, Severn Beach, Bristol, UK","Paris Logistics Amazon , Bristol Logistics Amazon , Barcelona Logistics Amazon",physical_asset,물류센터,운용,,project_name,ast_1a7bbfa76876,112324,,281-1호,물류,,underlying_asset,,direct_owner,direct,0.94,,resolved,no_project_link,no_project_link,fund_assets,58162,,,verified,0.94
missing_one_or_more_names,Bristol Logistics Amazon,이지스글로벌공모부동산투자신탁281호(파생형),,"Unit 4, Central Park, Central Avenue, Severn Beach, Bristol, UK","Paris Logistics Amazon , Barcelona Logistics Amazon , Bristol Logistics Amazon",physical_asset,물류센터,운용,,project_name,ast_1a7bbfa76876,112325,,281호,물류,,underlying_asset,,direct_owner,direct,0.94,,resolved,no_project_link,no_project_link,fund_assets,58166,,,verified,0.94
missing_one_or_more_names,SK명동빌딩,,,서울시 중구 명동1가 59-5외 8필지,,physical_asset,오피스복합,,,fund_name; project_name,ast_1a8c0ab8b13b,,,,,,,,,,,,no_fund_link,no_project_link,no_project_link,,,,,verified,
missing_one_or_more_names,성리태양광발전소,이지스일반사모투자신탁392호(태양광),,경상남도 합천군 대병면 성리 산 117,"참빛솔라 태양광발전소, 최강일 태양광발전소, 신명솔라 태양광발전소, 성리태양광발전소, 새금풍력태양광발전소, 엠아이파워, 해량에너지, 시온솔라, 의령1호, 의령2호, 의령3호, 나눔과사랑, 건화솔라, 투태모에너지3호, 비취정보기술, 은하수솔라, 화성솔라, 임원, 누리, 평화와번영, 옥스포드, 미래화희망, 해바라기, 디앤피입암리1호, 한려, 해담은삼척1호",physical_asset,,운용,,project_name,ast_1aa61ea72a74,112504,,392호,특별자산,,underlying_asset,,direct_owner,direct,0.94,,resolved,no_project_link,no_project_link,fund_assets,58331,,,verified,0.94
missing_one_or_more_names,채권,,,,,physical_asset,,,,fund_name; project_name,ast_1ba78b46e989,,,,,,,,,,,,no_fund_link,no_project_link,no_project_link,,,,,verified,
missing_one_or_more_names,대구시티센터 (투자),이지스티디에이치제32호사모부동산투자유한회사,,대구광역시 중구 문화동 11-1,대구시티센터,physical_asset,오피스복합,운용,,project_name,ast_1c2b0c57e8b7,112033,,32호,복합(호텔),,underlying_asset,,direct_owner,direct,0.98,,resolved,no_project_link,no_project_link,fund_assets,57905,,,auto_created,0.98
missing_one_or_more_names,CBRE IM European Logistics Partners Fund,,,,,physical_asset,물류센터,,,fund_name; project_name,ast_1ce55ba1b6ee,,,,,,,,,,,,no_fund_link,no_project_link,no_project_link,,,,,verified,
missing_one_or_more_names,천안성성7지구공동주택,,,충남 천안시 서북구 성성동 366-3번지 일원,,physical_asset,주거,,,fund_name; project_name,ast_1daf77258172,,,,,,,,,,,,no_fund_link,no_project_link,no_project_link,,,,,verified,
missing_one_or_more_names,"공모주, 스팩",,,,,physical_asset,,,,fund_name; project_name,ast_1db4b67ee880,,,,,,,,,,,,no_fund_link,no_project_link,no_project_link,,,,,verified,
missing_one_or_more_names,솔라팩토리10호,이지스일반사모투자신탁435호(태양광),,"포천시 자작동 595, 596, 709-77 외 7개사 지붕","다산1, 동서발전, 진이엔지, 현대산업쏠라5호, 케이앤스틸테크놀로지, 리에너지, 지우태양광, 에스지, 케이앤씨벨에포크, 케이에이치테크단북1호, 미션, 윈즈에너지, 이큐에너지, 소망, 청수, 봉산햇빛, 행암에너지일호, 도원에너지, 솔빛에너지, 에스와이솔라, 에이치엠솔라1, 이에스에이치12, 지티씨솔라13호, 강구16호, 외삼1호, 외삼2호, 솔라트리1호, 김송하, 에스이피브, 케이앤씨헤르메스, 모두에너지, 솔라팩토리10호, 씨에스에너텍, 알이씨에너지, 알이엔네트웍스, 어량리, 비케이솔라, 와이알에너지, 유현그린, 케이앤씨그린북, 디앤피상주, 적화솔라, 솔라시너지햇빛1호, 이인메가태양광, 솔라팩토리22호, 솔라팩토리19호",physical_asset,,운용,,project_name,ast_1e2221e5e270,112584,,435호,특별자산,,underlying_asset,,direct_owner,direct,0.94,,resolved,no_project_link,no_project_link,fund_assets,58442,,,verified,0.94
missing_one_or_more_names,"국내 상장 리츠, 상장 인프라펀드, 채권형 펀드",,,,,physical_asset,,,,fund_name; project_name,ast_1e36ef9dd9b2,,,,,,,,,,,,no_fund_link,no_project_link,no_project_link,,,,,verified,
missing_one_or_more_names,위례Senior Living 개발사업,,,서울시 송파구 거여동 573-1 일원,,physical_asset,주거,,,fund_name; project_name,ast_1e6db3434a24,,,,,,,,,,,,no_fund_link,no_project_link,no_project_link,,,,,verified,
missing_one_or_more_names,이지스333호(홍대 코리빙 복합시설),,,서울시 마포구 서교동 460-25 일원,,physical_asset,,,,fund_name; project_name,ast_1eb3221796bb,,,,,,,,,,,,no_fund_link,no_project_link,no_project_link,,,,,verified,
missing_one_or_more_names,오산세교2지구 M-1BL 주상복합,,,경기도 오산시 오산세교2지구 M1BL,,physical_asset,오피스복합,,,fund_name; project_name,ast_1f096e28a63c,,,,,,,,,,,,no_fund_link,no_project_link,no_project_link,,,,,verified,
missing_one_or_more_names,효제동 주거용 오피스텔,,,서울특별시 종로구 효제동 21-3번지 일원,,physical_asset,주거,,,fund_name; project_name,ast_1f6899d52522,,,,,,,,,,,,no_fund_link,no_project_link,no_project_link,,,,,verified,
missing_one_or_more_names,옥스포드,이지스일반사모투자신탁392호(태양광),,전라남도 고흥군 도화면 봉룡리 산221-1,"참빛솔라 태양광발전소, 최강일 태양광발전소, 신명솔라 태양광발전소, 성리태양광발전소, 새금풍력태양광발전소, 엠아이파워, 해량에너지, 시온솔라, 의령1호, 의령2호, 의령3호, 나눔과사랑, 건화솔라, 투태모에너지3호, 비취정보기술, 은하수솔라, 화성솔라, 임원, 누리, 평화와번영, 옥스포드, 미래화희망, 해바라기, 디앤피입암리1호, 한려, 해담은삼척1호",physical_asset,,운용,,project_name,ast_1f7b90e8b01b,112504,,392호,특별자산,,underlying_asset,,direct_owner,direct,0.94,,resolved,no_project_link,no_project_link,fund_assets,58348,,,verified,0.94
missing_one_or_more_names,괌 소재 종합병원(GRMC)에 대한 선순위,,,"133 Route 3, Dededo, County, Guam 96912",,physical_asset,,,,fund_name; project_name,ast_1f99948b6e40,,,,,,,,,,,,no_fund_link,no_project_link,no_project_link,,,,,verified,
missing_one_or_more_names,Courtyard Miami Airport West Doral,,,3929 NW 79th Avenue,,physical_asset,호텔,,,fund_name; project_name,ast_1fd14a31b02a,,,,,,,,,,,,no_fund_link,no_project_link,no_project_link,,,,,verified,
missing_one_or_more_names,"국내 상장 리츠, 신주인수권증서, 공모주",,,,,physical_asset,,,,fund_name; project_name,ast_204fd0903755,,,,,,,,,,,,no_fund_link,no_project_link,no_project_link,,,,,verified,
missing_one_or_more_names,종로타워,,,서울특별시 종로구 종로2가 6,,physical_asset,오피스,,,fund_name; project_name,ast_20f01c104a7a,,,,,,,,,,,,no_fund_link,no_project_link,no_project_link,,,,,verified,
missing_one_or_more_names,해바라기,,,전라남도 고흥군 도화면 봉룡리 산221-1,,physical_asset,,,,fund_name; project_name,ast_211d00ab23dd,,,,,,,,,,,,no_fund_link,no_project_link,no_project_link,,,,,verified,
missing_one_or_more_names,평화와번영,이지스일반사모투자신탁392호(태양광),,강원도 평창군 평창읍 고길리 86-1,"참빛솔라 태양광발전소, 최강일 태양광발전소, 신명솔라 태양광발전소, 성리태양광발전소, 새금풍력태양광발전소, 엠아이파워, 해량에너지, 시온솔라, 의령1호, 의령2호, 의령3호, 나눔과사랑, 건화솔라, 투태모에너지3호, 비취정보기술, 은하수솔라, 화성솔라, 임원, 누리, 평화와번영, 옥스포드, 미래화희망, 해바라기, 디앤피입암리1호, 한려, 해담은삼척1호",physical_asset,,운용,,project_name,ast_211db1826682,112504,,392호,특별자산,,underlying_asset,,direct_owner,direct,0.94,,resolved,no_project_link,no_project_link,fund_assets,58347,,,verified,0.94
missing_one_or_more_names,공주시 웅진동 공동주택,,,충청남도 공주시 웅진동,,physical_asset,주거,,,fund_name; project_name,ast_2135120fef32,,,,,,,,,,,,no_fund_link,no_project_link,no_project_link,,,,,verified,
missing_one_or_more_names,G밸리비즈플라자,,,서울특별시 구로구 구로동 188-25,,physical_asset,오피스복합,,,fund_name; project_name,ast_21ccb7c9f7bd,,,,,,,,,,,,no_fund_link,no_project_link,no_project_link,,,,,verified,
missing_one_or_more_names,이지스일반사모투자신탁392호(태양광),이지스일반사모투자신탁392호(태양광),,남양동 330-3,"참빛솔라 태양광발전소, 최강일 태양광발전소, 신명솔라 태양광발전소, 성리태양광발전소, 새금풍력태양광발전소, 엠아이파워, 해량에너지, 시온솔라, 의령1호, 의령2호, 의령3호, 나눔과사랑, 건화솔라, 투태모에너지3호, 비취정보기술, 은하수솔라, 화성솔라, 임원, 누리, 평화와번영, 옥스포드, 미래화희망, 해바라기, 디앤피입암리1호, 한려, 해담은삼척1호",physical_asset,,운용,,project_name,ast_222407c92192,112504,,392호,특별자산,,underlying_asset,,direct_owner,direct,0.98,,resolved,no_project_link,no_project_link,fund_assets,58332,,,auto_created,0.98
missing_one_or_more_names,The-K호텔서울 부지 재개발사업,,,서울시 서초구 양재동 202외 3 필지,,physical_asset,오피스복합,,,fund_name; project_name,ast_223406583df1,,,,,,,,,,,,no_fund_link,no_project_link,no_project_link,,,,,verified,
missing_one_or_more_names,부천카스퀘어,,,"경기도 부천시 오정구 삼정동 366-1, 366-10 토지 및 건물 전체 *366-1번지 일부",,physical_asset,특별자산,,,fund_name; project_name,ast_2235d1489ae1,,,,,,,,,,,,no_fund_link,no_project_link,no_project_link,,,,,verified,
missing_one_or_more_names,뉴코아아울렛(평촌),이지스전문투자형사모투자신탁154호,,경기도 안양시 동안구 호계동 1039-3,"NC백화점(야탑), 뉴코아아울렛(평촌), 뉴코아아울렛(일산)",physical_asset,,청산,,project_name,ast_223bae23bf93,112155,,154호,리테일,,underlying_asset,,direct_owner,direct,0.98,,resolved,no_project_link,no_project_link,fund_assets,58024,,,auto_created,0.98
missing_one_or_more_names,뉴코아아울렛(평촌),이지스E코크렙6호전문투자형사모투자신탁102호,,경기도 안양시 동안구 호계동 1039-3,"NC백화점(야탑), 뉴코아아울렛(평촌), 뉴코아아울렛(일산)",physical_asset,,청산,,project_name,ast_223bae23bf93,112081,,102호,리테일,,underlying_asset,,direct_owner,direct,0.98,,resolved,no_project_link,no_project_link,fund_assets,57956,,,auto_created,0.98
missing_one_or_more_names,"채권, 메자닌, 국내 주식, ETF, 상장 리츠, 공모주, 이벤트 드리븐",,,,,physical_asset,,,,fund_name; project_name,ast_22796a68985d,,,,,,,,,,,,no_fund_link,no_project_link,no_project_link,,,,,verified,
missing_one_or_more_names,"해외 주식, 채권, 공모주, 스팩, ETF, 선물, 단기금융상품",,,,,physical_asset,,,,fund_name; project_name,ast_22ffb98ad420,,,,,,,,,,,,no_fund_link,no_project_link,no_project_link,,,,,verified,
missing_one_or_more_names,비취정보기술,이지스일반사모투자신탁392호(태양광),,양양군 현남면 정자리,"참빛솔라 태양광발전소, 최강일 태양광발전소, 신명솔라 태양광발전소, 성리태양광발전소, 새금풍력태양광발전소, 엠아이파워, 해량에너지, 시온솔라, 의령1호, 의령2호, 의령3호, 나눔과사랑, 건화솔라, 투태모에너지3호, 비취정보기술, 은하수솔라, 화성솔라, 임원, 누리, 평화와번영, 옥스포드, 미래화희망, 해바라기, 디앤피입암리1호, 한려, 해담은삼척1호",physical_asset,,운용,,project_name,ast_2382027b08d5,112504,,392호,특별자산,,underlying_asset,,direct_owner,direct,0.94,,resolved,no_project_link,no_project_link,fund_assets,58342,,,verified,0.94
missing_one_or_more_names,LS용산타워,,,서울특별시 용산구 한강로2가 191,,physical_asset,오피스,,,fund_name; project_name,ast_23c79539e93e,,,,,,,,,,,,no_fund_link,no_project_link,no_project_link,,,,,verified,
missing_one_or_more_names,InfraViaEuropean Infrastructure Fund VI,,,,,physical_asset,,,,fund_name; project_name,ast_23cef84d6f3d,,,,,,,,,,,,no_fund_link,no_project_link,no_project_link,,,,,verified,
missing_one_or_more_names,부천소사 공동주택,,,경기도 부천시 소사본동 134,,physical_asset,주거,,,fund_name; project_name,ast_24463e868506,,,,,,,,,,,,no_fund_link,no_project_link,no_project_link,,,,,verified,
missing_one_or_more_names,용답동 청년주택 개발사업,,,"서울 성동구 용답동 231,231-1번지",,physical_asset,,,,fund_name; project_name,ast_24f9e46b72d9,,,,,,,,,,,,no_fund_link,no_project_link,no_project_link,,,,,verified,
missing_one_or_more_names,화양동 도시형생활주택,,,서울특별시 광진구 화양동116-2 외 5필지,,physical_asset,주거,,,fund_name; project_name,ast_25028177c0ce,,,,,,,,,,,,no_fund_link,no_project_link,no_project_link,,,,,verified,
missing_one_or_more_names,고양시 화정동 아이씨티일산,,,경기도 고양시 덕양구 화정동 1148-6,,physical_asset,주거,,,fund_name; project_name,ast_251d0a3de508,,,,,,,,,,,,no_fund_link,no_project_link,no_project_link,,,,,verified,
missing_one_or_more_names,디앤피영천신기,,,경북 영천시 신기동 산 14외,,physical_asset,,,,fund_name; project_name,ast_2544de51ae5f,,,,,,,,,,,,no_fund_link,no_project_link,no_project_link,,,,,verified,
missing_one_or_more_names,"AA+ 이상 채권, 공모주, 스팩",,,,,physical_asset,,,,fund_name; project_name,ast_257c44fe46f4,,,,,,,,,,,,no_fund_link,no_project_link,no_project_link,,,,,verified,
missing_one_or_more_names,롯데마트(포항) (투자),이지스사모부동산투자신탁64호,,경상북도 포항시 남구 지곡동 481-1,롯데마트(포항),physical_asset,,청산,,project_name,ast_2599313d9083,112056,,64호,리테일,,underlying_asset,,direct_owner,direct,0.98,,resolved,no_project_link,no_project_link,fund_assets,57935,,,auto_created,0.98
missing_one_or_more_names,부산 수영구 광안동 98-1외 7필지 오피스텔 PF,이지스부동산투자신탁161호,,부산광역시 수영구 광안동 98-1,"부산 수영구 광안동 98-1외 7필지 오피스텔 PF대출, 하남강변미사지구 업무4BL 3LOT",physical_asset,,청산,,project_name,ast_25e1a4cc6c6f,112163,,161호,복합(오피스),,underlying_asset,,direct_owner,direct,0.98,,resolved,no_project_link,no_project_link,fund_assets,58032,,,auto_created,0.98
missing_one_or_more_names,용산전자상가 특별계획구역8 개발사업,,,,,physical_asset,오피스복합,,,fund_name; project_name,ast_2629edf793c9,,,,,,,,,,,,no_fund_link,no_project_link,no_project_link,,,,,verified,
missing_one_or_more_names,이지스제472호일반사모부동산투자회사의 지분증권 (재간접),,,,,physical_asset,데이터센터,,,fund_name; project_name,ast_2638f065215a,,,,,,,,,,,,no_fund_link,no_project_link,no_project_link,,,,,verified,
missing_one_or_more_names,솔라팜1호,이지스일반사모투자신탁377호,,경상북도 의성군 장춘리 산88 외2필지,"환성2호태양광발전소, 환성3호태양광발전소, 예지안빛에너지, 장춘3호태양광발전소, 하늘별빛에너지태양광발전소, 해누리7호태양광발전소, 천리에너지2호태양광발전소, 엠아이에너지태양광발전소, 한국쏠라알피에스태양광발전소, 솔라팜1호, 솔라팜2호, 삼산태양광발전소, 맥스에너지하리태양광발전, 맥스에너지금성태양광발전, 제이에스금계태양광발전, 지동쏠라에너지태양광발전, 성남제이씨에너지, 선그린에너지, 일순에너지, 스카이에너지, 에이스쏠라, 디앤피옥연, 디앤피영천신기, 곡성, 케이앤씨해바라기, 케이앤씨솔라리아, 호니파워, 에스디일호, 에스플래닛삼십사호, 아인에너지, 제이피에너지",physical_asset,,운용,,project_name,ast_26e82856c0dc,112466,,377호,특별자산,,underlying_asset,,direct_owner,direct,0.94,,resolved,no_project_link,no_project_link,fund_assets,58270,,,verified,0.94
missing_one_or_more_names,하남시풍산동9MW 데이터센터,,,경기도하남시풍산동590-4번지,,physical_asset,데이터센터,,,fund_name; project_name,ast_2739f0f0f8b8,,,,,,,,,,,,no_fund_link,no_project_link,no_project_link,,,,,verified,
missing_one_or_more_names,"글로벌 리츠, 해외 주식",,,,,physical_asset,,,,fund_name; project_name,ast_2756cfcf8361,,,,,,,,,,,,no_fund_link,no_project_link,no_project_link,,,,,verified,
missing_one_or_more_names,홈플러스진주점 (투자),이지스KORIF사모부동산투자신탁19호,,경상남도 진주시 상대동 181-1,"홈플러스삼천포점, 홈플러스진주점, 홈플러스죽도점",physical_asset,리테일,운용,,project_name,ast_282ed30bb789,112018,,19호,리테일,,underlying_asset,,direct_owner,direct,0.98,,resolved,no_project_link,no_project_link,fund_assets,57889,,,auto_created,0.98
missing_one_or_more_names,LA Wilshire Grand Center Senior Loan,,,"900 Wilshire Boulevard, Los Angeles, California",,physical_asset,오피스복합,,,fund_name; project_name,ast_287fe9589946,,,,,,,,,,,,no_fund_link,no_project_link,no_project_link,,,,,verified,
missing_one_or_more_names,롯데마트(포항),,,경상북도 포항시 남구 지곡동 481-1,,physical_asset,리테일,,,fund_name; project_name,ast_28ca5c846449,,,,,,,,,,,,no_fund_link,no_project_link,no_project_link,,,,,verified,
missing_one_or_more_names,"상장 리츠 메자닌, 국내 상장 리츠, 이벤트 드리븐",,,,,physical_asset,,,,fund_name; project_name,ast_28f8c726fc8f,,,,,,,,,,,,no_fund_link,no_project_link,no_project_link,,,,,verified,
missing_one_or_more_names,광교 아이파크 주상복합 내 판매시설 선순위 담보 대출채권,,,경기도 수원시 영통구 원천동 593번지 일원,,physical_asset,리테일,,,fund_name; project_name,ast_2901ee96b420,,,,,,,,,,,,no_fund_link,no_project_link,no_project_link,,,,,verified,
missing_one_or_more_names,"채권, 레포, 공모주",,,,,physical_asset,,,,fund_name; project_name,ast_29d7a94f5571,,,,,,,,,,,,no_fund_link,no_project_link,no_project_link,,,,,verified,
missing_one_or_more_names,Kuhn Portfolio,,,네덜란드,,physical_asset,물류센터,,,fund_name; project_name,ast_2aa8ef574b46,,,,,,,,,,,,no_fund_link,no_project_link,no_project_link,,,,,verified,
missing_one_or_more_names,"BBB+이하 채권, 공모주, 스팩, 이벤트 드리븐",,,,,physical_asset,,,,fund_name; project_name,ast_2abc73265d3d,,,,,,,,,,,,no_fund_link,no_project_link,no_project_link,,,,,verified,
missing_one_or_more_names,Prologis Targeted European Logistics Fund,,,,,physical_asset,물류센터,,,fund_name; project_name,ast_2ae45eda2604,,,,,,,,,,,,no_fund_link,no_project_link,no_project_link,,,,,verified,
missing_one_or_more_names,Prologis Targeted European Logistics Fund,,,,,physical_asset,물류센터,,,fund_name; project_name,ast_2b86e2fb0350,,,,,,,,,,,,no_fund_link,no_project_link,no_project_link,,,,,verified,
missing_one_or_more_names,태평로빌딩,,,서울특별시 중구 서소문동 111,,physical_asset,오피스,,,fund_name; project_name,ast_2b8d6d15574a,,,,,,,,,,,,no_fund_link,no_project_link,no_project_link,,,,,verified,
missing_one_or_more_names,PSD III,,,,,physical_asset,오피스복합,,,fund_name; project_name,ast_2bf40e9e1da4,,,,,,,,,,,,no_fund_link,no_project_link,no_project_link,,,,,verified,
missing_one_or_more_names,글로벌 리츠,이지스유럽상장코어일반사모부동산투자신탁제89-1호,,,글로벌 리츠,physical_asset,,운용,,project_name,ast_2c327419d5d5,112543,,89-1호,지분증권,,underlying_asset,,direct_owner,direct,0.94,,resolved,no_project_link,no_project_link,fund_assets,58385,,,verified,0.94
missing_one_or_more_names,롯데팩토리아울렛(인천),,,인천시 중구 항동7가 76-2,,physical_asset,리테일,,,fund_name; project_name,ast_2c3a67886c92,,,,,,,,,,,,no_fund_link,no_project_link,no_project_link,,,,,verified,
missing_one_or_more_names,용산더프라임,,,,,physical_asset,오피스,,,fund_name; project_name,ast_2c7e83c527e8,,,,,,,,,,,,no_fund_link,no_project_link,no_project_link,,,,,verified,
missing_one_or_more_names,메트로타워,,,서울특별시 중구 퇴계로 10,,physical_asset,오피스,,,fund_name; project_name,ast_2c946ed0b0fa,,,,,,,,,,,,no_fund_link,no_project_link,no_project_link,,,,,verified,
missing_one_or_more_names,신라스테이제주,,,제주특별자치도 제주시 연동 274-16 외 2필지,,physical_asset,호텔,,,fund_name; project_name,ast_2d6772e4d2c7,,,,,,,,,,,,no_fund_link,no_project_link,no_project_link,,,,,verified,
missing_one_or_more_names,마곡CP4 복합시설 개발,,,"마곡동 769,769-1",,physical_asset,오피스복합,,,fund_name; project_name,ast_2e5bd324e0df,,,,,,,,,,,,no_fund_link,no_project_link,no_project_link,,,,,verified,
missing_one_or_more_names,이지스200호(디어스 판교),,,경기도 성남시 수정구 대왕판교로 815,,physical_asset,,,,fund_name; project_name,ast_2e88e9b329e3,,,,,,,,,,,,no_fund_link,no_project_link,no_project_link,,,,,verified,
missing_one_or_more_names,Brussels Office Brederode,이지스유럽코어일반사모부동산투자신탁제89호,,"Rue Brederode 13, 1000 Bruxelles, Belgium","Hamburg Office Fleet II, Brussels Office Brederode, Barcelona Office Fontanella, Prague Office Praga Studios, Paris Office Louis David",physical_asset,오피스복합,운용,,project_name,ast_2f6ea0226f48,112093,,89호,복합(오피스),,underlying_asset,,direct_owner,direct,0.94,,resolved,no_project_link,no_project_link,fund_assets,57965,,,verified,0.94
missing_one_or_more_names,"메자닌, 이벤트 드리븐, 공모주, 스팩",,,,,physical_asset,,,,fund_name; project_name,ast_2f76d32aed7a,,,,,,,,,,,,no_fund_link,no_project_link,no_project_link,,,,,verified,
missing_one_or_more_names,경산 쿠팡물류센터,,,경상북도 경산시 진량읍 문천리 903번지 (경산4일반산업단지내지원시설부지),,physical_asset,물류센터,,,fund_name; project_name,ast_2fd5f7d4daa1,,,,,,,,,,,,no_fund_link,no_project_link,no_project_link,,,,,verified,
missing_one_or_more_names,용산라이프PFV(보통주),,,서울용산구  청파로125 (한강로2가15-2) 일원,,physical_asset,오피스,,,fund_name; project_name,ast_2fd6370e9280,,,,,,,,,,,,no_fund_link,no_project_link,no_project_link,,,,,verified,
missing_one_or_more_names,Hines European Property Partners,,,,,physical_asset,,,,fund_name; project_name,ast_2fec603a4a04,,,,,,,,,,,,no_fund_link,no_project_link,no_project_link,,,,,verified,
missing_one_or_more_names,여의도 파이낸스타워,,,서울특별시 영등포구 국제금융로 2길 32,,physical_asset,,,,fund_name; project_name,ast_30057bd3458e,,,,,,,,,,,,no_fund_link,no_project_link,no_project_link,,,,,verified,
missing_one_or_more_names,여주쿠팡물류센터,,,경기도 여주시 점봉동 204-3,,physical_asset,,,,fund_name; project_name,ast_30141631f2e1,,,,,,,,,,,,no_fund_link,no_project_link,no_project_link,,,,,verified,
missing_one_or_more_names,Courtyard Pleasanton,,,5059 Hopyard Road,,physical_asset,호텔,,,fund_name; project_name,ast_302a423013bf,,,,,,,,,,,,no_fund_link,no_project_link,no_project_link,,,,,verified,
missing_one_or_more_names,홈플러스전주효자점,,,전라북도 전주시 완산구 효자동1가 431-5 외 14필지,,physical_asset,리테일,,,fund_name; project_name,ast_3048a53624b2,,,,,,,,,,,,no_fund_link,no_project_link,no_project_link,,,,,verified,
missing_one_or_more_names,씨티플라자,,,서울특별시 영등포구 여의도동 여의도동 25,,physical_asset,오피스,,,fund_name; project_name,ast_30a89c098710,,,,,,,,,,,,no_fund_link,no_project_link,no_project_link,,,,,verified,
missing_one_or_more_names,엠아이에너지태양광발전소,이지스일반사모투자신탁377호,,충청북도 괴산군 감물면 구월리 산31-3,"환성2호태양광발전소, 환성3호태양광발전소, 예지안빛에너지, 장춘3호태양광발전소, 하늘별빛에너지태양광발전소, 해누리7호태양광발전소, 천리에너지2호태양광발전소, 엠아이에너지태양광발전소, 한국쏠라알피에스태양광발전소, 솔라팜1호, 솔라팜2호, 삼산태양광발전소, 맥스에너지하리태양광발전, 맥스에너지금성태양광발전, 제이에스금계태양광발전, 지동쏠라에너지태양광발전, 성남제이씨에너지, 선그린에너지, 일순에너지, 스카이에너지, 에이스쏠라, 디앤피옥연, 디앤피영천신기, 곡성, 케이앤씨해바라기, 케이앤씨솔라리아, 호니파워, 에스디일호, 에스플래닛삼십사호, 아인에너지, 제이피에너지",physical_asset,,운용,,project_name,ast_30ea47766ea3,112466,,377호,특별자산,,underlying_asset,,direct_owner,direct,0.94,,resolved,no_project_link,no_project_link,fund_assets,58268,,,verified,0.94
missing_one_or_more_names,안성산하3지구물류센터개발사업,,,경기도 안성시 원곡면 산하리500번지 외 168필지,,physical_asset,,,,fund_name; project_name,ast_31591298f257,,,,,,,,,,,,no_fund_link,no_project_link,no_project_link,,,,,verified,
missing_one_or_more_names,해담은삼척1호,이지스일반사모투자신탁392호(태양광),,"강원도 삼척시 하장면 장전리 138, 139","참빛솔라 태양광발전소, 최강일 태양광발전소, 신명솔라 태양광발전소, 성리태양광발전소, 새금풍력태양광발전소, 엠아이파워, 해량에너지, 시온솔라, 의령1호, 의령2호, 의령3호, 나눔과사랑, 건화솔라, 투태모에너지3호, 비취정보기술, 은하수솔라, 화성솔라, 임원, 누리, 평화와번영, 옥스포드, 미래화희망, 해바라기, 디앤피입암리1호, 한려, 해담은삼척1호",physical_asset,,운용,,project_name,ast_3165eca06342,112504,,392호,특별자산,,underlying_asset,,direct_owner,direct,0.94,,resolved,no_project_link,no_project_link,fund_assets,58353,,,verified,0.94
missing_one_or_more_names,Spring Creek Towers,주식회사 이지스글로벌레지던스위탁관리부동산투자회사,,"1255 Granville Payne Ave, Brooklyn, NY","Spring Creek Towers, Chicago Student Housing Illini Tower",physical_asset,,운용,,project_name,ast_31b606a68614,R00010,,R글로벌레지던스,주거,,underlying_asset,,direct_owner,direct,0.94,,resolved,no_project_link,no_project_link,fund_assets,58762,,,verified,0.94
missing_one_or_more_names,CGV대학로,,,서울시 종로구 대명길28,,physical_asset,리테일,,,fund_name; project_name,ast_31da440b4288,,,,,,,,,,,,no_fund_link,no_project_link,no_project_link,,,,,verified,
missing_one_or_more_names,동부산 테마파크 개발사업,,,부산광역시 기장군 기장읍 일원 (동부산관광단지내),,physical_asset,오피스복합,,,fund_name; project_name,ast_3294b7419653,,,,,,,,,,,,no_fund_link,no_project_link,no_project_link,,,,,verified,
missing_one_or_more_names,부산 메디컬빌딩,,,,,physical_asset,리테일복합,,,fund_name; project_name,ast_32afdcee5368,,,,,,,,,,,,no_fund_link,no_project_link,no_project_link,,,,,verified,
missing_one_or_more_names,㈜동방 보유 유엔씨티㈜ 대출채권 매입,,,울산광역시 남구 신항로716번길 1(황성동),,physical_asset,,,,fund_name; project_name,ast_32b8e4125074,,,,,,,,,,,,no_fund_link,no_project_link,no_project_link,,,,,verified,
missing_one_or_more_names,대전 둔산파이낸스빌딩,,,대전광역시 서구 둔산동 1413,,physical_asset,오피스,,,fund_name; project_name,ast_3378eefd074e,,,,,,,,,,,,no_fund_link,no_project_link,no_project_link,,,,,verified,
missing_one_or_more_names,"부산시 사상구 괘법동 오피스텔, 도시형생활주택 및 근린생활시설 신축사업",,,부산시 사상구 괘법동 564-8번지,,physical_asset,오피스복합,,,fund_name; project_name,ast_3394bcf0a0cd,,,,,,,,,,,,no_fund_link,no_project_link,no_project_link,,,,,verified,
missing_one_or_more_names,아레나스영종,,,인천광역시 중구 운북동 1328-1,,physical_asset,물류센터,,,fund_name; project_name,ast_33b7088ae1e9,,,,,,,,,,,,no_fund_link,no_project_link,no_project_link,,,,,verified,
missing_one_or_more_names,New York Office 85 Tenth Avenue Senior Loan,,,"85 10th Avenue, New York,NY, USA (NY10001)",,physical_asset,오피스,,,fund_name; project_name,ast_33e54322817d,,,,,,,,,,,,no_fund_link,no_project_link,no_project_link,,,,,verified,
missing_one_or_more_names,국내 채권형 ETF,,,,,physical_asset,,,,fund_name; project_name,ast_344729614f8e,,,,,,,,,,,,no_fund_link,no_project_link,no_project_link,,,,,verified,
missing_one_or_more_names,이지스전문투자형사모부동산투자신탁제404호,이지스전문투자형사모부동산투자신탁제404호,,경기도 이천시 대월면 도리리 3-2,"동산물류센터, 부국물류센터, 에이블로지스물류센터",physical_asset,물류센터,운용,,project_name,ast_349f44ccfd1f,112527,,404호,물류,,underlying_asset,,direct_owner,direct,0.98,,resolved,no_project_link,no_project_link,fund_assets,58368,,,auto_created,0.98
missing_one_or_more_names,국내 채권형 ETF,,,,,physical_asset,,,,fund_name; project_name,ast_34abd4a0e354,,,,,,,,,,,,no_fund_link,no_project_link,no_project_link,,,,,verified,
missing_one_or_more_names,Helios Sidecar II L.P.의 수익증권,,,,,physical_asset,,,,fund_name; project_name,ast_34f6c712284a,,,,,,,,,,,,no_fund_link,no_project_link,no_project_link,,,,,verified,
missing_one_or_more_names,이지스일반사모투자신탁435호(태양광),이지스일반사모투자신탁435호(태양광),,진량읍 신상리 1186-7,"다산1, 동서발전, 진이엔지, 현대산업쏠라5호, 케이앤스틸테크놀로지, 리에너지, 지우태양광, 에스지, 케이앤씨벨에포크, 케이에이치테크단북1호, 미션, 윈즈에너지, 이큐에너지, 소망, 청수, 봉산햇빛, 행암에너지일호, 도원에너지, 솔빛에너지, 에스와이솔라, 에이치엠솔라1, 이에스에이치12, 지티씨솔라13호, 강구16호, 외삼1호, 외삼2호, 솔라트리1호, 김송하, 에스이피브, 케이앤씨헤르메스, 모두에너지, 솔라팩토리10호, 씨에스에너텍, 알이씨에너지, 알이엔네트웍스, 어량리, 비케이솔라, 와이알에너지, 유현그린, 케이앤씨그린북, 디앤피상주, 적화솔라, 솔라시너지햇빛1호, 이인메가태양광, 솔라팩토리22호, 솔라팩토리19호",physical_asset,,운용,,project_name,ast_357127c88355,112584,,435호,특별자산,,underlying_asset,,direct_owner,direct,0.98,,resolved,no_project_link,no_project_link,fund_assets,58443,,,auto_created,0.98
missing_one_or_more_names,동산물류센터,,,경기도 이천시 호법면 매곡리 977-5외 6필지,,physical_asset,물류센터,,,fund_name; project_name,ast_35c0d3505765,,,,,,,,,,,,no_fund_link,no_project_link,no_project_link,,,,,verified,
missing_one_or_more_names,청라동 오피스텔 분양사업,,,인천광역시 서구 청라동 6-7,,physical_asset,주거,,,fund_name; project_name,ast_35ecf256fe62,,,,,,,,,,,,no_fund_link,no_project_link,no_project_link,,,,,verified,
missing_one_or_more_names,PASEO 사사즈카,,,일본 도쿄도 23구 내,,physical_asset,,,,fund_name; project_name,ast_3604f654fa0f,,,,,,,,,,,,no_fund_link,no_project_link,no_project_link,,,,,verified,
missing_one_or_more_names,홈플러스죽도점,,,경상북도 포항시 북구 죽도동 50-1,,physical_asset,리테일,,,fund_name; project_name,ast_3610ec7fb906,,,,,,,,,,,,no_fund_link,no_project_link,no_project_link,,,,,verified,
missing_one_or_more_names,Courtyard Memphis East/Park Avenue,,,6015 Park Avenue,,physical_asset,호텔,,,fund_name; project_name,ast_36148ade77b4,,,,,,,,,,,,no_fund_link,no_project_link,no_project_link,,,,,verified,
missing_one_or_more_names,PGSF VII,,,,,physical_asset,오피스복합,,,fund_name; project_name,ast_3659980079c3,,,,,,,,,,,,no_fund_link,no_project_link,no_project_link,,,,,verified,
missing_one_or_more_names,뉴코아아울렛(일산),,,경기도 고양시 일산동구 마두동 797,,physical_asset,리테일,,,fund_name; project_name,ast_366f9df25803,,,,,,,,,,,,no_fund_link,no_project_link,no_project_link,,,,,verified,
missing_one_or_more_names,울산KTX역 오피스텔 사업부지,이지스하우징플랫폼일반사모부동산투자신탁제1호(운용),,울산광역시 울주군 삼남읍 교동리 1682-1번지,"효제동 오피스텔 사업부지, 구리 수택동 오피스텔 사업부지, 울산KTX역 오피스텔 사업부지",physical_asset,주거,운용,,project_name,ast_37199617fe59,112611,,하우징플랫폼 1호,지분증권,,underlying_asset,,direct_owner,direct,0.94,,resolved,no_project_link,no_project_link,fund_assets,58485,,,verified,0.94
missing_one_or_more_names,Bridge Debt Strategies V Green Bridge LP,,,,,physical_asset,오피스복합,,,fund_name; project_name,ast_3770bb0a2344,,,,,,,,,,,,no_fund_link,no_project_link,no_project_link,,,,,verified,
missing_one_or_more_names,"BBB+ 이하 채권, 공모주, 스팩, ETF, 이벤트 드리븐, 레포",,,,,physical_asset,,,,fund_name; project_name,ast_3790cde01d6c,,,,,,,,,,,,no_fund_link,no_project_link,no_project_link,,,,,verified,
missing_one_or_more_names,Courtyard Sacramento Rancho Cordova,,,10683 White Rock Road,,physical_asset,호텔,,,fund_name; project_name,ast_37a066e39a75,,,,,,,,,,,,no_fund_link,no_project_link,no_project_link,,,,,verified,
missing_one_or_more_names,Hines European Property Partners,,,,,physical_asset,,,,fund_name; project_name,ast_381df0a46484,,,,,,,,,,,,no_fund_link,no_project_link,no_project_link,,,,,verified,
missing_one_or_more_names,Unico Core Plus Partners,,,,,physical_asset,,,,fund_name; project_name,ast_391dd76fd3b8,,,,,,,,,,,,no_fund_link,no_project_link,no_project_link,,,,,verified,
missing_one_or_more_names,"ARDIAN Infrastructure Fund VI S.C.S., SICAV-RAIF",,,,,physical_asset,,,,fund_name; project_name,ast_3970a929aade,,,,,,,,,,,,no_fund_link,no_project_link,no_project_link,,,,,verified,
missing_one_or_more_names,이지스부동산투자신탁187호,이지스부동산투자신탁187호,,제주특별자치도 제주시 연동 261-23,"고양시 화정동 아이씨티일산, 제주 연동 오피스텔",physical_asset,,청산,,project_name,ast_3ac68d303b60,112194,,187호,주거,,underlying_asset,,direct_owner,direct,0.98,,resolved,no_project_link,no_project_link,fund_assets,58059,,,auto_created,0.98
missing_one_or_more_names,여의도 신한금융투자타워,,,여의대로70,,physical_asset,오피스,,,fund_name; project_name,ast_3b3b6275cb37,,,,,,,,,,,,no_fund_link,no_project_link,no_project_link,,,,,verified,
missing_one_or_more_names,"세운 6-3-1,2구역 도시환경정비사업 개발사업 중순위 PF대출채권 및 토지신탁 우선수익권을 기초자산으로 ?",,,서울시 중구 을지로4가 261-4외,,physical_asset,주거,,,fund_name; project_name,ast_3b3e44da06d7,,,,,,,,,,,,no_fund_link,no_project_link,no_project_link,,,,,verified,
missing_one_or_more_names,천안성성7지구공동주택,,,충남 천안시 서북구 성성동 366-3번지 일원,,physical_asset,주거,,,fund_name; project_name,ast_3c022176b9c4,,,,,,,,,,,,no_fund_link,no_project_link,no_project_link,,,,,verified,
missing_one_or_more_names,Courtyard Costa Mesa South Coast,,,3002 S. Harbor Boulevard,,physical_asset,호텔,,,fund_name; project_name,ast_3c18a81268d7,,,,,,,,,,,,no_fund_link,no_project_link,no_project_link,,,,,verified,
missing_one_or_more_names,호니파워,이지스일반사모투자신탁377호,,"강원도 삼척시 도계읍 전두리 166,167","환성2호태양광발전소, 환성3호태양광발전소, 예지안빛에너지, 장춘3호태양광발전소, 하늘별빛에너지태양광발전소, 해누리7호태양광발전소, 천리에너지2호태양광발전소, 엠아이에너지태양광발전소, 한국쏠라알피에스태양광발전소, 솔라팜1호, 솔라팜2호, 삼산태양광발전소, 맥스에너지하리태양광발전, 맥스에너지금성태양광발전, 제이에스금계태양광발전, 지동쏠라에너지태양광발전, 성남제이씨에너지, 선그린에너지, 일순에너지, 스카이에너지, 에이스쏠라, 디앤피옥연, 디앤피영천신기, 곡성, 케이앤씨해바라기, 케이앤씨솔라리아, 호니파워, 에스디일호, 에스플래닛삼십사호, 아인에너지, 제이피에너지",physical_asset,,운용,,project_name,ast_3c2f16286fc7,112466,,377호,특별자산,,underlying_asset,,direct_owner,direct,0.94,,resolved,no_project_link,no_project_link,fund_assets,58287,,,verified,0.94
missing_one_or_more_names,글로벌 리츠,,,,,physical_asset,,,,fund_name; project_name,ast_3c45f673637a,,,,,,,,,,,,no_fund_link,no_project_link,no_project_link,,,,,verified,
missing_one_or_more_names,홈플러스센텀시티점,,,부산광역시 해운대구 우동 1499,,physical_asset,리테일,,,fund_name; project_name,ast_3c6660ce41f1,,,,,,,,,,,,no_fund_link,no_project_link,no_project_link,,,,,verified,
missing_one_or_more_names,"미국상장BDC, 공모주 집합투자증권, ETF, 채권, 국내 MMF",,,,,physical_asset,,,,fund_name; project_name,ast_3c691076eae5,,,,,,,,,,,,no_fund_link,no_project_link,no_project_link,,,,,verified,
missing_one_or_more_names,두산타워(재간접),,,서울특별시 중구 을지로 6가 18-12 외 1필지,,physical_asset,오피스복합,,,fund_name; project_name,ast_3d2e2d559411,,,,,,,,,,,,no_fund_link,no_project_link,no_project_link,,,,,verified,
missing_one_or_more_names,와이에이치파워2 주식,,,,,physical_asset,,,,fund_name; project_name,ast_3d612b21dda3,,,,,,,,,,,,no_fund_link,no_project_link,no_project_link,,,,,verified,
missing_one_or_more_names,오토웨이타워,,,서울특별시 강남구 대치동 948,,physical_asset,오피스,,,fund_name; project_name,ast_3e4a7ba7841a,,,,,,,,,,,,no_fund_link,no_project_link,no_project_link,,,,,verified,
missing_one_or_more_names,두산빌딩,,,서울시 강남구 언주로 726(논현동),,physical_asset,오피스,,,fund_name; project_name,ast_3e6ab9503501,,,,,,,,,,,,no_fund_link,no_project_link,no_project_link,,,,,verified,
missing_one_or_more_names,이지스333호(디어스 명동),,,서울시 중구 남학동 13-2외 1필지,,physical_asset,,,,fund_name; project_name,ast_3ea6cef0a8e3,,,,,,,,,,,,no_fund_link,no_project_link,no_project_link,,,,,verified,
missing_one_or_more_names,미래화희망,,,전라남도 고흥군 도화면 봉룡리 산221-1,,physical_asset,,,,fund_name; project_name,ast_3ebb4583bf7d,,,,,,,,,,,,no_fund_link,no_project_link,no_project_link,,,,,verified,
missing_one_or_more_names,"메자닌, 공모주, 스팩, 이벤트 드리븐",,,,,physical_asset,,,,fund_name; project_name,ast_3f8a65592274,,,,,,,,,,,,no_fund_link,no_project_link,no_project_link,,,,,verified,
missing_one_or_more_names,Brookfield Super-Core Infrastructure Partners,,,,,physical_asset,,,,fund_name; project_name,ast_3fc53b50b636,,,,,,,,,,,,no_fund_link,no_project_link,no_project_link,,,,,verified,
missing_one_or_more_names,Cosmo Gracia Ryogoku,이지스글로벌일반사모부동산투자신탁176호,,"1-1-2 Ishihara, Sumida-ku, Tokyo","Sun Crest Kameari, Cosmo Gracia Ryogoku, Reglus Ootorii Airport West",physical_asset,주거,청산,,project_name,ast_3fe7501ac3ff,112188,,176호,주거,,underlying_asset,,direct_owner,direct,0.94,,resolved,no_project_link,no_project_link,fund_assets,58051,,,verified,0.94
missing_one_or_more_names,솔빛에너지,이지스일반사모투자신탁435호(태양광),,"경상남도 함안군 군북면 장지리 659, 유현리 1365 일원","다산1, 동서발전, 진이엔지, 현대산업쏠라5호, 케이앤스틸테크놀로지, 리에너지, 지우태양광, 에스지, 케이앤씨벨에포크, 케이에이치테크단북1호, 미션, 윈즈에너지, 이큐에너지, 소망, 청수, 봉산햇빛, 행암에너지일호, 도원에너지, 솔빛에너지, 에스와이솔라, 에이치엠솔라1, 이에스에이치12, 지티씨솔라13호, 강구16호, 외삼1호, 외삼2호, 솔라트리1호, 김송하, 에스이피브, 케이앤씨헤르메스, 모두에너지, 솔라팩토리10호, 씨에스에너텍, 알이씨에너지, 알이엔네트웍스, 어량리, 비케이솔라, 와이알에너지, 유현그린, 케이앤씨그린북, 디앤피상주, 적화솔라, 솔라시너지햇빛1호, 이인메가태양광, 솔라팩토리22호, 솔라팩토리19호",physical_asset,,운용,,project_name,ast_401a2a614838,112584,,435호,특별자산,,underlying_asset,,direct_owner,direct,0.94,,resolved,no_project_link,no_project_link,fund_assets,58429,,,verified,0.94
missing_one_or_more_names,Nabuurs Portfolio,이지스글로벌일반사모부동산투자신탁260호(재간접형),,네덜란드,"Townsend Europe Logistics Venture II Korea Feeder, Venlo, Kuhn Portfolio, Nabuurs Portfolio",physical_asset,물류센터,운용,,project_name,ast_409a7de0ff61,112347,,260호,물류,,underlying_asset,,direct_owner,direct,0.94,,resolved,no_project_link,no_project_link,fund_assets,58186,,,verified,0.94
missing_one_or_more_names,시그니처타워,,,서울특별시 중구 청계천로 100,,physical_asset,,,,fund_name; project_name,ast_40c746673d87,,,,,,,,,,,,no_fund_link,no_project_link,no_project_link,,,,,verified,
missing_one_or_more_names,Bell 본사(몬트리올),이지스글로벌사모부동산투자신탁37-1호,,"1 Carrefour Alexander-Graham-Bell. Montreal, Canada","Sanofi 본사(파리), Bell 본사(몬트리올), OJP사옥(워싱턴)",physical_asset,오피스,운용,,project_name,ast_40cc5cccfb6c,112035,,37-1호,오피스,,underlying_asset,,direct_owner,direct,0.94,,resolved,no_project_link,no_project_link,fund_assets,57908,,,verified,0.94
missing_one_or_more_names,평화와번영,,,강원도 평창군 평창읍 고길리 86-1,,physical_asset,,,,fund_name; project_name,ast_40e6cfd14713,,,,,,,,,,,,no_fund_link,no_project_link,no_project_link,,,,,verified,
missing_one_or_more_names,뉴코아아울렛(일산),,,경기도 고양시 일산동구 마두동 797,,physical_asset,리테일,,,fund_name; project_name,ast_40eb7f1348f6,,,,,,,,,,,,no_fund_link,no_project_link,no_project_link,,,,,verified,
missing_one_or_more_names,서리풀개발사업,,,서울시 서초구 서초동 1005-1 외,,physical_asset,오피스복합,,,fund_name; project_name,ast_41455c9fd7e7,,,,,,,,,,,,no_fund_link,no_project_link,no_project_link,,,,,verified,
missing_one_or_more_names,건화솔라,이지스일반사모투자신탁392호(태양광),,경남 의령군 대의면 천곡리 산50,"참빛솔라 태양광발전소, 최강일 태양광발전소, 신명솔라 태양광발전소, 성리태양광발전소, 새금풍력태양광발전소, 엠아이파워, 해량에너지, 시온솔라, 의령1호, 의령2호, 의령3호, 나눔과사랑, 건화솔라, 투태모에너지3호, 비취정보기술, 은하수솔라, 화성솔라, 임원, 누리, 평화와번영, 옥스포드, 미래화희망, 해바라기, 디앤피입암리1호, 한려, 해담은삼척1호",physical_asset,,운용,,project_name,ast_419a8602469e,112504,,392호,특별자산,,underlying_asset,,direct_owner,direct,0.94,,resolved,no_project_link,no_project_link,fund_assets,58340,,,verified,0.94
missing_one_or_more_names,글로벌 리츠,연기금글로벌리츠일반사모부동산투자신탁1호(리츠-재간접),,,글로벌 리츠,physical_asset,,운용,,project_name,ast_428853fb1dec,112664,,연기금글로벌리츠1호,지분증권,,underlying_asset,,direct_owner,direct,0.94,,resolved,no_project_link,no_project_link,fund_assets,58518,,,verified,0.94
missing_one_or_more_names,안녕인사동,,,서울특별시 종로구 관훈동 155-2 외 4필지,,physical_asset,오피스복합,,,fund_name; project_name,ast_42a97e89a9a5,,,,,,,,,,,,no_fund_link,no_project_link,no_project_link,,,,,verified,
missing_one_or_more_names,디에스PFV 2종 종류주 및 주주대여,,,,,physical_asset,주거복합,,,fund_name; project_name,ast_42cb4269408f,,,,,,,,,,,,no_fund_link,no_project_link,no_project_link,,,,,verified,
missing_one_or_more_names,신라모노그램 강릉 복합숙박시설,,,강원도 강릉시 송정동 259 일원,,physical_asset,호텔,,,fund_name; project_name,ast_43a233492c49,,,,,,,,,,,,no_fund_link,no_project_link,no_project_link,,,,,verified,
missing_one_or_more_names,"상장리츠 발행 채권, 국내 주식, 공모주, 스팩, ETF",,,,,physical_asset,,,,fund_name; project_name,ast_445bfca846fe,,,,,,,,,,,,no_fund_link,no_project_link,no_project_link,,,,,verified,
missing_one_or_more_names,맥스에너지하리태양광발전,이지스일반사모투자신탁377호,,경상북도 의성군 하리면 하리 산72,"환성2호태양광발전소, 환성3호태양광발전소, 예지안빛에너지, 장춘3호태양광발전소, 하늘별빛에너지태양광발전소, 해누리7호태양광발전소, 천리에너지2호태양광발전소, 엠아이에너지태양광발전소, 한국쏠라알피에스태양광발전소, 솔라팜1호, 솔라팜2호, 삼산태양광발전소, 맥스에너지하리태양광발전, 맥스에너지금성태양광발전, 제이에스금계태양광발전, 지동쏠라에너지태양광발전, 성남제이씨에너지, 선그린에너지, 일순에너지, 스카이에너지, 에이스쏠라, 디앤피옥연, 디앤피영천신기, 곡성, 케이앤씨해바라기, 케이앤씨솔라리아, 호니파워, 에스디일호, 에스플래닛삼십사호, 아인에너지, 제이피에너지",physical_asset,,운용,,project_name,ast_44fa365fae5f,112466,,377호,특별자산,,underlying_asset,,direct_owner,direct,0.94,,resolved,no_project_link,no_project_link,fund_assets,58273,,,verified,0.94
missing_one_or_more_names,NMP V,,,,,physical_asset,오피스복합,,,fund_name; project_name,ast_451fd8930022,,,,,,,,,,,,no_fund_link,no_project_link,no_project_link,,,,,verified,
missing_one_or_more_names,괌 소재 종합병원(GRMC)에 대한 선순위 대출,,,"133 Route 3, Dededo, County, Guam 96912",,physical_asset,,,,fund_name; project_name,ast_4635019d1baf,,,,,,,,,,,,no_fund_link,no_project_link,no_project_link,,,,,verified,
missing_one_or_more_names,동대문구 용두동 오피스텔 PF대출채권,,,서울특별시 동대문구 용두동 144-31번지 일원,,physical_asset,주거,,,fund_name; project_name,ast_46fa23347ee4,,,,,,,,,,,,no_fund_link,no_project_link,no_project_link,,,,,verified,
missing_one_or_more_names,애월 복합관광단지 개발,,,제주시 애월읍 상가리 17-6 번지 일원,,physical_asset,오피스복합,,,fund_name; project_name,ast_470c38b64eb9,,,,,,,,,,,,no_fund_link,no_project_link,no_project_link,,,,,verified,
missing_one_or_more_names,이지스유에이치 주식 및 대여금,,,,,physical_asset,,,,fund_name; project_name,ast_47369fe0367d,,,,,,,,,,,,no_fund_link,no_project_link,no_project_link,,,,,verified,
missing_one_or_more_names,The-K호텔서울 부지 재개발사업,,,서울시 서초구 양재동 202외 3 필지,,physical_asset,오피스복합,,,fund_name; project_name,ast_475081c32f39,,,,,,,,,,,,no_fund_link,no_project_link,no_project_link,,,,,verified,
missing_one_or_more_names,예지안빛에너지,이지스일반사모투자신탁377호,,"경상북도 의성군 비안면 장춘리 산88, 산89, 산88-2","환성2호태양광발전소, 환성3호태양광발전소, 예지안빛에너지, 장춘3호태양광발전소, 하늘별빛에너지태양광발전소, 해누리7호태양광발전소, 천리에너지2호태양광발전소, 엠아이에너지태양광발전소, 한국쏠라알피에스태양광발전소, 솔라팜1호, 솔라팜2호, 삼산태양광발전소, 맥스에너지하리태양광발전, 맥스에너지금성태양광발전, 제이에스금계태양광발전, 지동쏠라에너지태양광발전, 성남제이씨에너지, 선그린에너지, 일순에너지, 스카이에너지, 에이스쏠라, 디앤피옥연, 디앤피영천신기, 곡성, 케이앤씨해바라기, 케이앤씨솔라리아, 호니파워, 에스디일호, 에스플래닛삼십사호, 아인에너지, 제이피에너지",physical_asset,,운용,,project_name,ast_47c9c0222e55,112466,,377호,특별자산,,underlying_asset,,direct_owner,direct,0.94,,resolved,no_project_link,no_project_link,fund_assets,58263,,,verified,0.94
missing_one_or_more_names,서울로타워,,,서울특별시 중구 퇴계로18,,physical_asset,오피스,,,fund_name; project_name,ast_47cfb7af7038,,,,,,,,,,,,no_fund_link,no_project_link,no_project_link,,,,,verified,
missing_one_or_more_names,호수빌딩,,,대구광역시 중구 동인동2가 50-3,,physical_asset,오피스,,,fund_name; project_name,ast_47df51a6036d,,,,,,,,,,,,no_fund_link,no_project_link,no_project_link,,,,,verified,
missing_one_or_more_names,ARDIAN Infrastructure Fund VI,,,,,physical_asset,,,,fund_name; project_name,ast_484614a2c1b3,,,,,,,,,,,,no_fund_link,no_project_link,no_project_link,,,,,verified,
missing_one_or_more_names,PASEO 시모키타자와,,,일본 도쿄도 23구 내,,physical_asset,,,,fund_name; project_name,ast_485346cd7578,,,,,,,,,,,,no_fund_link,no_project_link,no_project_link,,,,,verified,
missing_one_or_more_names,돈의문3구역 게이트타워,,,서울시 종로구 평동 222번지 일대,,physical_asset,오피스,,,fund_name; project_name,ast_493f723e41a1,,,,,,,,,,,,no_fund_link,no_project_link,no_project_link,,,,,verified,
missing_one_or_more_names,검단 오피스텔 개발,,,"인천광역시 서구 원당동 3203-104, 105",,physical_asset,주거,,,fund_name; project_name,ast_4993a29b4a10,,,,,,,,,,,,no_fund_link,no_project_link,no_project_link,,,,,verified,
missing_one_or_more_names,케이앤씨벨에포크,이지스일반사모투자신탁435호(태양광),,"전라남도 진도군 지산면 와우리 137-3, 140-1","다산1, 동서발전, 진이엔지, 현대산업쏠라5호, 케이앤스틸테크놀로지, 리에너지, 지우태양광, 에스지, 케이앤씨벨에포크, 케이에이치테크단북1호, 미션, 윈즈에너지, 이큐에너지, 소망, 청수, 봉산햇빛, 행암에너지일호, 도원에너지, 솔빛에너지, 에스와이솔라, 에이치엠솔라1, 이에스에이치12, 지티씨솔라13호, 강구16호, 외삼1호, 외삼2호, 솔라트리1호, 김송하, 에스이피브, 케이앤씨헤르메스, 모두에너지, 솔라팩토리10호, 씨에스에너텍, 알이씨에너지, 알이엔네트웍스, 어량리, 비케이솔라, 와이알에너지, 유현그린, 케이앤씨그린북, 디앤피상주, 적화솔라, 솔라시너지햇빛1호, 이인메가태양광, 솔라팩토리22호, 솔라팩토리19호",physical_asset,,운용,,project_name,ast_49a86c456d87,112584,,435호,특별자산,,underlying_asset,,direct_owner,direct,0.94,,resolved,no_project_link,no_project_link,fund_assets,58419,,,verified,0.94
missing_one_or_more_names,Barcelona Logistics Amazon,이지스글로벌일반사모부동산투자신탁281-1호,,"Avinguda Les Garrigue, 2 N2-N12, El Prat de Llobregat, Barcelona, Spain","Paris Logistics Amazon , Bristol Logistics Amazon , Barcelona Logistics Amazon",physical_asset,물류센터,운용,,project_name,ast_49de163142b2,112324,,281-1호,물류,,underlying_asset,,direct_owner,direct,0.94,,resolved,no_project_link,no_project_link,fund_assets,58163,,,verified,0.94
missing_one_or_more_names,Barcelona Logistics Amazon,이지스글로벌공모부동산투자신탁281호(파생형),,"Avinguda Les Garrigue, 2 N2-N12, El Prat de Llobregat, Barcelona, Spain","Paris Logistics Amazon , Barcelona Logistics Amazon , Bristol Logistics Amazon",physical_asset,물류센터,운용,,project_name,ast_49de163142b2,112325,,281호,물류,,underlying_asset,,direct_owner,direct,0.94,,resolved,no_project_link,no_project_link,fund_assets,58165,,,verified,0.94
missing_one_or_more_names,"국내 리츠, 글로벌 리츠",이지스리츠포트폴리오일반사모부동산투자신탁제2호,,,"국내 리츠, 글로벌 리츠",physical_asset,,운용,,project_name,ast_4a2315b88c84,112596,,리츠포트폴리오 2호,기타,,underlying_asset,,direct_owner,direct,0.94,,resolved,no_project_link,no_project_link,fund_assets,58467,,,verified,0.94
missing_one_or_more_names,이인메가태양광,이지스일반사모투자신탁435호(태양광),,"충남 공주시 이인면 오룡리 산 2-32, 264, 265, 406-2, 219-2, 262-1, 262-2, 406-3","다산1, 동서발전, 진이엔지, 현대산업쏠라5호, 케이앤스틸테크놀로지, 리에너지, 지우태양광, 에스지, 케이앤씨벨에포크, 케이에이치테크단북1호, 미션, 윈즈에너지, 이큐에너지, 소망, 청수, 봉산햇빛, 행암에너지일호, 도원에너지, 솔빛에너지, 에스와이솔라, 에이치엠솔라1, 이에스에이치12, 지티씨솔라13호, 강구16호, 외삼1호, 외삼2호, 솔라트리1호, 김송하, 에스이피브, 케이앤씨헤르메스, 모두에너지, 솔라팩토리10호, 씨에스에너텍, 알이씨에너지, 알이엔네트웍스, 어량리, 비케이솔라, 와이알에너지, 유현그린, 케이앤씨그린북, 디앤피상주, 적화솔라, 솔라시너지햇빛1호, 이인메가태양광, 솔라팩토리22호, 솔라팩토리19호",physical_asset,,운용,,project_name,ast_4a41b5cdfb00,112584,,435호,특별자산,,underlying_asset,,direct_owner,direct,0.94,,resolved,no_project_link,no_project_link,fund_assets,58454,,,verified,0.94
missing_one_or_more_names,판교 제2테크노밸리 C1 C2블록 I-Square 개발,,,경기도 판교 제2테크노밸리 C1 C2블록,,physical_asset,오피스복합,,,fund_name; project_name,ast_4b214a3d68c2,,,,,,,,,,,,no_fund_link,no_project_link,no_project_link,,,,,verified,
missing_one_or_more_names,포도몰,,,서울특별시 관악구 신림동 1641-2,,physical_asset,리테일,,,fund_name; project_name,ast_4b461cc661b2,,,,,,,,,,,,no_fund_link,no_project_link,no_project_link,,,,,verified,
missing_one_or_more_names,"StepStone Secondary Opportunities Fund V Offshore, L.P.",,,,,physical_asset,,,,fund_name; project_name,ast_4b5b1a719671,,,,,,,,,,,,no_fund_link,no_project_link,no_project_link,,,,,verified,
missing_one_or_more_names,공주시 웅진동 공동주택,,,충청남도 공주시 웅진동,,physical_asset,주거,,,fund_name; project_name,ast_4b5c26617588,,,,,,,,,,,,no_fund_link,no_project_link,no_project_link,,,,,verified,
missing_one_or_more_names,Reglus Ootorii Airport West,이지스글로벌일반사모부동산투자신탁176호,,"3-2-14 Haginaka, Ota-ku, Tokyo","Sun Crest Kameari, Cosmo Gracia Ryogoku, Reglus Ootorii Airport West",physical_asset,주거,청산,,project_name,ast_4b60082f6ba4,112188,,176호,주거,,underlying_asset,,direct_owner,direct,0.94,,resolved,no_project_link,no_project_link,fund_assets,58052,,,verified,0.94
missing_one_or_more_names,글로벌 리츠,이지스리츠포트폴리오일반사모부동산투자신탁제3호,,,"국내 리츠, 글로벌 리츠",physical_asset,,운용,,project_name,ast_4b619049d6d7,300038,,리츠포트폴리오3호,기타,,underlying_asset,,direct_owner,direct,0.94,,resolved,no_project_link,no_project_link,fund_assets,58713,,,verified,0.94
missing_one_or_more_names,글로벌 리츠,이지스리츠포트폴리오일반사모부동산투자신탁제1호,,,"국내 리츠, 글로벌 리츠",physical_asset,,운용,,project_name,ast_4b619049d6d7,112495,,리츠포트폴리오 1호,기타,,underlying_asset,,direct_owner,direct,0.94,,resolved,no_project_link,no_project_link,fund_assets,58312,,,verified,0.94
missing_one_or_more_names,반포이수화학본사사옥,,,서울시 서초구 반포동 112-4 외 8필지,,physical_asset,오피스,,,fund_name; project_name,ast_4c0d7e5f8a03,,,,,,,,,,,,no_fund_link,no_project_link,no_project_link,,,,,verified,
missing_one_or_more_names,"해외 주식, 채권, 공모주, 스팩, ETF, 선물, 단기금융상품",,,,,physical_asset,,,,fund_name; project_name,ast_4c95baf19598,,,,,,,,,,,,no_fund_link,no_project_link,no_project_link,,,,,verified,
missing_one_or_more_names,이지스일반사모부동산투자신탁제468-2호(2종)의 수익증권,,,,,physical_asset,오피스복합,,,fund_name; project_name,ast_4cdaa02c3ae7,,,,,,,,,,,,no_fund_link,no_project_link,no_project_link,,,,,verified,
missing_one_or_more_names,"Partners Group Tactical Real Estate Fund, L.P.",,,,,physical_asset,,,,fund_name; project_name,ast_4d5bc767dcc2,,,,,,,,,,,,no_fund_link,no_project_link,no_project_link,,,,,verified,
missing_one_or_more_names,판교아이스퀘어E동,,,경기도 성남시 창업로 17,,physical_asset,오피스복합,,,fund_name; project_name,ast_4e209ca0367c,,,,,,,,,,,,no_fund_link,no_project_link,no_project_link,,,,,verified,
missing_one_or_more_names,"메자닌, 공모주, 이벤트 드리븐, 스팩",,,,,physical_asset,,,,fund_name; project_name,ast_4e98244e7898,,,,,,,,,,,,no_fund_link,no_project_link,no_project_link,,,,,verified,
missing_one_or_more_names,와이플러스빌딩,,,서울특별시 강남구 신사동 533-3,,physical_asset,리테일,,,fund_name; project_name,ast_4e9c841b327e,,,,,,,,,,,,no_fund_link,no_project_link,no_project_link,,,,,verified,
missing_one_or_more_names,양산 유산동 물류센터,,,경남 양산시 유산동 509 외 2필지,,physical_asset,물류센터,,,fund_name; project_name,ast_4ea718fb3f43,,,,,,,,,,,,no_fund_link,no_project_link,no_project_link,,,,,verified,
missing_one_or_more_names,LA Wilshire Grand Center Senior Loan,,,"900 Wilshire Boulevard, Los Angeles, California",,physical_asset,,,,fund_name; project_name,ast_4eb70494f0e5,,,,,,,,,,,,no_fund_link,no_project_link,no_project_link,,,,,verified,
missing_one_or_more_names,구리 수택동 오피스텔 사업부지,,,경기도 구리시 수택동 370 외 4필지,,physical_asset,주거,,,fund_name; project_name,ast_4ed0982904a0,,,,,,,,,,,,no_fund_link,no_project_link,no_project_link,,,,,verified,
missing_one_or_more_names,PASEO 오기쿠보,,,일본 도쿄도 23구 내,,physical_asset,,,,fund_name; project_name,ast_4f455c2dd45f,,,,,,,,,,,,no_fund_link,no_project_link,no_project_link,,,,,verified,
missing_one_or_more_names,Courtyard by Marriott,,,1151 W. Walnut Hill Lane,,physical_asset,호텔,,,fund_name; project_name,ast_4fb907d35b52,,,,,,,,,,,,no_fund_link,no_project_link,no_project_link,,,,,verified,
missing_one_or_more_names,"AbryAdvanced Securities Fund III CV-A, L.P.",,,,,physical_asset,,,,fund_name; project_name,ast_4fd1e29a3132,,,,,,,,,,,,no_fund_link,no_project_link,no_project_link,,,,,verified,
missing_one_or_more_names,"BBB+이하 채권, 공모주, 스팩, 이벤트 드리븐",,,,,physical_asset,,,,fund_name; project_name,ast_4fe2e0788658,,,,,,,,,,,,no_fund_link,no_project_link,no_project_link,,,,,verified,
missing_one_or_more_names,이지스 멀티인컴 일반사모투자신탁 제1호(운용),이지스 멀티인컴 일반사모투자신탁 제1호(운용),,,"AA- 이상 채권, 국내 상장 리츠, 공모주, 스팩, 공모주",physical_asset,,청산,,project_name,ast_4ffe4ac306f2,112710,,멀티인컴1호,기타,,underlying_asset,,direct_owner,direct,0.94,,resolved,no_project_link,no_project_link,fund_assets,58571,,,auto_created,0.94
missing_one_or_more_names,아레나스안성,,,안성시 양성면 산정리 산11-4번지 외 17필지,,physical_asset,물류센터,,,fund_name; project_name,ast_50b96d931bfa,,,,,,,,,,,,no_fund_link,no_project_link,no_project_link,,,,,verified,
missing_one_or_more_names,트레블로지명동시티홀호텔,,,서울특별시 중구 세종대로16길 22(북창동 17-1외 2필지),,physical_asset,호텔,,,fund_name; project_name,ast_50f5141fc4b8,,,,,,,,,,,,no_fund_link,no_project_link,no_project_link,,,,,verified,
missing_one_or_more_names,강동 성내 역세권 청년주택,,,서울시 강동구 성내동 87-1번지 일원,,physical_asset,주거,,,fund_name; project_name,ast_513f15f30c21,,,,,,,,,,,,no_fund_link,no_project_link,no_project_link,,,,,verified,
missing_one_or_more_names,채권,,,,,physical_asset,,,,fund_name; project_name,ast_51861017a45e,,,,,,,,,,,,no_fund_link,no_project_link,no_project_link,,,,,verified,
missing_one_or_more_names,성수 빅트라이앵글B/L(이지스성수PF재구조화 2종 수익증권),,,서울특별시 성동구 성수동 268-2번지 외 2필지,,physical_asset,오피스,,,fund_name; project_name,ast_51a8d2035467,,,,,,,,,,,,no_fund_link,no_project_link,no_project_link,,,,,verified,
missing_one_or_more_names,삼성동 빌딩,,,서울특별시 강남구 삼성로 512,,physical_asset,,,,fund_name; project_name,ast_51d214497682,,,,,,,,,,,,no_fund_link,no_project_link,no_project_link,,,,,verified,
missing_one_or_more_names,아이에이제십삼차유동화전문 유한회사,이지스NPL일반사모부동산투자신탁제3호,,,"아이에이제십삼차유동화전문 유한회사, 아이에이제십사차유동화전문 유한회사, 주식회사 아이에이에이치에프합정, 아이에이와이디유동화전문 유한회사, 부실채권을 기초자산으로 하는 SPC의 사채",physical_asset,특별자산,운용,,project_name,ast_51d42aef8752,112602,,NPL3호,NPL,,underlying_asset,,direct_owner,direct,0.94,,resolved,no_project_link,no_project_link,fund_assets,58473,,,verified,0.94
missing_one_or_more_names,SKT구로사옥,,,서울특별시 구로구 구로동 1258,,physical_asset,오피스,,,fund_name; project_name,ast_526e7318eac3,,,,,,,,,,,,no_fund_link,no_project_link,no_project_link,,,,,verified,
missing_one_or_more_names,PASEO 오기쿠보,,,일본 도쿄도 23구 내,,physical_asset,,,,fund_name; project_name,ast_53119042a240,,,,,,,,,,,,no_fund_link,no_project_link,no_project_link,,,,,verified,
missing_one_or_more_names,해운대중동공동주택,,,부산시 해운대 중동 256-5번지 일원,,physical_asset,주거,,,fund_name; project_name,ast_5316c8adc2fb,,,,,,,,,,,,no_fund_link,no_project_link,no_project_link,,,,,verified,
missing_one_or_more_names,한국쏠라알피에스태양광발전소,이지스일반사모투자신탁377호,,경상북도 영천시 북안면 효리 산82-1 외 2필지,"환성2호태양광발전소, 환성3호태양광발전소, 예지안빛에너지, 장춘3호태양광발전소, 하늘별빛에너지태양광발전소, 해누리7호태양광발전소, 천리에너지2호태양광발전소, 엠아이에너지태양광발전소, 한국쏠라알피에스태양광발전소, 솔라팜1호, 솔라팜2호, 삼산태양광발전소, 맥스에너지하리태양광발전, 맥스에너지금성태양광발전, 제이에스금계태양광발전, 지동쏠라에너지태양광발전, 성남제이씨에너지, 선그린에너지, 일순에너지, 스카이에너지, 에이스쏠라, 디앤피옥연, 디앤피영천신기, 곡성, 케이앤씨해바라기, 케이앤씨솔라리아, 호니파워, 에스디일호, 에스플래닛삼십사호, 아인에너지, 제이피에너지",physical_asset,,운용,,project_name,ast_5393f66e7bcb,112466,,377호,특별자산,,underlying_asset,,direct_owner,direct,0.94,,resolved,no_project_link,no_project_link,fund_assets,58269,,,verified,0.94
missing_one_or_more_names,이지스제463호부동산일반사모투자회사 주식,,,,,physical_asset,리테일,,,fund_name; project_name,ast_53a1b2b68541,,,,,,,,,,,,no_fund_link,no_project_link,no_project_link,,,,,verified,
missing_one_or_more_names,NMP V,,,,,physical_asset,오피스복합,,,fund_name; project_name,ast_548ddb1877f9,,,,,,,,,,,,no_fund_link,no_project_link,no_project_link,,,,,verified,
missing_one_or_more_names,뉴멕시코주 아마존 물류센터,,,,,physical_asset,물류센터,,,fund_name; project_name,ast_54b1a79581f6,,,,,,,,,,,,no_fund_link,no_project_link,no_project_link,,,,,verified,
missing_one_or_more_names,Atlanta Office Midtown I&II,,,아래 자산별 상세 내역,,physical_asset,오피스,,,fund_name; project_name,ast_5524410f1c09,,,,,,,,,,,,no_fund_link,no_project_link,no_project_link,,,,,verified,
missing_one_or_more_names,홈플러스영등포점,,,서울특별시 영등포구 문래동3가 55-3,,physical_asset,리테일,,,fund_name; project_name,ast_55647389ae80,,,,,,,,,,,,no_fund_link,no_project_link,no_project_link,,,,,verified,
missing_one_or_more_names,아이에이와이디유동화전문 유한회사,이지스NPL일반사모부동산투자신탁제3호,,,"아이에이제십삼차유동화전문 유한회사, 아이에이제십사차유동화전문 유한회사, 주식회사 아이에이에이치에프합정, 아이에이와이디유동화전문 유한회사, 부실채권을 기초자산으로 하는 SPC의 사채",physical_asset,특별자산,운용,,project_name,ast_5592bb858cba,112602,,NPL3호,NPL,,underlying_asset,,direct_owner,direct,0.94,,resolved,no_project_link,no_project_link,fund_assets,58476,,,verified,0.94
missing_one_or_more_names,인천가좌동데이터센터,,,인천광역시 서구 가좌동 585-49,,physical_asset,데이터센터,,,fund_name; project_name,ast_559d02c0218e,,,,,,,,,,,,no_fund_link,no_project_link,no_project_link,,,,,verified,
missing_one_or_more_names,Coller Capital이 운용하는 크레딧 세컨더리 관련 SMA의 집합투자증권,,,,,physical_asset,,,,fund_name; project_name,ast_55b6b363ddd4,,,,,,,,,,,,no_fund_link,no_project_link,no_project_link,,,,,verified,
missing_one_or_more_names,이천YM물류센터,,,경기도 이천시 대월면 초지리 273-1,,physical_asset,,,,fund_name; project_name,ast_55fcaa57d7ab,,,,,,,,,,,,no_fund_link,no_project_link,no_project_link,,,,,verified,
missing_one_or_more_names,의령1호,이지스일반사모투자신탁392호(태양광),,경상남도 의령군 화정면 상일리 산95,"참빛솔라 태양광발전소, 최강일 태양광발전소, 신명솔라 태양광발전소, 성리태양광발전소, 새금풍력태양광발전소, 엠아이파워, 해량에너지, 시온솔라, 의령1호, 의령2호, 의령3호, 나눔과사랑, 건화솔라, 투태모에너지3호, 비취정보기술, 은하수솔라, 화성솔라, 임원, 누리, 평화와번영, 옥스포드, 미래화희망, 해바라기, 디앤피입암리1호, 한려, 해담은삼척1호",physical_asset,,운용,,project_name,ast_562a1580ea14,112504,,392호,특별자산,,underlying_asset,,direct_owner,direct,0.94,,resolved,no_project_link,no_project_link,fund_assets,58336,,,verified,0.94
missing_one_or_more_names,순화타워,,,서울특별시 중구 순화동 66,,physical_asset,오피스,,,fund_name; project_name,ast_56793c2827ee,,,,,,,,,,,,no_fund_link,no_project_link,no_project_link,,,,,verified,
missing_one_or_more_names,"메자닌, 공모주, 이벤트 드리븐, 스팩, ETF",,,,,physical_asset,,,,fund_name; project_name,ast_567d9ac13840,,,,,,,,,,,,no_fund_link,no_project_link,no_project_link,,,,,verified,
missing_one_or_more_names,GRAN PASEO 칸다에키마에,,,일본 도쿄도 23구 내,,physical_asset,,,,fund_name; project_name,ast_56ba3af5aedc,,,,,,,,,,,,no_fund_link,no_project_link,no_project_link,,,,,verified,
missing_one_or_more_names,"이지스기회추구2-1호 (330호, OPUS407/舊뉴욕제과빌딩)",,,,,physical_asset,오피스복합,,,fund_name; project_name,ast_57891a43269b,,,,,,,,,,,,no_fund_link,no_project_link,no_project_link,,,,,verified,
missing_one_or_more_names,모두에너지,이지스일반사모투자신탁435호(태양광),,"경주시 강동면 왕신리 산 141-1, 2-1, 2-2, 141-3","다산1, 동서발전, 진이엔지, 현대산업쏠라5호, 케이앤스틸테크놀로지, 리에너지, 지우태양광, 에스지, 케이앤씨벨에포크, 케이에이치테크단북1호, 미션, 윈즈에너지, 이큐에너지, 소망, 청수, 봉산햇빛, 행암에너지일호, 도원에너지, 솔빛에너지, 에스와이솔라, 에이치엠솔라1, 이에스에이치12, 지티씨솔라13호, 강구16호, 외삼1호, 외삼2호, 솔라트리1호, 김송하, 에스이피브, 케이앤씨헤르메스, 모두에너지, 솔라팩토리10호, 씨에스에너텍, 알이씨에너지, 알이엔네트웍스, 어량리, 비케이솔라, 와이알에너지, 유현그린, 케이앤씨그린북, 디앤피상주, 적화솔라, 솔라시너지햇빛1호, 이인메가태양광, 솔라팩토리22호, 솔라팩토리19호",physical_asset,,운용,,project_name,ast_57c1d0a7ef1e,112584,,435호,특별자산,,underlying_asset,,direct_owner,direct,0.94,,resolved,no_project_link,no_project_link,fund_assets,58441,,,verified,0.94
missing_one_or_more_names,선릉위워크타워,,,서울특별시 강남구 테헤란로302(역삼동 706),,physical_asset,오피스,,,fund_name; project_name,ast_5827261360b4,,,,,,,,,,,,no_fund_link,no_project_link,no_project_link,,,,,verified,
missing_one_or_more_names,뉴코아아울렛(평촌),,,경기도 안양시 동안구 호계동 1039-3,,physical_asset,리테일,,,fund_name; project_name,ast_585e399aa10a,,,,,,,,,,,,no_fund_link,no_project_link,no_project_link,,,,,verified,
missing_one_or_more_names,경산 쿠팡물류센터,,,경상북도 경산시 진량읍 문천리 903번지 (경산4일반산업단지내지원시설부지),,physical_asset,물류센터,,,fund_name; project_name,ast_58653579359f,,,,,,,,,,,,no_fund_link,no_project_link,no_project_link,,,,,verified,
missing_one_or_more_names,웨스트게이트타워 선순위 담보대출,,,서울특별시 서대문구 충정로70,,physical_asset,오피스,,,fund_name; project_name,ast_586b7ab8eae7,,,,,,,,,,,,no_fund_link,no_project_link,no_project_link,,,,,verified,
missing_one_or_more_names,ARDIAN Infrastructure Fund VI,,,,,physical_asset,,,,fund_name; project_name,ast_5871de909717,,,,,,,,,,,,no_fund_link,no_project_link,no_project_link,,,,,verified,
missing_one_or_more_names,AEW Partners Real Estate Fund X,,,,,physical_asset,오피스복합,,,fund_name; project_name,ast_589e9475da13,,,,,,,,,,,,no_fund_link,no_project_link,no_project_link,,,,,verified,
missing_one_or_more_names,효제동 오피스텔 개발사업,,,"서울특별시 종로구 효제동 315-1, 315-6",,physical_asset,주거,,,fund_name; project_name,ast_58e1f6750cf0,,,,,,,,,,,,no_fund_link,no_project_link,no_project_link,,,,,verified,
missing_one_or_more_names,신라모노그램 강릉 복합숙박시설,,,강원도 강릉시 송정동 259 일원,,physical_asset,호텔,,,fund_name; project_name,ast_58f18cb76dad,,,,,,,,,,,,no_fund_link,no_project_link,no_project_link,,,,,verified,
missing_one_or_more_names,"BBB+ 이하 채권, 공모주, 스팩, 이벤트 드리븐",,,,,physical_asset,,,,fund_name; project_name,ast_5933e6ee5160,,,,,,,,,,,,no_fund_link,no_project_link,no_project_link,,,,,verified,
missing_one_or_more_names,인천석남물류센터,,,인천시 서구 석남동 224-8번지 일원,,physical_asset,물류센터,,,fund_name; project_name,ast_59d30ecfb664,,,,,,,,,,,,no_fund_link,no_project_link,no_project_link,,,,,verified,
missing_one_or_more_names,AXA Real Estate Development Venture IV,,,,,physical_asset,오피스복합,,,fund_name; project_name,ast_5a5178267eeb,,,,,,,,,,,,no_fund_link,no_project_link,no_project_link,,,,,verified,
missing_one_or_more_names,OJP사옥(워싱턴) (대출),,,"810 7th Street, N.W., Washington D.C., U.S.A.",,physical_asset,오피스,,,fund_name; project_name,ast_5a6aabdecd80,,,,,,,,,,,,no_fund_link,no_project_link,no_project_link,,,,,verified,
missing_one_or_more_names,비케이솔라,이지스일반사모투자신탁435호(태양광),,충북 진천군 문백면 계산리 359-1,"다산1, 동서발전, 진이엔지, 현대산업쏠라5호, 케이앤스틸테크놀로지, 리에너지, 지우태양광, 에스지, 케이앤씨벨에포크, 케이에이치테크단북1호, 미션, 윈즈에너지, 이큐에너지, 소망, 청수, 봉산햇빛, 행암에너지일호, 도원에너지, 솔빛에너지, 에스와이솔라, 에이치엠솔라1, 이에스에이치12, 지티씨솔라13호, 강구16호, 외삼1호, 외삼2호, 솔라트리1호, 김송하, 에스이피브, 케이앤씨헤르메스, 모두에너지, 솔라팩토리10호, 씨에스에너텍, 알이씨에너지, 알이엔네트웍스, 어량리, 비케이솔라, 와이알에너지, 유현그린, 케이앤씨그린북, 디앤피상주, 적화솔라, 솔라시너지햇빛1호, 이인메가태양광, 솔라팩토리22호, 솔라팩토리19호",physical_asset,,운용,,project_name,ast_5a8751925824,112584,,435호,특별자산,,underlying_asset,,direct_owner,direct,0.94,,resolved,no_project_link,no_project_link,fund_assets,58447,,,verified,0.94
missing_one_or_more_names,이지스전문투자형사모부동산투자신탁제404호,이지스전문투자형사모부동산투자신탁제404호,,경기도 이천시 호법면 매곡리 977-5,"동산물류센터, 부국물류센터, 에이블로지스물류센터",physical_asset,물류센터,운용,,project_name,ast_5afa53495f87,112527,,404호,물류,,underlying_asset,,direct_owner,direct,0.98,,resolved,no_project_link,no_project_link,fund_assets,58367,,,auto_created,0.98
missing_one_or_more_names,이큐에너지,,,경상북도 영주시 조와동 346 일원,,physical_asset,,,,fund_name; project_name,ast_5afd3f52bd1f,,,,,,,,,,,,no_fund_link,no_project_link,no_project_link,,,,,verified,
missing_one_or_more_names,"BBB+ 이하 채권, 공모주, 스팩, 이벤트 드리븐, CP, 레포",,,,,physical_asset,,,,fund_name; project_name,ast_5bc90f317060,,,,,,,,,,,,no_fund_link,no_project_link,no_project_link,,,,,verified,
missing_one_or_more_names,와이에이치파워3 주식,,,,,physical_asset,,,,fund_name; project_name,ast_5c8bf1549256,,,,,,,,,,,,no_fund_link,no_project_link,no_project_link,,,,,verified,
missing_one_or_more_names,"국내 상장 리츠,  인프라 펀드,  주식, ETF",,,,,physical_asset,,,,fund_name; project_name,ast_5cdc7b07b41f,,,,,,,,,,,,no_fund_link,no_project_link,no_project_link,,,,,verified,
missing_one_or_more_names,솔라트리1호,이지스일반사모투자신탁435호(태양광),,충청북도 제천시 봉양읍 공전리 359-1 외,"다산1, 동서발전, 진이엔지, 현대산업쏠라5호, 케이앤스틸테크놀로지, 리에너지, 지우태양광, 에스지, 케이앤씨벨에포크, 케이에이치테크단북1호, 미션, 윈즈에너지, 이큐에너지, 소망, 청수, 봉산햇빛, 행암에너지일호, 도원에너지, 솔빛에너지, 에스와이솔라, 에이치엠솔라1, 이에스에이치12, 지티씨솔라13호, 강구16호, 외삼1호, 외삼2호, 솔라트리1호, 김송하, 에스이피브, 케이앤씨헤르메스, 모두에너지, 솔라팩토리10호, 씨에스에너텍, 알이씨에너지, 알이엔네트웍스, 어량리, 비케이솔라, 와이알에너지, 유현그린, 케이앤씨그린북, 디앤피상주, 적화솔라, 솔라시너지햇빛1호, 이인메가태양광, 솔라팩토리22호, 솔라팩토리19호",physical_asset,,운용,,project_name,ast_5d805aade4f5,112584,,435호,특별자산,,underlying_asset,,direct_owner,direct,0.94,,resolved,no_project_link,no_project_link,fund_assets,58437,,,verified,0.94
missing_one_or_more_names,하남 미사지구 오피스텔 개발사업 PF대출,이지스부동산투자신탁196호,,"경기도 하남시 하남미사지구 업무시설용지2-1,2","강서 마곡지구 근린생활시설 개발사업 PF대출, 하남 미사지구 오피스텔 개발사업 PF대출",physical_asset,주거,청산,,project_name,ast_5e6798e4e6be,112199,,196호,복합(오피스),,underlying_asset,,direct_owner,direct,0.94,,resolved,no_project_link,no_project_link,fund_assets,58065,,,verified,0.94
missing_one_or_more_names,서울 서초구 반포동 64-1번지 일원 개발사업장 브릿지,,,서울 서초구 반포동 64-1번지 일원,,physical_asset,주거,,,fund_name; project_name,ast_5eb6a1cf88bd,,,,,,,,,,,,no_fund_link,no_project_link,no_project_link,,,,,verified,
missing_one_or_more_names,타임테라스동탄,,,경기도 화성시 반송동 96/98번지,,physical_asset,리테일,,,fund_name; project_name,ast_5ed13d6feb57,,,,,,,,,,,,no_fund_link,no_project_link,no_project_link,,,,,verified,
missing_one_or_more_names,이지스 코어에너지인프라 1호 수익증권,,,,,physical_asset,,,,fund_name; project_name,ast_5f8e6966509b,,,,,,,,,,,,no_fund_link,no_project_link,no_project_link,,,,,verified,
missing_one_or_more_names,"상장 리츠 메자닌, 국내 상장 리츠, 이벤트 드리븐",,,,,physical_asset,,,,fund_name; project_name,ast_5f977fd5ec54,,,,,,,,,,,,no_fund_link,no_project_link,no_project_link,,,,,verified,
missing_one_or_more_names,"미국 Delaware 소재 ROCKWOOD LSF III, LP (역외펀드)의 수익증권",,,,,physical_asset,,,,fund_name; project_name,ast_5fbc6512fe46,,,,,,,,,,,,no_fund_link,no_project_link,no_project_link,,,,,verified,
missing_one_or_more_names,송도 센토피아더샵 공동주택 및 근린생활시설 개발사업 PF Refinancing 대출채권,,,인천광역시 연수구 송도동 308-1 일원,,physical_asset,주거,,,fund_name; project_name,ast_5fedae1c0415,,,,,,,,,,,,no_fund_link,no_project_link,no_project_link,,,,,verified,
missing_one_or_more_names,지우태양광,이지스일반사모투자신탁435호(태양광),,"경상남도 산청군 산청읍 내수리 산49-1, 산51-4","다산1, 동서발전, 진이엔지, 현대산업쏠라5호, 케이앤스틸테크놀로지, 리에너지, 지우태양광, 에스지, 케이앤씨벨에포크, 케이에이치테크단북1호, 미션, 윈즈에너지, 이큐에너지, 소망, 청수, 봉산햇빛, 행암에너지일호, 도원에너지, 솔빛에너지, 에스와이솔라, 에이치엠솔라1, 이에스에이치12, 지티씨솔라13호, 강구16호, 외삼1호, 외삼2호, 솔라트리1호, 김송하, 에스이피브, 케이앤씨헤르메스, 모두에너지, 솔라팩토리10호, 씨에스에너텍, 알이씨에너지, 알이엔네트웍스, 어량리, 비케이솔라, 와이알에너지, 유현그린, 케이앤씨그린북, 디앤피상주, 적화솔라, 솔라시너지햇빛1호, 이인메가태양광, 솔라팩토리22호, 솔라팩토리19호",physical_asset,,운용,,project_name,ast_5ffda8a73763,112584,,435호,특별자산,,underlying_asset,,direct_owner,direct,0.94,,resolved,no_project_link,no_project_link,fund_assets,58417,,,verified,0.94
missing_one_or_more_names,공동주택,,,부산시 해운대 중동 256-5번지 일원,,physical_asset,주거,,,fund_name; project_name,ast_60101a85f070,,,,,,,,,,,,no_fund_link,no_project_link,no_project_link,,,,,verified,
missing_one_or_more_names,의령1호,,,경상남도 의령군 화정면 상일리 산95,,physical_asset,,,,fund_name; project_name,ast_60152580f0fe,,,,,,,,,,,,no_fund_link,no_project_link,no_project_link,,,,,verified,
missing_one_or_more_names,에이스쏠라,,,경상북도 영주시 조와동 133,,physical_asset,,,,fund_name; project_name,ast_60cc7b32c8c0,,,,,,,,,,,,no_fund_link,no_project_link,no_project_link,,,,,verified,
missing_one_or_more_names,디앤피상주,이지스일반사모투자신탁435호(태양광),,"경북 상주시 화동면 어산리 524-1, 524-9","다산1, 동서발전, 진이엔지, 현대산업쏠라5호, 케이앤스틸테크놀로지, 리에너지, 지우태양광, 에스지, 케이앤씨벨에포크, 케이에이치테크단북1호, 미션, 윈즈에너지, 이큐에너지, 소망, 청수, 봉산햇빛, 행암에너지일호, 도원에너지, 솔빛에너지, 에스와이솔라, 에이치엠솔라1, 이에스에이치12, 지티씨솔라13호, 강구16호, 외삼1호, 외삼2호, 솔라트리1호, 김송하, 에스이피브, 케이앤씨헤르메스, 모두에너지, 솔라팩토리10호, 씨에스에너텍, 알이씨에너지, 알이엔네트웍스, 어량리, 비케이솔라, 와이알에너지, 유현그린, 케이앤씨그린북, 디앤피상주, 적화솔라, 솔라시너지햇빛1호, 이인메가태양광, 솔라팩토리22호, 솔라팩토리19호",physical_asset,,운용,,project_name,ast_60fde6988245,112584,,435호,특별자산,,underlying_asset,,direct_owner,direct,0.94,,resolved,no_project_link,no_project_link,fund_assets,58451,,,verified,0.94
missing_one_or_more_names,홈플러스진주점,,,경상남도 진주시 상대동 181-1,,physical_asset,리테일,,,fund_name; project_name,ast_612cef5b7905,,,,,,,,,,,,no_fund_link,no_project_link,no_project_link,,,,,verified,
missing_one_or_more_names,T타워,,,서울특별시 중구 남대문로5가 827,,physical_asset,오피스,,,fund_name; project_name,ast_61465a8dd9a1,,,,,,,,,,,,no_fund_link,no_project_link,no_project_link,,,,,verified,
missing_one_or_more_names,Balbec InSolve Global Credit Fund III,,,,,physical_asset,금융상품,,,fund_name; project_name,ast_6147631e29d1,,,,,,,,,,,,no_fund_link,no_project_link,no_project_link,,,,,verified,
missing_one_or_more_names,Verona,이지스글로벌일반사모부동산투자신탁335호,,"Veneto, Verona, Italy","San Mauro Torinese, Carugate, Verona, Tori Di Quartesolo, Campegine, Camplogalliano, Bologna Interporto",physical_asset,물류센터,청산,,project_name,ast_615cb3a61bf2,112401,,335호,물류,,underlying_asset,,direct_owner,direct,0.94,,resolved,no_project_link,no_project_link,fund_assets,58219,,,verified,0.94
missing_one_or_more_names,공모주,,,,,physical_asset,,,,fund_name; project_name,ast_62198587b5d3,,,,,,,,,,,,no_fund_link,no_project_link,no_project_link,,,,,verified,
missing_one_or_more_names,Courtyard Tarrytown Greenburgh,,,475 White Plains Road,,physical_asset,호텔,,,fund_name; project_name,ast_6221d5b4dfe9,,,,,,,,,,,,no_fund_link,no_project_link,no_project_link,,,,,verified,
missing_one_or_more_names,"스카이박스1, 스카이박스2",,,인천광역시 서구 오류동 1549-4 외 1필지,,physical_asset,물류센터,,,fund_name; project_name,ast_62541f3646a0,,,,,,,,,,,,no_fund_link,no_project_link,no_project_link,,,,,verified,
missing_one_or_more_names,"용답동 231, 231-1 공동주택 및 근린생활시설",,,"서울특별시 성동구 용답동 231, 231-1번지",,physical_asset,오피스,,,fund_name; project_name,ast_62878f0c6996,,,,,,,,,,,,no_fund_link,no_project_link,no_project_link,,,,,verified,
missing_one_or_more_names,미션,이지스일반사모투자신탁435호(태양광),,경상북도 영주시 조와동 346 일원,"다산1, 동서발전, 진이엔지, 현대산업쏠라5호, 케이앤스틸테크놀로지, 리에너지, 지우태양광, 에스지, 케이앤씨벨에포크, 케이에이치테크단북1호, 미션, 윈즈에너지, 이큐에너지, 소망, 청수, 봉산햇빛, 행암에너지일호, 도원에너지, 솔빛에너지, 에스와이솔라, 에이치엠솔라1, 이에스에이치12, 지티씨솔라13호, 강구16호, 외삼1호, 외삼2호, 솔라트리1호, 김송하, 에스이피브, 케이앤씨헤르메스, 모두에너지, 솔라팩토리10호, 씨에스에너텍, 알이씨에너지, 알이엔네트웍스, 어량리, 비케이솔라, 와이알에너지, 유현그린, 케이앤씨그린북, 디앤피상주, 적화솔라, 솔라시너지햇빛1호, 이인메가태양광, 솔라팩토리22호, 솔라팩토리19호",physical_asset,,운용,,project_name,ast_62b8dcc42c6b,112584,,435호,특별자산,,underlying_asset,,direct_owner,direct,0.94,,resolved,no_project_link,no_project_link,fund_assets,58421,,,verified,0.94
missing_one_or_more_names,판교아이스퀘어C1블럭상업및숙박시설,,,경기도 성남시 수정구 창업로 18,,physical_asset,오피스복합,,,fund_name; project_name,ast_62cb735c467e,,,,,,,,,,,,no_fund_link,no_project_link,no_project_link,,,,,verified,
missing_one_or_more_names,수익/지분증권,,,,,physical_asset,,,,fund_name; project_name,ast_636fb46b115d,,,,,,,,,,,,no_fund_link,no_project_link,no_project_link,,,,,verified,
missing_one_or_more_names,잭니클라우스GC 단독주택부지 담보신탁 1순위 우선수익권 담보부대출,,,인천광역시 연수구 송도동 117-91외,,physical_asset,주거,,,fund_name; project_name,ast_6384991ee54c,,,,,,,,,,,,no_fund_link,no_project_link,no_project_link,,,,,verified,
missing_one_or_more_names,"공모주, 스팩, 국내 주식, 집합투자증권, 레포",,,,,physical_asset,,,,fund_name; project_name,ast_640aad4b6a23,,,,,,,,,,,,no_fund_link,no_project_link,no_project_link,,,,,verified,
missing_one_or_more_names,티맥스수내타워,,,경기도 성남시 분당구 수내동 6-4,,physical_asset,오피스,,,fund_name; project_name,ast_6447958fda73,,,,,,,,,,,,no_fund_link,no_project_link,no_project_link,,,,,verified,
missing_one_or_more_names,Atlanta Office Midtown II,이지스글로벌일반사모부동산투자신탁50호,,"725 West Peachtree Street, Fulton County, GA 30308, Atlanta","Atlanta Office Midtown I, Atlanta Office Midtown II, Atlanta Office Midtown 주차빌딩",physical_asset,오피스,운용,,project_name,ast_6459d1f7f3f6,112049,,50호,오피스,,underlying_asset,,direct_owner,direct,0.94,,resolved,no_project_link,no_project_link,fund_assets,57925,,,verified,0.94
missing_one_or_more_names,"국내 상장 리츠, 신주인수권증서, 공모주",,,,,physical_asset,,,,fund_name; project_name,ast_648143d38572,,,,,,,,,,,,no_fund_link,no_project_link,no_project_link,,,,,verified,
missing_one_or_more_names,채권,,,,,physical_asset,,,,fund_name; project_name,ast_64e52adcf2aa,,,,,,,,,,,,no_fund_link,no_project_link,no_project_link,,,,,verified,
missing_one_or_more_names,비상장 상환전환우선주,,,,,physical_asset,,,,fund_name; project_name,ast_64ee5ce858e3,,,,,,,,,,,,no_fund_link,no_project_link,no_project_link,,,,,verified,
missing_one_or_more_names,아버하이츠 오우기오하시,,,일본 도쿄도 23구 내,,physical_asset,,,,fund_name; project_name,ast_656236266bd0,,,,,,,,,,,,no_fund_link,no_project_link,no_project_link,,,,,verified,
missing_one_or_more_names,Courtyard by Marriott,,,1500 Nolan Ryan Expressway,,physical_asset,호텔,,,fund_name; project_name,ast_65a77996a9ee,,,,,,,,,,,,no_fund_link,no_project_link,no_project_link,,,,,verified,
missing_one_or_more_names,이지스 130호(모) 제2-1종 수익증권,,,서울특별시 중구 청계천로 100,,physical_asset,,,,fund_name; project_name,ast_65a880c4a803,,,,,,,,,,,,no_fund_link,no_project_link,no_project_link,,,,,verified,
missing_one_or_more_names,구리시 수택동 주거용 오피스텔,,,경기도 구리시 수택동 370,,physical_asset,주거,,,fund_name; project_name,ast_65fb39722de4,,,,,,,,,,,,no_fund_link,no_project_link,no_project_link,,,,,verified,
missing_one_or_more_names,"채권, 국내 주식, ETF, 공모주, 스팩",,,,,physical_asset,,,,fund_name; project_name,ast_6631b5895164,,,,,,,,,,,,no_fund_link,no_project_link,no_project_link,,,,,verified,
missing_one_or_more_names,파주 운정지구 오피스 개발사업,,,경기도 파주시 와동동 1433번지,,physical_asset,오피스,,,fund_name; project_name,ast_66c76bd0edbb,,,,,,,,,,,,no_fund_link,no_project_link,no_project_link,,,,,verified,
missing_one_or_more_names,케이앤씨솔라리아,이지스일반사모투자신탁377호,,경북 의성군 다인면 삼분리 산 101-14,"환성2호태양광발전소, 환성3호태양광발전소, 예지안빛에너지, 장춘3호태양광발전소, 하늘별빛에너지태양광발전소, 해누리7호태양광발전소, 천리에너지2호태양광발전소, 엠아이에너지태양광발전소, 한국쏠라알피에스태양광발전소, 솔라팜1호, 솔라팜2호, 삼산태양광발전소, 맥스에너지하리태양광발전, 맥스에너지금성태양광발전, 제이에스금계태양광발전, 지동쏠라에너지태양광발전, 성남제이씨에너지, 선그린에너지, 일순에너지, 스카이에너지, 에이스쏠라, 디앤피옥연, 디앤피영천신기, 곡성, 케이앤씨해바라기, 케이앤씨솔라리아, 호니파워, 에스디일호, 에스플래닛삼십사호, 아인에너지, 제이피에너지",physical_asset,,운용,,project_name,ast_67c6580ada7b,112466,,377호,특별자산,,underlying_asset,,direct_owner,direct,0.94,,resolved,no_project_link,no_project_link,fund_assets,58286,,,verified,0.94
missing_one_or_more_names,삼부빌딩 개발사업,,,중구 남창동 9-1 외 4필지,,physical_asset,오피스,,,fund_name; project_name,ast_6823b524f42f,,,,,,,,,,,,no_fund_link,no_project_link,no_project_link,,,,,verified,
missing_one_or_more_names,PASEO 토부네리마,,,일본 도쿄도 23구 내,,physical_asset,,,,fund_name; project_name,ast_683e8481561e,,,,,,,,,,,,no_fund_link,no_project_link,no_project_link,,,,,verified,
missing_one_or_more_names,이지스 코어에너지인프라 1호 수익증권,,,,,physical_asset,,,,fund_name; project_name,ast_697ed2622b49,,,,,,,,,,,,no_fund_link,no_project_link,no_project_link,,,,,verified,
missing_one_or_more_names,Colony Distressed Credit Fund IV,,,,,physical_asset,오피스,,,fund_name; project_name,ast_699a38d90c72,,,,,,,,,,,,no_fund_link,no_project_link,no_project_link,,,,,verified,
missing_one_or_more_names,페어필드 메리어트 서울,,,서울 영등포구 경인로 870,,physical_asset,호텔,,,fund_name; project_name,ast_6a1d2d5f164d,,,,,,,,,,,,no_fund_link,no_project_link,no_project_link,,,,,verified,
missing_one_or_more_names,"이지스411호(200호 재간접, 디어스 판교)",,,경기도 성남시 수정구 대왕판교로 815,,physical_asset,,,,fund_name; project_name,ast_6b3f8d30ec34,,,,,,,,,,,,no_fund_link,no_project_link,no_project_link,,,,,verified,
missing_one_or_more_names,누디트 홍대,,,서울특별시 서교동 460-25,,physical_asset,호텔복합,,,fund_name; project_name,ast_6be590f974c1,,,,,,,,,,,,no_fund_link,no_project_link,no_project_link,,,,,verified,
missing_one_or_more_names,"공모주, 스팩, 국내 주식, 집합투자증권, 레포",,,,,physical_asset,,,,fund_name; project_name,ast_6bec29e8a059,,,,,,,,,,,,no_fund_link,no_project_link,no_project_link,,,,,verified,
missing_one_or_more_names,홈플러스동수원점,,,경기도 수원시 팔달구 인계동 1045,,physical_asset,리테일,,,fund_name; project_name,ast_6bfb26e9f2e6,,,,,,,,,,,,no_fund_link,no_project_link,no_project_link,,,,,verified,
missing_one_or_more_names,"글로벌 리츠, 해외 주식",,,,,physical_asset,,,,fund_name; project_name,ast_6c23d16c3202,,,,,,,,,,,,no_fund_link,no_project_link,no_project_link,,,,,verified,
missing_one_or_more_names,롯데마트대덕점,,,대전광역시 유성구 관평동 887,,physical_asset,리테일,,,fund_name; project_name,ast_6ce950493e21,,,,,,,,,,,,no_fund_link,no_project_link,no_project_link,,,,,verified,
missing_one_or_more_names,가산 임대형기숙사개발사업,,,서울시 금천구 가산동 319-18,,physical_asset,주거,,,fund_name; project_name,ast_6d43f949aadc,,,,,,,,,,,,no_fund_link,no_project_link,no_project_link,,,,,verified,
missing_one_or_more_names,Helios Sidecar II L.P.의 수익증권,,,,,physical_asset,,,,fund_name; project_name,ast_6d46843010b7,,,,,,,,,,,,no_fund_link,no_project_link,no_project_link,,,,,verified,
missing_one_or_more_names,두동 LG전자 통합물류센터,,,경상남도 창원시 진해구 두동 1875,,physical_asset,물류센터,,,fund_name; project_name,ast_6d6422bca00c,,,,,,,,,,,,no_fund_link,no_project_link,no_project_link,,,,,verified,
missing_one_or_more_names,GRAN PASEO 신주쿠,,,일본 도쿄도 23구 내,,physical_asset,,,,fund_name; project_name,ast_6e0f3b872714,,,,,,,,,,,,no_fund_link,no_project_link,no_project_link,,,,,verified,
missing_one_or_more_names,일순에너지,이지스일반사모투자신탁377호,,충청남도 금산군 남일면 신정리 122-1,"환성2호태양광발전소, 환성3호태양광발전소, 예지안빛에너지, 장춘3호태양광발전소, 하늘별빛에너지태양광발전소, 해누리7호태양광발전소, 천리에너지2호태양광발전소, 엠아이에너지태양광발전소, 한국쏠라알피에스태양광발전소, 솔라팜1호, 솔라팜2호, 삼산태양광발전소, 맥스에너지하리태양광발전, 맥스에너지금성태양광발전, 제이에스금계태양광발전, 지동쏠라에너지태양광발전, 성남제이씨에너지, 선그린에너지, 일순에너지, 스카이에너지, 에이스쏠라, 디앤피옥연, 디앤피영천신기, 곡성, 케이앤씨해바라기, 케이앤씨솔라리아, 호니파워, 에스디일호, 에스플래닛삼십사호, 아인에너지, 제이피에너지",physical_asset,,운용,,project_name,ast_6e21f7f90ac5,112466,,377호,특별자산,,underlying_asset,,direct_owner,direct,0.94,,resolved,no_project_link,no_project_link,fund_assets,58279,,,verified,0.94
missing_one_or_more_names,"BBB+ 이하 채권, 공모주, 스팩, ETF, 이벤트 드리븐, 레포",,,,,physical_asset,,,,fund_name; project_name,ast_6e2b174fa83f,,,,,,,,,,,,no_fund_link,no_project_link,no_project_link,,,,,verified,
missing_one_or_more_names,Barcelona Office Fontanella,이지스유럽코어일반사모부동산투자신탁제89호,,"De Fontanella, 6-8, 08010 Barcelona, Spain","Hamburg Office Fleet II, Brussels Office Brederode, Barcelona Office Fontanella, Prague Office Praga Studios, Paris Office Louis David",physical_asset,,운용,,project_name,ast_6edbffb304dc,112093,,89호,복합(오피스),,underlying_asset,,direct_owner,direct,0.94,,resolved,no_project_link,no_project_link,fund_assets,57966,,,verified,0.94
missing_one_or_more_names,국내 상장 리츠,,,,,physical_asset,,,,fund_name; project_name,ast_6f30b531d9a2,,,,,,,,,,,,no_fund_link,no_project_link,no_project_link,,,,,verified,
missing_one_or_more_names,Courtyard Tallahassee Capital,,,1018 Apalachee Parkway,,physical_asset,호텔,,,fund_name; project_name,ast_6fad3e601ab5,,,,,,,,,,,,no_fund_link,no_project_link,no_project_link,,,,,verified,
missing_one_or_more_names,이지스일반사모투자신탁435호(태양광),이지스일반사모투자신탁435호(태양광),,대저1동 1619,"다산1, 동서발전, 진이엔지, 현대산업쏠라5호, 케이앤스틸테크놀로지, 리에너지, 지우태양광, 에스지, 케이앤씨벨에포크, 케이에이치테크단북1호, 미션, 윈즈에너지, 이큐에너지, 소망, 청수, 봉산햇빛, 행암에너지일호, 도원에너지, 솔빛에너지, 에스와이솔라, 에이치엠솔라1, 이에스에이치12, 지티씨솔라13호, 강구16호, 외삼1호, 외삼2호, 솔라트리1호, 김송하, 에스이피브, 케이앤씨헤르메스, 모두에너지, 솔라팩토리10호, 씨에스에너텍, 알이씨에너지, 알이엔네트웍스, 어량리, 비케이솔라, 와이알에너지, 유현그린, 케이앤씨그린북, 디앤피상주, 적화솔라, 솔라시너지햇빛1호, 이인메가태양광, 솔라팩토리22호, 솔라팩토리19호",physical_asset,,운용,,project_name,ast_6fbb0d555e87,112584,,435호,특별자산,,underlying_asset,,direct_owner,direct,0.98,,resolved,no_project_link,no_project_link,fund_assets,58430,,,auto_created,0.98
missing_one_or_more_names,Courtyard by Marriott,,,1045 Stevens Creek Road,,physical_asset,호텔,,,fund_name; project_name,ast_70643a0dfbdd,,,,,,,,,,,,no_fund_link,no_project_link,no_project_link,,,,,verified,
missing_one_or_more_names,와이에이치파워4 주식,이지스코어에너지인프라일반사모투자신탁제1호,,,"한림그린에너지 주식 및 대여금, 코어그린에너지 주식 및 대여금, 이지스유에이치 주식 및 대여금, 유에이치파워 대여금, 와이에이치파워1 주식, 와이에이치파워2 주식, 와이에이치파워3 주식, 와이에이치파워4 주식",physical_asset,,운용,,project_name,ast_70826a89921c,120045,,코어에너지1호,특별자산,,underlying_asset,,direct_owner,direct,0.94,,resolved,no_project_link,no_project_link,fund_assets,58634,,,verified,0.94
missing_one_or_more_names,미국 뉴욕 맨하탄 소재 오피스 자산 “285 Madison Avenue”의 선순위,,,"285 Madison Avenue, New York, NY 10017",,physical_asset,오피스,,,fund_name; project_name,ast_70ace4e1d11b,,,,,,,,,,,,no_fund_link,no_project_link,no_project_link,,,,,verified,
missing_one_or_more_names,"이지스기회추구2-2호(353호,OPUS459/舊백암빌딩)",,,,,physical_asset,오피스복합,,,fund_name; project_name,ast_71152b54836a,,,,,,,,,,,,no_fund_link,no_project_link,no_project_link,,,,,verified,
missing_one_or_more_names,SB Holding AB 그룹의 MidCo에 대한 중순위 대출,,,,,physical_asset,,,,fund_name; project_name,ast_713975b50199,,,,,,,,,,,,no_fund_link,no_project_link,no_project_link,,,,,verified,
missing_one_or_more_names,이지스151호(더샵 부평),,,인천시 부평구 십정동 216번지 일원,,physical_asset,,,,fund_name; project_name,ast_718a6d8b52dc,,,,,,,,,,,,no_fund_link,no_project_link,no_project_link,,,,,verified,
missing_one_or_more_names,리에너지,이지스일반사모투자신탁435호(태양광),,경북 상주시 사벌국면 용담리 산42-1,"다산1, 동서발전, 진이엔지, 현대산업쏠라5호, 케이앤스틸테크놀로지, 리에너지, 지우태양광, 에스지, 케이앤씨벨에포크, 케이에이치테크단북1호, 미션, 윈즈에너지, 이큐에너지, 소망, 청수, 봉산햇빛, 행암에너지일호, 도원에너지, 솔빛에너지, 에스와이솔라, 에이치엠솔라1, 이에스에이치12, 지티씨솔라13호, 강구16호, 외삼1호, 외삼2호, 솔라트리1호, 김송하, 에스이피브, 케이앤씨헤르메스, 모두에너지, 솔라팩토리10호, 씨에스에너텍, 알이씨에너지, 알이엔네트웍스, 어량리, 비케이솔라, 와이알에너지, 유현그린, 케이앤씨그린북, 디앤피상주, 적화솔라, 솔라시너지햇빛1호, 이인메가태양광, 솔라팩토리22호, 솔라팩토리19호",physical_asset,,운용,,project_name,ast_71ccb419b102,112584,,435호,특별자산,,underlying_asset,,direct_owner,direct,0.94,,resolved,no_project_link,no_project_link,fund_assets,58416,,,verified,0.94
missing_one_or_more_names,유현그린,이지스일반사모투자신탁435호(태양광),,충북 진천군 문백면 계산리 359-1,"다산1, 동서발전, 진이엔지, 현대산업쏠라5호, 케이앤스틸테크놀로지, 리에너지, 지우태양광, 에스지, 케이앤씨벨에포크, 케이에이치테크단북1호, 미션, 윈즈에너지, 이큐에너지, 소망, 청수, 봉산햇빛, 행암에너지일호, 도원에너지, 솔빛에너지, 에스와이솔라, 에이치엠솔라1, 이에스에이치12, 지티씨솔라13호, 강구16호, 외삼1호, 외삼2호, 솔라트리1호, 김송하, 에스이피브, 케이앤씨헤르메스, 모두에너지, 솔라팩토리10호, 씨에스에너텍, 알이씨에너지, 알이엔네트웍스, 어량리, 비케이솔라, 와이알에너지, 유현그린, 케이앤씨그린북, 디앤피상주, 적화솔라, 솔라시너지햇빛1호, 이인메가태양광, 솔라팩토리22호, 솔라팩토리19호",physical_asset,,운용,,project_name,ast_71e2c09c8e7e,112584,,435호,특별자산,,underlying_asset,,direct_owner,direct,0.94,,resolved,no_project_link,no_project_link,fund_assets,58449,,,verified,0.94
missing_one_or_more_names,아이에이제십육차유동화전문 유한회사,이지스NPL일반사모부동산투자신탁제4호,,,"금융기관 등이 보유하는 담보부 부실 대출재권, 기타 부실징후자산 및 기업관련 대출 채권 등(블라인드), 아이에이제십오차유동화전문 유한회사, 아이에이제십육차유동화전문 유한회사",physical_asset,특별자산,운용,,project_name,ast_720898f0f98d,120056,,NPL4호,NPL,,underlying_asset,,direct_owner,direct,0.94,,resolved,no_project_link,no_project_link,fund_assets,58644,,,verified,0.94
missing_one_or_more_names,Washington D.C. Atlantic Building Senior Loan,,,"950 F Street, NW Washington, D.C. 20004",,physical_asset,,,,fund_name; project_name,ast_72454765bf79,,,,,,,,,,,,no_fund_link,no_project_link,no_project_link,,,,,verified,
missing_one_or_more_names,"CollerCredit Secondaries - Opportunities Fund II-B, L.P.",,,,,physical_asset,,,,fund_name; project_name,ast_733ffde19ae9,,,,,,,,,,,,no_fund_link,no_project_link,no_project_link,,,,,verified,
missing_one_or_more_names,일산CLC,,,"경기도 고양시 일산동구 장항동 889,889-1,889-2",,physical_asset,리테일,,,fund_name; project_name,ast_740742dbd00f,,,,,,,,,,,,no_fund_link,no_project_link,no_project_link,,,,,verified,
missing_one_or_more_names,탑빌딩,,,경기도 성남시 분당구 야탑동 361-4,,physical_asset,오피스,,,fund_name; project_name,ast_7418f76af537,,,,,,,,,,,,no_fund_link,no_project_link,no_project_link,,,,,verified,
missing_one_or_more_names,페어필드 메리어트 서울 메자닌 대출,,,서울특별시 영등포구 영등포동1가 143-3,,physical_asset,호텔,,,fund_name; project_name,ast_74207a7495b3,,,,,,,,,,,,no_fund_link,no_project_link,no_project_link,,,,,verified,
missing_one_or_more_names,글로벌 리츠,,,,,physical_asset,,,,fund_name; project_name,ast_7447893893dc,,,,,,,,,,,,no_fund_link,no_project_link,no_project_link,,,,,verified,
missing_one_or_more_names,포포인츠바이쉐라톤조선서울명동,,,서울특별시 중구 삼일대로10길 36,,physical_asset,호텔,,,fund_name; project_name,ast_74aec6939fcf,,,,,,,,,,,,no_fund_link,no_project_link,no_project_link,,,,,verified,
missing_one_or_more_names,원그로브(마곡CP4 복합개발사업),,,"서울시 강서구 마곡동 769,769-1",,physical_asset,오피스복합,,,fund_name; project_name,ast_74c55ca84e27,,,,,,,,,,,,no_fund_link,no_project_link,no_project_link,,,,,verified,
missing_one_or_more_names,에스엔에스랩,,,,,physical_asset,기업주식,,,fund_name; project_name,ast_74c87d399577,,,,,,,,,,,,no_fund_link,no_project_link,no_project_link,,,,,verified,
missing_one_or_more_names,"AA- 이상 채권, 국내 상장 리츠, 공모주, 스팩",,,,,physical_asset,,,,fund_name; project_name,ast_751de8bd6b77,,,,,,,,,,,,no_fund_link,no_project_link,no_project_link,,,,,verified,
missing_one_or_more_names,동산물류센터,,,경기도 이천시 호법면 매곡리 977-5외 6필지,,physical_asset,물류센터,,,fund_name; project_name,ast_7530c5363c92,,,,,,,,,,,,no_fund_link,no_project_link,no_project_link,,,,,verified,
missing_one_or_more_names,목동 트라팰리스 스퀘어,,,"서울시 양천구 목동 962,962-1",,physical_asset,리테일,,,fund_name; project_name,ast_755dc2078b8b,,,,,,,,,,,,no_fund_link,no_project_link,no_project_link,,,,,verified,
missing_one_or_more_names,지동쏠라에너지태양광발전,이지스일반사모투자신탁377호,,강원도 평창군 평창읍 지동리 320,"환성2호태양광발전소, 환성3호태양광발전소, 예지안빛에너지, 장춘3호태양광발전소, 하늘별빛에너지태양광발전소, 해누리7호태양광발전소, 천리에너지2호태양광발전소, 엠아이에너지태양광발전소, 한국쏠라알피에스태양광발전소, 솔라팜1호, 솔라팜2호, 삼산태양광발전소, 맥스에너지하리태양광발전, 맥스에너지금성태양광발전, 제이에스금계태양광발전, 지동쏠라에너지태양광발전, 성남제이씨에너지, 선그린에너지, 일순에너지, 스카이에너지, 에이스쏠라, 디앤피옥연, 디앤피영천신기, 곡성, 케이앤씨해바라기, 케이앤씨솔라리아, 호니파워, 에스디일호, 에스플래닛삼십사호, 아인에너지, 제이피에너지",physical_asset,,운용,,project_name,ast_75abb17c6fb9,112466,,377호,특별자산,,underlying_asset,,direct_owner,direct,0.94,,resolved,no_project_link,no_project_link,fund_assets,58276,,,verified,0.94
missing_one_or_more_names,국내 리츠,,,,,physical_asset,,,,fund_name; project_name,ast_760783862172,,,,,,,,,,,,no_fund_link,no_project_link,no_project_link,,,,,verified,
missing_one_or_more_names,반포 이수화학 본사 사옥(재간접),,,서울시 서초구 반포동 112-4 외 8필지,,physical_asset,오피스,,,fund_name; project_name,ast_762c9fa6b134,,,,,,,,,,,,no_fund_link,no_project_link,no_project_link,,,,,verified,
missing_one_or_more_names,씨티플라자,,,서울특별시 영등포구 여의도동 여의도동 25,,physical_asset,오피스,,,fund_name; project_name,ast_764edeb2506b,,,,,,,,,,,,no_fund_link,no_project_link,no_project_link,,,,,verified,
missing_one_or_more_names,"이지스기회추구2-2호(353호,OPUS459/舊백암빌딩)",,,,,physical_asset,오피스복합,,,fund_name; project_name,ast_7652b80e18a2,,,,,,,,,,,,no_fund_link,no_project_link,no_project_link,,,,,verified,
missing_one_or_more_names,이지스코어리테일부동산투자신탁302호(운용),이지스코어리테일부동산투자신탁302호(운용),,전북특별자치도 전주시 완산구 중노송동 495-6,"홈플러스 인천인하점, 홈플러스 대전문화점, 홈플러스 전주완산점",physical_asset,,청산,,project_name,ast_765cc3a1898a,112344,,302호,리테일,,underlying_asset,,direct_owner,direct,0.98,,resolved,no_project_link,no_project_link,fund_assets,58182,,,auto_created,0.98
missing_one_or_more_names,이큐에너지,이지스일반사모투자신탁435호(태양광),,경상북도 영주시 조와동 346 일원,"다산1, 동서발전, 진이엔지, 현대산업쏠라5호, 케이앤스틸테크놀로지, 리에너지, 지우태양광, 에스지, 케이앤씨벨에포크, 케이에이치테크단북1호, 미션, 윈즈에너지, 이큐에너지, 소망, 청수, 봉산햇빛, 행암에너지일호, 도원에너지, 솔빛에너지, 에스와이솔라, 에이치엠솔라1, 이에스에이치12, 지티씨솔라13호, 강구16호, 외삼1호, 외삼2호, 솔라트리1호, 김송하, 에스이피브, 케이앤씨헤르메스, 모두에너지, 솔라팩토리10호, 씨에스에너텍, 알이씨에너지, 알이엔네트웍스, 어량리, 비케이솔라, 와이알에너지, 유현그린, 케이앤씨그린북, 디앤피상주, 적화솔라, 솔라시너지햇빛1호, 이인메가태양광, 솔라팩토리22호, 솔라팩토리19호",physical_asset,,운용,,project_name,ast_7672f8ce7f37,112584,,435호,특별자산,,underlying_asset,,direct_owner,direct,0.94,,resolved,no_project_link,no_project_link,fund_assets,58423,,,verified,0.94
missing_one_or_more_names,글로벌 리츠,이지스글로벌시그니처리츠전문투자형사모부동산투자신탁,,,글로벌 리츠,physical_asset,오피스,청산,,project_name,ast_7689cf60369b,112334,,시그니처리츠,기타,,underlying_asset,,direct_owner,direct,0.94,,resolved,no_project_link,no_project_link,fund_assets,58172,,,verified,0.94
missing_one_or_more_names,글로벌 리츠,이지스글로벌시그니처리츠전문투자형사모부동산투자신탁Class A,,,글로벌 리츠,physical_asset,오피스,청산,,project_name,ast_7689cf60369b,112335,,시그니처리츠(A),기타,,underlying_asset,,direct_owner,direct,0.94,,resolved,no_project_link,no_project_link,fund_assets,58173,,,verified,0.94
missing_one_or_more_names,글로벌 리츠,이지스글로벌시그니처리츠전문투자형사모부동산투자신탁 Class C,,,,physical_asset,오피스,미설정,,project_name,ast_7689cf60369b,112336,,시그니처리츠(C),기타,,inferred_underlying_asset,,direct_owner,inferred_direct,0.95,,resolved,no_project_link,no_project_link,funds,112336,,,verified,0.94
missing_one_or_more_names,글로벌 리츠,이지스글로벌시그니처리츠전문투자형사모부동산투자신탁 Class C-I,,,,physical_asset,오피스,미설정,,project_name,ast_7689cf60369b,112337,,시그니처리츠(C-I),기타,,inferred_underlying_asset,,direct_owner,inferred_direct,0.95,,resolved,no_project_link,no_project_link,funds,112337,,,verified,0.94
missing_one_or_more_names,이지스일반사모426호(1종),,,,,physical_asset,물류센터,,,fund_name; project_name,ast_768ab56efe64,,,,,,,,,,,,no_fund_link,no_project_link,no_project_link,,,,,verified,
missing_one_or_more_names,피겨앤그라운드,,,서울시 강남구 신사동 543,,physical_asset,리테일,,,fund_name; project_name,ast_769515754a68,,,,,,,,,,,,no_fund_link,no_project_link,no_project_link,,,,,verified,
missing_one_or_more_names,Partners Group Private Loan SICAV-SIF,,,,,physical_asset,,,,fund_name; project_name,ast_76ad3509ee19,,,,,,,,,,,,no_fund_link,no_project_link,no_project_link,,,,,verified,
missing_one_or_more_names,분당야탑물류센터,,,,,physical_asset,물류센터,,,fund_name; project_name,ast_76b291b30aae,,,,,,,,,,,,no_fund_link,no_project_link,no_project_link,,,,,verified,
missing_one_or_more_names,"국내 상장 리츠, 주식, ETF, 공모주, 이벤트 드리븐",,,,,physical_asset,,,,fund_name; project_name,ast_76dc6e70b8de,,,,,,,,,,,,no_fund_link,no_project_link,no_project_link,,,,,verified,
missing_one_or_more_names,Odawara Logistics Amazon FC,,,아래 자산별 상세 내역,,physical_asset,물류센터,,,fund_name; project_name,ast_77132a62be4b,,,,,,,,,,,,no_fund_link,no_project_link,no_project_link,,,,,verified,
missing_one_or_more_names,"NH농협생명빌딩 동관(구, 임광빌딩 신관)",,,서울특별시 서대문구 미근동 257,,physical_asset,오피스,,,fund_name; project_name,ast_7773542720e0,,,,,,,,,,,,no_fund_link,no_project_link,no_project_link,,,,,verified,
missing_one_or_more_names,동삭센토피아 지역주택조합 아파트,,,경기도 평택시 동삭동 342번지 일원,,physical_asset,주거,,,fund_name; project_name,ast_77c2451f5139,,,,,,,,,,,,no_fund_link,no_project_link,no_project_link,,,,,verified,
missing_one_or_more_names,케이앤씨그린북,이지스일반사모투자신탁435호(태양광),,"충남 논산시 은진면 용산리 296, 299-5","다산1, 동서발전, 진이엔지, 현대산업쏠라5호, 케이앤스틸테크놀로지, 리에너지, 지우태양광, 에스지, 케이앤씨벨에포크, 케이에이치테크단북1호, 미션, 윈즈에너지, 이큐에너지, 소망, 청수, 봉산햇빛, 행암에너지일호, 도원에너지, 솔빛에너지, 에스와이솔라, 에이치엠솔라1, 이에스에이치12, 지티씨솔라13호, 강구16호, 외삼1호, 외삼2호, 솔라트리1호, 김송하, 에스이피브, 케이앤씨헤르메스, 모두에너지, 솔라팩토리10호, 씨에스에너텍, 알이씨에너지, 알이엔네트웍스, 어량리, 비케이솔라, 와이알에너지, 유현그린, 케이앤씨그린북, 디앤피상주, 적화솔라, 솔라시너지햇빛1호, 이인메가태양광, 솔라팩토리22호, 솔라팩토리19호",physical_asset,,운용,,project_name,ast_77ede44aa23a,112584,,435호,특별자산,,underlying_asset,,direct_owner,direct,0.94,,resolved,no_project_link,no_project_link,fund_assets,58450,,,verified,0.94
missing_one_or_more_names,에이스쏠라,이지스일반사모투자신탁377호,,경상북도 영주시 조와동 133,"환성2호태양광발전소, 환성3호태양광발전소, 예지안빛에너지, 장춘3호태양광발전소, 하늘별빛에너지태양광발전소, 해누리7호태양광발전소, 천리에너지2호태양광발전소, 엠아이에너지태양광발전소, 한국쏠라알피에스태양광발전소, 솔라팜1호, 솔라팜2호, 삼산태양광발전소, 맥스에너지하리태양광발전, 맥스에너지금성태양광발전, 제이에스금계태양광발전, 지동쏠라에너지태양광발전, 성남제이씨에너지, 선그린에너지, 일순에너지, 스카이에너지, 에이스쏠라, 디앤피옥연, 디앤피영천신기, 곡성, 케이앤씨해바라기, 케이앤씨솔라리아, 호니파워, 에스디일호, 에스플래닛삼십사호, 아인에너지, 제이피에너지",physical_asset,,운용,,project_name,ast_782f84536edf,112466,,377호,특별자산,,underlying_asset,,direct_owner,direct,0.94,,resolved,no_project_link,no_project_link,fund_assets,58281,,,verified,0.94
missing_one_or_more_names,코어그린에너지 주식 및 대여금,,,,,physical_asset,,,,fund_name; project_name,ast_7895e015edf7,,,,,,,,,,,,no_fund_link,no_project_link,no_project_link,,,,,verified,
missing_one_or_more_names,Courtyard Detroit Dearborn,,,5200 Mercury Drive,,physical_asset,호텔,,,fund_name; project_name,ast_78c438a9c9a1,,,,,,,,,,,,no_fund_link,no_project_link,no_project_link,,,,,verified,
missing_one_or_more_names,"NH농협생명빌딩 서관(구, 임광빌딩 본관)",,,서울특별시 서대문구 미근동 267,,physical_asset,오피스,,,fund_name; project_name,ast_790533b0da44,,,,,,,,,,,,no_fund_link,no_project_link,no_project_link,,,,,verified,
missing_one_or_more_names,삼일빌딩,,,서울시 종로구 관철동 10-2 및 7-3,,physical_asset,오피스,,,fund_name; project_name,ast_791b962e0c10,,,,,,,,,,,,no_fund_link,no_project_link,no_project_link,,,,,verified,
missing_one_or_more_names,"집합투자증권, 조합 출자지분, 메자닌, 이벤트 드리븐, 공모주, 스팩, ETF",,,,,physical_asset,,,,fund_name; project_name,ast_793a6f36a0f5,,,,,,,,,,,,no_fund_link,no_project_link,no_project_link,,,,,verified,
missing_one_or_more_names,강남구 역삼동 오피스텔 및 근린생활시설 신축사업,,,"서울시 강남구 역삼동 605-17, 605-27번지",,physical_asset,오피스복합,,,fund_name; project_name,ast_79be067b7ddd,,,,,,,,,,,,no_fund_link,no_project_link,no_project_link,,,,,verified,
missing_one_or_more_names,안성 홈플러스 중부허브 물류센터,,,경기도 안성시 원곡면 칠곡리 941번지,,physical_asset,물류센터,,,fund_name; project_name,ast_79c9f274cd28,,,,,,,,,,,,no_fund_link,no_project_link,no_project_link,,,,,verified,
missing_one_or_more_names,아이에이제십오차유동화전문 유한회사,,,,,physical_asset,특별자산,,,fund_name; project_name,ast_79e367791fe8,,,,,,,,,,,,no_fund_link,no_project_link,no_project_link,,,,,verified,
missing_one_or_more_names,화성 석포리 물류센터,,,경기도 화성시 장안면 석포리 147-12,,physical_asset,물류센터,,,fund_name; project_name,ast_7a24bbf34ad5,,,,,,,,,,,,no_fund_link,no_project_link,no_project_link,,,,,verified,
missing_one_or_more_names,이지스354호 수익증권,,,"경기도 하남시  풍산동 607-2,3",,physical_asset,데이터센터,,,fund_name; project_name,ast_7a29ef0974d5,,,,,,,,,,,,no_fund_link,no_project_link,no_project_link,,,,,verified,
missing_one_or_more_names,이지스데이터센터위탁관리부동산투자회사 주식회사,이지스데이터센터위탁관리부동산투자회사 주식회사,,야탑동 343-1,"분당Hostway IDC, 북미DC포트폴리오",physical_asset,,운용,,project_name,ast_7a35fc542c9f,R00006,,R데이터센터,기타,,underlying_asset,,direct_owner,direct,0.98,,resolved,no_project_link,no_project_link,fund_assets,58754,,,auto_created,0.98
missing_one_or_more_names,롯데마트대덕점,,,대전광역시 유성구 관평동 887,,physical_asset,리테일,,,fund_name; project_name,ast_7a55d14dbec0,,,,,,,,,,,,no_fund_link,no_project_link,no_project_link,,,,,verified,
missing_one_or_more_names,신영문봉PFV의 대출채권 및 지분증권,,,경기도 고양시 일산동구 문봉동 16-21 외,,physical_asset,데이터센터,,,fund_name; project_name,ast_7aa7a870d57d,,,,,,,,,,,,no_fund_link,no_project_link,no_project_link,,,,,verified,
missing_one_or_more_names,현대산업쏠라5호,이지스일반사모투자신탁435호(태양광),,"경북 의성군 옥산면 입암리 7,9,10","다산1, 동서발전, 진이엔지, 현대산업쏠라5호, 케이앤스틸테크놀로지, 리에너지, 지우태양광, 에스지, 케이앤씨벨에포크, 케이에이치테크단북1호, 미션, 윈즈에너지, 이큐에너지, 소망, 청수, 봉산햇빛, 행암에너지일호, 도원에너지, 솔빛에너지, 에스와이솔라, 에이치엠솔라1, 이에스에이치12, 지티씨솔라13호, 강구16호, 외삼1호, 외삼2호, 솔라트리1호, 김송하, 에스이피브, 케이앤씨헤르메스, 모두에너지, 솔라팩토리10호, 씨에스에너텍, 알이씨에너지, 알이엔네트웍스, 어량리, 비케이솔라, 와이알에너지, 유현그린, 케이앤씨그린북, 디앤피상주, 적화솔라, 솔라시너지햇빛1호, 이인메가태양광, 솔라팩토리22호, 솔라팩토리19호",physical_asset,,운용,,project_name,ast_7b19a096c506,112584,,435호,특별자산,,underlying_asset,,direct_owner,direct,0.94,,resolved,no_project_link,no_project_link,fund_assets,58414,,,verified,0.94
missing_one_or_more_names,켄싱턴 제주호텔 부동산담보신탁 1종 수익권,,,제주특별자치도 서귀포시 색달동 2785 外,,physical_asset,호텔,,,fund_name; project_name,ast_7b6983c76267,,,,,,,,,,,,no_fund_link,no_project_link,no_project_link,,,,,verified,
missing_one_or_more_names,2001아울렛(안양),,,경기도 안양시 만안구 안양동 627-287,,physical_asset,리테일,,,fund_name; project_name,ast_7b6a0d5ee212,,,,,,,,,,,,no_fund_link,no_project_link,no_project_link,,,,,verified,
missing_one_or_more_names,Courtyard Anaheim Buena Park,,,7621 Beach Boulevard,,physical_asset,호텔,,,fund_name; project_name,ast_7b9428967d1a,,,,,,,,,,,,no_fund_link,no_project_link,no_project_link,,,,,verified,
missing_one_or_more_names,신정동 근린생활시설,,,서울 양천구 신정동 329-10번지,,physical_asset,리테일,,,fund_name; project_name,ast_7bb76c255a79,,,,,,,,,,,,no_fund_link,no_project_link,no_project_link,,,,,verified,
missing_one_or_more_names,시온솔라,,,경북 영천시 북안면 효리 산82-1,,physical_asset,,,,fund_name; project_name,ast_7c345c8c857a,,,,,,,,,,,,no_fund_link,no_project_link,no_project_link,,,,,verified,
missing_one_or_more_names,임원,,,강원도 삼척시 원덕읍 임원리 산255,,physical_asset,,,,fund_name; project_name,ast_7cb9a346dc83,,,,,,,,,,,,no_fund_link,no_project_link,no_project_link,,,,,verified,
missing_one_or_more_names,쌈지길,,,"서울특별시 종로구 관훈동 38, 44",,physical_asset,리테일,,,fund_name; project_name,ast_7cf20a80bc30,,,,,,,,,,,,no_fund_link,no_project_link,no_project_link,,,,,verified,
missing_one_or_more_names,타임워크명동,,,서울특별시 중구 명동1가 59-5외 8필지,,physical_asset,오피스복합,,,fund_name; project_name,ast_7cfadd3adb65,,,,,,,,,,,,no_fund_link,no_project_link,no_project_link,,,,,verified,
missing_one_or_more_names,"집합투자증권, 조합 출자지분, 메자닌, 이벤트 드리븐, 공모주, 스팩, ETF",,,,,physical_asset,,,,fund_name; project_name,ast_7d37fa81629c,,,,,,,,,,,,no_fund_link,no_project_link,no_project_link,,,,,verified,
missing_one_or_more_names,시그니처타워,,,서울특별시 중구 청계천로 100,,physical_asset,,,,fund_name; project_name,ast_7d6f8cc1d9cb,,,,,,,,,,,,no_fund_link,no_project_link,no_project_link,,,,,verified,
missing_one_or_more_names,서울시티타워,,,서울특별시 중구 후암로 110(남대문로5가),,physical_asset,오피스,,,fund_name; project_name,ast_7dbf61112b72,,,,,,,,,,,,no_fund_link,no_project_link,no_project_link,,,,,verified,
missing_one_or_more_names,Starwood European Real Estate Debt Finance II (SEREDF II,,,,,physical_asset,오피스복합,,,fund_name; project_name,ast_7dcd599a9654,,,,,,,,,,,,no_fund_link,no_project_link,no_project_link,,,,,verified,
missing_one_or_more_names,롯데마트(대전대덕),,,대전시 유성구 관평동 887,,physical_asset,리테일,,,fund_name; project_name,ast_7de62416869e,,,,,,,,,,,,no_fund_link,no_project_link,no_project_link,,,,,verified,
missing_one_or_more_names,이지스제463호부동산일반사모투자회사,,,후암로110,,physical_asset,오피스,,,fund_name; project_name,ast_7e206e73f6fa,,,,,,,,,,,,no_fund_link,no_project_link,no_project_link,,,,,verified,
missing_one_or_more_names,이태원동 133-17 외 2필지,,,서울특별시 용산구,,physical_asset,리테일,,,fund_name; project_name,ast_7e3205174267,,,,,,,,,,,,no_fund_link,no_project_link,no_project_link,,,,,verified,
missing_one_or_more_names,여의도 신한금융투자타워,,,여의대로70,,physical_asset,오피스,,,fund_name; project_name,ast_7e5918652b7b,,,,,,,,,,,,no_fund_link,no_project_link,no_project_link,,,,,verified,
missing_one_or_more_names,에이치엠솔라1,,,"강원도 원주시 문막읍 반계리 2255-2, 2255-3",,physical_asset,,,,fund_name; project_name,ast_7e82a79ae501,,,,,,,,,,,,no_fund_link,no_project_link,no_project_link,,,,,verified,
missing_one_or_more_names,V플렉스,,,서울특별시 강남구 삼성동 157-27,,physical_asset,오피스,,,fund_name; project_name,ast_7e9acc299d06,,,,,,,,,,,,no_fund_link,no_project_link,no_project_link,,,,,verified,
missing_one_or_more_names,용산더프라임,,,,,physical_asset,오피스,,,fund_name; project_name,ast_7eff2061d2c1,,,,,,,,,,,,no_fund_link,no_project_link,no_project_link,,,,,verified,
missing_one_or_more_names,스카이에너지,이지스일반사모투자신탁377호,,"강원도 정선군 북평면 남평리 271, 271-2","환성2호태양광발전소, 환성3호태양광발전소, 예지안빛에너지, 장춘3호태양광발전소, 하늘별빛에너지태양광발전소, 해누리7호태양광발전소, 천리에너지2호태양광발전소, 엠아이에너지태양광발전소, 한국쏠라알피에스태양광발전소, 솔라팜1호, 솔라팜2호, 삼산태양광발전소, 맥스에너지하리태양광발전, 맥스에너지금성태양광발전, 제이에스금계태양광발전, 지동쏠라에너지태양광발전, 성남제이씨에너지, 선그린에너지, 일순에너지, 스카이에너지, 에이스쏠라, 디앤피옥연, 디앤피영천신기, 곡성, 케이앤씨해바라기, 케이앤씨솔라리아, 호니파워, 에스디일호, 에스플래닛삼십사호, 아인에너지, 제이피에너지",physical_asset,,운용,,project_name,ast_7f04e40d8fcc,112466,,377호,특별자산,,underlying_asset,,direct_owner,direct,0.94,,resolved,no_project_link,no_project_link,fund_assets,58280,,,verified,0.94
missing_one_or_more_names,카이트타워 선순위 담보대출,,,서울특별시 강남구 테헤란로 306,,physical_asset,오피스,,,fund_name; project_name,ast_7f15dadaebbf,,,,,,,,,,,,no_fund_link,no_project_link,no_project_link,,,,,verified,
missing_one_or_more_names,동일타워,,,서울특별시 강남구 대치동 1004,,physical_asset,오피스,,,fund_name; project_name,ast_7f66d2a674c4,,,,,,,,,,,,no_fund_link,no_project_link,no_project_link,,,,,verified,
missing_one_or_more_names,"Golub Capital Partners International 11, L.P.",,,,,physical_asset,,,,fund_name; project_name,ast_7fab604da477,,,,,,,,,,,,no_fund_link,no_project_link,no_project_link,,,,,verified,
missing_one_or_more_names,부산 수영구 광안동 98-1외 7필지 오피스텔 PF대출,,,부산광역시 수영구 광안동 98-1 외 6필지,,physical_asset,주거,,,fund_name; project_name,ast_7fe8561ccfd3,,,,,,,,,,,,no_fund_link,no_project_link,no_project_link,,,,,verified,
missing_one_or_more_names,전환사채,,,,,physical_asset,,,,fund_name; project_name,ast_7ff36ba40390,,,,,,,,,,,,no_fund_link,no_project_link,no_project_link,,,,,verified,
missing_one_or_more_names,Hines European Property Partners,,,,,physical_asset,,,,fund_name; project_name,ast_80fb948c4bbb,,,,,,,,,,,,no_fund_link,no_project_link,no_project_link,,,,,verified,
missing_one_or_more_names,PFV_Westwood 지분증권,,,,,physical_asset,물류센터,,,fund_name; project_name,ast_814387955675,,,,,,,,,,,,no_fund_link,no_project_link,no_project_link,,,,,verified,
missing_one_or_more_names,PASEO 시모키타자와,,,일본 도쿄도 23구 내,,physical_asset,,,,fund_name; project_name,ast_81f9f27b2736,,,,,,,,,,,,no_fund_link,no_project_link,no_project_link,,,,,verified,
missing_one_or_more_names,가로골목,,,서울특별시 강남구 신사동 545-18 외 1필지,,physical_asset,리테일,,,fund_name; project_name,ast_82588f68640c,,,,,,,,,,,,no_fund_link,no_project_link,no_project_link,,,,,verified,
missing_one_or_more_names,TIKEHAU Capital이운용하는TIKEHAU Direct Lending 6L의수익증권,,,,,physical_asset,오피스복합,,,fund_name; project_name,ast_8265c901d300,,,,,,,,,,,,no_fund_link,no_project_link,no_project_link,,,,,verified,
missing_one_or_more_names,잠실새내 오피스텔 신축사업,,,서울 송파구 잠실동 183-12외 2필지,,physical_asset,주거,,,fund_name; project_name,ast_82cde1ed5a30,,,,,,,,,,,,no_fund_link,no_project_link,no_project_link,,,,,verified,
missing_one_or_more_names,Pan-European Infrastructure Fund IV SCSp,,,,,physical_asset,,,,fund_name; project_name,ast_83cfca9b7e9b,,,,,,,,,,,,no_fund_link,no_project_link,no_project_link,,,,,verified,
missing_one_or_more_names,KORNER 136,,,"서울시 마포구 서교동 354-1, 3, 22번지",,physical_asset,리테일,,,fund_name; project_name,ast_84125d66e5f0,,,,,,,,,,,,no_fund_link,no_project_link,no_project_link,,,,,verified,
missing_one_or_more_names,곡성,이지스일반사모투자신탁377호,,전남 순천시 주암면 백록리 산 41-8,"환성2호태양광발전소, 환성3호태양광발전소, 예지안빛에너지, 장춘3호태양광발전소, 하늘별빛에너지태양광발전소, 해누리7호태양광발전소, 천리에너지2호태양광발전소, 엠아이에너지태양광발전소, 한국쏠라알피에스태양광발전소, 솔라팜1호, 솔라팜2호, 삼산태양광발전소, 맥스에너지하리태양광발전, 맥스에너지금성태양광발전, 제이에스금계태양광발전, 지동쏠라에너지태양광발전, 성남제이씨에너지, 선그린에너지, 일순에너지, 스카이에너지, 에이스쏠라, 디앤피옥연, 디앤피영천신기, 곡성, 케이앤씨해바라기, 케이앤씨솔라리아, 호니파워, 에스디일호, 에스플래닛삼십사호, 아인에너지, 제이피에너지",physical_asset,,운용,,project_name,ast_84777620581a,112466,,377호,특별자산,,underlying_asset,,direct_owner,direct,0.94,,resolved,no_project_link,no_project_link,fund_assets,58284,,,verified,0.94
missing_one_or_more_names,국내 리츠,이지스리츠플랫폼일반사모부동산투자신탁,,,국내 리츠,physical_asset,,운용,,project_name,ast_8485bd818e1d,112629,,리츠플랫폼,지분증권,,underlying_asset,,direct_owner,direct,0.94,,resolved,no_project_link,no_project_link,fund_assets,58495,,,verified,0.94
missing_one_or_more_names,국내 리츠,이지스리츠플랫폼일반사모부동산투자신탁 Class A,,,,physical_asset,,미설정,,project_name,ast_8485bd818e1d,112631,,리츠플랫폼(A),,,inferred_underlying_asset,,direct_owner,inferred_direct,0.95,,resolved,no_project_link,no_project_link,funds,112631,,,verified,0.94
missing_one_or_more_names,국내 리츠,이지스리츠플랫폼일반사모부동산투자신탁 Class C,,,,physical_asset,,운용,,project_name,ast_8485bd818e1d,112632,,리츠플랫폼(C),지분증권,,inferred_underlying_asset,,direct_owner,inferred_direct,0.95,,resolved,no_project_link,no_project_link,funds,112632,,,verified,0.94
missing_one_or_more_names,국내 리츠,이지스리츠플랫폼일반사모부동산투자신탁 Class C-f,,,,physical_asset,,미설정,,project_name,ast_8485bd818e1d,112633,,리츠플랫폼(C-i),,,inferred_underlying_asset,,direct_owner,inferred_direct,0.95,,resolved,no_project_link,no_project_link,funds,112633,,,verified,0.94
missing_one_or_more_names,국내 리츠,이지스리츠플랫폼일반사모부동산투자신탁 Class C-g,,,,physical_asset,,운용,,project_name,ast_8485bd818e1d,112634,,리츠플랫폼(C-f),지분증권,,inferred_underlying_asset,,direct_owner,inferred_direct,0.95,,resolved,no_project_link,no_project_link,funds,112634,,,verified,0.94
missing_one_or_more_names,국내 리츠,이지스리츠플랫폼일반사모부동산투자신탁 Class C-i,,,,physical_asset,,미설정,,project_name,ast_8485bd818e1d,112635,,리츠플랫폼(C-g),,,inferred_underlying_asset,,direct_owner,inferred_direct,0.95,,resolved,no_project_link,no_project_link,funds,112635,,,verified,0.94
missing_one_or_more_names,국내 리츠,이지스리츠플랫폼일반사모부동산투자신탁 Class C-w,,,,physical_asset,,미설정,,project_name,ast_8485bd818e1d,112636,,리츠플랫폼(C-w),,,inferred_underlying_asset,,direct_owner,inferred_direct,0.95,,resolved,no_project_link,no_project_link,funds,112636,,,verified,0.94
missing_one_or_more_names,오시리아타워레지던스,,,,,physical_asset,주거,,,fund_name; project_name,ast_84a189ca5219,,,,,,,,,,,,no_fund_link,no_project_link,no_project_link,,,,,verified,
missing_one_or_more_names,한림그린에너지 주식 및 대여금,,,,,physical_asset,,,,fund_name; project_name,ast_84c127b8ca64,,,,,,,,,,,,no_fund_link,no_project_link,no_project_link,,,,,verified,
missing_one_or_more_names,광명 역세권지구 복합시설 신축,,,경기도 광명시 일직동 508-4,,physical_asset,호텔,,,fund_name; project_name,ast_84c4e6c8e0bf,,,,,,,,,,,,no_fund_link,no_project_link,no_project_link,,,,,verified,
missing_one_or_more_names,광화문G타워,,,서울특별시 종로구 수송동 156,,physical_asset,오피스복합,,,fund_name; project_name,ast_855b77ffc374,,,,,,,,,,,,no_fund_link,no_project_link,no_project_link,,,,,verified,
missing_one_or_more_names,최강일 태양광발전소,이지스일반사모투자신탁392호(태양광),,강원도 영월군 상동읍 수래리 194-1,"참빛솔라 태양광발전소, 최강일 태양광발전소, 신명솔라 태양광발전소, 성리태양광발전소, 새금풍력태양광발전소, 엠아이파워, 해량에너지, 시온솔라, 의령1호, 의령2호, 의령3호, 나눔과사랑, 건화솔라, 투태모에너지3호, 비취정보기술, 은하수솔라, 화성솔라, 임원, 누리, 평화와번영, 옥스포드, 미래화희망, 해바라기, 디앤피입암리1호, 한려, 해담은삼척1호",physical_asset,,운용,,project_name,ast_85753c049318,112504,,392호,특별자산,,underlying_asset,,direct_owner,direct,0.94,,resolved,no_project_link,no_project_link,fund_assets,58329,,,verified,0.94
missing_one_or_more_names,롯데마트(나주),,,전라남도 나주시 송월동 1106-2 외 2필지,,physical_asset,리테일,,,fund_name; project_name,ast_859f99e97066,,,,,,,,,,,,no_fund_link,no_project_link,no_project_link,,,,,verified,
missing_one_or_more_names,더피나클강남,,,서울특별시 강남구 논현동 119,,physical_asset,오피스,,,fund_name; project_name,ast_863c34bc88b1,,,,,,,,,,,,no_fund_link,no_project_link,no_project_link,,,,,verified,
missing_one_or_more_names,오투타워,,,서울특별시 영등포구 여의도동 23-6,,physical_asset,오피스,,,fund_name; project_name,ast_8645e842633c,,,,,,,,,,,,no_fund_link,no_project_link,no_project_link,,,,,verified,
missing_one_or_more_names,삼성동 빌딩,,,서울특별시 강남구 삼성로 512,,physical_asset,,,,fund_name; project_name,ast_866314e4db59,,,,,,,,,,,,no_fund_link,no_project_link,no_project_link,,,,,verified,
missing_one_or_more_names,Booster Zabrze 물류단지,,,"Gazdy, 41-806 Zabrze, Poland",,physical_asset,,,,fund_name; project_name,ast_866984747e2a,,,,,,,,,,,,no_fund_link,no_project_link,no_project_link,,,,,verified,
missing_one_or_more_names,Apollo European Principal Finance Fund IV,,,,,physical_asset,,,,fund_name; project_name,ast_86956579cab9,,,,,,,,,,,,no_fund_link,no_project_link,no_project_link,,,,,verified,
missing_one_or_more_names,Pantheon Viking Co-Invest LP,,,,,physical_asset,오피스복합,,,fund_name; project_name,ast_8695f175dd4a,,,,,,,,,,,,no_fund_link,no_project_link,no_project_link,,,,,verified,
missing_one_or_more_names,건대몰오브K,,,서울특별시 광진구 자양동 9-4,,physical_asset,리테일,,,fund_name; project_name,ast_86b73cdb75eb,,,,,,,,,,,,no_fund_link,no_project_link,no_project_link,,,,,verified,
missing_one_or_more_names,맹그로브 동대문,,,서울특별시 중구 광희동2가 238-1,,physical_asset,호텔,,,fund_name; project_name,ast_878300cda6ad,,,,,,,,,,,,no_fund_link,no_project_link,no_project_link,,,,,verified,
missing_one_or_more_names,에스플래닛삼십사호,이지스일반사모투자신탁377호,,"강원도 삼척시 도계읍 전두리 166,167","환성2호태양광발전소, 환성3호태양광발전소, 예지안빛에너지, 장춘3호태양광발전소, 하늘별빛에너지태양광발전소, 해누리7호태양광발전소, 천리에너지2호태양광발전소, 엠아이에너지태양광발전소, 한국쏠라알피에스태양광발전소, 솔라팜1호, 솔라팜2호, 삼산태양광발전소, 맥스에너지하리태양광발전, 맥스에너지금성태양광발전, 제이에스금계태양광발전, 지동쏠라에너지태양광발전, 성남제이씨에너지, 선그린에너지, 일순에너지, 스카이에너지, 에이스쏠라, 디앤피옥연, 디앤피영천신기, 곡성, 케이앤씨해바라기, 케이앤씨솔라리아, 호니파워, 에스디일호, 에스플래닛삼십사호, 아인에너지, 제이피에너지",physical_asset,,운용,,project_name,ast_879736673d32,112466,,377호,특별자산,,underlying_asset,,direct_owner,direct,0.94,,resolved,no_project_link,no_project_link,fund_assets,58289,,,verified,0.94
missing_one_or_more_names,판교아이스퀘어D동,,,경기도 성남시 수정구 창업로 17,,physical_asset,오피스복합,,,fund_name; project_name,ast_880b26b6e8be,,,,,,,,,,,,no_fund_link,no_project_link,no_project_link,,,,,verified,
missing_one_or_more_names,솔라팩토리22호,이지스일반사모투자신탁435호(태양광),,경북 김천시 어모면 남신리 213번지,"다산1, 동서발전, 진이엔지, 현대산업쏠라5호, 케이앤스틸테크놀로지, 리에너지, 지우태양광, 에스지, 케이앤씨벨에포크, 케이에이치테크단북1호, 미션, 윈즈에너지, 이큐에너지, 소망, 청수, 봉산햇빛, 행암에너지일호, 도원에너지, 솔빛에너지, 에스와이솔라, 에이치엠솔라1, 이에스에이치12, 지티씨솔라13호, 강구16호, 외삼1호, 외삼2호, 솔라트리1호, 김송하, 에스이피브, 케이앤씨헤르메스, 모두에너지, 솔라팩토리10호, 씨에스에너텍, 알이씨에너지, 알이엔네트웍스, 어량리, 비케이솔라, 와이알에너지, 유현그린, 케이앤씨그린북, 디앤피상주, 적화솔라, 솔라시너지햇빛1호, 이인메가태양광, 솔라팩토리22호, 솔라팩토리19호",physical_asset,,운용,,project_name,ast_88157f8599f7,112584,,435호,특별자산,,underlying_asset,,direct_owner,direct,0.94,,resolved,no_project_link,no_project_link,fund_assets,58455,,,verified,0.94
missing_one_or_more_names,NC백화점(야탑),,,경기도 성남시 분당구 야탑동 356,,physical_asset,리테일,,,fund_name; project_name,ast_8964bf5b27c4,,,,,,,,,,,,no_fund_link,no_project_link,no_project_link,,,,,verified,
missing_one_or_more_names,구리시 수택동 주거용 오피스텔,,,경기도 구리시 수택동 370,,physical_asset,주거,,,fund_name; project_name,ast_89f1f1989a34,,,,,,,,,,,,no_fund_link,no_project_link,no_project_link,,,,,verified,
missing_one_or_more_names,이지스제463호부동산일반사모투자회사,,,후암로110,,physical_asset,오피스,,,fund_name; project_name,ast_89ffa6034b43,,,,,,,,,,,,no_fund_link,no_project_link,no_project_link,,,,,verified,
missing_one_or_more_names,"공모주,  국내 주식",,,,,physical_asset,,,,fund_name; project_name,ast_8a924c865968,,,,,,,,,,,,no_fund_link,no_project_link,no_project_link,,,,,verified,
missing_one_or_more_names,Kuhn Portfolio,이지스글로벌일반사모부동산투자신탁260호(재간접형),,네덜란드,"Townsend Europe Logistics Venture II Korea Feeder, Venlo, Kuhn Portfolio, Nabuurs Portfolio",physical_asset,물류센터,운용,,project_name,ast_8b4c1f448d43,112347,,260호,물류,,underlying_asset,,direct_owner,direct,0.94,,resolved,no_project_link,no_project_link,fund_assets,58185,,,verified,0.94
missing_one_or_more_names,EQT Infrastructure VI (No.1) EUR SCSp,,,,,physical_asset,오피스복합,,,fund_name; project_name,ast_8b720b34e564,,,,,,,,,,,,no_fund_link,no_project_link,no_project_link,,,,,verified,
missing_one_or_more_names,롯데마트(제주),,,제주시 노형동 708,,physical_asset,리테일,,,fund_name; project_name,ast_8b9207d29b9d,,,,,,,,,,,,no_fund_link,no_project_link,no_project_link,,,,,verified,
missing_one_or_more_names,"미국상장BDC, 공모주 집합투자증권, ETF, 채권, 국내 MMF",,,,,physical_asset,,,,fund_name; project_name,ast_8c4bee05b692,,,,,,,,,,,,no_fund_link,no_project_link,no_project_link,,,,,verified,
missing_one_or_more_names,수서역세권 공공주택지구 B1-3BL 개발사업 브릿지대출,,,,,physical_asset,주거,,,fund_name; project_name,ast_8c5d70080541,,,,,,,,,,,,no_fund_link,no_project_link,no_project_link,,,,,verified,
missing_one_or_more_names,랜드플랫폼 1-2호,,,,,physical_asset,데이터센터,,,fund_name; project_name,ast_8ceaed1817c5,,,,,,,,,,,,no_fund_link,no_project_link,no_project_link,,,,,verified,
missing_one_or_more_names,이지스 130호(모) 제1-1종 수익증권,,,서울특별시 중구 청계천로 100,,physical_asset,,,,fund_name; project_name,ast_8cec1143f42b,,,,,,,,,,,,no_fund_link,no_project_link,no_project_link,,,,,verified,
missing_one_or_more_names,Chauncey Square,,,미국 인디애나州 Purdue  University 인근,,physical_asset,,,,fund_name; project_name,ast_8e3a0cd2dbb4,,,,,,,,,,,,no_fund_link,no_project_link,no_project_link,,,,,verified,
missing_one_or_more_names,OPUS459(구. 백암빌딩),,,서울특별시 서초구 서초동 1303-34,,physical_asset,오피스복합,,,fund_name; project_name,ast_8e5fda3d061a,,,,,,,,,,,,no_fund_link,no_project_link,no_project_link,,,,,verified,
missing_one_or_more_names,Courtyard by Marriott,,,1045 Stevens Creek Road,,physical_asset,호텔,,,fund_name; project_name,ast_8e5fe1b9981e,,,,,,,,,,,,no_fund_link,no_project_link,no_project_link,,,,,verified,
missing_one_or_more_names,이지스리테일제55호사모부동산투자유한회사,이지스리테일제55호사모부동산투자유한회사,,제주특별자치도 제주시 노형동 708,"롯데마트대덕점, 롯데마트(제주), 롯데팩토리아울렛(인천)",physical_asset,,청산,,project_name,ast_8f63f7ec9170,112054,,55호,리테일,,underlying_asset,,direct_owner,direct,0.98,,resolved,no_project_link,no_project_link,fund_assets,57932,,,auto_created,0.98
missing_one_or_more_names,케이앤스틸테크놀로지,이지스일반사모투자신탁435호(태양광),,"경상북도 상주시 내서면 노류리 산141-1, 572-1, 모서면 대포리 산20-5","다산1, 동서발전, 진이엔지, 현대산업쏠라5호, 케이앤스틸테크놀로지, 리에너지, 지우태양광, 에스지, 케이앤씨벨에포크, 케이에이치테크단북1호, 미션, 윈즈에너지, 이큐에너지, 소망, 청수, 봉산햇빛, 행암에너지일호, 도원에너지, 솔빛에너지, 에스와이솔라, 에이치엠솔라1, 이에스에이치12, 지티씨솔라13호, 강구16호, 외삼1호, 외삼2호, 솔라트리1호, 김송하, 에스이피브, 케이앤씨헤르메스, 모두에너지, 솔라팩토리10호, 씨에스에너텍, 알이씨에너지, 알이엔네트웍스, 어량리, 비케이솔라, 와이알에너지, 유현그린, 케이앤씨그린북, 디앤피상주, 적화솔라, 솔라시너지햇빛1호, 이인메가태양광, 솔라팩토리22호, 솔라팩토리19호",physical_asset,,운용,,project_name,ast_9053eb385f92,112584,,435호,특별자산,,underlying_asset,,direct_owner,direct,0.94,,resolved,no_project_link,no_project_link,fund_assets,58415,,,verified,0.94
missing_one_or_more_names,"국내 상장 리츠, 주식, ETF, 공모주, 이벤트 드리븐",,,,,physical_asset,,,,fund_name; project_name,ast_907e54764123,,,,,,,,,,,,no_fund_link,no_project_link,no_project_link,,,,,verified,
missing_one_or_more_names,용산전자상가 특별계획구역8 B/L (이지스용산PF재구조화1호 2종 수익증권),,,서울특별시 용산구 한강로2가 15-2,,physical_asset,,,,fund_name; project_name,ast_90c2fcf7c1e0,,,,,,,,,,,,no_fund_link,no_project_link,no_project_link,,,,,verified,
missing_one_or_more_names,Courtyard Executive Park,,,1236 Executive Park Drive NE,,physical_asset,호텔,,,fund_name; project_name,ast_9111b48bf63d,,,,,,,,,,,,no_fund_link,no_project_link,no_project_link,,,,,verified,
missing_one_or_more_names,리빙플랫폼 1호,,,,,physical_asset,주거,,,fund_name; project_name,ast_914c4ba3efd4,,,,,,,,,,,,no_fund_link,no_project_link,no_project_link,,,,,verified,
missing_one_or_more_names,부실채권을 기초자산으로 하는 SPC의 출자지분 및 사채,,,-,,physical_asset,특별자산,,,fund_name; project_name,ast_9152993b89ea,,,,,,,,,,,,no_fund_link,no_project_link,no_project_link,,,,,verified,
missing_one_or_more_names,NMP V,이지스글로벌세컨더리일반사모혼합자산투자신탁제1호,,,"Pantheon Viking Co-Invest LP, NMP V, PGSF VII, PSD III",physical_asset,오피스복합,운용,,project_name,ast_917d85fb6b02,200006,,세컨더리1호,특별자산,,underlying_asset,,direct_owner,direct,0.94,,resolved,no_project_link,no_project_link,fund_assets,58681,,,auto_created,0.94
missing_one_or_more_names,NMP V,이지스글로벌세컨더리일반사모혼합자산투자신탁제2호,,,"Pantheon Viking Co-Invest LP, NMP V",physical_asset,오피스복합,운용,,project_name,ast_917d85fb6b02,200007,,세컨더리2호,특별자산,,underlying_asset,,direct_owner,direct,0.94,,resolved,no_project_link,no_project_link,fund_assets,58685,,,auto_created,0.94
missing_one_or_more_names,위례Senior Living 개발사업,,,서울시 송파구 거여동 573-1 일원,,physical_asset,주거,,,fund_name; project_name,ast_91c206cb4478,,,,,,,,,,,,no_fund_link,no_project_link,no_project_link,,,,,verified,
missing_one_or_more_names,포천정교리물류센터,,,경기도 포천시 가산면 정교리 272-1번지 외 12필지,,physical_asset,물류센터,,,fund_name; project_name,ast_91e7a3c81910,,,,,,,,,,,,no_fund_link,no_project_link,no_project_link,,,,,verified,
missing_one_or_more_names,"해외 주식, 채권, ETF",,,,,physical_asset,,,,fund_name; project_name,ast_922b652f9355,,,,,,,,,,,,no_fund_link,no_project_link,no_project_link,,,,,verified,
missing_one_or_more_names,서울인터내셔널타워(SI타워),,,서울시 강남구 테헤란로 203(역삼동 679-4),,physical_asset,오피스,,,fund_name; project_name,ast_922fd1f841cc,,,,,,,,,,,,no_fund_link,no_project_link,no_project_link,,,,,verified,
missing_one_or_more_names,Pan-European Infrastructure Fund IV SCSp,,,,,physical_asset,,,,fund_name; project_name,ast_9295ffd5dc91,,,,,,,,,,,,no_fund_link,no_project_link,no_project_link,,,,,verified,
missing_one_or_more_names,신명솔라 태양광발전소,이지스일반사모투자신탁392호(태양광),,강원도 횡성군 횡성읍 송전리 34,"참빛솔라 태양광발전소, 최강일 태양광발전소, 신명솔라 태양광발전소, 성리태양광발전소, 새금풍력태양광발전소, 엠아이파워, 해량에너지, 시온솔라, 의령1호, 의령2호, 의령3호, 나눔과사랑, 건화솔라, 투태모에너지3호, 비취정보기술, 은하수솔라, 화성솔라, 임원, 누리, 평화와번영, 옥스포드, 미래화희망, 해바라기, 디앤피입암리1호, 한려, 해담은삼척1호",physical_asset,,운용,,project_name,ast_92dea7abe14c,112504,,392호,특별자산,,underlying_asset,,direct_owner,direct,0.94,,resolved,no_project_link,no_project_link,fund_assets,58330,,,verified,0.94
missing_one_or_more_names,아이에이제십오차유동화전문 유한회사,이지스NPL일반사모부동산투자신탁제4호,,,"금융기관 등이 보유하는 담보부 부실 대출재권, 기타 부실징후자산 및 기업관련 대출 채권 등(블라인드), 아이에이제십오차유동화전문 유한회사, 아이에이제십육차유동화전문 유한회사",physical_asset,특별자산,운용,,project_name,ast_92f8a9036c31,120056,,NPL4호,NPL,,underlying_asset,,direct_owner,direct,0.94,,resolved,no_project_link,no_project_link,fund_assets,58643,,,verified,0.94
missing_one_or_more_names,은하수솔라,이지스일반사모투자신탁392호(태양광),,전라북도 남원시 보절면 사촌리 산18-3,"참빛솔라 태양광발전소, 최강일 태양광발전소, 신명솔라 태양광발전소, 성리태양광발전소, 새금풍력태양광발전소, 엠아이파워, 해량에너지, 시온솔라, 의령1호, 의령2호, 의령3호, 나눔과사랑, 건화솔라, 투태모에너지3호, 비취정보기술, 은하수솔라, 화성솔라, 임원, 누리, 평화와번영, 옥스포드, 미래화희망, 해바라기, 디앤피입암리1호, 한려, 해담은삼척1호",physical_asset,,운용,,project_name,ast_936d6d5e77d1,112504,,392호,특별자산,,underlying_asset,,direct_owner,direct,0.94,,resolved,no_project_link,no_project_link,fund_assets,58343,,,verified,0.94
missing_one_or_more_names,Pantheon PGSF VII,,,,,physical_asset,오피스복합,,,fund_name; project_name,ast_937446d52483,,,,,,,,,,,,no_fund_link,no_project_link,no_project_link,,,,,verified,
missing_one_or_more_names,Courtyard Richmond,,,6400 West Broad Street,,physical_asset,호텔,,,fund_name; project_name,ast_9375f251bf8a,,,,,,,,,,,,no_fund_link,no_project_link,no_project_link,,,,,verified,
missing_one_or_more_names,롯데마트(대전대덕),,,대전시 유성구 관평동 887,,physical_asset,리테일,,,fund_name; project_name,ast_938f03c98067,,,,,,,,,,,,no_fund_link,no_project_link,no_project_link,,,,,verified,
missing_one_or_more_names,홈플러스삼천포점 (투자),이지스KORIF사모부동산투자신탁19호,,경상남도 사천시 벌리동 58-3,"홈플러스삼천포점, 홈플러스진주점, 홈플러스죽도점",physical_asset,리테일,운용,,project_name,ast_93fedc1f0d0f,112018,,19호,리테일,,underlying_asset,,direct_owner,direct,0.98,,resolved,no_project_link,no_project_link,fund_assets,57888,,,auto_created,0.98
missing_one_or_more_names,두동 LG전자 통합물류센터,,,경상남도 창원시 진해구 두동 1875,,physical_asset,물류센터,,,fund_name; project_name,ast_9493e4e1b242,,,,,,,,,,,,no_fund_link,no_project_link,no_project_link,,,,,verified,
missing_one_or_more_names,Courtyard Rockville,,,2500 Research Boulevard,,physical_asset,호텔,,,fund_name; project_name,ast_94cd6c685a31,,,,,,,,,,,,no_fund_link,no_project_link,no_project_link,,,,,verified,
missing_one_or_more_names,은평 시니어레지던스,,,은평구 진관동 208-10 일원,,physical_asset,오피스복합,,,fund_name; project_name,ast_94dd7f193182,,,,,,,,,,,,no_fund_link,no_project_link,no_project_link,,,,,verified,
missing_one_or_more_names,화성솔라,,,전북 남원시 보절면사촌리 산18-4,,physical_asset,,,,fund_name; project_name,ast_950c70c5b87f,,,,,,,,,,,,no_fund_link,no_project_link,no_project_link,,,,,verified,
missing_one_or_more_names,이지스경산물류제1호일반사모부동산투자회사의 1종 종류주식,,,,,physical_asset,물류센터,,,fund_name; project_name,ast_95374ce1a930,,,,,,,,,,,,no_fund_link,no_project_link,no_project_link,,,,,verified,
missing_one_or_more_names,New York 787 Seventh Avenue Mezzanine Loan,,,"787 Seventh Avenue (51st & 52nd Street), NY",,physical_asset,오피스,,,fund_name; project_name,ast_953c098ae44b,,,,,,,,,,,,no_fund_link,no_project_link,no_project_link,,,,,verified,
missing_one_or_more_names,라마다서울호텔 담보대출,,,서울특별시 강남구 삼성동 112-5,,physical_asset,호텔,,,fund_name; project_name,ast_95bd0edf061a,,,,,,,,,,,,no_fund_link,no_project_link,no_project_link,,,,,verified,
missing_one_or_more_names,Courtyard Tarrytown Greenburgh,,,475 White Plains Road,,physical_asset,호텔,,,fund_name; project_name,ast_95fb4c52cddc,,,,,,,,,,,,no_fund_link,no_project_link,no_project_link,,,,,verified,
missing_one_or_more_names,"AA+ 이상 채권, 공모주, 스팩",,,,,physical_asset,,,,fund_name; project_name,ast_9672f00925b5,,,,,,,,,,,,no_fund_link,no_project_link,no_project_link,,,,,verified,
missing_one_or_more_names,(주)페트로코너지 발행 지분증권 및 투자대상회사(이지스페트로코너지(주))에 대한,,,"경남 양산시 상북면 효충2길13(페트로콕증기생산시설), 경기 시흥시 서울대학로 59-5 배곧가압장(연료전지",,physical_asset,,,,fund_name; project_name,ast_96aea8917bf5,,,,,,,,,,,,no_fund_link,no_project_link,no_project_link,,,,,verified,
missing_one_or_more_names,"메자닌, 이벤트 드리븐, 공모주, ETF, 채권",,,,,physical_asset,,,,fund_name; project_name,ast_96ba37c659ef,,,,,,,,,,,,no_fund_link,no_project_link,no_project_link,,,,,verified,
missing_one_or_more_names,원주AK,,,강원도 원주시 단계동 1123,,physical_asset,리테일,,,fund_name; project_name,ast_97000349e062,,,,,,,,,,,,no_fund_link,no_project_link,no_project_link,,,,,verified,
missing_one_or_more_names,롯데마트(제주),,,제주시 노형동 708,,physical_asset,리테일,,,fund_name; project_name,ast_97346b281c40,,,,,,,,,,,,no_fund_link,no_project_link,no_project_link,,,,,verified,
missing_one_or_more_names,하이파킹 대여금,,,,,physical_asset,,,,fund_name; project_name,ast_974048441032,,,,,,,,,,,,no_fund_link,no_project_link,no_project_link,,,,,verified,
missing_one_or_more_names,수송스퀘어,,,서울특별시 종로구 수송동 83-1,,physical_asset,오피스,,,fund_name; project_name,ast_97638ebe48e2,,,,,,,,,,,,no_fund_link,no_project_link,no_project_link,,,,,verified,
missing_one_or_more_names,알이씨에너지,이지스일반사모투자신탁435호(태양광),,"경기도 가평군 설악면 천안리 21-2, 21, 19-1, 19-10, 19-11","다산1, 동서발전, 진이엔지, 현대산업쏠라5호, 케이앤스틸테크놀로지, 리에너지, 지우태양광, 에스지, 케이앤씨벨에포크, 케이에이치테크단북1호, 미션, 윈즈에너지, 이큐에너지, 소망, 청수, 봉산햇빛, 행암에너지일호, 도원에너지, 솔빛에너지, 에스와이솔라, 에이치엠솔라1, 이에스에이치12, 지티씨솔라13호, 강구16호, 외삼1호, 외삼2호, 솔라트리1호, 김송하, 에스이피브, 케이앤씨헤르메스, 모두에너지, 솔라팩토리10호, 씨에스에너텍, 알이씨에너지, 알이엔네트웍스, 어량리, 비케이솔라, 와이알에너지, 유현그린, 케이앤씨그린북, 디앤피상주, 적화솔라, 솔라시너지햇빛1호, 이인메가태양광, 솔라팩토리22호, 솔라팩토리19호",physical_asset,,운용,,project_name,ast_97b4c5674171,112584,,435호,특별자산,,underlying_asset,,direct_owner,direct,0.94,,resolved,no_project_link,no_project_link,fund_assets,58444,,,verified,0.94
missing_one_or_more_names,PFV_Lotus (지분증권),,,서울특별시 종로구 관훈동 155-2 외 4필지,,physical_asset,호텔복합,,,fund_name; project_name,ast_97eee497ab45,,,,,,,,,,,,no_fund_link,no_project_link,no_project_link,,,,,verified,
missing_one_or_more_names,지엘가산메트로 주식회사,,,서울특별시 금천구 가산동 60-29,,physical_asset,데이터센터,,,fund_name; project_name,ast_9855c32af978,,,,,,,,,,,,no_fund_link,no_project_link,no_project_link,,,,,verified,
missing_one_or_more_names,부림빌딩,,,"서울특별시 중구 을지로 1가 42, 을지로1가 71-9번지",,physical_asset,오피스,,,fund_name; project_name,ast_992b226b8a43,,,,,,,,,,,,no_fund_link,no_project_link,no_project_link,,,,,verified,
missing_one_or_more_names,"StepStone Secondary Opportunities Fund V Offshore, L.P.",,,,,physical_asset,,,,fund_name; project_name,ast_993ee19a2b04,,,,,,,,,,,,no_fund_link,no_project_link,no_project_link,,,,,verified,
missing_one_or_more_names,안성 당목리 995번지 외 44개필지 물류센터 개발사업,,,경기도 안성시 당목리 995번지 일원,,physical_asset,물류센터,,,fund_name; project_name,ast_99b034f39db3,,,,,,,,,,,,no_fund_link,no_project_link,no_project_link,,,,,verified,
missing_one_or_more_names,노스게이트빌딩,,,서울특별시 종로구 적선동 66,,physical_asset,오피스,,,fund_name; project_name,ast_99bb7e6dd0fa,,,,,,,,,,,,no_fund_link,no_project_link,no_project_link,,,,,verified,
missing_one_or_more_names,영보빌딩1,,,"서울시 강남구 삼성동 168-1, 168-2",,physical_asset,오피스,,,fund_name; project_name,ast_9a12d0c2189f,,,,,,,,,,,,no_fund_link,no_project_link,no_project_link,,,,,verified,
missing_one_or_more_names,솔라팜2호,이지스일반사모투자신탁377호,,경상북도 의성군 장춘리 산88 외2필지,"환성2호태양광발전소, 환성3호태양광발전소, 예지안빛에너지, 장춘3호태양광발전소, 하늘별빛에너지태양광발전소, 해누리7호태양광발전소, 천리에너지2호태양광발전소, 엠아이에너지태양광발전소, 한국쏠라알피에스태양광발전소, 솔라팜1호, 솔라팜2호, 삼산태양광발전소, 맥스에너지하리태양광발전, 맥스에너지금성태양광발전, 제이에스금계태양광발전, 지동쏠라에너지태양광발전, 성남제이씨에너지, 선그린에너지, 일순에너지, 스카이에너지, 에이스쏠라, 디앤피옥연, 디앤피영천신기, 곡성, 케이앤씨해바라기, 케이앤씨솔라리아, 호니파워, 에스디일호, 에스플래닛삼십사호, 아인에너지, 제이피에너지",physical_asset,,운용,,project_name,ast_9a719e7b4ca2,112466,,377호,특별자산,,underlying_asset,,direct_owner,direct,0.94,,resolved,no_project_link,no_project_link,fund_assets,58271,,,verified,0.94
missing_one_or_more_names,Brookfield Strategic Real Estate Partners V,,,,,physical_asset,,,,fund_name; project_name,ast_9aa66d591848,,,,,,,,,,,,no_fund_link,no_project_link,no_project_link,,,,,verified,
missing_one_or_more_names,Chauncey Square,,,미국 인디애나州 Purdue  University 인근,,physical_asset,,,,fund_name; project_name,ast_9ab31b323659,,,,,,,,,,,,no_fund_link,no_project_link,no_project_link,,,,,verified,
missing_one_or_more_names,OJP사옥(워싱턴) 대출,이지스글로벌사모부동산투자신탁37-2호,,"810 7th Street, N.W., Washington D.C., U.S.A.","Sanofi 본사(파리) 대출, Bell 본사(몬트리올) 대출, OJP사옥(워싱턴) 대출",physical_asset,오피스,운용,,project_name,ast_9af08cf90d71,112036,,37-2호,오피스,,underlying_asset,,direct_owner,direct,0.94,,resolved,no_project_link,no_project_link,fund_assets,57912,,,verified,0.94
missing_one_or_more_names,누리,이지스일반사모투자신탁392호(태양광),,강원도 삼척시 원덕읍 임원리 산255,"참빛솔라 태양광발전소, 최강일 태양광발전소, 신명솔라 태양광발전소, 성리태양광발전소, 새금풍력태양광발전소, 엠아이파워, 해량에너지, 시온솔라, 의령1호, 의령2호, 의령3호, 나눔과사랑, 건화솔라, 투태모에너지3호, 비취정보기술, 은하수솔라, 화성솔라, 임원, 누리, 평화와번영, 옥스포드, 미래화희망, 해바라기, 디앤피입암리1호, 한려, 해담은삼척1호",physical_asset,,운용,,project_name,ast_9b387d397c17,112504,,392호,특별자산,,underlying_asset,,direct_owner,direct,0.94,,resolved,no_project_link,no_project_link,fund_assets,58346,,,verified,0.94
missing_one_or_more_names,남동테크노타워 지식산업센터 개발사업 PF대출,,,인천광역시 남동구 고잔동 648-1,,physical_asset,오피스,,,fund_name; project_name,ast_9b4469f9065d,,,,,,,,,,,,no_fund_link,no_project_link,no_project_link,,,,,verified,
missing_one_or_more_names,Nuveen UK Enhanced Debt Fund,,,7개 포트폴리오,,physical_asset,오피스복합,,,fund_name; project_name,ast_9b78a5e73c6b,,,,,,,,,,,,no_fund_link,no_project_link,no_project_link,,,,,verified,
missing_one_or_more_names,글로벌 리츠,이지스글로벌리츠섹터포커스SMA일반사모부동산투자신탁1호,,,글로벌 리츠,physical_asset,,운용,,project_name,ast_9bf678a7d2ae,112411,,리츠섹터SMA1호,지분증권,,underlying_asset,,direct_owner,direct,0.94,,resolved,no_project_link,no_project_link,fund_assets,58230,,,verified,0.94
missing_one_or_more_names,Venlo,이지스글로벌일반사모부동산투자신탁260호(재간접형),,네덜란드,"Townsend Europe Logistics Venture II Korea Feeder, Venlo, Kuhn Portfolio, Nabuurs Portfolio",physical_asset,물류센터,운용,,project_name,ast_9c32381fc123,112347,,260호,물류,,underlying_asset,,direct_owner,direct,0.94,,resolved,no_project_link,no_project_link,fund_assets,58184,,,verified,0.94
missing_one_or_more_names,국내 리츠,,,,,physical_asset,,,,fund_name; project_name,ast_9d78f7be9afb,,,,,,,,,,,,no_fund_link,no_project_link,no_project_link,,,,,verified,
missing_one_or_more_names,글로벌 리츠,이지스투자풀부동산일반사모부동산투자신탁11호,,,글로벌 리츠,physical_asset,,운용,,project_name,ast_9dae37d9ddc4,112626,,투자풀11호,지분증권,,underlying_asset,,direct_owner,direct,0.94,,resolved,no_project_link,no_project_link,fund_assets,58494,,,verified,0.94
missing_one_or_more_names,펨코제17호기업구조조정부동산투자회사의 주식,,,서울특별시 구로구 경인로 662(신도림동 692),,physical_asset,오피스복합,,,fund_name; project_name,ast_9ecfbd60d856,,,,,,,,,,,,no_fund_link,no_project_link,no_project_link,,,,,verified,
missing_one_or_more_names,Miami Courvoisier Center Senior Loan,,,"501 Brickell Key Drive, Miami, Florida 33131",,physical_asset,오피스,,,fund_name; project_name,ast_9fa9d0943be6,,,,,,,,,,,,no_fund_link,no_project_link,no_project_link,,,,,verified,
missing_one_or_more_names,씨티센터타워,,,서울특별시 중구 저동2가 24-1,,physical_asset,오피스,,,fund_name; project_name,ast_9fb48d4d8ce0,,,,,,,,,,,,no_fund_link,no_project_link,no_project_link,,,,,verified,
missing_one_or_more_names,Brookfield Super-Core Infrastructure Partners Partnership L.P.,,,,,physical_asset,,,,fund_name; project_name,ast_9ff3ad09710f,,,,,,,,,,,,no_fund_link,no_project_link,no_project_link,,,,,verified,
missing_one_or_more_names,서영빌딩,,,경기도 성남시 분당구 수내동 6-3,,physical_asset,오피스,,,fund_name; project_name,ast_a0c153e36050,,,,,,,,,,,,no_fund_link,no_project_link,no_project_link,,,,,verified,
missing_one_or_more_names,Clarion Gables Multifamily Fund,,,,,physical_asset,오피스복합,,,fund_name; project_name,ast_a151fc2d6f8f,,,,,,,,,,,,no_fund_link,no_project_link,no_project_link,,,,,verified,
missing_one_or_more_names,"AbryAdvanced Securities Fund III CV-A, L.P.",,,,,physical_asset,,,,fund_name; project_name,ast_a236bc9437e2,,,,,,,,,,,,no_fund_link,no_project_link,no_project_link,,,,,verified,
missing_one_or_more_names,"공모주, 스팩",,,,,physical_asset,,,,fund_name; project_name,ast_a3403c93d165,,,,,,,,,,,,no_fund_link,no_project_link,no_project_link,,,,,verified,
missing_one_or_more_names,하남미사우성르보아파크,,,경기도 하남시 망월동 1079,,physical_asset,주거,,,fund_name; project_name,ast_a36a0293fea2,,,,,,,,,,,,no_fund_link,no_project_link,no_project_link,,,,,verified,
missing_one_or_more_names,남산스퀘어,,,서울시 중구 퇴계로 173 (충무로3가 60-1),,physical_asset,오피스,,,fund_name; project_name,ast_a36fb8af4acf,,,,,,,,,,,,no_fund_link,no_project_link,no_project_link,,,,,verified,
missing_one_or_more_names,트리스빌딩 (투자),이지스 KORIF 사모부동산투자신탁 22호,,서울특별시 강남구 논현동 70-6,"서영빌딩, 탑빌딩, 트리스빌딩, 호수빌딩",physical_asset,,청산,,project_name,ast_a39455191564,112025,,22호,오피스,,underlying_asset,,direct_owner,direct,0.98,,resolved,no_project_link,no_project_link,fund_assets,57898,,,auto_created,0.98
missing_one_or_more_names,Courtyard Phoenix Airport,,,2621 South 47th Street,,physical_asset,호텔,,,fund_name; project_name,ast_a43bd38945be,,,,,,,,,,,,no_fund_link,no_project_link,no_project_link,,,,,verified,
missing_one_or_more_names,밀레니엄힐튼호텔,,,서울특별시 중구 소월로 50,,physical_asset,오피스복합,,,fund_name; project_name,ast_a4549cd85c41,,,,,,,,,,,,no_fund_link,no_project_link,no_project_link,,,,,verified,
missing_one_or_more_names,옥스포드,,,전라남도 고흥군 도화면 봉룡리 산221-1,,physical_asset,,,,fund_name; project_name,ast_a459af6de7b3,,,,,,,,,,,,no_fund_link,no_project_link,no_project_link,,,,,verified,
missing_one_or_more_names,부평 더샵센트럴시티 공공지원민간임대주택,,,인천광역시 부평구 열우물로 90,,physical_asset,주거,,,fund_name; project_name,ast_a5a50c01a582,,,,,,,,,,,,no_fund_link,no_project_link,no_project_link,,,,,verified,
missing_one_or_more_names,정동빌딩,,,서울특별시 중구 정동 15-5,,physical_asset,오피스,,,fund_name; project_name,ast_a60a75cb3e01,,,,,,,,,,,,no_fund_link,no_project_link,no_project_link,,,,,verified,
missing_one_or_more_names,이지스 330호 (OPUS407/舊뉴욕제과빌딩),이지스기회추구일반사모부동산모투자신탁제2-1호,,,이지스 330호 (OPUS407/舊뉴욕제과빌딩),physical_asset,오피스복합,운용,,project_name,ast_a60db5e30056,112379,,기회추구 2-1호,지분증권,,underlying_asset,,direct_owner,direct,0.94,,resolved,no_project_link,no_project_link,fund_assets,58209,,,verified,0.94
missing_one_or_more_names,이지스 330호 (OPUS407/舊뉴욕제과빌딩),이지스일반사모부동산투자신탁제330호(F1종),,,,physical_asset,오피스복합,운용,,project_name,ast_a60db5e30056,120105,,제330호(F1종),복합(리테일),,inferred_underlying_asset,,direct_owner,inferred_direct,0.95,,resolved,no_project_link,no_project_link,funds,120105,,,verified,0.94
missing_one_or_more_names,아이에이제십육차유동화전문 유한회사,,,,,physical_asset,특별자산,,,fund_name; project_name,ast_a67100590140,,,,,,,,,,,,no_fund_link,no_project_link,no_project_link,,,,,verified,
missing_one_or_more_names,안성 당목리 995번지 외 44개필지 물류센터 개발사업,,,경기도 안성시 당목리 995번지 일원,,physical_asset,물류센터,,,fund_name; project_name,ast_a6782d520cea,,,,,,,,,,,,no_fund_link,no_project_link,no_project_link,,,,,verified,
missing_one_or_more_names,제이에스금계태양광발전,이지스일반사모투자신탁377호,,경상북도 상주시 공성면 금계리 662번지,"환성2호태양광발전소, 환성3호태양광발전소, 예지안빛에너지, 장춘3호태양광발전소, 하늘별빛에너지태양광발전소, 해누리7호태양광발전소, 천리에너지2호태양광발전소, 엠아이에너지태양광발전소, 한국쏠라알피에스태양광발전소, 솔라팜1호, 솔라팜2호, 삼산태양광발전소, 맥스에너지하리태양광발전, 맥스에너지금성태양광발전, 제이에스금계태양광발전, 지동쏠라에너지태양광발전, 성남제이씨에너지, 선그린에너지, 일순에너지, 스카이에너지, 에이스쏠라, 디앤피옥연, 디앤피영천신기, 곡성, 케이앤씨해바라기, 케이앤씨솔라리아, 호니파워, 에스디일호, 에스플래닛삼십사호, 아인에너지, 제이피에너지",physical_asset,,운용,,project_name,ast_a6d6041ea653,112466,,377호,특별자산,,underlying_asset,,direct_owner,direct,0.94,,resolved,no_project_link,no_project_link,fund_assets,58275,,,verified,0.94
missing_one_or_more_names,제주올레리조트,,,제주시 애월읍 부룡수길 33외 13필지,,physical_asset,호텔,,,fund_name; project_name,ast_a726e9da31e0,,,,,,,,,,,,no_fund_link,no_project_link,no_project_link,,,,,verified,
missing_one_or_more_names,이지스경산로지스1호(보통주),,,,,physical_asset,물류센터,,,fund_name; project_name,ast_a732f4857c2e,,,,,,,,,,,,no_fund_link,no_project_link,no_project_link,,,,,verified,
missing_one_or_more_names,"이지스기회추구2-2호(353호,OPUS459/舊백암빌딩) 공동투자",,,,,physical_asset,오피스복합,,,fund_name; project_name,ast_a74111b9d3ac,,,,,,,,,,,,no_fund_link,no_project_link,no_project_link,,,,,verified,
missing_one_or_more_names,스타필드(고양),,,경기도 고양시 덕양구 동산동 370,,physical_asset,리테일,,,fund_name; project_name,ast_a81bf18a93d4,,,,,,,,,,,,no_fund_link,no_project_link,no_project_link,,,,,verified,
missing_one_or_more_names,Bell 본사(몬트리올) (대출),,,"1 Carrefour Alexander-Graham-Bell. Montreal, Canada",,physical_asset,오피스,,,fund_name; project_name,ast_a838dff2176d,,,,,,,,,,,,no_fund_link,no_project_link,no_project_link,,,,,verified,
missing_one_or_more_names,남산그린빌딩,,,서울특별시 중구 남대문로5가 267,,physical_asset,오피스,,,fund_name; project_name,ast_a87124d2b233,,,,,,,,,,,,no_fund_link,no_project_link,no_project_link,,,,,verified,
missing_one_or_more_names,홈플러스 대전문화점,,,대전광역시 중구 문화동 1-17,,physical_asset,리테일,,,fund_name; project_name,ast_a8ad83130e72,,,,,,,,,,,,no_fund_link,no_project_link,no_project_link,,,,,verified,
missing_one_or_more_names,Hines European Property Partners,,,,,physical_asset,,,,fund_name; project_name,ast_a8c972e8e90e,,,,,,,,,,,,no_fund_link,no_project_link,no_project_link,,,,,verified,
missing_one_or_more_names,펨코제17호기업구조조정부동산투자회사의 주식,,,서울특별시 구로구 경인로 662(신도림동 692),,physical_asset,오피스복합,,,fund_name; project_name,ast_a8d37cc1f751,,,,,,,,,,,,no_fund_link,no_project_link,no_project_link,,,,,verified,
missing_one_or_more_names,CJ제일제당센터,,,서울특별시 중구 동호로 330,,physical_asset,오피스,,,fund_name; project_name,ast_a8f90f516d21,,,,,,,,,,,,no_fund_link,no_project_link,no_project_link,,,,,verified,
missing_one_or_more_names,안산 초지동 데이터센터,,,경기도 안산시 초지동 624-3,,physical_asset,데이터센터,,,fund_name; project_name,ast_a90871f38856,,,,,,,,,,,,no_fund_link,no_project_link,no_project_link,,,,,verified,
missing_one_or_more_names,삼부빌딩 개발사업,,,중구 남창동 9-1 외 4필지,,physical_asset,오피스,,,fund_name; project_name,ast_a9239e56b790,,,,,,,,,,,,no_fund_link,no_project_link,no_project_link,,,,,verified,
missing_one_or_more_names,이지스 468-2호 수익증권,,,,,physical_asset,오피스복합,,,fund_name; project_name,ast_a9606b58f51e,,,,,,,,,,,,no_fund_link,no_project_link,no_project_link,,,,,verified,
missing_one_or_more_names,서울시티타워,,,서울특별시 중구 후암로 110(남대문로5가),,physical_asset,오피스,,,fund_name; project_name,ast_a98062ccc3a8,,,,,,,,,,,,no_fund_link,no_project_link,no_project_link,,,,,verified,
missing_one_or_more_names,안성홈플러스물류센터,,,경기도 안성시 원곡면 칠곡리 941번지,,physical_asset,물류센터,,,fund_name; project_name,ast_a9ed8293cd98,,,,,,,,,,,,no_fund_link,no_project_link,no_project_link,,,,,verified,
missing_one_or_more_names,용산라이프PFV 대여금,,,서울특별시용산구청파로125 (한강로2가15-2),,physical_asset,오피스,,,fund_name; project_name,ast_aa235517fdc1,,,,,,,,,,,,no_fund_link,no_project_link,no_project_link,,,,,verified,
missing_one_or_more_names,디앤피옥연,이지스일반사모투자신탁377호,,경북 의성군 비안면 옥연길 677-1,"환성2호태양광발전소, 환성3호태양광발전소, 예지안빛에너지, 장춘3호태양광발전소, 하늘별빛에너지태양광발전소, 해누리7호태양광발전소, 천리에너지2호태양광발전소, 엠아이에너지태양광발전소, 한국쏠라알피에스태양광발전소, 솔라팜1호, 솔라팜2호, 삼산태양광발전소, 맥스에너지하리태양광발전, 맥스에너지금성태양광발전, 제이에스금계태양광발전, 지동쏠라에너지태양광발전, 성남제이씨에너지, 선그린에너지, 일순에너지, 스카이에너지, 에이스쏠라, 디앤피옥연, 디앤피영천신기, 곡성, 케이앤씨해바라기, 케이앤씨솔라리아, 호니파워, 에스디일호, 에스플래닛삼십사호, 아인에너지, 제이피에너지",physical_asset,,운용,,project_name,ast_aab359e1cf01,112466,,377호,특별자산,,underlying_asset,,direct_owner,direct,0.94,,resolved,no_project_link,no_project_link,fund_assets,58282,,,verified,0.94
missing_one_or_more_names,판교 알파돔시티 비즈니스호텔,,,경기도 성남시 분당구 백현동 539,,physical_asset,호텔,,,fund_name; project_name,ast_aaf7f9cbe8b3,,,,,,,,,,,,no_fund_link,no_project_link,no_project_link,,,,,verified,
missing_one_or_more_names,양산 유산동 물류센터,,,경남 양산시 유산동 509 외 2필지,,physical_asset,물류센터,,,fund_name; project_name,ast_ab4857d97964,,,,,,,,,,,,no_fund_link,no_project_link,no_project_link,,,,,verified,
missing_one_or_more_names,용산라이프PFV(보통주),,,서울용산구  청파로125 (한강로2가15-2) 일원,,physical_asset,오피스,,,fund_name; project_name,ast_ab7f584e6f30,,,,,,,,,,,,no_fund_link,no_project_link,no_project_link,,,,,verified,
missing_one_or_more_names,ETF,,,,,physical_asset,,,,fund_name; project_name,ast_ab996f8ae3c9,,,,,,,,,,,,no_fund_link,no_project_link,no_project_link,,,,,verified,
missing_one_or_more_names,케이앤씨헤르메스,이지스일반사모투자신탁435호(태양광),,"전라북도 남원시 대강면 송대리 3-7, 3-9, 3-13, 3-19, 보절면 괴양리 45-17, 4-19","다산1, 동서발전, 진이엔지, 현대산업쏠라5호, 케이앤스틸테크놀로지, 리에너지, 지우태양광, 에스지, 케이앤씨벨에포크, 케이에이치테크단북1호, 미션, 윈즈에너지, 이큐에너지, 소망, 청수, 봉산햇빛, 행암에너지일호, 도원에너지, 솔빛에너지, 에스와이솔라, 에이치엠솔라1, 이에스에이치12, 지티씨솔라13호, 강구16호, 외삼1호, 외삼2호, 솔라트리1호, 김송하, 에스이피브, 케이앤씨헤르메스, 모두에너지, 솔라팩토리10호, 씨에스에너텍, 알이씨에너지, 알이엔네트웍스, 어량리, 비케이솔라, 와이알에너지, 유현그린, 케이앤씨그린북, 디앤피상주, 적화솔라, 솔라시너지햇빛1호, 이인메가태양광, 솔라팩토리22호, 솔라팩토리19호",physical_asset,,운용,,project_name,ast_abdd62503393,112584,,435호,특별자산,,underlying_asset,,direct_owner,direct,0.94,,resolved,no_project_link,no_project_link,fund_assets,58440,,,verified,0.94
missing_one_or_more_names,New York 510 East 14th Mezzanine Loan,이지스글로벌일반사모부동산투자신탁308호,,"510 East 14th Streeet, NY","New York 555 10 Avenue, New York 510 East 14th Mezzanine Loan",physical_asset,주거,운용,,project_name,ast_ac51c5236199,112374,,308호,주거,,underlying_asset,,direct_owner,direct,0.94,,resolved,no_project_link,no_project_link,fund_assets,58204,,,verified,0.94
missing_one_or_more_names,글로벌 상장 인프라 증권,,,,,physical_asset,,,,fund_name; project_name,ast_ac65d3bb465d,,,,,,,,,,,,no_fund_link,no_project_link,no_project_link,,,,,verified,
missing_one_or_more_names,이지스제542호부동산일반사모투자회사(제1종),,,,,physical_asset,주거,,,fund_name; project_name,ast_ac86e3c795d0,,,,,,,,,,,,no_fund_link,no_project_link,no_project_link,,,,,verified,
missing_one_or_more_names,전환사채,이지스 코스닥벤처 일반사모투자신탁 제1호,,,"비상장 상환전환우선주, 전환사채, 공모주",physical_asset,,청산,,project_name,ast_ac998c897426,112709,,코스닥벤처1호,기타,,underlying_asset,,direct_owner,direct,0.94,,resolved,no_project_link,no_project_link,fund_assets,58567,,,verified,0.94
missing_one_or_more_names,Nuveen C-PACE Lending Fund III,,,,,physical_asset,오피스복합,,,fund_name; project_name,ast_aca39ce05f05,,,,,,,,,,,,no_fund_link,no_project_link,no_project_link,,,,,verified,
missing_one_or_more_names,"AA- 이상 채권,  메자닌, 리츠IPO, 국내 상장 리츠, 공모주, 스팩",,,,,physical_asset,,,,fund_name; project_name,ast_ada848d413b9,,,,,,,,,,,,no_fund_link,no_project_link,no_project_link,,,,,verified,
missing_one_or_more_names,이천YM물류센터,,,경기도 이천시 대월면 초지리 273-1,,physical_asset,,,,fund_name; project_name,ast_ae0f1f82c083,,,,,,,,,,,,no_fund_link,no_project_link,no_project_link,,,,,verified,
missing_one_or_more_names,"Helix Buyer, LLC에 대한 선순위 대출",,,,,physical_asset,,,,fund_name; project_name,ast_ae8448d99472,,,,,,,,,,,,no_fund_link,no_project_link,no_project_link,,,,,verified,
missing_one_or_more_names,바른빌딩,,,서울특별시 강남구 대치동 945-27,,physical_asset,오피스,,,fund_name; project_name,ast_af5f71776ae0,,,,,,,,,,,,no_fund_link,no_project_link,no_project_link,,,,,verified,
missing_one_or_more_names,적화솔라,이지스일반사모투자신탁435호(태양광),,충남 부여군 장암면 지토리 산26번지,"다산1, 동서발전, 진이엔지, 현대산업쏠라5호, 케이앤스틸테크놀로지, 리에너지, 지우태양광, 에스지, 케이앤씨벨에포크, 케이에이치테크단북1호, 미션, 윈즈에너지, 이큐에너지, 소망, 청수, 봉산햇빛, 행암에너지일호, 도원에너지, 솔빛에너지, 에스와이솔라, 에이치엠솔라1, 이에스에이치12, 지티씨솔라13호, 강구16호, 외삼1호, 외삼2호, 솔라트리1호, 김송하, 에스이피브, 케이앤씨헤르메스, 모두에너지, 솔라팩토리10호, 씨에스에너텍, 알이씨에너지, 알이엔네트웍스, 어량리, 비케이솔라, 와이알에너지, 유현그린, 케이앤씨그린북, 디앤피상주, 적화솔라, 솔라시너지햇빛1호, 이인메가태양광, 솔라팩토리22호, 솔라팩토리19호",physical_asset,,운용,,project_name,ast_af81a8c4e0a3,112584,,435호,특별자산,,underlying_asset,,direct_owner,direct,0.94,,resolved,no_project_link,no_project_link,fund_assets,58452,,,verified,0.94
missing_one_or_more_names,Campegine,이지스글로벌일반사모부동산투자신탁335호,,"Emilia-Romagna (Bologna), Parma, Italy","San Mauro Torinese, Carugate, Verona, Tori Di Quartesolo, Campegine, Camplogalliano, Bologna Interporto",physical_asset,물류센터,청산,,project_name,ast_afa982be63cc,112401,,335호,물류,,underlying_asset,,direct_owner,direct,0.94,,resolved,no_project_link,no_project_link,fund_assets,58221,,,verified,0.94
missing_one_or_more_names,수원 이비스 앰배서더 수원 호텔 후순위 담보대출,,,경기도 수원시 팔달구 인계동 1132-12,,physical_asset,호텔,,,fund_name; project_name,ast_afdaf8446aaa,,,,,,,,,,,,no_fund_link,no_project_link,no_project_link,,,,,verified,
missing_one_or_more_names,후너스빌딩,,,경기도 성남시 분당구 수내동 22-2,,physical_asset,오피스,,,fund_name; project_name,ast_b03e4a6447f9,,,,,,,,,,,,no_fund_link,no_project_link,no_project_link,,,,,verified,
missing_one_or_more_names,세운5구역 개발사업,세운5구역PFV,,"서울시 중구 산림동 190-3번지 일원 (세운지구 5-1, 5-3구역)",세운5구역 개발사업,physical_asset,오피스,운용,,project_name,ast_b04e9cb1a044,P00006,,P세운5구역,오피스,,underlying_asset,,direct_owner,direct,0.94,,resolved,no_project_link,no_project_link,fund_assets,58719,,,verified,0.94
missing_one_or_more_names,"Helix Buyer, LLC에 대한 선순위 대출",,,,,physical_asset,,,,fund_name; project_name,ast_b0958ad3f79d,,,,,,,,,,,,no_fund_link,no_project_link,no_project_link,,,,,verified,
missing_one_or_more_names,Booster Zabrze 물류단지,,,"Gazdy, 41-806 Zabrze, Poland",,physical_asset,,,,fund_name; project_name,ast_b0ab64c0c474,,,,,,,,,,,,no_fund_link,no_project_link,no_project_link,,,,,verified,
missing_one_or_more_names,에스디일호,이지스일반사모투자신탁377호,,"강원도 삼척시 도계읍 전두리 166,167, 172","환성2호태양광발전소, 환성3호태양광발전소, 예지안빛에너지, 장춘3호태양광발전소, 하늘별빛에너지태양광발전소, 해누리7호태양광발전소, 천리에너지2호태양광발전소, 엠아이에너지태양광발전소, 한국쏠라알피에스태양광발전소, 솔라팜1호, 솔라팜2호, 삼산태양광발전소, 맥스에너지하리태양광발전, 맥스에너지금성태양광발전, 제이에스금계태양광발전, 지동쏠라에너지태양광발전, 성남제이씨에너지, 선그린에너지, 일순에너지, 스카이에너지, 에이스쏠라, 디앤피옥연, 디앤피영천신기, 곡성, 케이앤씨해바라기, 케이앤씨솔라리아, 호니파워, 에스디일호, 에스플래닛삼십사호, 아인에너지, 제이피에너지",physical_asset,,운용,,project_name,ast_b0af734b18b2,112466,,377호,특별자산,,underlying_asset,,direct_owner,direct,0.94,,resolved,no_project_link,no_project_link,fund_assets,58288,,,verified,0.94
missing_one_or_more_names,Hines Poland Sustainable Income Fund,,,,,physical_asset,오피스복합,,,fund_name; project_name,ast_b15d07c78d56,,,,,,,,,,,,no_fund_link,no_project_link,no_project_link,,,,,verified,
missing_one_or_more_names,글로벌 리츠,,,,,physical_asset,,,,fund_name; project_name,ast_b1a13c4b0522,,,,,,,,,,,,no_fund_link,no_project_link,no_project_link,,,,,verified,
missing_one_or_more_names,주식회사 아이에이에이치에프합정,이지스NPL일반사모부동산투자신탁제3호,,,"아이에이제십삼차유동화전문 유한회사, 아이에이제십사차유동화전문 유한회사, 주식회사 아이에이에이치에프합정, 아이에이와이디유동화전문 유한회사, 부실채권을 기초자산으로 하는 SPC의 사채",physical_asset,특별자산,운용,,project_name,ast_b24257eace32,112602,,NPL3호,NPL,,underlying_asset,,direct_owner,direct,0.94,,resolved,no_project_link,no_project_link,fund_assets,58475,,,verified,0.94
missing_one_or_more_names,뉴코아아울렛(평촌),,,경기도 안양시 동안구 호계동 1039-3,,physical_asset,리테일,,,fund_name; project_name,ast_b257dd733dea,,,,,,,,,,,,no_fund_link,no_project_link,no_project_link,,,,,verified,
missing_one_or_more_names,클럽디 속리산,,,충청북도 보은군 탄부면 평각상장로 230,,physical_asset,특별자산,,,fund_name; project_name,ast_b37459d7bd24,,,,,,,,,,,,no_fund_link,no_project_link,no_project_link,,,,,verified,
missing_one_or_more_names,유에이치파워 대여금,이지스코어에너지인프라일반사모투자신탁제1호,,,"한림그린에너지 주식 및 대여금, 코어그린에너지 주식 및 대여금, 이지스유에이치 주식 및 대여금, 유에이치파워 대여금, 와이에이치파워1 주식, 와이에이치파워2 주식, 와이에이치파워3 주식, 와이에이치파워4 주식",physical_asset,,운용,,project_name,ast_b37ed37a3540,120045,,코어에너지1호,특별자산,,underlying_asset,,direct_owner,direct,0.94,,resolved,no_project_link,no_project_link,fund_assets,58630,,,verified,0.94
missing_one_or_more_names,유에이치파워 대여금,이지스코어에너지인프라일반사모투자신탁제1-A호,,,"이지스유에이치 주식 및 대여금, 유에이치파워 대여금",physical_asset,,운용,,project_name,ast_b37ed37a3540,120048,,코어인프라1-A호,특별자산,,underlying_asset,,direct_owner,direct,0.94,,resolved,no_project_link,no_project_link,fund_assets,58638,,,verified,0.94
missing_one_or_more_names,삼성중공업판교R&D센터,,,경기도 성남시 분당구 삼평동 615,,physical_asset,오피스,,,fund_name; project_name,ast_b3c81fc9c5cf,,,,,,,,,,,,no_fund_link,no_project_link,no_project_link,,,,,verified,
missing_one_or_more_names,종로구 시니어주택 리모델링,,,서울시 종로구 평창동 153-3,,physical_asset,주거,,,fund_name; project_name,ast_b3cbbcaf74d0,,,,,,,,,,,,no_fund_link,no_project_link,no_project_link,,,,,verified,
missing_one_or_more_names,센터필드,,,서울특별시 강남구 역삼동 676,,physical_asset,오피스복합,,,fund_name; project_name,ast_b3db1f189553,,,,,,,,,,,,no_fund_link,no_project_link,no_project_link,,,,,verified,
missing_one_or_more_names,Courtyard by Marriott Portfolio Senior Mezzanine Loan,,,아래 자산별 상세 내역,,physical_asset,호텔,,,fund_name; project_name,ast_b3f61c8578bc,,,,,,,,,,,,no_fund_link,no_project_link,no_project_link,,,,,verified,
missing_one_or_more_names,하늘별빛에너지태양광발전소,이지스일반사모투자신탁377호,,경상북도 의성군 장춘리 산88-2,"환성2호태양광발전소, 환성3호태양광발전소, 예지안빛에너지, 장춘3호태양광발전소, 하늘별빛에너지태양광발전소, 해누리7호태양광발전소, 천리에너지2호태양광발전소, 엠아이에너지태양광발전소, 한국쏠라알피에스태양광발전소, 솔라팜1호, 솔라팜2호, 삼산태양광발전소, 맥스에너지하리태양광발전, 맥스에너지금성태양광발전, 제이에스금계태양광발전, 지동쏠라에너지태양광발전, 성남제이씨에너지, 선그린에너지, 일순에너지, 스카이에너지, 에이스쏠라, 디앤피옥연, 디앤피영천신기, 곡성, 케이앤씨해바라기, 케이앤씨솔라리아, 호니파워, 에스디일호, 에스플래닛삼십사호, 아인에너지, 제이피에너지",physical_asset,,운용,,project_name,ast_b455401a3b2c,112466,,377호,특별자산,,underlying_asset,,direct_owner,direct,0.94,,resolved,no_project_link,no_project_link,fund_assets,58265,,,verified,0.94
missing_one_or_more_names,신라스테이(제주),,,제주특별자치도 제주시 노연로 100,,physical_asset,호텔,,,fund_name; project_name,ast_b487a63c00bc,,,,,,,,,,,,no_fund_link,no_project_link,no_project_link,,,,,verified,
missing_one_or_more_names,Courtyard San Francisco Airport,,,1050 Bayhill Drive,,physical_asset,호텔,,,fund_name; project_name,ast_b48f4cef1665,,,,,,,,,,,,no_fund_link,no_project_link,no_project_link,,,,,verified,
missing_one_or_more_names,이에스에이치12,,,전남 광양시 광양읍 세풍리 2224,,physical_asset,,,,fund_name; project_name,ast_b4b61550017e,,,,,,,,,,,,no_fund_link,no_project_link,no_project_link,,,,,verified,
missing_one_or_more_names,이지스국내PF재구조화일반사모부동산모투자신탁제1-3호,이지스국내PF재구조화일반사모부동산모투자신탁제1-3호,,,이지스용산PF재구조화일반사모1호(2종),physical_asset,,운용,,project_name,ast_b4ff0851baae,120102,,국내PF재구조화1-3호(모),NPL,,underlying_asset,,direct_owner,direct,0.94,,resolved,no_project_link,no_project_link,fund_assets,58665,,,auto_created,0.94
missing_one_or_more_names,랜드플랫폼 1-2호,,,,,physical_asset,데이터센터,,,fund_name; project_name,ast_b59dddacbfb7,,,,,,,,,,,,no_fund_link,no_project_link,no_project_link,,,,,verified,
missing_one_or_more_names,LEGALAND 와세다미나미,,,일본 도쿄도 23구 내,,physical_asset,,,,fund_name; project_name,ast_b5a8681c1621,,,,,,,,,,,,no_fund_link,no_project_link,no_project_link,,,,,verified,
missing_one_or_more_names,봉산햇빛,이지스일반사모투자신탁435호(태양광),,강원도 철원군 갈말읍 동막리 산166,"다산1, 동서발전, 진이엔지, 현대산업쏠라5호, 케이앤스틸테크놀로지, 리에너지, 지우태양광, 에스지, 케이앤씨벨에포크, 케이에이치테크단북1호, 미션, 윈즈에너지, 이큐에너지, 소망, 청수, 봉산햇빛, 행암에너지일호, 도원에너지, 솔빛에너지, 에스와이솔라, 에이치엠솔라1, 이에스에이치12, 지티씨솔라13호, 강구16호, 외삼1호, 외삼2호, 솔라트리1호, 김송하, 에스이피브, 케이앤씨헤르메스, 모두에너지, 솔라팩토리10호, 씨에스에너텍, 알이씨에너지, 알이엔네트웍스, 어량리, 비케이솔라, 와이알에너지, 유현그린, 케이앤씨그린북, 디앤피상주, 적화솔라, 솔라시너지햇빛1호, 이인메가태양광, 솔라팩토리22호, 솔라팩토리19호",physical_asset,,운용,,project_name,ast_b5b2968544d4,112584,,435호,특별자산,,underlying_asset,,direct_owner,direct,0.94,,resolved,no_project_link,no_project_link,fund_assets,58426,,,verified,0.94
missing_one_or_more_names,명지녹산데이터센터개발사업,,,부산광역시 강서구 송정동 1711-4번지 외 4필지,,physical_asset,데이터센터,,,fund_name; project_name,ast_b5ddd770a044,,,,,,,,,,,,no_fund_link,no_project_link,no_project_link,,,,,verified,
missing_one_or_more_names,삼성중공업판교R&D센터,,,경기도 성남시 분당구 삼평동 615,,physical_asset,오피스,,,fund_name; project_name,ast_b60bc5039d9c,,,,,,,,,,,,no_fund_link,no_project_link,no_project_link,,,,,verified,
missing_one_or_more_names,씨에스에너텍,,,"경산시 진량읍 다문로 188-9, 경산시 진량읍 공단6로 42, 42-1",,physical_asset,,,,fund_name; project_name,ast_b63d20942515,,,,,,,,,,,,no_fund_link,no_project_link,no_project_link,,,,,verified,
missing_one_or_more_names,PASEO 신주쿠,,,일본 도쿄도 23구 내,,physical_asset,,,,fund_name; project_name,ast_b64b7d2f05cc,,,,,,,,,,,,no_fund_link,no_project_link,no_project_link,,,,,verified,
missing_one_or_more_names,"부산시 사상구 괘법동 오피스텔, 도시형생활주택 및 근린생활시설 신축사업",이지스부동산투자신탁239호,,부산광역시 사상구 괘법동 564-8,"강남구 역삼동 오피스텔 및 근린생활시설 신축사업, 부산시 사상구 괘법동 오피스텔, 도시형생활주택 및 근린생활시설 신축사업",physical_asset,,청산,,project_name,ast_b6574cf0dc13,112252,,239호,복합(오피스),,underlying_asset,,direct_owner,direct,0.98,,resolved,no_project_link,no_project_link,fund_assets,58107,,,auto_created,0.98
missing_one_or_more_names,우덕빌딩,,,서울특별시 강남구 역삼동 832-2,,physical_asset,오피스,,,fund_name; project_name,ast_b67c10418036,,,,,,,,,,,,no_fund_link,no_project_link,no_project_link,,,,,verified,
missing_one_or_more_names,"메자닌, 공모주, 이벤트 드리븐",,,,,physical_asset,,,,fund_name; project_name,ast_b74794104f0e,,,,,,,,,,,,no_fund_link,no_project_link,no_project_link,,,,,verified,
missing_one_or_more_names,Kansas city Amazon Warehouse,이지스미국일반사모부동산투자신탁380-1호,,,"Virginia Amazon Warehouse , Lakeville Amazon Warehouse , Kansas city Amazon Warehouse",physical_asset,물류센터,운용,,project_name,ast_b7500e646006,112496,,380-1호,물류,,underlying_asset,,direct_owner,direct,0.94,,resolved,no_project_link,no_project_link,fund_assets,58315,,,verified,0.94
missing_one_or_more_names,Kansas city Amazon Warehouse,이지스미국일반사모부동산투자신탁380-2호,,,"Virginia Amazon Warehouse , Lakeville Amazon Warehouse , Kansas city Amazon Warehouse",physical_asset,물류센터,운용,,project_name,ast_b7500e646006,112497,,380-2호,물류,,underlying_asset,,direct_owner,direct,0.94,,resolved,no_project_link,no_project_link,fund_assets,58318,,,verified,0.94
missing_one_or_more_names,트윈트리타워,,,서울특별시 종로구 중학동 14,,physical_asset,오피스,,,fund_name; project_name,ast_b79d97794e21,,,,,,,,,,,,no_fund_link,no_project_link,no_project_link,,,,,verified,
missing_one_or_more_names,Clarion Lion Properties Fund,,,,,physical_asset,오피스복합,,,fund_name; project_name,ast_b7f2420d1edb,,,,,,,,,,,,no_fund_link,no_project_link,no_project_link,,,,,verified,
missing_one_or_more_names,랜드플랫폼 1-1호,,,,,physical_asset,오피스복합,,,fund_name; project_name,ast_b8260924bf5c,,,,,,,,,,,,no_fund_link,no_project_link,no_project_link,,,,,verified,
missing_one_or_more_names,와이에이치파워4 주식,,,,,physical_asset,,,,fund_name; project_name,ast_b8dc59bf595f,,,,,,,,,,,,no_fund_link,no_project_link,no_project_link,,,,,verified,
missing_one_or_more_names,엠아이파워,이지스일반사모투자신탁392호(태양광),,경북 청도군 풍각면 월봉리 산 10번지,"참빛솔라 태양광발전소, 최강일 태양광발전소, 신명솔라 태양광발전소, 성리태양광발전소, 새금풍력태양광발전소, 엠아이파워, 해량에너지, 시온솔라, 의령1호, 의령2호, 의령3호, 나눔과사랑, 건화솔라, 투태모에너지3호, 비취정보기술, 은하수솔라, 화성솔라, 임원, 누리, 평화와번영, 옥스포드, 미래화희망, 해바라기, 디앤피입암리1호, 한려, 해담은삼척1호",physical_asset,,운용,,project_name,ast_b934e85074e0,112504,,392호,특별자산,,underlying_asset,,direct_owner,direct,0.94,,resolved,no_project_link,no_project_link,fund_assets,58333,,,verified,0.94
missing_one_or_more_names,네오밸류한남PFV의 전환사채,,,서울시 용산구 한남동 736-9 외 2필지,,physical_asset,오피스복합,,,fund_name; project_name,ast_b939ab49c418,,,,,,,,,,,,no_fund_link,no_project_link,no_project_link,,,,,verified,
missing_one_or_more_names,에이블로지스물류센터,,,경기도 용인시 처인구 백암면 백봉리 767-13외 1필지,,physical_asset,물류센터,,,fund_name; project_name,ast_b94e03e88d51,,,,,,,,,,,,no_fund_link,no_project_link,no_project_link,,,,,verified,
missing_one_or_more_names,부산송정물류센터,,,부산광역시 강서구 송정동 1715-2,,physical_asset,물류센터,,,fund_name; project_name,ast_ba08839e7d49,,,,,,,,,,,,no_fund_link,no_project_link,no_project_link,,,,,verified,
missing_one_or_more_names,부림빌딩,,,"서울특별시 중구 을지로 1가 42, 을지로1가 71-9번지",,physical_asset,오피스,,,fund_name; project_name,ast_ba5f85af264f,,,,,,,,,,,,no_fund_link,no_project_link,no_project_link,,,,,verified,
missing_one_or_more_names,GRAN PASEO 신주쿠,,,일본 도쿄도 23구 내,,physical_asset,,,,fund_name; project_name,ast_ba62b631b6c6,,,,,,,,,,,,no_fund_link,no_project_link,no_project_link,,,,,verified,
missing_one_or_more_names,KTX울산역 오피스텔 개발사업,,,울산광역시 울주군 삼남읍 교동리 1682-1번지,,physical_asset,주거,,,fund_name; project_name,ast_bad984e26b0b,,,,,,,,,,,,no_fund_link,no_project_link,no_project_link,,,,,verified,
missing_one_or_more_names,대구시티센터,,,대구광역시 중구 문화동 11-1,,physical_asset,오피스복합,,,fund_name; project_name,ast_bb2cc0b2b2e3,,,,,,,,,,,,no_fund_link,no_project_link,no_project_link,,,,,verified,
missing_one_or_more_names,마곡CP4 복합시설 개발,,,"마곡동 769,769-1",,physical_asset,오피스복합,,,fund_name; project_name,ast_bb3782e6cd9f,,,,,,,,,,,,no_fund_link,no_project_link,no_project_link,,,,,verified,
missing_one_or_more_names,평택아디다스물류센터,,,경기도 평택시 도일유통길 64(도일동 1175-3),,physical_asset,물류센터,,,fund_name; project_name,ast_bb50a5baa03a,,,,,,,,,,,,no_fund_link,no_project_link,no_project_link,,,,,verified,
missing_one_or_more_names,용산전자상가 특별계획구역8 개발사업,,,,,physical_asset,오피스복합,,,fund_name; project_name,ast_bb94f2f213ab,,,,,,,,,,,,no_fund_link,no_project_link,no_project_link,,,,,verified,
missing_one_or_more_names,"국내 상장 리츠, 리츠IPO",,,,,physical_asset,,,,fund_name; project_name,ast_bbcdf21f274e,,,,,,,,,,,,no_fund_link,no_project_link,no_project_link,,,,,verified,
missing_one_or_more_names,청담펜트하우스,,,서울시 강남구 청담동 129,,physical_asset,주거,,,fund_name; project_name,ast_bc54b586be28,,,,,,,,,,,,no_fund_link,no_project_link,no_project_link,,,,,verified,
missing_one_or_more_names,평촌G스퀘어,,,경기도 안양시 동안구 호계동 1039 외 2필지,,physical_asset,오피스복합,,,fund_name; project_name,ast_bc6a604e91d6,,,,,,,,,,,,no_fund_link,no_project_link,no_project_link,,,,,verified,
missing_one_or_more_names,Bell 본사(몬트리올) 대출,이지스글로벌사모부동산투자신탁37-2호,,"1 Carrefour Alexander-Graham-Bell. Montreal, Canada","Sanofi 본사(파리) 대출, Bell 본사(몬트리올) 대출, OJP사옥(워싱턴) 대출",physical_asset,오피스,운용,,project_name,ast_bd3d31c699b0,112036,,37-2호,오피스,,underlying_asset,,direct_owner,direct,0.94,,resolved,no_project_link,no_project_link,fund_assets,57911,,,verified,0.94
missing_one_or_more_names,"메자닌, 공모주, 이벤트 드리븐",,,,,physical_asset,,,,fund_name; project_name,ast_bdcfe83d9647,,,,,,,,,,,,no_fund_link,no_project_link,no_project_link,,,,,verified,
missing_one_or_more_names,이지스312호 수익증권,,,이지스312호,,physical_asset,오피스복합,,,fund_name; project_name,ast_bdd954c47a29,,,,,,,,,,,,no_fund_link,no_project_link,no_project_link,,,,,verified,
missing_one_or_more_names,동탄센터포인트몰,,,경기도 화성시 반송동 96/96번지,,physical_asset,오피스복합,,,fund_name; project_name,ast_bec58069f5fb,,,,,,,,,,,,no_fund_link,no_project_link,no_project_link,,,,,verified,
missing_one_or_more_names,네오밸류한남PFV의 제2종 종류주식,,,서울시 용산구 한남동 736-9 외 2필지,,physical_asset,오피스복합,,,fund_name; project_name,ast_bf0627d6fee0,,,,,,,,,,,,no_fund_link,no_project_link,no_project_link,,,,,verified,
missing_one_or_more_names,"StepStone Secondary Opportunities Fund V Offshore, L.P.",,,,,physical_asset,,,,fund_name; project_name,ast_bf7b25add095,,,,,,,,,,,,no_fund_link,no_project_link,no_project_link,,,,,verified,
missing_one_or_more_names,글로벌 리츠,이지스글로벌고배당리츠플러스부동산투자신탁(리츠-재간접형) Class A-e,,,글로벌 리츠,physical_asset,,운용,,project_name,ast_c010b7ae021c,112427,,고배당리츠(A-e),지분증권,,underlying_asset,,direct_owner,direct,0.94,,resolved,no_project_link,no_project_link,fund_assets,58242,,,verified,0.94
missing_one_or_more_names,글로벌 리츠,이지스글로벌고배당리츠플러스부동산투자신탁(리츠-재간접형),,,글로벌 리츠,physical_asset,,운용,,project_name,ast_c010b7ae021c,112425,,고배당리츠,지분증권,,underlying_asset,,direct_owner,direct,0.94,,resolved,no_project_link,no_project_link,fund_assets,58240,,,verified,0.94
missing_one_or_more_names,글로벌 리츠,이지스글로벌고배당리츠플러스부동산투자신탁(리츠-재간접형) Class A,,,글로벌 리츠,physical_asset,,운용,,project_name,ast_c010b7ae021c,112426,,고배당리츠(A),지분증권,,underlying_asset,,direct_owner,direct,0.94,,resolved,no_project_link,no_project_link,fund_assets,58241,,,verified,0.94
missing_one_or_more_names,글로벌 리츠,이지스글로벌고배당리츠플러스부동산투자신탁(리츠-재간접형) Class C,,,글로벌 리츠,physical_asset,,운용,,project_name,ast_c010b7ae021c,112429,,고배당리츠(C),지분증권,,underlying_asset,,direct_owner,direct,0.94,,resolved,no_project_link,no_project_link,fund_assets,58243,,,verified,0.94
missing_one_or_more_names,글로벌 리츠,이지스글로벌고배당리츠플러스부동산투자신탁(리츠-재간접형) Class C-e,,,글로벌 리츠,physical_asset,,운용,,project_name,ast_c010b7ae021c,112430,,고배당리츠(C-e),지분증권,,underlying_asset,,direct_owner,direct,0.94,,resolved,no_project_link,no_project_link,fund_assets,58244,,,verified,0.94
missing_one_or_more_names,글로벌 리츠,이지스글로벌고배당리츠플러스부동산투자신탁(리츠-재간접형) Class C-F,,,글로벌 리츠,physical_asset,,운용,,project_name,ast_c010b7ae021c,112432,,고배당리츠(C-F),지분증권,,underlying_asset,,direct_owner,direct,0.94,,resolved,no_project_link,no_project_link,fund_assets,58245,,,verified,0.94
missing_one_or_more_names,글로벌 리츠,이지스글로벌고배당리츠플러스부동산투자신탁(리츠-재간접형) Class C-P,,,글로벌 리츠,physical_asset,,운용,,project_name,ast_c010b7ae021c,112434,,고배당리츠(C-P),지분증권,,underlying_asset,,direct_owner,direct,0.94,,resolved,no_project_link,no_project_link,fund_assets,58246,,,verified,0.94
missing_one_or_more_names,글로벌 리츠,이지스글로벌고배당리츠플러스부동산투자신탁(리츠-재간접형) Class C-Pe,,,글로벌 리츠,physical_asset,,운용,,project_name,ast_c010b7ae021c,112435,,고배당리츠(C-Pe),지분증권,,underlying_asset,,direct_owner,direct,0.94,,resolved,no_project_link,no_project_link,fund_assets,58247,,,verified,0.94
missing_one_or_more_names,글로벌 리츠,이지스글로벌고배당리츠플러스부동산투자신탁(리츠-재간접형) Class C-P2,,,글로벌 리츠,physical_asset,,운용,,project_name,ast_c010b7ae021c,112436,,고배당리츠(C-P2),지분증권,,underlying_asset,,direct_owner,direct,0.94,,resolved,no_project_link,no_project_link,fund_assets,58248,,,verified,0.94
missing_one_or_more_names,글로벌 리츠,이지스글로벌고배당리츠플러스부동산투자신탁(리츠-재간접형) Class C-P2e,,,글로벌 리츠,physical_asset,,운용,,project_name,ast_c010b7ae021c,112437,,고배당리츠(C-P2e),지분증권,,underlying_asset,,direct_owner,direct,0.94,,resolved,no_project_link,no_project_link,fund_assets,58249,,,verified,0.94
missing_one_or_more_names,글로벌 리츠,이지스글로벌고배당리츠플러스부동산투자신탁(리츠-재간접형) Class C-W,,,글로벌 리츠,physical_asset,,운용,,project_name,ast_c010b7ae021c,112438,,고배당리츠(C-W),지분증권,,underlying_asset,,direct_owner,direct,0.94,,resolved,no_project_link,no_project_link,fund_assets,58250,,,verified,0.94
missing_one_or_more_names,글로벌 리츠,이지스글로벌고배당리츠플러스부동산투자신탁(리츠-재간접형) Class S,,,글로벌 리츠,physical_asset,,운용,,project_name,ast_c010b7ae021c,112439,,고배당리츠(S),지분증권,,underlying_asset,,direct_owner,direct,0.94,,resolved,no_project_link,no_project_link,fund_assets,58251,,,verified,0.94
missing_one_or_more_names,글로벌 리츠,이지스글로벌고배당리츠플러스부동산투자신탁(리츠-재간접형) Class S-P,,,글로벌 리츠,physical_asset,,운용,,project_name,ast_c010b7ae021c,112440,,고배당리츠(S-P),지분증권,,underlying_asset,,direct_owner,direct,0.94,,resolved,no_project_link,no_project_link,fund_assets,58252,,,verified,0.94
missing_one_or_more_names,글로벌 리츠,이지스글로벌고배당리츠플러스부동산투자신탁(리츠-재간접형) Class S-P2,,,글로벌 리츠,physical_asset,,운용,,project_name,ast_c010b7ae021c,112441,,고배당리츠(S-P2),지분증권,,underlying_asset,,direct_owner,direct,0.94,,resolved,no_project_link,no_project_link,fund_assets,58253,,,verified,0.94
missing_one_or_more_names,글로벌 리츠,이지스글로벌고배당리츠플러스부동산투자신탁(리츠-재간접형) Class A-G,,,,physical_asset,,미설정,,project_name,ast_c010b7ae021c,112428,,고배당리츠(A-G),,,inferred_underlying_asset,,direct_owner,inferred_direct,0.95,,resolved,no_project_link,no_project_link,funds,112428,,,verified,0.94
missing_one_or_more_names,글로벌 리츠,이지스글로벌고배당리츠플러스부동산투자신탁(리츠-재간접형) Class C-G,,,,physical_asset,,미설정,,project_name,ast_c010b7ae021c,112431,,고배당리츠(C-G),,,inferred_underlying_asset,,direct_owner,inferred_direct,0.95,,resolved,no_project_link,no_project_link,funds,112431,,,verified,0.94
missing_one_or_more_names,글로벌 리츠,이지스글로벌고배당리츠플러스부동산투자신탁(리츠-재간접형) Class C-I,,,,physical_asset,,미설정,,project_name,ast_c010b7ae021c,112433,,고배당리츠(C-I),,,inferred_underlying_asset,,direct_owner,inferred_direct,0.95,,resolved,no_project_link,no_project_link,funds,112433,,,verified,0.94
missing_one_or_more_names,남악신도시 복합쇼핑몰,,,전라남도 무안군 삼향읍 남악리 2622,,physical_asset,오피스복합,,,fund_name; project_name,ast_c0ac2f0648ba,,,,,,,,,,,,no_fund_link,no_project_link,no_project_link,,,,,verified,
missing_one_or_more_names,"미국 Delaware 소재 ROCKWOOD LSF III, LP (역외펀드)의 수익증권",,,,,physical_asset,,,,fund_name; project_name,ast_c0ba855ea88d,,,,,,,,,,,,no_fund_link,no_project_link,no_project_link,,,,,verified,
missing_one_or_more_names,세운5구역 개발사업,,,"서울시 중구 산림동 190-3번지 일원 (세운지구 5-1, 5-3구역)",,physical_asset,오피스,,,fund_name; project_name,ast_c14f12c21203,,,,,,,,,,,,no_fund_link,no_project_link,no_project_link,,,,,verified,
missing_one_or_more_names,목동 트라팰리스 스퀘어,,,"서울시 양천구 목동 962,962-1",,physical_asset,리테일,,,fund_name; project_name,ast_c174f71f733d,,,,,,,,,,,,no_fund_link,no_project_link,no_project_link,,,,,verified,
missing_one_or_more_names,"StepStone Secondary Opportunities Fund V Offshore Holdings, L.P.  가 발행하는 지분증권",,,,,physical_asset,,,,fund_name; project_name,ast_c18ecd73207e,,,,,,,,,,,,no_fund_link,no_project_link,no_project_link,,,,,verified,
missing_one_or_more_names,"용답동 231, 231-1 공동주택 및 근린생활시설",,,"서울특별시 성동구 용답동 231, 231-1번지",,physical_asset,오피스,,,fund_name; project_name,ast_c1aba7a35f32,,,,,,,,,,,,no_fund_link,no_project_link,no_project_link,,,,,verified,
missing_one_or_more_names,PGSF VII,,,,,physical_asset,오피스복합,,,fund_name; project_name,ast_c1b901dad63f,,,,,,,,,,,,no_fund_link,no_project_link,no_project_link,,,,,verified,
missing_one_or_more_names,안성 산하3지구 물류센터 개발사업,,,,,physical_asset,,,,fund_name; project_name,ast_c1bf03575e07,,,,,,,,,,,,no_fund_link,no_project_link,no_project_link,,,,,verified,
missing_one_or_more_names,채권,,,,,physical_asset,,,,fund_name; project_name,ast_c1c3fa74d17e,,,,,,,,,,,,no_fund_link,no_project_link,no_project_link,,,,,verified,
missing_one_or_more_names,안성 성은지구 물류센터,,,경기도 안성시 원곡면 성은리 319-1,,physical_asset,물류센터,,,fund_name; project_name,ast_c216d24d224b,,,,,,,,,,,,no_fund_link,no_project_link,no_project_link,,,,,verified,
missing_one_or_more_names,김송하,이지스일반사모투자신탁435호(태양광),,강원도 영월군 상동읍 구래리 194-9번지 외 3필지,"다산1, 동서발전, 진이엔지, 현대산업쏠라5호, 케이앤스틸테크놀로지, 리에너지, 지우태양광, 에스지, 케이앤씨벨에포크, 케이에이치테크단북1호, 미션, 윈즈에너지, 이큐에너지, 소망, 청수, 봉산햇빛, 행암에너지일호, 도원에너지, 솔빛에너지, 에스와이솔라, 에이치엠솔라1, 이에스에이치12, 지티씨솔라13호, 강구16호, 외삼1호, 외삼2호, 솔라트리1호, 김송하, 에스이피브, 케이앤씨헤르메스, 모두에너지, 솔라팩토리10호, 씨에스에너텍, 알이씨에너지, 알이엔네트웍스, 어량리, 비케이솔라, 와이알에너지, 유현그린, 케이앤씨그린북, 디앤피상주, 적화솔라, 솔라시너지햇빛1호, 이인메가태양광, 솔라팩토리22호, 솔라팩토리19호",physical_asset,,운용,,project_name,ast_c22cfc14fece,112584,,435호,특별자산,,underlying_asset,,direct_owner,direct,0.94,,resolved,no_project_link,no_project_link,fund_assets,58438,,,verified,0.94
missing_one_or_more_names,페어필드 메리어트 서울,,,서울 영등포구 경인로 870,,physical_asset,호텔,,,fund_name; project_name,ast_c28b363f2b5a,,,,,,,,,,,,no_fund_link,no_project_link,no_project_link,,,,,verified,
missing_one_or_more_names,Toronto The One Super-senior Loan (Receivership Funding),,,"One Bloor St. West, Toronto, Ontario",,physical_asset,오피스복합,,,fund_name; project_name,ast_c2b24d6ab2a3,,,,,,,,,,,,no_fund_link,no_project_link,no_project_link,,,,,verified,
missing_one_or_more_names,의령3호,이지스일반사모투자신탁392호(태양광),,경상남도 의령군 화정면 상일리 산95,"참빛솔라 태양광발전소, 최강일 태양광발전소, 신명솔라 태양광발전소, 성리태양광발전소, 새금풍력태양광발전소, 엠아이파워, 해량에너지, 시온솔라, 의령1호, 의령2호, 의령3호, 나눔과사랑, 건화솔라, 투태모에너지3호, 비취정보기술, 은하수솔라, 화성솔라, 임원, 누리, 평화와번영, 옥스포드, 미래화희망, 해바라기, 디앤피입암리1호, 한려, 해담은삼척1호",physical_asset,,운용,,project_name,ast_c2fde5e671a6,112504,,392호,특별자산,,underlying_asset,,direct_owner,direct,0.94,,resolved,no_project_link,no_project_link,fund_assets,58338,,,verified,0.94
missing_one_or_more_names,Courtyard Herndon,,,533 Herndon Parkway,,physical_asset,호텔,,,fund_name; project_name,ast_c36e38cae9e1,,,,,,,,,,,,no_fund_link,no_project_link,no_project_link,,,,,verified,
missing_one_or_more_names,이지스200호(디어스 판교),,,경기도 성남시 수정구 대왕판교로 815,,physical_asset,,,,fund_name; project_name,ast_c390565c53af,,,,,,,,,,,,no_fund_link,no_project_link,no_project_link,,,,,verified,
missing_one_or_more_names,제주화북상업지역 주상복합용지 C1블럭 주상복합시설,,,,,physical_asset,주거,,,fund_name; project_name,ast_c3ac30b33acf,,,,,,,,,,,,no_fund_link,no_project_link,no_project_link,,,,,verified,
missing_one_or_more_names,용산전자상가 특별계획구역8 B/L (이지스용산PF재구조화1호 2종 수익증권),,,서울특별시 용산구 한강로2가 15-2,,physical_asset,,,,fund_name; project_name,ast_c4abd15d239e,,,,,,,,,,,,no_fund_link,no_project_link,no_project_link,,,,,verified,
missing_one_or_more_names,Lakeville Amazon Warehouse,이지스미국일반사모부동산투자신탁380-2호,,,"Virginia Amazon Warehouse , Lakeville Amazon Warehouse , Kansas city Amazon Warehouse",physical_asset,물류센터,운용,,project_name,ast_c4b09711952f,112497,,380-2호,물류,,underlying_asset,,direct_owner,direct,0.94,,resolved,no_project_link,no_project_link,fund_assets,58317,,,verified,0.94
missing_one_or_more_names,Lakeville Amazon Warehouse,이지스미국일반사모부동산투자신탁380-1호,,,"Virginia Amazon Warehouse , Lakeville Amazon Warehouse , Kansas city Amazon Warehouse",physical_asset,물류센터,운용,,project_name,ast_c4b09711952f,112496,,380-1호,물류,,underlying_asset,,direct_owner,direct,0.94,,resolved,no_project_link,no_project_link,fund_assets,58314,,,verified,0.94
missing_one_or_more_names,북미DC포트폴리오,,,,,physical_asset,,,,fund_name; project_name,ast_c4e7fa860d3b,,,,,,,,,,,,no_fund_link,no_project_link,no_project_link,,,,,verified,
missing_one_or_more_names,안성 산하3지구 물류센터 개발사업,,,,,physical_asset,,,,fund_name; project_name,ast_c560bb54059f,,,,,,,,,,,,no_fund_link,no_project_link,no_project_link,,,,,verified,
missing_one_or_more_names,HSBC Senior UK Direct Lending Fund 2020 RAIF SICAV-S.A.,,,,,physical_asset,,,,fund_name; project_name,ast_c629e1d10c4f,,,,,,,,,,,,no_fund_link,no_project_link,no_project_link,,,,,verified,
missing_one_or_more_names,"AA- 이상 채권, 국내 상장 리츠, 공모주, 스팩",,,,,physical_asset,,,,fund_name; project_name,ast_c638ee6122ee,,,,,,,,,,,,no_fund_link,no_project_link,no_project_link,,,,,verified,
missing_one_or_more_names,이지스일반사모426호(1종),,,,,physical_asset,물류센터,,,fund_name; project_name,ast_c67fa13e0d92,,,,,,,,,,,,no_fund_link,no_project_link,no_project_link,,,,,verified,
missing_one_or_more_names,"이지스411호(200호 재간접, 디어스 판교)",주식회사 이지스레지던스위탁관리부동산투자회사,,시흥동 321,"이지스151호(더샵 부평), 이지스333호(디어스 명동), 이지스333호(홍대 코리빙 복합시설), 이지스411호(200호 재간접, 디어스 판교), 이지스200호(디어스 판교)",physical_asset,,운용,,project_name,ast_c6d650564064,R00008,,R레지던스,주거,,underlying_asset,,direct_owner,direct,0.98,,resolved,no_project_link,no_project_link,fund_assets,58760,,,auto_created,0.98
missing_one_or_more_names,Camplogalliano,이지스글로벌일반사모부동산투자신탁335호,,"Emilia-Romagna (Bologna), Modena, Italy","San Mauro Torinese, Carugate, Verona, Tori Di Quartesolo, Campegine, Camplogalliano, Bologna Interporto",physical_asset,물류센터,청산,,project_name,ast_c70882b2b3ff,112401,,335호,물류,,underlying_asset,,direct_owner,direct,0.94,,resolved,no_project_link,no_project_link,fund_assets,58222,,,verified,0.94
missing_one_or_more_names,Bologna Interporto,이지스글로벌일반사모부동산투자신탁335호,,"Emilia-Romagna (Bologna), Bologna, Italy","San Mauro Torinese, Carugate, Verona, Tori Di Quartesolo, Campegine, Camplogalliano, Bologna Interporto",physical_asset,물류센터,청산,,project_name,ast_c7e88869e4e6,112401,,335호,물류,,underlying_asset,,direct_owner,direct,0.94,,resolved,no_project_link,no_project_link,fund_assets,58223,,,verified,0.94
missing_one_or_more_names,충북 청주시 서원구 잠두봉근린공원 공동주택 개발사업 PF 대출채권,,,충청북도 청주시 서원구 수곡동 산22번지 일원,,physical_asset,주거,,,fund_name; project_name,ast_c7f4cc2c568d,,,,,,,,,,,,no_fund_link,no_project_link,no_project_link,,,,,verified,
missing_one_or_more_names,Abry Advanced Securities Fund III CV-A,,,,,physical_asset,,,,fund_name; project_name,ast_c809dd5ea928,,,,,,,,,,,,no_fund_link,no_project_link,no_project_link,,,,,verified,
missing_one_or_more_names,쌈지길,,,"서울특별시 종로구 관훈동 38, 44",,physical_asset,리테일,,,fund_name; project_name,ast_c8c2e5210765,,,,,,,,,,,,no_fund_link,no_project_link,no_project_link,,,,,verified,
missing_one_or_more_names,성내동 개발부지 담보대출(브릿지론),,,,,physical_asset,,,,fund_name; project_name,ast_c90a7683fe0a,,,,,,,,,,,,no_fund_link,no_project_link,no_project_link,,,,,verified,
missing_one_or_more_names,인천 가좌동 오피스텔 선순위 PF대출채권,,,인천광역시 서구 가좌동 212-8,,physical_asset,주거,,,fund_name; project_name,ast_c930b43436c8,,,,,,,,,,,,no_fund_link,no_project_link,no_project_link,,,,,verified,
missing_one_or_more_names,뉴코아아울렛(일산),이지스E코크렙6호전문투자형사모투자신탁102호,,경기도 고양시 일산동구 마두동 797,"NC백화점(야탑), 뉴코아아울렛(평촌), 뉴코아아울렛(일산)",physical_asset,,청산,,project_name,ast_c9b5f50bc992,112081,,102호,리테일,,underlying_asset,,direct_owner,direct,0.98,,resolved,no_project_link,no_project_link,fund_assets,57957,,,auto_created,0.98
missing_one_or_more_names,뉴코아아울렛(일산),이지스전문투자형사모투자신탁154호,,경기도 고양시 일산동구 마두동 797,"NC백화점(야탑), 뉴코아아울렛(평촌), 뉴코아아울렛(일산)",physical_asset,,청산,,project_name,ast_c9b5f50bc992,112155,,154호,리테일,,underlying_asset,,direct_owner,direct,0.98,,resolved,no_project_link,no_project_link,fund_assets,58025,,,auto_created,0.98
missing_one_or_more_names,홈플러스 전주완산점,,,전라북도 전주시 중노송동 495-6,,physical_asset,리테일,,,fund_name; project_name,ast_c9cb9c4a7013,,,,,,,,,,,,no_fund_link,no_project_link,no_project_link,,,,,verified,
missing_one_or_more_names,"채권, 자산유동화 증권, 어음, 레포",,,,,physical_asset,,,,fund_name; project_name,ast_ca5e36cf0326,,,,,,,,,,,,no_fund_link,no_project_link,no_project_link,,,,,verified,
missing_one_or_more_names,시온솔라,이지스일반사모투자신탁392호(태양광),,경북 영천시 북안면 효리 산82-1,"참빛솔라 태양광발전소, 최강일 태양광발전소, 신명솔라 태양광발전소, 성리태양광발전소, 새금풍력태양광발전소, 엠아이파워, 해량에너지, 시온솔라, 의령1호, 의령2호, 의령3호, 나눔과사랑, 건화솔라, 투태모에너지3호, 비취정보기술, 은하수솔라, 화성솔라, 임원, 누리, 평화와번영, 옥스포드, 미래화희망, 해바라기, 디앤피입암리1호, 한려, 해담은삼척1호",physical_asset,,운용,,project_name,ast_ca7e42523746,112504,,392호,특별자산,,underlying_asset,,direct_owner,direct,0.94,,resolved,no_project_link,no_project_link,fund_assets,58335,,,verified,0.94
missing_one_or_more_names,글로벌 상장 인프라 증권,,,,,physical_asset,,,,fund_name; project_name,ast_ca8728fa5c54,,,,,,,,,,,,no_fund_link,no_project_link,no_project_link,,,,,verified,
missing_one_or_more_names,도원에너지,이지스일반사모투자신탁435호(태양광),,경상남도 하동군 양보면 감당리 산85-1,"다산1, 동서발전, 진이엔지, 현대산업쏠라5호, 케이앤스틸테크놀로지, 리에너지, 지우태양광, 에스지, 케이앤씨벨에포크, 케이에이치테크단북1호, 미션, 윈즈에너지, 이큐에너지, 소망, 청수, 봉산햇빛, 행암에너지일호, 도원에너지, 솔빛에너지, 에스와이솔라, 에이치엠솔라1, 이에스에이치12, 지티씨솔라13호, 강구16호, 외삼1호, 외삼2호, 솔라트리1호, 김송하, 에스이피브, 케이앤씨헤르메스, 모두에너지, 솔라팩토리10호, 씨에스에너텍, 알이씨에너지, 알이엔네트웍스, 어량리, 비케이솔라, 와이알에너지, 유현그린, 케이앤씨그린북, 디앤피상주, 적화솔라, 솔라시너지햇빛1호, 이인메가태양광, 솔라팩토리22호, 솔라팩토리19호",physical_asset,,운용,,project_name,ast_cb14a8027ca3,112584,,435호,특별자산,,underlying_asset,,direct_owner,direct,0.94,,resolved,no_project_link,no_project_link,fund_assets,58428,,,verified,0.94
missing_one_or_more_names,국내 리츠,이지스K-리츠일반사모부동산투자신탁,,,국내 리츠,physical_asset,,운용,,project_name,ast_cb59978f02bf,112587,,K-리츠,지분증권,,underlying_asset,,direct_owner,direct,0.94,,resolved,no_project_link,no_project_link,fund_assets,58459,,,verified,0.94
missing_one_or_more_names,국내 리츠,이지스 라이징 K리츠 부동산투자신탁(리츠-재간접형)A class,,,,physical_asset,,청산,,project_name,ast_cb59978f02bf,112723,,라이징K리츠(A),지분증권,,inferred_underlying_asset,,direct_owner,inferred_direct,0.82,,resolved,no_project_link,no_project_link,funds,112723,,,verified,0.94
missing_one_or_more_names,국내 리츠,이지스 라이징 K리츠 부동산투자신탁(리츠-재간접형)A-e class,,,,physical_asset,,청산,,project_name,ast_cb59978f02bf,112724,,라이징K리츠(A-e),지분증권,,inferred_underlying_asset,,direct_owner,inferred_direct,0.82,,resolved,no_project_link,no_project_link,funds,112724,,,verified,0.94
missing_one_or_more_names,국내 리츠,이지스 라이징 K리츠 부동산투자신탁(리츠-재간접형)A-G class,,,,physical_asset,,청산,,project_name,ast_cb59978f02bf,112725,,라이징K리츠(A-G),지분증권,,inferred_underlying_asset,,direct_owner,inferred_direct,0.82,,resolved,no_project_link,no_project_link,funds,112725,,,verified,0.94
missing_one_or_more_names,국내 리츠,이지스 라이징 K리츠 부동산투자신탁(리츠-재간접형)C class,,,,physical_asset,,청산,,project_name,ast_cb59978f02bf,112726,,라이징K리츠(C),지분증권,,inferred_underlying_asset,,direct_owner,inferred_direct,0.82,,resolved,no_project_link,no_project_link,funds,112726,,,verified,0.94
missing_one_or_more_names,국내 리츠,이지스 라이징 K리츠 부동산투자신탁(리츠-재간접형)C-e class,,,,physical_asset,,청산,,project_name,ast_cb59978f02bf,112727,,라이징K리츠(C-e),지분증권,,inferred_underlying_asset,,direct_owner,inferred_direct,0.82,,resolved,no_project_link,no_project_link,funds,112727,,,verified,0.94
missing_one_or_more_names,국내 리츠,이지스 라이징 K리츠 부동산투자신탁(리츠-재간접형)C-G class,,,,physical_asset,,청산,,project_name,ast_cb59978f02bf,112728,,라이징K리츠(C-G),지분증권,,inferred_underlying_asset,,direct_owner,inferred_direct,0.82,,resolved,no_project_link,no_project_link,funds,112728,,,verified,0.94
missing_one_or_more_names,국내 리츠,이지스 라이징 K리츠 부동산투자신탁(리츠-재간접형)C-F class,,,,physical_asset,,청산,,project_name,ast_cb59978f02bf,112729,,라이징K리츠(C-F),지분증권,,inferred_underlying_asset,,direct_owner,inferred_direct,0.82,,resolved,no_project_link,no_project_link,funds,112729,,,verified,0.94
missing_one_or_more_names,국내 리츠,이지스 라이징 K리츠 부동산투자신탁(리츠-재간접형)C-I class,,,,physical_asset,,청산,,project_name,ast_cb59978f02bf,112730,,라이징K리츠(C-I),지분증권,,inferred_underlying_asset,,direct_owner,inferred_direct,0.82,,resolved,no_project_link,no_project_link,funds,112730,,,verified,0.94
missing_one_or_more_names,국내 리츠,이지스 라이징 K리츠 부동산투자신탁(리츠-재간접형)C-P class,,,,physical_asset,,청산,,project_name,ast_cb59978f02bf,112731,,라이징K리츠(C-P),지분증권,,inferred_underlying_asset,,direct_owner,inferred_direct,0.82,,resolved,no_project_link,no_project_link,funds,112731,,,verified,0.94
missing_one_or_more_names,국내 리츠,이지스 라이징 K리츠 부동산투자신탁(리츠-재간접형)C-Pe class,,,,physical_asset,,청산,,project_name,ast_cb59978f02bf,112732,,라이징K리츠(C-Pe),지분증권,,inferred_underlying_asset,,direct_owner,inferred_direct,0.82,,resolved,no_project_link,no_project_link,funds,112732,,,verified,0.94
missing_one_or_more_names,국내 리츠,이지스 라이징 K리츠 부동산투자신탁(리츠-재간접형)C-P2 class,,,,physical_asset,,청산,,project_name,ast_cb59978f02bf,112733,,라이징K리츠(C-P2),지분증권,,inferred_underlying_asset,,direct_owner,inferred_direct,0.82,,resolved,no_project_link,no_project_link,funds,112733,,,verified,0.94
missing_one_or_more_names,국내 리츠,이지스 라이징 K리츠 부동산투자신탁(리츠-재간접형)C-P2e class,,,,physical_asset,,청산,,project_name,ast_cb59978f02bf,112734,,라이징K리츠(C-P2e),지분증권,,inferred_underlying_asset,,direct_owner,inferred_direct,0.82,,resolved,no_project_link,no_project_link,funds,112734,,,verified,0.94
missing_one_or_more_names,국내 리츠,이지스 라이징 K리츠 부동산투자신탁(리츠-재간접형)C-W class,,,,physical_asset,,청산,,project_name,ast_cb59978f02bf,112735,,라이징K리츠(C-W),지분증권,,inferred_underlying_asset,,direct_owner,inferred_direct,0.82,,resolved,no_project_link,no_project_link,funds,112735,,,verified,0.94
missing_one_or_more_names,국내 리츠,이지스 라이징 K리츠 부동산투자신탁(리츠-재간접형)S class,,,,physical_asset,,청산,,project_name,ast_cb59978f02bf,112736,,라이징K리츠(S),지분증권,,inferred_underlying_asset,,direct_owner,inferred_direct,0.82,,resolved,no_project_link,no_project_link,funds,112736,,,verified,0.94
missing_one_or_more_names,국내 리츠,이지스 라이징 K리츠 부동산투자신탁(리츠-재간접형)S-P class,,,,physical_asset,,청산,,project_name,ast_cb59978f02bf,112737,,라이징K리츠(S-P),지분증권,,inferred_underlying_asset,,direct_owner,inferred_direct,0.82,,resolved,no_project_link,no_project_link,funds,112737,,,verified,0.94
missing_one_or_more_names,국내 리츠,이지스 라이징 K리츠 부동산투자신탁(리츠-재간접형)S-P2 class,,,,physical_asset,,청산,,project_name,ast_cb59978f02bf,112738,,라이징K리츠(S-P2),지분증권,,inferred_underlying_asset,,direct_owner,inferred_direct,0.82,,resolved,no_project_link,no_project_link,funds,112738,,,verified,0.94
missing_one_or_more_names,와이에이치파워3 주식,이지스코어에너지인프라일반사모투자신탁제1호,,,"한림그린에너지 주식 및 대여금, 코어그린에너지 주식 및 대여금, 이지스유에이치 주식 및 대여금, 유에이치파워 대여금, 와이에이치파워1 주식, 와이에이치파워2 주식, 와이에이치파워3 주식, 와이에이치파워4 주식",physical_asset,,운용,,project_name,ast_cb72bc41c781,120045,,코어에너지1호,특별자산,,underlying_asset,,direct_owner,direct,0.94,,resolved,no_project_link,no_project_link,fund_assets,58633,,,verified,0.94
missing_one_or_more_names,삼성월드타워아파트,,,서울특별시 강남구 삼성동 3-1,,physical_asset,주거,,,fund_name; project_name,ast_cb763ed28220,,,,,,,,,,,,no_fund_link,no_project_link,no_project_link,,,,,verified,
missing_one_or_more_names,윈즈에너지,이지스일반사모투자신탁435호(태양광),,경상북도 영주시 조와동 346 일원,"다산1, 동서발전, 진이엔지, 현대산업쏠라5호, 케이앤스틸테크놀로지, 리에너지, 지우태양광, 에스지, 케이앤씨벨에포크, 케이에이치테크단북1호, 미션, 윈즈에너지, 이큐에너지, 소망, 청수, 봉산햇빛, 행암에너지일호, 도원에너지, 솔빛에너지, 에스와이솔라, 에이치엠솔라1, 이에스에이치12, 지티씨솔라13호, 강구16호, 외삼1호, 외삼2호, 솔라트리1호, 김송하, 에스이피브, 케이앤씨헤르메스, 모두에너지, 솔라팩토리10호, 씨에스에너텍, 알이씨에너지, 알이엔네트웍스, 어량리, 비케이솔라, 와이알에너지, 유현그린, 케이앤씨그린북, 디앤피상주, 적화솔라, 솔라시너지햇빛1호, 이인메가태양광, 솔라팩토리22호, 솔라팩토리19호",physical_asset,,운용,,project_name,ast_cbe24d6ebb07,112584,,435호,특별자산,,underlying_asset,,direct_owner,direct,0.94,,resolved,no_project_link,no_project_link,fund_assets,58422,,,verified,0.94
missing_one_or_more_names,타임테라스동탄,,,경기도 화성시 반송동 96/98번지,,physical_asset,리테일,,,fund_name; project_name,ast_cc17ca0f4c91,,,,,,,,,,,,no_fund_link,no_project_link,no_project_link,,,,,verified,
missing_one_or_more_names,인천석남물류센터,,,인천시 서구 석남동 224-8번지 일원,,physical_asset,물류센터,,,fund_name; project_name,ast_cc2317cd4c2a,,,,,,,,,,,,no_fund_link,no_project_link,no_project_link,,,,,verified,
missing_one_or_more_names,화성솔라,이지스일반사모투자신탁392호(태양광),,전북 남원시 보절면사촌리 산18-4,"참빛솔라 태양광발전소, 최강일 태양광발전소, 신명솔라 태양광발전소, 성리태양광발전소, 새금풍력태양광발전소, 엠아이파워, 해량에너지, 시온솔라, 의령1호, 의령2호, 의령3호, 나눔과사랑, 건화솔라, 투태모에너지3호, 비취정보기술, 은하수솔라, 화성솔라, 임원, 누리, 평화와번영, 옥스포드, 미래화희망, 해바라기, 디앤피입암리1호, 한려, 해담은삼척1호",physical_asset,,운용,,project_name,ast_cc5aa1a95e56,112504,,392호,특별자산,,underlying_asset,,direct_owner,direct,0.94,,resolved,no_project_link,no_project_link,fund_assets,58344,,,verified,0.94
missing_one_or_more_names,에이블로지스물류센터,,,경기도 용인시 처인구 백암면 백봉리 767-13외 1필지,,physical_asset,물류센터,,,fund_name; project_name,ast_ccd25e3078c5,,,,,,,,,,,,no_fund_link,no_project_link,no_project_link,,,,,verified,
missing_one_or_more_names,밀레니엄힐튼호텔,,,서울특별시 중구 소월로 50,,physical_asset,오피스복합,,,fund_name; project_name,ast_cd00a5beb0b3,,,,,,,,,,,,no_fund_link,no_project_link,no_project_link,,,,,verified,
missing_one_or_more_names,메트로타워,,,서울특별시 중구 퇴계로 10,,physical_asset,오피스,,,fund_name; project_name,ast_cd18ba041afc,,,,,,,,,,,,no_fund_link,no_project_link,no_project_link,,,,,verified,
missing_one_or_more_names,평촌G스퀘어,,,경기도 안양시 동안구 호계동 1039 외 2필지,,physical_asset,오피스복합,,,fund_name; project_name,ast_cd4e754af9e0,,,,,,,,,,,,no_fund_link,no_project_link,no_project_link,,,,,verified,
missing_one_or_more_names,국내 상장 리츠,,,,,physical_asset,,,,fund_name; project_name,ast_ce4731bc6968,,,,,,,,,,,,no_fund_link,no_project_link,no_project_link,,,,,verified,
missing_one_or_more_names,Courtyard Naperville,,,1155 East Diehl Road,,physical_asset,호텔,,,fund_name; project_name,ast_cef2499eacaa,,,,,,,,,,,,no_fund_link,no_project_link,no_project_link,,,,,verified,
missing_one_or_more_names,Prague Office Praga Studios,이지스유럽코어일반사모부동산투자신탁제89호,,"Pernerova 149/35, 186 00 Karlín, Czech","Hamburg Office Fleet II, Brussels Office Brederode, Barcelona Office Fontanella, Prague Office Praga Studios, Paris Office Louis David",physical_asset,오피스복합,운용,,project_name,ast_cf0bf50af6cc,112093,,89호,복합(오피스),,underlying_asset,,direct_owner,direct,0.94,,resolved,no_project_link,no_project_link,fund_assets,57967,,,verified,0.94
missing_one_or_more_names,PMBK가 운용하는 APAC Sustainable Infrastructure Fund LP의 수익증권,,,,,physical_asset,,,,fund_name; project_name,ast_cf36161fc545,,,,,,,,,,,,no_fund_link,no_project_link,no_project_link,,,,,verified,
missing_one_or_more_names,캐나다 물류중개업체 인수 관련 국내 SPC 대출채권,,,"테헤란로87길 36, 1903호",,physical_asset,,,,fund_name; project_name,ast_d024a0fadf65,,,,,,,,,,,,no_fund_link,no_project_link,no_project_link,,,,,verified,
missing_one_or_more_names,NC백화점(강서),,,서울특별시 강서구 등촌동 689번지 외 2필지,,physical_asset,리테일,,,fund_name; project_name,ast_d052165ba593,,,,,,,,,,,,no_fund_link,no_project_link,no_project_link,,,,,verified,
missing_one_or_more_names,Atlanta Office Midtown 주차빌딩,이지스글로벌일반사모부동산투자신탁50호,,"37Fifth Street, Fulton County, GA 30308, Atlanta","Atlanta Office Midtown I, Atlanta Office Midtown II, Atlanta Office Midtown 주차빌딩",physical_asset,오피스,운용,,project_name,ast_d0735c2d17ab,112049,,50호,오피스,,underlying_asset,,direct_owner,direct,0.94,,resolved,no_project_link,no_project_link,fund_assets,57926,,,verified,0.94
missing_one_or_more_names,Courtyard Executive Park,,,1236 Executive Park Drive NE,,physical_asset,호텔,,,fund_name; project_name,ast_d0789172de8b,,,,,,,,,,,,no_fund_link,no_project_link,no_project_link,,,,,verified,
missing_one_or_more_names,AA- 이상 채권,,,,,physical_asset,,,,fund_name; project_name,ast_d0b122c1f8a8,,,,,,,,,,,,no_fund_link,no_project_link,no_project_link,,,,,verified,
missing_one_or_more_names,임원,이지스일반사모투자신탁392호(태양광),,강원도 삼척시 원덕읍 임원리 산255,"참빛솔라 태양광발전소, 최강일 태양광발전소, 신명솔라 태양광발전소, 성리태양광발전소, 새금풍력태양광발전소, 엠아이파워, 해량에너지, 시온솔라, 의령1호, 의령2호, 의령3호, 나눔과사랑, 건화솔라, 투태모에너지3호, 비취정보기술, 은하수솔라, 화성솔라, 임원, 누리, 평화와번영, 옥스포드, 미래화희망, 해바라기, 디앤피입암리1호, 한려, 해담은삼척1호",physical_asset,,운용,,project_name,ast_d0ca1e8f80e8,112504,,392호,특별자산,,underlying_asset,,direct_owner,direct,0.94,,resolved,no_project_link,no_project_link,fund_assets,58345,,,verified,0.94
missing_one_or_more_names,미래화희망,이지스일반사모투자신탁392호(태양광),,전라남도 고흥군 도화면 봉룡리 산221-1,"참빛솔라 태양광발전소, 최강일 태양광발전소, 신명솔라 태양광발전소, 성리태양광발전소, 새금풍력태양광발전소, 엠아이파워, 해량에너지, 시온솔라, 의령1호, 의령2호, 의령3호, 나눔과사랑, 건화솔라, 투태모에너지3호, 비취정보기술, 은하수솔라, 화성솔라, 임원, 누리, 평화와번영, 옥스포드, 미래화희망, 해바라기, 디앤피입암리1호, 한려, 해담은삼척1호",physical_asset,,운용,,project_name,ast_d16ce1cedc18,112504,,392호,특별자산,,underlying_asset,,direct_owner,direct,0.94,,resolved,no_project_link,no_project_link,fund_assets,58349,,,verified,0.94
missing_one_or_more_names,케이앤씨해바라기,이지스일반사모투자신탁377호,,경북 의성군 비안면 옥연리 676-2,"환성2호태양광발전소, 환성3호태양광발전소, 예지안빛에너지, 장춘3호태양광발전소, 하늘별빛에너지태양광발전소, 해누리7호태양광발전소, 천리에너지2호태양광발전소, 엠아이에너지태양광발전소, 한국쏠라알피에스태양광발전소, 솔라팜1호, 솔라팜2호, 삼산태양광발전소, 맥스에너지하리태양광발전, 맥스에너지금성태양광발전, 제이에스금계태양광발전, 지동쏠라에너지태양광발전, 성남제이씨에너지, 선그린에너지, 일순에너지, 스카이에너지, 에이스쏠라, 디앤피옥연, 디앤피영천신기, 곡성, 케이앤씨해바라기, 케이앤씨솔라리아, 호니파워, 에스디일호, 에스플래닛삼십사호, 아인에너지, 제이피에너지",physical_asset,,운용,,project_name,ast_d19640044285,112466,,377호,특별자산,,underlying_asset,,direct_owner,direct,0.94,,resolved,no_project_link,no_project_link,fund_assets,58285,,,verified,0.94
missing_one_or_more_names,외삼1호,이지스일반사모투자신탁435호(태양광),,경상북도 봉화군 봉성면 외삼리 793 외,"다산1, 동서발전, 진이엔지, 현대산업쏠라5호, 케이앤스틸테크놀로지, 리에너지, 지우태양광, 에스지, 케이앤씨벨에포크, 케이에이치테크단북1호, 미션, 윈즈에너지, 이큐에너지, 소망, 청수, 봉산햇빛, 행암에너지일호, 도원에너지, 솔빛에너지, 에스와이솔라, 에이치엠솔라1, 이에스에이치12, 지티씨솔라13호, 강구16호, 외삼1호, 외삼2호, 솔라트리1호, 김송하, 에스이피브, 케이앤씨헤르메스, 모두에너지, 솔라팩토리10호, 씨에스에너텍, 알이씨에너지, 알이엔네트웍스, 어량리, 비케이솔라, 와이알에너지, 유현그린, 케이앤씨그린북, 디앤피상주, 적화솔라, 솔라시너지햇빛1호, 이인메가태양광, 솔라팩토리22호, 솔라팩토리19호",physical_asset,,운용,,project_name,ast_d1b08df14213,112584,,435호,특별자산,,underlying_asset,,direct_owner,direct,0.94,,resolved,no_project_link,no_project_link,fund_assets,58435,,,verified,0.94
missing_one_or_more_names,"부실 및 부실우려 PF사업장 대출채권, 대출, 지분 등에 투자하는 모집합투자기구(모자형 블라인드 펀드)",,,,,physical_asset,금융상품,,,fund_name; project_name,ast_d1def35b1c12,,,,,,,,,,,,no_fund_link,no_project_link,no_project_link,,,,,verified,
missing_one_or_more_names,신도림 디큐브시티 백화점,,,,,physical_asset,,,,fund_name; project_name,ast_d1ef2293c6ff,,,,,,,,,,,,no_fund_link,no_project_link,no_project_link,,,,,verified,
missing_one_or_more_names,Odawara Logistics Amazon FC II,,,"4-Chome 5-1 Ogicho, Odawara, Kanagawa-Ken",,physical_asset,물류센터,,,fund_name; project_name,ast_d2047ba66f85,,,,,,,,,,,,no_fund_link,no_project_link,no_project_link,,,,,verified,
missing_one_or_more_names,㈜동방 보유 유엔씨티㈜ 대출채권 매입,,,울산광역시 남구 신항로716번길 1(황성동),,physical_asset,,,,fund_name; project_name,ast_d2b153d30e56,,,,,,,,,,,,no_fund_link,no_project_link,no_project_link,,,,,verified,
missing_one_or_more_names,해바라기,이지스일반사모투자신탁392호(태양광),,전라남도 고흥군 도화면 봉룡리 산221-1,"참빛솔라 태양광발전소, 최강일 태양광발전소, 신명솔라 태양광발전소, 성리태양광발전소, 새금풍력태양광발전소, 엠아이파워, 해량에너지, 시온솔라, 의령1호, 의령2호, 의령3호, 나눔과사랑, 건화솔라, 투태모에너지3호, 비취정보기술, 은하수솔라, 화성솔라, 임원, 누리, 평화와번영, 옥스포드, 미래화희망, 해바라기, 디앤피입암리1호, 한려, 해담은삼척1호",physical_asset,,운용,,project_name,ast_d2b681f14622,112504,,392호,특별자산,,underlying_asset,,direct_owner,direct,0.94,,resolved,no_project_link,no_project_link,fund_assets,58350,,,verified,0.94
missing_one_or_more_names,2001아울렛(안양) (투자),이지스전문투자형사모부동산투자신탁1호,,경기도 안양시 만안구 안양동 627-287,"NC백화점(강서), 2001아울렛(안양)",physical_asset,,청산,,project_name,ast_d2b8095c4603,112001,,1호,리테일,,underlying_asset,,direct_owner,direct,0.98,,resolved,no_project_link,no_project_link,fund_assets,57869,,,auto_created,0.98
missing_one_or_more_names,홈플러스삼천포점,,,경상남도 사천시 벌리동 58-3,,physical_asset,리테일,,,fund_name; project_name,ast_d36a3b06c819,,,,,,,,,,,,no_fund_link,no_project_link,no_project_link,,,,,verified,
missing_one_or_more_names,용인기흥 파워센(개발),,,용인 기흥구 고매동 271번지 일원(총 14개 필지),,physical_asset,리테일,,,fund_name; project_name,ast_d36d4302f996,,,,,,,,,,,,no_fund_link,no_project_link,no_project_link,,,,,verified,
missing_one_or_more_names,성수동2가오피스,,,서울시 성동구 성수동2가 269-208 일원,,physical_asset,오피스,,,fund_name; project_name,ast_d3f5d6add1ca,,,,,,,,,,,,no_fund_link,no_project_link,no_project_link,,,,,verified,
missing_one_or_more_names,하남데이터센터,,,"경기도 하남시 풍산동 607-2,3",,physical_asset,데이터센터,,,fund_name; project_name,ast_d3ff3c41d7cb,,,,,,,,,,,,no_fund_link,no_project_link,no_project_link,,,,,verified,
missing_one_or_more_names,해누리7호태양광발전소,이지스일반사모투자신탁377호,,경상북도 의성군 장춘리 산88 외2필지,"환성2호태양광발전소, 환성3호태양광발전소, 예지안빛에너지, 장춘3호태양광발전소, 하늘별빛에너지태양광발전소, 해누리7호태양광발전소, 천리에너지2호태양광발전소, 엠아이에너지태양광발전소, 한국쏠라알피에스태양광발전소, 솔라팜1호, 솔라팜2호, 삼산태양광발전소, 맥스에너지하리태양광발전, 맥스에너지금성태양광발전, 제이에스금계태양광발전, 지동쏠라에너지태양광발전, 성남제이씨에너지, 선그린에너지, 일순에너지, 스카이에너지, 에이스쏠라, 디앤피옥연, 디앤피영천신기, 곡성, 케이앤씨해바라기, 케이앤씨솔라리아, 호니파워, 에스디일호, 에스플래닛삼십사호, 아인에너지, 제이피에너지",physical_asset,,운용,,project_name,ast_d4676b749cd2,112466,,377호,특별자산,,underlying_asset,,direct_owner,direct,0.94,,resolved,no_project_link,no_project_link,fund_assets,58266,,,verified,0.94
missing_one_or_more_names,랜드플랫폼 1-1호,,,,,physical_asset,오피스복합,,,fund_name; project_name,ast_d4856ef88820,,,,,,,,,,,,no_fund_link,no_project_link,no_project_link,,,,,verified,
missing_one_or_more_names,순화타워,,,서울특별시 중구 순화동 66,,physical_asset,오피스,,,fund_name; project_name,ast_d4a56bde92c8,,,,,,,,,,,,no_fund_link,no_project_link,no_project_link,,,,,verified,
missing_one_or_more_names,이지스일반사모투자신탁435호(태양광),이지스일반사모투자신탁435호(태양광),,전라남도 광양시 광양읍 세풍리 2224,"다산1, 동서발전, 진이엔지, 현대산업쏠라5호, 케이앤스틸테크놀로지, 리에너지, 지우태양광, 에스지, 케이앤씨벨에포크, 케이에이치테크단북1호, 미션, 윈즈에너지, 이큐에너지, 소망, 청수, 봉산햇빛, 행암에너지일호, 도원에너지, 솔빛에너지, 에스와이솔라, 에이치엠솔라1, 이에스에이치12, 지티씨솔라13호, 강구16호, 외삼1호, 외삼2호, 솔라트리1호, 김송하, 에스이피브, 케이앤씨헤르메스, 모두에너지, 솔라팩토리10호, 씨에스에너텍, 알이씨에너지, 알이엔네트웍스, 어량리, 비케이솔라, 와이알에너지, 유현그린, 케이앤씨그린북, 디앤피상주, 적화솔라, 솔라시너지햇빛1호, 이인메가태양광, 솔라팩토리22호, 솔라팩토리19호",physical_asset,,운용,,project_name,ast_d4d0f0ff0926,112584,,435호,특별자산,,underlying_asset,,direct_owner,direct,0.98,,resolved,no_project_link,no_project_link,fund_assets,58432,,,auto_created,0.98
missing_one_or_more_names,평택아디다스물류센터,,,경기도 평택시 도일유통길 64(도일동 1175-3),,physical_asset,물류센터,,,fund_name; project_name,ast_d4faf53bb85a,,,,,,,,,,,,no_fund_link,no_project_link,no_project_link,,,,,verified,
missing_one_or_more_names,Courtyard Cincinnati Blue Ash,,,4625 Lake Forest Drive,,physical_asset,호텔,,,fund_name; project_name,ast_d4fbfceea801,,,,,,,,,,,,no_fund_link,no_project_link,no_project_link,,,,,verified,
missing_one_or_more_names,안성 홈플러스 중부허브 물류센터,,,경기도 안성시 원곡면 칠곡리 941번지,,physical_asset,물류센터,,,fund_name; project_name,ast_d5a492f670ed,,,,,,,,,,,,no_fund_link,no_project_link,no_project_link,,,,,verified,
missing_one_or_more_names,영보빌딩2,,,서울시 강남구 삼성동 168-20,,physical_asset,오피스,,,fund_name; project_name,ast_d5c833a503e2,,,,,,,,,,,,no_fund_link,no_project_link,no_project_link,,,,,verified,
missing_one_or_more_names,HSBC Senior UK Direct Lending Fund 2020 RAIF SICAV-S.A.,,,,,physical_asset,,,,fund_name; project_name,ast_d6bd6b33e12b,,,,,,,,,,,,no_fund_link,no_project_link,no_project_link,,,,,verified,
missing_one_or_more_names,유림빌딩,,,서울특별시 마포구 동교동 165-4,,physical_asset,리테일,,,fund_name; project_name,ast_d7cf5a8a230f,,,,,,,,,,,,no_fund_link,no_project_link,no_project_link,,,,,verified,
missing_one_or_more_names,의령2호,이지스일반사모투자신탁392호(태양광),,경상남도 의령군 화정면 상일리 산95,"참빛솔라 태양광발전소, 최강일 태양광발전소, 신명솔라 태양광발전소, 성리태양광발전소, 새금풍력태양광발전소, 엠아이파워, 해량에너지, 시온솔라, 의령1호, 의령2호, 의령3호, 나눔과사랑, 건화솔라, 투태모에너지3호, 비취정보기술, 은하수솔라, 화성솔라, 임원, 누리, 평화와번영, 옥스포드, 미래화희망, 해바라기, 디앤피입암리1호, 한려, 해담은삼척1호",physical_asset,,운용,,project_name,ast_d7d1561008f1,112504,,392호,특별자산,,underlying_asset,,direct_owner,direct,0.94,,resolved,no_project_link,no_project_link,fund_assets,58337,,,verified,0.94
missing_one_or_more_names,안산시 고잔동 오피스텔 및 근린생활시설,,,경기도 안산시 단원구 고잔동 542-1 외 1필지,,physical_asset,주거,,,fund_name; project_name,ast_d874a81175a1,,,,,,,,,,,,no_fund_link,no_project_link,no_project_link,,,,,verified,
missing_one_or_more_names,US BioMed Portfolio Senior Loan,,,16개 자산 포트폴리오,,physical_asset,오피스복합,,,fund_name; project_name,ast_d8e5a4d52634,,,,,,,,,,,,no_fund_link,no_project_link,no_project_link,,,,,verified,
missing_one_or_more_names,대전 둔산파이낸스빌딩,,,대전광역시 서구 둔산동 1413,,physical_asset,오피스,,,fund_name; project_name,ast_d92e2b93a0fd,,,,,,,,,,,,no_fund_link,no_project_link,no_project_link,,,,,verified,
missing_one_or_more_names,"Partners Group Tactical Real Estate Fund, L.P.",,,,,physical_asset,,,,fund_name; project_name,ast_d98173641af0,,,,,,,,,,,,no_fund_link,no_project_link,no_project_link,,,,,verified,
missing_one_or_more_names,이지스 130호(모) 제2-1종 수익증권,,,서울특별시 중구 청계천로 100,,physical_asset,,,,fund_name; project_name,ast_da18f033a8bc,,,,,,,,,,,,no_fund_link,no_project_link,no_project_link,,,,,verified,
missing_one_or_more_names,InfraViaEuropean Infrastructure Fund VI,,,,,physical_asset,,,,fund_name; project_name,ast_da7c46d1cf41,,,,,,,,,,,,no_fund_link,no_project_link,no_project_link,,,,,verified,
missing_one_or_more_names,어량리,이지스일반사모투자신탁435호(태양광),,"전라북도 익산시 밍상면 어량리 1743-14, 906-47, 906-46, 1743-13","다산1, 동서발전, 진이엔지, 현대산업쏠라5호, 케이앤스틸테크놀로지, 리에너지, 지우태양광, 에스지, 케이앤씨벨에포크, 케이에이치테크단북1호, 미션, 윈즈에너지, 이큐에너지, 소망, 청수, 봉산햇빛, 행암에너지일호, 도원에너지, 솔빛에너지, 에스와이솔라, 에이치엠솔라1, 이에스에이치12, 지티씨솔라13호, 강구16호, 외삼1호, 외삼2호, 솔라트리1호, 김송하, 에스이피브, 케이앤씨헤르메스, 모두에너지, 솔라팩토리10호, 씨에스에너텍, 알이씨에너지, 알이엔네트웍스, 어량리, 비케이솔라, 와이알에너지, 유현그린, 케이앤씨그린북, 디앤피상주, 적화솔라, 솔라시너지햇빛1호, 이인메가태양광, 솔라팩토리22호, 솔라팩토리19호",physical_asset,,운용,,project_name,ast_dafd8d7ea9a9,112584,,435호,특별자산,,underlying_asset,,direct_owner,direct,0.94,,resolved,no_project_link,no_project_link,fund_assets,58446,,,verified,0.94
missing_one_or_more_names,이지스일반사모투자신탁435호(태양광),이지스일반사모투자신탁435호(태양광),,강원특별자치도 원주시 문막읍 반계리 2255-2,"다산1, 동서발전, 진이엔지, 현대산업쏠라5호, 케이앤스틸테크놀로지, 리에너지, 지우태양광, 에스지, 케이앤씨벨에포크, 케이에이치테크단북1호, 미션, 윈즈에너지, 이큐에너지, 소망, 청수, 봉산햇빛, 행암에너지일호, 도원에너지, 솔빛에너지, 에스와이솔라, 에이치엠솔라1, 이에스에이치12, 지티씨솔라13호, 강구16호, 외삼1호, 외삼2호, 솔라트리1호, 김송하, 에스이피브, 케이앤씨헤르메스, 모두에너지, 솔라팩토리10호, 씨에스에너텍, 알이씨에너지, 알이엔네트웍스, 어량리, 비케이솔라, 와이알에너지, 유현그린, 케이앤씨그린북, 디앤피상주, 적화솔라, 솔라시너지햇빛1호, 이인메가태양광, 솔라팩토리22호, 솔라팩토리19호",physical_asset,,운용,,project_name,ast_db3bfd1b4baf,112584,,435호,특별자산,,underlying_asset,,direct_owner,direct,0.98,,resolved,no_project_link,no_project_link,fund_assets,58431,,,auto_created,0.98
missing_one_or_more_names,Courtyard Melbourne West,,,2101 West New Haven Avenue,,physical_asset,호텔,,,fund_name; project_name,ast_db4799e88a26,,,,,,,,,,,,no_fund_link,no_project_link,no_project_link,,,,,verified,
missing_one_or_more_names,"공모주,  국내 주식",,,,,physical_asset,,,,fund_name; project_name,ast_dbc79cb5a626,,,,,,,,,,,,no_fund_link,no_project_link,no_project_link,,,,,verified,
missing_one_or_more_names,GRAN PASEO 혼코마고메,,,일본 도쿄도 23구 내,,physical_asset,,,,fund_name; project_name,ast_dbcae6af9a45,,,,,,,,,,,,no_fund_link,no_project_link,no_project_link,,,,,verified,
missing_one_or_more_names,트레블로지명동시티홀호텔,,,서울특별시 중구 세종대로16길 22(북창동 17-1외 2필지),,physical_asset,호텔,,,fund_name; project_name,ast_dc0316795e8e,,,,,,,,,,,,no_fund_link,no_project_link,no_project_link,,,,,verified,
missing_one_or_more_names,이지스글로벌세컨더리일반사모혼합자산투자신탁제1호,이지스글로벌세컨더리일반사모혼합자산투자신탁제1호,,,"Pantheon Viking Co-Invest LP, NMP V, PGSF VII, PSD III",physical_asset,오피스복합,운용,,project_name,ast_dc11f9b4f515,200006,,세컨더리1호,특별자산,,underlying_asset,,direct_owner,direct,0.94,,resolved,no_project_link,no_project_link,fund_assets,58682,,,auto_created,0.94
missing_one_or_more_names,"재생에너지 플랫폼회사(""HoldCo"")에 대한 지분 및 주주대여금",,,,,physical_asset,,,,fund_name; project_name,ast_dc99a27ccb95,,,,,,,,,,,,no_fund_link,no_project_link,no_project_link,,,,,verified,
missing_one_or_more_names,"국내 주식, 채권, ETF, 공모주, 스팩",,,,,physical_asset,,,,fund_name; project_name,ast_dc9b51df4a56,,,,,,,,,,,,no_fund_link,no_project_link,no_project_link,,,,,verified,
missing_one_or_more_names,Courtyard Savannah Midtown,,,6703 Abercorn Street,,physical_asset,호텔,,,fund_name; project_name,ast_dcc6905b8a09,,,,,,,,,,,,no_fund_link,no_project_link,no_project_link,,,,,verified,
missing_one_or_more_names,장춘3호태양광발전소,이지스일반사모투자신탁377호,,경상북도 의성군 장춘리 산88-2,"환성2호태양광발전소, 환성3호태양광발전소, 예지안빛에너지, 장춘3호태양광발전소, 하늘별빛에너지태양광발전소, 해누리7호태양광발전소, 천리에너지2호태양광발전소, 엠아이에너지태양광발전소, 한국쏠라알피에스태양광발전소, 솔라팜1호, 솔라팜2호, 삼산태양광발전소, 맥스에너지하리태양광발전, 맥스에너지금성태양광발전, 제이에스금계태양광발전, 지동쏠라에너지태양광발전, 성남제이씨에너지, 선그린에너지, 일순에너지, 스카이에너지, 에이스쏠라, 디앤피옥연, 디앤피영천신기, 곡성, 케이앤씨해바라기, 케이앤씨솔라리아, 호니파워, 에스디일호, 에스플래닛삼십사호, 아인에너지, 제이피에너지",physical_asset,,운용,,project_name,ast_dcf834c2a811,112466,,377호,특별자산,,underlying_asset,,direct_owner,direct,0.94,,resolved,no_project_link,no_project_link,fund_assets,58264,,,verified,0.94
missing_one_or_more_names,디앤피입암리1호,이지스일반사모투자신탁392호(태양광),,"경상북도 의성군 옥산면 입암리 28, 29번지","참빛솔라 태양광발전소, 최강일 태양광발전소, 신명솔라 태양광발전소, 성리태양광발전소, 새금풍력태양광발전소, 엠아이파워, 해량에너지, 시온솔라, 의령1호, 의령2호, 의령3호, 나눔과사랑, 건화솔라, 투태모에너지3호, 비취정보기술, 은하수솔라, 화성솔라, 임원, 누리, 평화와번영, 옥스포드, 미래화희망, 해바라기, 디앤피입암리1호, 한려, 해담은삼척1호",physical_asset,,운용,,project_name,ast_dd450e43e303,112504,,392호,특별자산,,underlying_asset,,direct_owner,direct,0.94,,resolved,no_project_link,no_project_link,fund_assets,58351,,,verified,0.94
missing_one_or_more_names,한려,이지스일반사모투자신탁392호(태양광),,"경남 남해군 창선면 서대리 산112, 112-1, 112-2","참빛솔라 태양광발전소, 최강일 태양광발전소, 신명솔라 태양광발전소, 성리태양광발전소, 새금풍력태양광발전소, 엠아이파워, 해량에너지, 시온솔라, 의령1호, 의령2호, 의령3호, 나눔과사랑, 건화솔라, 투태모에너지3호, 비취정보기술, 은하수솔라, 화성솔라, 임원, 누리, 평화와번영, 옥스포드, 미래화희망, 해바라기, 디앤피입암리1호, 한려, 해담은삼척1호",physical_asset,,운용,,project_name,ast_dd6d598a7920,112504,,392호,특별자산,,underlying_asset,,direct_owner,direct,0.94,,resolved,no_project_link,no_project_link,fund_assets,58352,,,verified,0.94
missing_one_or_more_names,소망,이지스일반사모투자신탁435호(태양광),,"충청남도 서천군 서면 원두리 산79-1, 80","다산1, 동서발전, 진이엔지, 현대산업쏠라5호, 케이앤스틸테크놀로지, 리에너지, 지우태양광, 에스지, 케이앤씨벨에포크, 케이에이치테크단북1호, 미션, 윈즈에너지, 이큐에너지, 소망, 청수, 봉산햇빛, 행암에너지일호, 도원에너지, 솔빛에너지, 에스와이솔라, 에이치엠솔라1, 이에스에이치12, 지티씨솔라13호, 강구16호, 외삼1호, 외삼2호, 솔라트리1호, 김송하, 에스이피브, 케이앤씨헤르메스, 모두에너지, 솔라팩토리10호, 씨에스에너텍, 알이씨에너지, 알이엔네트웍스, 어량리, 비케이솔라, 와이알에너지, 유현그린, 케이앤씨그린북, 디앤피상주, 적화솔라, 솔라시너지햇빛1호, 이인메가태양광, 솔라팩토리22호, 솔라팩토리19호",physical_asset,,운용,,project_name,ast_dd8a51e02785,112584,,435호,특별자산,,underlying_asset,,direct_owner,direct,0.94,,resolved,no_project_link,no_project_link,fund_assets,58424,,,verified,0.94
missing_one_or_more_names,삼산태양광발전소,이지스일반사모투자신탁377호,,경상남도 고성군 삼산면 장치리 산103-16,"환성2호태양광발전소, 환성3호태양광발전소, 예지안빛에너지, 장춘3호태양광발전소, 하늘별빛에너지태양광발전소, 해누리7호태양광발전소, 천리에너지2호태양광발전소, 엠아이에너지태양광발전소, 한국쏠라알피에스태양광발전소, 솔라팜1호, 솔라팜2호, 삼산태양광발전소, 맥스에너지하리태양광발전, 맥스에너지금성태양광발전, 제이에스금계태양광발전, 지동쏠라에너지태양광발전, 성남제이씨에너지, 선그린에너지, 일순에너지, 스카이에너지, 에이스쏠라, 디앤피옥연, 디앤피영천신기, 곡성, 케이앤씨해바라기, 케이앤씨솔라리아, 호니파워, 에스디일호, 에스플래닛삼십사호, 아인에너지, 제이피에너지",physical_asset,,운용,,project_name,ast_de2b4769c13a,112466,,377호,특별자산,,underlying_asset,,direct_owner,direct,0.94,,resolved,no_project_link,no_project_link,fund_assets,58272,,,verified,0.94
missing_one_or_more_names,"메자닌, 이벤트 드리븐, 공모주, ETF, 채권",,,,,physical_asset,,,,fund_name; project_name,ast_de42c797815f,,,,,,,,,,,,no_fund_link,no_project_link,no_project_link,,,,,verified,
missing_one_or_more_names,"채권, 레포, 공모주",,,,,physical_asset,,,,fund_name; project_name,ast_de6ef6887dbb,,,,,,,,,,,,no_fund_link,no_project_link,no_project_link,,,,,verified,
missing_one_or_more_names,"채권, 국내 주식, ETF, 공모주, 스팩",,,,,physical_asset,,,,fund_name; project_name,ast_de9d530fc253,,,,,,,,,,,,no_fund_link,no_project_link,no_project_link,,,,,verified,
missing_one_or_more_names,Toronto The One Super-senior Loan (Receivership Funding),,,"One Bloor St. West, Toronto, Ontario",,physical_asset,오피스복합,,,fund_name; project_name,ast_dea48a44c033,,,,,,,,,,,,no_fund_link,no_project_link,no_project_link,,,,,verified,
missing_one_or_more_names,제이피에너지,이지스일반사모투자신탁377호,,경상북도 안동시 임동면 중평리 산 13-11,"환성2호태양광발전소, 환성3호태양광발전소, 예지안빛에너지, 장춘3호태양광발전소, 하늘별빛에너지태양광발전소, 해누리7호태양광발전소, 천리에너지2호태양광발전소, 엠아이에너지태양광발전소, 한국쏠라알피에스태양광발전소, 솔라팜1호, 솔라팜2호, 삼산태양광발전소, 맥스에너지하리태양광발전, 맥스에너지금성태양광발전, 제이에스금계태양광발전, 지동쏠라에너지태양광발전, 성남제이씨에너지, 선그린에너지, 일순에너지, 스카이에너지, 에이스쏠라, 디앤피옥연, 디앤피영천신기, 곡성, 케이앤씨해바라기, 케이앤씨솔라리아, 호니파워, 에스디일호, 에스플래닛삼십사호, 아인에너지, 제이피에너지",physical_asset,,운용,,project_name,ast_df3703ad7418,112466,,377호,특별자산,,underlying_asset,,direct_owner,direct,0.94,,resolved,no_project_link,no_project_link,fund_assets,58291,,,verified,0.94
missing_one_or_more_names,분당Hostway IDC,,,분당구 장미로 36,,physical_asset,,,,fund_name; project_name,ast_df61856e9446,,,,,,,,,,,,no_fund_link,no_project_link,no_project_link,,,,,verified,
missing_one_or_more_names,"공모주, 스팩",,,,,physical_asset,,,,fund_name; project_name,ast_df9311763a69,,,,,,,,,,,,no_fund_link,no_project_link,no_project_link,,,,,verified,
missing_one_or_more_names,에스지,이지스일반사모투자신탁435호(태양광),,경기도 연천군 중면 합수리 122,"다산1, 동서발전, 진이엔지, 현대산업쏠라5호, 케이앤스틸테크놀로지, 리에너지, 지우태양광, 에스지, 케이앤씨벨에포크, 케이에이치테크단북1호, 미션, 윈즈에너지, 이큐에너지, 소망, 청수, 봉산햇빛, 행암에너지일호, 도원에너지, 솔빛에너지, 에스와이솔라, 에이치엠솔라1, 이에스에이치12, 지티씨솔라13호, 강구16호, 외삼1호, 외삼2호, 솔라트리1호, 김송하, 에스이피브, 케이앤씨헤르메스, 모두에너지, 솔라팩토리10호, 씨에스에너텍, 알이씨에너지, 알이엔네트웍스, 어량리, 비케이솔라, 와이알에너지, 유현그린, 케이앤씨그린북, 디앤피상주, 적화솔라, 솔라시너지햇빛1호, 이인메가태양광, 솔라팩토리22호, 솔라팩토리19호",physical_asset,,운용,,project_name,ast_dfe3a3dedda0,112584,,435호,특별자산,,underlying_asset,,direct_owner,direct,0.94,,resolved,no_project_link,no_project_link,fund_assets,58418,,,verified,0.94
missing_one_or_more_names,안녕인사동,,,서울특별시 종로구 관훈동 155-2 외 4필지,,physical_asset,오피스복합,,,fund_name; project_name,ast_e10a51769654,,,,,,,,,,,,no_fund_link,no_project_link,no_project_link,,,,,verified,
missing_one_or_more_names,세원이앤씨(주)의 담보부 신주인수권부 사채,,,,,physical_asset,,,,fund_name; project_name,ast_e123d535adec,,,,,,,,,,,,no_fund_link,no_project_link,no_project_link,,,,,verified,
missing_one_or_more_names,"금융기관 등이 보유하는 담보부 부실 대출재권, 기타 부실징후자산 및 기업관련 대출 채권 등(블라인드)",,,,,physical_asset,,,,fund_name; project_name,ast_e13b8d7b93b9,,,,,,,,,,,,no_fund_link,no_project_link,no_project_link,,,,,verified,
missing_one_or_more_names,안성홈플러스물류센터,,,경기도 안성시 원곡면 칠곡리 941번지,,physical_asset,물류센터,,,fund_name; project_name,ast_e1569e444936,,,,,,,,,,,,no_fund_link,no_project_link,no_project_link,,,,,verified,
missing_one_or_more_names,"메자닌, 공모주, 이벤트 드리븐, 스팩, ETF",,,,,physical_asset,,,,fund_name; project_name,ast_e16f5dce563a,,,,,,,,,,,,no_fund_link,no_project_link,no_project_link,,,,,verified,
missing_one_or_more_names,ISF모1-3호(타임테라스동탄),,,,,physical_asset,리테일,,,fund_name; project_name,ast_e1d9cebad545,,,,,,,,,,,,no_fund_link,no_project_link,no_project_link,,,,,verified,
missing_one_or_more_names,분당Hostway IDC,,,분당구 장미로 36,,physical_asset,,,,fund_name; project_name,ast_e28d1ea3fa3e,,,,,,,,,,,,no_fund_link,no_project_link,no_project_link,,,,,verified,
missing_one_or_more_names,Courtyard Nashville Brentwood,,,103 East Park Drive,,physical_asset,호텔,,,fund_name; project_name,ast_e2bbe7ecc53c,,,,,,,,,,,,no_fund_link,no_project_link,no_project_link,,,,,verified,
missing_one_or_more_names,Courtyard Fremont,,,47000 Lakeview Boulevard,,physical_asset,호텔,,,fund_name; project_name,ast_e2de71b1eff9,,,,,,,,,,,,no_fund_link,no_project_link,no_project_link,,,,,verified,
missing_one_or_more_names,괌 웨스틴 호텔,,,"105 Gun Beach Road, Tumon, Guam 96913 U.S.A",,physical_asset,호텔,,,fund_name; project_name,ast_e342ebe1ccdf,,,,,,,,,,,,no_fund_link,no_project_link,no_project_link,,,,,verified,
missing_one_or_more_names,"상장리츠 발행 채권, 국내 주식, 공모주, 스팩, ETF",,,,,physical_asset,,,,fund_name; project_name,ast_e3855badc0c0,,,,,,,,,,,,no_fund_link,no_project_link,no_project_link,,,,,verified,
missing_one_or_more_names,업스퀘어,,,울산광역시 남구 삼산동 1569-1,,physical_asset,오피스복합,,,fund_name; project_name,ast_e43315f52192,,,,,,,,,,,,no_fund_link,no_project_link,no_project_link,,,,,verified,
missing_one_or_more_names,을지로부림빌딩,,,서울특별시 중구 을지로1가 71-9번지,,physical_asset,오피스,,,fund_name; project_name,ast_e4475dc34369,,,,,,,,,,,,no_fund_link,no_project_link,no_project_link,,,,,verified,
missing_one_or_more_names,디앤피입암리1호,,,"경상북도 의성군 옥산면 입암리 28, 29번지",,physical_asset,,,,fund_name; project_name,ast_e47259b95cda,,,,,,,,,,,,no_fund_link,no_project_link,no_project_link,,,,,verified,
missing_one_or_more_names,상봉 청년주택 개발,,,중랑구 상봉동 109-28 외,,physical_asset,주거,,,fund_name; project_name,ast_e4e8c1b51392,,,,,,,,,,,,no_fund_link,no_project_link,no_project_link,,,,,verified,
missing_one_or_more_names,"BBB+ 이하 채권, 공모주, 스팩, 이벤트 드리븐",,,,,physical_asset,,,,fund_name; project_name,ast_e4f79a3917ba,,,,,,,,,,,,no_fund_link,no_project_link,no_project_link,,,,,verified,
missing_one_or_more_names,Courtyard Charlotte Arrowood,,,800 West Arrowood Road,,physical_asset,호텔,,,fund_name; project_name,ast_e534a7538cd4,,,,,,,,,,,,no_fund_link,no_project_link,no_project_link,,,,,verified,
missing_one_or_more_names,"국내 주식, 채권, ETF, 공모주, 스팩",,,,,physical_asset,,,,fund_name; project_name,ast_e564a0a4bfde,,,,,,,,,,,,no_fund_link,no_project_link,no_project_link,,,,,verified,
missing_one_or_more_names,성수동2가 268-2 업무시설 개발사업 브릿지대출,,,,,physical_asset,오피스,,,fund_name; project_name,ast_e57ce277323d,,,,,,,,,,,,no_fund_link,no_project_link,no_project_link,,,,,verified,
missing_one_or_more_names,신도림핀포인트,,,서울특별시 구로구 신도림동 337,,physical_asset,오피스,,,fund_name; project_name,ast_e58f637f20d9,,,,,,,,,,,,no_fund_link,no_project_link,no_project_link,,,,,verified,
missing_one_or_more_names,LA Wilshire Grand Center Senior Loan,,,"900 Wilshire Boulevard, Los Angeles, California",,physical_asset,오피스복합,,,fund_name; project_name,ast_e6354f73d483,,,,,,,,,,,,no_fund_link,no_project_link,no_project_link,,,,,verified,
missing_one_or_more_names,판교 테크원타워,,,경기도 성남시 분당구 백현동 534,,physical_asset,오피스,,,fund_name; project_name,ast_e658d751f1bd,,,,,,,,,,,,no_fund_link,no_project_link,no_project_link,,,,,verified,
missing_one_or_more_names,Pantheon PGSF VII,,,,,physical_asset,오피스복합,,,fund_name; project_name,ast_e78bd37a55e6,,,,,,,,,,,,no_fund_link,no_project_link,no_project_link,,,,,verified,
missing_one_or_more_names,역삼AP타워,,,서울시 강남구 테헤란로 218,,physical_asset,오피스,,,fund_name; project_name,ast_e7e65d3bc117,,,,,,,,,,,,no_fund_link,no_project_link,no_project_link,,,,,verified,
missing_one_or_more_names,London Canon Bridge House Senior Loan,,,,,physical_asset,주거,,,fund_name; project_name,ast_e8488224f793,,,,,,,,,,,,no_fund_link,no_project_link,no_project_link,,,,,verified,
missing_one_or_more_names,이태원동 133-17 외 2필지,,,서울특별시 용산구,,physical_asset,리테일,,,fund_name; project_name,ast_e88ca660b36b,,,,,,,,,,,,no_fund_link,no_project_link,no_project_link,,,,,verified,
missing_one_or_more_names,환성3호태양광발전소,이지스일반사모투자신탁377호,,충청남도 서산시 지곡면 환성리 777-90,"환성2호태양광발전소, 환성3호태양광발전소, 예지안빛에너지, 장춘3호태양광발전소, 하늘별빛에너지태양광발전소, 해누리7호태양광발전소, 천리에너지2호태양광발전소, 엠아이에너지태양광발전소, 한국쏠라알피에스태양광발전소, 솔라팜1호, 솔라팜2호, 삼산태양광발전소, 맥스에너지하리태양광발전, 맥스에너지금성태양광발전, 제이에스금계태양광발전, 지동쏠라에너지태양광발전, 성남제이씨에너지, 선그린에너지, 일순에너지, 스카이에너지, 에이스쏠라, 디앤피옥연, 디앤피영천신기, 곡성, 케이앤씨해바라기, 케이앤씨솔라리아, 호니파워, 에스디일호, 에스플래닛삼십사호, 아인에너지, 제이피에너지",physical_asset,,운용,,project_name,ast_e93b7e7a9f50,112466,,377호,특별자산,,underlying_asset,,direct_owner,direct,0.94,,resolved,no_project_link,no_project_link,fund_assets,58262,,,verified,0.94
missing_one_or_more_names,두산빌딩,,,서울시 강남구 언주로 726(논현동),,physical_asset,오피스,,,fund_name; project_name,ast_e99c7779c9b8,,,,,,,,,,,,no_fund_link,no_project_link,no_project_link,,,,,verified,
missing_one_or_more_names,Courtyard by Marriott,,,1151 W. Walnut Hill Lane,,physical_asset,호텔,,,fund_name; project_name,ast_ea5059c477b7,,,,,,,,,,,,no_fund_link,no_project_link,no_project_link,,,,,verified,
missing_one_or_more_names,"ARDIAN Infrastructure Fund VI S.C.S., SICAV-RAIF",,,,,physical_asset,,,,fund_name; project_name,ast_ea7abbe04f2a,,,,,,,,,,,,no_fund_link,no_project_link,no_project_link,,,,,verified,
missing_one_or_more_names,"채권, 자산유동화 증권, 어음, 레포",,,,,physical_asset,,,,fund_name; project_name,ast_ea7cfe2c034c,,,,,,,,,,,,no_fund_link,no_project_link,no_project_link,,,,,verified,
missing_one_or_more_names,OPUS407,,,서울특별시 서초구 서초동 1318-1,,physical_asset,오피스복합,,,fund_name; project_name,ast_ea8e897db9a1,,,,,,,,,,,,no_fund_link,no_project_link,no_project_link,,,,,verified,
missing_one_or_more_names,"BBB+ 이하 채권, 공모주, 스팩, 이벤트 드리븐, CP, 레포",,,,,physical_asset,,,,fund_name; project_name,ast_ea90d1d50c7d,,,,,,,,,,,,no_fund_link,no_project_link,no_project_link,,,,,verified,
missing_one_or_more_names,Carugate,이지스글로벌일반사모부동산투자신탁335호,,"Lombardy, Milano, Italy","San Mauro Torinese, Carugate, Verona, Tori Di Quartesolo, Campegine, Camplogalliano, Bologna Interporto",physical_asset,물류센터,청산,,project_name,ast_ead5386059f5,112401,,335호,물류,,underlying_asset,,direct_owner,direct,0.94,,resolved,no_project_link,no_project_link,fund_assets,58218,,,verified,0.94
missing_one_or_more_names,투태모에너지3호,이지스일반사모투자신탁392호(태양광),,경상북도 군위군 소보면 도산리 산 89-5,"참빛솔라 태양광발전소, 최강일 태양광발전소, 신명솔라 태양광발전소, 성리태양광발전소, 새금풍력태양광발전소, 엠아이파워, 해량에너지, 시온솔라, 의령1호, 의령2호, 의령3호, 나눔과사랑, 건화솔라, 투태모에너지3호, 비취정보기술, 은하수솔라, 화성솔라, 임원, 누리, 평화와번영, 옥스포드, 미래화희망, 해바라기, 디앤피입암리1호, 한려, 해담은삼척1호",physical_asset,,운용,,project_name,ast_eadb0a414753,112504,,392호,특별자산,,underlying_asset,,direct_owner,direct,0.94,,resolved,no_project_link,no_project_link,fund_assets,58341,,,verified,0.94
missing_one_or_more_names,맹그로브 신설,,,서울특별시 동대문구 신설동 98-24,,physical_asset,호텔,,,fund_name; project_name,ast_eb73897d66c4,,,,,,,,,,,,no_fund_link,no_project_link,no_project_link,,,,,verified,
missing_one_or_more_names,에스이피브,이지스일반사모투자신탁435호(태양광),,"경기 연천군 중면 합수리 661, 662, 663","다산1, 동서발전, 진이엔지, 현대산업쏠라5호, 케이앤스틸테크놀로지, 리에너지, 지우태양광, 에스지, 케이앤씨벨에포크, 케이에이치테크단북1호, 미션, 윈즈에너지, 이큐에너지, 소망, 청수, 봉산햇빛, 행암에너지일호, 도원에너지, 솔빛에너지, 에스와이솔라, 에이치엠솔라1, 이에스에이치12, 지티씨솔라13호, 강구16호, 외삼1호, 외삼2호, 솔라트리1호, 김송하, 에스이피브, 케이앤씨헤르메스, 모두에너지, 솔라팩토리10호, 씨에스에너텍, 알이씨에너지, 알이엔네트웍스, 어량리, 비케이솔라, 와이알에너지, 유현그린, 케이앤씨그린북, 디앤피상주, 적화솔라, 솔라시너지햇빛1호, 이인메가태양광, 솔라팩토리22호, 솔라팩토리19호",physical_asset,,운용,,project_name,ast_eb9fef2fb0a9,112584,,435호,특별자산,,underlying_asset,,direct_owner,direct,0.94,,resolved,no_project_link,no_project_link,fund_assets,58439,,,verified,0.94
missing_one_or_more_names,Bridge Debt Strategies V Green Bridge LP,,,,,physical_asset,오피스복합,,,fund_name; project_name,ast_ebb3453751e3,,,,,,,,,,,,no_fund_link,no_project_link,no_project_link,,,,,verified,
missing_one_or_more_names,솔라시너지햇빛1호,이지스일반사모투자신탁435호(태양광),,충청남도 보령시 천북면 신죽리 645-11,"다산1, 동서발전, 진이엔지, 현대산업쏠라5호, 케이앤스틸테크놀로지, 리에너지, 지우태양광, 에스지, 케이앤씨벨에포크, 케이에이치테크단북1호, 미션, 윈즈에너지, 이큐에너지, 소망, 청수, 봉산햇빛, 행암에너지일호, 도원에너지, 솔빛에너지, 에스와이솔라, 에이치엠솔라1, 이에스에이치12, 지티씨솔라13호, 강구16호, 외삼1호, 외삼2호, 솔라트리1호, 김송하, 에스이피브, 케이앤씨헤르메스, 모두에너지, 솔라팩토리10호, 씨에스에너텍, 알이씨에너지, 알이엔네트웍스, 어량리, 비케이솔라, 와이알에너지, 유현그린, 케이앤씨그린북, 디앤피상주, 적화솔라, 솔라시너지햇빛1호, 이인메가태양광, 솔라팩토리22호, 솔라팩토리19호",physical_asset,,운용,,project_name,ast_ebcbfb2a0ea5,112584,,435호,특별자산,,underlying_asset,,direct_owner,direct,0.94,,resolved,no_project_link,no_project_link,fund_assets,58453,,,verified,0.94
missing_one_or_more_names,주식회사 이지스레지던스위탁관리부동산투자회사,주식회사 이지스레지던스위탁관리부동산투자회사,,인천광역시 부평구 십정동 216,"이지스151호(더샵 부평), 이지스333호(디어스 명동), 이지스333호(홍대 코리빙 복합시설), 이지스411호(200호 재간접, 디어스 판교), 이지스200호(디어스 판교)",physical_asset,,운용,,project_name,ast_ec5c572ce8a7,R00008,,R레지던스,주거,,underlying_asset,,direct_owner,direct,0.98,,resolved,no_project_link,no_project_link,fund_assets,58757,,,auto_created,0.98
missing_one_or_more_names,강구16호,이지스일반사모투자신탁435호(태양광),,경북 안동시 길안면 현하리 1115-19,"다산1, 동서발전, 진이엔지, 현대산업쏠라5호, 케이앤스틸테크놀로지, 리에너지, 지우태양광, 에스지, 케이앤씨벨에포크, 케이에이치테크단북1호, 미션, 윈즈에너지, 이큐에너지, 소망, 청수, 봉산햇빛, 행암에너지일호, 도원에너지, 솔빛에너지, 에스와이솔라, 에이치엠솔라1, 이에스에이치12, 지티씨솔라13호, 강구16호, 외삼1호, 외삼2호, 솔라트리1호, 김송하, 에스이피브, 케이앤씨헤르메스, 모두에너지, 솔라팩토리10호, 씨에스에너텍, 알이씨에너지, 알이엔네트웍스, 어량리, 비케이솔라, 와이알에너지, 유현그린, 케이앤씨그린북, 디앤피상주, 적화솔라, 솔라시너지햇빛1호, 이인메가태양광, 솔라팩토리22호, 솔라팩토리19호",physical_asset,,운용,,project_name,ast_ecbd3dcd5c8a,112584,,435호,특별자산,,underlying_asset,,direct_owner,direct,0.94,,resolved,no_project_link,no_project_link,fund_assets,58434,,,verified,0.94
missing_one_or_more_names,이지스용산PF재구조화일반사모1호(2종),,,,,physical_asset,오피스복합,,,fund_name; project_name,ast_ecc1f7608e99,,,,,,,,,,,,no_fund_link,no_project_link,no_project_link,,,,,verified,
missing_one_or_more_names,홈플러스센텀시티점,이지스일반사모부동산투자신탁13호(운용),,부산광역시 해운대구 우동 1499,"홈플러스금천점, 홈플러스동수원점, 홈플러스센텀시티점, 홈플러스영등포점",physical_asset,리테일,운용,,project_name,ast_ecd738fc0c31,112008,,13호,리테일,,underlying_asset,,direct_owner,direct,0.98,,resolved,no_project_link,no_project_link,fund_assets,57879,,,auto_created,0.98
missing_one_or_more_names,홈플러스센텀시티점,이지스일반사모부동산투자신탁13호(2종),,부산광역시 해운대구 우동 1499,"홈플러스영등포점, 홈플러스금천점, 홈플러스동수원점, 홈플러스센텀시티점",physical_asset,리테일,운용,,project_name,ast_ecd738fc0c31,112702,,13호(2종),리테일,,underlying_asset,,direct_owner,direct,0.98,,resolved,no_project_link,no_project_link,fund_assets,58559,,,auto_created,0.98
missing_one_or_more_names,부국물류센터,,,경기도 이천시 대월면 도리리 3-2 외 1필지,,physical_asset,물류센터,,,fund_name; project_name,ast_ecfb9566d436,,,,,,,,,,,,no_fund_link,no_project_link,no_project_link,,,,,verified,
missing_one_or_more_names,수서 역세권B1-3BL B/L(이지스수서PF재구조화 2종 수익증권),,,서울특별시 강남구 자곡동 198 (수서역세권 공공주택지구 B1-3BL),,physical_asset,주거,,,fund_name; project_name,ast_ed3ecf35259b,,,,,,,,,,,,no_fund_link,no_project_link,no_project_link,,,,,verified,
missing_one_or_more_names,드웰동대문,,,서울시 동대문구 회기로 188-5,,physical_asset,호텔,,,fund_name; project_name,ast_ede5ff41c84e,,,,,,,,,,,,no_fund_link,no_project_link,no_project_link,,,,,verified,
missing_one_or_more_names,인천석남물류센터,,,인천시 서구 석남동 224-8번지 일원,,physical_asset,물류센터,,,fund_name; project_name,ast_ee89bc12bfd3,,,,,,,,,,,,no_fund_link,no_project_link,no_project_link,,,,,verified,
missing_one_or_more_names,유에이치파워 대여금,,,,,physical_asset,,,,fund_name; project_name,ast_eecafb08b47c,,,,,,,,,,,,no_fund_link,no_project_link,no_project_link,,,,,verified,
missing_one_or_more_names,서울시 영등포 1-3 재정비촉진지구 도시환경정비사업,,,서울시 영등포구 영등포 7가 29-1번지,,physical_asset,주거,,,fund_name; project_name,ast_eedc59c97695,,,,,,,,,,,,no_fund_link,no_project_link,no_project_link,,,,,verified,
missing_one_or_more_names,Starwood European Real Estate Debt Finance II (SEREDF II,,,,,physical_asset,오피스복합,,,fund_name; project_name,ast_ef77fc576a10,,,,,,,,,,,,no_fund_link,no_project_link,no_project_link,,,,,verified,
missing_one_or_more_names,Apollo European Principal Finance Fund IV,,,,,physical_asset,,,,fund_name; project_name,ast_f063805d4b42,,,,,,,,,,,,no_fund_link,no_project_link,no_project_link,,,,,verified,
missing_one_or_more_names,Courtyard Valley Forge King of Prussia,,,1100 Drummers Lane,,physical_asset,호텔,,,fund_name; project_name,ast_f06831738e17,,,,,,,,,,,,no_fund_link,no_project_link,no_project_link,,,,,verified,
missing_one_or_more_names,홈플러스동수원점,이지스일반사모부동산투자신탁13호(운용),,경기도 수원시 팔달구 인계동 1045,"홈플러스금천점, 홈플러스동수원점, 홈플러스센텀시티점, 홈플러스영등포점",physical_asset,리테일,운용,,project_name,ast_f0700d6e9655,112008,,13호,리테일,,underlying_asset,,direct_owner,direct,0.98,,resolved,no_project_link,no_project_link,fund_assets,57878,,,auto_created,0.98
missing_one_or_more_names,홈플러스동수원점,이지스일반사모부동산투자신탁13호(2종),,경기도 수원시 팔달구 인계동 1045,"홈플러스영등포점, 홈플러스금천점, 홈플러스동수원점, 홈플러스센텀시티점",physical_asset,리테일,운용,,project_name,ast_f0700d6e9655,112702,,13호(2종),리테일,,underlying_asset,,direct_owner,direct,0.98,,resolved,no_project_link,no_project_link,fund_assets,58558,,,auto_created,0.98
missing_one_or_more_names,선그린에너지,이지스일반사모투자신탁377호,,전라북도 남원시 대산면 신계리 산53-8,"환성2호태양광발전소, 환성3호태양광발전소, 예지안빛에너지, 장춘3호태양광발전소, 하늘별빛에너지태양광발전소, 해누리7호태양광발전소, 천리에너지2호태양광발전소, 엠아이에너지태양광발전소, 한국쏠라알피에스태양광발전소, 솔라팜1호, 솔라팜2호, 삼산태양광발전소, 맥스에너지하리태양광발전, 맥스에너지금성태양광발전, 제이에스금계태양광발전, 지동쏠라에너지태양광발전, 성남제이씨에너지, 선그린에너지, 일순에너지, 스카이에너지, 에이스쏠라, 디앤피옥연, 디앤피영천신기, 곡성, 케이앤씨해바라기, 케이앤씨솔라리아, 호니파워, 에스디일호, 에스플래닛삼십사호, 아인에너지, 제이피에너지",physical_asset,,운용,,project_name,ast_f0849461378a,112466,,377호,특별자산,,underlying_asset,,direct_owner,direct,0.94,,resolved,no_project_link,no_project_link,fund_assets,58278,,,verified,0.94
missing_one_or_more_names,지티씨솔라13호,이지스일반사모투자신탁435호(태양광),,"강원도 화천군 사내면 용담리 602, 603, 604, 605","다산1, 동서발전, 진이엔지, 현대산업쏠라5호, 케이앤스틸테크놀로지, 리에너지, 지우태양광, 에스지, 케이앤씨벨에포크, 케이에이치테크단북1호, 미션, 윈즈에너지, 이큐에너지, 소망, 청수, 봉산햇빛, 행암에너지일호, 도원에너지, 솔빛에너지, 에스와이솔라, 에이치엠솔라1, 이에스에이치12, 지티씨솔라13호, 강구16호, 외삼1호, 외삼2호, 솔라트리1호, 김송하, 에스이피브, 케이앤씨헤르메스, 모두에너지, 솔라팩토리10호, 씨에스에너텍, 알이씨에너지, 알이엔네트웍스, 어량리, 비케이솔라, 와이알에너지, 유현그린, 케이앤씨그린북, 디앤피상주, 적화솔라, 솔라시너지햇빛1호, 이인메가태양광, 솔라팩토리22호, 솔라팩토리19호",physical_asset,,운용,,project_name,ast_f0b3bee2e7f8,112584,,435호,특별자산,,underlying_asset,,direct_owner,direct,0.94,,resolved,no_project_link,no_project_link,fund_assets,58433,,,verified,0.94
missing_one_or_more_names,PSD III,,,,,physical_asset,오피스복합,,,fund_name; project_name,ast_f0b95ca0cdf6,,,,,,,,,,,,no_fund_link,no_project_link,no_project_link,,,,,verified,
missing_one_or_more_names,아인에너지,이지스일반사모투자신탁377호,,강원도 삼척시 도계읍 전두리 172,"환성2호태양광발전소, 환성3호태양광발전소, 예지안빛에너지, 장춘3호태양광발전소, 하늘별빛에너지태양광발전소, 해누리7호태양광발전소, 천리에너지2호태양광발전소, 엠아이에너지태양광발전소, 한국쏠라알피에스태양광발전소, 솔라팜1호, 솔라팜2호, 삼산태양광발전소, 맥스에너지하리태양광발전, 맥스에너지금성태양광발전, 제이에스금계태양광발전, 지동쏠라에너지태양광발전, 성남제이씨에너지, 선그린에너지, 일순에너지, 스카이에너지, 에이스쏠라, 디앤피옥연, 디앤피영천신기, 곡성, 케이앤씨해바라기, 케이앤씨솔라리아, 호니파워, 에스디일호, 에스플래닛삼십사호, 아인에너지, 제이피에너지",physical_asset,,운용,,project_name,ast_f111ae69e480,112466,,377호,특별자산,,underlying_asset,,direct_owner,direct,0.94,,resolved,no_project_link,no_project_link,fund_assets,58290,,,verified,0.94
missing_one_or_more_names,우덕빌딩,,,서울특별시 강남구 역삼동 832-2,,physical_asset,오피스,,,fund_name; project_name,ast_f11894da692a,,,,,,,,,,,,no_fund_link,no_project_link,no_project_link,,,,,verified,
missing_one_or_more_names,이지스용산PF재구조화일반사모1호(2종),,,,,physical_asset,오피스복합,,,fund_name; project_name,ast_f13b025966c9,,,,,,,,,,,,no_fund_link,no_project_link,no_project_link,,,,,verified,
missing_one_or_more_names,와이에이치파워1 주식,,,,,physical_asset,,,,fund_name; project_name,ast_f239d6c0f82c,,,,,,,,,,,,no_fund_link,no_project_link,no_project_link,,,,,verified,
missing_one_or_more_names,캐나다 물류중개업체 인수 관련 국내 SPC,,,"테헤란로87길 36, 1903호",,physical_asset,,,,fund_name; project_name,ast_f2586dff03b4,,,,,,,,,,,,no_fund_link,no_project_link,no_project_link,,,,,verified,
missing_one_or_more_names,"채권, 메자닌, 국내 주식, ETF, 상장 리츠, 공모주, 이벤트 드리븐",,,,,physical_asset,,,,fund_name; project_name,ast_f26dd6678598,,,,,,,,,,,,no_fund_link,no_project_link,no_project_link,,,,,verified,
missing_one_or_more_names,Blackstone Real Estate Debt Strategies V,,,,,physical_asset,오피스복합,,,fund_name; project_name,ast_f2b5e4f49308,,,,,,,,,,,,no_fund_link,no_project_link,no_project_link,,,,,verified,
missing_one_or_more_names,나눔과사랑,이지스일반사모투자신탁392호(태양광),,충청남도 부여군 임천면 점리 산9-1(45-3),"참빛솔라 태양광발전소, 최강일 태양광발전소, 신명솔라 태양광발전소, 성리태양광발전소, 새금풍력태양광발전소, 엠아이파워, 해량에너지, 시온솔라, 의령1호, 의령2호, 의령3호, 나눔과사랑, 건화솔라, 투태모에너지3호, 비취정보기술, 은하수솔라, 화성솔라, 임원, 누리, 평화와번영, 옥스포드, 미래화희망, 해바라기, 디앤피입암리1호, 한려, 해담은삼척1호",physical_asset,,운용,,project_name,ast_f39c0da608b1,112504,,392호,특별자산,,underlying_asset,,direct_owner,direct,0.94,,resolved,no_project_link,no_project_link,fund_assets,58339,,,verified,0.94
missing_one_or_more_names,네오밸류한남PFV의 제3종 종류주식,,,서울시 용산구 한남동 736-9 외 2필지,,physical_asset,오피스복합,,,fund_name; project_name,ast_f3cb5064d76b,,,,,,,,,,,,no_fund_link,no_project_link,no_project_link,,,,,verified,
missing_one_or_more_names,PFV_Lotus (사채),,,서울특별시 종로구 관훈동 155-2 외 4필지,,physical_asset,호텔복합,,,fund_name; project_name,ast_f40e9a6c4433,,,,,,,,,,,,no_fund_link,no_project_link,no_project_link,,,,,verified,
missing_one_or_more_names,"ARDIAN Infrastructure Fund VI S.C.S., SICAV-RAIF",,,,,physical_asset,,,,fund_name; project_name,ast_f483ba7d8c86,,,,,,,,,,,,no_fund_link,no_project_link,no_project_link,,,,,verified,
missing_one_or_more_names,신라스테이해운대,,,부산광역시 해운대구 우동 629-6,,physical_asset,호텔,,,fund_name; project_name,ast_f51cc97d21ec,,,,,,,,,,,,no_fund_link,no_project_link,no_project_link,,,,,verified,
missing_one_or_more_names,"StepStone Secondary Opportunities Fund V Offshore, L.P.",,,,,physical_asset,,,,fund_name; project_name,ast_f51d6c73ca15,,,,,,,,,,,,no_fund_link,no_project_link,no_project_link,,,,,verified,
missing_one_or_more_names,글로벌 리츠,이지스다이나믹글로벌리츠일반사모투자신탁1호,,,글로벌 리츠,physical_asset,,청산,,project_name,ast_f5220c768a13,112564,,다이나믹글로벌리츠1호,기타,,underlying_asset,,direct_owner,direct,0.94,,resolved,no_project_link,no_project_link,fund_assets,58401,,,verified,0.94
missing_one_or_more_names,ARDIAN ASF IX Infrastructure SWF,,,,,physical_asset,,,,fund_name; project_name,ast_f544094d8ef1,,,,,,,,,,,,no_fund_link,no_project_link,no_project_link,,,,,verified,
missing_one_or_more_names,AA- 이상 채권,,,,,physical_asset,,,,fund_name; project_name,ast_f5638b202fba,,,,,,,,,,,,no_fund_link,no_project_link,no_project_link,,,,,verified,
missing_one_or_more_names,인천석남물류센터,,,인천시 서구 석남동 224-8번지 일원,,physical_asset,물류센터,,,fund_name; project_name,ast_f5db0e416467,,,,,,,,,,,,no_fund_link,no_project_link,no_project_link,,,,,verified,
missing_one_or_more_names,디어스 명동,,,"서울 중구 남학동 13-2,14-2",,physical_asset,호텔,,,fund_name; project_name,ast_f5dcfbca1b48,,,,,,,,,,,,no_fund_link,no_project_link,no_project_link,,,,,verified,
missing_one_or_more_names,롯데팩토리아울렛(인천),,,인천시 중구 항동7가 76-2,,physical_asset,리테일,,,fund_name; project_name,ast_f634fefd3182,,,,,,,,,,,,no_fund_link,no_project_link,no_project_link,,,,,verified,
missing_one_or_more_names,"메자닌, 이벤트 드리븐, 공모주, 스팩",,,,,physical_asset,,,,fund_name; project_name,ast_f67c3be3bb61,,,,,,,,,,,,no_fund_link,no_project_link,no_project_link,,,,,verified,
missing_one_or_more_names,여주쿠팡물류센터,,,경기도 여주시 점봉동 204-3,,physical_asset,,,,fund_name; project_name,ast_f7c124b0485b,,,,,,,,,,,,no_fund_link,no_project_link,no_project_link,,,,,verified,
missing_one_or_more_names,"국내 상장 리츠, 상장 인프라펀드, 채권형 펀드",,,,,physical_asset,,,,fund_name; project_name,ast_f812fe4f71e8,,,,,,,,,,,,no_fund_link,no_project_link,no_project_link,,,,,verified,
missing_one_or_more_names,Courtyard Valley Forge King of Prussia,,,1100 Drummers Lane,,physical_asset,호텔,,,fund_name; project_name,ast_f88aa498d1f1,,,,,,,,,,,,no_fund_link,no_project_link,no_project_link,,,,,verified,
missing_one_or_more_names,티마크호텔명동,,,서울 중구 충무로3가 43,,physical_asset,오피스,,,fund_name; project_name,ast_f8c612d01935,,,,,,,,,,,,no_fund_link,no_project_link,no_project_link,,,,,verified,
missing_one_or_more_names,Pantheon Viking Co-Invest LP,,,,,physical_asset,오피스복합,,,fund_name; project_name,ast_f9b2c2e17184,,,,,,,,,,,,no_fund_link,no_project_link,no_project_link,,,,,verified,
missing_one_or_more_names,Rockpoint Growth and Income Real Estate Fund II (PMAA),이지스글로벌일반사모부동산투자신탁129-1호(재간접형),,,Rockpoint Growth and Income Real Estate Fund II (PMAA),physical_asset,오피스복합,운용,,project_name,ast_f9fbc117a7ce,112162,,129-1호,복합(오피스),,underlying_asset,,direct_owner,direct,0.94,,resolved,no_project_link,no_project_link,fund_assets,58031,,,verified,0.94
missing_one_or_more_names,와이알에너지,이지스일반사모투자신탁435호(태양광),,충북 진천군 문백면 계산리 359-1,"다산1, 동서발전, 진이엔지, 현대산업쏠라5호, 케이앤스틸테크놀로지, 리에너지, 지우태양광, 에스지, 케이앤씨벨에포크, 케이에이치테크단북1호, 미션, 윈즈에너지, 이큐에너지, 소망, 청수, 봉산햇빛, 행암에너지일호, 도원에너지, 솔빛에너지, 에스와이솔라, 에이치엠솔라1, 이에스에이치12, 지티씨솔라13호, 강구16호, 외삼1호, 외삼2호, 솔라트리1호, 김송하, 에스이피브, 케이앤씨헤르메스, 모두에너지, 솔라팩토리10호, 씨에스에너텍, 알이씨에너지, 알이엔네트웍스, 어량리, 비케이솔라, 와이알에너지, 유현그린, 케이앤씨그린북, 디앤피상주, 적화솔라, 솔라시너지햇빛1호, 이인메가태양광, 솔라팩토리22호, 솔라팩토리19호",physical_asset,,운용,,project_name,ast_fa5c29f90c9f,112584,,435호,특별자산,,underlying_asset,,direct_owner,direct,0.94,,resolved,no_project_link,no_project_link,fund_assets,58448,,,verified,0.94
missing_one_or_more_names,Courtyard Detroit Troy,,,1525 East Maple Road,,physical_asset,호텔,,,fund_name; project_name,ast_fabfecf59328,,,,,,,,,,,,no_fund_link,no_project_link,no_project_link,,,,,verified,
missing_one_or_more_names,국내 리츠,,,,,physical_asset,,,,fund_name; project_name,ast_fb434217c86c,,,,,,,,,,,,no_fund_link,no_project_link,no_project_link,,,,,verified,
missing_one_or_more_names,B스퀘어,,,부산광역시 부산진구 중앙대로 639,,physical_asset,오피스,,,fund_name; project_name,ast_fb643944b2a8,,,,,,,,,,,,no_fund_link,no_project_link,no_project_link,,,,,verified,
missing_one_or_more_names,새금풍력태양광발전소,,,"강원도 정선군, 삼척시 남양안길",,physical_asset,,,,fund_name; project_name,ast_fbce63b04e98,,,,,,,,,,,,no_fund_link,no_project_link,no_project_link,,,,,verified,
missing_one_or_more_names,행암에너지일호,이지스일반사모투자신탁435호(태양광),,충청남도 천안시 동남구 동면 행암리 401-8 외,"다산1, 동서발전, 진이엔지, 현대산업쏠라5호, 케이앤스틸테크놀로지, 리에너지, 지우태양광, 에스지, 케이앤씨벨에포크, 케이에이치테크단북1호, 미션, 윈즈에너지, 이큐에너지, 소망, 청수, 봉산햇빛, 행암에너지일호, 도원에너지, 솔빛에너지, 에스와이솔라, 에이치엠솔라1, 이에스에이치12, 지티씨솔라13호, 강구16호, 외삼1호, 외삼2호, 솔라트리1호, 김송하, 에스이피브, 케이앤씨헤르메스, 모두에너지, 솔라팩토리10호, 씨에스에너텍, 알이씨에너지, 알이엔네트웍스, 어량리, 비케이솔라, 와이알에너지, 유현그린, 케이앤씨그린북, 디앤피상주, 적화솔라, 솔라시너지햇빛1호, 이인메가태양광, 솔라팩토리22호, 솔라팩토리19호",physical_asset,,운용,,project_name,ast_fc066c8daedb,112584,,435호,특별자산,,underlying_asset,,direct_owner,direct,0.94,,resolved,no_project_link,no_project_link,fund_assets,58427,,,verified,0.94
missing_one_or_more_names,누리,,,강원도 삼척시 원덕읍 임원리 산255,,physical_asset,,,,fund_name; project_name,ast_fc89234fd6df,,,,,,,,,,,,no_fund_link,no_project_link,no_project_link,,,,,verified,
missing_one_or_more_names,천리에너지2호태양광발전소,이지스일반사모투자신탁377호,,충청북도 충주시 엄정면 율능리 853 외 3필지,"환성2호태양광발전소, 환성3호태양광발전소, 예지안빛에너지, 장춘3호태양광발전소, 하늘별빛에너지태양광발전소, 해누리7호태양광발전소, 천리에너지2호태양광발전소, 엠아이에너지태양광발전소, 한국쏠라알피에스태양광발전소, 솔라팜1호, 솔라팜2호, 삼산태양광발전소, 맥스에너지하리태양광발전, 맥스에너지금성태양광발전, 제이에스금계태양광발전, 지동쏠라에너지태양광발전, 성남제이씨에너지, 선그린에너지, 일순에너지, 스카이에너지, 에이스쏠라, 디앤피옥연, 디앤피영천신기, 곡성, 케이앤씨해바라기, 케이앤씨솔라리아, 호니파워, 에스디일호, 에스플래닛삼십사호, 아인에너지, 제이피에너지",physical_asset,,운용,,project_name,ast_fc9106a89950,112466,,377호,특별자산,,underlying_asset,,direct_owner,direct,0.94,,resolved,no_project_link,no_project_link,fund_assets,58267,,,verified,0.94
missing_one_or_more_names,Goldman Sachs West Street Infrastructure Partner IV,,,,,physical_asset,,,,fund_name; project_name,ast_fc9a53f384d8,,,,,,,,,,,,no_fund_link,no_project_link,no_project_link,,,,,verified,
missing_one_or_more_names,금강타워3,,,서울시 강남구 삼성동 154-8 외 1필지,,physical_asset,오피스복합,,,fund_name; project_name,ast_fcd940175c17,,,,,,,,,,,,no_fund_link,no_project_link,no_project_link,,,,,verified,
missing_one_or_more_names,알이엔네트웍스,이지스일반사모투자신탁435호(태양광),,경기도 가평군 설악면 천안리 14-1 외,"다산1, 동서발전, 진이엔지, 현대산업쏠라5호, 케이앤스틸테크놀로지, 리에너지, 지우태양광, 에스지, 케이앤씨벨에포크, 케이에이치테크단북1호, 미션, 윈즈에너지, 이큐에너지, 소망, 청수, 봉산햇빛, 행암에너지일호, 도원에너지, 솔빛에너지, 에스와이솔라, 에이치엠솔라1, 이에스에이치12, 지티씨솔라13호, 강구16호, 외삼1호, 외삼2호, 솔라트리1호, 김송하, 에스이피브, 케이앤씨헤르메스, 모두에너지, 솔라팩토리10호, 씨에스에너텍, 알이씨에너지, 알이엔네트웍스, 어량리, 비케이솔라, 와이알에너지, 유현그린, 케이앤씨그린북, 디앤피상주, 적화솔라, 솔라시너지햇빛1호, 이인메가태양광, 솔라팩토리22호, 솔라팩토리19호",physical_asset,,운용,,project_name,ast_fcf7c1ac3c6e,112584,,435호,특별자산,,underlying_asset,,direct_owner,direct,0.94,,resolved,no_project_link,no_project_link,fund_assets,58445,,,verified,0.94
missing_one_or_more_names,Brookfield Premier Real Estate Partners Australia,,,,,physical_asset,오피스,,,fund_name; project_name,ast_fd58b1c03da5,,,,,,,,,,,,no_fund_link,no_project_link,no_project_link,,,,,verified,
missing_one_or_more_names,영등포역 오피스텔 개발사업,,,서울특별시 영등포구 영등포동1가 143-3,,physical_asset,주거,,,fund_name; project_name,ast_fd6bb3b0a59c,,,,,,,,,,,,no_fund_link,no_project_link,no_project_link,,,,,verified,
missing_one_or_more_names,에스와이솔라,,,부산광역시 강서구 낙동북로 236,,physical_asset,,,,fund_name; project_name,ast_fd6c2781e217,,,,,,,,,,,,no_fund_link,no_project_link,no_project_link,,,,,verified,
missing_one_or_more_names,롯데마트(포항),,,경상북도 포항시 남구 지곡동 481-1,,physical_asset,리테일,,,fund_name; project_name,ast_fdb1842a936b,,,,,,,,,,,,no_fund_link,no_project_link,no_project_link,,,,,verified,
missing_one_or_more_names,ISF모1-2호(타임워크명동),,,서울시 중구 명동1가 59-5외 8필지,,physical_asset,오피스복합,,,fund_name; project_name,ast_fe11209bb01f,,,,,,,,,,,,no_fund_link,no_project_link,no_project_link,,,,,verified,
missing_one_or_more_names,ETF,,,,,physical_asset,,,,fund_name; project_name,ast_fe2742669ca3,,,,,,,,,,,,no_fund_link,no_project_link,no_project_link,,,,,verified,
missing_one_or_more_names,용산구 원효로3가 역세권 청년주택,,,서울특별시 용산구 원효로3가 1-159외 3필지,,physical_asset,,,,fund_name; project_name,ast_fe54855dac7e,,,,,,,,,,,,no_fund_link,no_project_link,no_project_link,,,,,verified,
missing_one_or_more_names,눈스퀘어,,,서울특별시 중구 명동2가 83-5,,physical_asset,리테일,,,fund_name; project_name,ast_fe9e7fc006fb,,,,,,,,,,,,no_fund_link,no_project_link,no_project_link,,,,,verified,
missing_one_or_more_names,해량에너지,이지스일반사모투자신탁392호(태양광),,충청남도 보령시 천북면 장은리 산157-1,"참빛솔라 태양광발전소, 최강일 태양광발전소, 신명솔라 태양광발전소, 성리태양광발전소, 새금풍력태양광발전소, 엠아이파워, 해량에너지, 시온솔라, 의령1호, 의령2호, 의령3호, 나눔과사랑, 건화솔라, 투태모에너지3호, 비취정보기술, 은하수솔라, 화성솔라, 임원, 누리, 평화와번영, 옥스포드, 미래화희망, 해바라기, 디앤피입암리1호, 한려, 해담은삼척1호",physical_asset,,운용,,project_name,ast_feb123f425d2,112504,,392호,특별자산,,underlying_asset,,direct_owner,direct,0.94,,resolved,no_project_link,no_project_link,fund_assets,58334,,,verified,0.94
missing_one_or_more_names,부천카스퀘어담보대출,,,"경기도 부천시 오정구 삼정동 366-1, 366-10 토지 및 건물 전체 *366-1번지 일부",,physical_asset,특별자산,,,fund_name; project_name,ast_ff8814218ffe,,,,,,,,,,,,no_fund_link,no_project_link,no_project_link,,,,,verified,
missing_one_or_more_names,디앤피영천신기,이지스일반사모투자신탁377호,,경북 영천시 신기동 산 14외,"환성2호태양광발전소, 환성3호태양광발전소, 예지안빛에너지, 장춘3호태양광발전소, 하늘별빛에너지태양광발전소, 해누리7호태양광발전소, 천리에너지2호태양광발전소, 엠아이에너지태양광발전소, 한국쏠라알피에스태양광발전소, 솔라팜1호, 솔라팜2호, 삼산태양광발전소, 맥스에너지하리태양광발전, 맥스에너지금성태양광발전, 제이에스금계태양광발전, 지동쏠라에너지태양광발전, 성남제이씨에너지, 선그린에너지, 일순에너지, 스카이에너지, 에이스쏠라, 디앤피옥연, 디앤피영천신기, 곡성, 케이앤씨해바라기, 케이앤씨솔라리아, 호니파워, 에스디일호, 에스플래닛삼십사호, 아인에너지, 제이피에너지",physical_asset,,운용,,project_name,ast_ff97a1f2dae8,112466,,377호,특별자산,,underlying_asset,,direct_owner,direct,0.94,,resolved,no_project_link,no_project_link,fund_assets,58283,,,verified,0.94
missing_one_or_more_names,Paris Office Louis David,이지스유럽코어일반사모부동산투자신탁제89호,,,"Hamburg Office Fleet II, Brussels Office Brederode, Barcelona Office Fontanella, Prague Office Praga Studios, Paris Office Louis David",physical_asset,오피스복합,운용,,project_name,ast_fff6be9d38b9,112093,,89호,복합(오피스),,underlying_asset,,direct_owner,direct,0.94,,resolved,no_project_link,no_project_link,fund_assets,57968,,,verified,0.94
