row_grain,asset_id,asset_name,asset_type,asset_kind,business_stage,portfolio_theme,portfolio_region,country_code,city,address_text,latitude,longitude,pnu,asset_code,asset_review_status,data_completeness,api_enrichment_status,last_api_enriched_at,fund_id,fund_name,fund_short_name,fund_status,fund_sector,fund_location,fund_dept_raw,fund_dept_resolved,fund_manager_raw,fund_manager_resolved,fund_setup_date,fund_maturity_date,fund_parent_fund_id,fund_benchmark_aum,fund_invested_aum,fund_equity_won,fund_loan_won,fund_deposit_won,fund_aum_status,fund_aum_source,relation_type,exposure_role,directness,allocation_ratio,allocation_status,include_in_asset_aum,needs_allocation_review,benchmark_aum_allocated,invested_aum_allocated,equity_won_allocated,loan_won_allocated,deposit_won_allocated,aum_basis_source,asset_summary_fund_count,asset_summary_benchmark_aum,asset_summary_invested_aum,asset_summary_equity_won,asset_summary_loan_won,asset_summary_deposit_won,site_area,gross_floor_area,scr,far,main_usage,structure,floors_up,floors_down,elevators,parking,height,completion_date,building_ledger_source,ledger_confidence,lender_committed_amt,lender_drawn_amt,beneficiary_committed_amt,beneficiary_invested_amt,lender_exposure_count,beneficiary_exposure_count,linked_project_names,risk_project_names,risk_overall_ratings
asset_fund_link,ast_9e54163d0926,롯데마트대덕점,,physical_asset,,,,KR,,대전광역시 유성구 관평동 887,36.4268313379494,127.386794099901,3020014600108870000,A112592001,auto_created,unknown,found,2026-06-01T07:02:01.588989+00:00,112319,이지스리테일전문투자형사모부동산투자신탁255호,255호,미설정,,,,,,,,,,,,,,,,펀드 AUM 관리_20260515.xlsx,underlying_asset,direct_owner,direct,,mixed_requires_review,True,True,,,,,,,3,309685304114,30000000000,209065591614,95159450000,5460262500,33140.3,171315.0,49.77,165.48,리테일,철근콘크리트구조,5,1,2,옥내 689 / 옥외 144,25.7,2007-11-08,BldRgstHubService.getBrTitleInfo,0.95,0,0,0,0,0,0,,,
asset_fund_link,ast_85c4284120a0,케이앤스틸테크놀로지,특별자산,physical_asset,,,,KR,,경상북도 상주시 내서면 노류리 572-2,36.3645499179998,128.020691220829,4725037029105720002,,auto_created,incomplete,pending,,112584,이지스일반사모투자신탁435호(태양광),435호,운용,특별자산,국내,인프라전략2파트,인프라전략2파트,백다슬,백다슬,2021-08-05,2043-08-05,,100000000000,68567934814,100000000000,0,0,운용,펀드 AUM 관리_20260515.xlsx,underlying_asset,direct_owner,direct,,mixed_requires_review,True,True,,,,,,,1,0,0,0,0,0,,,,,,,,,,,,,,,0,0,0,0,0,0,,,
asset_fund_link,ast_e4545b0356db,윈즈에너지,특별자산,physical_asset,,,,KR,,경상북도 영주시 조와동 346,36.8736398842617,128.626195302659,4721011000103460000,,auto_created,incomplete,pending,,112584,이지스일반사모투자신탁435호(태양광),435호,운용,특별자산,국내,인프라전략2파트,인프라전략2파트,백다슬,백다슬,2021-08-05,2043-08-05,,100000000000,68567934814,100000000000,0,0,운용,펀드 AUM 관리_20260515.xlsx,underlying_asset,direct_owner,direct,,mixed_requires_review,True,True,,,,,,,1,0,0,0,0,0,,,,,,,,,,,,,,,0,0,0,0,0,0,,,
asset_fund_link,ast_1fa2fdab17e6,지티씨솔라13호,특별자산,physical_asset,,,,KR,,강원특별자치도 화천군 사내면 용담리 602,38.0836900241721,127.537474128221,5179034024106020000,,auto_created,incomplete,pending,,112584,이지스일반사모투자신탁435호(태양광),435호,운용,특별자산,국내,인프라전략2파트,인프라전략2파트,백다슬,백다슬,2021-08-05,2043-08-05,,100000000000,68567934814,100000000000,0,0,운용,펀드 AUM 관리_20260515.xlsx,underlying_asset,direct_owner,direct,,mixed_requires_review,True,True,,,,,,,1,0,0,0,0,0,,,,,,,,,,,,,,,0,0,0,0,0,0,,,
asset_fund_link,ast_d568c3621c14,에스이피브,특별자산,physical_asset,,,,KR,,경기도 연천군 중면 합수리 661,38.1372804571045,127.043659510198,4180037026106610000,,auto_created,incomplete,pending,,112584,이지스일반사모투자신탁435호(태양광),435호,운용,특별자산,국내,인프라전략2파트,인프라전략2파트,백다슬,백다슬,2021-08-05,2043-08-05,,100000000000,68567934814,100000000000,0,0,운용,펀드 AUM 관리_20260515.xlsx,underlying_asset,direct_owner,direct,,mixed_requires_review,True,True,,,,,,,1,0,0,0,0,0,,,,,,,,,,,,,,,0,0,0,0,0,0,,,
asset_fund_link,ast_f0f81ea28332,어량리,특별자산,physical_asset,,,,KR,,전라북도 익산시 망성면 어량리 1743-14,36.0915082310654,127.03057297657,4514038024117430014,,auto_created,incomplete,pending,,112584,이지스일반사모투자신탁435호(태양광),435호,운용,특별자산,국내,인프라전략2파트,인프라전략2파트,백다슬,백다슬,2021-08-05,2043-08-05,,100000000000,68567934814,100000000000,0,0,운용,펀드 AUM 관리_20260515.xlsx,underlying_asset,direct_owner,direct,,mixed_requires_review,True,True,,,,,,,1,0,0,0,0,0,,,,,,,,,,,,,,,0,0,0,0,0,0,,,
asset_fund_link,ast_30821b7cbbab,이인메가태양광,특별자산,physical_asset,,,,KR,,충청남도 공주시 이인면 오룡리 산2-32,36.4145419540869,127.074308261653,4415031023200020032,,auto_created,incomplete,pending,,112584,이지스일반사모투자신탁435호(태양광),435호,운용,특별자산,국내,인프라전략2파트,인프라전략2파트,백다슬,백다슬,2021-08-05,2043-08-05,,100000000000,68567934814,100000000000,0,0,운용,펀드 AUM 관리_20260515.xlsx,underlying_asset,direct_owner,direct,,mixed_requires_review,True,True,,,,,,,1,0,0,0,0,0,,,,,,,,,,,,,,,0,0,0,0,0,0,,,
asset_fund_link,ast_e0b140083119,새금풍력태양광발전소,특별자산,physical_asset,,,,KR,,강원특별자치도 삼척시 남양동 산33,37.4214368258761,129.160670927536,5123012000200330000,,auto_created,incomplete,found,2026-06-01T06:57:15.50526+00:00,112504,이지스일반사모투자신탁392호(태양광),392호,운용,특별자산,국내,인프라전략2파트,인프라전략2파트,신미소,신미소,2020-11-13,2042-11-13,,60000000000,44306796466,60000000000,0,0,운용,펀드 AUM 관리_20260515.xlsx,underlying_asset,direct_owner,direct,,mixed_requires_review,True,True,,,,,,,1,0,0,0,0,0,0.0,933.12,0.0,0.0,분뇨.쓰레기처리시설,일반철골구조,2,0,,,11.8,2007-11-09,BldRgstHubService.getBrTitleInfo,0.95,0,0,0,0,0,0,,,
asset_fund_link,ast_6b4d336a4622,건화솔라,특별자산,physical_asset,,,,KR,,경상남도 의령군 대의면 천곡리 산50,35.344237969546,128.131457567959,4872033029200500000,,auto_created,incomplete,pending,,112504,이지스일반사모투자신탁392호(태양광),392호,운용,특별자산,국내,인프라전략2파트,인프라전략2파트,신미소,신미소,2020-11-13,2042-11-13,,60000000000,44306796466,60000000000,0,0,운용,펀드 AUM 관리_20260515.xlsx,underlying_asset,direct_owner,direct,,mixed_requires_review,True,True,,,,,,,1,0,0,0,0,0,,,,,,,,,,,,,,,0,0,0,0,0,0,,,
asset_fund_link,ast_763ddcf74f9c,평화와번영,특별자산,physical_asset,,,,KR,,강원특별자치도 평창군 평창읍 고길리 86-1,37.4142735271132,128.452772762552,5176025029100860001,,auto_created,incomplete,pending,,112504,이지스일반사모투자신탁392호(태양광),392호,운용,특별자산,국내,인프라전략2파트,인프라전략2파트,신미소,신미소,2020-11-13,2042-11-13,,60000000000,44306796466,60000000000,0,0,운용,펀드 AUM 관리_20260515.xlsx,underlying_asset,direct_owner,direct,,mixed_requires_review,True,True,,,,,,,1,0,0,0,0,0,,,,,,,,,,,,,,,0,0,0,0,0,0,,,
asset_fund_link,ast_aac5427c01f4,전환사채 | 공모주 | 비상장RCPS | 상장리츠 | AA+ 회사채,복합(오피스),physical_asset,,,,KR,,서울특별시 용산구 한남동 736-9,37.534608107048,126.997909989582,1117013100107360009,,auto_created,incomplete,found,2026-06-01T06:57:30.172181+00:00,112556,이지스한남일반사모부동산투자신탁제418호,418호,청산,복합(오피스),국내,이지스자산운용,이지스자산운용,현승연,현승연,2021-06-03,2023-10-04,,18740000000,18740000000,18740000000,0,0,청산,펀드 AUM 관리_20260515.xlsx,underlying_asset,direct_owner,direct,,mixed_requires_review,True,True,,,,,,,39,0,0,0,0,0,1270.8,7319.6,59.68,192.82,업무시설,철골철근콘크리트구조,5,6,4,옥내 77 / 옥외 0,19.96,2023-06-28,BldRgstHubService.getBrTitleInfo,0.95,0,0,0,0,0,0,,,
asset_fund_link,ast_aac5427c01f4,전환사채 | 공모주 | 비상장RCPS | 상장리츠 | AA+ 회사채,복합(오피스),physical_asset,,,,KR,,서울특별시 용산구 한남동 736-9,37.534608107048,126.997909989582,1117013100107360009,,auto_created,incomplete,found,2026-06-01T06:57:30.172181+00:00,112714,이지스 멀티인컴 일반사모투자신탁 제1호(Class C-g),멀티인컴1호(C-g),청산,기타,국내,헤지펀드운용파트,헤지펀드운용파트,이병윤,이병윤,2022-09-15,2024-09-19,,13000000000,13000000000,13000000000,0,0,청산,펀드 AUM 관리_20260515.xlsx,underlying_asset,direct_owner,direct,,mixed_requires_review,True,True,,,,,,,39,0,0,0,0,0,1270.8,7319.6,59.68,192.82,업무시설,철골철근콘크리트구조,5,6,4,옥내 77 / 옥외 0,19.96,2023-06-28,BldRgstHubService.getBrTitleInfo,0.95,0,0,0,0,0,0,,,
asset_fund_link,ast_aac5427c01f4,전환사채 | 공모주 | 비상장RCPS | 상장리츠 | AA+ 회사채,복합(오피스),physical_asset,,,,KR,,서울특별시 용산구 한남동 736-9,37.534608107048,126.997909989582,1117013100107360009,,auto_created,incomplete,found,2026-06-01T06:57:30.172181+00:00,300012,이지스 멀티인컴 일반사모투자신탁 제4호,멀티인컴4호,청산,기타,국내,헤지펀드운용파트,헤지펀드운용파트,유윤재,유윤재,2023-08-31,2024-02-01,,6064353843,6064353843,6064353843,0,0,청산,펀드 AUM 관리_20260515.xlsx,underlying_asset,direct_owner,direct,,mixed_requires_review,True,True,,,,,,,39,0,0,0,0,0,1270.8,7319.6,59.68,192.82,업무시설,철골철근콘크리트구조,5,6,4,옥내 77 / 옥외 0,19.96,2023-06-28,BldRgstHubService.getBrTitleInfo,0.95,0,0,0,0,0,0,,,
asset_fund_link,ast_aac5427c01f4,전환사채 | 공모주 | 비상장RCPS | 상장리츠 | AA+ 회사채,복합(오피스),physical_asset,,,,KR,,서울특별시 용산구 한남동 736-9,37.534608107048,126.997909989582,1117013100107360009,,auto_created,incomplete,found,2026-06-01T06:57:30.172181+00:00,300033,이지스하이일드공모주일반사모투자신탁제2호(Class A),하이일드2호(A),청산,기타,국내,헤지펀드운용파트,헤지펀드운용파트,이병윤,이병윤,2024-08-19,2026-03-19,,0,0,0,0,0,청산,펀드 AUM 관리_20260515.xlsx,underlying_asset,direct_owner,direct,,mixed_requires_review,True,True,,,,,,,39,0,0,0,0,0,1270.8,7319.6,59.68,192.82,업무시설,철골철근콘크리트구조,5,6,4,옥내 77 / 옥외 0,19.96,2023-06-28,BldRgstHubService.getBrTitleInfo,0.95,0,0,0,0,0,0,,,
asset_fund_link,ast_aac5427c01f4,전환사채 | 공모주 | 비상장RCPS | 상장리츠 | AA+ 회사채,복합(오피스),physical_asset,,,,KR,,서울특별시 용산구 한남동 736-9,37.534608107048,126.997909989582,1117013100107360009,,auto_created,incomplete,found,2026-06-01T06:57:30.172181+00:00,300044,이지스코스닥벤처일반사모투자신탁제2호,코스닥벤처2호,운용,기타,국내,헤지펀드운용파트,헤지펀드운용파트,김유진A,김유진A,2024-11-06,2027-11-06,,12999190219,12999190219,12999190219,0,0,운용,펀드 AUM 관리_20260515.xlsx,underlying_asset,direct_owner,direct,,mixed_requires_review,True,True,,,,,,,39,0,0,0,0,0,1270.8,7319.6,59.68,192.82,업무시설,철골철근콘크리트구조,5,6,4,옥내 77 / 옥외 0,19.96,2023-06-28,BldRgstHubService.getBrTitleInfo,0.95,0,0,0,0,0,0,,,
asset_fund_link,ast_aac5427c01f4,전환사채 | 공모주 | 비상장RCPS | 상장리츠 | AA+ 회사채,복합(오피스),physical_asset,,,,KR,,서울특별시 용산구 한남동 736-9,37.534608107048,126.997909989582,1117013100107360009,,auto_created,incomplete,found,2026-06-01T06:57:30.172181+00:00,300057,이지스 멀티플러스 일반사모투자신탁 제2호(운용),멀티플러스2호,운용,기타,국내,헤지펀드운용파트,헤지펀드운용파트,김유진A,김유진A,2025-07-17,2028-07-17,,13239147480,13239147480,13239147480,0,0,운용,펀드 AUM 관리_20260515.xlsx,underlying_asset,direct_owner,direct,,mixed_requires_review,True,True,,,,,,,39,0,0,0,0,0,1270.8,7319.6,59.68,192.82,업무시설,철골철근콘크리트구조,5,6,4,옥내 77 / 옥외 0,19.96,2023-06-28,BldRgstHubService.getBrTitleInfo,0.95,0,0,0,0,0,0,,,
asset_fund_link,ast_aac5427c01f4,전환사채 | 공모주 | 비상장RCPS | 상장리츠 | AA+ 회사채,복합(오피스),physical_asset,,,,KR,,서울특별시 용산구 한남동 736-9,37.534608107048,126.997909989582,1117013100107360009,,auto_created,incomplete,found,2026-06-01T06:57:30.172181+00:00,300076,이지스그린ON 일반사모투자신탁제4호(운용),그린ON4호,운용,기타,국내,헤지펀드운용파트,헤지펀드운용파트,문석호,문석호,2026-01-28,2027-07-28,,13489108911,13489108911,13489108911,0,0,운용,펀드 AUM 관리_20260515.xlsx,underlying_asset,direct_owner,direct,,mixed_requires_review,True,True,,,,,,,39,0,0,0,0,0,1270.8,7319.6,59.68,192.82,업무시설,철골철근콘크리트구조,5,6,4,옥내 77 / 옥외 0,19.96,2023-06-28,BldRgstHubService.getBrTitleInfo,0.95,0,0,0,0,0,0,,,
asset_fund_link,ast_d03e122e0d2d,전환사채 | 공모주 | 비상장RCPS | 상장리츠 | AA+ 회사채,지분증권,physical_asset,,,,KR,,영등포구 여의공원로 115,37.530118673,126.926220748,이지스자산운용본사,,auto_created,incomplete,pending,,112711,이지스 멀티인컴 일반사모투자신탁 제1호(Class A),멀티인컴1호(A),청산,기타,국내,헤지펀드운용파트,헤지펀드운용파트,이병윤,이병윤,2022-09-15,2022-09-15,,0,0,,,,청산,펀드 AUM 관리_20260515.xlsx,underlying_asset,direct_owner,direct,,mixed_requires_review,True,True,,,,,,,39,0,0,0,0,0,,,,,,,,,,,,,,,0,0,0,0,0,0,,,
asset_fund_link,ast_d03e122e0d2d,전환사채 | 공모주 | 비상장RCPS | 상장리츠 | AA+ 회사채,지분증권,physical_asset,,,,KR,,영등포구 여의공원로 115,37.530118673,126.926220748,이지스자산운용본사,,auto_created,incomplete,pending,,300007,이지스 하이일드 공모주 일반사모투자신탁 제1호(Class A),하이일드공모주1호(A),미설정,기타,국내,헤지펀드운용파트,헤지펀드운용파트,이병윤,이병윤,2023-08-24,2023-08-24,,,,,,,,펀드 AUM 관리_20260515.xlsx,underlying_asset,direct_owner,direct,,mixed_requires_review,True,True,,,,,,,39,0,0,0,0,0,,,,,,,,,,,,,,,0,0,0,0,0,0,,,
asset_fund_link,ast_d03e122e0d2d,전환사채 | 공모주 | 비상장RCPS | 상장리츠 | AA+ 회사채,지분증권,physical_asset,,,,KR,,영등포구 여의공원로 115,37.530118673,126.926220748,이지스자산운용본사,,auto_created,incomplete,pending,,300020,이지스 인컴플러스 일반사모투자신탁 제3호,인컴플러스3호,청산,기타,국내,헤지펀드운용파트,헤지펀드운용파트,이병윤,이병윤,2024-03-14,2024-07-30,,55000000000,55000000000,55000000000,0,0,청산,펀드 AUM 관리_20260515.xlsx,underlying_asset,direct_owner,direct,,mixed_requires_review,True,True,,,,,,,39,0,0,0,0,0,,,,,,,,,,,,,,,0,0,0,0,0,0,,,
asset_fund_link,ast_8f63f7ec9170,이지스리테일제55호사모부동산투자유한회사,,physical_asset,,,,KR,,제주특별자치도 제주시 노형동 708,33.4824685214112,126.481404912937,5011012200107080000,A112054002,auto_created,unknown,found,2026-06-01T07:02:19.078156+00:00,112319,이지스리테일전문투자형사모부동산투자신탁255호,255호,미설정,,,,,,,,,,,,,,,,펀드 AUM 관리_20260515.xlsx,underlying_asset,direct_owner,direct,,mixed_requires_review,True,True,,,,,,,2,279685304114,0,179065591614,95159450000,5460262500,4364.9,24520.1,6.7,399.36,제2종근린생활시설,일반철골구조,6,2,4,옥내 173 / 옥외 0,32.14,2002-04-16,BldRgstHubService.getBrTitleInfo,0.95,0,0,0,0,0,0,,,
asset_fund_link,ast_fe5c7328b922,리에너지,특별자산,physical_asset,,,,KR,,경상북도 상주시 사벌국면 용담리 산42-1,36.4863548646006,128.218246198146,4725032526200420001,,auto_created,incomplete,pending,,112584,이지스일반사모투자신탁435호(태양광),435호,운용,특별자산,국내,인프라전략2파트,인프라전략2파트,백다슬,백다슬,2021-08-05,2043-08-05,,100000000000,68567934814,100000000000,0,0,운용,펀드 AUM 관리_20260515.xlsx,underlying_asset,direct_owner,direct,,mixed_requires_review,True,True,,,,,,,1,0,0,0,0,0,,,,,,,,,,,,,,,0,0,0,0,0,0,,,
asset_fund_link,ast_8be0e8a3b047,소망,특별자산,physical_asset,,,,KR,,충청남도 서천군 서면 원두리 산79-1,36.1688014842476,126.581342387506,4477041025200790001,,auto_created,incomplete,pending,,112584,이지스일반사모투자신탁435호(태양광),435호,운용,특별자산,국내,인프라전략2파트,인프라전략2파트,백다슬,백다슬,2021-08-05,2043-08-05,,100000000000,68567934814,100000000000,0,0,운용,펀드 AUM 관리_20260515.xlsx,underlying_asset,direct_owner,direct,,mixed_requires_review,True,True,,,,,,,1,0,0,0,0,0,,,,,,,,,,,,,,,0,0,0,0,0,0,,,
asset_fund_link,ast_9fce646527d1,강구16호,특별자산,physical_asset,,,,KR,,경상북도 안동시 길안면 현하리 1115-19,36.4285764602799,128.842429765427,4717039033111150019,,auto_created,incomplete,pending,,112584,이지스일반사모투자신탁435호(태양광),435호,운용,특별자산,국내,인프라전략2파트,인프라전략2파트,백다슬,백다슬,2021-08-05,2043-08-05,,100000000000,68567934814,100000000000,0,0,운용,펀드 AUM 관리_20260515.xlsx,underlying_asset,direct_owner,direct,,mixed_requires_review,True,True,,,,,,,1,0,0,0,0,0,,,,,,,,,,,,,,,0,0,0,0,0,0,,,
asset_fund_link,ast_915527e80f33,케이앤씨헤르메스,특별자산,physical_asset,,,,KR,,전라북도 남원시 대강면 송대리 3-7,35.3757153395264,127.242014696092,4519036026100030007,,auto_created,incomplete,pending,,112584,이지스일반사모투자신탁435호(태양광),435호,운용,특별자산,국내,인프라전략2파트,인프라전략2파트,백다슬,백다슬,2021-08-05,2043-08-05,,100000000000,68567934814,100000000000,0,0,운용,펀드 AUM 관리_20260515.xlsx,underlying_asset,direct_owner,direct,,mixed_requires_review,True,True,,,,,,,1,0,0,0,0,0,,,,,,,,,,,,,,,0,0,0,0,0,0,,,
asset_fund_link,ast_842871707662,와이알에너지,특별자산,physical_asset,,,,KR,,충청북도 진천군 문백면 계산리 359-1,36.7903360743981,127.400320673083,4375033026103590001,,auto_created,incomplete,pending,,112584,이지스일반사모투자신탁435호(태양광),435호,운용,특별자산,국내,인프라전략2파트,인프라전략2파트,백다슬,백다슬,2021-08-05,2043-08-05,,100000000000,68567934814,100000000000,0,0,운용,펀드 AUM 관리_20260515.xlsx,underlying_asset,direct_owner,direct,,mixed_requires_review,True,True,,,,,,,1,0,0,0,0,0,,,,,,,,,,,,,,,0,0,0,0,0,0,,,
asset_fund_link,ast_d7ac46c9c051,솔라팩토리22호,특별자산,physical_asset,,,,KR,,경상북도 김천시 어모면 남산리 2033,36.1612622229727,128.131889016506,4715036023120330000,,auto_created,incomplete,pending,,112584,이지스일반사모투자신탁435호(태양광),435호,운용,특별자산,국내,인프라전략2파트,인프라전략2파트,백다슬,백다슬,2021-08-05,2043-08-05,,100000000000,68567934814,100000000000,0,0,운용,펀드 AUM 관리_20260515.xlsx,underlying_asset,direct_owner,direct,,mixed_requires_review,True,True,,,,,,,1,0,0,0,0,0,,,,,,,,,,,,,,,0,0,0,0,0,0,,,
asset_fund_link,ast_ff7588a79671,엠아이파워,특별자산,physical_asset,,,,KR,,경상북도 청도군 풍각면 월봉리 산10,35.6179321225591,128.59726791787,4782032042200100000,,auto_created,incomplete,pending,,112504,이지스일반사모투자신탁392호(태양광),392호,운용,특별자산,국내,인프라전략2파트,인프라전략2파트,신미소,신미소,2020-11-13,2042-11-13,,60000000000,44306796466,60000000000,0,0,운용,펀드 AUM 관리_20260515.xlsx,underlying_asset,direct_owner,direct,,mixed_requires_review,True,True,,,,,,,1,0,0,0,0,0,,,,,,,,,,,,,,,0,0,0,0,0,0,,,
asset_fund_link,ast_19c7f152ec57,투태모에너지3호,특별자산,physical_asset,,,,KR,,대구광역시 군위군 소보면 도산리 1181-3,36.2431564038821,128.436538919863,4772031043111810003,,auto_created,incomplete,pending,,112504,이지스일반사모투자신탁392호(태양광),392호,운용,특별자산,국내,인프라전략2파트,인프라전략2파트,신미소,신미소,2020-11-13,2042-11-13,,60000000000,44306796466,60000000000,0,0,운용,펀드 AUM 관리_20260515.xlsx,underlying_asset,direct_owner,direct,,mixed_requires_review,True,True,,,,,,,1,0,0,0,0,0,,,,,,,,,,,,,,,0,0,0,0,0,0,,,
asset_fund_link,ast_7bee65577fd7,미래화희망,특별자산,physical_asset,,,,KR,,전라남도 고흥군 도화면 봉룡리 산222,34.5278911859503,127.330067128426,4677034029202220000,,auto_created,incomplete,pending,,112504,이지스일반사모투자신탁392호(태양광),392호,운용,특별자산,국내,인프라전략2파트,인프라전략2파트,신미소,신미소,2020-11-13,2042-11-13,,60000000000,44306796466,60000000000,0,0,운용,펀드 AUM 관리_20260515.xlsx,underlying_asset,direct_owner,direct,,mixed_requires_review,True,True,,,,,,,1,0,0,0,0,0,,,,,,,,,,,,,,,0,0,0,0,0,0,,,
asset_fund_link,ast_aac5427c01f4,전환사채 | 공모주 | 비상장RCPS | 상장리츠 | AA+ 회사채,복합(오피스),physical_asset,,,,KR,,서울특별시 용산구 한남동 736-9,37.534608107048,126.997909989582,1117013100107360009,,auto_created,incomplete,found,2026-06-01T06:57:30.172181+00:00,112709,이지스 코스닥벤처 일반사모투자신탁 제1호,코스닥벤처1호,청산,기타,국내,헤지펀드운용파트,헤지펀드운용파트,이병윤,이병윤,2022-09-13,2025-09-15,,11000000000,11000000000,11000000000,0,0,청산,펀드 AUM 관리_20260515.xlsx,underlying_asset,direct_owner,direct,,mixed_requires_review,True,True,,,,,,,39,0,0,0,0,0,1270.8,7319.6,59.68,192.82,업무시설,철골철근콘크리트구조,5,6,4,옥내 77 / 옥외 0,19.96,2023-06-28,BldRgstHubService.getBrTitleInfo,0.95,0,0,0,0,0,0,,,
asset_fund_link,ast_aac5427c01f4,전환사채 | 공모주 | 비상장RCPS | 상장리츠 | AA+ 회사채,복합(오피스),physical_asset,,,,KR,,서울특별시 용산구 한남동 736-9,37.534608107048,126.997909989582,1117013100107360009,,auto_created,incomplete,found,2026-06-01T06:57:30.172181+00:00,112763,이지스 멀티인컴 일반사모투자신탁 제3호,멀티인컴3호,청산,기타,국내,헤지펀드운용파트,헤지펀드운용파트,유윤재,유윤재,2023-03-06,2026-03-18,,20999510240,20999510240,20999510240,0,0,청산,펀드 AUM 관리_20260515.xlsx,underlying_asset,direct_owner,direct,,mixed_requires_review,True,True,,,,,,,39,0,0,0,0,0,1270.8,7319.6,59.68,192.82,업무시설,철골철근콘크리트구조,5,6,4,옥내 77 / 옥외 0,19.96,2023-06-28,BldRgstHubService.getBrTitleInfo,0.95,0,0,0,0,0,0,,,
asset_fund_link,ast_aac5427c01f4,전환사채 | 공모주 | 비상장RCPS | 상장리츠 | AA+ 회사채,복합(오피스),physical_asset,,,,KR,,서울특별시 용산구 한남동 736-9,37.534608107048,126.997909989582,1117013100107360009,,auto_created,incomplete,found,2026-06-01T06:57:30.172181+00:00,300018,이지스멀티드래곤일반사모투자신탁제1호,멀티드래곤1호,운용,기타,국내,헤지펀드운용파트,헤지펀드운용파트,김유진A,김유진A,2024-02-05,2028-02-05,,10200000000,10200000000,10200000000,0,0,운용,펀드 AUM 관리_20260515.xlsx,underlying_asset,direct_owner,direct,,mixed_requires_review,True,True,,,,,,,39,0,0,0,0,0,1270.8,7319.6,59.68,192.82,업무시설,철골철근콘크리트구조,5,6,4,옥내 77 / 옥외 0,19.96,2023-06-28,BldRgstHubService.getBrTitleInfo,0.95,0,0,0,0,0,0,,,
asset_fund_link,ast_aac5427c01f4,전환사채 | 공모주 | 비상장RCPS | 상장리츠 | AA+ 회사채,복합(오피스),physical_asset,,,,KR,,서울특별시 용산구 한남동 736-9,37.534608107048,126.997909989582,1117013100107360009,,auto_created,incomplete,found,2026-06-01T06:57:30.172181+00:00,300034,이지스하이일드공모주일반사모투자신탁제2호(Class C1),하이일드2호(C1),미설정,기타,국내,헤지펀드운용파트,헤지펀드운용파트,이병윤,이병윤,2024-08-19,2024-08-19,,,,,,,,펀드 AUM 관리_20260515.xlsx,underlying_asset,direct_owner,direct,,mixed_requires_review,True,True,,,,,,,39,0,0,0,0,0,1270.8,7319.6,59.68,192.82,업무시설,철골철근콘크리트구조,5,6,4,옥내 77 / 옥외 0,19.96,2023-06-28,BldRgstHubService.getBrTitleInfo,0.95,0,0,0,0,0,0,,,
asset_fund_link,ast_aac5427c01f4,전환사채 | 공모주 | 비상장RCPS | 상장리츠 | AA+ 회사채,복합(오피스),physical_asset,,,,KR,,서울특별시 용산구 한남동 736-9,37.534608107048,126.997909989582,1117013100107360009,,auto_created,incomplete,found,2026-06-01T06:57:30.172181+00:00,300047,이지스그린ON일반사모투자신탁제2호,그린ON2호,청산,기타,국내,헤지펀드운용파트,헤지펀드운용파트,이병윤,이병윤,2025-02-27,2025-12-05,,16099078097,16099078097,16099078097,0,0,청산,펀드 AUM 관리_20260515.xlsx,underlying_asset,direct_owner,direct,,mixed_requires_review,True,True,,,,,,,39,0,0,0,0,0,1270.8,7319.6,59.68,192.82,업무시설,철골철근콘크리트구조,5,6,4,옥내 77 / 옥외 0,19.96,2023-06-28,BldRgstHubService.getBrTitleInfo,0.95,0,0,0,0,0,0,,,
asset_fund_link,ast_aac5427c01f4,전환사채 | 공모주 | 비상장RCPS | 상장리츠 | AA+ 회사채,복합(오피스),physical_asset,,,,KR,,서울특별시 용산구 한남동 736-9,37.534608107048,126.997909989582,1117013100107360009,,auto_created,incomplete,found,2026-06-01T06:57:30.172181+00:00,300061,이지스블랙ON일반사모투자신탁제1호,블랙ON1호,운용,기타,혼합,헤지펀드운용파트,헤지펀드운용파트,문석호,문석호,2025-07-22,2027-07-22,,20200000000,20200000000,20200000000,0,0,운용,펀드 AUM 관리_20260515.xlsx,underlying_asset,direct_owner,direct,,mixed_requires_review,True,True,,,,,,,39,0,0,0,0,0,1270.8,7319.6,59.68,192.82,업무시설,철골철근콘크리트구조,5,6,4,옥내 77 / 옥외 0,19.96,2023-06-28,BldRgstHubService.getBrTitleInfo,0.95,0,0,0,0,0,0,,,
asset_fund_link,ast_aac5427c01f4,전환사채 | 공모주 | 비상장RCPS | 상장리츠 | AA+ 회사채,복합(오피스),physical_asset,,,,KR,,서울특별시 용산구 한남동 736-9,37.534608107048,126.997909989582,1117013100107360009,,auto_created,incomplete,found,2026-06-01T06:57:30.172181+00:00,300079,이지스멀티드래곤일반사모투자신탁제6호,멀티드래곤6호,운용,기타,국내,헤지펀드운용파트,헤지펀드운용파트,김유진A,김유진A,2026-02-23,2030-02-23,,11500000000,11500000000,11500000000,0,0,운용,펀드 AUM 관리_20260515.xlsx,underlying_asset,direct_owner,direct,,mixed_requires_review,True,True,,,,,,,39,0,0,0,0,0,1270.8,7319.6,59.68,192.82,업무시설,철골철근콘크리트구조,5,6,4,옥내 77 / 옥외 0,19.96,2023-06-28,BldRgstHubService.getBrTitleInfo,0.95,0,0,0,0,0,0,,,
asset_fund_link,ast_d03e122e0d2d,전환사채 | 공모주 | 비상장RCPS | 상장리츠 | AA+ 회사채,지분증권,physical_asset,,,,KR,,영등포구 여의공원로 115,37.530118673,126.926220748,이지스자산운용본사,,auto_created,incomplete,pending,,112712,이지스 멀티인컴 일반사모투자신탁 제1호(Class C),멀티인컴1호(C),청산,기타,국내,헤지펀드운용파트,헤지펀드운용파트,이병윤,이병윤,2022-09-15,2024-09-19,,300000000,300000000,300000000,0,0,청산,펀드 AUM 관리_20260515.xlsx,underlying_asset,direct_owner,direct,,mixed_requires_review,True,True,,,,,,,39,0,0,0,0,0,,,,,,,,,,,,,,,0,0,0,0,0,0,,,
asset_fund_link,ast_d03e122e0d2d,전환사채 | 공모주 | 비상장RCPS | 상장리츠 | AA+ 회사채,지분증권,physical_asset,,,,KR,,영등포구 여의공원로 115,37.530118673,126.926220748,이지스자산운용본사,,auto_created,incomplete,pending,,300008,이지스 하이일드 공모주 일반사모투자신탁 제1호(Class C),하이일드공모주1호(C),미설정,기타,국내,헤지펀드운용파트,헤지펀드운용파트,이병윤,이병윤,2023-08-24,2023-08-24,,,,,,,,펀드 AUM 관리_20260515.xlsx,underlying_asset,direct_owner,direct,,mixed_requires_review,True,True,,,,,,,39,0,0,0,0,0,,,,,,,,,,,,,,,0,0,0,0,0,0,,,
asset_fund_link,ast_d03e122e0d2d,전환사채 | 공모주 | 비상장RCPS | 상장리츠 | AA+ 회사채,지분증권,physical_asset,,,,KR,,영등포구 여의공원로 115,37.530118673,126.926220748,이지스자산운용본사,,auto_created,incomplete,pending,,300028,이지스K본드알파일반사모투자신탁제2호,K본드알파2호,청산,기타,국내,헤지펀드운용파트,헤지펀드운용파트,라진성,라진성,2024-05-24,2025-06-02,,1958823193,1958823193,1958823193,0,0,청산,펀드 AUM 관리_20260515.xlsx,underlying_asset,direct_owner,direct,,mixed_requires_review,True,True,,,,,,,39,0,0,0,0,0,,,,,,,,,,,,,,,0,0,0,0,0,0,,,
asset_fund_link,ast_d6fa4da10a91,다산1,특별자산,physical_asset,,,,KR,,전라남도 해남군 해남읍 복평리 995-7,34.5652004185649,126.538161600153,4682025037109950007,,auto_created,incomplete,pending,,112584,이지스일반사모투자신탁435호(태양광),435호,운용,특별자산,국내,인프라전략2파트,인프라전략2파트,백다슬,백다슬,2021-08-05,2043-08-05,,100000000000,68567934814,100000000000,0,0,운용,펀드 AUM 관리_20260515.xlsx,underlying_asset,direct_owner,direct,,mixed_requires_review,True,True,,,,,,,1,0,0,0,0,0,,,,,,,,,,,,,,,0,0,0,0,0,0,,,
asset_fund_link,ast_b8463cf0d2c3,지우태양광,특별자산,physical_asset,,,,KR,,경상남도 산청군 산청읍 내수리 산49-1,35.4334179495002,127.915850592278,4886025029200490001,,auto_created,incomplete,pending,,112584,이지스일반사모투자신탁435호(태양광),435호,운용,특별자산,국내,인프라전략2파트,인프라전략2파트,백다슬,백다슬,2021-08-05,2043-08-05,,100000000000,68567934814,100000000000,0,0,운용,펀드 AUM 관리_20260515.xlsx,underlying_asset,direct_owner,direct,,mixed_requires_review,True,True,,,,,,,1,0,0,0,0,0,,,,,,,,,,,,,,,0,0,0,0,0,0,,,
asset_fund_link,ast_4116c5d4131d,봉산햇빛,특별자산,physical_asset,,,,KR,,강원특별자치도 철원군 갈말읍 동막리 산166,38.2394423378619,127.312215136116,5178025630201660000,,auto_created,incomplete,pending,,112584,이지스일반사모투자신탁435호(태양광),435호,운용,특별자산,국내,인프라전략2파트,인프라전략2파트,백다슬,백다슬,2021-08-05,2043-08-05,,100000000000,68567934814,100000000000,0,0,운용,펀드 AUM 관리_20260515.xlsx,underlying_asset,direct_owner,direct,,mixed_requires_review,True,True,,,,,,,1,0,0,0,0,0,,,,,,,,,,,,,,,0,0,0,0,0,0,,,
asset_fund_link,ast_42424e07828d,외삼1호,특별자산,physical_asset,,,,KR,,경상북도 봉화군 봉성면 외삼리 793,36.8892411396545,128.78366992654,4792032023107930000,,auto_created,incomplete,pending,,112584,이지스일반사모투자신탁435호(태양광),435호,운용,특별자산,국내,인프라전략2파트,인프라전략2파트,백다슬,백다슬,2021-08-05,2043-08-05,,100000000000,68567934814,100000000000,0,0,운용,펀드 AUM 관리_20260515.xlsx,underlying_asset,direct_owner,direct,,mixed_requires_review,True,True,,,,,,,1,0,0,0,0,0,,,,,,,,,,,,,,,0,0,0,0,0,0,,,
asset_fund_link,ast_ab8634f252b3,모두에너지,특별자산,physical_asset,,,,KR,,경상북도 경주시 강동면 왕신리 산141-1,35.9357155715035,129.322003835782,4713037028201410001,,auto_created,incomplete,pending,,112584,이지스일반사모투자신탁435호(태양광),435호,운용,특별자산,국내,인프라전략2파트,인프라전략2파트,백다슬,백다슬,2021-08-05,2043-08-05,,100000000000,68567934814,100000000000,0,0,운용,펀드 AUM 관리_20260515.xlsx,underlying_asset,direct_owner,direct,,mixed_requires_review,True,True,,,,,,,1,0,0,0,0,0,,,,,,,,,,,,,,,0,0,0,0,0,0,,,
asset_fund_link,ast_b11095ea4292,케이앤씨그린북,특별자산,physical_asset,,,,KR,,충청남도 논산시 은진면 용산리 296,36.1581873321686,127.120390614737,4423041025102960000,,auto_created,incomplete,pending,,112584,이지스일반사모투자신탁435호(태양광),435호,운용,특별자산,국내,인프라전략2파트,인프라전략2파트,백다슬,백다슬,2021-08-05,2043-08-05,,100000000000,68567934814,100000000000,0,0,운용,펀드 AUM 관리_20260515.xlsx,underlying_asset,direct_owner,direct,,mixed_requires_review,True,True,,,,,,,1,0,0,0,0,0,,,,,,,,,,,,,,,0,0,0,0,0,0,,,
asset_fund_link,ast_b31d2e0680ae,참빛솔라 태양광발전소,특별자산,physical_asset,,,,KR,,경상북도 성주군 초전면 고산리 산61,35.9887720351261,128.224629655074,4784038037200610000,,auto_created,incomplete,pending,,112504,이지스일반사모투자신탁392호(태양광),392호,운용,특별자산,국내,인프라전략2파트,인프라전략2파트,신미소,신미소,2020-11-13,2042-11-13,,60000000000,44306796466,60000000000,0,0,운용,펀드 AUM 관리_20260515.xlsx,underlying_asset,direct_owner,direct,,mixed_requires_review,True,True,,,,,,,1,0,0,0,0,0,,,,,,,,,,,,,,,0,0,0,0,0,0,,,
asset_fund_link,ast_e951a12e306d,해량에너지,특별자산,physical_asset,,,,KR,,충청남도 보령시 천북면 장은리 214-8,36.4986638137305,126.515408681817,4418033024102140008,,auto_created,incomplete,pending,,112504,이지스일반사모투자신탁392호(태양광),392호,운용,특별자산,국내,인프라전략2파트,인프라전략2파트,신미소,신미소,2020-11-13,2042-11-13,,60000000000,44306796466,60000000000,0,0,운용,펀드 AUM 관리_20260515.xlsx,underlying_asset,direct_owner,direct,,mixed_requires_review,True,True,,,,,,,1,0,0,0,0,0,,,,,,,,,,,,,,,0,0,0,0,0,0,,,
asset_fund_link,ast_6d6a311a894b,비취정보기술,특별자산,physical_asset,,,,KR,,강원특별자치도 양양군 현남면 정자리 126-10,37.9684883476199,128.727835679814,5183034025101260010,,auto_created,incomplete,pending,,112504,이지스일반사모투자신탁392호(태양광),392호,운용,특별자산,국내,인프라전략2파트,인프라전략2파트,신미소,신미소,2020-11-13,2042-11-13,,60000000000,44306796466,60000000000,0,0,운용,펀드 AUM 관리_20260515.xlsx,underlying_asset,direct_owner,direct,,mixed_requires_review,True,True,,,,,,,1,0,0,0,0,0,,,,,,,,,,,,,,,0,0,0,0,0,0,,,
asset_fund_link,ast_ccfeb37ef968,디앤피입암리1호,특별자산,physical_asset,,,,KR,,경상북도 의성군 옥산면 입암리 28,36.3958108977935,128.840654073495,4773033038100280000,,auto_created,incomplete,pending,,112504,이지스일반사모투자신탁392호(태양광),392호,운용,특별자산,국내,인프라전략2파트,인프라전략2파트,신미소,신미소,2020-11-13,2042-11-13,,60000000000,44306796466,60000000000,0,0,운용,펀드 AUM 관리_20260515.xlsx,underlying_asset,direct_owner,direct,,mixed_requires_review,True,True,,,,,,,1,0,0,0,0,0,,,,,,,,,,,,,,,0,0,0,0,0,0,,,
asset_fund_link,ast_aac5427c01f4,전환사채 | 공모주 | 비상장RCPS | 상장리츠 | AA+ 회사채,복합(오피스),physical_asset,,,,KR,,서울특별시 용산구 한남동 736-9,37.534608107048,126.997909989582,1117013100107360009,,auto_created,incomplete,found,2026-06-01T06:57:30.172181+00:00,112710,이지스 멀티인컴 일반사모투자신탁 제1호(운용),멀티인컴1호,청산,기타,국내,헤지펀드운용파트,헤지펀드운용파트,이병윤,이병윤,2022-09-15,2024-09-19,,13191446492,13191446492,13191446492,0,0,청산,펀드 AUM 관리_20260515.xlsx,underlying_asset,direct_owner,direct,,mixed_requires_review,True,True,,,,,,,39,0,0,0,0,0,1270.8,7319.6,59.68,192.82,업무시설,철골철근콘크리트구조,5,6,4,옥내 77 / 옥외 0,19.96,2023-06-28,BldRgstHubService.getBrTitleInfo,0.95,0,0,0,0,0,0,,,
asset_fund_link,ast_aac5427c01f4,전환사채 | 공모주 | 비상장RCPS | 상장리츠 | AA+ 회사채,복합(오피스),physical_asset,,,,KR,,서울특별시 용산구 한남동 736-9,37.534608107048,126.997909989582,1117013100107360009,,auto_created,incomplete,found,2026-06-01T06:57:30.172181+00:00,300006,이지스 하이일드 공모주 일반사모투자신탁 제1호,하이일드공모주1호,청산,기타,국내,헤지펀드운용파트,헤지펀드운용파트,이병윤,이병윤,2023-08-25,2025-03-25,,10991330327,10991330327,10991330327,0,0,청산,펀드 AUM 관리_20260515.xlsx,underlying_asset,direct_owner,direct,,mixed_requires_review,True,True,,,,,,,39,0,0,0,0,0,1270.8,7319.6,59.68,192.82,업무시설,철골철근콘크리트구조,5,6,4,옥내 77 / 옥외 0,19.96,2023-06-28,BldRgstHubService.getBrTitleInfo,0.95,0,0,0,0,0,0,,,
asset_fund_link,ast_aac5427c01f4,전환사채 | 공모주 | 비상장RCPS | 상장리츠 | AA+ 회사채,복합(오피스),physical_asset,,,,KR,,서울특별시 용산구 한남동 736-9,37.534608107048,126.997909989582,1117013100107360009,,auto_created,incomplete,found,2026-06-01T06:57:30.172181+00:00,300019,이지스 인컴플러스 일반사모투자신탁 제2호,인컴플러스2호,운용,기타,국내,헤지펀드운용파트,헤지펀드운용파트,유윤재,유윤재,2024-02-06,2027-03-08,,15500000000,15500000000,15500000000,0,0,운용,펀드 AUM 관리_20260515.xlsx,underlying_asset,direct_owner,direct,,mixed_requires_review,True,True,,,,,,,39,0,0,0,0,0,1270.8,7319.6,59.68,192.82,업무시설,철골철근콘크리트구조,5,6,4,옥내 77 / 옥외 0,19.96,2023-06-28,BldRgstHubService.getBrTitleInfo,0.95,0,0,0,0,0,0,,,
asset_fund_link,ast_aac5427c01f4,전환사채 | 공모주 | 비상장RCPS | 상장리츠 | AA+ 회사채,복합(오피스),physical_asset,,,,KR,,서울특별시 용산구 한남동 736-9,37.534608107048,126.997909989582,1117013100107360009,,auto_created,incomplete,found,2026-06-01T06:57:30.172181+00:00,300035,이지스하이일드공모주일반사모투자신탁제2호(Class C2),하이일드2호(C2),청산,기타,국내,헤지펀드운용파트,헤지펀드운용파트,이병윤,이병윤,2024-08-19,2026-03-19,,0,0,0,0,0,청산,펀드 AUM 관리_20260515.xlsx,underlying_asset,direct_owner,direct,,mixed_requires_review,True,True,,,,,,,39,0,0,0,0,0,1270.8,7319.6,59.68,192.82,업무시설,철골철근콘크리트구조,5,6,4,옥내 77 / 옥외 0,19.96,2023-06-28,BldRgstHubService.getBrTitleInfo,0.95,0,0,0,0,0,0,,,
asset_fund_link,ast_aac5427c01f4,전환사채 | 공모주 | 비상장RCPS | 상장리츠 | AA+ 회사채,복합(오피스),physical_asset,,,,KR,,서울특별시 용산구 한남동 736-9,37.534608107048,126.997909989582,1117013100107360009,,auto_created,incomplete,found,2026-06-01T06:57:30.172181+00:00,300050,이지스멀티드래곤일반사모투자신탁제4호,멀티드래곤4호,운용,기타,국내,헤지펀드운용파트,헤지펀드운용파트,이병윤,이병윤,2025-02-27,2026-09-27,,13903849353,13903849353,13903849353,0,0,운용,펀드 AUM 관리_20260515.xlsx,underlying_asset,direct_owner,direct,,mixed_requires_review,True,True,,,,,,,39,0,0,0,0,0,1270.8,7319.6,59.68,192.82,업무시설,철골철근콘크리트구조,5,6,4,옥내 77 / 옥외 0,19.96,2023-06-28,BldRgstHubService.getBrTitleInfo,0.95,0,0,0,0,0,0,,,
asset_fund_link,ast_aac5427c01f4,전환사채 | 공모주 | 비상장RCPS | 상장리츠 | AA+ 회사채,복합(오피스),physical_asset,,,,KR,,서울특별시 용산구 한남동 736-9,37.534608107048,126.997909989582,1117013100107360009,,auto_created,incomplete,found,2026-06-01T06:57:30.172181+00:00,300063,이지스 K-프런티어 일반사모투자신탁 제1호,K-프런티어1호,운용,기타,국내,헤지펀드운용파트,헤지펀드운용파트,김정훈,김정훈,2025-08-07,,,7911239108,7911239108,7911239108,0,0,운용,펀드 AUM 관리_20260515.xlsx,underlying_asset,direct_owner,direct,,mixed_requires_review,True,True,,,,,,,39,0,0,0,0,0,1270.8,7319.6,59.68,192.82,업무시설,철골철근콘크리트구조,5,6,4,옥내 77 / 옥외 0,19.96,2023-06-28,BldRgstHubService.getBrTitleInfo,0.95,0,0,0,0,0,0,,,
asset_fund_link,ast_aac5427c01f4,전환사채 | 공모주 | 비상장RCPS | 상장리츠 | AA+ 회사채,복합(오피스),physical_asset,,,,KR,,서울특별시 용산구 한남동 736-9,37.534608107048,126.997909989582,1117013100107360009,,auto_created,incomplete,found,2026-06-01T06:57:30.172181+00:00,300080,이지스블루ON 일반사모투자신탁제2호(운용),블루ON2호,운용,기타,국내,헤지펀드운용파트,헤지펀드운용파트,문석호,문석호,2026-03-09,,,10989697593,10989697593,10989697593,0,0,운용,펀드 AUM 관리_20260515.xlsx,underlying_asset,direct_owner,direct,,mixed_requires_review,True,True,,,,,,,39,0,0,0,0,0,1270.8,7319.6,59.68,192.82,업무시설,철골철근콘크리트구조,5,6,4,옥내 77 / 옥외 0,19.96,2023-06-28,BldRgstHubService.getBrTitleInfo,0.95,0,0,0,0,0,0,,,
asset_fund_link,ast_d03e122e0d2d,전환사채 | 공모주 | 비상장RCPS | 상장리츠 | AA+ 회사채,지분증권,physical_asset,,,,KR,,영등포구 여의공원로 115,37.530118673,126.926220748,이지스자산운용본사,,auto_created,incomplete,pending,,112713,이지스 멀티인컴 일반사모투자신탁 제1호(Class C-i),멀티인컴1호(C-i),청산,기타,국내,헤지펀드운용파트,헤지펀드운용파트,이병윤,이병윤,2022-09-15,2022-09-15,,0,0,,,,청산,펀드 AUM 관리_20260515.xlsx,underlying_asset,direct_owner,direct,,mixed_requires_review,True,True,,,,,,,39,0,0,0,0,0,,,,,,,,,,,,,,,0,0,0,0,0,0,,,
asset_fund_link,ast_d03e122e0d2d,전환사채 | 공모주 | 비상장RCPS | 상장리츠 | AA+ 회사채,지분증권,physical_asset,,,,KR,,영등포구 여의공원로 115,37.530118673,126.926220748,이지스자산운용본사,,auto_created,incomplete,pending,,300009,이지스 하이일드 공모주 일반사모투자신탁 제1호(Class C-i),하이일드공모주1호(C-i),청산,기타,국내,헤지펀드운용파트,헤지펀드운용파트,이병윤,이병윤,2023-08-25,2025-03-25,,10996224123,10996224123,10996224123,0,0,청산,펀드 AUM 관리_20260515.xlsx,underlying_asset,direct_owner,direct,,mixed_requires_review,True,True,,,,,,,39,0,0,0,0,0,,,,,,,,,,,,,,,0,0,0,0,0,0,,,
asset_fund_link,ast_d03e122e0d2d,전환사채 | 공모주 | 비상장RCPS | 상장리츠 | AA+ 회사채,지분증권,physical_asset,,,,KR,,영등포구 여의공원로 115,37.530118673,126.926220748,이지스자산운용본사,,auto_created,incomplete,pending,,300032,이지스하이일드공모주일반사모투자신탁제2호,하이일드2호,청산,기타,국내,헤지펀드운용파트,헤지펀드운용파트,이병윤,이병윤,2024-08-19,2026-03-19,,10682314673,10682314673,10682314673,0,0,청산,펀드 AUM 관리_20260515.xlsx,underlying_asset,direct_owner,direct,,mixed_requires_review,True,True,,,,,,,39,0,0,0,0,0,,,,,,,,,,,,,,,0,0,0,0,0,0,,,
asset_fund_link,ast_ebebc7b1bdf8,동서발전,특별자산,physical_asset,,,,KR,,경상북도 예천군 은풍면 부초리 산44,36.7285805664103,128.450495775082,4790043029200440000,,auto_created,incomplete,pending,,112584,이지스일반사모투자신탁435호(태양광),435호,운용,특별자산,국내,인프라전략2파트,인프라전략2파트,백다슬,백다슬,2021-08-05,2043-08-05,,100000000000,68567934814,100000000000,0,0,운용,펀드 AUM 관리_20260515.xlsx,underlying_asset,direct_owner,direct,,mixed_requires_review,True,True,,,,,,,1,0,0,0,0,0,,,,,,,,,,,,,,,0,0,0,0,0,0,,,
asset_fund_link,ast_0663f6f024ef,에스지,특별자산,physical_asset,,,,KR,,경기도 연천군 중면 합수리 122,38.1678164523042,127.053403053374,4180037026101220000,,auto_created,incomplete,pending,,112584,이지스일반사모투자신탁435호(태양광),435호,운용,특별자산,국내,인프라전략2파트,인프라전략2파트,백다슬,백다슬,2021-08-05,2043-08-05,,100000000000,68567934814,100000000000,0,0,운용,펀드 AUM 관리_20260515.xlsx,underlying_asset,direct_owner,direct,,mixed_requires_review,True,True,,,,,,,1,0,0,0,0,0,,,,,,,,,,,,,,,0,0,0,0,0,0,,,
asset_fund_link,ast_019336217588,행암에너지일호,특별자산,physical_asset,,,,KR,,충청남도 천안시 동남구 동면 401-8,36.8097902273754,127.349987101045,4413137000104010008,,auto_created,incomplete,pending,,112584,이지스일반사모투자신탁435호(태양광),435호,운용,특별자산,국내,인프라전략2파트,인프라전략2파트,백다슬,백다슬,2021-08-05,2043-08-05,,100000000000,68567934814,100000000000,0,0,운용,펀드 AUM 관리_20260515.xlsx,underlying_asset,direct_owner,direct,,mixed_requires_review,True,True,,,,,,,1,0,0,0,0,0,,,,,,,,,,,,,,,0,0,0,0,0,0,,,
asset_fund_link,ast_55528b4074b3,외삼2호,특별자산,physical_asset,,,,KR,,경상북도 봉화군 봉성면 외삼리 792,36.8889474904447,128.783858932297,4792032023107920000,,auto_created,incomplete,pending,,112584,이지스일반사모투자신탁435호(태양광),435호,운용,특별자산,국내,인프라전략2파트,인프라전략2파트,백다슬,백다슬,2021-08-05,2043-08-05,,100000000000,68567934814,100000000000,0,0,운용,펀드 AUM 관리_20260515.xlsx,underlying_asset,direct_owner,direct,,mixed_requires_review,True,True,,,,,,,1,0,0,0,0,0,,,,,,,,,,,,,,,0,0,0,0,0,0,,,
asset_fund_link,ast_bf82c8889090,솔라팩토리10호,특별자산,physical_asset,,,,KR,,경기도 포천시 자작동 595,37.8722221551578,127.164579436744,4165010300105950000,,auto_created,incomplete,pending,,112584,이지스일반사모투자신탁435호(태양광),435호,운용,특별자산,국내,인프라전략2파트,인프라전략2파트,백다슬,백다슬,2021-08-05,2043-08-05,,100000000000,68567934814,100000000000,0,0,운용,펀드 AUM 관리_20260515.xlsx,underlying_asset,direct_owner,direct,,mixed_requires_review,True,True,,,,,,,1,0,0,0,0,0,,,,,,,,,,,,,,,0,0,0,0,0,0,,,
asset_fund_link,ast_538e594239c1,디앤피상주,특별자산,physical_asset,,,,KR,,경상북도 상주시 화동면 어산리 524-1,36.3956116798158,128.003694356758,4725040024105240001,,auto_created,incomplete,pending,,112584,이지스일반사모투자신탁435호(태양광),435호,운용,특별자산,국내,인프라전략2파트,인프라전략2파트,백다슬,백다슬,2021-08-05,2043-08-05,,100000000000,68567934814,100000000000,0,0,운용,펀드 AUM 관리_20260515.xlsx,underlying_asset,direct_owner,direct,,mixed_requires_review,True,True,,,,,,,1,0,0,0,0,0,,,,,,,,,,,,,,,0,0,0,0,0,0,,,
asset_fund_link,ast_7190747891b3,최강일 태양광발전소,특별자산,physical_asset,,,,KR,,강원특별자치도 영월군 상동읍 구래리 194-1,37.1681105159263,128.809392088464,5175025322101940001,,auto_created,incomplete,pending,,112504,이지스일반사모투자신탁392호(태양광),392호,운용,특별자산,국내,인프라전략2파트,인프라전략2파트,신미소,신미소,2020-11-13,2042-11-13,,60000000000,44306796466,60000000000,0,0,운용,펀드 AUM 관리_20260515.xlsx,underlying_asset,direct_owner,direct,,mixed_requires_review,True,True,,,,,,,1,0,0,0,0,0,,,,,,,,,,,,,,,0,0,0,0,0,0,,,
asset_fund_link,ast_f9a2aff9f0fc,시온솔라,특별자산,physical_asset,,,,KR,,경상북도 영천시 북안면 효리 620-1,35.8695000816468,129.015031905496,4723039029106200001,,auto_created,incomplete,pending,,112504,이지스일반사모투자신탁392호(태양광),392호,운용,특별자산,국내,인프라전략2파트,인프라전략2파트,신미소,신미소,2020-11-13,2042-11-13,,60000000000,44306796466,60000000000,0,0,운용,펀드 AUM 관리_20260515.xlsx,underlying_asset,direct_owner,direct,,mixed_requires_review,True,True,,,,,,,1,0,0,0,0,0,,,,,,,,,,,,,,,0,0,0,0,0,0,,,
asset_fund_link,ast_222f559296b4,은하수솔라,특별자산,physical_asset,,,,KR,,전라북도 남원시 보절면 사촌리 산18-3,35.5489353202139,127.42236657571,4519040028200180003,,auto_created,incomplete,pending,,112504,이지스일반사모투자신탁392호(태양광),392호,운용,특별자산,국내,인프라전략2파트,인프라전략2파트,신미소,신미소,2020-11-13,2042-11-13,,60000000000,44306796466,60000000000,0,0,운용,펀드 AUM 관리_20260515.xlsx,underlying_asset,direct_owner,direct,,mixed_requires_review,True,True,,,,,,,1,0,0,0,0,0,,,,,,,,,,,,,,,0,0,0,0,0,0,,,
asset_fund_link,ast_e96ccf31559a,한려,특별자산,physical_asset,,,,KR,,경상남도 남해군 창선면 서대리 77-2,34.874958707049,127.991455015405,4884039026100770002,,auto_created,incomplete,pending,,112504,이지스일반사모투자신탁392호(태양광),392호,운용,특별자산,국내,인프라전략2파트,인프라전략2파트,신미소,신미소,2020-11-13,2042-11-13,,60000000000,44306796466,60000000000,0,0,운용,펀드 AUM 관리_20260515.xlsx,underlying_asset,direct_owner,direct,,mixed_requires_review,True,True,,,,,,,1,0,0,0,0,0,,,,,,,,,,,,,,,0,0,0,0,0,0,,,
asset_fund_link,ast_aac5427c01f4,전환사채 | 공모주 | 비상장RCPS | 상장리츠 | AA+ 회사채,복합(오피스),physical_asset,,,,KR,,서울특별시 용산구 한남동 736-9,37.534608107048,126.997909989582,1117013100107360009,,auto_created,incomplete,found,2026-06-01T06:57:30.172181+00:00,112711,이지스 멀티인컴 일반사모투자신탁 제1호(Class A),멀티인컴1호(A),청산,기타,국내,헤지펀드운용파트,헤지펀드운용파트,이병윤,이병윤,2022-09-15,2022-09-15,,0,0,,,,청산,펀드 AUM 관리_20260515.xlsx,underlying_asset,direct_owner,direct,,mixed_requires_review,True,True,,,,,,,39,0,0,0,0,0,1270.8,7319.6,59.68,192.82,업무시설,철골철근콘크리트구조,5,6,4,옥내 77 / 옥외 0,19.96,2023-06-28,BldRgstHubService.getBrTitleInfo,0.95,0,0,0,0,0,0,,,
asset_fund_link,ast_aac5427c01f4,전환사채 | 공모주 | 비상장RCPS | 상장리츠 | AA+ 회사채,복합(오피스),physical_asset,,,,KR,,서울특별시 용산구 한남동 736-9,37.534608107048,126.997909989582,1117013100107360009,,auto_created,incomplete,found,2026-06-01T06:57:30.172181+00:00,300007,이지스 하이일드 공모주 일반사모투자신탁 제1호(Class A),하이일드공모주1호(A),미설정,기타,국내,헤지펀드운용파트,헤지펀드운용파트,이병윤,이병윤,2023-08-24,2023-08-24,,,,,,,,펀드 AUM 관리_20260515.xlsx,underlying_asset,direct_owner,direct,,mixed_requires_review,True,True,,,,,,,39,0,0,0,0,0,1270.8,7319.6,59.68,192.82,업무시설,철골철근콘크리트구조,5,6,4,옥내 77 / 옥외 0,19.96,2023-06-28,BldRgstHubService.getBrTitleInfo,0.95,0,0,0,0,0,0,,,
asset_fund_link,ast_aac5427c01f4,전환사채 | 공모주 | 비상장RCPS | 상장리츠 | AA+ 회사채,복합(오피스),physical_asset,,,,KR,,서울특별시 용산구 한남동 736-9,37.534608107048,126.997909989582,1117013100107360009,,auto_created,incomplete,found,2026-06-01T06:57:30.172181+00:00,300020,이지스 인컴플러스 일반사모투자신탁 제3호,인컴플러스3호,청산,기타,국내,헤지펀드운용파트,헤지펀드운용파트,이병윤,이병윤,2024-03-14,2024-07-30,,55000000000,55000000000,55000000000,0,0,청산,펀드 AUM 관리_20260515.xlsx,underlying_asset,direct_owner,direct,,mixed_requires_review,True,True,,,,,,,39,0,0,0,0,0,1270.8,7319.6,59.68,192.82,업무시설,철골철근콘크리트구조,5,6,4,옥내 77 / 옥외 0,19.96,2023-06-28,BldRgstHubService.getBrTitleInfo,0.95,0,0,0,0,0,0,,,
asset_fund_link,ast_aac5427c01f4,전환사채 | 공모주 | 비상장RCPS | 상장리츠 | AA+ 회사채,복합(오피스),physical_asset,,,,KR,,서울특별시 용산구 한남동 736-9,37.534608107048,126.997909989582,1117013100107360009,,auto_created,incomplete,found,2026-06-01T06:57:30.172181+00:00,300036,이지스셀렉트K리츠목표달성형일반사모투자신탁,셀렉K리츠목표달성형,청산,기타,국내,대체증권투자파트,대체증권투자파트,신영찬,신영찬,2024-09-30,2025-10-22,,5003020211,5003020211,5003020211,0,0,청산,펀드 AUM 관리_20260515.xlsx,underlying_asset,direct_owner,direct,,mixed_requires_review,True,True,,,,,,,39,0,0,0,0,0,1270.8,7319.6,59.68,192.82,업무시설,철골철근콘크리트구조,5,6,4,옥내 77 / 옥외 0,19.96,2023-06-28,BldRgstHubService.getBrTitleInfo,0.95,0,0,0,0,0,0,,,
asset_fund_link,ast_aac5427c01f4,전환사채 | 공모주 | 비상장RCPS | 상장리츠 | AA+ 회사채,복합(오피스),physical_asset,,,,KR,,서울특별시 용산구 한남동 736-9,37.534608107048,126.997909989582,1117013100107360009,,auto_created,incomplete,found,2026-06-01T06:57:30.172181+00:00,300051,이지스BDC플러스일반사모투자신탁1호,BDC1호,운용,기타,해외,채권투자파트,채권투자파트,강신규,강신규,2025-05-14,2026-05-14,,2999961788,2999961788,2999961788,0,0,운용,펀드 AUM 관리_20260515.xlsx,underlying_asset,direct_owner,direct,,mixed_requires_review,True,True,,,,,,,39,0,0,0,0,0,1270.8,7319.6,59.68,192.82,업무시설,철골철근콘크리트구조,5,6,4,옥내 77 / 옥외 0,19.96,2023-06-28,BldRgstHubService.getBrTitleInfo,0.95,0,0,0,0,0,0,,,
asset_fund_link,ast_aac5427c01f4,전환사채 | 공모주 | 비상장RCPS | 상장리츠 | AA+ 회사채,복합(오피스),physical_asset,,,,KR,,서울특별시 용산구 한남동 736-9,37.534608107048,126.997909989582,1117013100107360009,,auto_created,incomplete,found,2026-06-01T06:57:30.172181+00:00,300073,이지스레포플러스일반사모투자신탁제1호,레포플러스1호,운용,기타,국내,채권투자파트,채권투자파트,강신규,강신규,2026-01-20,,,60000000000,60000000000,60000000000,0,0,운용,펀드 AUM 관리_20260515.xlsx,underlying_asset,direct_owner,direct,,mixed_requires_review,True,True,,,,,,,39,0,0,0,0,0,1270.8,7319.6,59.68,192.82,업무시설,철골철근콘크리트구조,5,6,4,옥내 77 / 옥외 0,19.96,2023-06-28,BldRgstHubService.getBrTitleInfo,0.95,0,0,0,0,0,0,,,
asset_fund_link,ast_d03e122e0d2d,전환사채 | 공모주 | 비상장RCPS | 상장리츠 | AA+ 회사채,지분증권,physical_asset,,,,KR,,영등포구 여의공원로 115,37.530118673,126.926220748,이지스자산운용본사,,auto_created,incomplete,pending,,112740,이지스 멀티인컴 일반사모투자신탁 제2호(운용),멀티인컴2호,청산,기타,국내,헤지펀드운용파트,헤지펀드운용파트,유윤재,유윤재,2022-12-09,2025-12-15,,20442376340,20442376340,20442376340,0,0,청산,펀드 AUM 관리_20260515.xlsx,underlying_asset,direct_owner,direct,,mixed_requires_review,True,True,,,,,,,39,0,0,0,0,0,,,,,,,,,,,,,,,0,0,0,0,0,0,,,
asset_fund_link,ast_d03e122e0d2d,전환사채 | 공모주 | 비상장RCPS | 상장리츠 | AA+ 회사채,지분증권,physical_asset,,,,KR,,영등포구 여의공원로 115,37.530118673,126.926220748,이지스자산운용본사,,auto_created,incomplete,pending,,112714,이지스 멀티인컴 일반사모투자신탁 제1호(Class C-g),멀티인컴1호(C-g),청산,기타,국내,헤지펀드운용파트,헤지펀드운용파트,이병윤,이병윤,2022-09-15,2024-09-19,,13000000000,13000000000,13000000000,0,0,청산,펀드 AUM 관리_20260515.xlsx,underlying_asset,direct_owner,direct,,mixed_requires_review,True,True,,,,,,,39,0,0,0,0,0,,,,,,,,,,,,,,,0,0,0,0,0,0,,,
asset_fund_link,ast_d03e122e0d2d,전환사채 | 공모주 | 비상장RCPS | 상장리츠 | AA+ 회사채,지분증권,physical_asset,,,,KR,,영등포구 여의공원로 115,37.530118673,126.926220748,이지스자산운용본사,,auto_created,incomplete,pending,,300012,이지스 멀티인컴 일반사모투자신탁 제4호,멀티인컴4호,청산,기타,국내,헤지펀드운용파트,헤지펀드운용파트,유윤재,유윤재,2023-08-31,2024-02-01,,6064353843,6064353843,6064353843,0,0,청산,펀드 AUM 관리_20260515.xlsx,underlying_asset,direct_owner,direct,,mixed_requires_review,True,True,,,,,,,39,0,0,0,0,0,,,,,,,,,,,,,,,0,0,0,0,0,0,,,
asset_fund_link,ast_d03e122e0d2d,전환사채 | 공모주 | 비상장RCPS | 상장리츠 | AA+ 회사채,지분증권,physical_asset,,,,KR,,영등포구 여의공원로 115,37.530118673,126.926220748,이지스자산운용본사,,auto_created,incomplete,pending,,300033,이지스하이일드공모주일반사모투자신탁제2호(Class A),하이일드2호(A),청산,기타,국내,헤지펀드운용파트,헤지펀드운용파트,이병윤,이병윤,2024-08-19,2026-03-19,,0,0,0,0,0,청산,펀드 AUM 관리_20260515.xlsx,underlying_asset,direct_owner,direct,,mixed_requires_review,True,True,,,,,,,39,0,0,0,0,0,,,,,,,,,,,,,,,0,0,0,0,0,0,,,
asset_fund_link,ast_ebcc58ed50e7,진이엔지,특별자산,physical_asset,,,,KR,,충청북도 진천군 문백면 평산리 산54,36.8024105189189,127.477462066664,4375033025200540000,,auto_created,incomplete,pending,,112584,이지스일반사모투자신탁435호(태양광),435호,운용,특별자산,국내,인프라전략2파트,인프라전략2파트,백다슬,백다슬,2021-08-05,2043-08-05,,100000000000,68567934814,100000000000,0,0,운용,펀드 AUM 관리_20260515.xlsx,underlying_asset,direct_owner,direct,,mixed_requires_review,True,True,,,,,,,1,0,0,0,0,0,,,,,,,,,,,,,,,0,0,0,0,0,0,,,
asset_fund_link,ast_04bd4d02a1f5,케이앤씨벨에포크,특별자산,physical_asset,,,,KR,,전라남도 진도군 지산면 와우리 137-3,34.4273962344761,126.145784395077,4690035030101370003,,auto_created,incomplete,pending,,112584,이지스일반사모투자신탁435호(태양광),435호,운용,특별자산,국내,인프라전략2파트,인프라전략2파트,백다슬,백다슬,2021-08-05,2043-08-05,,100000000000,68567934814,100000000000,0,0,운용,펀드 AUM 관리_20260515.xlsx,underlying_asset,direct_owner,direct,,mixed_requires_review,True,True,,,,,,,1,0,0,0,0,0,,,,,,,,,,,,,,,0,0,0,0,0,0,,,
asset_fund_link,ast_e9cf3bb06021,도원에너지,특별자산,physical_asset,,,,KR,,경상남도 하동군 양보면 감당리 산85-1,35.0825899467748,127.829534398816,4885038023200850001,,auto_created,incomplete,pending,,112584,이지스일반사모투자신탁435호(태양광),435호,운용,특별자산,국내,인프라전략2파트,인프라전략2파트,백다슬,백다슬,2021-08-05,2043-08-05,,100000000000,68567934814,100000000000,0,0,운용,펀드 AUM 관리_20260515.xlsx,underlying_asset,direct_owner,direct,,mixed_requires_review,True,True,,,,,,,1,0,0,0,0,0,,,,,,,,,,,,,,,0,0,0,0,0,0,,,
asset_fund_link,ast_89172a057e86,솔라트리1호,특별자산,physical_asset,,,,KR,,충청북도 제천시 봉양읍 공전리 359-1,37.1079013957364,128.081126743899,4315025034103590001,,auto_created,incomplete,pending,,112584,이지스일반사모투자신탁435호(태양광),435호,운용,특별자산,국내,인프라전략2파트,인프라전략2파트,백다슬,백다슬,2021-08-05,2043-08-05,,100000000000,68567934814,100000000000,0,0,운용,펀드 AUM 관리_20260515.xlsx,underlying_asset,direct_owner,direct,,mixed_requires_review,True,True,,,,,,,1,0,0,0,0,0,,,,,,,,,,,,,,,0,0,0,0,0,0,,,
asset_fund_link,ast_bdf2b065aa67,알이씨에너지,특별자산,physical_asset,,,,KR,,경기도 가평군 설악면 천안리 21-2,37.6309866871406,127.492471395353,4182031034100210002,,auto_created,incomplete,pending,,112584,이지스일반사모투자신탁435호(태양광),435호,운용,특별자산,국내,인프라전략2파트,인프라전략2파트,백다슬,백다슬,2021-08-05,2043-08-05,,100000000000,68567934814,100000000000,0,0,운용,펀드 AUM 관리_20260515.xlsx,underlying_asset,direct_owner,direct,,mixed_requires_review,True,True,,,,,,,1,0,0,0,0,0,,,,,,,,,,,,,,,0,0,0,0,0,0,,,
asset_fund_link,ast_397055de0844,적화솔라,특별자산,physical_asset,,,,KR,,충청남도 부여군 장암면 지토리 산26,36.2120166507773,126.921282091648,4476042028200260000,,auto_created,incomplete,pending,,112584,이지스일반사모투자신탁435호(태양광),435호,운용,특별자산,국내,인프라전략2파트,인프라전략2파트,백다슬,백다슬,2021-08-05,2043-08-05,,100000000000,68567934814,100000000000,0,0,운용,펀드 AUM 관리_20260515.xlsx,underlying_asset,direct_owner,direct,,mixed_requires_review,True,True,,,,,,,1,0,0,0,0,0,,,,,,,,,,,,,,,0,0,0,0,0,0,,,
asset_fund_link,ast_8811b74d45af,신명솔라 태양광발전소,특별자산,physical_asset,,,,KR,,강원특별자치도 횡성군 횡성읍 송전리 34,37.5338985915933,128.025712241798,5173025026100340000,,auto_created,incomplete,pending,,112504,이지스일반사모투자신탁392호(태양광),392호,운용,특별자산,국내,인프라전략2파트,인프라전략2파트,신미소,신미소,2020-11-13,2042-11-13,,60000000000,44306796466,60000000000,0,0,운용,펀드 AUM 관리_20260515.xlsx,underlying_asset,direct_owner,direct,,mixed_requires_review,True,True,,,,,,,1,0,0,0,0,0,,,,,,,,,,,,,,,0,0,0,0,0,0,,,
asset_fund_link,ast_2680fd8ec249,의령1호,특별자산,physical_asset,,,,KR,,경상남도 의령군 화정면 상일리 산95,35.265279257668,128.223195801619,4872034025200950000,,auto_created,incomplete,pending,,112504,이지스일반사모투자신탁392호(태양광),392호,운용,특별자산,국내,인프라전략2파트,인프라전략2파트,신미소,신미소,2020-11-13,2042-11-13,,60000000000,44306796466,60000000000,0,0,운용,펀드 AUM 관리_20260515.xlsx,underlying_asset,direct_owner,direct,,mixed_requires_review,True,True,,,,,,,1,0,0,0,0,0,,,,,,,,,,,,,,,0,0,0,0,0,0,,,
asset_fund_link,ast_a84cff7133f8,화성솔라,특별자산,physical_asset,,,,KR,,전라북도 남원시 보절면 사촌리 산18-4,35.5483029912614,127.422323488923,4519040028200180004,,auto_created,incomplete,pending,,112504,이지스일반사모투자신탁392호(태양광),392호,운용,특별자산,국내,인프라전략2파트,인프라전략2파트,신미소,신미소,2020-11-13,2042-11-13,,60000000000,44306796466,60000000000,0,0,운용,펀드 AUM 관리_20260515.xlsx,underlying_asset,direct_owner,direct,,mixed_requires_review,True,True,,,,,,,1,0,0,0,0,0,,,,,,,,,,,,,,,0,0,0,0,0,0,,,
asset_fund_link,ast_75b0e5442e9f,해담은삼척1호,특별자산,physical_asset,,,,KR,,강원특별자치도 삼척시 하장면 장전리 138,37.3555636643981,128.91719296485,5123032025101380000,,auto_created,incomplete,pending,,112504,이지스일반사모투자신탁392호(태양광),392호,운용,특별자산,국내,인프라전략2파트,인프라전략2파트,신미소,신미소,2020-11-13,2042-11-13,,60000000000,44306796466,60000000000,0,0,운용,펀드 AUM 관리_20260515.xlsx,underlying_asset,direct_owner,direct,,mixed_requires_review,True,True,,,,,,,1,0,0,0,0,0,,,,,,,,,,,,,,,0,0,0,0,0,0,,,
asset_fund_link,ast_aac5427c01f4,전환사채 | 공모주 | 비상장RCPS | 상장리츠 | AA+ 회사채,복합(오피스),physical_asset,,,,KR,,서울특별시 용산구 한남동 736-9,37.534608107048,126.997909989582,1117013100107360009,,auto_created,incomplete,found,2026-06-01T06:57:30.172181+00:00,112712,이지스 멀티인컴 일반사모투자신탁 제1호(Class C),멀티인컴1호(C),청산,기타,국내,헤지펀드운용파트,헤지펀드운용파트,이병윤,이병윤,2022-09-15,2024-09-19,,300000000,300000000,300000000,0,0,청산,펀드 AUM 관리_20260515.xlsx,underlying_asset,direct_owner,direct,,mixed_requires_review,True,True,,,,,,,39,0,0,0,0,0,1270.8,7319.6,59.68,192.82,업무시설,철골철근콘크리트구조,5,6,4,옥내 77 / 옥외 0,19.96,2023-06-28,BldRgstHubService.getBrTitleInfo,0.95,0,0,0,0,0,0,,,
asset_fund_link,ast_aac5427c01f4,전환사채 | 공모주 | 비상장RCPS | 상장리츠 | AA+ 회사채,복합(오피스),physical_asset,,,,KR,,서울특별시 용산구 한남동 736-9,37.534608107048,126.997909989582,1117013100107360009,,auto_created,incomplete,found,2026-06-01T06:57:30.172181+00:00,300008,이지스 하이일드 공모주 일반사모투자신탁 제1호(Class C),하이일드공모주1호(C),미설정,기타,국내,헤지펀드운용파트,헤지펀드운용파트,이병윤,이병윤,2023-08-24,2023-08-24,,,,,,,,펀드 AUM 관리_20260515.xlsx,underlying_asset,direct_owner,direct,,mixed_requires_review,True,True,,,,,,,39,0,0,0,0,0,1270.8,7319.6,59.68,192.82,업무시설,철골철근콘크리트구조,5,6,4,옥내 77 / 옥외 0,19.96,2023-06-28,BldRgstHubService.getBrTitleInfo,0.95,0,0,0,0,0,0,,,
asset_fund_link,ast_aac5427c01f4,전환사채 | 공모주 | 비상장RCPS | 상장리츠 | AA+ 회사채,복합(오피스),physical_asset,,,,KR,,서울특별시 용산구 한남동 736-9,37.534608107048,126.997909989582,1117013100107360009,,auto_created,incomplete,found,2026-06-01T06:57:30.172181+00:00,300028,이지스K본드알파일반사모투자신탁제2호,K본드알파2호,청산,기타,국내,헤지펀드운용파트,헤지펀드운용파트,라진성,라진성,2024-05-24,2025-06-02,,1958823193,1958823193,1958823193,0,0,청산,펀드 AUM 관리_20260515.xlsx,underlying_asset,direct_owner,direct,,mixed_requires_review,True,True,,,,,,,39,0,0,0,0,0,1270.8,7319.6,59.68,192.82,업무시설,철골철근콘크리트구조,5,6,4,옥내 77 / 옥외 0,19.96,2023-06-28,BldRgstHubService.getBrTitleInfo,0.95,0,0,0,0,0,0,,,
asset_fund_link,ast_aac5427c01f4,전환사채 | 공모주 | 비상장RCPS | 상장리츠 | AA+ 회사채,복합(오피스),physical_asset,,,,KR,,서울특별시 용산구 한남동 736-9,37.534608107048,126.997909989582,1117013100107360009,,auto_created,incomplete,found,2026-06-01T06:57:30.172181+00:00,300037,이지스블루ON일반사모투자신탁제1호,블루ON1호,운용,기타,국내,헤지펀드운용파트,헤지펀드운용파트,유윤재,유윤재,2024-10-04,2031-10-31,,16000000000,16000000000,16000000000,0,0,운용,펀드 AUM 관리_20260515.xlsx,underlying_asset,direct_owner,direct,,mixed_requires_review,True,True,,,,,,,39,0,0,0,0,0,1270.8,7319.6,59.68,192.82,업무시설,철골철근콘크리트구조,5,6,4,옥내 77 / 옥외 0,19.96,2023-06-28,BldRgstHubService.getBrTitleInfo,0.95,0,0,0,0,0,0,,,
asset_fund_link,ast_aac5427c01f4,전환사채 | 공모주 | 비상장RCPS | 상장리츠 | AA+ 회사채,복합(오피스),physical_asset,,,,KR,,서울특별시 용산구 한남동 736-9,37.534608107048,126.997909989582,1117013100107360009,,auto_created,incomplete,found,2026-06-01T06:57:30.172181+00:00,300052,이지스멀티드래곤일반사모투자신탁제5호,멀티드래곤5호,운용,기타,국내,헤지펀드운용파트,헤지펀드운용파트,김유진A,김유진A,2025-05-30,2031-05-30,,11500000000,11500000000,11500000000,0,0,운용,펀드 AUM 관리_20260515.xlsx,underlying_asset,direct_owner,direct,,mixed_requires_review,True,True,,,,,,,39,0,0,0,0,0,1270.8,7319.6,59.68,192.82,업무시설,철골철근콘크리트구조,5,6,4,옥내 77 / 옥외 0,19.96,2023-06-28,BldRgstHubService.getBrTitleInfo,0.95,0,0,0,0,0,0,,,
asset_fund_link,ast_aac5427c01f4,전환사채 | 공모주 | 비상장RCPS | 상장리츠 | AA+ 회사채,복합(오피스),physical_asset,,,,KR,,서울특별시 용산구 한남동 736-9,37.534608107048,126.997909989582,1117013100107360009,,auto_created,incomplete,found,2026-06-01T06:57:30.172181+00:00,300074,이지스코스닥벤처일반사모투자신탁제3호,코스닥벤처3호,운용,기타,국내,헤지펀드운용파트,헤지펀드운용파트,김유진A,김유진A,2025-10-30,2028-10-30,,11000000000,11000000000,11000000000,0,0,운용,펀드 AUM 관리_20260515.xlsx,underlying_asset,direct_owner,direct,,mixed_requires_review,True,True,,,,,,,39,0,0,0,0,0,1270.8,7319.6,59.68,192.82,업무시설,철골철근콘크리트구조,5,6,4,옥내 77 / 옥외 0,19.96,2023-06-28,BldRgstHubService.getBrTitleInfo,0.95,0,0,0,0,0,0,,,
asset_fund_link,ast_d03e122e0d2d,전환사채 | 공모주 | 비상장RCPS | 상장리츠 | AA+ 회사채,지분증권,physical_asset,,,,KR,,영등포구 여의공원로 115,37.530118673,126.926220748,이지스자산운용본사,,auto_created,incomplete,pending,,112709,이지스 코스닥벤처 일반사모투자신탁 제1호,코스닥벤처1호,청산,기타,국내,헤지펀드운용파트,헤지펀드운용파트,이병윤,이병윤,2022-09-13,2025-09-15,,11000000000,11000000000,11000000000,0,0,청산,펀드 AUM 관리_20260515.xlsx,underlying_asset,direct_owner,direct,,mixed_requires_review,True,True,,,,,,,39,0,0,0,0,0,,,,,,,,,,,,,,,0,0,0,0,0,0,,,
asset_fund_link,ast_d03e122e0d2d,전환사채 | 공모주 | 비상장RCPS | 상장리츠 | AA+ 회사채,지분증권,physical_asset,,,,KR,,영등포구 여의공원로 115,37.530118673,126.926220748,이지스자산운용본사,,auto_created,incomplete,pending,,112763,이지스 멀티인컴 일반사모투자신탁 제3호,멀티인컴3호,청산,기타,국내,헤지펀드운용파트,헤지펀드운용파트,유윤재,유윤재,2023-03-06,2026-03-18,,20999510240,20999510240,20999510240,0,0,청산,펀드 AUM 관리_20260515.xlsx,underlying_asset,direct_owner,direct,,mixed_requires_review,True,True,,,,,,,39,0,0,0,0,0,,,,,,,,,,,,,,,0,0,0,0,0,0,,,
asset_fund_link,ast_d03e122e0d2d,전환사채 | 공모주 | 비상장RCPS | 상장리츠 | AA+ 회사채,지분증권,physical_asset,,,,KR,,영등포구 여의공원로 115,37.530118673,126.926220748,이지스자산운용본사,,auto_created,incomplete,pending,,300018,이지스멀티드래곤일반사모투자신탁제1호,멀티드래곤1호,운용,기타,국내,헤지펀드운용파트,헤지펀드운용파트,김유진A,김유진A,2024-02-05,2028-02-05,,10200000000,10200000000,10200000000,0,0,운용,펀드 AUM 관리_20260515.xlsx,underlying_asset,direct_owner,direct,,mixed_requires_review,True,True,,,,,,,39,0,0,0,0,0,,,,,,,,,,,,,,,0,0,0,0,0,0,,,
asset_fund_link,ast_d03e122e0d2d,전환사채 | 공모주 | 비상장RCPS | 상장리츠 | AA+ 회사채,지분증권,physical_asset,,,,KR,,영등포구 여의공원로 115,37.530118673,126.926220748,이지스자산운용본사,,auto_created,incomplete,pending,,300034,이지스하이일드공모주일반사모투자신탁제2호(Class C1),하이일드2호(C1),미설정,기타,국내,헤지펀드운용파트,헤지펀드운용파트,이병윤,이병윤,2024-08-19,2024-08-19,,,,,,,,펀드 AUM 관리_20260515.xlsx,underlying_asset,direct_owner,direct,,mixed_requires_review,True,True,,,,,,,39,0,0,0,0,0,,,,,,,,,,,,,,,0,0,0,0,0,0,,,
asset_fund_link,ast_8073fc1f9032,현대산업쏠라5호,특별자산,physical_asset,,,,KR,,경상북도 의성군 옥산면 입암리 9,36.3958762237176,128.842909332077,4773033038100090000,,auto_created,incomplete,pending,,112584,이지스일반사모투자신탁435호(태양광),435호,운용,특별자산,국내,인프라전략2파트,인프라전략2파트,백다슬,백다슬,2021-08-05,2043-08-05,,100000000000,68567934814,100000000000,0,0,운용,펀드 AUM 관리_20260515.xlsx,underlying_asset,direct_owner,direct,,mixed_requires_review,True,True,,,,,,,1,0,0,0,0,0,,,,,,,,,,,,,,,0,0,0,0,0,0,,,
asset_fund_link,ast_f0250cd0a593,케이에이치테크단북1호,특별자산,physical_asset,,,,KR,,경상북도 예천군 풍양면 흥천리 356,36.5046457796687,128.321153420258,4790041024103560000,,auto_created,incomplete,pending,,112584,이지스일반사모투자신탁435호(태양광),435호,운용,특별자산,국내,인프라전략2파트,인프라전략2파트,백다슬,백다슬,2021-08-05,2043-08-05,,100000000000,68567934814,100000000000,0,0,운용,펀드 AUM 관리_20260515.xlsx,underlying_asset,direct_owner,direct,,mixed_requires_review,True,True,,,,,,,1,0,0,0,0,0,,,,,,,,,,,,,,,0,0,0,0,0,0,,,
asset_fund_link,ast_9526a04cfdf6,솔빛에너지,특별자산,physical_asset,,,,KR,,경상남도 함안군 군북면 장지리 659,35.299076463718,128.335500235149,4873032030106590000,,auto_created,incomplete,pending,,112584,이지스일반사모투자신탁435호(태양광),435호,운용,특별자산,국내,인프라전략2파트,인프라전략2파트,백다슬,백다슬,2021-08-05,2043-08-05,,100000000000,68567934814,100000000000,0,0,운용,펀드 AUM 관리_20260515.xlsx,underlying_asset,direct_owner,direct,,mixed_requires_review,True,True,,,,,,,1,0,0,0,0,0,,,,,,,,,,,,,,,0,0,0,0,0,0,,,
asset_fund_link,ast_2050b844c69c,김송하,특별자산,physical_asset,,,,KR,,강원특별자치도 영월군 상동읍 구래리 194-9,37.1678515560276,128.810643633155,5175025322101940009,,auto_created,incomplete,pending,,112584,이지스일반사모투자신탁435호(태양광),435호,운용,특별자산,국내,인프라전략2파트,인프라전략2파트,백다슬,백다슬,2021-08-05,2043-08-05,,100000000000,68567934814,100000000000,0,0,운용,펀드 AUM 관리_20260515.xlsx,underlying_asset,direct_owner,direct,,mixed_requires_review,True,True,,,,,,,1,0,0,0,0,0,,,,,,,,,,,,,,,0,0,0,0,0,0,,,
asset_fund_link,ast_b3322591803f,알이엔네트웍스,특별자산,physical_asset,,,,KR,,경기도 가평군 설악면 천안리 14-1,37.6322875136165,127.489940253948,4182031034100140001,,auto_created,incomplete,pending,,112584,이지스일반사모투자신탁435호(태양광),435호,운용,특별자산,국내,인프라전략2파트,인프라전략2파트,백다슬,백다슬,2021-08-05,2043-08-05,,100000000000,68567934814,100000000000,0,0,운용,펀드 AUM 관리_20260515.xlsx,underlying_asset,direct_owner,direct,,mixed_requires_review,True,True,,,,,,,1,0,0,0,0,0,,,,,,,,,,,,,,,0,0,0,0,0,0,,,
asset_fund_link,ast_f52fee9f8517,솔라시너지햇빛1호,특별자산,physical_asset,,,,KR,,충청남도 보령시 천북면 신죽리 645-11,36.4866376268523,126.578829214012,4418033028106450011,,auto_created,incomplete,pending,,112584,이지스일반사모투자신탁435호(태양광),435호,운용,특별자산,국내,인프라전략2파트,인프라전략2파트,백다슬,백다슬,2021-08-05,2043-08-05,,100000000000,68567934814,100000000000,0,0,운용,펀드 AUM 관리_20260515.xlsx,underlying_asset,direct_owner,direct,,mixed_requires_review,True,True,,,,,,,1,0,0,0,0,0,,,,,,,,,,,,,,,0,0,0,0,0,0,,,
asset_fund_link,ast_44d286211fa7,성리태양광발전소,특별자산,physical_asset,,,,KR,,경상남도 합천군 대병면 성리 산117,35.5245413825355,128.065825733894,4889045029201170000,,auto_created,incomplete,pending,,112504,이지스일반사모투자신탁392호(태양광),392호,운용,특별자산,국내,인프라전략2파트,인프라전략2파트,신미소,신미소,2020-11-13,2042-11-13,,60000000000,44306796466,60000000000,0,0,운용,펀드 AUM 관리_20260515.xlsx,underlying_asset,direct_owner,direct,,mixed_requires_review,True,True,,,,,,,1,0,0,0,0,0,,,,,,,,,,,,,,,0,0,0,0,0,0,,,
asset_fund_link,ast_29346a8cb5b3,나눔과사랑,특별자산,physical_asset,,,,KR,,충청남도 부여군 임천면 점리 산9-1,36.2177407029393,126.90072110725,4476041028200090001,,auto_created,incomplete,pending,,112504,이지스일반사모투자신탁392호(태양광),392호,운용,특별자산,국내,인프라전략2파트,인프라전략2파트,신미소,신미소,2020-11-13,2042-11-13,,60000000000,44306796466,60000000000,0,0,운용,펀드 AUM 관리_20260515.xlsx,underlying_asset,direct_owner,direct,,mixed_requires_review,True,True,,,,,,,1,0,0,0,0,0,,,,,,,,,,,,,,,0,0,0,0,0,0,,,
asset_fund_link,ast_628e6a71f779,누리,특별자산,physical_asset,,,,KR,,강원특별자치도 삼척시 원덕읍 임원리 산255,37.2515483713529,129.332148077714,5123025322202550000,,auto_created,incomplete,pending,,112504,이지스일반사모투자신탁392호(태양광),392호,운용,특별자산,국내,인프라전략2파트,인프라전략2파트,신미소,신미소,2020-11-13,2042-11-13,,60000000000,44306796466,60000000000,0,0,운용,펀드 AUM 관리_20260515.xlsx,underlying_asset,direct_owner,direct,,mixed_requires_review,True,True,,,,,,,1,0,0,0,0,0,,,,,,,,,,,,,,,0,0,0,0,0,0,,,
asset_fund_link,ast_253ab07291de,에이블로지스물류센터,물류,physical_asset,,,,KR,,경기도 용인시 처인구 백암면 767-13,37.1510605177943,127.389087869929,4146135000107670013,,auto_created,incomplete,pending,,112527,이지스전문투자형사모부동산투자신탁제404호,404호,운용,물류,국내,로지스틱스매니지먼트,로지스틱스매니지먼트,이정훈B,이정훈B,2021-03-05,2031-03-05,,214359785594,214359785594,211600000000,0,2759785594,운용,펀드 AUM 관리_20260515.xlsx,underlying_asset,direct_owner,direct,,mixed_requires_review,True,True,,,,,,,1,0,0,0,0,0,,,,,,,,,,,,,,,0,0,0,0,0,0,,,
asset_fund_link,ast_aac5427c01f4,전환사채 | 공모주 | 비상장RCPS | 상장리츠 | AA+ 회사채,복합(오피스),physical_asset,,,,KR,,서울특별시 용산구 한남동 736-9,37.534608107048,126.997909989582,1117013100107360009,,auto_created,incomplete,found,2026-06-01T06:57:30.172181+00:00,112713,이지스 멀티인컴 일반사모투자신탁 제1호(Class C-i),멀티인컴1호(C-i),청산,기타,국내,헤지펀드운용파트,헤지펀드운용파트,이병윤,이병윤,2022-09-15,2022-09-15,,0,0,,,,청산,펀드 AUM 관리_20260515.xlsx,underlying_asset,direct_owner,direct,,mixed_requires_review,True,True,,,,,,,39,0,0,0,0,0,1270.8,7319.6,59.68,192.82,업무시설,철골철근콘크리트구조,5,6,4,옥내 77 / 옥외 0,19.96,2023-06-28,BldRgstHubService.getBrTitleInfo,0.95,0,0,0,0,0,0,,,
asset_fund_link,ast_aac5427c01f4,전환사채 | 공모주 | 비상장RCPS | 상장리츠 | AA+ 회사채,복합(오피스),physical_asset,,,,KR,,서울특별시 용산구 한남동 736-9,37.534608107048,126.997909989582,1117013100107360009,,auto_created,incomplete,found,2026-06-01T06:57:30.172181+00:00,300009,이지스 하이일드 공모주 일반사모투자신탁 제1호(Class C-i),하이일드공모주1호(C-i),청산,기타,국내,헤지펀드운용파트,헤지펀드운용파트,이병윤,이병윤,2023-08-25,2025-03-25,,10996224123,10996224123,10996224123,0,0,청산,펀드 AUM 관리_20260515.xlsx,underlying_asset,direct_owner,direct,,mixed_requires_review,True,True,,,,,,,39,0,0,0,0,0,1270.8,7319.6,59.68,192.82,업무시설,철골철근콘크리트구조,5,6,4,옥내 77 / 옥외 0,19.96,2023-06-28,BldRgstHubService.getBrTitleInfo,0.95,0,0,0,0,0,0,,,
asset_fund_link,ast_aac5427c01f4,전환사채 | 공모주 | 비상장RCPS | 상장리츠 | AA+ 회사채,복합(오피스),physical_asset,,,,KR,,서울특별시 용산구 한남동 736-9,37.534608107048,126.997909989582,1117013100107360009,,auto_created,incomplete,found,2026-06-01T06:57:30.172181+00:00,300032,이지스하이일드공모주일반사모투자신탁제2호,하이일드2호,청산,기타,국내,헤지펀드운용파트,헤지펀드운용파트,이병윤,이병윤,2024-08-19,2026-03-19,,10682314673,10682314673,10682314673,0,0,청산,펀드 AUM 관리_20260515.xlsx,underlying_asset,direct_owner,direct,,mixed_requires_review,True,True,,,,,,,39,0,0,0,0,0,1270.8,7319.6,59.68,192.82,업무시설,철골철근콘크리트구조,5,6,4,옥내 77 / 옥외 0,19.96,2023-06-28,BldRgstHubService.getBrTitleInfo,0.95,0,0,0,0,0,0,,,
asset_fund_link,ast_aac5427c01f4,전환사채 | 공모주 | 비상장RCPS | 상장리츠 | AA+ 회사채,복합(오피스),physical_asset,,,,KR,,서울특별시 용산구 한남동 736-9,37.534608107048,126.997909989582,1117013100107360009,,auto_created,incomplete,found,2026-06-01T06:57:30.172181+00:00,300039,이지스멀티드래곤일반사모투자신탁제2호,멀티드래곤2호,운용,기타,국내,헤지펀드운용파트,헤지펀드운용파트,문석호,문석호,2024-10-15,2029-10-15,,20500000000,20500000000,20500000000,0,0,운용,펀드 AUM 관리_20260515.xlsx,underlying_asset,direct_owner,direct,,mixed_requires_review,True,True,,,,,,,39,0,0,0,0,0,1270.8,7319.6,59.68,192.82,업무시설,철골철근콘크리트구조,5,6,4,옥내 77 / 옥외 0,19.96,2023-06-28,BldRgstHubService.getBrTitleInfo,0.95,0,0,0,0,0,0,,,
asset_fund_link,ast_aac5427c01f4,전환사채 | 공모주 | 비상장RCPS | 상장리츠 | AA+ 회사채,복합(오피스),physical_asset,,,,KR,,서울특별시 용산구 한남동 736-9,37.534608107048,126.997909989582,1117013100107360009,,auto_created,incomplete,found,2026-06-01T06:57:30.172181+00:00,300054,이지스그린ON일반사모투자신탁제3호,그린ON3호,청산,기타,국내,헤지펀드운용파트,헤지펀드운용파트,문석호,문석호,2025-07-30,2025-11-05,,6101329120,6101329120,6101329120,0,0,청산,펀드 AUM 관리_20260515.xlsx,underlying_asset,direct_owner,direct,,mixed_requires_review,True,True,,,,,,,39,0,0,0,0,0,1270.8,7319.6,59.68,192.82,업무시설,철골철근콘크리트구조,5,6,4,옥내 77 / 옥외 0,19.96,2023-06-28,BldRgstHubService.getBrTitleInfo,0.95,0,0,0,0,0,0,,,
asset_fund_link,ast_aac5427c01f4,전환사채 | 공모주 | 비상장RCPS | 상장리츠 | AA+ 회사채,복합(오피스),physical_asset,,,,KR,,서울특별시 용산구 한남동 736-9,37.534608107048,126.997909989582,1117013100107360009,,auto_created,incomplete,found,2026-06-01T06:57:30.172181+00:00,300075,이지스하이일드공모주일반사모투자신탁제3호,하이일드공모주3호,운용,기타,국내,헤지펀드운용파트,헤지펀드운용파트,이병윤,이병윤,2026-01-26,2027-08-26,,14000150023,14000150023,14000150023,0,0,운용,펀드 AUM 관리_20260515.xlsx,underlying_asset,direct_owner,direct,,mixed_requires_review,True,True,,,,,,,39,0,0,0,0,0,1270.8,7319.6,59.68,192.82,업무시설,철골철근콘크리트구조,5,6,4,옥내 77 / 옥외 0,19.96,2023-06-28,BldRgstHubService.getBrTitleInfo,0.95,0,0,0,0,0,0,,,
asset_fund_link,ast_d03e122e0d2d,전환사채 | 공모주 | 비상장RCPS | 상장리츠 | AA+ 회사채,지분증권,physical_asset,,,,KR,,영등포구 여의공원로 115,37.530118673,126.926220748,이지스자산운용본사,,auto_created,incomplete,pending,,112710,이지스 멀티인컴 일반사모투자신탁 제1호(운용),멀티인컴1호,청산,기타,국내,헤지펀드운용파트,헤지펀드운용파트,이병윤,이병윤,2022-09-15,2024-09-19,,13191446492,13191446492,13191446492,0,0,청산,펀드 AUM 관리_20260515.xlsx,underlying_asset,direct_owner,direct,,mixed_requires_review,True,True,,,,,,,39,0,0,0,0,0,,,,,,,,,,,,,,,0,0,0,0,0,0,,,
asset_fund_link,ast_d03e122e0d2d,전환사채 | 공모주 | 비상장RCPS | 상장리츠 | AA+ 회사채,지분증권,physical_asset,,,,KR,,영등포구 여의공원로 115,37.530118673,126.926220748,이지스자산운용본사,,auto_created,incomplete,pending,,300006,이지스 하이일드 공모주 일반사모투자신탁 제1호,하이일드공모주1호,청산,기타,국내,헤지펀드운용파트,헤지펀드운용파트,이병윤,이병윤,2023-08-25,2025-03-25,,10991330327,10991330327,10991330327,0,0,청산,펀드 AUM 관리_20260515.xlsx,underlying_asset,direct_owner,direct,,mixed_requires_review,True,True,,,,,,,39,0,0,0,0,0,,,,,,,,,,,,,,,0,0,0,0,0,0,,,
asset_fund_link,ast_d03e122e0d2d,전환사채 | 공모주 | 비상장RCPS | 상장리츠 | AA+ 회사채,지분증권,physical_asset,,,,KR,,영등포구 여의공원로 115,37.530118673,126.926220748,이지스자산운용본사,,auto_created,incomplete,pending,,300019,이지스 인컴플러스 일반사모투자신탁 제2호,인컴플러스2호,운용,기타,국내,헤지펀드운용파트,헤지펀드운용파트,유윤재,유윤재,2024-02-06,2027-03-08,,15500000000,15500000000,15500000000,0,0,운용,펀드 AUM 관리_20260515.xlsx,underlying_asset,direct_owner,direct,,mixed_requires_review,True,True,,,,,,,39,0,0,0,0,0,,,,,,,,,,,,,,,0,0,0,0,0,0,,,
asset_fund_link,ast_d03e122e0d2d,전환사채 | 공모주 | 비상장RCPS | 상장리츠 | AA+ 회사채,지분증권,physical_asset,,,,KR,,영등포구 여의공원로 115,37.530118673,126.926220748,이지스자산운용본사,,auto_created,incomplete,pending,,300035,이지스하이일드공모주일반사모투자신탁제2호(Class C2),하이일드2호(C2),청산,기타,국내,헤지펀드운용파트,헤지펀드운용파트,이병윤,이병윤,2024-08-19,2026-03-19,,0,0,0,0,0,청산,펀드 AUM 관리_20260515.xlsx,underlying_asset,direct_owner,direct,,mixed_requires_review,True,True,,,,,,,39,0,0,0,0,0,,,,,,,,,,,,,,,0,0,0,0,0,0,,,
asset_fund_link,ast_d03e122e0d2d,전환사채 | 공모주 | 비상장RCPS | 상장리츠 | AA+ 회사채,지분증권,physical_asset,,,,KR,,영등포구 여의공원로 115,37.530118673,126.926220748,이지스자산운용본사,,auto_created,incomplete,pending,,300036,이지스셀렉트K리츠목표달성형일반사모투자신탁,셀렉K리츠목표달성형,청산,기타,국내,대체증권투자파트,대체증권투자파트,신영찬,신영찬,2024-09-30,2025-10-22,,5003020211,5003020211,5003020211,0,0,청산,펀드 AUM 관리_20260515.xlsx,underlying_asset,direct_owner,direct,,mixed_requires_review,True,True,,,,,,,39,0,0,0,0,0,,,,,,,,,,,,,,,0,0,0,0,0,0,,,
asset_fund_link,ast_d03e122e0d2d,전환사채 | 공모주 | 비상장RCPS | 상장리츠 | AA+ 회사채,지분증권,physical_asset,,,,KR,,영등포구 여의공원로 115,37.530118673,126.926220748,이지스자산운용본사,,auto_created,incomplete,pending,,300051,이지스BDC플러스일반사모투자신탁1호,BDC1호,운용,기타,해외,채권투자파트,채권투자파트,강신규,강신규,2025-05-14,2026-05-14,,2999961788,2999961788,2999961788,0,0,운용,펀드 AUM 관리_20260515.xlsx,underlying_asset,direct_owner,direct,,mixed_requires_review,True,True,,,,,,,39,0,0,0,0,0,,,,,,,,,,,,,,,0,0,0,0,0,0,,,
asset_fund_link,ast_d03e122e0d2d,전환사채 | 공모주 | 비상장RCPS | 상장리츠 | AA+ 회사채,지분증권,physical_asset,,,,KR,,영등포구 여의공원로 115,37.530118673,126.926220748,이지스자산운용본사,,auto_created,incomplete,pending,,300073,이지스레포플러스일반사모투자신탁제1호,레포플러스1호,운용,기타,국내,채권투자파트,채권투자파트,강신규,강신규,2026-01-20,,,60000000000,60000000000,60000000000,0,0,운용,펀드 AUM 관리_20260515.xlsx,underlying_asset,direct_owner,direct,,mixed_requires_review,True,True,,,,,,,39,0,0,0,0,0,,,,,,,,,,,,,,,0,0,0,0,0,0,,,
asset_fund_link,ast_ba2f0f5d53f3,홈플러스 인천인하점,리테일,physical_asset,,,,KR,,인천광역시 미추홀구 용현동 648,37.447735380318,126.65077699908,2817710200106480000,,auto_created,incomplete,pending,,112344,이지스코어리테일부동산투자신탁302호(운용),302호,청산,리테일,국내,,,,,2019-08-22,2021-08-30,,337796276000,337796276000,117296276000,207600000000,12900000000,청산,펀드 AUM 관리_20260515.xlsx,underlying_asset,direct_owner,direct,,mixed_requires_review,True,True,,,,,,,1,0,0,0,0,0,,,,,,,,,,,,,,,0,0,0,0,0,0,,,
asset_fund_link,ast_904ac8d066fb,전환사채 | 공모주 | 비상장RCPS | 상장리츠 | AA+ 회사채,,fund_interest,,,,,,,,,,,needs_review,incomplete,not_checked,,112710,이지스 멀티인컴 일반사모투자신탁 제1호(운용),멀티인컴1호,청산,기타,국내,헤지펀드운용파트,헤지펀드운용파트,이병윤,이병윤,2022-09-15,2024-09-19,,13191446492,13191446492,13191446492,0,0,청산,펀드 AUM 관리_20260515.xlsx,name_only_underlying_asset,direct_owner,direct,,mixed_requires_review,True,True,,,,,,,38,0,0,0,0,0,,,,,,,,,,,,,,,0,0,0,0,0,0,,,
asset_fund_link,ast_904ac8d066fb,전환사채 | 공모주 | 비상장RCPS | 상장리츠 | AA+ 회사채,,fund_interest,,,,,,,,,,,needs_review,incomplete,not_checked,,300006,이지스 하이일드 공모주 일반사모투자신탁 제1호,하이일드공모주1호,청산,기타,국내,헤지펀드운용파트,헤지펀드운용파트,이병윤,이병윤,2023-08-25,2025-03-25,,10991330327,10991330327,10991330327,0,0,청산,펀드 AUM 관리_20260515.xlsx,name_only_underlying_asset,direct_owner,direct,,mixed_requires_review,True,True,,,,,,,38,0,0,0,0,0,,,,,,,,,,,,,,,0,0,0,0,0,0,,,
asset_fund_link,ast_904ac8d066fb,전환사채 | 공모주 | 비상장RCPS | 상장리츠 | AA+ 회사채,,fund_interest,,,,,,,,,,,needs_review,incomplete,not_checked,,300019,이지스 인컴플러스 일반사모투자신탁 제2호,인컴플러스2호,운용,기타,국내,헤지펀드운용파트,헤지펀드운용파트,유윤재,유윤재,2024-02-06,2027-03-08,,15500000000,15500000000,15500000000,0,0,운용,펀드 AUM 관리_20260515.xlsx,name_only_underlying_asset,direct_owner,direct,,mixed_requires_review,True,True,,,,,,,38,0,0,0,0,0,,,,,,,,,,,,,,,0,0,0,0,0,0,,,
asset_fund_link,ast_904ac8d066fb,전환사채 | 공모주 | 비상장RCPS | 상장리츠 | AA+ 회사채,,fund_interest,,,,,,,,,,,needs_review,incomplete,not_checked,,300035,이지스하이일드공모주일반사모투자신탁제2호(Class C2),하이일드2호(C2),청산,기타,국내,헤지펀드운용파트,헤지펀드운용파트,이병윤,이병윤,2024-08-19,2026-03-19,,0,0,0,0,0,청산,펀드 AUM 관리_20260515.xlsx,name_only_underlying_asset,direct_owner,direct,,mixed_requires_review,True,True,,,,,,,38,0,0,0,0,0,,,,,,,,,,,,,,,0,0,0,0,0,0,,,
asset_fund_link,ast_904ac8d066fb,전환사채 | 공모주 | 비상장RCPS | 상장리츠 | AA+ 회사채,,fund_interest,,,,,,,,,,,needs_review,incomplete,not_checked,,300050,이지스멀티드래곤일반사모투자신탁제4호,멀티드래곤4호,운용,기타,국내,헤지펀드운용파트,헤지펀드운용파트,이병윤,이병윤,2025-02-27,2026-09-27,,13903849353,13903849353,13903849353,0,0,운용,펀드 AUM 관리_20260515.xlsx,name_only_underlying_asset,direct_owner,direct,,mixed_requires_review,True,True,,,,,,,38,0,0,0,0,0,,,,,,,,,,,,,,,0,0,0,0,0,0,,,
asset_fund_link,ast_904ac8d066fb,전환사채 | 공모주 | 비상장RCPS | 상장리츠 | AA+ 회사채,,fund_interest,,,,,,,,,,,needs_review,incomplete,not_checked,,300063,이지스 K-프런티어 일반사모투자신탁 제1호,K-프런티어1호,운용,기타,국내,헤지펀드운용파트,헤지펀드운용파트,김정훈,김정훈,2025-08-07,,,7911239108,7911239108,7911239108,0,0,운용,펀드 AUM 관리_20260515.xlsx,name_only_underlying_asset,direct_owner,direct,,mixed_requires_review,True,True,,,,,,,38,0,0,0,0,0,,,,,,,,,,,,,,,0,0,0,0,0,0,,,
asset_fund_link,ast_904ac8d066fb,전환사채 | 공모주 | 비상장RCPS | 상장리츠 | AA+ 회사채,,fund_interest,,,,,,,,,,,needs_review,incomplete,not_checked,,300080,이지스블루ON 일반사모투자신탁제2호(운용),블루ON2호,운용,기타,국내,헤지펀드운용파트,헤지펀드운용파트,문석호,문석호,2026-03-09,,,10989697593,10989697593,10989697593,0,0,운용,펀드 AUM 관리_20260515.xlsx,name_only_underlying_asset,direct_owner,direct,,mixed_requires_review,True,True,,,,,,,38,0,0,0,0,0,,,,,,,,,,,,,,,0,0,0,0,0,0,,,
asset_fund_link,ast_d03e122e0d2d,전환사채 | 공모주 | 비상장RCPS | 상장리츠 | AA+ 회사채,지분증권,physical_asset,,,,KR,,영등포구 여의공원로 115,37.530118673,126.926220748,이지스자산운용본사,,auto_created,incomplete,pending,,300037,이지스블루ON일반사모투자신탁제1호,블루ON1호,운용,기타,국내,헤지펀드운용파트,헤지펀드운용파트,유윤재,유윤재,2024-10-04,2031-10-31,,16000000000,16000000000,16000000000,0,0,운용,펀드 AUM 관리_20260515.xlsx,underlying_asset,direct_owner,direct,,mixed_requires_review,True,True,,,,,,,39,0,0,0,0,0,,,,,,,,,,,,,,,0,0,0,0,0,0,,,
asset_fund_link,ast_d03e122e0d2d,전환사채 | 공모주 | 비상장RCPS | 상장리츠 | AA+ 회사채,지분증권,physical_asset,,,,KR,,영등포구 여의공원로 115,37.530118673,126.926220748,이지스자산운용본사,,auto_created,incomplete,pending,,300052,이지스멀티드래곤일반사모투자신탁제5호,멀티드래곤5호,운용,기타,국내,헤지펀드운용파트,헤지펀드운용파트,김유진A,김유진A,2025-05-30,2031-05-30,,11500000000,11500000000,11500000000,0,0,운용,펀드 AUM 관리_20260515.xlsx,underlying_asset,direct_owner,direct,,mixed_requires_review,True,True,,,,,,,39,0,0,0,0,0,,,,,,,,,,,,,,,0,0,0,0,0,0,,,
asset_fund_link,ast_d03e122e0d2d,전환사채 | 공모주 | 비상장RCPS | 상장리츠 | AA+ 회사채,지분증권,physical_asset,,,,KR,,영등포구 여의공원로 115,37.530118673,126.926220748,이지스자산운용본사,,auto_created,incomplete,pending,,300074,이지스코스닥벤처일반사모투자신탁제3호,코스닥벤처3호,운용,기타,국내,헤지펀드운용파트,헤지펀드운용파트,김유진A,김유진A,2025-10-30,2028-10-30,,11000000000,11000000000,11000000000,0,0,운용,펀드 AUM 관리_20260515.xlsx,underlying_asset,direct_owner,direct,,mixed_requires_review,True,True,,,,,,,39,0,0,0,0,0,,,,,,,,,,,,,,,0,0,0,0,0,0,,,
asset_fund_link,ast_288a4f9c263b,홈플러스 전주완산점,리테일,physical_asset,,,,KR,,전라북도 전주시 완산구 중노송동 495-6,35.8235609004745,127.150069827049,4511112000104950006,,auto_created,incomplete,pending,,112344,이지스코어리테일부동산투자신탁302호(운용),302호,청산,리테일,국내,,,,,2019-08-22,2021-08-30,,337796276000,337796276000,117296276000,207600000000,12900000000,청산,펀드 AUM 관리_20260515.xlsx,underlying_asset,direct_owner,direct,,mixed_requires_review,True,True,,,,,,,1,0,0,0,0,0,,,,,,,,,,,,,,,0,0,0,0,0,0,,,
asset_fund_link,ast_904ac8d066fb,전환사채 | 공모주 | 비상장RCPS | 상장리츠 | AA+ 회사채,,fund_interest,,,,,,,,,,,needs_review,incomplete,not_checked,,112711,이지스 멀티인컴 일반사모투자신탁 제1호(Class A),멀티인컴1호(A),청산,기타,국내,헤지펀드운용파트,헤지펀드운용파트,이병윤,이병윤,2022-09-15,2022-09-15,,0,0,,,,청산,펀드 AUM 관리_20260515.xlsx,name_only_underlying_asset,direct_owner,direct,,mixed_requires_review,True,True,,,,,,,38,0,0,0,0,0,,,,,,,,,,,,,,,0,0,0,0,0,0,,,
asset_fund_link,ast_904ac8d066fb,전환사채 | 공모주 | 비상장RCPS | 상장리츠 | AA+ 회사채,,fund_interest,,,,,,,,,,,needs_review,incomplete,not_checked,,300007,이지스 하이일드 공모주 일반사모투자신탁 제1호(Class A),하이일드공모주1호(A),미설정,기타,국내,헤지펀드운용파트,헤지펀드운용파트,이병윤,이병윤,2023-08-24,2023-08-24,,,,,,,,펀드 AUM 관리_20260515.xlsx,name_only_underlying_asset,direct_owner,direct,,mixed_requires_review,True,True,,,,,,,38,0,0,0,0,0,,,,,,,,,,,,,,,0,0,0,0,0,0,,,
asset_fund_link,ast_904ac8d066fb,전환사채 | 공모주 | 비상장RCPS | 상장리츠 | AA+ 회사채,,fund_interest,,,,,,,,,,,needs_review,incomplete,not_checked,,300020,이지스 인컴플러스 일반사모투자신탁 제3호,인컴플러스3호,청산,기타,국내,헤지펀드운용파트,헤지펀드운용파트,이병윤,이병윤,2024-03-14,2024-07-30,,55000000000,55000000000,55000000000,0,0,청산,펀드 AUM 관리_20260515.xlsx,name_only_underlying_asset,direct_owner,direct,,mixed_requires_review,True,True,,,,,,,38,0,0,0,0,0,,,,,,,,,,,,,,,0,0,0,0,0,0,,,
asset_fund_link,ast_904ac8d066fb,전환사채 | 공모주 | 비상장RCPS | 상장리츠 | AA+ 회사채,,fund_interest,,,,,,,,,,,needs_review,incomplete,not_checked,,300036,이지스셀렉트K리츠목표달성형일반사모투자신탁,셀렉K리츠목표달성형,청산,기타,국내,대체증권투자파트,대체증권투자파트,신영찬,신영찬,2024-09-30,2025-10-22,,5003020211,5003020211,5003020211,0,0,청산,펀드 AUM 관리_20260515.xlsx,name_only_underlying_asset,direct_owner,direct,,mixed_requires_review,True,True,,,,,,,38,0,0,0,0,0,,,,,,,,,,,,,,,0,0,0,0,0,0,,,
asset_fund_link,ast_904ac8d066fb,전환사채 | 공모주 | 비상장RCPS | 상장리츠 | AA+ 회사채,,fund_interest,,,,,,,,,,,needs_review,incomplete,not_checked,,300051,이지스BDC플러스일반사모투자신탁1호,BDC1호,운용,기타,해외,채권투자파트,채권투자파트,강신규,강신규,2025-05-14,2026-05-14,,2999961788,2999961788,2999961788,0,0,운용,펀드 AUM 관리_20260515.xlsx,name_only_underlying_asset,direct_owner,direct,,mixed_requires_review,True,True,,,,,,,38,0,0,0,0,0,,,,,,,,,,,,,,,0,0,0,0,0,0,,,
asset_fund_link,ast_904ac8d066fb,전환사채 | 공모주 | 비상장RCPS | 상장리츠 | AA+ 회사채,,fund_interest,,,,,,,,,,,needs_review,incomplete,not_checked,,300073,이지스레포플러스일반사모투자신탁제1호,레포플러스1호,운용,기타,국내,채권투자파트,채권투자파트,강신규,강신규,2026-01-20,,,60000000000,60000000000,60000000000,0,0,운용,펀드 AUM 관리_20260515.xlsx,name_only_underlying_asset,direct_owner,direct,,mixed_requires_review,True,True,,,,,,,38,0,0,0,0,0,,,,,,,,,,,,,,,0,0,0,0,0,0,,,
asset_fund_link,ast_35fef6fb5746,상장리츠 | 공모주 | AA+ 회사채,,fund_interest,,,,,,,,,,,needs_review,incomplete,not_checked,,112710,이지스 멀티인컴 일반사모투자신탁 제1호(운용),멀티인컴1호,청산,기타,국내,헤지펀드운용파트,헤지펀드운용파트,이병윤,이병윤,2022-09-15,2024-09-19,,13191446492,13191446492,13191446492,0,0,청산,펀드 AUM 관리_20260515.xlsx,name_only_underlying_asset,direct_owner,direct,,mixed_requires_review,True,True,,,,,,,1,0,0,0,0,0,,,,,,,,,,,,,,,0,0,0,0,0,0,,,
asset_fund_link,ast_d03e122e0d2d,전환사채 | 공모주 | 비상장RCPS | 상장리츠 | AA+ 회사채,지분증권,physical_asset,,,,KR,,영등포구 여의공원로 115,37.530118673,126.926220748,이지스자산운용본사,,auto_created,incomplete,pending,,300039,이지스멀티드래곤일반사모투자신탁제2호,멀티드래곤2호,운용,기타,국내,헤지펀드운용파트,헤지펀드운용파트,문석호,문석호,2024-10-15,2029-10-15,,20500000000,20500000000,20500000000,0,0,운용,펀드 AUM 관리_20260515.xlsx,underlying_asset,direct_owner,direct,,mixed_requires_review,True,True,,,,,,,39,0,0,0,0,0,,,,,,,,,,,,,,,0,0,0,0,0,0,,,
asset_fund_link,ast_d03e122e0d2d,전환사채 | 공모주 | 비상장RCPS | 상장리츠 | AA+ 회사채,지분증권,physical_asset,,,,KR,,영등포구 여의공원로 115,37.530118673,126.926220748,이지스자산운용본사,,auto_created,incomplete,pending,,300054,이지스그린ON일반사모투자신탁제3호,그린ON3호,청산,기타,국내,헤지펀드운용파트,헤지펀드운용파트,문석호,문석호,2025-07-30,2025-11-05,,6101329120,6101329120,6101329120,0,0,청산,펀드 AUM 관리_20260515.xlsx,underlying_asset,direct_owner,direct,,mixed_requires_review,True,True,,,,,,,39,0,0,0,0,0,,,,,,,,,,,,,,,0,0,0,0,0,0,,,
asset_fund_link,ast_d03e122e0d2d,전환사채 | 공모주 | 비상장RCPS | 상장리츠 | AA+ 회사채,지분증권,physical_asset,,,,KR,,영등포구 여의공원로 115,37.530118673,126.926220748,이지스자산운용본사,,auto_created,incomplete,pending,,300075,이지스하이일드공모주일반사모투자신탁제3호,하이일드공모주3호,운용,기타,국내,헤지펀드운용파트,헤지펀드운용파트,이병윤,이병윤,2026-01-26,2027-08-26,,14000150023,14000150023,14000150023,0,0,운용,펀드 AUM 관리_20260515.xlsx,underlying_asset,direct_owner,direct,,mixed_requires_review,True,True,,,,,,,39,0,0,0,0,0,,,,,,,,,,,,,,,0,0,0,0,0,0,,,
asset_fund_link,ast_65e587cdb88a,이지스333호(디어스 명동),호텔,physical_asset,,,,KR,,서울특별시 중구 남학동 13-2,37.5608386574791,126.991278200375,1114014000100130002,,auto_created,incomplete,found,2026-06-01T06:57:33.176917+00:00,112510,이지스제333호일반사모부동산투자신탁(운용),333호,청산,호텔,국내,투자2그룹1파트,투자2그룹1파트,이경형,이경형,2020-11-23,2024-11-25,,43460000000,43460000000,12000000000,30000000000,1460000000,청산,펀드 AUM 관리_20260515.xlsx,underlying_asset,direct_owner,direct,,mixed_requires_review,True,True,,,,,,,2,0,0,0,0,0,651.1,5464.26,60.19,720.89,숙박시설,철골철근콘크리트구조,14,2,3,,49.9,2018-04-09,BldRgstHubService.getBrTitleInfo,0.95,0,0,0,0,0,0,,,
asset_fund_link,ast_904ac8d066fb,전환사채 | 공모주 | 비상장RCPS | 상장리츠 | AA+ 회사채,,fund_interest,,,,,,,,,,,needs_review,incomplete,not_checked,,112712,이지스 멀티인컴 일반사모투자신탁 제1호(Class C),멀티인컴1호(C),청산,기타,국내,헤지펀드운용파트,헤지펀드운용파트,이병윤,이병윤,2022-09-15,2024-09-19,,300000000,300000000,300000000,0,0,청산,펀드 AUM 관리_20260515.xlsx,name_only_underlying_asset,direct_owner,direct,,mixed_requires_review,True,True,,,,,,,38,0,0,0,0,0,,,,,,,,,,,,,,,0,0,0,0,0,0,,,
asset_fund_link,ast_904ac8d066fb,전환사채 | 공모주 | 비상장RCPS | 상장리츠 | AA+ 회사채,,fund_interest,,,,,,,,,,,needs_review,incomplete,not_checked,,300008,이지스 하이일드 공모주 일반사모투자신탁 제1호(Class C),하이일드공모주1호(C),미설정,기타,국내,헤지펀드운용파트,헤지펀드운용파트,이병윤,이병윤,2023-08-24,2023-08-24,,,,,,,,펀드 AUM 관리_20260515.xlsx,name_only_underlying_asset,direct_owner,direct,,mixed_requires_review,True,True,,,,,,,38,0,0,0,0,0,,,,,,,,,,,,,,,0,0,0,0,0,0,,,
asset_fund_link,ast_904ac8d066fb,전환사채 | 공모주 | 비상장RCPS | 상장리츠 | AA+ 회사채,,fund_interest,,,,,,,,,,,needs_review,incomplete,not_checked,,300028,이지스K본드알파일반사모투자신탁제2호,K본드알파2호,청산,기타,국내,헤지펀드운용파트,헤지펀드운용파트,라진성,라진성,2024-05-24,2025-06-02,,1958823193,1958823193,1958823193,0,0,청산,펀드 AUM 관리_20260515.xlsx,name_only_underlying_asset,direct_owner,direct,,mixed_requires_review,True,True,,,,,,,38,0,0,0,0,0,,,,,,,,,,,,,,,0,0,0,0,0,0,,,
asset_fund_link,ast_904ac8d066fb,전환사채 | 공모주 | 비상장RCPS | 상장리츠 | AA+ 회사채,,fund_interest,,,,,,,,,,,needs_review,incomplete,not_checked,,300037,이지스블루ON일반사모투자신탁제1호,블루ON1호,운용,기타,국내,헤지펀드운용파트,헤지펀드운용파트,유윤재,유윤재,2024-10-04,2031-10-31,,16000000000,16000000000,16000000000,0,0,운용,펀드 AUM 관리_20260515.xlsx,name_only_underlying_asset,direct_owner,direct,,mixed_requires_review,True,True,,,,,,,38,0,0,0,0,0,,,,,,,,,,,,,,,0,0,0,0,0,0,,,
asset_fund_link,ast_904ac8d066fb,전환사채 | 공모주 | 비상장RCPS | 상장리츠 | AA+ 회사채,,fund_interest,,,,,,,,,,,needs_review,incomplete,not_checked,,300052,이지스멀티드래곤일반사모투자신탁제5호,멀티드래곤5호,운용,기타,국내,헤지펀드운용파트,헤지펀드운용파트,김유진A,김유진A,2025-05-30,2031-05-30,,11500000000,11500000000,11500000000,0,0,운용,펀드 AUM 관리_20260515.xlsx,name_only_underlying_asset,direct_owner,direct,,mixed_requires_review,True,True,,,,,,,38,0,0,0,0,0,,,,,,,,,,,,,,,0,0,0,0,0,0,,,
asset_fund_link,ast_904ac8d066fb,전환사채 | 공모주 | 비상장RCPS | 상장리츠 | AA+ 회사채,,fund_interest,,,,,,,,,,,needs_review,incomplete,not_checked,,300074,이지스코스닥벤처일반사모투자신탁제3호,코스닥벤처3호,운용,기타,국내,헤지펀드운용파트,헤지펀드운용파트,김유진A,김유진A,2025-10-30,2028-10-30,,11000000000,11000000000,11000000000,0,0,운용,펀드 AUM 관리_20260515.xlsx,name_only_underlying_asset,direct_owner,direct,,mixed_requires_review,True,True,,,,,,,38,0,0,0,0,0,,,,,,,,,,,,,,,0,0,0,0,0,0,,,
asset_fund_link,ast_f6bf24a152c3,Pantheon Viking Co-Invest LP | NMP V | PGSF VII | PSD III,,fund_interest,,,,,,,,,,,needs_review,incomplete,not_checked,,200006,이지스글로벌세컨더리일반사모혼합자산투자신탁제1호,세컨더리1호,운용,특별자산,해외,"글로벌자산관리1파트2, SS&C TF","글로벌자산관리1파트2, SS&C TF",윤주성,윤주성,2023-09-22,2034-09-22,,149516640000,45683658345,149516640000,0,0,운용,펀드 AUM 관리_20260515.xlsx,name_only_underlying_asset,direct_owner,direct,,mixed_requires_review,True,True,,,,,,,1,0,0,0,0,0,,,,,,,,,,,,,,,0,0,0,0,0,0,,,
asset_fund_link,ast_d03e122e0d2d,전환사채 | 공모주 | 비상장RCPS | 상장리츠 | AA+ 회사채,지분증권,physical_asset,,,,KR,,영등포구 여의공원로 115,37.530118673,126.926220748,이지스자산운용본사,,auto_created,incomplete,pending,,300044,이지스코스닥벤처일반사모투자신탁제2호,코스닥벤처2호,운용,기타,국내,헤지펀드운용파트,헤지펀드운용파트,김유진A,김유진A,2024-11-06,2027-11-06,,12999190219,12999190219,12999190219,0,0,운용,펀드 AUM 관리_20260515.xlsx,underlying_asset,direct_owner,direct,,mixed_requires_review,True,True,,,,,,,39,0,0,0,0,0,,,,,,,,,,,,,,,0,0,0,0,0,0,,,
asset_fund_link,ast_d03e122e0d2d,전환사채 | 공모주 | 비상장RCPS | 상장리츠 | AA+ 회사채,지분증권,physical_asset,,,,KR,,영등포구 여의공원로 115,37.530118673,126.926220748,이지스자산운용본사,,auto_created,incomplete,pending,,300057,이지스 멀티플러스 일반사모투자신탁 제2호(운용),멀티플러스2호,운용,기타,국내,헤지펀드운용파트,헤지펀드운용파트,김유진A,김유진A,2025-07-17,2028-07-17,,13239147480,13239147480,13239147480,0,0,운용,펀드 AUM 관리_20260515.xlsx,underlying_asset,direct_owner,direct,,mixed_requires_review,True,True,,,,,,,39,0,0,0,0,0,,,,,,,,,,,,,,,0,0,0,0,0,0,,,
asset_fund_link,ast_d03e122e0d2d,전환사채 | 공모주 | 비상장RCPS | 상장리츠 | AA+ 회사채,지분증권,physical_asset,,,,KR,,영등포구 여의공원로 115,37.530118673,126.926220748,이지스자산운용본사,,auto_created,incomplete,pending,,300076,이지스그린ON 일반사모투자신탁제4호(운용),그린ON4호,운용,기타,국내,헤지펀드운용파트,헤지펀드운용파트,문석호,문석호,2026-01-28,2027-07-28,,13489108911,13489108911,13489108911,0,0,운용,펀드 AUM 관리_20260515.xlsx,underlying_asset,direct_owner,direct,,mixed_requires_review,True,True,,,,,,,39,0,0,0,0,0,,,,,,,,,,,,,,,0,0,0,0,0,0,,,
asset_fund_link,ast_65e587cdb88a,이지스333호(디어스 명동),호텔,physical_asset,,,,KR,,서울특별시 중구 남학동 13-2,37.5608386574791,126.991278200375,1114014000100130002,,auto_created,incomplete,found,2026-06-01T06:57:33.176917+00:00,R00008,주식회사 이지스레지던스위탁관리부동산투자회사,R레지던스,운용,주거,국내,상장리츠파트,상장리츠파트,임수빈,임수빈,2020-02-03,,,398500859795,398500859795,301500859795,97000000000,0,운용,펀드 AUM 관리_20260515.xlsx,underlying_asset,direct_owner,direct,,mixed_requires_review,True,True,,,,,,,2,0,0,0,0,0,651.1,5464.26,60.19,720.89,숙박시설,철골철근콘크리트구조,14,2,3,,49.9,2018-04-09,BldRgstHubService.getBrTitleInfo,0.95,0,0,0,0,0,0,,,
asset_fund_link,ast_904ac8d066fb,전환사채 | 공모주 | 비상장RCPS | 상장리츠 | AA+ 회사채,,fund_interest,,,,,,,,,,,needs_review,incomplete,not_checked,,112713,이지스 멀티인컴 일반사모투자신탁 제1호(Class C-i),멀티인컴1호(C-i),청산,기타,국내,헤지펀드운용파트,헤지펀드운용파트,이병윤,이병윤,2022-09-15,2022-09-15,,0,0,,,,청산,펀드 AUM 관리_20260515.xlsx,name_only_underlying_asset,direct_owner,direct,,mixed_requires_review,True,True,,,,,,,38,0,0,0,0,0,,,,,,,,,,,,,,,0,0,0,0,0,0,,,
asset_fund_link,ast_904ac8d066fb,전환사채 | 공모주 | 비상장RCPS | 상장리츠 | AA+ 회사채,,fund_interest,,,,,,,,,,,needs_review,incomplete,not_checked,,300009,이지스 하이일드 공모주 일반사모투자신탁 제1호(Class C-i),하이일드공모주1호(C-i),청산,기타,국내,헤지펀드운용파트,헤지펀드운용파트,이병윤,이병윤,2023-08-25,2025-03-25,,10996224123,10996224123,10996224123,0,0,청산,펀드 AUM 관리_20260515.xlsx,name_only_underlying_asset,direct_owner,direct,,mixed_requires_review,True,True,,,,,,,38,0,0,0,0,0,,,,,,,,,,,,,,,0,0,0,0,0,0,,,
asset_fund_link,ast_904ac8d066fb,전환사채 | 공모주 | 비상장RCPS | 상장리츠 | AA+ 회사채,,fund_interest,,,,,,,,,,,needs_review,incomplete,not_checked,,300032,이지스하이일드공모주일반사모투자신탁제2호,하이일드2호,청산,기타,국내,헤지펀드운용파트,헤지펀드운용파트,이병윤,이병윤,2024-08-19,2026-03-19,,10682314673,10682314673,10682314673,0,0,청산,펀드 AUM 관리_20260515.xlsx,name_only_underlying_asset,direct_owner,direct,,mixed_requires_review,True,True,,,,,,,38,0,0,0,0,0,,,,,,,,,,,,,,,0,0,0,0,0,0,,,
asset_fund_link,ast_904ac8d066fb,전환사채 | 공모주 | 비상장RCPS | 상장리츠 | AA+ 회사채,,fund_interest,,,,,,,,,,,needs_review,incomplete,not_checked,,300039,이지스멀티드래곤일반사모투자신탁제2호,멀티드래곤2호,운용,기타,국내,헤지펀드운용파트,헤지펀드운용파트,문석호,문석호,2024-10-15,2029-10-15,,20500000000,20500000000,20500000000,0,0,운용,펀드 AUM 관리_20260515.xlsx,name_only_underlying_asset,direct_owner,direct,,mixed_requires_review,True,True,,,,,,,38,0,0,0,0,0,,,,,,,,,,,,,,,0,0,0,0,0,0,,,
asset_fund_link,ast_904ac8d066fb,전환사채 | 공모주 | 비상장RCPS | 상장리츠 | AA+ 회사채,,fund_interest,,,,,,,,,,,needs_review,incomplete,not_checked,,300054,이지스그린ON일반사모투자신탁제3호,그린ON3호,청산,기타,국내,헤지펀드운용파트,헤지펀드운용파트,문석호,문석호,2025-07-30,2025-11-05,,6101329120,6101329120,6101329120,0,0,청산,펀드 AUM 관리_20260515.xlsx,name_only_underlying_asset,direct_owner,direct,,mixed_requires_review,True,True,,,,,,,38,0,0,0,0,0,,,,,,,,,,,,,,,0,0,0,0,0,0,,,
asset_fund_link,ast_904ac8d066fb,전환사채 | 공모주 | 비상장RCPS | 상장리츠 | AA+ 회사채,,fund_interest,,,,,,,,,,,needs_review,incomplete,not_checked,,300075,이지스하이일드공모주일반사모투자신탁제3호,하이일드공모주3호,운용,기타,국내,헤지펀드운용파트,헤지펀드운용파트,이병윤,이병윤,2026-01-26,2027-08-26,,14000150023,14000150023,14000150023,0,0,운용,펀드 AUM 관리_20260515.xlsx,name_only_underlying_asset,direct_owner,direct,,mixed_requires_review,True,True,,,,,,,38,0,0,0,0,0,,,,,,,,,,,,,,,0,0,0,0,0,0,,,
asset_fund_link,ast_66c280969512,이지스151호(더샵 부평),,fund_interest,,,,,,,,,,,needs_review,incomplete,not_checked,,R00008,주식회사 이지스레지던스위탁관리부동산투자회사,R레지던스,운용,주거,국내,상장리츠파트,상장리츠파트,임수빈,임수빈,2020-02-03,,,398500859795,398500859795,301500859795,97000000000,0,운용,펀드 AUM 관리_20260515.xlsx,name_only_underlying_asset,direct_owner,direct,,mixed_requires_review,True,True,,,,,,,1,0,0,0,0,0,,,,,,,,,,,,,,,0,0,0,0,0,0,,,
asset_fund_link,ast_d03e122e0d2d,전환사채 | 공모주 | 비상장RCPS | 상장리츠 | AA+ 회사채,지분증권,physical_asset,,,,KR,,영등포구 여의공원로 115,37.530118673,126.926220748,이지스자산운용본사,,auto_created,incomplete,pending,,300047,이지스그린ON일반사모투자신탁제2호,그린ON2호,청산,기타,국내,헤지펀드운용파트,헤지펀드운용파트,이병윤,이병윤,2025-02-27,2025-12-05,,16099078097,16099078097,16099078097,0,0,청산,펀드 AUM 관리_20260515.xlsx,underlying_asset,direct_owner,direct,,mixed_requires_review,True,True,,,,,,,39,0,0,0,0,0,,,,,,,,,,,,,,,0,0,0,0,0,0,,,
asset_fund_link,ast_d03e122e0d2d,전환사채 | 공모주 | 비상장RCPS | 상장리츠 | AA+ 회사채,지분증권,physical_asset,,,,KR,,영등포구 여의공원로 115,37.530118673,126.926220748,이지스자산운용본사,,auto_created,incomplete,pending,,300061,이지스블랙ON일반사모투자신탁제1호,블랙ON1호,운용,기타,혼합,헤지펀드운용파트,헤지펀드운용파트,문석호,문석호,2025-07-22,2027-07-22,,20200000000,20200000000,20200000000,0,0,운용,펀드 AUM 관리_20260515.xlsx,underlying_asset,direct_owner,direct,,mixed_requires_review,True,True,,,,,,,39,0,0,0,0,0,,,,,,,,,,,,,,,0,0,0,0,0,0,,,
asset_fund_link,ast_d03e122e0d2d,전환사채 | 공모주 | 비상장RCPS | 상장리츠 | AA+ 회사채,지분증권,physical_asset,,,,KR,,영등포구 여의공원로 115,37.530118673,126.926220748,이지스자산운용본사,,auto_created,incomplete,pending,,300079,이지스멀티드래곤일반사모투자신탁제6호,멀티드래곤6호,운용,기타,국내,헤지펀드운용파트,헤지펀드운용파트,김유진A,김유진A,2026-02-23,2030-02-23,,11500000000,11500000000,11500000000,0,0,운용,펀드 AUM 관리_20260515.xlsx,underlying_asset,direct_owner,direct,,mixed_requires_review,True,True,,,,,,,39,0,0,0,0,0,,,,,,,,,,,,,,,0,0,0,0,0,0,,,
asset_fund_link,ast_d71e828b5656,Pantheon Viking Co-Invest LP | NMP V | PGSF VII | PSD III,,fund_interest,,,,,,,,,,,needs_review,incomplete,not_checked,,200006,이지스글로벌세컨더리일반사모혼합자산투자신탁제1호,세컨더리1호,운용,특별자산,해외,"글로벌자산관리1파트2, SS&C TF","글로벌자산관리1파트2, SS&C TF",윤주성,윤주성,2023-09-22,2034-09-22,,149516640000,45683658345,149516640000,0,0,운용,펀드 AUM 관리_20260515.xlsx,name_only_underlying_asset,direct_owner,direct,,mixed_requires_review,True,True,,,,,,,1,0,0,0,0,0,,,,,,,,,,,,,,,0,0,0,0,0,0,,,
asset_fund_link,ast_904ac8d066fb,전환사채 | 공모주 | 비상장RCPS | 상장리츠 | AA+ 회사채,,fund_interest,,,,,,,,,,,needs_review,incomplete,not_checked,,112714,이지스 멀티인컴 일반사모투자신탁 제1호(Class C-g),멀티인컴1호(C-g),청산,기타,국내,헤지펀드운용파트,헤지펀드운용파트,이병윤,이병윤,2022-09-15,2024-09-19,,13000000000,13000000000,13000000000,0,0,청산,펀드 AUM 관리_20260515.xlsx,name_only_underlying_asset,direct_owner,direct,,mixed_requires_review,True,True,,,,,,,38,0,0,0,0,0,,,,,,,,,,,,,,,0,0,0,0,0,0,,,
asset_fund_link,ast_904ac8d066fb,전환사채 | 공모주 | 비상장RCPS | 상장리츠 | AA+ 회사채,,fund_interest,,,,,,,,,,,needs_review,incomplete,not_checked,,300012,이지스 멀티인컴 일반사모투자신탁 제4호,멀티인컴4호,청산,기타,국내,헤지펀드운용파트,헤지펀드운용파트,유윤재,유윤재,2023-08-31,2024-02-01,,6064353843,6064353843,6064353843,0,0,청산,펀드 AUM 관리_20260515.xlsx,name_only_underlying_asset,direct_owner,direct,,mixed_requires_review,True,True,,,,,,,38,0,0,0,0,0,,,,,,,,,,,,,,,0,0,0,0,0,0,,,
asset_fund_link,ast_904ac8d066fb,전환사채 | 공모주 | 비상장RCPS | 상장리츠 | AA+ 회사채,,fund_interest,,,,,,,,,,,needs_review,incomplete,not_checked,,300033,이지스하이일드공모주일반사모투자신탁제2호(Class A),하이일드2호(A),청산,기타,국내,헤지펀드운용파트,헤지펀드운용파트,이병윤,이병윤,2024-08-19,2026-03-19,,0,0,0,0,0,청산,펀드 AUM 관리_20260515.xlsx,name_only_underlying_asset,direct_owner,direct,,mixed_requires_review,True,True,,,,,,,38,0,0,0,0,0,,,,,,,,,,,,,,,0,0,0,0,0,0,,,
asset_fund_link,ast_904ac8d066fb,전환사채 | 공모주 | 비상장RCPS | 상장리츠 | AA+ 회사채,,fund_interest,,,,,,,,,,,needs_review,incomplete,not_checked,,300044,이지스코스닥벤처일반사모투자신탁제2호,코스닥벤처2호,운용,기타,국내,헤지펀드운용파트,헤지펀드운용파트,김유진A,김유진A,2024-11-06,2027-11-06,,12999190219,12999190219,12999190219,0,0,운용,펀드 AUM 관리_20260515.xlsx,name_only_underlying_asset,direct_owner,direct,,mixed_requires_review,True,True,,,,,,,38,0,0,0,0,0,,,,,,,,,,,,,,,0,0,0,0,0,0,,,
asset_fund_link,ast_904ac8d066fb,전환사채 | 공모주 | 비상장RCPS | 상장리츠 | AA+ 회사채,,fund_interest,,,,,,,,,,,needs_review,incomplete,not_checked,,300057,이지스 멀티플러스 일반사모투자신탁 제2호(운용),멀티플러스2호,운용,기타,국내,헤지펀드운용파트,헤지펀드운용파트,김유진A,김유진A,2025-07-17,2028-07-17,,13239147480,13239147480,13239147480,0,0,운용,펀드 AUM 관리_20260515.xlsx,name_only_underlying_asset,direct_owner,direct,,mixed_requires_review,True,True,,,,,,,38,0,0,0,0,0,,,,,,,,,,,,,,,0,0,0,0,0,0,,,
asset_fund_link,ast_904ac8d066fb,전환사채 | 공모주 | 비상장RCPS | 상장리츠 | AA+ 회사채,,fund_interest,,,,,,,,,,,needs_review,incomplete,not_checked,,300076,이지스그린ON 일반사모투자신탁제4호(운용),그린ON4호,운용,기타,국내,헤지펀드운용파트,헤지펀드운용파트,문석호,문석호,2026-01-28,2027-07-28,,13489108911,13489108911,13489108911,0,0,운용,펀드 AUM 관리_20260515.xlsx,name_only_underlying_asset,direct_owner,direct,,mixed_requires_review,True,True,,,,,,,38,0,0,0,0,0,,,,,,,,,,,,,,,0,0,0,0,0,0,,,
asset_fund_link,ast_e055ba2f7430,이지스200호(디어스 판교),,fund_interest,,,,,,,,,,,needs_review,incomplete,not_checked,,R00008,주식회사 이지스레지던스위탁관리부동산투자회사,R레지던스,운용,주거,국내,상장리츠파트,상장리츠파트,임수빈,임수빈,2020-02-03,,,398500859795,398500859795,301500859795,97000000000,0,운용,펀드 AUM 관리_20260515.xlsx,name_only_underlying_asset,direct_owner,direct,,mixed_requires_review,True,True,,,,,,,1,0,0,0,0,0,,,,,,,,,,,,,,,0,0,0,0,0,0,,,
asset_fund_link,ast_d03e122e0d2d,전환사채 | 공모주 | 비상장RCPS | 상장리츠 | AA+ 회사채,지분증권,physical_asset,,,,KR,,영등포구 여의공원로 115,37.530118673,126.926220748,이지스자산운용본사,,auto_created,incomplete,pending,,300050,이지스멀티드래곤일반사모투자신탁제4호,멀티드래곤4호,운용,기타,국내,헤지펀드운용파트,헤지펀드운용파트,이병윤,이병윤,2025-02-27,2026-09-27,,13903849353,13903849353,13903849353,0,0,운용,펀드 AUM 관리_20260515.xlsx,underlying_asset,direct_owner,direct,,mixed_requires_review,True,True,,,,,,,39,0,0,0,0,0,,,,,,,,,,,,,,,0,0,0,0,0,0,,,
asset_fund_link,ast_d03e122e0d2d,전환사채 | 공모주 | 비상장RCPS | 상장리츠 | AA+ 회사채,지분증권,physical_asset,,,,KR,,영등포구 여의공원로 115,37.530118673,126.926220748,이지스자산운용본사,,auto_created,incomplete,pending,,300063,이지스 K-프런티어 일반사모투자신탁 제1호,K-프런티어1호,운용,기타,국내,헤지펀드운용파트,헤지펀드운용파트,김정훈,김정훈,2025-08-07,,,7911239108,7911239108,7911239108,0,0,운용,펀드 AUM 관리_20260515.xlsx,underlying_asset,direct_owner,direct,,mixed_requires_review,True,True,,,,,,,39,0,0,0,0,0,,,,,,,,,,,,,,,0,0,0,0,0,0,,,
asset_fund_link,ast_d03e122e0d2d,전환사채 | 공모주 | 비상장RCPS | 상장리츠 | AA+ 회사채,지분증권,physical_asset,,,,KR,,영등포구 여의공원로 115,37.530118673,126.926220748,이지스자산운용본사,,auto_created,incomplete,pending,,300080,이지스블루ON 일반사모투자신탁제2호(운용),블루ON2호,운용,기타,국내,헤지펀드운용파트,헤지펀드운용파트,문석호,문석호,2026-03-09,,,10989697593,10989697593,10989697593,0,0,운용,펀드 AUM 관리_20260515.xlsx,underlying_asset,direct_owner,direct,,mixed_requires_review,True,True,,,,,,,39,0,0,0,0,0,,,,,,,,,,,,,,,0,0,0,0,0,0,,,
asset_fund_link,ast_904ac8d066fb,전환사채 | 공모주 | 비상장RCPS | 상장리츠 | AA+ 회사채,,fund_interest,,,,,,,,,,,needs_review,incomplete,not_checked,,112709,이지스 코스닥벤처 일반사모투자신탁 제1호,코스닥벤처1호,청산,기타,국내,헤지펀드운용파트,헤지펀드운용파트,이병윤,이병윤,2022-09-13,2025-09-15,,11000000000,11000000000,11000000000,0,0,청산,펀드 AUM 관리_20260515.xlsx,name_only_underlying_asset,direct_owner,direct,,mixed_requires_review,True,True,,,,,,,38,0,0,0,0,0,,,,,,,,,,,,,,,0,0,0,0,0,0,,,
asset_fund_link,ast_904ac8d066fb,전환사채 | 공모주 | 비상장RCPS | 상장리츠 | AA+ 회사채,,fund_interest,,,,,,,,,,,needs_review,incomplete,not_checked,,112763,이지스 멀티인컴 일반사모투자신탁 제3호,멀티인컴3호,청산,기타,국내,헤지펀드운용파트,헤지펀드운용파트,유윤재,유윤재,2023-03-06,2026-03-18,,20999510240,20999510240,20999510240,0,0,청산,펀드 AUM 관리_20260515.xlsx,name_only_underlying_asset,direct_owner,direct,,mixed_requires_review,True,True,,,,,,,38,0,0,0,0,0,,,,,,,,,,,,,,,0,0,0,0,0,0,,,
asset_fund_link,ast_904ac8d066fb,전환사채 | 공모주 | 비상장RCPS | 상장리츠 | AA+ 회사채,,fund_interest,,,,,,,,,,,needs_review,incomplete,not_checked,,300018,이지스멀티드래곤일반사모투자신탁제1호,멀티드래곤1호,운용,기타,국내,헤지펀드운용파트,헤지펀드운용파트,김유진A,김유진A,2024-02-05,2028-02-05,,10200000000,10200000000,10200000000,0,0,운용,펀드 AUM 관리_20260515.xlsx,name_only_underlying_asset,direct_owner,direct,,mixed_requires_review,True,True,,,,,,,38,0,0,0,0,0,,,,,,,,,,,,,,,0,0,0,0,0,0,,,
asset_fund_link,ast_904ac8d066fb,전환사채 | 공모주 | 비상장RCPS | 상장리츠 | AA+ 회사채,,fund_interest,,,,,,,,,,,needs_review,incomplete,not_checked,,300034,이지스하이일드공모주일반사모투자신탁제2호(Class C1),하이일드2호(C1),미설정,기타,국내,헤지펀드운용파트,헤지펀드운용파트,이병윤,이병윤,2024-08-19,2024-08-19,,,,,,,,펀드 AUM 관리_20260515.xlsx,name_only_underlying_asset,direct_owner,direct,,mixed_requires_review,True,True,,,,,,,38,0,0,0,0,0,,,,,,,,,,,,,,,0,0,0,0,0,0,,,
asset_fund_link,ast_904ac8d066fb,전환사채 | 공모주 | 비상장RCPS | 상장리츠 | AA+ 회사채,,fund_interest,,,,,,,,,,,needs_review,incomplete,not_checked,,300047,이지스그린ON일반사모투자신탁제2호,그린ON2호,청산,기타,국내,헤지펀드운용파트,헤지펀드운용파트,이병윤,이병윤,2025-02-27,2025-12-05,,16099078097,16099078097,16099078097,0,0,청산,펀드 AUM 관리_20260515.xlsx,name_only_underlying_asset,direct_owner,direct,,mixed_requires_review,True,True,,,,,,,38,0,0,0,0,0,,,,,,,,,,,,,,,0,0,0,0,0,0,,,
asset_fund_link,ast_904ac8d066fb,전환사채 | 공모주 | 비상장RCPS | 상장리츠 | AA+ 회사채,,fund_interest,,,,,,,,,,,needs_review,incomplete,not_checked,,300061,이지스블랙ON일반사모투자신탁제1호,블랙ON1호,운용,기타,혼합,헤지펀드운용파트,헤지펀드운용파트,문석호,문석호,2025-07-22,2027-07-22,,20200000000,20200000000,20200000000,0,0,운용,펀드 AUM 관리_20260515.xlsx,name_only_underlying_asset,direct_owner,direct,,mixed_requires_review,True,True,,,,,,,38,0,0,0,0,0,,,,,,,,,,,,,,,0,0,0,0,0,0,,,
asset_fund_link,ast_904ac8d066fb,전환사채 | 공모주 | 비상장RCPS | 상장리츠 | AA+ 회사채,,fund_interest,,,,,,,,,,,needs_review,incomplete,not_checked,,300079,이지스멀티드래곤일반사모투자신탁제6호,멀티드래곤6호,운용,기타,국내,헤지펀드운용파트,헤지펀드운용파트,김유진A,김유진A,2026-02-23,2030-02-23,,11500000000,11500000000,11500000000,0,0,운용,펀드 AUM 관리_20260515.xlsx,name_only_underlying_asset,direct_owner,direct,,mixed_requires_review,True,True,,,,,,,38,0,0,0,0,0,,,,,,,,,,,,,,,0,0,0,0,0,0,,,
asset_fund_link,ast_9f24f6c24f75,"이지스411호(200호 재간접, 디어스 판교)",,fund_interest,,,,,,,,,,,needs_review,incomplete,not_checked,,R00008,주식회사 이지스레지던스위탁관리부동산투자회사,R레지던스,운용,주거,국내,상장리츠파트,상장리츠파트,임수빈,임수빈,2020-02-03,,,398500859795,398500859795,301500859795,97000000000,0,운용,펀드 AUM 관리_20260515.xlsx,name_only_underlying_asset,direct_owner,direct,,mixed_requires_review,True,True,,,,,,,1,0,0,0,0,0,,,,,,,,,,,,,,,0,0,0,0,0,0,,,
asset_fund_link,ast_8e254bfe7df1,런던원우드스트리트 Prime오피스,오피스,physical_asset,,,,,London,"One Wood Street, London, EC2",,,,A112010001,verified,unknown,not_checked,,112010,이지스KORIF사모부동산 투자신탁 11-2호,11-2호,청산,오피스,혼합,"229호TF, 글로벌자산관리1파트1, 글로벌자산관리1파트","229호TF, 글로벌자산관리1파트1, 글로벌자산관리1파트",신소현,신소현,2012-08-10,2018-07-31,,2276796638,2276796638,10000,2276786638,0,청산,펀드 AUM 관리_20260515.xlsx,underlying_asset,direct_owner,direct,,unallocated,True,False,,,,,,,2,2276796638,2276796638,10000,2276786638,0,2751.7,,5.0,,오피스,,8,,,,,2007-01-01,,,0,0,0,0,0,0,,,
asset_fund_link,ast_f5fc5bbdb980,London Office Ropemaker Place,오피스,physical_asset,,,,,런던,"28 Ropemaker Place, London, EC2",,,,A112019001,verified,unknown,not_checked,,112019,이지스KORIF사모부동산투자신탁17-1호,17-1호,청산,오피스,혼합,이지스자산운용,이지스자산운용,이원석,이원석,2013-03-05,2021-06-30,,871030000,871030000,871030000,0,0,청산,펀드 AUM 관리_20260515.xlsx,underlying_asset,direct_owner,direct,,unallocated,True,False,,,,,,,4,3484120000,3484120000,3484120000,0,0,,37222.95,5.01,,오피스,,20,,,23,,2009-05-01,,,0,0,0,0,0,0,,,
asset_fund_link,ast_f5fc5bbdb980,London Office Ropemaker Place,오피스,physical_asset,,,,,런던,"28 Ropemaker Place, London, EC2",,,,A112019001,verified,unknown,not_checked,,112020,이지스KORIF사모부동산투자신탁17-2호,17-2호,청산,오피스,혼합,이지스자산운용,이지스자산운용,이원석,이원석,2013-03-05,2021-06-30,,871030000,871030000,871030000,0,0,청산,펀드 AUM 관리_20260515.xlsx,underlying_asset,direct_owner,direct,,unallocated,True,False,,,,,,,4,3484120000,3484120000,3484120000,0,0,,37222.95,5.01,,오피스,,20,,,23,,2009-05-01,,,0,0,0,0,0,0,,,
asset_fund_link,ast_f5fc5bbdb980,London Office Ropemaker Place,오피스,physical_asset,,,,,런던,"28 Ropemaker Place, London, EC2",,,,A112019001,verified,unknown,not_checked,,112021,이지스KORIF사모부동산투자신탁17-3호,17-3호,청산,오피스,혼합,이지스자산운용,이지스자산운용,이원석,이원석,2013-03-05,2021-06-30,,871030000,871030000,871030000,0,0,청산,펀드 AUM 관리_20260515.xlsx,underlying_asset,direct_owner,direct,,unallocated,True,False,,,,,,,4,3484120000,3484120000,3484120000,0,0,,37222.95,5.01,,오피스,,20,,,23,,2009-05-01,,,0,0,0,0,0,0,,,
asset_fund_link,ast_f5fc5bbdb980,London Office Ropemaker Place,오피스,physical_asset,,,,,런던,"28 Ropemaker Place, London, EC2",,,,A112019001,verified,unknown,not_checked,,112022,이지스KORIF사모부동산투자신탁17-4호,17-4호,청산,오피스,혼합,이지스자산운용,이지스자산운용,이원석,이원석,2013-03-05,2021-06-30,,871030000,871030000,871030000,0,0,청산,펀드 AUM 관리_20260515.xlsx,underlying_asset,direct_owner,direct,,unallocated,True,False,,,,,,,4,3484120000,3484120000,3484120000,0,0,,37222.95,5.01,,오피스,,20,,,23,,2009-05-01,,,0,0,0,0,0,0,,,
asset_fund_link,ast_1b09ced3f5a7,호수빌딩,오피스,physical_asset,,,,,,대구광역시 중구 동인동2가 50-3,35.86922954976167,128.60120426938542,2711010200100500003,A112025004,verified,unknown,pending,,112025,이지스 KORIF 사모부동산투자신탁 22호,22호,청산,오피스,국내,"사업그룹4파트, 전략펀드운용1실","사업그룹4파트, 전략펀드운용1실",이현호,이현호,2013-07-04,2024-07-04,,3200000000,3200000000,3200000000,0,0,청산,펀드 AUM 관리_20260515.xlsx,underlying_asset,direct_owner,direct,,unallocated,True,False,,,,,,,3,3200000000,3200000000,3200000000,0,0,,42967.0,,,오피스,,,,,,,2006-12-01,,,0,0,137700000000,102030528641,0,5,기회추구2호,,
asset_fund_link,ast_a69271e859b5,PartnersGroup Real Estate Secondary 2013,오피스복합,physical_asset,,,,,,,,,,A112026001,verified,unknown,not_checked,,112026,이지스해외간접RES사모부동산투자신탁제20-1호,20-1호,운용,복합(오피스),해외,글로벌자산관리2파트1,글로벌자산관리2파트1,이진희,이진희,2013-08-26,2027-08-26,,29680833000,6909238629,29680833000,0,0,운용,펀드 AUM 관리_20260515.xlsx,underlying_asset,direct_owner,direct,,unallocated,True,False,,,,,,,3,126110166000,31470251251,126110166000,0,0,,,,,오피스복합,,,,,,,,,,0,0,126110166000,31470251251,0,6,PartnersGroup Real Estate Secondary 2013,,
asset_fund_link,ast_a69271e859b5,PartnersGroup Real Estate Secondary 2013,오피스복합,physical_asset,,,,,,,,,,A112026001,verified,unknown,not_checked,,112030,이지스해외간접RES사모부동산투자신탁제20-2호,20-2호,운용,복합(오피스),해외,글로벌자산관리2파트1,글로벌자산관리2파트1,이진희,이진희,2013-12-30,2027-06-30,,74165000000,18402041646,74165000000,0,0,운용,펀드 AUM 관리_20260515.xlsx,underlying_asset,direct_owner,direct,,unallocated,True,False,,,,,,,3,126110166000,31470251251,126110166000,0,0,,,,,오피스복합,,,,,,,,,,0,0,126110166000,31470251251,0,6,PartnersGroup Real Estate Secondary 2013,,
asset_fund_link,ast_a69271e859b5,PartnersGroup Real Estate Secondary 2013,오피스복합,physical_asset,,,,,,,,,,A112026001,verified,unknown,not_checked,,112032,이지스해외간접RES사모부동산투자신탁제20-3호,20-3호,운용,복합(오피스),해외,글로벌자산관리2파트1,글로벌자산관리2파트1,이진희,이진희,2014-04-07,2029-04-07,,22264333000,6158970976,22264333000,0,0,운용,펀드 AUM 관리_20260515.xlsx,underlying_asset,direct_owner,direct,,unallocated,True,False,,,,,,,3,126110166000,31470251251,126110166000,0,0,,,,,오피스복합,,,,,,,,,,0,0,126110166000,31470251251,0,6,PartnersGroup Real Estate Secondary 2013,,
asset_fund_link,ast_bc4589571b0d,Sanofi 본사(파리),오피스,physical_asset,,,,,파리,"54/56 Rue la Boetie, Paris, France",,,,A112035001,verified,unknown,not_checked,,112035,이지스글로벌사모부동산투자신탁37-1호,37-1호,운용,오피스,해외,글로벌자산관리2파트1,글로벌자산관리2파트1,이수현,이수현,2014-09-25,2028-09-25,,513258494068,513258494068,150339279568,362919214500,0,운용,펀드 AUM 관리_20260515.xlsx,underlying_asset,direct_owner,direct,,unallocated,True,False,,,,,,,1,513258494068,513258494068,150339279568,362919214500,0,,19863.0,4.7,,오피스,,8,,,182,,1912-01-01,,,0,0,0,0,0,0,"Sanofi 본사(파리), Bell 본사(몬트리올), OJP사옥(워싱턴)",,
asset_fund_link,ast_40cc5cccfb6c,Bell 본사(몬트리올),오피스,physical_asset,,,,,몬트리올,"1 Carrefour Alexander-Graham-Bell. Montreal, Canada",,,,A112035002,verified,unknown,not_checked,,112035,이지스글로벌사모부동산투자신탁37-1호,37-1호,운용,오피스,해외,글로벌자산관리2파트1,글로벌자산관리2파트1,이수현,이수현,2014-09-25,2028-09-25,,513258494068,513258494068,150339279568,362919214500,0,운용,펀드 AUM 관리_20260515.xlsx,underlying_asset,direct_owner,direct,,unallocated,True,False,,,,,,,1,513258494068,513258494068,150339279568,362919214500,0,,78124.0,5.9,,오피스,,8,,,2164,,2008-01-01,,,0,0,0,0,0,0,,,
asset_fund_link,ast_0546ff4ee9db,OJP사옥(워싱턴),오피스,physical_asset,,,,,워싱턴 D.C.,"810 7th Street, N.W., Washington D.C., U.S.A.",,,,A112035003,verified,unknown,not_checked,,112035,이지스글로벌사모부동산투자신탁37-1호,37-1호,운용,오피스,해외,글로벌자산관리2파트1,글로벌자산관리2파트1,이수현,이수현,2014-09-25,2028-09-25,,513258494068,513258494068,150339279568,362919214500,0,운용,펀드 AUM 관리_20260515.xlsx,underlying_asset,direct_owner,direct,,unallocated,True,False,,,,,,,1,513258494068,513258494068,150339279568,362919214500,0,,25759.0,5.6,,오피스,,8,,,230,,1991-01-01,,,0,0,150339279567,150339279567,0,6,,,
asset_fund_link,ast_39ccf4397829,Sanofi 본사(파리) 대출,오피스,physical_asset,,,,,파리,"54/56 Rue la Boetie, Paris, France",,,,A112036001,verified,unknown,not_checked,,112036,이지스글로벌사모부동산투자신탁37-2호,37-2호,운용,오피스,해외,글로벌자산관리2파트1,글로벌자산관리2파트1,이수현,이수현,2014-09-25,2028-09-25,,135625967128,135625967128,135625967128,0,0,운용,펀드 AUM 관리_20260515.xlsx,underlying_asset,direct_owner,direct,,unallocated,True,False,,,,,,,1,135625967128,135625967128,135625967128,0,0,,19863.0,4.7,,오피스,,8,,,182,,1912-01-01,,,0,0,135625967128,135625967128,0,6,"Sanofi 본사(파리) 대출, Bell 본사(몬트리올) 대출, OJP사옥(워싱턴) 대출",,
asset_fund_link,ast_bd3d31c699b0,Bell 본사(몬트리올) 대출,오피스,physical_asset,,,,,몬트리올,"1 Carrefour Alexander-Graham-Bell. Montreal, Canada",,,,A112036002,verified,unknown,not_checked,,112036,이지스글로벌사모부동산투자신탁37-2호,37-2호,운용,오피스,해외,글로벌자산관리2파트1,글로벌자산관리2파트1,이수현,이수현,2014-09-25,2028-09-25,,135625967128,135625967128,135625967128,0,0,운용,펀드 AUM 관리_20260515.xlsx,underlying_asset,direct_owner,direct,,unallocated,True,False,,,,,,,1,135625967128,135625967128,135625967128,0,0,,78124.0,5.9,,오피스,,8,,,2164,,2008-01-01,,,0,0,0,0,0,0,,,
asset_fund_link,ast_9af08cf90d71,OJP사옥(워싱턴) 대출,오피스,physical_asset,,,,,워싱턴 D.C.,"810 7th Street, N.W., Washington D.C., U.S.A.",,,,A112036003,verified,unknown,not_checked,,112036,이지스글로벌사모부동산투자신탁37-2호,37-2호,운용,오피스,해외,글로벌자산관리2파트1,글로벌자산관리2파트1,이수현,이수현,2014-09-25,2028-09-25,,135625967128,135625967128,135625967128,0,0,운용,펀드 AUM 관리_20260515.xlsx,underlying_asset,direct_owner,direct,,unallocated,True,False,,,,,,,1,135625967128,135625967128,135625967128,0,0,,,5.6,,오피스,,8,,,230,,1991-01-01,,,0,0,0,0,0,0,,,
asset_fund_link,ast_e0a9abed71bf,롯데수원역쇼핑타운토지,오피스복합,physical_asset,,,,,,경기도 수원시 권선구 서둔동 296-77 외 2필지,,,,A112037001,verified,unknown,not_checked,,112037,이지스복합쇼핑몰사모부동산투자신탁30호,30호,운용,리테일,국내,자산관리1파트1,자산관리1파트1,김수현,김수현,2014-10-08,2034-10-08,,283800000000,283800000000,133800000000,150000000000,0,운용,펀드 AUM 관리_20260515.xlsx,underlying_asset,direct_owner,direct,,unallocated,True,False,,,,,,,3,283800000000,283800000000,133800000000,150000000000,0,,43444.0,5.14,,리테일,,,,,,,,,,450000000000,450000000000,133800000000,133800000000,1,3,롯데 수원역 쇼핑타운 토지,,
asset_fund_link,ast_a86fcdf7e228,CBRE IM European Logistics Partners Fund,물류센터,physical_asset,,,,,Multiple,,,,,A112041001,verified,unknown,not_checked,,112041,이지스해외간접ELP사모부동산투자신탁제40호,40호,청산,물류,해외,"글로벌자산관리1파트2, SS&C TF","글로벌자산관리1파트2, SS&C TF",윤주성,윤주성,2014-12-18,2024-09-05,,88780414243,514308437,88780414243,0,0,청산,펀드 AUM 관리_20260515.xlsx,underlying_asset,direct_owner,direct,,unallocated,True,False,,,,,,,1,88780414243,514308437,88780414243,0,0,,,,,물류,,,,,,,,,,0,0,0,0,0,0,,,
asset_fund_link,ast_8237a62aef6a,신라스테이서대문,호텔,physical_asset,,,,KR,,서울특별시 서대문구 미근동 163,,,,A112042001,verified,unknown,not_checked,,112042,이지스일반사모부동산모투자신탁43호,43호,청산,호텔,국내,자산관리2파트4,자산관리2파트4,김유리,김유리,2014-12-15,2026-03-13,,74457709178,457709178,457709178,74000000000,0,청산,펀드 AUM 관리_20260515.xlsx,underlying_asset,direct_owner,direct,,unallocated,True,False,,,,,,,1,74457709178,457709178,457709178,74000000000,0,,13441.37,,,호텔,,,,,,,2015-03-01,,,0,0,0,0,0,0,신라스테이 서대문,,
asset_fund_link,ast_a71132d3cc09,이지스모 43호,호텔,physical_asset,,,,,,이지스모 43호,,,,A112043001,verified,unknown,not_checked,,112043,이지스사모부동산자투자신탁43-1호,43-1호,청산,호텔,국내,자산관리2파트4,자산관리2파트4,김유리,김유리,2014-12-15,2026-03-13,,0,0,0,0,0,청산,펀드 AUM 관리_20260515.xlsx,underlying_asset,direct_owner,direct,,unallocated,True,False,,,,,,,2,0,0,0,0,0,,,,,호텔,,,,,,,,,,0,0,0,0,0,0,,,
asset_fund_link,ast_a71132d3cc09,이지스모 43호,호텔,physical_asset,,,,,,이지스모 43호,,,,A112043001,verified,unknown,not_checked,,112044,이지스사모부동산자투자신탁43-2호,43-2호,청산,호텔,국내,자산관리2파트4,자산관리2파트4,김유리,김유리,2014-12-16,2026-03-13,,0,0,0,0,0,청산,펀드 AUM 관리_20260515.xlsx,underlying_asset,direct_owner,direct,,unallocated,True,False,,,,,,,2,0,0,0,0,0,,,,,호텔,,,,,,,,,,0,0,0,0,0,0,,,
asset_fund_link,ast_230b908af3f7,프랑스 Orange Telecome 오피스,오피스,physical_asset,,,,,Arcueil,"59 avenue Vladimir Ilitch Lénine, ARCEUIL",,,,A112046001,verified,unknown,not_checked,,112046,이지스프랑스오피스사모부동산투자신탁제15호,15호,청산,오피스,해외,글로벌자산관리1파트2,글로벌자산관리1파트2,김선미,김선미,2015-06-15,2020-03-04,,100700304147,100700304147,38299839147,62400465000,0,청산,펀드 AUM 관리_20260515.xlsx,underlying_asset,direct_owner,direct,,unallocated,True,False,,,,,,,2,100700304147,100700304147,38299839147,62400465000,0,9880.0,32510.0,7.2,,오피스,,10,,,253,,1969-01-01,,,0,0,0,0,0,0,,,
asset_fund_link,ast_2dabc46c306b,Atlanta Office Midtown I,오피스,physical_asset,,,,,Atlanta,"754 PeachtreeStreet, Fulton County, GA 30308, Atlanta",,,,A112049001,verified,unknown,not_checked,,112049,이지스글로벌일반사모부동산투자신탁50호,50호,운용,오피스,해외,"글로벌자산관리1파트2, SS&C TF","글로벌자산관리1파트2, SS&C TF",윤주성,윤주성,2015-06-16,2030-06-16,,596785777159,654307267182,412411587159,184374190000,0,운용,펀드 AUM 관리_20260515.xlsx,underlying_asset,direct_owner,direct,,unallocated,True,False,,,,,,,1,596785777159,654307267182,412411587159,184374190000,0,,47575.74,5.89,,오피스,,16,,,,,2001-01-01,,,0,0,412411587159,496221241157,0,3,"Atlanta Office Midtown I, Atlanta Office Midtown II, Atlanta Office Midtown 주차빌딩",50호,
asset_fund_link,ast_6459d1f7f3f6,Atlanta Office Midtown II,오피스,physical_asset,,,,,Atlanta,"725 West Peachtree Street, Fulton County, GA 30308, Atlanta",,,,A112049002,verified,unknown,not_checked,,112049,이지스글로벌일반사모부동산투자신탁50호,50호,운용,오피스,해외,"글로벌자산관리1파트2, SS&C TF","글로벌자산관리1파트2, SS&C TF",윤주성,윤주성,2015-06-16,2030-06-16,,596785777159,654307267182,412411587159,184374190000,0,운용,펀드 AUM 관리_20260515.xlsx,underlying_asset,direct_owner,direct,,unallocated,True,False,,,,,,,1,596785777159,654307267182,412411587159,184374190000,0,,26199.49,,,오피스,,8,,,,,2002-01-01,,,0,0,0,0,0,0,,,
asset_fund_link,ast_d0735c2d17ab,Atlanta Office Midtown 주차빌딩,오피스,physical_asset,,,,,Atlanta,"37Fifth Street, Fulton County, GA 30308, Atlanta",,,,A112049003,verified,unknown,not_checked,,112049,이지스글로벌일반사모부동산투자신탁50호,50호,운용,오피스,해외,"글로벌자산관리1파트2, SS&C TF","글로벌자산관리1파트2, SS&C TF",윤주성,윤주성,2015-06-16,2030-06-16,,596785777159,654307267182,412411587159,184374190000,0,운용,펀드 AUM 관리_20260515.xlsx,underlying_asset,direct_owner,direct,,unallocated,True,False,,,,,,,1,596785777159,654307267182,412411587159,184374190000,0,,1231.62,,,오피스,,9,,,2459,,2001-01-01,,,0,0,0,0,0,0,,,
asset_fund_link,ast_6b75948563b6,Prologis Targeted European Logistics Fund,물류센터,physical_asset,,,,,Multiple,,,,,A112050001,verified,unknown,not_checked,,112050,이지스해외간접PTELF사모부동산투자신탁제46호,46호,청산,물류,해외,"글로벌자산관리1파트2, SS&C TF","글로벌자산관리1파트2, SS&C TF",윤주성,윤주성,2015-06-26,2023-01-06,,80737200000,56066718126,80737200000,0,0,청산,펀드 AUM 관리_20260515.xlsx,underlying_asset,direct_owner,direct,,unallocated,True,False,,,,,,,2,110220200000,80694483665,110220200000,0,0,,,,,물류,,,,,,,,,,0,0,0,0,0,0,,,
asset_fund_link,ast_6b75948563b6,Prologis Targeted European Logistics Fund,물류센터,physical_asset,,,,,Multiple,,,,,A112050001,verified,unknown,not_checked,,112125,이지스유럽일반사모부동산투자신탁46-1호 (재간접형),46-1호,청산,물류,해외,"글로벌자산관리1파트2, SS&C TF","글로벌자산관리1파트2, SS&C TF",윤주성,윤주성,2017-04-13,2023-05-11,,29483000000,24627765539,29483000000,0,0,청산,펀드 AUM 관리_20260515.xlsx,underlying_asset,direct_owner,direct,,unallocated,True,False,,,,,,,2,110220200000,80694483665,110220200000,0,0,,,,,물류,,,,,,,,,,0,0,0,0,0,0,,,
asset_fund_link,ast_6d4a384539b2,Hines Poland Sustainable Income Fund,오피스복합,physical_asset,,,,,,,,,,A112051001,verified,unknown,not_checked,,112051,이지스유럽재간접사모부동산투자신탁제52호,52호,운용,복합(오피스),해외,글로벌자산관리1파트2,글로벌자산관리1파트2,신윤아,신윤아,2015-06-26,2026-12-26,,43285057100,15184928920,43285057100,0,0,운용,펀드 AUM 관리_20260515.xlsx,underlying_asset,direct_owner,direct,,unallocated,True,False,,,,,,,4,43285057100,15184928920,43285057100,0,0,,,,,오피스복합,,,,,,,,,,0,0,43285057100,15184928920,0,2,Hines Poland Sustainable Income Fund,,
asset_fund_link,ast_aefd81e93778,Colony Distressed Credit Fund IV,오피스,physical_asset,,,,,"파리, 더블린, 니스",,,,,A112057001,verified,unknown,not_checked,,112057,이지스해외간접DCVR사모부동산투자신탁21호,21호,운용,오피스,해외,"글로벌자산관리2파트1, 281호TF","글로벌자산관리2파트1, 281호TF",김민건,김민건,2015-12-17,2026-10-17,,222495000000,86159144031,222495000000,0,0,운용,펀드 AUM 관리_20260515.xlsx,underlying_asset,direct_owner,direct,,unallocated,True,False,,,,,,,3,222495000000,86159144031,222495000000,0,0,,,,,오피스,,,,,,,,,,0,0,222495000000,86159144031,0,5,421호펀드 | Colony Distressed Credit Fund IV,21호 재간접,
asset_fund_link,ast_ebd723e072c4,Vienna Office & Retail Wien Mitte,오피스복합,physical_asset,,,,,Vienna,"A-1030 Vienna, Austria",,,,A112058001,verified,unknown,not_checked,,112058,이지스글로벌사모부동산투자신탁56호,56호,운용,복합(오피스),해외,글로벌자산관리1파트2,글로벌자산관리1파트2,신윤아,신윤아,2015-10-13,2028-10-13,,421112380815,421112380815,157962252090,263150128725,0,운용,펀드 AUM 관리_20260515.xlsx,underlying_asset,direct_owner,direct,,unallocated,True,False,,,,,,,1,421112380815,421112380815,157962252090,263150128725,0,,159761.0,4.6,,오피스복합,,,,,473,,2015-01-01,,,0,0,157962252090,157962252090,0,4,Vienna Office & Retail Wien Mitte,,
asset_fund_link,ast_7a41b6b1cb32,Washington D.C. Washington Square Mezzanine Loan,오피스복합,physical_asset,,,,,워싱턴 D.C.,"1050 Connecticut Avenue NW, Washington, D.C.",,,,A112063001,verified,unknown,not_checked,,112063,이지스글로벌일반사모부동산투자신탁70호,70호,청산,오피스,해외,"글로벌자산관리2파트1, 281호TF","글로벌자산관리2파트1, 281호TF",김민건,김민건,2016-03-18,2025-11-05,,163208265405,163208265405,77744265405,85464000000,0,청산,펀드 AUM 관리_20260515.xlsx,underlying_asset,direct_owner,direct,,unallocated,True,False,,,,,,,1,163208265405,163208265405,77744265405,85464000000,0,,,4.6,,오피스,,12,,,595,,1982-01-01,,,0,0,0,0,0,0,Washington D.C. Washington Square Mezzanine Loan,,
asset_fund_link,ast_b1f5f079a694,Miami Courvoisier Center Senior Loan,오피스,physical_asset,,,,,마이애미,"501 Brickell Key Drive, Miami, Florida 33131",,,,A112065001,verified,unknown,not_checked,,112065,이지스글로벌일반사모부동산투자신탁75호,75호,청산,대출채권,해외,글로벌자산관리2파트2,글로벌자산관리2파트2,김규식,김규식,2016-02-17,2026-04-30,,2008930724,2008930724,2008930724,0,0,청산,펀드 AUM 관리_20260515.xlsx,underlying_asset,direct_owner,direct,,unallocated,True,False,,,,,,,2,135505930724,136918930724,135505930724,0,0,,,4.2,,오피스,,7,,,996,,1986-01-01,,,0,0,0,0,0,0,Miami Courvoisier Center Senior Loan,,
asset_fund_link,ast_c77b0263f7c6,PFV_Westwood 지분증권,물류센터,physical_asset,,,,,,,,,,A112066001,verified,unknown,not_checked,,112066,이지스전문투자형사모부동산투자신탁77호,77호,청산,물류,국내,,,,,2016-04-06,2019-11-20,,0,0,0,0,0,청산,펀드 AUM 관리_20260515.xlsx,underlying_asset,direct_owner,direct,,unallocated,True,False,,,,,,,2,86535500000,11450000000,86535500000,0,0,,,,,물류,,,,,,,,,,0,0,0,0,0,0,,,
asset_fund_link,ast_0e8530670140,괌 웨스틴 호텔,호텔,physical_asset,,,,,,"105 Gun Beach Road, Tumon, Guam 96913 U.S.A",,,,A112067001,verified,unknown,not_checked,,112067,이지스일반사모부동산투자신탁72호(운용),72호,운용,호텔,해외,자산관리2파트1,자산관리2파트1,이경훈,이경훈,2016-01-29,2037-06-29,,195661236636,240834749673,124361236636,71300000000,0,운용,펀드 AUM 관리_20260515.xlsx,underlying_asset,direct_owner,direct,,unallocated,True,False,,,,,,,1,195661236636,240834749673,124361236636,71300000000,0,,65226.0,6.8,,호텔,,,,,,,1996-12-15,,,213900000000,213900000000,269438231250,269438231250,2,3,괌웨스틴호텔,,
asset_fund_link,ast_e82ed4b638d4,New York 787 Seventh Avenue Mezzanine Loan,오피스,physical_asset,,,,,뉴욕,"787 Seventh Avenue (51st & 52nd Street), NY",,,,A112068001,verified,unknown,not_checked,,112068,이지스글로벌일반사모부동산투자신탁60-1호,60-1호,운용,오피스,해외,글로벌자산관리2파트1,글로벌자산관리2파트1,이진희,이진희,2016-02-15,2026-08-15,,155677752,155677752,155677752,0,0,운용,펀드 AUM 관리_20260515.xlsx,underlying_asset,direct_owner,direct,,unallocated,True,False,,,,,,,2,311355504,311355504,311355504,0,0,,,4.22,,오피스,,50,,,80,,1985-01-01,,,0,0,311355504,311355504,0,10,New York 787 Seventh Avenue Mezzanine Loan,,
asset_fund_link,ast_e82ed4b638d4,New York 787 Seventh Avenue Mezzanine Loan,오피스,physical_asset,,,,,뉴욕,"787 Seventh Avenue (51st & 52nd Street), NY",,,,A112068001,verified,unknown,not_checked,,112069,이지스글로벌일반사모부동산투자신탁60-2호,60-2호,운용,오피스,해외,글로벌자산관리2파트1,글로벌자산관리2파트1,이진희,이진희,2016-02-15,2026-08-15,,155677752,155677752,155677752,0,0,운용,펀드 AUM 관리_20260515.xlsx,underlying_asset,direct_owner,direct,,unallocated,True,False,,,,,,,2,311355504,311355504,311355504,0,0,,,4.22,,오피스,,50,,,80,,1985-01-01,,,0,0,311355504,311355504,0,10,New York 787 Seventh Avenue Mezzanine Loan,,
asset_fund_link,ast_f2df751470ee,Nuveen UK Enhanced Debt Fund,오피스복합,physical_asset,,,,,London,7개 포트폴리오,,,,A112072001,verified,unknown,not_checked,,112072,이지스영국전문투자형사모부동산투자신탁73호,73호,청산,복합(오피스),해외,"229호TF, 글로벌자산관리1파트1, 글로벌자산관리1파트","229호TF, 글로벌자산관리1파트1, 글로벌자산관리1파트",신소현,신소현,2016-06-28,2020-12-22,,73360418520,73360418520,73360418520,0,0,청산,펀드 AUM 관리_20260515.xlsx,underlying_asset,direct_owner,direct,,unallocated,True,False,,,,,,,3,130258669260,130258669260,130258669260,0,0,,,,,오피스,,,,,,,,,,0,0,0,0,0,0,,,
asset_fund_link,ast_f2df751470ee,Nuveen UK Enhanced Debt Fund,오피스복합,physical_asset,,,,,London,7개 포트폴리오,,,,A112072001,verified,unknown,not_checked,,112137,이지스영국전문투자형사모부동산투자신탁73-1호,73-1호,청산,복합(오피스),해외,글로벌자산관리1파트2,글로벌자산관리1파트2,김선미,김선미,2017-06-29,2020-11-13,,56898250740,56898250740,56898250740,0,0,청산,펀드 AUM 관리_20260515.xlsx,underlying_asset,direct_owner,direct,,unallocated,True,False,,,,,,,3,130258669260,130258669260,130258669260,0,0,,,,,오피스,,,,,,,,,,0,0,0,0,0,0,,,
asset_fund_link,ast_3575c5ffffe0,Dallas KPMG Plaza Senior Loan,오피스,physical_asset,,,,,Dallas,"2323 Ross Avenue, Dallas, Texas 75201",,,,A112073001,verified,unknown,not_checked,,112073,이지스글로벌전문투자형사모부동산투자신탁78호,78호,청산,오피스,해외,글로벌자산관리1파트2,글로벌자산관리1파트2,김선미,김선미,2016-04-11,2020-01-15,,76462881677,76462881677,76462881677,0,0,청산,펀드 AUM 관리_20260515.xlsx,underlying_asset,direct_owner,direct,,unallocated,True,False,,,,,,,2,162998381677,85669881677,162998381677,0,0,6609.68,,4.92,,오피스,,18,,,2109,,2015-10-01,,,0,0,0,0,0,0,,,
asset_fund_link,ast_db4e0440e038,AXA Real Estate Development Venture IV,오피스복합,physical_asset,,,,,,,,,,A112074001,verified,unknown,not_checked,,112074,이지스유럽일반사모부동산투자신탁57호 (재간접형),57호,운용,복합(오피스),해외,글로벌자산관리1파트2,글로벌자산관리1파트2,유진선,유진선,2016-05-04,2028-08-04,,51921300000,34803755150,51921300000,0,0,운용,펀드 AUM 관리_20260515.xlsx,underlying_asset,direct_owner,direct,,unallocated,True,False,,,,,,,1,51921300000,34803755150,51921300000,0,0,,,,,오피스복합,,,,,,,,,,0,0,51921300000,34803755150,0,1,AXA Real Estate Development Venture IV,,
asset_fund_link,ast_d27d2be05580,US BioMed Portfolio Senior Loan,오피스복합,physical_asset,,,,,,16개 자산 포트폴리오,,,,A112076001,verified,unknown,not_checked,,112076,이지스글로벌전문투자형사모부동산투자신탁84호,84호,청산,복합(오피스),해외,"229호TF, 글로벌자산관리1파트1, 글로벌자산관리1파트","229호TF, 글로벌자산관리1파트1, 글로벌자산관리1파트",신소현,신소현,2016-04-29,2018-08-09,,171211080,171211080,171211080,0,0,청산,펀드 AUM 관리_20260515.xlsx,underlying_asset,direct_owner,direct,,unallocated,True,False,,,,,,,2,171211080,171211080,171211080,0,0,,,5.19,,오피스,,,,,,,,,,0,0,0,0,0,0,,,
asset_fund_link,ast_c738d1b8cbc2,Washington D.C. Atlantic Building Senior Loan,,physical_asset,,,,,워싱턴 D.C.,"950 F Street, NW Washington, D.C. 20004",,,,A112077001,verified,unknown,not_checked,,112077,이지스미국일반사모부동산투자신탁83호,83호,운용,오피스,해외,글로벌자산관리2파트1,글로벌자산관리2파트1,이수현,이수현,2016-05-31,2031-10-30,,306496329051,306496329051,306496329051,0,0,운용,펀드 AUM 관리_20260515.xlsx,underlying_asset,direct_owner,direct,,unallocated,True,False,,,,,,,1,306496329051,306496329051,306496329051,0,0,,,4.7,,오피스,,10,,,322,,1887-01-01,,,0,0,306496329051,306496329051,0,6,Washington D.C. Atlantic Building Senior Loan,,
asset_fund_link,ast_12056ec44b17,NC백화점(야탑),리테일,physical_asset,,,,,,경기도 성남시 분당구 야탑동 356,37.41089585149441,127.12745913841377,4113510700103560000,A112081001,verified,unknown,pending,,112081,이지스E코크렙6호전문투자형사모투자신탁102호,102호,청산,리테일,국내,,,,,2016-10-07,2017-10-10,,57500000000,57500000000,57500000000,0,0,청산,펀드 AUM 관리_20260515.xlsx,underlying_asset,direct_owner,direct,,unallocated,True,False,,,,,,,2,77500000000,77500000000,77500000000,0,0,,,,,리테일,,,,,,,1995-01-01,,,0,0,0,0,0,0,,,
asset_fund_link,ast_12056ec44b17,NC백화점(야탑),리테일,physical_asset,,,,,,경기도 성남시 분당구 야탑동 356,37.41089585149441,127.12745913841377,4113510700103560000,A112081001,verified,unknown,pending,,112155,이지스전문투자형사모투자신탁154호,154호,청산,리테일,국내,,,,,2017-10-10,2018-10-10,,20000000000,20000000000,20000000000,0,0,청산,펀드 AUM 관리_20260515.xlsx,underlying_asset,direct_owner,direct,,unallocated,True,False,,,,,,,2,77500000000,77500000000,77500000000,0,0,,,,,리테일,,,,,,,1995-01-01,,,0,0,0,0,0,0,,,
asset_fund_link,ast_17db161a53b5,부실채권을 기초자산으로 하는 SPC의 출자지분 및 사채,특별자산,physical_asset,,,,,,-,,,,A112082001,verified,unknown,not_checked,,112082,이지스NPL일반사모부동산투자신탁1호,NPL1호,청산,NPL,국내,포트폴리오관리,포트폴리오관리,박유진,박유진,2016-11-28,2022-10-07,,635400000000,0,340000000000,295400000000,0,청산,펀드 AUM 관리_20260515.xlsx,underlying_asset,direct_owner,direct,,unallocated,True,False,,,,,,,2,1051200000000,1000000,595000000000,456200000000,0,,,,,기타,,,,,,,,,,0,0,0,0,0,0,,,
asset_fund_link,ast_17db161a53b5,부실채권을 기초자산으로 하는 SPC의 출자지분 및 사채,특별자산,physical_asset,,,,,,-,,,,A112082001,verified,unknown,not_checked,,112307,이지스NPL일반사모부동산투자신탁제2호,NPL2호,청산,NPL,국내,포트폴리오관리,포트폴리오관리,박유진,박유진,2019-05-27,2024-03-28,,415800000000,1000000,255000000000,160800000000,0,청산,펀드 AUM 관리_20260515.xlsx,underlying_asset,direct_owner,direct,,unallocated,True,False,,,,,,,2,1051200000000,1000000,595000000000,456200000000,0,,,,,기타,,,,,,,,,,0,0,0,0,0,0,,,
asset_fund_link,ast_e5daaa392be6,Washington D.C. Woodies Building Senior Loan,,physical_asset,,,,,워싱턴 D.C.,"1001 & 1025 F Street NW, Washington, D.C. 20004",,,,A112092001,verified,unknown,not_checked,,112092,이지스미국일반사모부동산모투자신탁98호,98호,운용,오피스,해외,글로벌자산관리2파트1,글로벌자산관리2파트1,이수현,이수현,2017-01-09,2029-04-09,,246614030000,246614030000,246614030000,0,0,운용,펀드 AUM 관리_20260515.xlsx,underlying_asset,direct_owner,direct,,unallocated,True,False,,,,,,,3,246614030000,246614030000,246614030000,0,0,,,5.0,,오피스,,10,,,0,,1897-01-01,,,0,0,0,0,0,6,Washington D.C. Woodies Building Senior Loan,98호 미국 워싱턴 D.C. Woodies 선순위 대출,
asset_fund_link,ast_e5daaa392be6,Washington D.C. Woodies Building Senior Loan,,physical_asset,,,,,워싱턴 D.C.,"1001 & 1025 F Street NW, Washington, D.C. 20004",,,,A112092001,verified,unknown,not_checked,,112102,이지스미국일반사모부동산자투자신탁98-1호,98-1호,운용,오피스,해외,글로벌자산관리2파트1,글로벌자산관리2파트1,이수현,이수현,2017-01-09,2029-04-09,,0,0,0,0,0,운용,펀드 AUM 관리_20260515.xlsx,underlying_asset,direct_owner,direct,,unallocated,True,False,,,,,,,3,246614030000,246614030000,246614030000,0,0,,,5.0,,오피스,,10,,,0,,1897-01-01,,,0,0,0,0,0,6,Washington D.C. Woodies Building Senior Loan,98호 미국 워싱턴 D.C. Woodies 선순위 대출,
asset_fund_link,ast_e5daaa392be6,Washington D.C. Woodies Building Senior Loan,,physical_asset,,,,,워싱턴 D.C.,"1001 & 1025 F Street NW, Washington, D.C. 20004",,,,A112092001,verified,unknown,not_checked,,112103,이지스미국일반사모부동산자투자신탁98-2호,98-2호,운용,오피스,해외,글로벌자산관리2파트1,글로벌자산관리2파트1,이수현,이수현,2017-01-09,2029-04-09,,0,0,0,0,0,운용,펀드 AUM 관리_20260515.xlsx,underlying_asset,direct_owner,direct,,unallocated,True,False,,,,,,,3,246614030000,246614030000,246614030000,0,0,,,5.0,,오피스,,10,,,0,,1897-01-01,,,0,0,0,0,0,6,Washington D.C. Woodies Building Senior Loan,98호 미국 워싱턴 D.C. Woodies 선순위 대출,
asset_fund_link,ast_46a7ecc290e9,Hamburg Office Fleet II,오피스복합,physical_asset,,,,,함부르크,"Heidenkampsweg 74-76, 20097 Hamburg, Germany",,,,A112093001,verified,unknown,not_checked,,112093,이지스유럽코어일반사모부동산투자신탁제89호,89호,운용,복합(오피스),해외,글로벌자산관리1파트1,글로벌자산관리1파트1,김종수,김종수,2016-12-09,2031-07-31,,1000045523740,822572574806,732142000000,267903523740,0,운용,펀드 AUM 관리_20260515.xlsx,underlying_asset,direct_owner,direct,,unallocated,True,False,,,,,,,1,1000045523740,822572574806,732142000000,267903523740,0,,20245.0,3.36,,오피스복합,,10,,,153,,2016-01-01,,,0,0,0,0,0,0,"Hamburg Office Fleet II, Brussels Office Brederode, Barcelona Office Fontanella, Prague Office Praga Studios, Paris Office Louis David",,
asset_fund_link,ast_2f6ea0226f48,Brussels Office Brederode,오피스복합,physical_asset,,,,,브뤼셀,"Rue Brederode 13, 1000 Bruxelles, Belgium",,,,A112093002,verified,unknown,not_checked,,112093,이지스유럽코어일반사모부동산투자신탁제89호,89호,운용,복합(오피스),해외,글로벌자산관리1파트1,글로벌자산관리1파트1,김종수,김종수,2016-12-09,2031-07-31,,1000045523740,822572574806,732142000000,267903523740,0,운용,펀드 AUM 관리_20260515.xlsx,underlying_asset,direct_owner,direct,,unallocated,True,False,,,,,,,1,1000045523740,822572574806,732142000000,267903523740,0,,22394.0,3.52,,오피스복합,,4,,,59,,1909-01-01,,,0,0,732142000000,554669051065,0,3,,,
asset_fund_link,ast_6edbffb304dc,Barcelona Office Fontanella,,physical_asset,,,,,바르셀로나,"De Fontanella, 6-8, 08010 Barcelona, Spain",,,,A112093003,verified,unknown,not_checked,,112093,이지스유럽코어일반사모부동산투자신탁제89호,89호,운용,복합(오피스),해외,글로벌자산관리1파트1,글로벌자산관리1파트1,김종수,김종수,2016-12-09,2031-07-31,,1000045523740,822572574806,732142000000,267903523740,0,운용,펀드 AUM 관리_20260515.xlsx,underlying_asset,direct_owner,direct,,unallocated,True,False,,,,,,,1,1000045523740,822572574806,732142000000,267903523740,0,,8126.0,3.55,,오피스복합,,5,,,5,,1876-01-01,,,0,0,0,0,0,0,,,
asset_fund_link,ast_cf0bf50af6cc,Prague Office Praga Studios,오피스복합,physical_asset,,,,,프라하,"Pernerova 149/35, 186 00 Karlín, Czech",,,,A112093004,verified,unknown,not_checked,,112093,이지스유럽코어일반사모부동산투자신탁제89호,89호,운용,복합(오피스),해외,글로벌자산관리1파트1,글로벌자산관리1파트1,김종수,김종수,2016-12-09,2031-07-31,,1000045523740,822572574806,732142000000,267903523740,0,운용,펀드 AUM 관리_20260515.xlsx,underlying_asset,direct_owner,direct,,unallocated,True,False,,,,,,,1,1000045523740,822572574806,732142000000,267903523740,0,,12085.0,3.44,,오피스복합,,7,,,115,,2019-06-01,,,0,0,0,0,0,0,,,
asset_fund_link,ast_fff6be9d38b9,Paris Office Louis David,오피스복합,physical_asset,,,,,파리,,,,,A112093005,verified,unknown,not_checked,,112093,이지스유럽코어일반사모부동산투자신탁제89호,89호,운용,복합(오피스),해외,글로벌자산관리1파트1,글로벌자산관리1파트1,김종수,김종수,2016-12-09,2031-07-31,,1000045523740,822572574806,732142000000,267903523740,0,운용,펀드 AUM 관리_20260515.xlsx,underlying_asset,direct_owner,direct,,unallocated,True,False,,,,,,,1,1000045523740,822572574806,732142000000,267903523740,0,1515.0,6001.0,8.24,,오피스복합,,7,,,221,,1957-06-30,,,0,0,0,0,0,0,,,
asset_fund_link,ast_564945797e16,GLP U.S. Income Partners III,물류센터,physical_asset,,,,,,,,,,A112094001,verified,unknown,not_checked,,112094,이지스글로벌일반사모부동산투자신탁 101호,101호,청산,물류,해외,글로벌자산관리1파트2,글로벌자산관리1파트2,김선미,김선미,2017-01-17,2022-10-31,,0,0,0,0,0,청산,펀드 AUM 관리_20260515.xlsx,underlying_asset,direct_owner,direct,,unallocated,True,False,,,,,,,1,0,0,0,0,0,,,,,물류,,,,,,,2016-10-01,,,0,0,0,0,0,0,,,
asset_fund_link,ast_54efcc8cb9d2,New York Office 85 Tenth Avenue Senior Loan,오피스,physical_asset,,,,,뉴욕,"85 10th Avenue, New York,NY, USA (NY10001)",,,,A112095001,verified,unknown,not_checked,,112095,이지스글로벌일반사모부동산모투자신탁109호,109호,운용,대출채권,해외,글로벌자산관리2파트2,글로벌자산관리2파트2,오지원,오지원,2016-12-15,2027-06-15,,151996094665,151996094665,151996094665,0,0,운용,펀드 AUM 관리_20260515.xlsx,underlying_asset,direct_owner,direct,,unallocated,True,False,,,,,,,3,151996094665,151996094665,151996094665,0,0,,,4.23,,오피스,,11,,,0,,1914-01-01,,,0,0,0,0,0,6,New York Office 85 Tenth Avenue Senior Loan,109호 미국 뉴욕 85 Tenth Ave 중순위 대출,
asset_fund_link,ast_54efcc8cb9d2,New York Office 85 Tenth Avenue Senior Loan,오피스,physical_asset,,,,,뉴욕,"85 10th Avenue, New York,NY, USA (NY10001)",,,,A112095001,verified,unknown,not_checked,,112097,이지스글로벌일반사모부동산자투자신탁109-1호,109-1호,운용,대출채권,해외,글로벌자산관리2파트2,글로벌자산관리2파트2,오지원,오지원,2016-12-15,2027-06-15,,0,0,0,0,0,운용,펀드 AUM 관리_20260515.xlsx,underlying_asset,direct_owner,direct,,unallocated,True,False,,,,,,,3,151996094665,151996094665,151996094665,0,0,,,4.23,,오피스,,11,,,0,,1914-01-01,,,0,0,0,0,0,6,New York Office 85 Tenth Avenue Senior Loan,109호 미국 뉴욕 85 Tenth Ave 중순위 대출,
asset_fund_link,ast_54efcc8cb9d2,New York Office 85 Tenth Avenue Senior Loan,오피스,physical_asset,,,,,뉴욕,"85 10th Avenue, New York,NY, USA (NY10001)",,,,A112095001,verified,unknown,not_checked,,112098,이지스글로벌일반사모부동산자투자신탁109-2호,109-2호,운용,대출채권,해외,글로벌자산관리2파트2,글로벌자산관리2파트2,오지원,오지원,2016-12-15,2027-06-15,,0,0,0,0,0,운용,펀드 AUM 관리_20260515.xlsx,underlying_asset,direct_owner,direct,,unallocated,True,False,,,,,,,3,151996094665,151996094665,151996094665,0,0,,,4.23,,오피스,,11,,,0,,1914-01-01,,,0,0,0,0,0,6,New York Office 85 Tenth Avenue Senior Loan,109호 미국 뉴욕 85 Tenth Ave 중순위 대출,
asset_fund_link,ast_14f3dd9eb1f9,마제스타시티타워1,오피스,physical_asset,,,,KR,,서울특별시 서초구 서초동 1501-1,,,,A112101001,verified,unknown,not_checked,,112101,이지스일반사모부동산투자신탁100호,100호,청산,오피스,국내,자산관리2파트1,자산관리2파트1,김지희,김지희,2017-01-20,2023-11-28,,127342365856,300000000,127342365856,0,0,청산,펀드 AUM 관리_20260515.xlsx,underlying_asset,direct_owner,direct,,unallocated,True,False,,,,,,,1,127342365856,300000000,127342365856,0,0,,147904.73,,,오피스,,,,,,,2017-06-15,,,0,0,0,0,0,0,,,
asset_fund_link,ast_511ba5b81207,102호 수익증권(재간접),리테일,physical_asset,,,,,,,,,,A112107001,verified,unknown,not_checked,,112107,이지스전문투자형사모투자신탁115호(재간접형),115호,청산,리테일,국내,,,,,2016-12-30,2017-10-10,,19847000000,19847000000,19847000000,0,0,청산,펀드 AUM 관리_20260515.xlsx,underlying_asset,direct_owner,direct,,unallocated,True,False,,,,,,,1,19847000000,19847000000,19847000000,0,0,,,,,리테일,,,,,,,,,,0,0,0,0,0,0,,,
asset_fund_link,ast_5db71e381d95,LasVegas The Cosmopolitan Hotel Junior Mezzanine Loan,호텔,physical_asset,,,,,Las vegas,"3708 Las Vegas Blvd, Las Vegas, NV 89109",,,,A112108001,verified,unknown,not_checked,,112108,이지스글로벌전문투자형사모부동산투자신탁112호,112호,청산,호텔,해외,글로벌자산관리1파트2,글로벌자산관리1파트2,김선미,김선미,2017-01-20,2017-12-13,,0,0,0,0,0,청산,펀드 AUM 관리_20260515.xlsx,underlying_asset,direct_owner,direct,,unallocated,True,False,,,,,,,1,0,0,0,0,0,,359265.0,7.15,,호텔,,52,,,,,2010-12-15,,,0,0,0,0,0,0,,,
asset_fund_link,ast_3b7fc78aeb9e,Shiba Park Building,오피스,physical_asset,,,,,Tokyo,"2-4-1 Shiba-Koen, Minato Ward, Tokyo",,,,A112113001,verified,unknown,not_checked,,112113,이지스글로벌전문투자형사모부동산투자신탁95호,95호,청산,오피스,해외,"229호TF, 글로벌자산관리1파트1, 글로벌자산관리1파트","229호TF, 글로벌자산관리1파트1, 글로벌자산관리1파트",신소현,신소현,2017-03-07,2019-03-20,,0,0,0,0,0,청산,펀드 AUM 관리_20260515.xlsx,underlying_asset,direct_owner,direct,,unallocated,True,False,,,,,,,1,0,0,0,0,0,,102313.0,3.5,,오피스,,14,,,295,,1982-07-01,,,0,0,0,0,0,0,,,
asset_fund_link,ast_31d5292aa061,Newark Two Riverfront Plaza Senior B-Note Loan (Panasonic),오피스,physical_asset,,,,,Newark,"Two Riverfront Plaza, Newark, NJ 07102",,,,A112116001,verified,unknown,not_checked,,112116,이지스미국일반사모부동산투자신탁119호,119호,청산,오피스,해외,글로벌자산관리1파트2,글로벌자산관리1파트2,신윤아,신윤아,2017-03-03,2022-01-28,,851030938,851030938,851030938,0,0,청산,펀드 AUM 관리_20260515.xlsx,underlying_asset,direct_owner,direct,,unallocated,True,False,,,,,,,1,851030938,851030938,851030938,0,0,,,5.8,,오피스,,12,,,75,,2013-01-01,,,0,0,0,0,0,0,,,
asset_fund_link,ast_a5d1e84522ed,진해오션리조트 선순위 대출,호텔,physical_asset,,,,,,경상남도 창원시 진해구 제덕동 일원,35.09738597614802,128.75556524994585,4812915100100010000,A112117001,verified,unknown,pending,,112117,이지스전문투자형사모투자신탁118호,118호,청산,특별자산,국내,,,,,2017-02-23,2020-02-27,,143000000000,143000000000,143000000000,0,0,청산,펀드 AUM 관리_20260515.xlsx,underlying_asset,direct_owner,direct,,unallocated,True,False,,,,,,,1,143000000000,143000000000,143000000000,0,0,,,,,기타,,,,,,,2017-05-01,,,0,0,0,0,0,0,,,
asset_fund_link,ast_30937d64ae67,부실채권을 기초자산으로 하는 SPC 사채,특별자산,physical_asset,,,,,,,,,,A112124001,verified,unknown,not_checked,,112124,이지스NPL전문투자형사모부동산투자신탁1-1호,NPL1-1호,청산,NPL,국내,,,,,2017-03-29,2020-01-20,,75000000000,75000000000,75000000000,0,0,청산,펀드 AUM 관리_20260515.xlsx,underlying_asset,direct_owner,direct,,unallocated,True,False,,,,,,,1,75000000000,75000000000,75000000000,0,0,,,,,특별자산,,,,,,,,,,0,0,0,0,0,0,,,
asset_fund_link,ast_e45b98ccfc65,"세운 6-3-1,2구역 도시환경정비사업",주거,physical_asset,,,,KR,,서울특별시 중구 을지로4가 261-1 일원,,,,A112126001,verified,unknown,not_checked,,112126,이지스세운전문투자형사모부동산투자신탁110호,110호,청산,복합(오피스),국내,,,,,2017-04-18,2018-10-18,,50000000000,50000000000,50000000000,0,0,청산,펀드 AUM 관리_20260515.xlsx,underlying_asset,direct_owner,direct,,unallocated,True,False,,,,,,,1,50000000000,50000000000,50000000000,0,0,,,,,오피스,,,,,,,2019-03-01,,,0,0,0,0,0,0,,,
asset_fund_link,ast_3aee5443a745,아레나스양지물류센터,물류센터,physical_asset,,,,,,경기도 용인시 처인구 양지면 양지리 914,,,,A112127001,verified,unknown,not_checked,,112127,이지스일반사모부동산모투자신탁116호,116호,운용,물류,국내,자산관리3파트2,자산관리3파트2,정승우,정승우,2017-05-25,2027-05-25,,425598336160,425598336160,208174063584,210500000000,6924272576,운용,펀드 AUM 관리_20260515.xlsx,underlying_asset,direct_owner,direct,,unallocated,True,False,,,,,,,4,786643622191,785891809121,569219349615,210500000000,6924272576,,349722.27,5.6,,물류센터,,,,,,,2019-01-31,,,842000000000,842000000000,1040870317920,1040870317920,5,4,코어플랫폼1호 | 아레나스 양지,,
asset_fund_link,ast_3aee5443a745,아레나스양지물류센터,물류센터,physical_asset,,,,,,경기도 용인시 처인구 양지면 양지리 914,,,,A112127001,verified,unknown,not_checked,,112128,이지스코어플랫폼일반사모부동산자투자신탁제1호,코어1호,운용,지분증권,국내,자산관리1파트1,자산관리1파트1,김수현,김수현,2017-05-25,2027-05-25,,220000000000,219248186930,220000000000,0,0,운용,펀드 AUM 관리_20260515.xlsx,underlying_asset,direct_owner,direct,,unallocated,True,False,,,,,,,4,786643622191,785891809121,569219349615,210500000000,6924272576,,349722.27,5.6,,물류센터,,,,,,,2019-01-31,,,842000000000,842000000000,1040870317920,1040870317920,5,4,코어플랫폼1호 | 아레나스 양지,,
asset_fund_link,ast_3aee5443a745,아레나스양지물류센터,물류센터,physical_asset,,,,,,경기도 용인시 처인구 양지면 양지리 914,,,,A112127001,verified,unknown,not_checked,,112129,이지스일반사모부동산자투자신탁116-2호,116-2호,운용,물류,국내,자산관리3파트2,자산관리3파트2,정승우,정승우,2017-05-25,2027-05-25,,49316533580,49316533580,49316533580,0,0,운용,펀드 AUM 관리_20260515.xlsx,underlying_asset,direct_owner,direct,,unallocated,True,False,,,,,,,4,786643622191,785891809121,569219349615,210500000000,6924272576,,349722.27,5.6,,물류센터,,,,,,,2019-01-31,,,842000000000,842000000000,1040870317920,1040870317920,5,4,코어플랫폼1호 | 아레나스 양지,,
asset_fund_link,ast_3aee5443a745,아레나스양지물류센터,물류센터,physical_asset,,,,,,경기도 용인시 처인구 양지면 양지리 914,,,,A112127001,verified,unknown,not_checked,,112130,이지스일반사모부동산자투자신탁116-3호,116-3호,운용,물류,국내,자산관리3파트2,자산관리3파트2,정승우,정승우,2017-05-25,2027-05-25,,91728752451,91728752451,91728752451,0,0,운용,펀드 AUM 관리_20260515.xlsx,underlying_asset,direct_owner,direct,,unallocated,True,False,,,,,,,4,786643622191,785891809121,569219349615,210500000000,6924272576,,349722.27,5.6,,물류센터,,,,,,,2019-01-31,,,842000000000,842000000000,1040870317920,1040870317920,5,4,코어플랫폼1호 | 아레나스 양지,,
asset_fund_link,ast_55e5cc352c17,118호 수익증권(재간접),호텔,physical_asset,,,,,,,,,,A112131001,verified,unknown,not_checked,,112131,이지스전문투자형사모투자신탁137호(재간접형),137호,청산,특별자산,국내,,,,,2017-05-24,2020-02-28,,40000000000,40000000000,40000000000,0,0,청산,펀드 AUM 관리_20260515.xlsx,underlying_asset,direct_owner,direct,,unallocated,True,False,,,,,,,1,40000000000,40000000000,40000000000,0,0,,,,,특별자산,,,,,,,,,,0,0,0,0,0,0,,,
asset_fund_link,ast_307e1f83e0d2,Canyon Distressed Opportunity Fund II,,physical_asset,,,,,,,,,,A112135001,verified,unknown,not_checked,,112135,이지스글로벌사모일반재간접대체투자신탁 132호,132호,청산,특별자산,해외,이지스자산운용,이지스자산운용,이원석,이원석,2017-06-09,2023-03-07,,66130000000,26764945,66130000000,0,0,청산,펀드 AUM 관리_20260515.xlsx,underlying_asset,direct_owner,direct,,unallocated,True,False,,,,,,,1,66130000000,26764945,66130000000,0,0,,,,,특별자산,,,,,,,,,,0,0,0,0,0,0,,,
asset_fund_link,ast_3e58fbce109d,J.P. Morgan Asia-Pacific Property Fund,오피스복합,physical_asset,,,,,,,,,,A112138001,verified,unknown,not_checked,,112138,이지스아시아일반사모부동산투자신탁136호 (재간접형),136호,청산,복합(오피스),해외,"281호TF, 글로벌자산관리2파트1","281호TF, 글로벌자산관리2파트1",김형근,김형근,2017-09-11,2022-06-17,,61860000000,57997893379,61860000000,0,0,청산,펀드 AUM 관리_20260515.xlsx,underlying_asset,direct_owner,direct,,unallocated,True,False,,,,,,,1,61860000000,57997893379,61860000000,0,0,,,,,오피스,,,,,,,,,,0,0,0,0,0,0,,,
asset_fund_link,ast_6a798e5e30ee,태양광설비회사 대출채권,,physical_asset,,,,,,,,,,A112142001,verified,unknown,not_checked,,112142,이지스전문투자형사모투자신탁134호(태양광1호),134호,청산,특별자산,국내,,,,,2017-07-12,2020-11-25,,14772000000,14772000000,14772000000,0,0,청산,펀드 AUM 관리_20260515.xlsx,underlying_asset,direct_owner,direct,,unallocated,True,False,,,,,,,1,14772000000,14772000000,14772000000,0,0,,,,,특별자산,,,,,,,,,,0,0,0,0,0,0,,,
asset_fund_link,ast_4409771035d2,Ares Landmark Real Estate Partners VIII,오피스복합,physical_asset,,,,,,,,,,A112143001,verified,unknown,not_checked,,112143,이지스랜드마크일반사모부동산투자신탁106호 (재간접형),106호,운용,복합(오피스),해외,"글로벌자산관리1파트1, 229호TF","글로벌자산관리1파트1, 229호TF",나혜윤,나혜윤,2017-07-10,2029-07-10,,29666000000,10344083814,29666000000,0,0,운용,펀드 AUM 관리_20260515.xlsx,underlying_asset,direct_owner,direct,,unallocated,True,False,,,,,,,1,29666000000,10344083814,29666000000,0,0,,,,,오피스복합,,,,,,,,,,0,0,29666000000,10344083814,0,1,Ares Landmark Real Estate Partners VIII,,
asset_fund_link,ast_89a1de3b387b,Rockpoint Growth and Income Real Estate Fund II,오피스복합,physical_asset,,,,,"보스턴, LA, 뉴욕, 샌프란시스코",,,,,A112147001,verified,unknown,not_checked,,112147,이지스글로벌일반사모부동산투자신탁129호(재간접형),129호,운용,복합(오피스),해외,"281호TF, 글로벌자산관리2파트1","281호TF, 글로벌자산관리2파트1",박종덕,박종덕,2017-08-14,2027-08-14,,118664000000,112559528007,118664000000,0,0,운용,펀드 AUM 관리_20260515.xlsx,underlying_asset,direct_owner,direct,,unallocated,True,False,,,,,,,1,118664000000,112559528007,118664000000,0,0,,,,,오피스복합,,,,,,,,,,0,0,118664000000,112559528007,0,2,Rockpoint Growth and Income Real Estate Fund II (PMAA) | Rockpoint Growth and Income Real Estate Fund II,"129호, 129-1호 재간접",
asset_fund_link,ast_00df26953973,New York 1551 Broadway Mezzanine Loan,리테일,physical_asset,,,,,뉴욕,"1551 Broadway New York, NY",,,,A112150001,verified,unknown,not_checked,,112150,이지스글로벌일반사모부동산투자신탁141호,141호,청산,리테일,해외,이지스자산운용,이지스자산운용,이원석,이원석,2017-11-01,2024-04-12,,140500954201,140500954201,140500954201,0,0,청산,펀드 AUM 관리_20260515.xlsx,underlying_asset,direct_owner,direct,,unallocated,True,False,,,,,,,1,140500954201,140500954201,140500954201,0,0,,,,,리테일,,3,,,0,,2008-01-01,,,0,0,0,0,0,0,,,
asset_fund_link,ast_5f1f6f6aa534,판교 창조경제밸리 특별계획구역(I-Square),주거,physical_asset,,,,,,경기도 판교 창조경제밸리 C2블록,,,,A112152001,verified,unknown,not_checked,,112152,이지스제153호전문투자형사모부동산투자유한회사,153호,청산,주거,국내,,,,,2017-09-04,2021-04-22,,76041000000,76041000000,8000000000,67194000000,847000000,청산,펀드 AUM 관리_20260515.xlsx,underlying_asset,direct_owner,direct,,unallocated,True,False,,,,,,,1,76041000000,76041000000,8000000000,67194000000,847000000,,27383.0,,,주거,,,,,,,2021-03-01,,,0,0,0,0,0,0,,,
asset_fund_link,ast_2769c1d0b916,세종시 어반아트리움,주거,physical_asset,,,,,,세종특별시 나성동 2421-8501,,,,A112154001,verified,unknown,not_checked,,112154,이지스부동산투자신탁145호,145호,청산,복합(오피스),국내,,,,,2017-09-28,2019-11-26,,48004244000,48004244000,48004244000,0,0,청산,펀드 AUM 관리_20260515.xlsx,underlying_asset,direct_owner,direct,,unallocated,True,False,,,,,,,1,48004244000,48004244000,48004244000,0,0,,,,,오피스,,,,,,,2019-05-01,,,0,0,0,0,0,0,,,
asset_fund_link,ast_2ca6ba796227,154호 수익증권(재간접),리테일,physical_asset,,,,,,,,,,A112157001,verified,unknown,not_checked,,112157,이지스전문투자형사모투자신탁155호(재간접형),155호,청산,리테일,국내,,,,,2017-10-10,2018-10-10,,20000000000,20000000000,20000000000,0,0,청산,펀드 AUM 관리_20260515.xlsx,underlying_asset,direct_owner,direct,,unallocated,True,False,,,,,,,1,20000000000,20000000000,20000000000,0,0,,,,,리테일,,,,,,,,,,0,0,0,0,0,0,,,
asset_fund_link,ast_b439b42b3d44,TH Real Estate China Outlet Mall Fund,오피스복합,physical_asset,,,,,,,,,,A112158001,verified,unknown,not_checked,,112158,이지스글로벌일반사모부동산투자신탁142호(재간접형),142호,운용,기타,해외,글로벌자산관리2파트2,글로벌자산관리2파트2,오지원,오지원,2017-11-21,2035-11-21,,103831000000,78081051188,103831000000,0,0,운용,펀드 AUM 관리_20260515.xlsx,underlying_asset,direct_owner,direct,,unallocated,True,False,,,,,,,1,103831000000,78081051188,103831000000,0,0,,,,,오피스복합,,,,,,,,,,0,0,103831000000,78081051188,0,1,TH Real Estate China Outlet Mall Fund,,
asset_fund_link,ast_4b71eb552741,에스피청주 복합상업시설,리테일,physical_asset,,,,,,충북 청주시 홍덕구 강서 2동 일원 (청주테크노폴리스),,,,A112159001,verified,unknown,not_checked,,112159,에스피청주일반사모부동산투자회사,SP청주,운용,리테일,국내,자산관리1파트2,자산관리1파트2,박용범,박용범,2017-10-24,2047-10-11,,87735160783,94669020000,87735160783,0,0,운용,펀드 AUM 관리_20260515.xlsx,underlying_asset,direct_owner,direct,,unallocated,True,False,,,,,,,1,87735160783,94669020000,87735160783,0,0,,,,,리테일,,,,,,,2021-12-31,,,0,0,87735160783,87735160783,0,3,에스피청주,,
asset_fund_link,ast_36740c106490,한남동 외국인아파트부지 신축 PF대출,주거,physical_asset,,,,KR,,서울특별시 용산구 한남동 680-1,,,,A112161001,verified,unknown,not_checked,,112161,이지스전문투자형사모투자신탁157호,157호,청산,주거,국내,,,,,2017-10-31,2018-05-03,,35000000000,35000000000,35000000000,0,0,청산,펀드 AUM 관리_20260515.xlsx,underlying_asset,direct_owner,direct,,unallocated,True,False,,,,,,,1,35000000000,35000000000,35000000000,0,0,,,,,주거,,,,,,,2019-10-01,,,0,0,0,0,0,0,,,
asset_fund_link,ast_f9fbc117a7ce,Rockpoint Growth and Income Real Estate Fund II (PMAA),오피스복합,physical_asset,,,,,"보스턴, LA, 뉴욕, 샌프란시스코",,,,,A112162001,verified,unknown,not_checked,,112162,이지스글로벌일반사모부동산투자신탁129-1호(재간접형),129-1호,운용,복합(오피스),해외,"281호TF, 글로벌자산관리2파트1","281호TF, 글로벌자산관리2파트1",박종덕,박종덕,2017-11-10,2027-11-10,,37082500000,36662218083,37082500000,0,0,운용,펀드 AUM 관리_20260515.xlsx,underlying_asset,direct_owner,direct,,unallocated,True,False,,,,,,,1,37082500000,36662218083,37082500000,0,0,,,,,오피스복합,,,,,,,,,,0,0,37082500000,36662218083,0,1,,,
asset_fund_link,ast_a08672efd868,하남강변미사지구 업무4BL 3LOT,주거,physical_asset,,,,,,경기도 하남시 하남미사지구 업무시설용지 4-3 (2043-3),,,,A112163002,verified,unknown,not_checked,,112163,이지스부동산투자신탁161호,161호,청산,복합(오피스),국내,,,,,2017-12-07,2020-03-24,,30044685000,30044685000,30044685000,0,0,청산,펀드 AUM 관리_20260515.xlsx,underlying_asset,direct_owner,direct,,unallocated,True,False,,,,,,,1,30044685000,30044685000,30044685000,0,0,,,,,오피스,,,,,,,2019-09-01,,,0,0,0,0,0,0,,,
asset_fund_link,ast_225077ef8c95,Las Vegas Cosmopolitan Hotel Mezzanine C Loan,호텔,physical_asset,,,,,Las Vegas,"3708 Las Vegas Blvd, Las Vegas, NV 89109",,,,A112164001,verified,unknown,not_checked,,112164,이지스글로벌일반사모부동산투자신탁165호,165호,청산,호텔,해외,"글로벌자산관리1파트2, SS&C TF","글로벌자산관리1파트2, SS&C TF",윤주성,윤주성,2017-12-12,2022-06-15,,121948049957,121948049957,121948049957,0,0,청산,펀드 AUM 관리_20260515.xlsx,underlying_asset,direct_owner,direct,,unallocated,True,False,,,,,,,1,121948049957,121948049957,121948049957,0,0,32374.85,576493.84,7.7,,호텔,,52,,,3419,,2010-12-15,,,0,0,0,0,0,0,,,
asset_fund_link,ast_6943582c5ffa,명동청휘빌딩,오피스복합,physical_asset,,,,KR,,서울특별시 중구 명동2가 33-1,37.563671273343076,126.98501566770116,1114012700100330001,A112165001,verified,unknown,found,2026-06-01T07:00:29.101363+00:00,112165,이지스일반사모부동산투자신탁135호,135호,운용,복합(호텔),국내,자산관리1파트2,자산관리1파트2,이상렬,이상렬,2017-11-30,2027-11-30,,147425340000,147567830524,47200000000,96000000000,4225340000,운용,펀드 AUM 관리_20260515.xlsx,underlying_asset,direct_owner,direct,,unallocated,True,False,,,,,,,1,147425340000,147567830524,47200000000,96000000000,4225340000,496.5,6030.6,86.62,1079.28,호텔,철근콘크리트구조,13,2,,,46.4,1969-05-10,BldRgstHubService.getBrTitleInfo,0.95,192000000000,192000000000,47200000000,47200000000,1,2,청휘빌딩,이지스 135호 청휘빌딩,
asset_fund_link,ast_73f09d84ccfa,한남동 외국인아파트부지 재개발사업 PF대출,주거,physical_asset,,,,KR,,서울특별시 용산구 한남동 680-1,,,,A112166001,verified,unknown,not_checked,,112166,이지스전문투자형사모투자신탁162호(운용),162호(운용),청산,주거,국내,,,,,2017-11-30,2018-05-03,,20400000000,20400000000,20400000000,0,0,청산,펀드 AUM 관리_20260515.xlsx,underlying_asset,direct_owner,direct,,unallocated,True,False,,,,,,,3,20400000000,20400000000,20400000000,0,0,,,,,주거,,,,,,,2019-10-01,,,0,0,0,0,0,0,,,
asset_fund_link,ast_cb61fdbd9aa4,Jakarta Office Treasury Tower,오피스,physical_asset,,,,,Jakarta,"Lot 28, SudirmanCentral Business District",,,,A112170001,verified,unknown,not_checked,,112170,이지스글로벌일반사모부동산투자신탁148-1호,148-1호,운용,오피스,해외,글로벌자산관리1파트2,글로벌자산관리1파트2,유진선,유진선,2017-12-26,2029-04-26,,28687980305,28687980305,14519142713,14168837592,0,운용,펀드 AUM 관리_20260515.xlsx,underlying_asset,direct_owner,direct,,unallocated,True,False,,,,,,,2,47813303089,47813303089,24198573769,23614729320,0,,5444.0,7.0,,오피스,,,,,,,2017-10-01,,,0,0,24198573770,24198573770,0,6,Jakarta Office Treasury Tower,,
asset_fund_link,ast_cb61fdbd9aa4,Jakarta Office Treasury Tower,오피스,physical_asset,,,,,Jakarta,"Lot 28, SudirmanCentral Business District",,,,A112170001,verified,unknown,not_checked,,112171,이지스글로벌일반사모부동산투자신탁148-2호,148-2호,운용,오피스,해외,글로벌자산관리1파트2,글로벌자산관리1파트2,유진선,유진선,2017-12-26,2029-04-26,,19125322784,19125322784,9679431056,9445891728,0,운용,펀드 AUM 관리_20260515.xlsx,underlying_asset,direct_owner,direct,,unallocated,True,False,,,,,,,2,47813303089,47813303089,24198573769,23614729320,0,,5444.0,7.0,,오피스,,,,,,,2017-10-01,,,0,0,24198573770,24198573770,0,6,Jakarta Office Treasury Tower,,
asset_fund_link,ast_15470fbdefbf,GLP Europe Income/Development Partners I,오피스복합,physical_asset,,,,,,,,,,A112173001,verified,unknown,not_checked,,112173,이지스글로벌일반사모부동산투자신탁 159호,159호,운용,기타,해외,글로벌자산관리2파트2,글로벌자산관리2파트2,오지원,오지원,2017-12-18,2028-03-18,,213569614000,142515404804,213569614000,0,0,운용,펀드 AUM 관리_20260515.xlsx,underlying_asset,direct_owner,direct,,unallocated,True,False,,,,,,,1,213569614000,142515404804,213569614000,0,0,,,,,오피스복합,,,,,,,,,,0,0,213569614000,142515404804,0,1,GLP Europe Income/Development Partners I,,
asset_fund_link,ast_0d9b6bc27220,Balbec InSolve Global Credit Fund III,오피스복합,physical_asset,,,,,,,,,,A112174001,verified,unknown,not_checked,,112174,이지스일반사모글로벌개인신용회복채권특별자산투자신탁150호,150호,청산,특별자산,해외,글로벌자산관리2파트1,글로벌자산관리2파트1,이진희,이진희,2017-12-18,2026-04-30,,85685600000,4824808177,85685600000,0,0,청산,펀드 AUM 관리_20260515.xlsx,underlying_asset,direct_owner,direct,,unallocated,True,False,,,,,,,2,146889600000,7350689124,146889600000,0,0,,,,,오피스복합,,,,,,,,,,0,0,0,0,0,0,Balbec InSolve Global Credit Fund III,,
asset_fund_link,ast_0d9b6bc27220,Balbec InSolve Global Credit Fund III,오피스복합,physical_asset,,,,,,,,,,A112174001,verified,unknown,not_checked,,112201,이지스글로벌일반개인신용회복채권특별자산투자신탁150-1호,150-1호,청산,특별자산,해외,글로벌자산관리2파트1,글로벌자산관리2파트1,이진희,이진희,2018-05-23,2026-04-30,,61204000000,2525880947,61204000000,0,0,청산,펀드 AUM 관리_20260515.xlsx,underlying_asset,direct_owner,direct,,unallocated,True,False,,,,,,,2,146889600000,7350689124,146889600000,0,0,,,,,오피스복합,,,,,,,,,,0,0,0,0,0,0,Balbec InSolve Global Credit Fund III,,
asset_fund_link,ast_8a2bc4422178,UBS Trumbull Property Income Fund,오피스복합,physical_asset,,,,,Multiple,,,,,A112180001,verified,unknown,not_checked,,112180,이지스미국일반사모부동산투자신탁167호 (재간접형),167호,운용,복합(오피스),해외,글로벌자산관리2파트2,글로벌자산관리2파트2,김규식,김규식,2017-12-29,2027-12-29,,22249500000,16221537984,22249500000,0,0,운용,펀드 AUM 관리_20260515.xlsx,underlying_asset,direct_owner,direct,,unallocated,True,False,,,,,,,1,22249500000,16221537984,22249500000,0,0,,,,,오피스복합,,,,,,,,,,0,0,22249500000,16221537984,0,1,UBS Trumbull Property Income Fund,,
asset_fund_link,ast_7ff7300b8ef6,Nuveen Global Real Estate Debt Partners Fund II (UK),오피스복합,physical_asset,,,,,,,,,,A112182001,verified,unknown,not_checked,,112182,이지스영국일반사모부동산투자신탁58호 (재간접형),58호,운용,복합(오피스),해외,글로벌자산관리1파트2,글로벌자산관리1파트2,유진선,유진선,2018-10-10,2028-10-10,,81945470000,83258957,81945470000,0,0,운용,펀드 AUM 관리_20260515.xlsx,underlying_asset,direct_owner,direct,,unallocated,True,False,,,,,,,2,169487216000,176824144,169487216000,0,0,,,,,오피스복합,,,,,,,,,,0,0,169487216000,176824144,0,4,Nuveen Global Real Estate Debt Partners Fund II (UK),,
asset_fund_link,ast_7ff7300b8ef6,Nuveen Global Real Estate Debt Partners Fund II (UK),오피스복합,physical_asset,,,,,,,,,,A112182001,verified,unknown,not_checked,,112273,이지스영국일반사모부동산투자신탁58-1호(재간접형),58-1호,운용,복합(오피스),해외,글로벌자산관리1파트2,글로벌자산관리1파트2,유진선,유진선,2019-01-18,2029-01-18,,87541746000,93565187,87541746000,0,0,운용,펀드 AUM 관리_20260515.xlsx,underlying_asset,direct_owner,direct,,unallocated,True,False,,,,,,,2,169487216000,176824144,169487216000,0,0,,,,,오피스복합,,,,,,,,,,0,0,169487216000,176824144,0,4,Nuveen Global Real Estate Debt Partners Fund II (UK),,
asset_fund_link,ast_1b445b832a9b,Jersey City 65 Bay Street B-Note Loan,주거,physical_asset,,,,,뉴저지,"65 Bay Street, Jersey City, NJ",,,,A112183001,verified,unknown,not_checked,,112183,이지스미국일반사모부동산투자신탁169호,169호,운용,주거,해외,글로벌자산관리2파트1,글로벌자산관리2파트1,이수현,이수현,2018-03-19,2028-06-19,,64385043760,64385043760,64385043760,0,0,운용,펀드 AUM 관리_20260515.xlsx,underlying_asset,direct_owner,direct,,unallocated,True,False,,,,,,,1,64385043760,64385043760,64385043760,0,0,,66704.38,,,주거,,52,,,621,,2016-11-01,,,0,0,64385043760,64385043760,0,1,Jersey City 65 Bay Street B-Note Loan,,
asset_fund_link,ast_8058fee6124d,Sun Crest Kameari,주거,physical_asset,,,,,Tokyo,"3-10-14 Kameari, Katsushika-ku, Tokyo",,,,A112188001,verified,unknown,not_checked,,112188,이지스글로벌일반사모부동산투자신탁176호,176호,청산,주거,해외,"글로벌자산관리2파트2, 229호TF","글로벌자산관리2파트2, 229호TF",노선호,노선호,2018-03-27,2023-07-28,,1165719734,1165719734,1165719734,0,0,청산,펀드 AUM 관리_20260515.xlsx,underlying_asset,direct_owner,direct,,unallocated,True,False,,,,,,,1,1165719734,1165719734,1165719734,0,0,376.85,2097.63,4.1,,주거,,12,,,2,,2016-03-01,,,0,0,0,0,0,0,,,
asset_fund_link,ast_3fe7501ac3ff,Cosmo Gracia Ryogoku,주거,physical_asset,,,,,Tokyo,"1-1-2 Ishihara, Sumida-ku, Tokyo",,,,A112188002,verified,unknown,not_checked,,112188,이지스글로벌일반사모부동산투자신탁176호,176호,청산,주거,해외,"글로벌자산관리2파트2, 229호TF","글로벌자산관리2파트2, 229호TF",노선호,노선호,2018-03-27,2023-07-28,,1165719734,1165719734,1165719734,0,0,청산,펀드 AUM 관리_20260515.xlsx,underlying_asset,direct_owner,direct,,unallocated,True,False,,,,,,,1,1165719734,1165719734,1165719734,0,0,433.12,2176.42,4.6,,주거,,13,,,8,,2004-07-01,,,0,0,0,0,0,0,,,
asset_fund_link,ast_4b60082f6ba4,Reglus Ootorii Airport West,주거,physical_asset,,,,,Tokyo,"3-2-14 Haginaka, Ota-ku, Tokyo",,,,A112188003,verified,unknown,not_checked,,112188,이지스글로벌일반사모부동산투자신탁176호,176호,청산,주거,해외,"글로벌자산관리2파트2, 229호TF","글로벌자산관리2파트2, 229호TF",노선호,노선호,2018-03-27,2023-07-28,,1165719734,1165719734,1165719734,0,0,청산,펀드 AUM 관리_20260515.xlsx,underlying_asset,direct_owner,direct,,unallocated,True,False,,,,,,,1,1165719734,1165719734,1165719734,0,0,597.51,1637.33,3.7,,주거,,9,,,2,,2014-09-01,,,0,0,0,0,0,0,,,
asset_fund_link,ast_1a7e1fbe1ed6,남양주 다산진건지구 오피스텔,주거,physical_asset,,,,,,"경기도 남양주 다산진건지구상업3 5-1, 5-2블럭",,,,A112190001,verified,unknown,not_checked,,112190,이지스전문투자형사모부동산투자신탁186호,186호,청산,주거,국내,,,,,2018-03-30,2019-12-16,,18584158420,18584158420,18584158420,0,0,청산,펀드 AUM 관리_20260515.xlsx,underlying_asset,direct_owner,direct,,unallocated,True,False,,,,,,,1,18584158420,18584158420,18584158420,0,0,,,,,주거,,,,,,,2019-08-01,,,0,0,0,0,0,0,,,
asset_fund_link,ast_ee72b3682575,Milano Office Pirelli HQ,오피스,physical_asset,,,,,Milano,"Via Bicocca degliArcimboldi, 3, 20216 Milano MI, Italy",,,,A112191001,verified,unknown,not_checked,,112191,이지스유럽일반사모부동산모투자신탁163호,163호,운용,오피스,해외,글로벌자산관리1파트2,글로벌자산관리1파트2,신윤아,신윤아,2018-04-16,2027-05-07,,130990713460,130990713460,54934662510,76056050950,0,운용,펀드 AUM 관리_20260515.xlsx,underlying_asset,direct_owner,direct,,unallocated,True,False,,,,,,,3,130990713460,130990713460,54934662510,76056050950,0,,31988.0,4.8,,오피스,,,,,176,,2003-01-01,,,0,0,0,0,0,5,Milano Office Pirelli HQ,163호,
asset_fund_link,ast_ee72b3682575,Milano Office Pirelli HQ,오피스,physical_asset,,,,,Milano,"Via Bicocca degliArcimboldi, 3, 20216 Milano MI, Italy",,,,A112191001,verified,unknown,not_checked,,112192,이지스유럽일반사모부동산자투자신탁163-1호,163-1호,운용,오피스,해외,글로벌자산관리1파트2,글로벌자산관리1파트2,신윤아,신윤아,2018-04-16,2027-05-07,,0,0,0,0,0,운용,펀드 AUM 관리_20260515.xlsx,underlying_asset,direct_owner,direct,,unallocated,True,False,,,,,,,3,130990713460,130990713460,54934662510,76056050950,0,,31988.0,4.8,,오피스,,,,,176,,2003-01-01,,,0,0,0,0,0,5,Milano Office Pirelli HQ,163호,
asset_fund_link,ast_ee72b3682575,Milano Office Pirelli HQ,오피스,physical_asset,,,,,Milano,"Via Bicocca degliArcimboldi, 3, 20216 Milano MI, Italy",,,,A112191001,verified,unknown,not_checked,,112193,이지스유럽일반사모부동산자투자신탁163-2호,163-2호,운용,오피스,해외,글로벌자산관리1파트2,글로벌자산관리1파트2,신윤아,신윤아,2018-04-16,2027-05-07,,0,0,0,0,0,운용,펀드 AUM 관리_20260515.xlsx,underlying_asset,direct_owner,direct,,unallocated,True,False,,,,,,,3,130990713460,130990713460,54934662510,76056050950,0,,31988.0,4.8,,오피스,,,,,176,,2003-01-01,,,0,0,0,0,0,5,Milano Office Pirelli HQ,163호,
asset_fund_link,ast_72434a85fc8f,강서 마곡지구 근린생활시설 개발사업 PF대출,리테일,physical_asset,,,,KR,,서울특별시 마곡지구 지원시설용지 DS9BL,,,,A112199001,verified,unknown,not_checked,,112199,이지스부동산투자신탁196호,196호,청산,복합(오피스),국내,,,,,2018-06-11,2020-11-02,,64511693000,64511693000,64511693000,0,0,청산,펀드 AUM 관리_20260515.xlsx,underlying_asset,direct_owner,direct,,unallocated,True,False,,,,,,,3,64511693000,64511693000,64511693000,0,0,,,,,오피스,,,,,,,,,,0,0,0,0,0,0,,,
asset_fund_link,ast_5e6798e4e6be,하남 미사지구 오피스텔 개발사업 PF대출,주거,physical_asset,,,,,,"경기도 하남시 하남미사지구 업무시설용지2-1,2",,,,A112199002,verified,unknown,not_checked,,112199,이지스부동산투자신탁196호,196호,청산,복합(오피스),국내,,,,,2018-06-11,2020-11-02,,64511693000,64511693000,64511693000,0,0,청산,펀드 AUM 관리_20260515.xlsx,underlying_asset,direct_owner,direct,,unallocated,True,False,,,,,,,1,64511693000,64511693000,64511693000,0,0,,,,,오피스,,,,,,,,,,0,0,0,0,0,0,,,
asset_fund_link,ast_7384f101a20f,Jersey City 65 Bay Street A2-Note Loan,주거,physical_asset,,,,,뉴저지,"65 Bay Street, Jersey City, NJ",,,,A112200001,verified,unknown,not_checked,,112200,이지스미국일반사모부동산투자신탁190호,190호,운용,주거,해외,글로벌자산관리2파트1,글로벌자산관리2파트1,이수현,이수현,2018-05-16,2028-06-16,,91712652496,91712652496,91712652496,0,0,운용,펀드 AUM 관리_20260515.xlsx,underlying_asset,direct_owner,direct,,unallocated,True,False,,,,,,,1,91712652496,91712652496,91712652496,0,0,,,,,주거,,52,,,621,,2016-11-01,,,0,0,91712652496,91712652496,0,2,Jersey City 65 Bay Street A2-Note Loan,,
asset_fund_link,ast_5853b093d79c,제주 신화월드 개발사업(한화전문투자형사모부동산자투자신탁5호6M),리테일복합,physical_asset,,,,,,,33.304936009,126.316605461,,A112202001,verified,unknown,not_checked,,112202,이지스전문투자형사모투자신탁203호(재간접형),203호,청산,호텔,국내,,,,,2018-05-30,2019-07-02,,7875000000,7875000000,7875000000,0,0,청산,펀드 AUM 관리_20260515.xlsx,underlying_asset,direct_owner,direct,,unallocated,True,False,,,,,,,2,10075000000,10075000000,10075000000,0,0,,,,,호텔,,,,,,,,,,0,0,0,0,0,0,,,
asset_fund_link,ast_5853b093d79c,제주 신화월드 개발사업(한화전문투자형사모부동산자투자신탁5호6M),리테일복합,physical_asset,,,,,,,33.304936009,126.316605461,,A112202001,verified,unknown,not_checked,,112215,이지스전문투자형사모투자신탁207호(재간접형),207호,청산,복합(오피스),국내,,,,,2018-07-06,2019-07-02,,2200000000,2200000000,2200000000,0,0,청산,펀드 AUM 관리_20260515.xlsx,underlying_asset,direct_owner,direct,,unallocated,True,False,,,,,,,2,10075000000,10075000000,10075000000,0,0,,,,,호텔,,,,,,,,,,0,0,0,0,0,0,,,
asset_fund_link,ast_a01ce9c12e6b,Quarterra Lennar Multifamily Venture II,주거,physical_asset,,,,,,,,,,A112206001,verified,unknown,not_checked,,112206,이지스글로벌일반사모부동산투자신탁177호(재간접형),177호,운용,주거,해외,글로벌자산관리1파트2,글로벌자산관리1파트2,유진선,유진선,2018-06-25,2027-09-25,,148330000000,129753138052,148330000000,0,0,운용,펀드 AUM 관리_20260515.xlsx,underlying_asset,direct_owner,direct,,unallocated,True,False,,,,,,,1,148330000000,129753138052,148330000000,0,0,,,,,주거,,,,,,,,,,0,0,148330000000,129753138052,0,1,Quarterra Lennar Multifamily Venture II,,
asset_fund_link,ast_c26748845c6b,시흥 센트럴푸르지오 사업장 공사대금 예금반환채권 금전채권신탁 담보대출,주거,physical_asset,,,,,,,37.440123361,126.788654955,,A112207001,verified,unknown,not_checked,,112207,이지스전문투자형사모투자신탁208호,208호,청산,주거,국내,,,,,2018-06-27,2019-08-27,,23000000000,23000000000,23000000000,0,0,청산,펀드 AUM 관리_20260515.xlsx,underlying_asset,direct_owner,direct,,unallocated,True,False,,,,,,,1,23000000000,23000000000,23000000000,0,0,,,,,주거,,,,,,,,,,0,0,0,0,0,0,,,
asset_fund_link,ast_78dab1be1bf0,New York 20 Times Square Senior Loan,오피스복합,physical_asset,,,,,뉴욕,701 7th Ave New York NY,,,,A112208001,verified,unknown,not_checked,,112208,이지스글로벌일반사모부동산투자신탁198호,198호,운용,복합(호텔),해외,글로벌자산관리2파트2,글로벌자산관리2파트2,석동주,석동주,2018-06-29,2028-06-29,,223262363914,223262363914,223262363914,0,0,운용,펀드 AUM 관리_20260515.xlsx,underlying_asset,direct_owner,direct,,unallocated,True,False,,,,,,,1,223262363914,223262363914,223262363914,0,0,,37700.0,,,오피스복합,,42,,,0,,,,,0,0,223262363914,223262363914,0,5,New York 20 Times Square Senior Loan,198호 미국 뉴욕 20 Times Square B-Note 대출,
asset_fund_link,ast_3660f9bb2ed5,디어스판교,주거,physical_asset,,,,,,,37.413722553,127.099788999,,A112214001,verified,unknown,not_checked,,120042,이지스제200호일반사모부동산투자유한회사(1종),200호(1종),운용,주거,국내,"리빙그룹1파트, 리빙매니지먼트","리빙그룹1파트, 리빙매니지먼트",홍지훈,홍지훈,2024-05-24,2038-06-19,,0,0,0,0,0,운용,펀드 AUM 관리_20260515.xlsx,underlying_asset,direct_owner,direct,,unallocated,True,False,,,,,,,3,158700644825,158700644825,40807893000,113400000000,4492751825,,39783.27,,,주거,,,,,,,,,,453600000000,453600000000,183500000000,183500000000,5,4,디어스판교,,
asset_fund_link,ast_3660f9bb2ed5,디어스판교,주거,physical_asset,,,,,,,37.413722553,127.099788999,,A112214001,verified,unknown,not_checked,,120043,이지스제200호일반사모부동산투자유한회사(2종),200호(2종),운용,주거,국내,"리빙그룹1파트, 리빙매니지먼트","리빙그룹1파트, 리빙매니지먼트",홍지훈,홍지훈,2024-05-23,2038-06-19,,0,0,0,0,0,운용,펀드 AUM 관리_20260515.xlsx,underlying_asset,direct_owner,direct,,unallocated,True,False,,,,,,,3,158700644825,158700644825,40807893000,113400000000,4492751825,,39783.27,,,주거,,,,,,,,,,453600000000,453600000000,183500000000,183500000000,5,4,디어스판교,,
asset_fund_link,ast_3660f9bb2ed5,디어스판교,주거,physical_asset,,,,,,,37.413722553,127.099788999,,A112214001,verified,unknown,not_checked,,112214,이지스제200호일반사모부동산투자유한회사,200호,운용,주거,국내,"리빙그룹1파트, 리빙매니지먼트","리빙그룹1파트, 리빙매니지먼트",홍지훈,홍지훈,2018-06-28,2038-06-19,,158700644825,158700644825,40807893000,113400000000,4492751825,운용,펀드 AUM 관리_20260515.xlsx,underlying_asset,direct_owner,direct,,unallocated,True,False,,,,,,,3,158700644825,158700644825,40807893000,113400000000,4492751825,,39783.27,,,주거,,,,,,,,,,453600000000,453600000000,183500000000,183500000000,5,4,디어스판교,,
asset_fund_link,ast_f541715b8374,Barcelona Office Nestle HQ,오피스,physical_asset,,,,,바르셀로나,"Av. dels Països Catalans, 51, 08950 Esplugues de Llobregat, Barcelona, Spain",,,,A112216001,verified,unknown,not_checked,,112216,이지스글로벌부동산투자신탁204호 (파생형) Class A,204호(A),청산,오피스,해외,이지스자산운용,이지스자산운용,이원석,이원석,2018-09-10,2025-09-10,,55585193000,55585193000,55585193000,0,0,청산,펀드 AUM 관리_20260515.xlsx,underlying_asset,direct_owner,direct,,unallocated,True,False,,,,,,,3,194182483000,194182483000,108723109000,85459374000,0,,27606.0,5.01,,오피스,,8,,,579,,1974-01-01,,,0,0,0,0,0,0,,,
asset_fund_link,ast_f541715b8374,Barcelona Office Nestle HQ,오피스,physical_asset,,,,,바르셀로나,"Av. dels Països Catalans, 51, 08950 Esplugues de Llobregat, Barcelona, Spain",,,,A112216001,verified,unknown,not_checked,,112222,이지스글로벌부동산투자신탁204호(파생형),204호(파생형),청산,오피스,해외,이지스자산운용,이지스자산운용,이원석,이원석,2018-09-10,2025-09-10,,138597290000,138597290000,53137916000,85459374000,0,청산,펀드 AUM 관리_20260515.xlsx,underlying_asset,direct_owner,direct,,unallocated,True,False,,,,,,,3,194182483000,194182483000,108723109000,85459374000,0,,27606.0,5.01,,오피스,,8,,,579,,1974-01-01,,,0,0,0,0,0,0,,,
asset_fund_link,ast_9de000745f5e,US Courtyard by Marriott Portfolio Mezzanine A Loan,호텔,physical_asset,,,,,Windsor,1 Day Hill Road,,,,A112223001,verified,unknown,not_checked,,112223,이지스글로벌일반사모부동산투자신탁206호,206호,운용,호텔,해외,글로벌자산관리1파트2,글로벌자산관리1파트2,유진선,유진선,2018-07-25,2028-10-25,,148671478262,148671478262,148671478262,0,0,운용,펀드 AUM 관리_20260515.xlsx,underlying_asset,direct_owner,direct,,unallocated,True,False,,,,,,,1,148671478262,148671478262,148671478262,0,0,,,,,호텔,,3,,,211,,,,,0,0,148671478262,148671478262,0,2,US Courtyard by Marriott Portfolio Mezzanine A Loan,"206호,206-1호 미국 Courtyard 호텔 Mezz A 대출",
asset_fund_link,ast_327f60afc82b,Uki Retail AEON Mall,리테일,physical_asset,,,,,Kumamoto,"1-1,Gonoe,Ogawamachi,Uki-shi,Kumamoto-ken, Japan",,,,A112230001,verified,unknown,not_checked,,112230,이지스글로벌일반사모부동산투자신탁201호,201호,청산,리테일,해외,글로벌자산관리1파트2,글로벌자산관리1파트2,김선미,김선미,2018-08-16,2024-12-17,,47960230032,47960230032,11701540032,36258690000,0,청산,펀드 AUM 관리_20260515.xlsx,underlying_asset,direct_owner,direct,,unallocated,True,False,,,,,,,1,47960230032,47960230032,11701540032,36258690000,0,,72073.39,7.2,,리테일,,3,,,,,1997-10-31,,,0,0,0,0,0,0,,,
asset_fund_link,ast_ec6dcc378dcf,(주)페트로코너지 발행 지분증권 및 투자대상회사(이지스페트로코너지(주))에 대한 대출채권,,physical_asset,,,,KR,,"경남 양산시 상북면 효충2길13(페트로콕증기생산시설), 경기 시흥시 서울대학로 59-5 배곧가압장(연료전지",,,,A112234001,verified,unknown,not_checked,,112234,이지스일반사모투자신탁217호,217호,운용,특별자산,국내,인프라전략2파트,인프라전략2파트,김로아,김로아,2018-08-31,2038-08-31,,66000000000,40461768041,66000000000,0,0,운용,펀드 AUM 관리_20260515.xlsx,underlying_asset,direct_owner,direct,,unallocated,True,False,,,,,,,1,66000000000,40461768041,66000000000,0,0,,,,,특별자산,,,,,,,,,,0,0,66000000000,40698405473,0,3,,,
asset_fund_link,ast_4960a4a8e607,New York Manhattan Holiday Inn B-Note,호텔,physical_asset,,,,,New York,"99 Washington Street, New York",,,,A112236001,verified,unknown,not_checked,,112236,이지스미국일반사모부동산투자신탁228호,228호,청산,호텔,해외,글로벌자산관리1파트2,글로벌자산관리1파트2,김선미,김선미,2018-09-18,2022-03-23,,57759572091,57759572091,57759572091,0,0,청산,펀드 AUM 관리_20260515.xlsx,underlying_asset,direct_owner,direct,,unallocated,True,False,,,,,,,1,57759572091,57759572091,57759572091,0,0,692.31,17187.06,,,호텔,,50,,,,,2015-10-30,,,0,0,0,0,0,0,,,
asset_fund_link,ast_3b4b047a6381,Frankfurt Office Trianon,오피스복합,physical_asset,,,,,프랑크푸르트,"Mainzer Landstraße 16, 60325, Frankfurt",,,,A112242001,verified,unknown,not_checked,,112242,이지스글로벌부동산투자신탁229호(파생형),229호,운용,복합(오피스),해외,"글로벌자산관리2파트2, 229호TF","글로벌자산관리2파트2, 229호TF",노선호,노선호,2018-10-31,,,482077514818,482077514472,186910807001,295166707817,0,운용,펀드 AUM 관리_20260515.xlsx,underlying_asset,direct_owner,direct,,unallocated,True,False,,,,,,,4,954969797320,954969797667,370481268001,584488529319,0,,68503.0,4.2,,오피스복합,,47,,,589,,1993-01-01,,,0,0,370481268001,370481268001,0,4,Frankfurt Office Trianon,229호 독일 트리아논 오피스,
asset_fund_link,ast_3b4b047a6381,Frankfurt Office Trianon,오피스복합,physical_asset,,,,,프랑크푸르트,"Mainzer Landstraße 16, 60325, Frankfurt",,,,A112242001,verified,unknown,not_checked,,112243,이지스글로벌부동산투자신탁229호(파생형) (Class A),229호(A),운용,복합(오피스),해외,"글로벌자산관리2파트2, 229호TF","글로벌자산관리2파트2, 229호TF",노선호,노선호,2018-10-31,,,0,0,0,0,0,운용,펀드 AUM 관리_20260515.xlsx,underlying_asset,direct_owner,direct,,unallocated,True,False,,,,,,,4,954969797320,954969797667,370481268001,584488529319,0,,68503.0,4.2,,오피스복합,,47,,,589,,1993-01-01,,,0,0,370481268001,370481268001,0,4,Frankfurt Office Trianon,229호 독일 트리아논 오피스,
asset_fund_link,ast_3b4b047a6381,Frankfurt Office Trianon,오피스복합,physical_asset,,,,,프랑크푸르트,"Mainzer Landstraße 16, 60325, Frankfurt",,,,A112242001,verified,unknown,not_checked,,112244,이지스글로벌부동산투자신탁229호(파생형) (Class C-I),229호(C-I),운용,복합(오피스),해외,"글로벌자산관리2파트2, 229호TF","글로벌자산관리2파트2, 229호TF",노선호,노선호,2018-10-31,,,0,0,0,0,0,운용,펀드 AUM 관리_20260515.xlsx,underlying_asset,direct_owner,direct,,unallocated,True,False,,,,,,,4,954969797320,954969797667,370481268001,584488529319,0,,68503.0,4.2,,오피스복합,,47,,,589,,1993-01-01,,,0,0,370481268001,370481268001,0,4,Frankfurt Office Trianon,229호 독일 트리아논 오피스,
asset_fund_link,ast_3b4b047a6381,Frankfurt Office Trianon,오피스복합,physical_asset,,,,,프랑크푸르트,"Mainzer Landstraße 16, 60325, Frankfurt",,,,A112242001,verified,unknown,not_checked,,112254,이지스글로벌일반사모부동산투자신탁229-1호(파생형),229-1호,운용,복합(오피스),해외,"글로벌자산관리2파트2, 229호TF","글로벌자산관리2파트2, 229호TF",노선호,노선호,2018-10-31,,,472892282502,472892283195,183570461000,289321821502,0,운용,펀드 AUM 관리_20260515.xlsx,underlying_asset,direct_owner,direct,,unallocated,True,False,,,,,,,4,954969797320,954969797667,370481268001,584488529319,0,,68503.0,4.2,,오피스복합,,47,,,589,,1993-01-01,,,0,0,370481268001,370481268001,0,4,Frankfurt Office Trianon,229호 독일 트리아논 오피스,
asset_fund_link,ast_55478b8ac17a,GIDC 광명역 지식산업센터,오피스,physical_asset,,,,,,경기도 광명시 광명역세권 도시지원시설용지 1-1BL,,,,A112246001,verified,unknown,not_checked,,112246,이지스전문투자형사모부동산투자신탁236호,236호,청산,오피스,국내,사모리츠파트,사모리츠파트,이길수,이길수,2018-10-12,2022-02-04,,7831683169,7831683169,7831683169,0,0,청산,펀드 AUM 관리_20260515.xlsx,underlying_asset,direct_owner,direct,,unallocated,True,False,,,,,,,2,10000000000,10000000000,10000000000,0,0,,,,,오피스,,,,,,,,,,0,0,0,0,0,0,,,
asset_fund_link,ast_55478b8ac17a,GIDC 광명역 지식산업센터,오피스,physical_asset,,,,,,경기도 광명시 광명역세권 도시지원시설용지 1-1BL,,,,A112246001,verified,unknown,not_checked,,112248,이지스전문투자형사모부동산투자신탁240호,240호,청산,오피스,국내,사모리츠파트,사모리츠파트,이길수,이길수,2018-10-15,2022-02-04,,2168316831,2168316831,2168316831,0,0,청산,펀드 AUM 관리_20260515.xlsx,underlying_asset,direct_owner,direct,,unallocated,True,False,,,,,,,2,10000000000,10000000000,10000000000,0,0,,,,,오피스,,,,,,,,,,0,0,0,0,0,0,,,
asset_fund_link,ast_7045c219d59c,Nuveen RE-PCCP U.S. Core-Plus Real Estate Debt Fund,오피스복합,physical_asset,,,,,,,,,,A112247001,verified,unknown,not_checked,,112247,이지스미국일반사모부동산투자신탁216호(재간접형),216호,운용,복합(오피스),해외,글로벌자산관리1파트2,글로벌자산관리1파트2,유진선,유진선,2018-11-28,2030-11-28,,44410002000,23587299607,44410002000,0,0,운용,펀드 AUM 관리_20260515.xlsx,underlying_asset,direct_owner,direct,,unallocated,True,False,,,,,,,1,44410002000,23587299607,44410002000,0,0,,,,,오피스복합,,,,,,,,,,0,0,44410002000,23587299607,0,1,Nuveen RE-PCCP U.S. Core-Plus Real Estate Debt Fund,,
asset_fund_link,ast_82a02139e4fd,동삭센토피아 지역주택조합 아파트,주거,physical_asset,,,,,,경기도 평택시 동삭동 342번지 일원,37.021030070484024,127.09539021720572,4122011900103420000,A112249001,verified,unknown,pending,,112249,이지스전문투자형사모투자신탁231호,231호,청산,주거,국내,,,,,2018-10-25,2019-10-18,,20000000002,20000000002,20000000002,0,0,청산,펀드 AUM 관리_20260515.xlsx,underlying_asset,direct_owner,direct,,unallocated,True,False,,,,,,,1,20000000002,20000000002,20000000002,0,0,,,,,주거,,,,,,,,,,0,0,0,0,0,0,,,
asset_fund_link,ast_7a413edaa9cb,Glennmont REBS Europe Fund I,오피스복합,physical_asset,,,,,,,,,,A112250001,verified,unknown,not_checked,,112250,이지스유럽신재생인프라일반사모특별자산투자신탁205호,205호,운용,특별자산,해외,글로벌자산관리2파트2,글로벌자산관리2파트2,석동주,석동주,2019-04-16,2031-10-16,,147041121600,2802677954,147041121600,0,0,운용,펀드 AUM 관리_20260515.xlsx,underlying_asset,direct_owner,direct,,unallocated,True,False,,,,,,,1,147041121600,2802677954,147041121600,0,0,,,,,오피스복합,,,,,,,,,,0,0,147041121600,2802677954,0,2,Glennmont REBS Europe Fund I,,
asset_fund_link,ast_403ec12279a7,New York 685 5th Avenue Mezzanine Loan,리테일,physical_asset,,,,,New York,"685 Fifth Avenue, Manhattan, NY",,,,A112256001,verified,unknown,not_checked,,112256,이지스미국일반사모부동산투자신탁221호,221호,운용,리테일,해외,"281호TF, 글로벌자산관리2파트1","281호TF, 글로벌자산관리2파트1",박종덕,박종덕,2018-11-07,2029-01-07,,44791580566,44791580566,44791580566,0,0,운용,펀드 AUM 관리_20260515.xlsx,underlying_asset,direct_owner,direct,,unallocated,True,False,,,,,,,1,44791580566,44791580566,44791580566,0,0,,2190.0,,,리테일,,19,,,,,,,,0,0,44791580566,44791580566,0,2,New York 685 5th Avenue Mezzanine Loan,221호 뉴욕 685th Avenue 메자닌 대출,
asset_fund_link,ast_8fdf7890a11b,판교 알파돔시티 중심상업용지 7-1BL/주차장용지17BL 오피스텔 및 근린생활시설 개발사업 선순위 PF대출,주거복합,physical_asset,,,,,,경기 성남시 분당구 백현동 알파돔시티 중심상업용지 7-1BL/주차장용지17BL,,,,A112259001,verified,unknown,not_checked,,112259,이지스전문투자형사모부동산투자신탁246호,246호,청산,특별자산,국내,,,,,2018-11-22,2019-11-25,,50000000000,50000000000,50000000000,0,0,청산,펀드 AUM 관리_20260515.xlsx,underlying_asset,direct_owner,direct,,unallocated,True,False,,,,,,,1,50000000000,50000000000,50000000000,0,0,,,,,주거,,,,,,,,,,0,0,0,0,0,0,,,
asset_fund_link,ast_fbe13b6b1e0a,글로벌 리츠,,physical_asset,,,,,,,,,,A112260001,verified,unknown,not_checked,,112260,이지스글로벌셀렉트리츠일반사모부동산투자신탁 1호,셀렉리츠1호,운용,기타,해외,대체증권투자파트,대체증권투자파트,신영찬,신영찬,2018-11-27,,,5825106596,5825106596,5825106596,0,0,운용,펀드 AUM 관리_20260515.xlsx,underlying_asset,direct_owner,direct,,unallocated,True,False,,,,,,,7,164155106596,150479933309,164155106596,0,0,,,,,기타,,,,,,,,,,0,0,0,0,0,0,POBA 글로벌리츠위탁운용펀드,,
asset_fund_link,ast_fbe13b6b1e0a,글로벌 리츠,,physical_asset,,,,,,,,,,A112260001,verified,unknown,not_checked,,112261,이지스글로벌셀렉트리츠일반사모부동산투자신탁 1호 Class A,셀렉리츠1호(A),운용,기타,해외,대체증권투자파트,대체증권투자파트,신영찬,신영찬,2018-11-27,,,0,0,0,0,0,운용,펀드 AUM 관리_20260515.xlsx,underlying_asset,direct_owner,direct,,unallocated,True,False,,,,,,,7,164155106596,150479933309,164155106596,0,0,,,,,기타,,,,,,,,,,0,0,0,0,0,0,POBA 글로벌리츠위탁운용펀드,,
asset_fund_link,ast_fbe13b6b1e0a,글로벌 리츠,,physical_asset,,,,,,,,,,A112260001,verified,unknown,not_checked,,112262,이지스글로벌셀렉트리츠일반사모부동산투자신탁 1호 Class C-I,셀렉리츠1호(C-I),운용,기타,해외,대체증권투자파트,대체증권투자파트,신영찬,신영찬,2018-11-27,,,0,0,0,0,0,운용,펀드 AUM 관리_20260515.xlsx,underlying_asset,direct_owner,direct,,unallocated,True,False,,,,,,,7,164155106596,150479933309,164155106596,0,0,,,,,기타,,,,,,,,,,0,0,0,0,0,0,POBA 글로벌리츠위탁운용펀드,,
asset_fund_link,ast_fbe13b6b1e0a,글로벌 리츠,,physical_asset,,,,,,,,,,A112260001,verified,unknown,not_checked,,112263,이지스글로벌셀렉트리츠일반사모부동산투자신탁 1호 Class C-S,셀렉리츠1호(C-S),운용,기타,해외,대체증권투자파트,대체증권투자파트,신영찬,신영찬,2018-11-27,,,0,0,0,0,0,운용,펀드 AUM 관리_20260515.xlsx,underlying_asset,direct_owner,direct,,unallocated,True,False,,,,,,,7,164155106596,150479933309,164155106596,0,0,,,,,기타,,,,,,,,,,0,0,0,0,0,0,POBA 글로벌리츠위탁운용펀드,,
asset_fund_link,ast_1273fe709763,익선동 상업시설 개발,리테일,physical_asset,,,,KR,,서울 종로구 익선동 138-6,,,,A112264001,verified,unknown,not_checked,,112264,이지스전문투자형사모부동산투자신탁244호,244호,청산,리테일,국내,이지스자산운용,이지스자산운용,유지민,유지민,2018-11-29,2021-12-08,,22300000000,18300000000,7300000000,15000000000,0,청산,펀드 AUM 관리_20260515.xlsx,underlying_asset,direct_owner,direct,,unallocated,True,False,,,,,,,1,22300000000,18300000000,7300000000,15000000000,0,,449.6,,,리테일,,,,,,,,,,0,0,0,0,0,0,,,
asset_fund_link,ast_4b343ec79ade,Brookfield Premier Real Estate Partners Australia,오피스,physical_asset,,,,,시드니,,,,,A112267001,verified,unknown,not_checked,,112267,이지스호주일반사모부동산투자신탁209호(재간접형),209호,운용,오피스,해외,"글로벌자산관리1파트1, 229호TF","글로벌자산관리1파트1, 229호TF",나혜윤,나혜윤,2019-01-14,2027-01-14,,84640674000,82733926690,84640674000,0,0,운용,펀드 AUM 관리_20260515.xlsx,underlying_asset,direct_owner,direct,,unallocated,True,False,,,,,,,2,105663644400,99990444590,105663644400,0,0,,,,,오피스,,,,,,,,,,0,0,105663644400,99990444590,0,5,Brookfield Premier Real Estate Partners Australia,,
asset_fund_link,ast_4b343ec79ade,Brookfield Premier Real Estate Partners Australia,오피스,physical_asset,,,,,시드니,,,,,A112267001,verified,unknown,not_checked,,112269,이지스호주일반사모부동산투자신탁209-1호(재간접형),209-1호,운용,오피스,해외,"글로벌자산관리1파트1, 229호TF","글로벌자산관리1파트1, 229호TF",나혜윤,나혜윤,2019-02-27,2027-02-27,,21022970400,17256517900,21022970400,0,0,운용,펀드 AUM 관리_20260515.xlsx,underlying_asset,direct_owner,direct,,unallocated,True,False,,,,,,,2,105663644400,99990444590,105663644400,0,0,,,,,오피스,,,,,,,,,,0,0,105663644400,99990444590,0,5,Brookfield Premier Real Estate Partners Australia,,
asset_fund_link,ast_cbc413cdfd7f,고양 일산 식사2구역 A2BL 공동주택 개발사업 선순위 PF대출채권,주거,physical_asset,,,,,,경기 고양시 일산동구 식사2도시개발구역 A2블록,,,,A112274001,verified,unknown,not_checked,,112274,이지스전문투자형사모부동산투자신탁257호,257호,청산,특별자산,국내,,,,,2019-01-23,2020-07-17,,30000000000,30000000000,30000000000,0,0,청산,펀드 AUM 관리_20260515.xlsx,underlying_asset,direct_owner,direct,,unallocated,True,False,,,,,,,1,30000000000,30000000000,30000000000,0,0,,,,,주거,,,,,,,,,,0,0,0,0,0,0,,,
asset_fund_link,ast_8f71aef30468,도농역 오피스텔,주거,physical_asset,,,,,,경기도 남양주시 도농동 56-7,,,,A112275001,verified,unknown,not_checked,,112275,이지스제256호전문투자형사모부동산투자유한회사,256호,청산,주거,국내,인프라전략2파트,인프라전략2파트,신미소,신미소,2019-01-14,2022-06-07,,102000000,102000000,102000000,0,0,청산,펀드 AUM 관리_20260515.xlsx,underlying_asset,direct_owner,direct,,unallocated,True,False,,,,,,,1,102000000,102000000,102000000,0,0,,79563.0,,,주거,,,,,,,,,,0,0,0,0,0,0,,,
asset_fund_link,ast_5264d55d0bc9,Poland Logistics Zalando,물류센터,physical_asset,,,,,Olsztyn,"J844+CX Olsztynek, Poland",,,,A112278001,verified,unknown,not_checked,,112278,이지스제243호전문투자형사모부동산투자회사,243호,운용,물류,해외,글로벌자산관리1파트2,글로벌자산관리1파트2,신윤아,신윤아,2019-01-25,2029-12-13,,153895291900,153895291900,80703566000,73191725900,0,운용,펀드 AUM 관리_20260515.xlsx,underlying_asset,direct_owner,direct,,unallocated,True,False,,,,,,,5,153895291900,153895291900,80703566000,73191725900,0,,120444.0,5.5,,물류센터,,1,,,110,,2019-01-01,,,0,0,0,0,0,4,Poland Logistics Zalando,243호,
asset_fund_link,ast_5264d55d0bc9,Poland Logistics Zalando,물류센터,physical_asset,,,,,Olsztyn,"J844+CX Olsztynek, Poland",,,,A112278001,verified,unknown,not_checked,,112286,이지스글로벌일반사모부동산투자신탁243-1호(재간접형)(운용),243-1호,운용,물류,해외,글로벌자산관리1파트2,글로벌자산관리1파트2,신윤아,신윤아,2019-02-13,2029-12-13,,0,0,0,0,0,운용,펀드 AUM 관리_20260515.xlsx,underlying_asset,direct_owner,direct,,unallocated,True,False,,,,,,,5,153895291900,153895291900,80703566000,73191725900,0,,120444.0,5.5,,물류센터,,1,,,110,,2019-01-01,,,0,0,0,0,0,4,Poland Logistics Zalando,243호,
asset_fund_link,ast_5264d55d0bc9,Poland Logistics Zalando,물류센터,physical_asset,,,,,Olsztyn,"J844+CX Olsztynek, Poland",,,,A112278001,verified,unknown,not_checked,,112331,이지스글로벌일반사모부동산투자신탁243-1호(재간접형)(1종),243-1호(1종),운용,물류,해외,글로벌자산관리1파트2,글로벌자산관리1파트2,신윤아,신윤아,2019-06-26,2029-12-13,,0,0,0,0,0,운용,펀드 AUM 관리_20260515.xlsx,underlying_asset,direct_owner,direct,,unallocated,True,False,,,,,,,5,153895291900,153895291900,80703566000,73191725900,0,,120444.0,5.5,,물류센터,,1,,,110,,2019-01-01,,,0,0,0,0,0,4,Poland Logistics Zalando,243호,
asset_fund_link,ast_5264d55d0bc9,Poland Logistics Zalando,물류센터,physical_asset,,,,,Olsztyn,"J844+CX Olsztynek, Poland",,,,A112278001,verified,unknown,not_checked,,112332,이지스글로벌일반사모부동산투자신탁243-1호(재간접형)(2종),243-1호(2종),운용,물류,해외,글로벌자산관리1파트2,글로벌자산관리1파트2,신윤아,신윤아,2019-06-26,2029-12-13,,0,0,0,0,0,운용,펀드 AUM 관리_20260515.xlsx,underlying_asset,direct_owner,direct,,unallocated,True,False,,,,,,,5,153895291900,153895291900,80703566000,73191725900,0,,120444.0,5.5,,물류센터,,1,,,110,,2019-01-01,,,0,0,0,0,0,4,Poland Logistics Zalando,243호,
asset_fund_link,ast_5264d55d0bc9,Poland Logistics Zalando,물류센터,physical_asset,,,,,Olsztyn,"J844+CX Olsztynek, Poland",,,,A112278001,verified,unknown,not_checked,,112371,이지스글로벌일반사모부동산투자신탁243-2호(재간접형),243-2호,운용,물류,해외,글로벌자산관리1파트2,글로벌자산관리1파트2,신윤아,신윤아,2019-09-30,2029-12-13,,0,0,0,0,0,운용,펀드 AUM 관리_20260515.xlsx,underlying_asset,direct_owner,direct,,unallocated,True,False,,,,,,,5,153895291900,153895291900,80703566000,73191725900,0,,120444.0,5.5,,물류센터,,1,,,110,,2019-01-01,,,0,0,0,0,0,4,Poland Logistics Zalando,243호,
asset_fund_link,ast_28817669f116,용인기흥 파워센(개발),리테일,physical_asset,,,,,,용인 기흥구 고매동 271번지 일원(총 14개 필지),,,,A112285001,verified,unknown,not_checked,,112285,이지스전문투자형사모부동산투자신탁227호,227호,청산,리테일,국내,,,,,2019-02-27,2020-05-22,,70000000001,70000000001,70000000001,0,0,청산,펀드 AUM 관리_20260515.xlsx,underlying_asset,direct_owner,direct,,unallocated,True,False,,,,,,,1,70000000001,70000000001,70000000001,0,0,,112257.0,,,리테일,,,,,,,2020-03-31,,,0,0,0,0,0,0,,,
asset_fund_link,ast_2397942b2f4e,광주 월산현대지역주택조합 공동주택 개발사업 Bridge Loan 현대엔지니어링 채무인수 확약 후순위 대출채권,주거,physical_asset,,,,,,광주광역시 남구 월산동 258번지 일,,,,A112293001,verified,unknown,not_checked,,112293,이지스전문투자형사모투자신탁278호,278호,청산,특별자산,국내,,,,,2019-03-11,2020-02-24,,24000000000,24000000000,24000000000,0,0,청산,펀드 AUM 관리_20260515.xlsx,underlying_asset,direct_owner,direct,,unallocated,True,False,,,,,,,1,24000000000,24000000000,24000000000,0,0,,,,,주거,,,,,,,,,,0,0,0,0,0,0,,,
asset_fund_link,ast_b4128c33bb53,New York 564 6th Avenue Mezzanine Loan,,physical_asset,,,,,New York,"564 5th Avenue New York, NY 10036",,,,A112295001,verified,unknown,not_checked,,112295,이지스미국일반사모부동산투자신탁266호,266호,청산,복합(오피스),해외,글로벌자산관리1파트2,글로벌자산관리1파트2,김선미,김선미,2019-12-16,2024-07-17,,220394393756,220394393756,220394393756,0,0,청산,펀드 AUM 관리_20260515.xlsx,underlying_asset,direct_owner,direct,,unallocated,True,False,,,,,,,1,220394393756,220394393756,220394393756,0,0,,55419.0,,,오피스,,,,,,,2027-12-31,,,0,0,0,0,0,0,,,
asset_fund_link,ast_854de4d7b05b,하남미사 지식산업센터,오피스,physical_asset,,,,,,경기도 하남시 하남미사 자족시설용지 12-2/3BL,,,,A112297001,verified,unknown,not_checked,,112297,이지스전문투자형사모투자신탁277호,277호,청산,오피스,국내,,,,,2019-03-25,2021-09-08,,15000000000,15000000000,15000000000,0,0,청산,펀드 AUM 관리_20260515.xlsx,underlying_asset,direct_owner,direct,,unallocated,True,False,,,,,,,1,15000000000,15000000000,15000000000,0,0,,,,,오피스,,,,,,,2021-06-30,,,0,0,0,0,0,0,,,
asset_fund_link,ast_a26d74763046,"Ku'damm 12, 13-15",리테일,physical_asset,,,,,Berlin,"Ku'damm 12, 13-15, 10719 Berlin",,,,A112300001,verified,unknown,not_checked,,112300,이지스글로벌전문투자형사모부동산투자신탁254호,254호,청산,리테일,해외,글로벌자산관리1파트2,글로벌자산관리1파트2,김선미,김선미,2019-04-24,2021-08-05,,118750905000,118750905000,118750905000,0,0,청산,펀드 AUM 관리_20260515.xlsx,underlying_asset,direct_owner,direct,,unallocated,True,False,,,,,,,1,118750905000,118750905000,118750905000,0,0,4197.0,22452.0,,,리테일,,,,,,,2020-06-30,,,0,0,0,0,0,0,,,
asset_fund_link,ast_f02b527b7861,이천 한익스프레스 물류센터 개발사업,물류센터,physical_asset,,,,,,경기도 이천시 설성면 대죽리 545-5외 22필지 일원,,,,A112301001,verified,unknown,not_checked,,112301,이지스전문투자형사모투자신탁282호,282호,청산,물류,국내,,,,,2019-04-12,2019-12-30,,14000000000,14000000000,14000000000,0,0,청산,펀드 AUM 관리_20260515.xlsx,underlying_asset,direct_owner,direct,,unallocated,True,False,,,,,,,1,14000000000,14000000000,14000000000,0,0,,,,,물류,,,,,,,2019-10-31,,,0,0,0,0,0,0,,,
asset_fund_link,ast_0bb41d4e593f,GLP Japan Develoment Partners III,물류센터,physical_asset,,,,,,,,,,A112303001,verified,unknown,not_checked,,112303,이지스글로벌일반사모부동산투자신탁274호(재간접형),274호,운용,물류,해외,글로벌자산관리1파트2,글로벌자산관리1파트2,신윤아,신윤아,2019-06-10,2031-06-10,,73890400000,7195006844,73890400000,0,0,운용,펀드 AUM 관리_20260515.xlsx,underlying_asset,direct_owner,direct,,unallocated,True,False,,,,,,,1,73890400000,7195006844,73890400000,0,0,,,,,물류센터,,,,,,,,,,0,0,73890400000,7195006844,0,1,GLP Japan Develoment Partners III,,
asset_fund_link,ast_ce621c527b00,Frankfurt St.Martine Tower Mezzanine Loan,오피스,physical_asset,,,,,Frankfurt,"Franklinstraße 61-63, 60486, Frankfurt",,,,A112304001,verified,unknown,not_checked,,112304,이지스글로벌전문투자형사모부동산투자신탁262호,262호,청산,오피스,해외,글로벌자산관리1파트2,글로벌자산관리1파트2,김선미,김선미,2019-04-24,2020-01-09,,33332000000,33332000000,33332000000,0,0,청산,펀드 AUM 관리_20260515.xlsx,underlying_asset,direct_owner,direct,,unallocated,True,False,,,,,,,1,33332000000,33332000000,33332000000,0,0,8222.0,26139.94,,,오피스,,19,,,380,,2016-12-31,,,0,0,0,0,0,0,,,
asset_fund_link,ast_e5211e566e98,New York 564 6th Avenue Senior Loan,,physical_asset,,,,,New York,"564 5th Avenue New York, NY 10036",,,,A112308001,verified,unknown,not_checked,,112308,이지스미국일반사모부동산투자신탁292호,292호,청산,복합(오피스),해외,글로벌자산관리1파트2,글로벌자산관리1파트2,유진선,유진선,2019-12-16,2026-03-27,,471442465380,471442465380,471442465380,0,0,청산,펀드 AUM 관리_20260515.xlsx,underlying_asset,direct_owner,direct,,unallocated,True,False,,,,,,,1,471442465380,471442465380,471442465380,0,0,,55419.0,,,오피스복합,,,,,,,2027-12-31,,,0,0,0,0,0,0,New York 564 6th Avenue Senior Loan,,
asset_fund_link,ast_6b047e815c5e,해운대구 재송동 한진 CY부지 공동주택 등 개발사업 선순위 BrLoan 담보대출,주거,physical_asset,,,,,,부산시 해운대구 재송동 856-1번지 일원,35.18718849358266,129.11969023933733,2635010400108560001,A112309001,verified,unknown,pending,,112309,이지스전문투자형사모투자신탁293호,293호,청산,특별자산,국내,,,,,2019-04-30,2020-04-29,,100000000000,100000000000,100000000000,0,0,청산,펀드 AUM 관리_20260515.xlsx,underlying_asset,direct_owner,direct,,unallocated,True,False,,,,,,,1,100000000000,100000000000,100000000000,0,0,,,,,주거,,,,,,,,,,0,0,0,0,0,0,,,
asset_fund_link,ast_0bed91ccb4ec,부실채권을 기초자산으로 하는 SPC의 사채,,physical_asset,,,,,,,,,,A112318001,verified,unknown,not_checked,,112602,이지스NPL일반사모부동산투자신탁제3호,NPL3호,운용,NPL,국내,포트폴리오관리,포트폴리오관리,박유진,박유진,2021-11-30,2027-11-30,,124000000000,59447401920,124000000000,0,0,운용,펀드 AUM 관리_20260515.xlsx,underlying_asset,direct_owner,direct,,unallocated,True,False,,,,,,,4,154000000000,59807401920,154000000000,0,0,,,,,특별자산,,,,,,,,,,150000000000,150000000000,124000000000,59447401920,1,6,IAYD | IA13차 유동화 | NPL 3호 | IA 14차 유동화 | IAHF 합정,,
asset_fund_link,ast_0bed91ccb4ec,부실채권을 기초자산으로 하는 SPC의 사채,,physical_asset,,,,,,,,,,A112318001,verified,unknown,not_checked,,112603,이지스NPL일반사모부동산투자신탁제3-1호,NPL3-1호,청산,NPL,국내,포트폴리오관리,포트폴리오관리,박유진,박유진,2022-03-29,2023-07-14,,30000000000,360000000,30000000000,0,0,청산,펀드 AUM 관리_20260515.xlsx,underlying_asset,direct_owner,direct,,unallocated,True,False,,,,,,,4,154000000000,59807401920,154000000000,0,0,,,,,특별자산,,,,,,,,,,150000000000,150000000000,124000000000,59447401920,1,6,IAYD | IA13차 유동화 | NPL 3호 | IA 14차 유동화 | IAHF 합정,,
asset_fund_link,ast_446647af6ed1,세운5구역PFV,오피스,physical_asset,,,,KR,,"서울시 중구 산림동 190-3번지 일원 (세운지구 5-1, 5-3구역)",37.56787068192537,126.99578162111413,1114015700101900003,A112321001,verified,unknown,pending,,112321,이지스전문투자형사모부동산투자신탁297호,297호,청산,지분증권,국내,"전략펀드운용1실, 사업그룹1파트","전략펀드운용1실, 사업그룹1파트",이정원,이정원,2019-05-29,2022-05-31,,3000000000,3000000000,3000000000,0,0,청산,펀드 AUM 관리_20260515.xlsx,underlying_asset,direct_owner,direct,,unallocated,True,False,,,,,,,1,3000000000,3000000000,3000000000,0,0,,6865.0,,,오피스,,,,,,,,,,0,0,0,0,0,0,,,
asset_fund_link,ast_713f8b4e24da,Paris Logistics Amazon,물류센터,physical_asset,,,,,파리,"Base Aerienne 217, 91220 Bretigny-sur-Orge, Paris, France",,,,A112324001,verified,unknown,not_checked,,112325,이지스글로벌공모부동산투자신탁281호(파생형),281호,운용,물류,해외,"281호TF, 글로벌자산관리2파트1","281호TF, 글로벌자산관리2파트1",박종덕,박종덕,2019-07-12,2028-07-12,,597475291942,597475291942,223655294000,373819997942,0,운용,펀드 AUM 관리_20260515.xlsx,underlying_asset,direct_owner,direct,,unallocated,True,False,,,,,,,4,681730353901,681730353901,259334876000,422395477901,0,,491468.0,3.83,,물류,,3,,,1268,,2019-03-01,,,0,0,0,0,0,0,"Paris Logistics Amazon , Bristol Logistics Amazon , Barcelona Logistics Amazon | Paris Logistics Amazon , Barcelona Logistics Amazon , Bristol Logistics Amazon | Paris Logistics Amazon",281호,
asset_fund_link,ast_713f8b4e24da,Paris Logistics Amazon,물류센터,physical_asset,,,,,파리,"Base Aerienne 217, 91220 Bretigny-sur-Orge, Paris, France",,,,A112324001,verified,unknown,not_checked,,112324,이지스글로벌일반사모부동산투자신탁281-1호,281-1호,운용,물류,해외,"281호TF, 글로벌자산관리2파트1","281호TF, 글로벌자산관리2파트1",박종덕,박종덕,2019-07-15,2028-07-15,,84255061959,84255061959,35679582000,48575479959,0,운용,펀드 AUM 관리_20260515.xlsx,underlying_asset,direct_owner,direct,,unallocated,True,False,,,,,,,4,681730353901,681730353901,259334876000,422395477901,0,,491468.0,3.83,,물류,,3,,,1268,,2019-03-01,,,0,0,0,0,0,0,"Paris Logistics Amazon , Bristol Logistics Amazon , Barcelona Logistics Amazon | Paris Logistics Amazon , Barcelona Logistics Amazon , Bristol Logistics Amazon | Paris Logistics Amazon",281호,
asset_fund_link,ast_713f8b4e24da,Paris Logistics Amazon,물류센터,physical_asset,,,,,파리,"Base Aerienne 217, 91220 Bretigny-sur-Orge, Paris, France",,,,A112324001,verified,unknown,not_checked,,112326,이지스글로벌공모부동산투자신탁281호(파생형) (Class A),281호( A),운용,물류,해외,"281호TF, 글로벌자산관리2파트1","281호TF, 글로벌자산관리2파트1",박종덕,박종덕,2019-07-12,2028-07-12,,0,0,0,0,0,운용,펀드 AUM 관리_20260515.xlsx,underlying_asset,direct_owner,direct,,unallocated,True,False,,,,,,,4,681730353901,681730353901,259334876000,422395477901,0,,491468.0,3.83,,물류,,3,,,1268,,2019-03-01,,,0,0,0,0,0,0,"Paris Logistics Amazon , Bristol Logistics Amazon , Barcelona Logistics Amazon | Paris Logistics Amazon , Barcelona Logistics Amazon , Bristol Logistics Amazon | Paris Logistics Amazon",281호,
asset_fund_link,ast_49de163142b2,Barcelona Logistics Amazon,물류센터,physical_asset,,,,,바르셀로나,"Avinguda Les Garrigue, 2 N2-N12, El Prat de Llobregat, Barcelona, Spain",,,,A112324002,verified,unknown,not_checked,,112324,이지스글로벌일반사모부동산투자신탁281-1호,281-1호,운용,물류,해외,"281호TF, 글로벌자산관리2파트1","281호TF, 글로벌자산관리2파트1",박종덕,박종덕,2019-07-15,2028-07-15,,84255061959,84255061959,35679582000,48575479959,0,운용,펀드 AUM 관리_20260515.xlsx,underlying_asset,direct_owner,direct,,unallocated,True,False,,,,,,,2,681730353901,681730353901,259334876000,422395477901,0,,,3.8,,물류센터,,4,,,1483,,2017-09-01,,,0,0,0,0,0,0,,,
asset_fund_link,ast_49de163142b2,Barcelona Logistics Amazon,물류센터,physical_asset,,,,,바르셀로나,"Avinguda Les Garrigue, 2 N2-N12, El Prat de Llobregat, Barcelona, Spain",,,,A112324002,verified,unknown,not_checked,,112325,이지스글로벌공모부동산투자신탁281호(파생형),281호,운용,물류,해외,"281호TF, 글로벌자산관리2파트1","281호TF, 글로벌자산관리2파트1",박종덕,박종덕,2019-07-12,2028-07-12,,597475291942,597475291942,223655294000,373819997942,0,운용,펀드 AUM 관리_20260515.xlsx,underlying_asset,direct_owner,direct,,unallocated,True,False,,,,,,,2,681730353901,681730353901,259334876000,422395477901,0,,,3.8,,물류센터,,4,,,1483,,2017-09-01,,,0,0,0,0,0,0,,,
asset_fund_link,ast_1a7bbfa76876,Bristol Logistics Amazon,물류센터,physical_asset,,,,,브리스톨,"Unit 4, Central Park, Central Avenue, Severn Beach, Bristol, UK",,,,A112324003,verified,unknown,not_checked,,112324,이지스글로벌일반사모부동산투자신탁281-1호,281-1호,운용,물류,해외,"281호TF, 글로벌자산관리2파트1","281호TF, 글로벌자산관리2파트1",박종덕,박종덕,2019-07-15,2028-07-15,,84255061959,84255061959,35679582000,48575479959,0,운용,펀드 AUM 관리_20260515.xlsx,underlying_asset,direct_owner,direct,,unallocated,True,False,,,,,,,2,681730353901,681730353901,259334876000,422395477901,0,,,4.81,,물류센터,,3,,,846,,2018-10-01,,,0,0,259334876000,259334876000,0,4,,,
asset_fund_link,ast_1a7bbfa76876,Bristol Logistics Amazon,물류센터,physical_asset,,,,,브리스톨,"Unit 4, Central Park, Central Avenue, Severn Beach, Bristol, UK",,,,A112324003,verified,unknown,not_checked,,112325,이지스글로벌공모부동산투자신탁281호(파생형),281호,운용,물류,해외,"281호TF, 글로벌자산관리2파트1","281호TF, 글로벌자산관리2파트1",박종덕,박종덕,2019-07-12,2028-07-12,,597475291942,597475291942,223655294000,373819997942,0,운용,펀드 AUM 관리_20260515.xlsx,underlying_asset,direct_owner,direct,,unallocated,True,False,,,,,,,2,681730353901,681730353901,259334876000,422395477901,0,,,4.81,,물류센터,,3,,,846,,2018-10-01,,,0,0,259334876000,259334876000,0,4,,,
asset_fund_link,ast_8a013a44ba44,Dallas Office One AT&T Plaza,오피스,physical_asset,,,,,텍사스,"208 South Akard Street, Dallas, Texas 75201",,,,A112333001,verified,unknown,not_checked,,112333,이지스미국일반사모부동산투자신탁288호,288호,운용,오피스,해외,"281호TF, 글로벌자산관리2파트1","281호TF, 글로벌자산관리2파트1",박종덕,박종덕,2019-09-11,2029-09-11,,281320526581,281320526581,125277366581,156043160000,0,운용,펀드 AUM 관리_20260515.xlsx,underlying_asset,direct_owner,direct,,unallocated,True,False,,,,,,,1,281320526581,281320526581,125277366581,156043160000,0,,89725.0,5.5,,오피스,,37,,,557,,1983-01-01,,,0,0,125277366581,125277366581,0,3,Dallas Office One AT&T Plaza,288호,
asset_fund_link,ast_7689cf60369b,글로벌 리츠,오피스,physical_asset,,,,,,,,,,A112334001,verified,unknown,not_checked,,112334,이지스글로벌시그니처리츠전문투자형사모부동산투자신탁,시그니처리츠,청산,기타,해외,대체증권투자파트,대체증권투자파트,신영찬,신영찬,2019-07-15,2024-11-13,,428910908,428910908,428910908,0,0,청산,펀드 AUM 관리_20260515.xlsx,underlying_asset,direct_owner,direct,,unallocated,True,False,,,,,,,4,871884998,871884998,871884998,0,0,,,,,기타,,,,,,,,,,0,0,0,0,0,0,,,
asset_fund_link,ast_7689cf60369b,글로벌 리츠,오피스,physical_asset,,,,,,,,,,A112334001,verified,unknown,not_checked,,112335,이지스글로벌시그니처리츠전문투자형사모부동산투자신탁Class A,시그니처리츠(A),청산,기타,해외,대체증권투자파트,대체증권투자파트,신영찬,신영찬,2019-07-15,2024-11-13,,442974090,442974090,442974090,0,0,청산,펀드 AUM 관리_20260515.xlsx,underlying_asset,direct_owner,direct,,unallocated,True,False,,,,,,,4,871884998,871884998,871884998,0,0,,,,,기타,,,,,,,,,,0,0,0,0,0,0,,,
asset_fund_link,ast_baffca3def0d,Odawara Logistics Amazon FC I,물류센터,physical_asset,,,,,Odawara,"4-Chome 5-1 Ogicho, Odawara, Kanagawa-Ken",,,,A112338001,verified,unknown,not_checked,,112338,이지스글로벌일반사모부동산투자신탁300호(운용),300호,운용,물류,해외,"글로벌자산관리1파트2, SS&C TF","글로벌자산관리1파트2, SS&C TF",윤주성,윤주성,2019-07-24,2027-01-24,,254095600000,254095600000,143260000000,110835600000,0,운용,펀드 AUM 관리_20260515.xlsx,underlying_asset,direct_owner,direct,,unallocated,True,False,,,,,,,3,254095600000,254095600000,143260000000,110835600000,0,102729.12,200687.13,3.87,,물류센터,,5,,,341,,2013-03-01,,,0,0,143260000000,143260000000,0,6,Odawara Logistics Amazon FC I,,
asset_fund_link,ast_baffca3def0d,Odawara Logistics Amazon FC I,물류센터,physical_asset,,,,,Odawara,"4-Chome 5-1 Ogicho, Odawara, Kanagawa-Ken",,,,A112338001,verified,unknown,not_checked,,112339,이지스글로벌일반사모부동산투자신탁300호 (1종),300호(1종),운용,물류,해외,"글로벌자산관리1파트2, SS&C TF","글로벌자산관리1파트2, SS&C TF",윤주성,윤주성,2019-07-24,2027-01-24,,0,0,0,0,0,운용,펀드 AUM 관리_20260515.xlsx,underlying_asset,direct_owner,direct,,unallocated,True,False,,,,,,,3,254095600000,254095600000,143260000000,110835600000,0,102729.12,200687.13,3.87,,물류센터,,5,,,341,,2013-03-01,,,0,0,143260000000,143260000000,0,6,Odawara Logistics Amazon FC I,,
asset_fund_link,ast_baffca3def0d,Odawara Logistics Amazon FC I,물류센터,physical_asset,,,,,Odawara,"4-Chome 5-1 Ogicho, Odawara, Kanagawa-Ken",,,,A112338001,verified,unknown,not_checked,,112340,이지스글로벌일반사모부동산투자신탁300호 (2종),300호(2종),운용,물류,해외,"글로벌자산관리1파트2, SS&C TF","글로벌자산관리1파트2, SS&C TF",윤주성,윤주성,2019-07-24,2027-01-24,,0,0,0,0,0,운용,펀드 AUM 관리_20260515.xlsx,underlying_asset,direct_owner,direct,,unallocated,True,False,,,,,,,3,254095600000,254095600000,143260000000,110835600000,0,102729.12,200687.13,3.87,,물류센터,,5,,,341,,2013-03-01,,,0,0,143260000000,143260000000,0,6,Odawara Logistics Amazon FC I,,
asset_fund_link,ast_da9f73969f26,에스비씨PFV(P00005),오피스복합,physical_asset,,,,KR,,서울시 서초구 서초동 1005-1외,,,,A112341001,verified,unknown,not_checked,,112341,이지스전문투자형사모부동산투자신탁312호,312호,운용,복합(오피스),국내,사업그룹3파트,사업그룹3파트,최성현,최성현,2019-07-24,2029-07-24,,46879006819,46879006819,46879006819,0,0,운용,펀드 AUM 관리_20260515.xlsx,underlying_asset,direct_owner,direct,,unallocated,True,False,,,,,,,1,46879006819,46879006819,46879006819,0,0,,91597.1,,,오피스,,,,,,,2026-11-30,,,0,0,0,0,0,0,,,
asset_fund_link,ast_9cf4a8abd36c,평택 고덕 업무12-2-3BL PF 선순위 대출채권,오피스,physical_asset,,,,,,경기도 평택시 고덕면 고덕 국제화계획지구 업무용지 12-2-3BL,,,,A112342001,verified,unknown,not_checked,,112342,이지스전문투자형사모부동산투자신탁309호,309호,청산,기타,국내,,,,,2019-07-31,2021-04-13,,0,0,0,0,0,청산,펀드 AUM 관리_20260515.xlsx,underlying_asset,direct_owner,direct,,unallocated,True,False,,,,,,,1,0,0,0,0,0,,,,,오피스,,,,,,,,,,0,0,0,0,0,0,,,
asset_fund_link,ast_7658ea6ef139,독일 프랑크푸르트 소재 개발사업부지,오피스,physical_asset,,,,,Frankfurter,Mainzer Landstrasse 23,,,,A112343001,verified,unknown,not_checked,,112343,이지스글로벌전문투자형사모부동산투자신탁304호,304호,청산,기타,해외,글로벌자산관리1파트2,글로벌자산관리1파트2,김선미,김선미,2019-08-01,2021-08-05,,117631500000,117631500000,117631500000,0,0,청산,펀드 AUM 관리_20260515.xlsx,underlying_asset,direct_owner,direct,,unallocated,True,False,,,,,,,1,117631500000,117631500000,117631500000,0,0,5622.0,44235.0,,,기타,,,,,,,,,,0,0,0,0,0,0,,,
asset_fund_link,ast_db35eead7a91,홈플러스 인천인하점,리테일,physical_asset,,,,,,인천광역시 미추홀구 용현동 648,,,,A112344001,verified,unknown,not_checked,,112344,이지스코어리테일부동산투자신탁302호(운용),302호,청산,리테일,국내,,,,,2019-08-22,2021-08-30,,337796276000,337796276000,117296276000,207600000000,12900000000,청산,펀드 AUM 관리_20260515.xlsx,underlying_asset,direct_owner,direct,,unallocated,True,False,,,,,,,4,337796276000,337796276000,117296276000,207600000000,12900000000,,48618.5,5.06,,리테일,,,,,,,2005-05-12,,,0,0,0,0,0,0,,,
asset_fund_link,ast_89fe99414d33,Townsend Europe Logistics Venture II Korea Feeder,물류센터,physical_asset,,,,,,,,,,A112347001,verified,unknown,not_checked,,112347,이지스글로벌일반사모부동산투자신탁260호(재간접형),260호,운용,물류,해외,글로벌자산관리2파트2,글로벌자산관리2파트2,김규식,김규식,2019-09-04,2026-09-04,,86535500000,66419163920,86535500000,0,0,운용,펀드 AUM 관리_20260515.xlsx,underlying_asset,direct_owner,direct,,unallocated,True,False,,,,,,,1,86535500000,66419163920,86535500000,0,0,,,,,물류센터,,,,,,,,,,0,0,0,0,0,0,"Townsend Europe Logistics Venture II Korea Feeder, Venlo, Kuhn Portfolio, Nabuurs Portfolio",,
asset_fund_link,ast_9c32381fc123,Venlo,물류센터,physical_asset,,,,,,네덜란드,,,,A112347002,verified,unknown,not_checked,,112347,이지스글로벌일반사모부동산투자신탁260호(재간접형),260호,운용,물류,해외,글로벌자산관리2파트2,글로벌자산관리2파트2,김규식,김규식,2019-09-04,2026-09-04,,86535500000,66419163920,86535500000,0,0,운용,펀드 AUM 관리_20260515.xlsx,underlying_asset,direct_owner,direct,,unallocated,True,False,,,,,,,1,86535500000,66419163920,86535500000,0,0,,20132.0,,,물류센터,,,,,,,,,,0,0,0,0,0,0,,,
asset_fund_link,ast_8b4c1f448d43,Kuhn Portfolio,물류센터,physical_asset,,,,,,네덜란드,,,,A112347003,verified,unknown,not_checked,,112347,이지스글로벌일반사모부동산투자신탁260호(재간접형),260호,운용,물류,해외,글로벌자산관리2파트2,글로벌자산관리2파트2,김규식,김규식,2019-09-04,2026-09-04,,86535500000,66419163920,86535500000,0,0,운용,펀드 AUM 관리_20260515.xlsx,underlying_asset,direct_owner,direct,,unallocated,True,False,,,,,,,1,86535500000,66419163920,86535500000,0,0,,78546.0,,,물류센터,,,,,,,,,,0,0,0,0,0,0,,,
asset_fund_link,ast_409a7de0ff61,Nabuurs Portfolio,물류센터,physical_asset,,,,,,네덜란드,,,,A112347004,verified,unknown,not_checked,,112347,이지스글로벌일반사모부동산투자신탁260호(재간접형),260호,운용,물류,해외,글로벌자산관리2파트2,글로벌자산관리2파트2,김규식,김규식,2019-09-04,2026-09-04,,86535500000,66419163920,86535500000,0,0,운용,펀드 AUM 관리_20260515.xlsx,underlying_asset,direct_owner,direct,,unallocated,True,False,,,,,,,1,86535500000,66419163920,86535500000,0,0,,21299.0,,,물류센터,,,,,,,,,,0,0,86535500000,66419163920,0,1,,,
asset_fund_link,ast_5aa554bf9521,Toronto The One Senior Loan (Term Facility),오피스복합,physical_asset,,,,,Toronto,"One Bloor St. West, Toronto, Ontario",,,,A112355001,verified,unknown,not_checked,,112355,이지스글로벌일반사모부동산투자신탁301호,301호,운용,복합(오피스),해외,"글로벌자산관리1파트2, SS&C TF","글로벌자산관리1파트2, SS&C TF",윤주성,윤주성,2019-08-30,2028-12-31,,685239680000,653427369242,685239680000,0,0,운용,펀드 AUM 관리_20260515.xlsx,underlying_asset,direct_owner,direct,,unallocated,True,False,,,,,,,1,685239680000,653427369242,685239680000,0,0,,65837.41,,,오피스복합,,85,,,296,,2027-11-30,,,0,0,685239680000,653427369242,0,3,Toronto The One Senior Loan (Term Facility) | Toronto The One Senior Loan (Standby Facility),"301호, 434호 캐나다 토론토 The One 주상복합 개발 대출",
asset_fund_link,ast_29998629e2b9,Essen TA2 Mezzanine Loan,오피스,physical_asset,,,,,Essen,"Theodor Althoff Straße 2, 45133 Essen, Germany",,,,A112356001,verified,unknown,not_checked,,112356,이지스글로벌전문투자형사모부동산투자신탁311호,311호,청산,오피스,해외,글로벌자산관리1파트2,글로벌자산관리1파트2,김선미,김선미,2019-09-09,2021-01-21,,80448900000,80448900000,80448900000,0,0,청산,펀드 AUM 관리_20260515.xlsx,underlying_asset,direct_owner,direct,,unallocated,True,False,,,,,,,1,80448900000,80448900000,80448900000,0,0,107781.0,,,,오피스,,,,,,,1969-12-31,,,0,0,0,0,0,0,,,
asset_fund_link,ast_b78f4cd39988,Tokyo Office Harumi Island Triton Square Tower W,오피스,physical_asset,,,,,도쿄,"1-8-8 Harumi, Chuo-ku, Tokyo",,,,A112361001,verified,unknown,not_checked,,112361,이지스글로벌일반사모부동산투자신탁295호,295호,운용,오피스,해외,글로벌자산관리2파트2,글로벌자산관리2파트2,오지원,오지원,2019-09-09,2029-03-09,,162747825971,162747825971,56678156771,106069669200,0,운용,펀드 AUM 관리_20260515.xlsx,underlying_asset,direct_owner,direct,,unallocated,True,False,,,,,,,1,162747825971,162747825971,56678156771,106069669200,0,,15328.53,4.03,,오피스,,19,,,0,,2001-11-30,,,0,0,56678156771,56678156771,0,5,Tokyo Office Harumi Island Triton Square Tower W,295호,
asset_fund_link,ast_329735309847,Tokyo District 23 Residential Portfolio,주거,physical_asset,,,,,도쿄,일본 도쿄도 23구 내,,,,A112362001,verified,unknown,not_checked,,112362,이지스글로벌일반사모부동산모투자신탁316호,316호,운용,주거,해외,글로벌자산관리1파트1,글로벌자산관리1파트1,김종수,김종수,2019-10-30,2028-04-30,,84181236400,84181236400,32060795500,52120440900,0,운용,펀드 AUM 관리_20260515.xlsx,underlying_asset,direct_owner,direct,,unallocated,True,False,,,,,,,3,84181236400,84181236400,32060795500,52120440900,0,,6509.18,3.45,,주거,,11,,,7,,2019-05-01,,,0,0,0,0,0,5,Tokyo District 23 Residential Portfolio,,
asset_fund_link,ast_329735309847,Tokyo District 23 Residential Portfolio,주거,physical_asset,,,,,도쿄,일본 도쿄도 23구 내,,,,A112362001,verified,unknown,not_checked,,112363,이지스글로벌일반사모부동산자투자신탁316-1호,316-1호,운용,주거,해외,글로벌자산관리1파트1,글로벌자산관리1파트1,김종수,김종수,2019-10-29,2028-04-29,,0,0,0,0,0,운용,펀드 AUM 관리_20260515.xlsx,underlying_asset,direct_owner,direct,,unallocated,True,False,,,,,,,3,84181236400,84181236400,32060795500,52120440900,0,,6509.18,3.45,,주거,,11,,,7,,2019-05-01,,,0,0,0,0,0,5,Tokyo District 23 Residential Portfolio,,
asset_fund_link,ast_329735309847,Tokyo District 23 Residential Portfolio,주거,physical_asset,,,,,도쿄,일본 도쿄도 23구 내,,,,A112362001,verified,unknown,not_checked,,112364,이지스글로벌일반사모부동산자투자신탁316-2호,316-2호,운용,주거,해외,글로벌자산관리1파트1,글로벌자산관리1파트1,김종수,김종수,2019-10-29,2028-04-29,,0,0,0,0,0,운용,펀드 AUM 관리_20260515.xlsx,underlying_asset,direct_owner,direct,,unallocated,True,False,,,,,,,3,84181236400,84181236400,32060795500,52120440900,0,,6509.18,3.45,,주거,,11,,,7,,2019-05-01,,,0,0,0,0,0,5,Tokyo District 23 Residential Portfolio,,
asset_fund_link,ast_617613cdf1a8,역삼동 개발사업,오피스,physical_asset,,,,KR,,강남구 역삼동 831-19 일원,37.49380188191982,127.03013246574264,1168010100108310019,A112372001,verified,unknown,pending,,112372,이지스일반사모부동산투자신탁318호,318호,청산,오피스,국내,"개발솔루션센터, 자산관리3파트1","개발솔루션센터, 자산관리3파트1",김형주,김형주,2019-10-08,2022-11-14,,379000000000,309500000000,80000000000,299000000000,0,청산,펀드 AUM 관리_20260515.xlsx,underlying_asset,direct_owner,direct,,unallocated,True,False,,,,,,,1,379000000000,309500000000,80000000000,299000000000,0,,49413.9,,,오피스,,,,,,,2023-03-31,,,0,0,0,0,0,0,,,
asset_fund_link,ast_ec07f6a9ae3d,New York 555 10 Avenue,주거,physical_asset,,,,,뉴욕,"555 10th Avenue, NY",,,,A112374001,verified,unknown,not_checked,,112374,이지스글로벌일반사모부동산투자신탁308호,308호,운용,주거,해외,글로벌자산관리2파트1,글로벌자산관리2파트1,이수현,이수현,2019-12-10,2030-08-10,,299107056294,299107056294,299107056294,0,0,운용,펀드 AUM 관리_20260515.xlsx,underlying_asset,direct_owner,direct,,unallocated,True,False,,,,,,,1,299107056294,299107056294,299107056294,0,0,,710907.0,,,주거,,56,,,0,,2017-01-01,,,0,0,0,0,0,0,"New York 555 10 Avenue, New York 510 East 14th Mezzanine Loan",,
asset_fund_link,ast_ac51c5236199,New York 510 East 14th Mezzanine Loan,주거,physical_asset,,,,,뉴욕,"510 East 14th Streeet, NY",,,,A112374002,verified,unknown,not_checked,,112374,이지스글로벌일반사모부동산투자신탁308호,308호,운용,주거,해외,글로벌자산관리2파트1,글로벌자산관리2파트1,이수현,이수현,2019-12-10,2030-08-10,,299107056294,299107056294,299107056294,0,0,운용,펀드 AUM 관리_20260515.xlsx,underlying_asset,direct_owner,direct,,unallocated,True,False,,,,,,,1,299107056294,299107056294,299107056294,0,0,,251141.0,,,주거,,7,,,0,,2018-01-01,,,0,0,299107056294,299107056294,0,3,,,
asset_fund_link,ast_a60db5e30056,이지스 330호 (OPUS407/舊뉴욕제과빌딩),오피스복합,physical_asset,,,,,,,37.499001807,127.026591153,,A112379001,verified,unknown,not_checked,,112379,이지스기회추구일반사모부동산모투자신탁제2-1호,기회추구 2-1호,운용,지분증권,국내,CM그룹,CM그룹,홍상우,홍상우,2019-11-27,2026-11-27,,0,0,0,0,0,운용,펀드 AUM 관리_20260515.xlsx,underlying_asset,direct_owner,direct,,unallocated,True,False,,,,,,,2,0,0,0,0,0,,,,,오피스,,,,,,,,,,0,0,0,0,0,0,,,
asset_fund_link,ast_4f430ef52910,New York Jackson Park CMBS Loan,주거,physical_asset,,,,,뉴욕,"28-40 Jackson Ave, Long Island City, NY 11101, United States",,,,A112383001,verified,unknown,not_checked,,112383,이지스미국일반사모부동산투자신탁327호,327호,운용,주거,해외,글로벌자산관리2파트1,글로벌자산관리2파트1,이진희,이진희,2019-11-14,2030-05-14,,105895216123,105895216123,105895216123,0,0,운용,펀드 AUM 관리_20260515.xlsx,underlying_asset,direct_owner,direct,,unallocated,True,False,,,,,,,1,105895216123,105895216123,105895216123,0,0,,161105.0,4.0,,주거,,54,,,140,,2018-06-01,,,0,0,105895216124,105895216124,0,2,New York Jackson Park CMBS Loan,,
asset_fund_link,ast_ff8a69b5d1fd,San Mauro Torinese,물류센터,physical_asset,,,,,Torino,"Piedmont, Torino, Italy",,,,A112401001,verified,unknown,not_checked,,112401,이지스글로벌일반사모부동산투자신탁335호,335호,청산,물류,해외,"글로벌자산관리2파트2, 229호TF","글로벌자산관리2파트2, 229호TF",노선호,노선호,2020-07-24,2022-07-05,,188680731,188680731,188680731,0,0,청산,펀드 AUM 관리_20260515.xlsx,underlying_asset,direct_owner,direct,,unallocated,True,False,,,,,,,3,188680731,188680731,188680731,0,0,,,,,물류,,,,,,,2015-01-01,,,0,0,0,0,0,0,,,
asset_fund_link,ast_ead5386059f5,Carugate,물류센터,physical_asset,,,,,Milano,"Lombardy, Milano, Italy",,,,A112401002,verified,unknown,not_checked,,112401,이지스글로벌일반사모부동산투자신탁335호,335호,청산,물류,해외,"글로벌자산관리2파트2, 229호TF","글로벌자산관리2파트2, 229호TF",노선호,노선호,2020-07-24,2022-07-05,,188680731,188680731,188680731,0,0,청산,펀드 AUM 관리_20260515.xlsx,underlying_asset,direct_owner,direct,,unallocated,True,False,,,,,,,1,188680731,188680731,188680731,0,0,,,,,물류,,,,,,,2017-01-01,,,0,0,0,0,0,0,,,
asset_fund_link,ast_615cb3a61bf2,Verona,물류센터,physical_asset,,,,,Verona,"Veneto, Verona, Italy",,,,A112401003,verified,unknown,not_checked,,112401,이지스글로벌일반사모부동산투자신탁335호,335호,청산,물류,해외,"글로벌자산관리2파트2, 229호TF","글로벌자산관리2파트2, 229호TF",노선호,노선호,2020-07-24,2022-07-05,,188680731,188680731,188680731,0,0,청산,펀드 AUM 관리_20260515.xlsx,underlying_asset,direct_owner,direct,,unallocated,True,False,,,,,,,1,188680731,188680731,188680731,0,0,,,,,물류,,,,,,,2015-01-01,,,0,0,0,0,0,0,,,
asset_fund_link,ast_179a3e793b6f,Tori Di Quartesolo,물류센터,physical_asset,,,,,Vincenza,"Veneto, Vicenza, Italy",,,,A112401004,verified,unknown,not_checked,,112401,이지스글로벌일반사모부동산투자신탁335호,335호,청산,물류,해외,"글로벌자산관리2파트2, 229호TF","글로벌자산관리2파트2, 229호TF",노선호,노선호,2020-07-24,2022-07-05,,188680731,188680731,188680731,0,0,청산,펀드 AUM 관리_20260515.xlsx,underlying_asset,direct_owner,direct,,unallocated,True,False,,,,,,,1,188680731,188680731,188680731,0,0,,,,,물류,,,,,,,2012-01-02,,,0,0,0,0,0,0,,,
asset_fund_link,ast_afa982be63cc,Campegine,물류센터,physical_asset,,,,,Parma,"Emilia-Romagna (Bologna), Parma, Italy",,,,A112401005,verified,unknown,not_checked,,112401,이지스글로벌일반사모부동산투자신탁335호,335호,청산,물류,해외,"글로벌자산관리2파트2, 229호TF","글로벌자산관리2파트2, 229호TF",노선호,노선호,2020-07-24,2022-07-05,,188680731,188680731,188680731,0,0,청산,펀드 AUM 관리_20260515.xlsx,underlying_asset,direct_owner,direct,,unallocated,True,False,,,,,,,1,188680731,188680731,188680731,0,0,,,,,물류,,,,,,,2020-01-01,,,0,0,0,0,0,0,,,
asset_fund_link,ast_c70882b2b3ff,Camplogalliano,물류센터,physical_asset,,,,,Modena,"Emilia-Romagna (Bologna), Modena, Italy",,,,A112401006,verified,unknown,not_checked,,112401,이지스글로벌일반사모부동산투자신탁335호,335호,청산,물류,해외,"글로벌자산관리2파트2, 229호TF","글로벌자산관리2파트2, 229호TF",노선호,노선호,2020-07-24,2022-07-05,,188680731,188680731,188680731,0,0,청산,펀드 AUM 관리_20260515.xlsx,underlying_asset,direct_owner,direct,,unallocated,True,False,,,,,,,1,188680731,188680731,188680731,0,0,,,,,물류,,,,,,,2018-01-01,,,0,0,0,0,0,0,,,
asset_fund_link,ast_c7e88869e4e6,Bologna Interporto,물류센터,physical_asset,,,,,Bologna,"Emilia-Romagna (Bologna), Bologna, Italy",,,,A112401007,verified,unknown,not_checked,,112401,이지스글로벌일반사모부동산투자신탁335호,335호,청산,물류,해외,"글로벌자산관리2파트2, 229호TF","글로벌자산관리2파트2, 229호TF",노선호,노선호,2020-07-24,2022-07-05,,188680731,188680731,188680731,0,0,청산,펀드 AUM 관리_20260515.xlsx,underlying_asset,direct_owner,direct,,unallocated,True,False,,,,,,,1,188680731,188680731,188680731,0,0,,,,,물류,,,,,,,2020-01-01,,,0,0,0,0,0,0,,,
asset_fund_link,ast_22f2b5989936,Nuveen Real Estate U.S. Cities Multifamily Fund,주거,physical_asset,,,,,,,,,,A112408001,verified,unknown,not_checked,,112408,이지스글로벌일반사모부동산투자신탁345호(재간접형),345호,운용,주거,해외,글로벌자산관리1파트2,글로벌자산관리1파트2,유진선,유진선,2020-09-28,2030-09-28,,44499000000,35072967768,44499000000,0,0,운용,펀드 AUM 관리_20260515.xlsx,underlying_asset,direct_owner,direct,,unallocated,True,False,,,,,,,1,44499000000,35072967768,44499000000,0,0,,,,,주거,,,,,,,,,,0,0,44499000000,35072967768,0,1,Nuveen Real Estate U.S. Cities Multifamily Fund,,
asset_fund_link,ast_3363b64de849,JP Morgan AMH HB Venture,주거,physical_asset,,,,,,,,,,A112409001,verified,unknown,not_checked,,112409,이지스글로벌일반사모부동산투자신탁343호(재간접형),343호,운용,주거,해외,글로벌자산관리2파트2,글로벌자산관리2파트2,석동주,석동주,2020-04-29,2030-04-29,,148330000000,101986054966,148330000000,0,0,운용,펀드 AUM 관리_20260515.xlsx,underlying_asset,direct_owner,direct,,unallocated,True,False,,,,,,,1,148330000000,101986054966,148330000000,0,0,,,,,주거,,,,,,,,,,0,0,148330000000,101986054966,0,1,JP Morgan AMH HB Venture,,
asset_fund_link,ast_ce2d13497cbc,New York 30 Hudson Yards Mezzanine Loan,오피스,physical_asset,,,,,뉴욕,"30 Hudson Yards, New York",,,,A112410001,verified,unknown,not_checked,,112410,이지스미국일반사모부동산투자신탁350호,350호,운용,오피스,해외,글로벌자산관리2파트2,글로벌자산관리2파트2,김규식,김규식,2020-05-29,2027-05-29,,118681468676,118681468676,118681468676,0,0,운용,펀드 AUM 관리_20260515.xlsx,underlying_asset,direct_owner,direct,,unallocated,True,False,,,,,,,1,118681468676,118681468676,118681468676,0,0,,259233.0,4.6,,오피스,,102,,,0,,2019-03-15,,,0,0,118681468677,118681468677,0,5,New York 30 Hudson Yards Mezzanine Loan,,
asset_fund_link,ast_9bf678a7d2ae,글로벌 리츠,,physical_asset,,,,,,,,,,A112411001,verified,unknown,not_checked,,112411,이지스글로벌리츠섹터포커스SMA일반사모부동산투자신탁1호,리츠섹터SMA1호,운용,지분증권,해외,대체증권투자파트,대체증권투자파트,신영찬,신영찬,2020-04-08,2030-04-08,,237328000000,3501274527,237328000000,0,0,운용,펀드 AUM 관리_20260515.xlsx,underlying_asset,direct_owner,direct,,unallocated,True,False,,,,,,,1,237328000000,3501274527,237328000000,0,0,,,,,기타,,,,,,,,,,0,0,0,0,0,0,,,
asset_fund_link,ast_db5ed66e1434,Brookfield Super-Core Infrastructure Partners,오피스복합,physical_asset,,,,,,,,,,A112413001,verified,unknown,not_checked,,112607,이지스글로벌코어인프라일반사모특별자산투자신탁 348-2호,348-2호,운용,특별자산,해외,글로벌자산관리2파트2,글로벌자산관리2파트2,김규식,김규식,2022-06-30,2032-06-30,,103831000000,90912110000,103831000000,0,0,운용,펀드 AUM 관리_20260515.xlsx,underlying_asset,direct_owner,direct,,unallocated,True,False,,,,,,,4,623060165000,577521410966,623060165000,0,0,,,,,오피스복합,,,,,,,,,,0,0,0,0,0,0,Brookfield Super-Core Infrastructure Partners,,
asset_fund_link,ast_db5ed66e1434,Brookfield Super-Core Infrastructure Partners,오피스복합,physical_asset,,,,,,,,,,A112413001,verified,unknown,not_checked,,112684,이지스글로벌코어인프라일반사모특별자산투자신탁 348-3호,348-3호,운용,특별자산,해외,글로벌자산관리2파트2,글로벌자산관리2파트2,김규식,김규식,2023-01-02,2033-01-02,,74239165000,75281461289,74239165000,0,0,운용,펀드 AUM 관리_20260515.xlsx,underlying_asset,direct_owner,direct,,unallocated,True,False,,,,,,,4,623060165000,577521410966,623060165000,0,0,,,,,오피스복합,,,,,,,,,,0,0,0,0,0,0,Brookfield Super-Core Infrastructure Partners,,
asset_fund_link,ast_db5ed66e1434,Brookfield Super-Core Infrastructure Partners,오피스복합,physical_asset,,,,,,,,,,A112413001,verified,unknown,not_checked,,112413,이지스글로벌코어인프라일반사모특별자산투자신탁348호(재간접형),348호,운용,특별자산,해외,글로벌자산관리2파트2,글로벌자산관리2파트2,김규식,김규식,2022-01-03,2032-01-03,,148330000000,134431554381,148330000000,0,0,운용,펀드 AUM 관리_20260515.xlsx,underlying_asset,direct_owner,direct,,unallocated,True,False,,,,,,,4,623060165000,577521410966,623060165000,0,0,,,,,오피스복합,,,,,,,,,,0,0,0,0,0,0,Brookfield Super-Core Infrastructure Partners,,
asset_fund_link,ast_db5ed66e1434,Brookfield Super-Core Infrastructure Partners,오피스복합,physical_asset,,,,,,,,,,A112413001,verified,unknown,not_checked,,112521,이지스글로벌코어인프라일반사모특별자산투자신탁348-1호(재간접형),348-1호,운용,특별자산,해외,글로벌자산관리2파트2,글로벌자산관리2파트2,김규식,김규식,2022-03-31,2032-03-31,,296660000000,276896285296,296660000000,0,0,운용,펀드 AUM 관리_20260515.xlsx,underlying_asset,direct_owner,direct,,unallocated,True,False,,,,,,,4,623060165000,577521410966,623060165000,0,0,,,,,오피스복합,,,,,,,,,,0,0,0,0,0,0,Brookfield Super-Core Infrastructure Partners,,
asset_fund_link,ast_e505ab13fd73,타이거대체전문투자형사모부동산투자신탁5호(미국캘리포니아주오렌지카운티소재상업용오피스 투자),오피스,physical_asset,,,,,Santa Ana,"2 MacArthur Place, Santa Ana, CA 92707",,,,A112418001,verified,unknown,not_checked,,112705,이지스캘리포니아일반사모부동산투자신탁357호(재간접형)(3종),357호(3종),청산,오피스,해외,글로벌자산관리2파트2,글로벌자산관리2파트2,석동주,석동주,2022-08-18,2024-07-17,,323719748,323719748,323719748,0,0,청산,펀드 AUM 관리_20260515.xlsx,underlying_asset,direct_owner,direct,,unallocated,True,False,,,,,,,4,16393719755,1877905230,16393719755,0,0,,,,,오피스,,,,,,,,,,0,0,0,0,0,0,,,
asset_fund_link,ast_e505ab13fd73,타이거대체전문투자형사모부동산투자신탁5호(미국캘리포니아주오렌지카운티소재상업용오피스 투자),오피스,physical_asset,,,,,Santa Ana,"2 MacArthur Place, Santa Ana, CA 92707",,,,A112418001,verified,unknown,not_checked,,112418,이지스캘리포니아일반사모부동산투자신탁357호(재간접형),357호,청산,오피스,해외,글로벌자산관리2파트2,글로벌자산관리2파트2,석동주,석동주,2020-04-21,2024-07-17,,15470000007,923719748,15470000007,0,0,청산,펀드 AUM 관리_20260515.xlsx,underlying_asset,direct_owner,direct,,unallocated,True,False,,,,,,,4,16393719755,1877905230,16393719755,0,0,,,,,오피스,,,,,,,,,,0,0,0,0,0,0,,,
asset_fund_link,ast_e505ab13fd73,타이거대체전문투자형사모부동산투자신탁5호(미국캘리포니아주오렌지카운티소재상업용오피스 투자),오피스,physical_asset,,,,,Santa Ana,"2 MacArthur Place, Santa Ana, CA 92707",,,,A112418001,verified,unknown,not_checked,,112419,이지스캘리포니아전문투자형사모부동산투자신탁357호(재간접형) (1종),357호(1종),청산,오피스,해외,글로벌자산관리2파트2,글로벌자산관리2파트2,석동주,석동주,2020-04-21,2021-12-17,,0,30465734,,0,0,청산,펀드 AUM 관리_20260515.xlsx,underlying_asset,direct_owner,direct,,unallocated,True,False,,,,,,,4,16393719755,1877905230,16393719755,0,0,,,,,오피스,,,,,,,,,,0,0,0,0,0,0,,,
asset_fund_link,ast_e505ab13fd73,타이거대체전문투자형사모부동산투자신탁5호(미국캘리포니아주오렌지카운티소재상업용오피스 투자),오피스,physical_asset,,,,,Santa Ana,"2 MacArthur Place, Santa Ana, CA 92707",,,,A112418001,verified,unknown,not_checked,,112420,이지스캘리포니아일반사모부동산투자신탁357호(재간접형) (2종),357호(2종),청산,오피스,해외,글로벌자산관리2파트2,글로벌자산관리2파트2,석동주,석동주,2020-04-21,2024-07-17,,600000000,600000000,600000000,0,0,청산,펀드 AUM 관리_20260515.xlsx,underlying_asset,direct_owner,direct,,unallocated,True,False,,,,,,,4,16393719755,1877905230,16393719755,0,0,,,,,오피스,,,,,,,,,,0,0,0,0,0,0,,,
asset_fund_link,ast_c010b7ae021c,글로벌 리츠,,physical_asset,,,,,,,,,,A112425001,verified,unknown,not_checked,,112427,이지스글로벌고배당리츠플러스부동산투자신탁(리츠-재간접형) Class A-e,고배당리츠(A-e),운용,지분증권,해외,대체증권투자파트,대체증권투자파트,신영찬,신영찬,2020-06-08,,,0,0,0,0,0,운용,펀드 AUM 관리_20260515.xlsx,underlying_asset,direct_owner,direct,,unallocated,True,False,,,,,,,17,8004787878,8004787878,8004787878,0,0,,,,,기타,,,,,,,,,,0,0,0,0,0,0,,,
asset_fund_link,ast_c010b7ae021c,글로벌 리츠,,physical_asset,,,,,,,,,,A112425001,verified,unknown,not_checked,,112425,이지스글로벌고배당리츠플러스부동산투자신탁(리츠-재간접형),고배당리츠,운용,지분증권,해외,대체증권투자파트,대체증권투자파트,신영찬,신영찬,2020-06-08,,,8004787878,8004787878,8004787878,0,0,운용,펀드 AUM 관리_20260515.xlsx,underlying_asset,direct_owner,direct,,unallocated,True,False,,,,,,,17,8004787878,8004787878,8004787878,0,0,,,,,기타,,,,,,,,,,0,0,0,0,0,0,,,
asset_fund_link,ast_c010b7ae021c,글로벌 리츠,,physical_asset,,,,,,,,,,A112425001,verified,unknown,not_checked,,112426,이지스글로벌고배당리츠플러스부동산투자신탁(리츠-재간접형) Class A,고배당리츠(A),운용,지분증권,해외,대체증권투자파트,대체증권투자파트,신영찬,신영찬,2020-06-08,,,0,0,0,0,0,운용,펀드 AUM 관리_20260515.xlsx,underlying_asset,direct_owner,direct,,unallocated,True,False,,,,,,,17,8004787878,8004787878,8004787878,0,0,,,,,기타,,,,,,,,,,0,0,0,0,0,0,,,
asset_fund_link,ast_c010b7ae021c,글로벌 리츠,,physical_asset,,,,,,,,,,A112425001,verified,unknown,not_checked,,112429,이지스글로벌고배당리츠플러스부동산투자신탁(리츠-재간접형) Class C,고배당리츠(C),운용,지분증권,해외,대체증권투자파트,대체증권투자파트,신영찬,신영찬,2020-06-08,,,0,0,0,0,0,운용,펀드 AUM 관리_20260515.xlsx,underlying_asset,direct_owner,direct,,unallocated,True,False,,,,,,,17,8004787878,8004787878,8004787878,0,0,,,,,기타,,,,,,,,,,0,0,0,0,0,0,,,
asset_fund_link,ast_c010b7ae021c,글로벌 리츠,,physical_asset,,,,,,,,,,A112425001,verified,unknown,not_checked,,112430,이지스글로벌고배당리츠플러스부동산투자신탁(리츠-재간접형) Class C-e,고배당리츠(C-e),운용,지분증권,해외,대체증권투자파트,대체증권투자파트,신영찬,신영찬,2020-06-08,,,0,0,0,0,0,운용,펀드 AUM 관리_20260515.xlsx,underlying_asset,direct_owner,direct,,unallocated,True,False,,,,,,,17,8004787878,8004787878,8004787878,0,0,,,,,기타,,,,,,,,,,0,0,0,0,0,0,,,
asset_fund_link,ast_c010b7ae021c,글로벌 리츠,,physical_asset,,,,,,,,,,A112425001,verified,unknown,not_checked,,112432,이지스글로벌고배당리츠플러스부동산투자신탁(리츠-재간접형) Class C-F,고배당리츠(C-F),운용,지분증권,해외,대체증권투자파트,대체증권투자파트,신영찬,신영찬,2020-06-08,,,0,0,0,0,0,운용,펀드 AUM 관리_20260515.xlsx,underlying_asset,direct_owner,direct,,unallocated,True,False,,,,,,,17,8004787878,8004787878,8004787878,0,0,,,,,기타,,,,,,,,,,0,0,0,0,0,0,,,
asset_fund_link,ast_c010b7ae021c,글로벌 리츠,,physical_asset,,,,,,,,,,A112425001,verified,unknown,not_checked,,112434,이지스글로벌고배당리츠플러스부동산투자신탁(리츠-재간접형) Class C-P,고배당리츠(C-P),운용,지분증권,해외,대체증권투자파트,대체증권투자파트,신영찬,신영찬,2020-06-08,,,0,0,0,0,0,운용,펀드 AUM 관리_20260515.xlsx,underlying_asset,direct_owner,direct,,unallocated,True,False,,,,,,,17,8004787878,8004787878,8004787878,0,0,,,,,기타,,,,,,,,,,0,0,0,0,0,0,,,
asset_fund_link,ast_c010b7ae021c,글로벌 리츠,,physical_asset,,,,,,,,,,A112425001,verified,unknown,not_checked,,112435,이지스글로벌고배당리츠플러스부동산투자신탁(리츠-재간접형) Class C-Pe,고배당리츠(C-Pe),운용,지분증권,해외,대체증권투자파트,대체증권투자파트,신영찬,신영찬,2020-06-08,,,0,0,0,0,0,운용,펀드 AUM 관리_20260515.xlsx,underlying_asset,direct_owner,direct,,unallocated,True,False,,,,,,,17,8004787878,8004787878,8004787878,0,0,,,,,기타,,,,,,,,,,0,0,0,0,0,0,,,
asset_fund_link,ast_c010b7ae021c,글로벌 리츠,,physical_asset,,,,,,,,,,A112425001,verified,unknown,not_checked,,112436,이지스글로벌고배당리츠플러스부동산투자신탁(리츠-재간접형) Class C-P2,고배당리츠(C-P2),운용,지분증권,해외,대체증권투자파트,대체증권투자파트,신영찬,신영찬,2020-07-10,,,0,0,0,0,0,운용,펀드 AUM 관리_20260515.xlsx,underlying_asset,direct_owner,direct,,unallocated,True,False,,,,,,,17,8004787878,8004787878,8004787878,0,0,,,,,기타,,,,,,,,,,0,0,0,0,0,0,,,
asset_fund_link,ast_c010b7ae021c,글로벌 리츠,,physical_asset,,,,,,,,,,A112425001,verified,unknown,not_checked,,112437,이지스글로벌고배당리츠플러스부동산투자신탁(리츠-재간접형) Class C-P2e,고배당리츠(C-P2e),운용,지분증권,해외,대체증권투자파트,대체증권투자파트,신영찬,신영찬,2020-06-23,,,0,0,0,0,0,운용,펀드 AUM 관리_20260515.xlsx,underlying_asset,direct_owner,direct,,unallocated,True,False,,,,,,,17,8004787878,8004787878,8004787878,0,0,,,,,기타,,,,,,,,,,0,0,0,0,0,0,,,
asset_fund_link,ast_c010b7ae021c,글로벌 리츠,,physical_asset,,,,,,,,,,A112425001,verified,unknown,not_checked,,112438,이지스글로벌고배당리츠플러스부동산투자신탁(리츠-재간접형) Class C-W,고배당리츠(C-W),운용,지분증권,해외,대체증권투자파트,대체증권투자파트,신영찬,신영찬,2021-07-16,,,0,0,0,0,0,운용,펀드 AUM 관리_20260515.xlsx,underlying_asset,direct_owner,direct,,unallocated,True,False,,,,,,,17,8004787878,8004787878,8004787878,0,0,,,,,기타,,,,,,,,,,0,0,0,0,0,0,,,
asset_fund_link,ast_c010b7ae021c,글로벌 리츠,,physical_asset,,,,,,,,,,A112425001,verified,unknown,not_checked,,112439,이지스글로벌고배당리츠플러스부동산투자신탁(리츠-재간접형) Class S,고배당리츠(S),운용,지분증권,해외,대체증권투자파트,대체증권투자파트,신영찬,신영찬,2020-06-08,,,0,0,0,0,0,운용,펀드 AUM 관리_20260515.xlsx,underlying_asset,direct_owner,direct,,unallocated,True,False,,,,,,,17,8004787878,8004787878,8004787878,0,0,,,,,기타,,,,,,,,,,0,0,0,0,0,0,,,
asset_fund_link,ast_c010b7ae021c,글로벌 리츠,,physical_asset,,,,,,,,,,A112425001,verified,unknown,not_checked,,112440,이지스글로벌고배당리츠플러스부동산투자신탁(리츠-재간접형) Class S-P,고배당리츠(S-P),운용,지분증권,해외,대체증권투자파트,대체증권투자파트,신영찬,신영찬,2020-06-11,,,0,0,0,0,0,운용,펀드 AUM 관리_20260515.xlsx,underlying_asset,direct_owner,direct,,unallocated,True,False,,,,,,,17,8004787878,8004787878,8004787878,0,0,,,,,기타,,,,,,,,,,0,0,0,0,0,0,,,
asset_fund_link,ast_c010b7ae021c,글로벌 리츠,,physical_asset,,,,,,,,,,A112425001,verified,unknown,not_checked,,112441,이지스글로벌고배당리츠플러스부동산투자신탁(리츠-재간접형) Class S-P2,고배당리츠(S-P2),운용,지분증권,해외,대체증권투자파트,대체증권투자파트,신영찬,신영찬,2020-06-16,,,0,0,0,0,0,운용,펀드 AUM 관리_20260515.xlsx,underlying_asset,direct_owner,direct,,unallocated,True,False,,,,,,,17,8004787878,8004787878,8004787878,0,0,,,,,기타,,,,,,,,,,0,0,0,0,0,0,,,
asset_fund_link,ast_64855a473d9f,맹그로브 신촌,오피스복합,physical_asset,,,,KR,,서울특별시 마포구 노고산동 56-68 외,37.554071041984244,126.93367665942435,1144011000100560068,A112445001,verified,unknown,pending,,112448,이지스리빙개발투자1의1호일반사모부동산모투자회사,리빙개발1-1호,운용,복합(주거),국내,자산관리2파트2,자산관리2파트2,이단비,이단비,2020-04-23,2040-04-13,,88978350000,88116864000,23560000000,64500000000,918350000,운용,펀드 AUM 관리_20260515.xlsx,underlying_asset,direct_owner,direct,,unallocated,True,False,,,,,,,2,88978350000,88116864000,23560000000,64500000000,918350000,,13502.2,,,오피스복합,,,,,,,2023-01-06,,,322500000000,322500000000,225180000000,225180000000,3,5,맹그로브 신촌 | 리빙플랫폼 1호,,
asset_fund_link,ast_e60d36b43a64,해운대 센텀 한진CY부지 Bridge Loan 선순위 담보대출 투자,주거,physical_asset,,,,,,부산광역시 해운대구 재송동 856-1,35.18718849358266,129.11969023933733,2635010400108560001,A112449001,verified,unknown,pending,,112449,이지스전문투자형사모투자신탁364호,364호,청산,주거,국내,,,,,2020-04-29,2021-04-30,,80000000000,80000000000,80000000000,0,0,청산,펀드 AUM 관리_20260515.xlsx,underlying_asset,direct_owner,direct,,unallocated,True,False,,,,,,,1,80000000000,80000000000,80000000000,0,0,,,,,주거,,,,,,,,,,0,0,0,0,0,0,,,
asset_fund_link,ast_efc67c29f4e8,부천소사PFV(P00008),주거,physical_asset,,,,,,,37.4789912501366,126.801210465643,,A112451001,verified,unknown,not_checked,,112451,이지스전문투자형사모부동산투자신탁362호,362호,운용,주거,국내,리빙그룹2파트,리빙그룹2파트,이종훈,이종훈,2020-06-04,2030-06-04,,3009153992,3009153992,3009153992,0,0,운용,펀드 AUM 관리_20260515.xlsx,underlying_asset,direct_owner,direct,,unallocated,True,False,,,,,,,1,3009153992,3009153992,3009153992,0,0,,,,,주거,,,,,,,,,,0,0,3018000000,3018000000,0,11,,,
asset_fund_link,ast_e2910b24e5e7,원효로3가 공공지원민간임대주택,주거,physical_asset,,,,KR,,서울특별시 용산구 원효로3가 1-159번지 외 3필지,37.53588955185519,126.9570674411126,1117011700100010159,A112456001,verified,unknown,pending,,112456,이지스전문투자형사모투자신탁370호(운용),370호,청산,주거,국내,,,,,2020-05-29,2020-09-24,,33000000000,33000000000,33000000000,0,0,청산,펀드 AUM 관리_20260515.xlsx,underlying_asset,direct_owner,direct,,unallocated,True,False,,,,,,,3,33000000000,33000000000,33000000000,0,0,,16836.2,,,주거,,,,,,,,,,0,0,0,0,0,0,,,
asset_fund_link,ast_a56330cfa5d8,환성2호태양광발전소,,physical_asset,,,,,,충청남도 서산시 지곡면 환성리 777-90,36.92157627295215,126.42589549755243,4421034028107770090,A112466001,verified,unknown,pending,,112466,이지스일반사모투자신탁377호,377호,운용,특별자산,국내,인프라전략2파트,인프라전략2파트,신미소,신미소,2020-07-24,2042-07-24,,60000000000,33685485089,60000000000,0,0,운용,펀드 AUM 관리_20260515.xlsx,underlying_asset,direct_owner,direct,,unallocated,True,False,,,,,,,1,60000000000,33685485089,60000000000,0,0,,,,,특별자산,,,,,,,,,,0,0,0,0,0,0,,,
asset_fund_link,ast_e93b7e7a9f50,환성3호태양광발전소,,physical_asset,,,,,,충청남도 서산시 지곡면 환성리 777-90,36.92157627295215,126.42589549755243,4421034028107770090,A112466002,verified,unknown,pending,,112466,이지스일반사모투자신탁377호,377호,운용,특별자산,국내,인프라전략2파트,인프라전략2파트,신미소,신미소,2020-07-24,2042-07-24,,60000000000,33685485089,60000000000,0,0,운용,펀드 AUM 관리_20260515.xlsx,underlying_asset,direct_owner,direct,,unallocated,True,False,,,,,,,1,60000000000,33685485089,60000000000,0,0,,,,,특별자산,,,,,,,,,,0,0,0,0,0,0,,,
asset_fund_link,ast_47c9c0222e55,예지안빛에너지,,physical_asset,,,,,,"경상북도 의성군 비안면 장춘리 산88, 산89, 산88-2",36.30660894806492,128.49695230313174,4773039048200880000,A112466003,verified,unknown,pending,,112466,이지스일반사모투자신탁377호,377호,운용,특별자산,국내,인프라전략2파트,인프라전략2파트,신미소,신미소,2020-07-24,2042-07-24,,60000000000,33685485089,60000000000,0,0,운용,펀드 AUM 관리_20260515.xlsx,underlying_asset,direct_owner,direct,,unallocated,True,False,,,,,,,1,60000000000,33685485089,60000000000,0,0,,,,,특별자산,,,,,,,,,,0,0,0,0,0,0,,,
asset_fund_link,ast_dcf834c2a811,장춘3호태양광발전소,,physical_asset,,,,,,경상북도 의성군 장춘리 산88-2,,,,A112466004,verified,unknown,not_checked,,112466,이지스일반사모투자신탁377호,377호,운용,특별자산,국내,인프라전략2파트,인프라전략2파트,신미소,신미소,2020-07-24,2042-07-24,,60000000000,33685485089,60000000000,0,0,운용,펀드 AUM 관리_20260515.xlsx,underlying_asset,direct_owner,direct,,unallocated,True,False,,,,,,,1,60000000000,33685485089,60000000000,0,0,,,,,특별자산,,,,,,,,,,0,0,0,0,0,0,,,
asset_fund_link,ast_b455401a3b2c,하늘별빛에너지태양광발전소,,physical_asset,,,,,,경상북도 의성군 장춘리 산88-2,,,,A112466005,verified,unknown,not_checked,,112466,이지스일반사모투자신탁377호,377호,운용,특별자산,국내,인프라전략2파트,인프라전략2파트,신미소,신미소,2020-07-24,2042-07-24,,60000000000,33685485089,60000000000,0,0,운용,펀드 AUM 관리_20260515.xlsx,underlying_asset,direct_owner,direct,,unallocated,True,False,,,,,,,1,60000000000,33685485089,60000000000,0,0,,,,,특별자산,,,,,,,,,,0,0,0,0,0,0,,,
asset_fund_link,ast_d4676b749cd2,해누리7호태양광발전소,,physical_asset,,,,,,경상북도 의성군 장춘리 산88 외2필지,36.30660894806492,128.49695230313174,4773039048200880000,A112466006,verified,unknown,pending,,112466,이지스일반사모투자신탁377호,377호,운용,특별자산,국내,인프라전략2파트,인프라전략2파트,신미소,신미소,2020-07-24,2042-07-24,,60000000000,33685485089,60000000000,0,0,운용,펀드 AUM 관리_20260515.xlsx,underlying_asset,direct_owner,direct,,unallocated,True,False,,,,,,,1,60000000000,33685485089,60000000000,0,0,,,,,특별자산,,,,,,,,,,0,0,0,0,0,0,,,
asset_fund_link,ast_fc9106a89950,천리에너지2호태양광발전소,,physical_asset,,,,,,충청북도 충주시 엄정면 율능리 853 외 3필지,37.07601612247713,127.894080644815,4313042022108530000,A112466007,verified,unknown,pending,,112466,이지스일반사모투자신탁377호,377호,운용,특별자산,국내,인프라전략2파트,인프라전략2파트,신미소,신미소,2020-07-24,2042-07-24,,60000000000,33685485089,60000000000,0,0,운용,펀드 AUM 관리_20260515.xlsx,underlying_asset,direct_owner,direct,,unallocated,True,False,,,,,,,1,60000000000,33685485089,60000000000,0,0,,,,,특별자산,,,,,,,,,,0,0,0,0,0,0,,,
asset_fund_link,ast_30ea47766ea3,엠아이에너지태양광발전소,,physical_asset,,,,,,충청북도 괴산군 감물면 구월리 산31-3,36.85970804828798,127.90965014285517,4376031024200310003,A112466008,verified,unknown,pending,,112466,이지스일반사모투자신탁377호,377호,운용,특별자산,국내,인프라전략2파트,인프라전략2파트,신미소,신미소,2020-07-24,2042-07-24,,60000000000,33685485089,60000000000,0,0,운용,펀드 AUM 관리_20260515.xlsx,underlying_asset,direct_owner,direct,,unallocated,True,False,,,,,,,1,60000000000,33685485089,60000000000,0,0,,,,,특별자산,,,,,,,,,,0,0,0,0,0,0,,,
asset_fund_link,ast_5393f66e7bcb,한국쏠라알피에스태양광발전소,,physical_asset,,,,,,경상북도 영천시 북안면 효리 산82-1 외 2필지,,,,A112466010,verified,unknown,not_checked,,112466,이지스일반사모투자신탁377호,377호,운용,특별자산,국내,인프라전략2파트,인프라전략2파트,신미소,신미소,2020-07-24,2042-07-24,,60000000000,33685485089,60000000000,0,0,운용,펀드 AUM 관리_20260515.xlsx,underlying_asset,direct_owner,direct,,unallocated,True,False,,,,,,,1,60000000000,33685485089,60000000000,0,0,,,,,특별자산,,,,,,,,,,0,0,0,0,0,0,,,
asset_fund_link,ast_26e82856c0dc,솔라팜1호,,physical_asset,,,,,,경상북도 의성군 장춘리 산88 외2필지,36.30660894806492,128.49695230313174,4773039048200880000,A112466011,verified,unknown,pending,,112466,이지스일반사모투자신탁377호,377호,운용,특별자산,국내,인프라전략2파트,인프라전략2파트,신미소,신미소,2020-07-24,2042-07-24,,60000000000,33685485089,60000000000,0,0,운용,펀드 AUM 관리_20260515.xlsx,underlying_asset,direct_owner,direct,,unallocated,True,False,,,,,,,1,60000000000,33685485089,60000000000,0,0,,,,,특별자산,,,,,,,,,,0,0,0,0,0,0,,,
asset_fund_link,ast_9a719e7b4ca2,솔라팜2호,,physical_asset,,,,,,경상북도 의성군 장춘리 산88 외2필지,36.30660894806492,128.49695230313174,4773039048200880000,A112466012,verified,unknown,pending,,112466,이지스일반사모투자신탁377호,377호,운용,특별자산,국내,인프라전략2파트,인프라전략2파트,신미소,신미소,2020-07-24,2042-07-24,,60000000000,33685485089,60000000000,0,0,운용,펀드 AUM 관리_20260515.xlsx,underlying_asset,direct_owner,direct,,unallocated,True,False,,,,,,,1,60000000000,33685485089,60000000000,0,0,,,,,특별자산,,,,,,,,,,0,0,0,0,0,0,,,
asset_fund_link,ast_de2b4769c13a,삼산태양광발전소,,physical_asset,,,,,,경상남도 고성군 삼산면 장치리 산103-16,,,,A112466014,verified,unknown,not_checked,,112466,이지스일반사모투자신탁377호,377호,운용,특별자산,국내,인프라전략2파트,인프라전략2파트,신미소,신미소,2020-07-24,2042-07-24,,60000000000,33685485089,60000000000,0,0,운용,펀드 AUM 관리_20260515.xlsx,underlying_asset,direct_owner,direct,,unallocated,True,False,,,,,,,1,60000000000,33685485089,60000000000,0,0,,,,,특별자산,,,,,,,,,,0,0,0,0,0,0,,,
asset_fund_link,ast_44fa365fae5f,맥스에너지하리태양광발전,,physical_asset,,,,,,경상북도 의성군 하리면 하리 산72,37.170482344,128.480264852,,A112466015,verified,unknown,not_checked,,112466,이지스일반사모투자신탁377호,377호,운용,특별자산,국내,인프라전략2파트,인프라전략2파트,신미소,신미소,2020-07-24,2042-07-24,,60000000000,33685485089,60000000000,0,0,운용,펀드 AUM 관리_20260515.xlsx,underlying_asset,direct_owner,direct,,unallocated,True,False,,,,,,,1,60000000000,33685485089,60000000000,0,0,,,,,특별자산,,,,,,,,,,0,0,0,0,0,0,,,
asset_fund_link,ast_08feb99d7dd1,맥스에너지금성태양광발전,,physical_asset,,,,,,경상북도 의성군 금성면 하리 산72,36.29676667919078,128.67309811007348,4773037042200720000,A112466016,verified,unknown,pending,,112466,이지스일반사모투자신탁377호,377호,운용,특별자산,국내,인프라전략2파트,인프라전략2파트,신미소,신미소,2020-07-24,2042-07-24,,60000000000,33685485089,60000000000,0,0,운용,펀드 AUM 관리_20260515.xlsx,underlying_asset,direct_owner,direct,,unallocated,True,False,,,,,,,1,60000000000,33685485089,60000000000,0,0,,,,,특별자산,,,,,,,,,,0,0,60000000000,34852337513,0,2,,,
asset_fund_link,ast_a6d6041ea653,제이에스금계태양광발전,,physical_asset,,,,,,경상북도 상주시 공성면 금계리 662번지,36.29114755443001,128.07458313984577,4725035022106620000,A112466017,verified,unknown,pending,,112466,이지스일반사모투자신탁377호,377호,운용,특별자산,국내,인프라전략2파트,인프라전략2파트,신미소,신미소,2020-07-24,2042-07-24,,60000000000,33685485089,60000000000,0,0,운용,펀드 AUM 관리_20260515.xlsx,underlying_asset,direct_owner,direct,,unallocated,True,False,,,,,,,1,60000000000,33685485089,60000000000,0,0,,,,,특별자산,,,,,,,,,,0,0,0,0,0,0,,,
asset_fund_link,ast_75abb17c6fb9,지동쏠라에너지태양광발전,,physical_asset,,,,,,강원도 평창군 평창읍 지동리 320,37.41911536776705,128.46912502750067,5176025030103200000,A112466018,verified,unknown,pending,,112466,이지스일반사모투자신탁377호,377호,운용,특별자산,국내,인프라전략2파트,인프라전략2파트,신미소,신미소,2020-07-24,2042-07-24,,60000000000,33685485089,60000000000,0,0,운용,펀드 AUM 관리_20260515.xlsx,underlying_asset,direct_owner,direct,,unallocated,True,False,,,,,,,1,60000000000,33685485089,60000000000,0,0,,,,,특별자산,,,,,,,,,,0,0,0,0,0,0,,,
asset_fund_link,ast_12910bc887e1,성남제이씨에너지,,physical_asset,,,,,,전라북도 남원시 대산면 신계리 산429-98,,,,A112466019,verified,unknown,not_checked,,112466,이지스일반사모투자신탁377호,377호,운용,특별자산,국내,인프라전략2파트,인프라전략2파트,신미소,신미소,2020-07-24,2042-07-24,,60000000000,33685485089,60000000000,0,0,운용,펀드 AUM 관리_20260515.xlsx,underlying_asset,direct_owner,direct,,unallocated,True,False,,,,,,,1,60000000000,33685485089,60000000000,0,0,,,,,특별자산,,,,,,,,,,0,0,0,0,0,0,,,
asset_fund_link,ast_f0849461378a,선그린에너지,,physical_asset,,,,,,전라북도 남원시 대산면 신계리 산53-8,,,,A112466020,verified,unknown,not_checked,,112466,이지스일반사모투자신탁377호,377호,운용,특별자산,국내,인프라전략2파트,인프라전략2파트,신미소,신미소,2020-07-24,2042-07-24,,60000000000,33685485089,60000000000,0,0,운용,펀드 AUM 관리_20260515.xlsx,underlying_asset,direct_owner,direct,,unallocated,True,False,,,,,,,1,60000000000,33685485089,60000000000,0,0,,,,,특별자산,,,,,,,,,,0,0,0,0,0,0,,,
asset_fund_link,ast_6e21f7f90ac5,일순에너지,,physical_asset,,,,,,충청남도 금산군 남일면 신정리 122-1,36.01902870859132,127.51871293266593,4471035026101220001,A112466021,verified,unknown,pending,,112466,이지스일반사모투자신탁377호,377호,운용,특별자산,국내,인프라전략2파트,인프라전략2파트,신미소,신미소,2020-07-24,2042-07-24,,60000000000,33685485089,60000000000,0,0,운용,펀드 AUM 관리_20260515.xlsx,underlying_asset,direct_owner,direct,,unallocated,True,False,,,,,,,1,60000000000,33685485089,60000000000,0,0,,,,,특별자산,,,,,,,,,,0,0,0,0,0,0,,,
asset_fund_link,ast_7f04e40d8fcc,스카이에너지,,physical_asset,,,,,,"강원도 정선군 북평면 남평리 271, 271-2",37.42357987858786,128.67631178932982,5177034023102710000,A112466022,verified,unknown,pending,,112466,이지스일반사모투자신탁377호,377호,운용,특별자산,국내,인프라전략2파트,인프라전략2파트,신미소,신미소,2020-07-24,2042-07-24,,60000000000,33685485089,60000000000,0,0,운용,펀드 AUM 관리_20260515.xlsx,underlying_asset,direct_owner,direct,,unallocated,True,False,,,,,,,1,60000000000,33685485089,60000000000,0,0,,,,,특별자산,,,,,,,,,,0,0,0,0,0,0,,,
asset_fund_link,ast_782f84536edf,에이스쏠라,,physical_asset,,,,,,경상북도 영주시 조와동 133,36.868787521489,128.64608751316325,4721011000101330000,A112466023,verified,unknown,pending,,112466,이지스일반사모투자신탁377호,377호,운용,특별자산,국내,인프라전략2파트,인프라전략2파트,신미소,신미소,2020-07-24,2042-07-24,,60000000000,33685485089,60000000000,0,0,운용,펀드 AUM 관리_20260515.xlsx,underlying_asset,direct_owner,direct,,unallocated,True,False,,,,,,,1,60000000000,33685485089,60000000000,0,0,,,,,특별자산,,,,,,,,,,0,0,0,0,0,0,,,
asset_fund_link,ast_aab359e1cf01,디앤피옥연,,physical_asset,,,,,,경북 의성군 비안면 옥연길 677-1,,,,A112466024,verified,unknown,not_checked,,112466,이지스일반사모투자신탁377호,377호,운용,특별자산,국내,인프라전략2파트,인프라전략2파트,신미소,신미소,2020-07-24,2042-07-24,,60000000000,33685485089,60000000000,0,0,운용,펀드 AUM 관리_20260515.xlsx,underlying_asset,direct_owner,direct,,unallocated,True,False,,,,,,,1,60000000000,33685485089,60000000000,0,0,,,,,특별자산,,,,,,,,,,0,0,0,0,0,0,,,
asset_fund_link,ast_ff97a1f2dae8,디앤피영천신기,,physical_asset,,,,,,경북 영천시 신기동 산 14외,36.01520636109517,128.95423902896516,4723012900200140000,A112466025,verified,unknown,pending,,112466,이지스일반사모투자신탁377호,377호,운용,특별자산,국내,인프라전략2파트,인프라전략2파트,신미소,신미소,2020-07-24,2042-07-24,,60000000000,33685485089,60000000000,0,0,운용,펀드 AUM 관리_20260515.xlsx,underlying_asset,direct_owner,direct,,unallocated,True,False,,,,,,,1,60000000000,33685485089,60000000000,0,0,,,,,특별자산,,,,,,,,,,0,0,0,0,0,0,,,
asset_fund_link,ast_84777620581a,곡성,,physical_asset,,,,,,전남 순천시 주암면 백록리 산 41-8,,,,A112466026,verified,unknown,not_checked,,112466,이지스일반사모투자신탁377호,377호,운용,특별자산,국내,인프라전략2파트,인프라전략2파트,신미소,신미소,2020-07-24,2042-07-24,,60000000000,33685485089,60000000000,0,0,운용,펀드 AUM 관리_20260515.xlsx,underlying_asset,direct_owner,direct,,unallocated,True,False,,,,,,,1,60000000000,33685485089,60000000000,0,0,,,,,특별자산,,,,,,,,,,0,0,0,0,0,0,,,
asset_fund_link,ast_d19640044285,케이앤씨해바라기,,physical_asset,,,,,,경북 의성군 비안면 옥연리 676-2,36.3258252225896,128.47247763115195,4773039037106760002,A112466027,verified,unknown,pending,,112466,이지스일반사모투자신탁377호,377호,운용,특별자산,국내,인프라전략2파트,인프라전략2파트,신미소,신미소,2020-07-24,2042-07-24,,60000000000,33685485089,60000000000,0,0,운용,펀드 AUM 관리_20260515.xlsx,underlying_asset,direct_owner,direct,,unallocated,True,False,,,,,,,1,60000000000,33685485089,60000000000,0,0,,,,,특별자산,,,,,,,,,,0,0,0,0,0,0,,,
asset_fund_link,ast_67c6580ada7b,케이앤씨솔라리아,,physical_asset,,,,,,경북 의성군 다인면 삼분리 산 101-14,,,,A112466028,verified,unknown,not_checked,,112466,이지스일반사모투자신탁377호,377호,운용,특별자산,국내,인프라전략2파트,인프라전략2파트,신미소,신미소,2020-07-24,2042-07-24,,60000000000,33685485089,60000000000,0,0,운용,펀드 AUM 관리_20260515.xlsx,underlying_asset,direct_owner,direct,,unallocated,True,False,,,,,,,1,60000000000,33685485089,60000000000,0,0,,,,,특별자산,,,,,,,,,,0,0,0,0,0,0,,,
asset_fund_link,ast_3c2f16286fc7,호니파워,,physical_asset,,,,,,"강원도 삼척시 도계읍 전두리 166,167",37.238375051380906,129.03008112488163,5123025033101660000,A112466029,verified,unknown,pending,,112466,이지스일반사모투자신탁377호,377호,운용,특별자산,국내,인프라전략2파트,인프라전략2파트,신미소,신미소,2020-07-24,2042-07-24,,60000000000,33685485089,60000000000,0,0,운용,펀드 AUM 관리_20260515.xlsx,underlying_asset,direct_owner,direct,,unallocated,True,False,,,,,,,1,60000000000,33685485089,60000000000,0,0,,,,,특별자산,,,,,,,,,,0,0,0,0,0,0,,,
asset_fund_link,ast_b0af734b18b2,에스디일호,,physical_asset,,,,,,"강원도 삼척시 도계읍 전두리 166,167, 172",37.238375051380906,129.03008112488163,5123025033101660000,A112466030,verified,unknown,pending,,112466,이지스일반사모투자신탁377호,377호,운용,특별자산,국내,인프라전략2파트,인프라전략2파트,신미소,신미소,2020-07-24,2042-07-24,,60000000000,33685485089,60000000000,0,0,운용,펀드 AUM 관리_20260515.xlsx,underlying_asset,direct_owner,direct,,unallocated,True,False,,,,,,,1,60000000000,33685485089,60000000000,0,0,,,,,특별자산,,,,,,,,,,0,0,0,0,0,0,,,
asset_fund_link,ast_879736673d32,에스플래닛삼십사호,,physical_asset,,,,,,"강원도 삼척시 도계읍 전두리 166,167",37.238375051380906,129.03008112488163,5123025033101660000,A112466031,verified,unknown,pending,,112466,이지스일반사모투자신탁377호,377호,운용,특별자산,국내,인프라전략2파트,인프라전략2파트,신미소,신미소,2020-07-24,2042-07-24,,60000000000,33685485089,60000000000,0,0,운용,펀드 AUM 관리_20260515.xlsx,underlying_asset,direct_owner,direct,,unallocated,True,False,,,,,,,1,60000000000,33685485089,60000000000,0,0,,,,,특별자산,,,,,,,,,,0,0,0,0,0,0,,,
asset_fund_link,ast_f111ae69e480,아인에너지,,physical_asset,,,,,,강원도 삼척시 도계읍 전두리 172,37.23898255091193,129.028550036924,5123025033101720000,A112466032,verified,unknown,pending,,112466,이지스일반사모투자신탁377호,377호,운용,특별자산,국내,인프라전략2파트,인프라전략2파트,신미소,신미소,2020-07-24,2042-07-24,,60000000000,33685485089,60000000000,0,0,운용,펀드 AUM 관리_20260515.xlsx,underlying_asset,direct_owner,direct,,unallocated,True,False,,,,,,,1,60000000000,33685485089,60000000000,0,0,,,,,특별자산,,,,,,,,,,0,0,0,0,0,0,,,
asset_fund_link,ast_df3703ad7418,제이피에너지,,physical_asset,,,,,,경상북도 안동시 임동면 중평리 산 13-11,36.57573978505418,128.92607671189285,4717040021200130011,A112466033,verified,unknown,pending,,112466,이지스일반사모투자신탁377호,377호,운용,특별자산,국내,인프라전략2파트,인프라전략2파트,신미소,신미소,2020-07-24,2042-07-24,,60000000000,33685485089,60000000000,0,0,운용,펀드 AUM 관리_20260515.xlsx,underlying_asset,direct_owner,direct,,unallocated,True,False,,,,,,,1,60000000000,33685485089,60000000000,0,0,,,,,특별자산,,,,,,,,,,0,0,0,0,0,0,,,
asset_fund_link,ast_86f45a70b070,이지스 353호 (OPUS 459/舊백암빌딩),오피스복합,physical_asset,,,,,,,37.507132527,127.023676426,,A112470001,verified,unknown,not_checked,,112470,이지스기회추구전문투자형사모부동산모투자신탁제2-2호,기회추구2-2호,운용,지분증권,국내,CM그룹,CM그룹,홍상우,홍상우,2020-08-04,2026-11-04,,0,0,0,0,0,운용,펀드 AUM 관리_20260515.xlsx,underlying_asset,direct_owner,direct,,unallocated,True,False,,,,,,,1,0,0,0,0,0,,,,,오피스,,,,,,,,,,0,0,0,0,0,0,,,
asset_fund_link,ast_eb5a157872a8,효제아트PFV(주식 및 주주대여),주거,physical_asset,,,,KR,,"서울시 종로구 효제동 315-1, 6",37.57195587021886,127.00177880816358,1111016200103150001,A112474001,verified,unknown,pending,,112474,이지스일반사모부동산투자신탁384호,384호,운용,오피스,국내,투자3그룹1파트,투자3그룹1파트,강수원,강수원,2020-08-10,2028-12-10,,10307990631,10307990631,10307990631,0,0,운용,펀드 AUM 관리_20260515.xlsx,underlying_asset,direct_owner,direct,,unallocated,True,False,,,,,,,1,10307990631,10307990631,10307990631,0,0,,,,,오피스,,,,,,,,,,0,0,0,0,0,0,,,
asset_fund_link,ast_86bf4722d494,US Courtyard by Marriott Portfolio Rescue Capital Loan,호텔,physical_asset,,,,,,아래 자산별 상세 내역,,,,A112478001,verified,unknown,not_checked,,112478,이지스글로벌일반사모부동산투자신탁206-1호,206-1호,운용,호텔,해외,글로벌자산관리1파트2,글로벌자산관리1파트2,유진선,유진선,2020-12-17,2028-10-25,,13898742619,13898742619,13898742619,0,0,운용,펀드 AUM 관리_20260515.xlsx,underlying_asset,direct_owner,direct,,unallocated,True,False,,,,,,,1,13898742619,13898742619,13898742619,0,0,,,,,호텔,,,,,,,,,,0,0,13898742619,13898742619,0,2,US Courtyard by Marriott Portfolio Rescue Capital Loan,,
asset_fund_link,ast_d7155e535335,GLP Europe Income Partners II,오피스복합,physical_asset,,,,,,,,,,A112482001,verified,unknown,not_checked,,112482,이지스글로벌일반사모부동산투자신탁366호(재간접형),366호,운용,물류,해외,글로벌자산관리2파트2,글로벌자산관리2파트2,오지원,오지원,2020-09-25,2032-08-28,,77708879000,56663871312,77708879000,0,0,운용,펀드 AUM 관리_20260515.xlsx,underlying_asset,direct_owner,direct,,unallocated,True,False,,,,,,,2,268086979000,198493359823,268086979000,0,0,,,,,오피스복합,,,,,,,,,,0,0,268086979000,198493359823,0,3,GLP Europe Income Partners II,,
asset_fund_link,ast_d7155e535335,GLP Europe Income Partners II,오피스복합,physical_asset,,,,,,,,,,A112482001,verified,unknown,not_checked,,112494,이지스글로벌일반사모부동산투자신탁366-1호(재간접형),366-1호,운용,물류,해외,글로벌자산관리2파트2,글로벌자산관리2파트2,오지원,오지원,2020-10-28,2032-10-14,,190378100000,141829488511,190378100000,0,0,운용,펀드 AUM 관리_20260515.xlsx,underlying_asset,direct_owner,direct,,unallocated,True,False,,,,,,,2,268086979000,198493359823,268086979000,0,0,,,,,오피스복합,,,,,,,,,,0,0,268086979000,198493359823,0,3,GLP Europe Income Partners II,,
asset_fund_link,ast_5c591e0531aa,Delaware Logistics Amazon FC,물류센터,physical_asset,,,,,Delaware,"801 Boxwood Rd, Wilmington, Delaware 19804",,,,A112483001,verified,unknown,not_checked,,112483,이지스글로벌일반사모부동산모투자신탁378호,378호,운용,물류,해외,"글로벌자산관리1파트1, 229호TF","글로벌자산관리1파트1, 229호TF",나혜윤,나혜윤,2020-11-27,2028-05-27,,555437227666,555437227666,177492387666,377944840000,0,운용,펀드 AUM 관리_20260515.xlsx,underlying_asset,direct_owner,direct,,unallocated,True,False,,,,,,,3,555437227666,555437227666,177492387666,377944840000,0,,356185.61,5.07,,물류센터,,5,,,,,2021-07-31,,,0,0,0,0,0,6,Delaware Logistics Amazon FC,,
asset_fund_link,ast_5c591e0531aa,Delaware Logistics Amazon FC,물류센터,physical_asset,,,,,Delaware,"801 Boxwood Rd, Wilmington, Delaware 19804",,,,A112483001,verified,unknown,not_checked,,112484,이지스글로벌일반사모부동산자투자신탁378-1호,378-1호,운용,물류,해외,"글로벌자산관리1파트1, 229호TF","글로벌자산관리1파트1, 229호TF",나혜윤,나혜윤,2020-11-27,2028-05-27,,0,0,0,0,0,운용,펀드 AUM 관리_20260515.xlsx,underlying_asset,direct_owner,direct,,unallocated,True,False,,,,,,,3,555437227666,555437227666,177492387666,377944840000,0,,356185.61,5.07,,물류센터,,5,,,,,2021-07-31,,,0,0,0,0,0,6,Delaware Logistics Amazon FC,,
asset_fund_link,ast_5c591e0531aa,Delaware Logistics Amazon FC,물류센터,physical_asset,,,,,Delaware,"801 Boxwood Rd, Wilmington, Delaware 19804",,,,A112483001,verified,unknown,not_checked,,112485,이지스글로벌일반사모부동산자투자신탁378-2호,378-2호,운용,물류,해외,"글로벌자산관리1파트1, 229호TF","글로벌자산관리1파트1, 229호TF",나혜윤,나혜윤,2020-11-27,2028-05-27,,0,0,0,0,0,운용,펀드 AUM 관리_20260515.xlsx,underlying_asset,direct_owner,direct,,unallocated,True,False,,,,,,,3,555437227666,555437227666,177492387666,377944840000,0,,356185.61,5.07,,물류센터,,5,,,,,2021-07-31,,,0,0,0,0,0,6,Delaware Logistics Amazon FC,,
asset_fund_link,ast_f4fc6d89a82b,CBRE U.S. Credit Partners LP,오피스복합,physical_asset,,,,,,,,,,A112486001,verified,unknown,not_checked,,112486,이지스미국일반사모부동산투자신탁382호(재간접형),382호,운용,복합(오피스),해외,글로벌자산관리1파트1,글로벌자산관리1파트1,김종수,김종수,2021-11-30,2030-08-30,,59332000000,46237787836,59332000000,0,0,운용,펀드 AUM 관리_20260515.xlsx,underlying_asset,direct_owner,direct,,unallocated,True,False,,,,,,,1,59332000000,46237787836,59332000000,0,0,,,,,오피스복합,,,,,,,,,,0,0,29666000000,23118893918,0,1,CBRE U.S. Credit Partners LP,,
asset_fund_link,ast_99b63c12cc89,국내 리츠,,physical_asset,,,,,,,,,,A112495001,verified,unknown,not_checked,,300038,이지스리츠포트폴리오일반사모부동산투자신탁제3호,리츠포트폴리오3호,운용,기타,국내,대체증권투자파트,대체증권투자파트,신영찬,신영찬,2024-11-14,,,51000000000,49407534861,51000000000,0,0,운용,펀드 AUM 관리_20260515.xlsx,underlying_asset,direct_owner,direct,,unallocated,True,False,,,,,,,3,296215565705,275591075176,296215565705,0,0,,,,,기타,,,,,,,,,,0,0,0,0,0,0,,,
asset_fund_link,ast_99b63c12cc89,국내 리츠,,physical_asset,,,,,,,,,,A112495001,verified,unknown,not_checked,,112495,이지스리츠포트폴리오일반사모부동산투자신탁제1호,리츠포트폴리오 1호,운용,기타,국내,대체증권투자파트,대체증권투자파트,신영찬,신영찬,2020-10-23,2027-10-23,,123000000000,103967974610,123000000000,0,0,운용,펀드 AUM 관리_20260515.xlsx,underlying_asset,direct_owner,direct,,unallocated,True,False,,,,,,,3,296215565705,275591075176,296215565705,0,0,,,,,기타,,,,,,,,,,0,0,0,0,0,0,,,
asset_fund_link,ast_4b619049d6d7,글로벌 리츠,,physical_asset,,,,,,,,,,A112495002,verified,unknown,not_checked,,300038,이지스리츠포트폴리오일반사모부동산투자신탁제3호,리츠포트폴리오3호,운용,기타,국내,대체증권투자파트,대체증권투자파트,신영찬,신영찬,2024-11-14,,,51000000000,49407534861,51000000000,0,0,운용,펀드 AUM 관리_20260515.xlsx,underlying_asset,direct_owner,direct,,unallocated,True,False,,,,,,,2,174000000000,153375509471,174000000000,0,0,,,,,기타,,,,,,,,,,0,0,0,0,0,0,,,
asset_fund_link,ast_4b619049d6d7,글로벌 리츠,,physical_asset,,,,,,,,,,A112495002,verified,unknown,not_checked,,112495,이지스리츠포트폴리오일반사모부동산투자신탁제1호,리츠포트폴리오 1호,운용,기타,국내,대체증권투자파트,대체증권투자파트,신영찬,신영찬,2020-10-23,2027-10-23,,123000000000,103967974610,123000000000,0,0,운용,펀드 AUM 관리_20260515.xlsx,underlying_asset,direct_owner,direct,,unallocated,True,False,,,,,,,2,174000000000,153375509471,174000000000,0,0,,,,,기타,,,,,,,,,,0,0,0,0,0,0,,,
asset_fund_link,ast_373f87c6b8d9,Virginia Amazon Warehouse,물류센터,physical_asset,,,,,버지니아,"25 Strategy Drive, Fredericksburg, Stafford, VA",,,,A112496001,verified,unknown,not_checked,,112496,이지스미국일반사모부동산투자신탁380-1호,380-1호,운용,물류,해외,글로벌자산관리2파트1,글로벌자산관리2파트1,이수현,이수현,2020-10-29,2028-10-14,,155550075477,155550075477,155550075477,0,0,운용,펀드 AUM 관리_20260515.xlsx,underlying_asset,direct_owner,direct,,unallocated,True,False,,,,,,,2,184133870206,184133870206,184133870206,0,0,,,,,물류,,1,,,1595,,2021-10-01,,,0,0,184133870206,184133870206,0,8,"Virginia Amazon Warehouse , Lakeville Amazon Warehouse , Kansas city Amazon Warehouse",,
asset_fund_link,ast_373f87c6b8d9,Virginia Amazon Warehouse,물류센터,physical_asset,,,,,버지니아,"25 Strategy Drive, Fredericksburg, Stafford, VA",,,,A112496001,verified,unknown,not_checked,,112497,이지스미국일반사모부동산투자신탁380-2호,380-2호,운용,물류,해외,글로벌자산관리2파트1,글로벌자산관리2파트1,이수현,이수현,2020-10-29,2028-10-14,,28583794729,28583794729,28583794729,0,0,운용,펀드 AUM 관리_20260515.xlsx,underlying_asset,direct_owner,direct,,unallocated,True,False,,,,,,,2,184133870206,184133870206,184133870206,0,0,,,,,물류,,1,,,1595,,2021-10-01,,,0,0,184133870206,184133870206,0,8,"Virginia Amazon Warehouse , Lakeville Amazon Warehouse , Kansas city Amazon Warehouse",,
asset_fund_link,ast_c4b09711952f,Lakeville Amazon Warehouse,물류센터,physical_asset,,,,,,,,,,A112496004,verified,unknown,not_checked,,112497,이지스미국일반사모부동산투자신탁380-2호,380-2호,운용,물류,해외,글로벌자산관리2파트1,글로벌자산관리2파트1,이수현,이수현,2020-10-29,2028-10-14,,28583794729,28583794729,28583794729,0,0,운용,펀드 AUM 관리_20260515.xlsx,underlying_asset,direct_owner,direct,,unallocated,True,False,,,,,,,2,184133870206,184133870206,184133870206,0,0,,,,,물류센터,,,,,,,,,,0,0,0,0,0,0,,,
asset_fund_link,ast_c4b09711952f,Lakeville Amazon Warehouse,물류센터,physical_asset,,,,,,,,,,A112496004,verified,unknown,not_checked,,112496,이지스미국일반사모부동산투자신탁380-1호,380-1호,운용,물류,해외,글로벌자산관리2파트1,글로벌자산관리2파트1,이수현,이수현,2020-10-29,2028-10-14,,155550075477,155550075477,155550075477,0,0,운용,펀드 AUM 관리_20260515.xlsx,underlying_asset,direct_owner,direct,,unallocated,True,False,,,,,,,2,184133870206,184133870206,184133870206,0,0,,,,,물류센터,,,,,,,,,,0,0,0,0,0,0,,,
asset_fund_link,ast_b7500e646006,Kansas city Amazon Warehouse,물류센터,physical_asset,,,,,,,,,,A112496005,verified,unknown,not_checked,,112496,이지스미국일반사모부동산투자신탁380-1호,380-1호,운용,물류,해외,글로벌자산관리2파트1,글로벌자산관리2파트1,이수현,이수현,2020-10-29,2028-10-14,,155550075477,155550075477,155550075477,0,0,운용,펀드 AUM 관리_20260515.xlsx,underlying_asset,direct_owner,direct,,unallocated,True,False,,,,,,,2,184133870206,184133870206,184133870206,0,0,,,,,물류센터,,,,,,,,,,0,0,0,0,0,0,,,
asset_fund_link,ast_b7500e646006,Kansas city Amazon Warehouse,물류센터,physical_asset,,,,,,,,,,A112496005,verified,unknown,not_checked,,112497,이지스미국일반사모부동산투자신탁380-2호,380-2호,운용,물류,해외,글로벌자산관리2파트1,글로벌자산관리2파트1,이수현,이수현,2020-10-29,2028-10-14,,28583794729,28583794729,28583794729,0,0,운용,펀드 AUM 관리_20260515.xlsx,underlying_asset,direct_owner,direct,,unallocated,True,False,,,,,,,2,184133870206,184133870206,184133870206,0,0,,,,,물류센터,,,,,,,,,,0,0,0,0,0,0,,,
asset_fund_link,ast_859c72f41f43,Clarion Lion Properties Fund,오피스복합,physical_asset,,,,,,,,,,A112501001,verified,unknown,not_checked,,112501,이지스미국일반사모부동산투자신탁376호(재간접형),376호,운용,복합(오피스),해외,글로벌자산관리1파트1,글로벌자산관리1파트1,김종수,김종수,2020-12-28,2035-10-29,,149813300000,149334450826,149813300000,0,0,운용,펀드 AUM 관리_20260515.xlsx,underlying_asset,direct_owner,direct,,unallocated,True,False,,,,,,,1,149813300000,149334450826,149813300000,0,0,,,,,오피스복합,,,,,,,,,,0,0,149813300000,149334450826,0,1,Clarion Lion Properties Fund,,
asset_fund_link,ast_f7a36f9524d4,뉴멕시코주 아마존 물류센터,물류센터,physical_asset,,,,,,,,,,A112502001,verified,unknown,not_checked,,112502,이지스지엘아이피일반사모투자신탁1-1호(운용),지엘아이피1-1호,청산,물류,해외,사업그룹3파트,사업그룹3파트,최성현,최성현,2020-12-18,2026-02-25,,202321725000,1161004899,67008725000,135313000000,0,청산,펀드 AUM 관리_20260515.xlsx,underlying_asset,direct_owner,direct,,unallocated,True,False,,,,,,,6,471652175000,2322009829,201026175000,270626000000,0,,,,,물류,,,,,,,,,,0,0,0,0,0,0,뉴멕시코 아마존물류센터 개발,,
asset_fund_link,ast_f7a36f9524d4,뉴멕시코주 아마존 물류센터,물류센터,physical_asset,,,,,,,,,,A112502001,verified,unknown,not_checked,,112503,이지스지엘아이피일반사모투자신탁1-2호(운용),지엘아이피1-2호,청산,물류,해외,사업그룹3파트,사업그룹3파트,최성현,최성현,2020-12-18,2026-02-25,,269330450000,1161004930,134017450000,135313000000,0,청산,펀드 AUM 관리_20260515.xlsx,underlying_asset,direct_owner,direct,,unallocated,True,False,,,,,,,6,471652175000,2322009829,201026175000,270626000000,0,,,,,물류,,,,,,,,,,0,0,0,0,0,0,뉴멕시코 아마존물류센터 개발,,
asset_fund_link,ast_2973f4cd4890,참빛솔라 태양광발전소,,physical_asset,,,,,,경상북도 성주군 초천면 고산리 산61,,,,A112504001,verified,unknown,not_checked,,112504,이지스일반사모투자신탁392호(태양광),392호,운용,특별자산,국내,인프라전략2파트,인프라전략2파트,신미소,신미소,2020-11-13,2042-11-13,,60000000000,44306796466,60000000000,0,0,운용,펀드 AUM 관리_20260515.xlsx,underlying_asset,direct_owner,direct,,unallocated,True,False,,,,,,,1,60000000000,44306796466,60000000000,0,0,,,,,특별자산,,,,,,,,,,0,0,0,0,0,0,,,
asset_fund_link,ast_85753c049318,최강일 태양광발전소,,physical_asset,,,,,,강원도 영월군 상동읍 수래리 194-1,,,,A112504002,verified,unknown,not_checked,,112504,이지스일반사모투자신탁392호(태양광),392호,운용,특별자산,국내,인프라전략2파트,인프라전략2파트,신미소,신미소,2020-11-13,2042-11-13,,60000000000,44306796466,60000000000,0,0,운용,펀드 AUM 관리_20260515.xlsx,underlying_asset,direct_owner,direct,,unallocated,True,False,,,,,,,1,60000000000,44306796466,60000000000,0,0,,,,,특별자산,,,,,,,,,,0,0,0,0,0,0,,,
asset_fund_link,ast_92dea7abe14c,신명솔라 태양광발전소,,physical_asset,,,,,,강원도 횡성군 횡성읍 송전리 34,37.533899015498164,128.02571221451552,5173025026100340000,A112504003,verified,unknown,pending,,112504,이지스일반사모투자신탁392호(태양광),392호,운용,특별자산,국내,인프라전략2파트,인프라전략2파트,신미소,신미소,2020-11-13,2042-11-13,,60000000000,44306796466,60000000000,0,0,운용,펀드 AUM 관리_20260515.xlsx,underlying_asset,direct_owner,direct,,unallocated,True,False,,,,,,,1,60000000000,44306796466,60000000000,0,0,,,,,특별자산,,,,,,,,,,0,0,0,0,0,0,,,
asset_fund_link,ast_1aa61ea72a74,성리태양광발전소,,physical_asset,,,,,,경상남도 합천군 대병면 성리 산 117,35.52454209453444,128.0658260150749,4889045029201170000,A112504004,verified,unknown,pending,,112504,이지스일반사모투자신탁392호(태양광),392호,운용,특별자산,국내,인프라전략2파트,인프라전략2파트,신미소,신미소,2020-11-13,2042-11-13,,60000000000,44306796466,60000000000,0,0,운용,펀드 AUM 관리_20260515.xlsx,underlying_asset,direct_owner,direct,,unallocated,True,False,,,,,,,1,60000000000,44306796466,60000000000,0,0,,,,,특별자산,,,,,,,,,,0,0,0,0,0,0,,,
asset_fund_link,ast_b934e85074e0,엠아이파워,,physical_asset,,,,,,경북 청도군 풍각면 월봉리 산 10번지,35.61793267660509,128.59726755467267,4782032042200100000,A112504006,verified,unknown,pending,,112504,이지스일반사모투자신탁392호(태양광),392호,운용,특별자산,국내,인프라전략2파트,인프라전략2파트,신미소,신미소,2020-11-13,2042-11-13,,60000000000,44306796466,60000000000,0,0,운용,펀드 AUM 관리_20260515.xlsx,underlying_asset,direct_owner,direct,,unallocated,True,False,,,,,,,1,60000000000,44306796466,60000000000,0,0,,,,,특별자산,,,,,,,,,,0,0,0,0,0,0,,,
asset_fund_link,ast_feb123f425d2,해량에너지,,physical_asset,,,,,,충청남도 보령시 천북면 장은리 산157-1,,,,A112504007,verified,unknown,not_checked,,112504,이지스일반사모투자신탁392호(태양광),392호,운용,특별자산,국내,인프라전략2파트,인프라전략2파트,신미소,신미소,2020-11-13,2042-11-13,,60000000000,44306796466,60000000000,0,0,운용,펀드 AUM 관리_20260515.xlsx,underlying_asset,direct_owner,direct,,unallocated,True,False,,,,,,,1,60000000000,44306796466,60000000000,0,0,,,,,특별자산,,,,,,,,,,0,0,0,0,0,0,,,
asset_fund_link,ast_ca7e42523746,시온솔라,,physical_asset,,,,,,경북 영천시 북안면 효리 산82-1,,,,A112504008,verified,unknown,not_checked,,112504,이지스일반사모투자신탁392호(태양광),392호,운용,특별자산,국내,인프라전략2파트,인프라전략2파트,신미소,신미소,2020-11-13,2042-11-13,,60000000000,44306796466,60000000000,0,0,운용,펀드 AUM 관리_20260515.xlsx,underlying_asset,direct_owner,direct,,unallocated,True,False,,,,,,,1,60000000000,44306796466,60000000000,0,0,,,,,특별자산,,,,,,,,,,0,0,0,0,0,0,,,
asset_fund_link,ast_562a1580ea14,의령1호,,physical_asset,,,,,,경상남도 의령군 화정면 상일리 산95,35.26527984485635,128.2231954640659,4872034025200950000,A112504009,verified,unknown,pending,,112504,이지스일반사모투자신탁392호(태양광),392호,운용,특별자산,국내,인프라전략2파트,인프라전략2파트,신미소,신미소,2020-11-13,2042-11-13,,60000000000,44306796466,60000000000,0,0,운용,펀드 AUM 관리_20260515.xlsx,underlying_asset,direct_owner,direct,,unallocated,True,False,,,,,,,1,60000000000,44306796466,60000000000,0,0,,,,,특별자산,,,,,,,,,,0,0,0,0,0,0,,,
asset_fund_link,ast_d7d1561008f1,의령2호,,physical_asset,,,,,,경상남도 의령군 화정면 상일리 산95,35.26527984485635,128.2231954640659,4872034025200950000,A112504010,verified,unknown,pending,,112504,이지스일반사모투자신탁392호(태양광),392호,운용,특별자산,국내,인프라전략2파트,인프라전략2파트,신미소,신미소,2020-11-13,2042-11-13,,60000000000,44306796466,60000000000,0,0,운용,펀드 AUM 관리_20260515.xlsx,underlying_asset,direct_owner,direct,,unallocated,True,False,,,,,,,1,60000000000,44306796466,60000000000,0,0,,,,,특별자산,,,,,,,,,,0,0,0,0,0,0,,,
asset_fund_link,ast_c2fde5e671a6,의령3호,,physical_asset,,,,,,경상남도 의령군 화정면 상일리 산95,35.26527984485635,128.2231954640659,4872034025200950000,A112504011,verified,unknown,pending,,112504,이지스일반사모투자신탁392호(태양광),392호,운용,특별자산,국내,인프라전략2파트,인프라전략2파트,신미소,신미소,2020-11-13,2042-11-13,,60000000000,44306796466,60000000000,0,0,운용,펀드 AUM 관리_20260515.xlsx,underlying_asset,direct_owner,direct,,unallocated,True,False,,,,,,,1,60000000000,44306796466,60000000000,0,0,,,,,특별자산,,,,,,,,,,0,0,0,0,0,0,,,
asset_fund_link,ast_f39c0da608b1,나눔과사랑,,physical_asset,,,,,,충청남도 부여군 임천면 점리 산9-1(45-3),36.21768773000352,126.90068009698382,4476041028200090001,A112504012,verified,unknown,pending,,112504,이지스일반사모투자신탁392호(태양광),392호,운용,특별자산,국내,인프라전략2파트,인프라전략2파트,신미소,신미소,2020-11-13,2042-11-13,,60000000000,44306796466,60000000000,0,0,운용,펀드 AUM 관리_20260515.xlsx,underlying_asset,direct_owner,direct,,unallocated,True,False,,,,,,,1,60000000000,44306796466,60000000000,0,0,,,,,특별자산,,,,,,,,,,0,0,0,0,0,0,,,
asset_fund_link,ast_419a8602469e,건화솔라,,physical_asset,,,,,,경남 의령군 대의면 천곡리 산50,35.344238550677574,128.13145723869047,4872033029200500000,A112504013,verified,unknown,pending,,112504,이지스일반사모투자신탁392호(태양광),392호,운용,특별자산,국내,인프라전략2파트,인프라전략2파트,신미소,신미소,2020-11-13,2042-11-13,,60000000000,44306796466,60000000000,0,0,운용,펀드 AUM 관리_20260515.xlsx,underlying_asset,direct_owner,direct,,unallocated,True,False,,,,,,,1,60000000000,44306796466,60000000000,0,0,,,,,특별자산,,,,,,,,,,0,0,0,0,0,0,,,
asset_fund_link,ast_eadb0a414753,투태모에너지3호,,physical_asset,,,,,,경상북도 군위군 소보면 도산리 산 89-5,,,,A112504014,verified,unknown,not_checked,,112504,이지스일반사모투자신탁392호(태양광),392호,운용,특별자산,국내,인프라전략2파트,인프라전략2파트,신미소,신미소,2020-11-13,2042-11-13,,60000000000,44306796466,60000000000,0,0,운용,펀드 AUM 관리_20260515.xlsx,underlying_asset,direct_owner,direct,,unallocated,True,False,,,,,,,1,60000000000,44306796466,60000000000,0,0,,,,,특별자산,,,,,,,,,,0,0,0,0,0,0,,,
asset_fund_link,ast_2382027b08d5,비취정보기술,,physical_asset,,,,,,양양군 현남면 정자리,37.96880685402323,128.74025046783174,5183034025100010000,A112504015,verified,unknown,pending,,112504,이지스일반사모투자신탁392호(태양광),392호,운용,특별자산,국내,인프라전략2파트,인프라전략2파트,신미소,신미소,2020-11-13,2042-11-13,,60000000000,44306796466,60000000000,0,0,운용,펀드 AUM 관리_20260515.xlsx,underlying_asset,direct_owner,direct,,unallocated,True,False,,,,,,,1,60000000000,44306796466,60000000000,0,0,,,,,특별자산,,,,,,,,,,0,0,0,0,0,0,,,
asset_fund_link,ast_936d6d5e77d1,은하수솔라,,physical_asset,,,,,,전라북도 남원시 보절면 사촌리 산18-3,,,,A112504016,verified,unknown,not_checked,,112504,이지스일반사모투자신탁392호(태양광),392호,운용,특별자산,국내,인프라전략2파트,인프라전략2파트,신미소,신미소,2020-11-13,2042-11-13,,60000000000,44306796466,60000000000,0,0,운용,펀드 AUM 관리_20260515.xlsx,underlying_asset,direct_owner,direct,,unallocated,True,False,,,,,,,1,60000000000,44306796466,60000000000,0,0,,,,,특별자산,,,,,,,,,,0,0,0,0,0,0,,,
asset_fund_link,ast_cc5aa1a95e56,화성솔라,,physical_asset,,,,,,전북 남원시 보절면사촌리 산18-4,,,,A112504017,verified,unknown,not_checked,,112504,이지스일반사모투자신탁392호(태양광),392호,운용,특별자산,국내,인프라전략2파트,인프라전략2파트,신미소,신미소,2020-11-13,2042-11-13,,60000000000,44306796466,60000000000,0,0,운용,펀드 AUM 관리_20260515.xlsx,underlying_asset,direct_owner,direct,,unallocated,True,False,,,,,,,1,60000000000,44306796466,60000000000,0,0,,,,,특별자산,,,,,,,,,,0,0,0,0,0,0,,,
asset_fund_link,ast_d0ca1e8f80e8,임원,,physical_asset,,,,,,강원도 삼척시 원덕읍 임원리 산255,37.251548819731966,129.33214794091384,5123025322202550000,A112504018,verified,unknown,pending,,112504,이지스일반사모투자신탁392호(태양광),392호,운용,특별자산,국내,인프라전략2파트,인프라전략2파트,신미소,신미소,2020-11-13,2042-11-13,,60000000000,44306796466,60000000000,0,0,운용,펀드 AUM 관리_20260515.xlsx,underlying_asset,direct_owner,direct,,unallocated,True,False,,,,,,,1,60000000000,44306796466,60000000000,0,0,,,,,특별자산,,,,,,,,,,0,0,0,0,0,0,,,
asset_fund_link,ast_9b387d397c17,누리,,physical_asset,,,,,,강원도 삼척시 원덕읍 임원리 산255,37.251548819731966,129.33214794091384,5123025322202550000,A112504019,verified,unknown,pending,,112504,이지스일반사모투자신탁392호(태양광),392호,운용,특별자산,국내,인프라전략2파트,인프라전략2파트,신미소,신미소,2020-11-13,2042-11-13,,60000000000,44306796466,60000000000,0,0,운용,펀드 AUM 관리_20260515.xlsx,underlying_asset,direct_owner,direct,,unallocated,True,False,,,,,,,1,60000000000,44306796466,60000000000,0,0,,,,,특별자산,,,,,,,,,,0,0,0,0,0,0,,,
asset_fund_link,ast_211db1826682,평화와번영,,physical_asset,,,,,,강원도 평창군 평창읍 고길리 86-1,37.41427392378483,128.45277242087764,5176025029100860001,A112504020,verified,unknown,pending,,112504,이지스일반사모투자신탁392호(태양광),392호,운용,특별자산,국내,인프라전략2파트,인프라전략2파트,신미소,신미소,2020-11-13,2042-11-13,,60000000000,44306796466,60000000000,0,0,운용,펀드 AUM 관리_20260515.xlsx,underlying_asset,direct_owner,direct,,unallocated,True,False,,,,,,,1,60000000000,44306796466,60000000000,0,0,,,,,특별자산,,,,,,,,,,0,0,0,0,0,0,,,
asset_fund_link,ast_1f7b90e8b01b,옥스포드,,physical_asset,,,,,,전라남도 고흥군 도화면 봉룡리 산221-1,,,,A112504021,verified,unknown,not_checked,,112504,이지스일반사모투자신탁392호(태양광),392호,운용,특별자산,국내,인프라전략2파트,인프라전략2파트,신미소,신미소,2020-11-13,2042-11-13,,60000000000,44306796466,60000000000,0,0,운용,펀드 AUM 관리_20260515.xlsx,underlying_asset,direct_owner,direct,,unallocated,True,False,,,,,,,1,60000000000,44306796466,60000000000,0,0,,,,,특별자산,,,,,,,,,,0,0,0,0,0,0,,,
asset_fund_link,ast_d16ce1cedc18,미래화희망,,physical_asset,,,,,,전라남도 고흥군 도화면 봉룡리 산221-1,,,,A112504022,verified,unknown,not_checked,,112504,이지스일반사모투자신탁392호(태양광),392호,운용,특별자산,국내,인프라전략2파트,인프라전략2파트,신미소,신미소,2020-11-13,2042-11-13,,60000000000,44306796466,60000000000,0,0,운용,펀드 AUM 관리_20260515.xlsx,underlying_asset,direct_owner,direct,,unallocated,True,False,,,,,,,1,60000000000,44306796466,60000000000,0,0,,,,,특별자산,,,,,,,,,,0,0,0,0,0,0,,,
asset_fund_link,ast_d2b681f14622,해바라기,,physical_asset,,,,,,전라남도 고흥군 도화면 봉룡리 산221-1,,,,A112504023,verified,unknown,not_checked,,112504,이지스일반사모투자신탁392호(태양광),392호,운용,특별자산,국내,인프라전략2파트,인프라전략2파트,신미소,신미소,2020-11-13,2042-11-13,,60000000000,44306796466,60000000000,0,0,운용,펀드 AUM 관리_20260515.xlsx,underlying_asset,direct_owner,direct,,unallocated,True,False,,,,,,,1,60000000000,44306796466,60000000000,0,0,,,,,특별자산,,,,,,,,,,0,0,0,0,0,0,,,
asset_fund_link,ast_dd450e43e303,디앤피입암리1호,,physical_asset,,,,,,"경상북도 의성군 옥산면 입암리 28, 29번지",36.39581142001096,128.8406539744521,4773033038100280000,A112504024,verified,unknown,pending,,112504,이지스일반사모투자신탁392호(태양광),392호,운용,특별자산,국내,인프라전략2파트,인프라전략2파트,신미소,신미소,2020-11-13,2042-11-13,,60000000000,44306796466,60000000000,0,0,운용,펀드 AUM 관리_20260515.xlsx,underlying_asset,direct_owner,direct,,unallocated,True,False,,,,,,,1,60000000000,44306796466,60000000000,0,0,,,,,특별자산,,,,,,,,,,0,0,0,0,0,0,,,
asset_fund_link,ast_dd6d598a7920,한려,,physical_asset,,,,,,"경남 남해군 창선면 서대리 산112, 112-1, 112-2",34.875471269331904,127.99127264158295,4884039026201120000,A112504025,verified,unknown,pending,,112504,이지스일반사모투자신탁392호(태양광),392호,운용,특별자산,국내,인프라전략2파트,인프라전략2파트,신미소,신미소,2020-11-13,2042-11-13,,60000000000,44306796466,60000000000,0,0,운용,펀드 AUM 관리_20260515.xlsx,underlying_asset,direct_owner,direct,,unallocated,True,False,,,,,,,1,60000000000,44306796466,60000000000,0,0,,,,,특별자산,,,,,,,,,,0,0,0,0,0,0,,,
asset_fund_link,ast_3165eca06342,해담은삼척1호,,physical_asset,,,,,,"강원도 삼척시 하장면 장전리 138, 139",37.355564103691506,128.91719286203534,5123032025101380000,A112504026,verified,unknown,pending,,112504,이지스일반사모투자신탁392호(태양광),392호,운용,특별자산,국내,인프라전략2파트,인프라전략2파트,신미소,신미소,2020-11-13,2042-11-13,,60000000000,44306796466,60000000000,0,0,운용,펀드 AUM 관리_20260515.xlsx,underlying_asset,direct_owner,direct,,unallocated,True,False,,,,,,,1,60000000000,44306796466,60000000000,0,0,,,,,특별자산,,,,,,,,,,0,0,0,0,0,0,,,
asset_fund_link,ast_146d3e80165b,"신동해빌딩, NICE2사옥",주거,physical_asset,,,,KR,,"서울특별시 영등포구 여의도동 15-3, 15-28",37.52902329914359,126.91934137150355,1156011000100150003,A112514001,verified,unknown,pending,,112516,이지스제395호전문투자형사모부동산투자유한회사(2종),395호(2종),운용,주거,국내,사업그룹3파트,사업그룹3파트,임한솔,임한솔,2020-12-24,2034-02-27,,0,0,0,0,0,운용,펀드 AUM 관리_20260515.xlsx,underlying_asset,direct_owner,direct,,unallocated,True,False,,,,,,,5,305000000000,237000000000,66000000000,239000000000,0,,19927.65,,,주거,,,,,,,,,,956000000000,614000000000,594000000000,594000000000,9,4,서여의도 임대주택 개발사업,,
asset_fund_link,ast_146d3e80165b,"신동해빌딩, NICE2사옥",주거,physical_asset,,,,KR,,"서울특별시 영등포구 여의도동 15-3, 15-28",37.52902329914359,126.91934137150355,1156011000100150003,A112514001,verified,unknown,pending,,112514,이지스제395호전문투자형사모부동산투자유한회사(운용),395호,운용,주거,국내,사업그룹3파트,사업그룹3파트,임한솔,임한솔,2020-12-24,2034-02-27,,305000000000,237000000000,66000000000,239000000000,0,운용,펀드 AUM 관리_20260515.xlsx,underlying_asset,direct_owner,direct,,unallocated,True,False,,,,,,,5,305000000000,237000000000,66000000000,239000000000,0,,19927.65,,,주거,,,,,,,,,,956000000000,614000000000,594000000000,594000000000,9,4,서여의도 임대주택 개발사업,,
asset_fund_link,ast_146d3e80165b,"신동해빌딩, NICE2사옥",주거,physical_asset,,,,KR,,"서울특별시 영등포구 여의도동 15-3, 15-28",37.52902329914359,126.91934137150355,1156011000100150003,A112514001,verified,unknown,pending,,112515,이지스제395호전문투자형사모부동산투자유한회사(1종),395호(1종),운용,주거,국내,사업그룹3파트,사업그룹3파트,임한솔,임한솔,2020-12-24,2034-02-27,,0,0,0,0,0,운용,펀드 AUM 관리_20260515.xlsx,underlying_asset,direct_owner,direct,,unallocated,True,False,,,,,,,5,305000000000,237000000000,66000000000,239000000000,0,,19927.65,,,주거,,,,,,,,,,956000000000,614000000000,594000000000,594000000000,9,4,서여의도 임대주택 개발사업,,
asset_fund_link,ast_e47c4c7b3344,오산세교 주거시설,주거,physical_asset,,,,,,"경기도 오산시
오산세교2지구
M1BL",,,,A112519001,verified,unknown,not_checked,,112519,이지스이익참여형메자닌일반사모부동산모투자신탁제1-1호,이익참여형메자닌 1-1호,운용,주거,국내,CM그룹,CM그룹,김지오,김지오,2020-12-23,2028-12-23,,47791799975,47791799975,47791799975,0,0,운용,펀드 AUM 관리_20260515.xlsx,underlying_asset,direct_owner,direct,,unallocated,True,False,,,,,,,1,47791799975,47791799975,47791799975,0,0,,209732.0,,,주거,,,,,,,2027-09-30,,,0,0,0,0,1,0,,,
asset_fund_link,ast_d67f522a279c,안성 당목리 물류 개발사업,물류센터,physical_asset,,,,,,"경기도 안성시
죽산면 당목리
995-46번지 일원",37.03642856179657,127.41577871949829,4155040029109950046,A112522001,verified,unknown,pending,,112522,이지스이익참여형메자닌전문투자형사모부동산모투자신탁제1-2호,이익참여형메자닌1-2호,청산,물류,국내,이지스자산운용,이지스자산운용,박준환,박준환,2021-01-08,2022-11-21,,0,0,0,0,0,청산,펀드 AUM 관리_20260515.xlsx,underlying_asset,direct_owner,direct,,unallocated,True,False,,,,,,,1,0,0,0,0,0,,141203.3,,,물류,,,,,,,2024-06-28,,,0,0,0,0,0,0,,,
asset_fund_link,ast_91b68c7952e3,청라 오피스텔,주거,physical_asset,,,,,,"인천광역시 서구
청라동 6-7, 6-8번지",37.55174028672687,126.61944453830492,2826012200100060007,A112528001,verified,unknown,pending,,112528,이지스이익참여형메자닌일반사모부동산모투자신탁제1-3호,이익참여형메자닌 1-3호,운용,주거,국내,CM그룹,CM그룹,김지오,김지오,2021-03-15,2026-08-15,,23239875000,23239875000,23239875000,0,0,운용,펀드 AUM 관리_20260515.xlsx,underlying_asset,direct_owner,direct,,unallocated,True,False,,,,,,,1,23239875000,23239875000,23239875000,0,0,,135268.08,,,주거,,,,,,,2027-08-31,,,0,0,0,0,1,0,,,
asset_fund_link,ast_42ffd5c419d7,Hawaii Sky Ala Moana Senior B-note Loan,,physical_asset,,,,,하와이,"1388, 1400 & Kapiolani Boulevard, Honolulu, Hawaii, United States",,,,A112539001,verified,unknown,not_checked,,112539,이지스미국일반사모부동산투자신탁386호,386호,청산,복합(오피스),해외,글로벌자산관리2파트1,글로벌자산관리2파트1,이수현,이수현,2021-06-04,2023-12-21,,1333547445,1333547445,1333547445,0,0,청산,펀드 AUM 관리_20260515.xlsx,underlying_asset,direct_owner,direct,,unallocated,True,False,,,,,,,3,74540948922,74540948922,74540948922,0,0,,96893.0,,,오피스,,43,,,917,,2023-10-01,,,0,0,0,0,0,0,,,
asset_fund_link,ast_42ffd5c419d7,Hawaii Sky Ala Moana Senior B-note Loan,,physical_asset,,,,,하와이,"1388, 1400 & Kapiolani Boulevard, Honolulu, Hawaii, United States",,,,A112539001,verified,unknown,not_checked,,112544,이지스미국일반사모부동산투자신탁386호(1종),386호(1종),청산,복합(오피스),해외,글로벌자산관리2파트1,글로벌자산관리2파트1,이수현,이수현,2021-06-04,2023-11-01,,71873854032,71873854032,71873854032,0,0,청산,펀드 AUM 관리_20260515.xlsx,underlying_asset,direct_owner,direct,,unallocated,True,False,,,,,,,3,74540948922,74540948922,74540948922,0,0,,96893.0,,,오피스,,43,,,917,,2023-10-01,,,0,0,0,0,0,0,,,
asset_fund_link,ast_42ffd5c419d7,Hawaii Sky Ala Moana Senior B-note Loan,,physical_asset,,,,,하와이,"1388, 1400 & Kapiolani Boulevard, Honolulu, Hawaii, United States",,,,A112539001,verified,unknown,not_checked,,112545,이지스미국일반사모부동산투자신탁386호(2종),386호(2종),청산,복합(오피스),해외,글로벌자산관리2파트1,글로벌자산관리2파트1,이수현,이수현,2021-06-04,2023-12-21,,1333547445,1333547445,1333547445,0,0,청산,펀드 AUM 관리_20260515.xlsx,underlying_asset,direct_owner,direct,,unallocated,True,False,,,,,,,3,74540948922,74540948922,74540948922,0,0,,96893.0,,,오피스,,43,,,917,,2023-10-01,,,0,0,0,0,0,0,,,
asset_fund_link,ast_20262366f9d0,Washington D.C. Office Midtown Center,,physical_asset,,,,,워싱턴 D.C.,"1100 15th Street, NW Washington, D.C.",,,,A112540001,verified,unknown,not_checked,,112541,이지스글로벌일반사모부동산투자신탁402-2호,402-2호,운용,오피스,해외,글로벌자산관리2파트2,글로벌자산관리2파트2,석동주,석동주,2021-04-22,2027-10-22,,431624409644,431624409644,217291527471,214332882173,0,운용,펀드 AUM 관리_20260515.xlsx,underlying_asset,direct_owner,direct,,unallocated,True,False,,,,,,,2,750824209392,750824209392,369245284391,381578925001,0,,80717.0,4.7,,오피스,,11,,,659,,2018-09-30,,,0,0,369245284391,369245284391,0,4,Washington D.C. Office Midtown Center,402호,
asset_fund_link,ast_20262366f9d0,Washington D.C. Office Midtown Center,,physical_asset,,,,,워싱턴 D.C.,"1100 15th Street, NW Washington, D.C.",,,,A112540001,verified,unknown,not_checked,,112540,이지스글로벌일반사모부동산투자신탁402-1호,402-1호,운용,오피스,해외,글로벌자산관리2파트2,글로벌자산관리2파트2,석동주,석동주,2021-04-21,2027-10-21,,319199799748,319199799748,151953756920,167246042828,0,운용,펀드 AUM 관리_20260515.xlsx,underlying_asset,direct_owner,direct,,unallocated,True,False,,,,,,,2,750824209392,750824209392,369245284391,381578925001,0,,80717.0,4.7,,오피스,,11,,,659,,2018-09-30,,,0,0,369245284391,369245284391,0,4,Washington D.C. Office Midtown Center,402호,
asset_fund_link,ast_4a78efdfb00c,이지스제200호일반사모부동산투자유한회사 2종 수익증권,주거,physical_asset,,,,,,,,,,A112542001,verified,unknown,not_checked,,112542,이지스일반사모부동산투자신탁제411호,411호,운용,주거,국내,"리빙그룹1파트, 리빙매니지먼트","리빙그룹1파트, 리빙매니지먼트",홍지훈,홍지훈,2021-05-07,2041-05-07,,0,0,0,0,0,운용,펀드 AUM 관리_20260515.xlsx,underlying_asset,direct_owner,direct,,unallocated,True,False,,,,,,,1,0,0,0,0,0,,,,,주거,,,,,,,,,,0,0,0,0,0,0,,,
asset_fund_link,ast_2c327419d5d5,글로벌 리츠,,physical_asset,,,,,,,,,,A112543001,verified,unknown,not_checked,,112543,이지스유럽상장코어일반사모부동산투자신탁제89-1호,89-1호,운용,지분증권,해외,대체증권투자파트,대체증권투자파트,신영찬,신영찬,2021-05-24,2031-05-24,,72026297467,72026297467,72026297467,0,0,운용,펀드 AUM 관리_20260515.xlsx,underlying_asset,direct_owner,direct,,unallocated,True,False,,,,,,,1,72026297467,72026297467,72026297467,0,0,,,,,기타,,,,,,,,,,0,0,0,0,0,0,,,
asset_fund_link,ast_7b6e6d2a39c2,완장리 물류센터,물류센터,physical_asset,,,,,,경기도 용인시 처인구 남사읍 완장리 산100번지 일원,37.178913305279046,127.1773942851344,4146125931201000000,A112547001,verified,unknown,pending,,112547,이지스제403호전문투자형사모부동산투자유한회사(운용),403호,운용,물류,국내,"남사물류개발TF, 자산관리","남사물류개발TF, 자산관리",김재동,김재동,2021-05-27,2028-05-07,,265700000000,60000000000,75000000000,190700000000,0,운용,펀드 AUM 관리_20260515.xlsx,underlying_asset,direct_owner,direct,,unallocated,True,False,,,,,,,4,265700000000,60000000000,75000000000,190700000000,0,,116130.0,,,물류센터,,,,,,,,,,762800000000,160000000000,150000000000,40000000000,2,4,용인 남사 물류센터,,
asset_fund_link,ast_e825b5c5a33f,KKR Real Estate Partners Europe II,,physical_asset,,,,,,,,,,A112558001,verified,unknown,not_checked,,112558,이지스글로벌일반사모부동산투자신탁410호(재간접형),410호,운용,복합(리테일),해외,글로벌자산관리2파트1,글로벌자산관리2파트1,이진희,이진희,2021-08-31,2031-09-11,,173071000000,147024498707,173071000000,0,0,운용,펀드 AUM 관리_20260515.xlsx,underlying_asset,direct_owner,direct,,unallocated,True,False,,,,,,,1,173071000000,147024498707,173071000000,0,0,,,,,오피스복합,,,,,,,,,,0,0,173071000000,147024498707,0,1,KKR Real Estate Partners Europe II,,
asset_fund_link,ast_834d830d4c5a,Manhattan Meatpacking Plaza Senior + Mezz Loan,,physical_asset,,,,,뉴욕,44-54 Ninth Avenue,,,,A112560001,verified,unknown,not_checked,,112560,이지스미국일반사모부동산투자신탁401호,401호,청산,복합(오피스),해외,글로벌자산관리2파트1,글로벌자산관리2파트1,이수현,이수현,2021-06-29,2026-02-23,,378120729891,378120729891,190407884361,187712845530,0,청산,펀드 AUM 관리_20260515.xlsx,underlying_asset,direct_owner,direct,,unallocated,True,False,,,,,,,1,378120729891,378120729891,190407884361,187712845530,0,,7145.0,,,오피스복합,,9,,,0,,,,,0,0,0,0,0,0,Manhattan Meatpacking Plaza Senior + Mezz Loan,,
asset_fund_link,ast_f5220c768a13,Global REITs (수협),,physical_asset,,,,,,,,,,A112564001,verified,unknown,not_checked,,112564,이지스다이나믹글로벌리츠일반사모투자신탁1호,다이나믹글로벌리츠1호,청산,기타,해외,대체증권투자파트,대체증권투자파트,신영찬,신영찬,2021-06-25,2026-03-24,,10000000000,10000000000,10000000000,0,0,청산,펀드 AUM 관리_20260515.xlsx,underlying_asset,direct_owner,direct,,unallocated,True,False,,,,,,,1,10000000000,10000000000,10000000000,0,0,,,,,기타,,,,,,,,,,0,0,0,0,0,0,,,
asset_fund_link,ast_a809ac0199e2,Nuveen Global Real Estate Debt Partners Fund III (UK),,physical_asset,,,,,런던,,,,,A112568001,verified,unknown,not_checked,,112568,이지스영국일반사모부동산투자신탁414호(재간접형),414호,운용,기타,해외,"글로벌자산관리2파트1, 281호TF","글로벌자산관리2파트1, 281호TF",김민건,김민건,2022-04-08,2032-04-08,,59320525600,28704960748,59320525600,0,0,운용,펀드 AUM 관리_20260515.xlsx,underlying_asset,direct_owner,direct,,unallocated,True,False,,,,,,,1,59320525600,28704960748,59320525600,0,0,,,,,오피스복합,,,,,,,,,,0,0,59320525600,28704960748,0,1,Nuveen Global Real Estate Debt Partners Fund III (UK),,
asset_fund_link,ast_73e5216b97f6,이천 마장면 물류센터,물류센터,physical_asset,,,,,,경기도 이천시 마장면 회억리 104,,,,A112573001,verified,unknown,not_checked,,112573,이지스일반사모부동산투자신탁제426호(운용),426호,운용,물류,국내,사업그룹4파트,사업그룹4파트,이준수,이준수,2021-07-16,2028-01-22,,95489000000,95495739782,44500000000,46500000000,4489000000,운용,펀드 AUM 관리_20260515.xlsx,underlying_asset,direct_owner,direct,,unallocated,True,False,,,,,,,4,95489000000,95495739782,44500000000,46500000000,4489000000,,44730.0,,,물류센터,,,,,,,,,,232500000000,232500000000,44500000000,44500000000,1,5,이천 마장면 회억리 물류센터,이지스 426호(이천 마장면 회억리 물류센터),
asset_fund_link,ast_8037c5fed7e0,"Macquarie Infrasturcture Partners V, L.P",,physical_asset,,,,,,,,,,A112576001,verified,unknown,not_checked,,112576,이지스맥쿼리북미인프라일반사모투자신탁429호,429호,운용,특별자산,해외,글로벌자산관리1파트2,글로벌자산관리1파트2,신윤아,신윤아,2021-08-25,2032-02-25,,51915500000,49147586596,51915500000,0,0,운용,펀드 AUM 관리_20260515.xlsx,underlying_asset,direct_owner,direct,,unallocated,True,False,,,,,,,1,51915500000,49147586596,51915500000,0,0,,,,,특별자산,,,,,,,,,,0,0,51915500000,49147586596,0,1,"Macquarie Infrasturcture Partners V, L.P",,
asset_fund_link,ast_89a55348d21e,"Ardian Americas Infrastructure Fund V S.C.S., SICAV-RAIF",,physical_asset,,,,,,,,,,A112577001,verified,unknown,not_checked,,112577,이지스아디안미주인프라일반사모투자신탁430호,430호,운용,특별자산,해외,글로벌자산관리1파트2,글로벌자산관리1파트2,신윤아,신윤아,2021-08-05,2037-02-05,,51915500000,31727216759,51915500000,0,0,운용,펀드 AUM 관리_20260515.xlsx,underlying_asset,direct_owner,direct,,unallocated,True,False,,,,,,,2,111618325000,70452053110,111618325000,0,0,,,,,특별자산,,,,,,,,,,0,0,111618325000,70452053110,0,3,"Ardian Americas Infrastructure Fund V S.C.S., SICAV-RAIF",,
asset_fund_link,ast_89a55348d21e,"Ardian Americas Infrastructure Fund V S.C.S., SICAV-RAIF",,physical_asset,,,,,,,,,,A112577001,verified,unknown,not_checked,,112601,이지스아디안미주인프라전문투자형사모투자신탁444호,444호,운용,특별자산,해외,글로벌자산관리1파트2,글로벌자산관리1파트2,신윤아,신윤아,2021-11-24,2036-11-24,,59702825000,38724836351,59702825000,0,0,운용,펀드 AUM 관리_20260515.xlsx,underlying_asset,direct_owner,direct,,unallocated,True,False,,,,,,,2,111618325000,70452053110,111618325000,0,0,,,,,특별자산,,,,,,,,,,0,0,111618325000,70452053110,0,3,"Ardian Americas Infrastructure Fund V S.C.S., SICAV-RAIF",,
asset_fund_link,ast_5cb81c5d6700,Goldman Sachs West Street Infrastructure Partner IV,,physical_asset,,,,,,,,,,A112578001,verified,unknown,not_checked,,112578,이지스WSIP글로벌인프라일반사모투자신탁431호,431호,운용,특별자산,해외,글로벌자산관리1파트2,글로벌자산관리1파트2,신윤아,신윤아,2022-01-20,2035-07-20,,51915500000,33057139439,51915500000,0,0,운용,펀드 AUM 관리_20260515.xlsx,underlying_asset,direct_owner,direct,,unallocated,True,False,,,,,,,3,148330000000,88805391757,148330000000,0,0,,,,,특별자산,,,,,,,,,,0,0,0,0,0,0,Goldman Sachs West Street Infrastructure Partner IV,,
asset_fund_link,ast_5cb81c5d6700,Goldman Sachs West Street Infrastructure Partner IV,,physical_asset,,,,,,,,,,A112578001,verified,unknown,not_checked,,112619,이지스WSIP글로벌인프라일반사모투자신탁450호,450호,운용,특별자산,해외,글로벌자산관리1파트2,글로벌자산관리1파트2,신윤아,신윤아,2022-01-20,2037-01-20,,96414500000,55748252318,96414500000,0,0,운용,펀드 AUM 관리_20260515.xlsx,underlying_asset,direct_owner,direct,,unallocated,True,False,,,,,,,3,148330000000,88805391757,148330000000,0,0,,,,,특별자산,,,,,,,,,,0,0,0,0,0,0,Goldman Sachs West Street Infrastructure Partner IV,,
asset_fund_link,ast_bfb1c5d3da5c,마곡 명소화부지 개발사업,오피스복합,physical_asset,,,,KR,,"서울 강서구 마곡동 지원시설용지 DSP1, DSP2",,,,A112579001,verified,unknown,not_checked,,112579,이지스제420호전문투자형사모부동산투자회사(운용),420호,운용,복합(오피스),국내,사업그룹3파트,사업그룹3파트,이창준,이창준,2021-08-11,2037-07-29,,41704022000,41704022000,41704022000,0,0,운용,펀드 AUM 관리_20260515.xlsx,underlying_asset,direct_owner,direct,,unallocated,True,False,,,,,,,3,41704022000,41704022000,41704022000,0,0,,,,,오피스복합,,,,,,,2026-07-31,,,1524000000000,392345492120,1918385012000,1918385012000,46,4,마곡 명소화 부지 개발사업,,
asset_fund_link,ast_74b58d4dd7c7,"Albany, Cleveland, Omaha BTS Logistics",물류센터,physical_asset,,,,,미국 내 3개 도시,,,,,A112582001,verified,unknown,not_checked,,112582,이지스미국일반사모부동산투자신탁417-1호,417-1호,운용,물류,해외,글로벌자산관리2파트2,글로벌자산관리2파트2,오지원,오지원,2021-08-13,2026-08-13,,143451857227,143451857227,143451857227,0,0,운용,펀드 AUM 관리_20260515.xlsx,underlying_asset,direct_owner,direct,,unallocated,True,False,,,,,,,2,158864290342,158864290342,158864290342,0,0,,,4.72,,물류,,1,,,2237,,2023-02-03,,,0,0,158864290341,158864290341,0,10,"Albany, Cleveland, Omaha BTS Logistics",,
asset_fund_link,ast_74b58d4dd7c7,"Albany, Cleveland, Omaha BTS Logistics",물류센터,physical_asset,,,,,미국 내 3개 도시,,,,,A112582001,verified,unknown,not_checked,,112583,이지스미국일반사모부동산투자신탁417-2호,417-2호,운용,물류,해외,글로벌자산관리2파트2,글로벌자산관리2파트2,오지원,오지원,2021-08-13,2026-08-13,,15412433115,15412433115,15412433115,0,0,운용,펀드 AUM 관리_20260515.xlsx,underlying_asset,direct_owner,direct,,unallocated,True,False,,,,,,,2,158864290342,158864290342,158864290342,0,0,,,4.72,,물류,,1,,,2237,,2023-02-03,,,0,0,158864290341,158864290341,0,10,"Albany, Cleveland, Omaha BTS Logistics",,
asset_fund_link,ast_fe67309c28e2,다산1,,physical_asset,,,,,,해남군 해남읍 복평리 995-7,34.56520112072527,126.53816166536672,4682025037109950007,A112584001,verified,unknown,pending,,112584,이지스일반사모투자신탁435호(태양광),435호,운용,특별자산,국내,인프라전략2파트,인프라전략2파트,백다슬,백다슬,2021-08-05,2043-08-05,,100000000000,68567934814,100000000000,0,0,운용,펀드 AUM 관리_20260515.xlsx,underlying_asset,direct_owner,direct,,unallocated,True,False,,,,,,,1,100000000000,68567934814,100000000000,0,0,,,,,특별자산,,,,,,,,,,0,0,0,0,0,0,,,
asset_fund_link,ast_0595e7f4dccc,동서발전,,physical_asset,,,,,,경상북도 예천군 은풍면 부초리 산44,36.728581061099334,128.4504957094249,4790043029200440001,A112584002,verified,unknown,pending,,112584,이지스일반사모투자신탁435호(태양광),435호,운용,특별자산,국내,인프라전략2파트,인프라전략2파트,백다슬,백다슬,2021-08-05,2043-08-05,,100000000000,68567934814,100000000000,0,0,운용,펀드 AUM 관리_20260515.xlsx,underlying_asset,direct_owner,direct,,unallocated,True,False,,,,,,,1,100000000000,68567934814,100000000000,0,0,,,,,특별자산,,,,,,,,,,0,0,0,0,0,0,,,
asset_fund_link,ast_119638464007,진이엔지,,physical_asset,,,,,,충청북도 진천군 문백면 평산리 산 54,36.80241101065761,127.47746208343568,4375033025200540000,A112584003,verified,unknown,pending,,112584,이지스일반사모투자신탁435호(태양광),435호,운용,특별자산,국내,인프라전략2파트,인프라전략2파트,백다슬,백다슬,2021-08-05,2043-08-05,,100000000000,68567934814,100000000000,0,0,운용,펀드 AUM 관리_20260515.xlsx,underlying_asset,direct_owner,direct,,unallocated,True,False,,,,,,,1,100000000000,68567934814,100000000000,0,0,,,,,특별자산,,,,,,,,,,0,0,0,0,0,0,,,
asset_fund_link,ast_7b19a096c506,현대산업쏠라5호,,physical_asset,,,,,,"경북 의성군 옥산면 입암리 7,9,10",36.39588168332041,128.84314757261672,4773033038100070000,A112584004,verified,unknown,pending,,112584,이지스일반사모투자신탁435호(태양광),435호,운용,특별자산,국내,인프라전략2파트,인프라전략2파트,백다슬,백다슬,2021-08-05,2043-08-05,,100000000000,68567934814,100000000000,0,0,운용,펀드 AUM 관리_20260515.xlsx,underlying_asset,direct_owner,direct,,unallocated,True,False,,,,,,,1,100000000000,68567934814,100000000000,0,0,,,,,특별자산,,,,,,,,,,0,0,0,0,0,0,,,
asset_fund_link,ast_9053eb385f92,케이앤스틸테크놀로지,,physical_asset,,,,,,"경상북도 상주시 내서면 노류리 산141-1, 572-1, 모서면 대포리 산20-5",,,,A112584005,verified,unknown,not_checked,,112584,이지스일반사모투자신탁435호(태양광),435호,운용,특별자산,국내,인프라전략2파트,인프라전략2파트,백다슬,백다슬,2021-08-05,2043-08-05,,100000000000,68567934814,100000000000,0,0,운용,펀드 AUM 관리_20260515.xlsx,underlying_asset,direct_owner,direct,,unallocated,True,False,,,,,,,1,100000000000,68567934814,100000000000,0,0,,,,,특별자산,,,,,,,,,,0,0,0,0,0,0,,,
asset_fund_link,ast_71ccb419b102,리에너지,,physical_asset,,,,,,경북 상주시 사벌국면 용담리 산42-1,36.48635538133408,128.21824615032253,4725032526200420001,A112584006,verified,unknown,pending,,112584,이지스일반사모투자신탁435호(태양광),435호,운용,특별자산,국내,인프라전략2파트,인프라전략2파트,백다슬,백다슬,2021-08-05,2043-08-05,,100000000000,68567934814,100000000000,0,0,운용,펀드 AUM 관리_20260515.xlsx,underlying_asset,direct_owner,direct,,unallocated,True,False,,,,,,,1,100000000000,68567934814,100000000000,0,0,,,,,특별자산,,,,,,,,,,0,0,0,0,0,0,,,
asset_fund_link,ast_5ffda8a73763,지우태양광,,physical_asset,,,,,,"경상남도 산청군 산청읍 내수리 산49-1, 산51-4",35.43341852461886,127.91585028140304,4886025029200490001,A112584007,verified,unknown,pending,,112584,이지스일반사모투자신탁435호(태양광),435호,운용,특별자산,국내,인프라전략2파트,인프라전략2파트,백다슬,백다슬,2021-08-05,2043-08-05,,100000000000,68567934814,100000000000,0,0,운용,펀드 AUM 관리_20260515.xlsx,underlying_asset,direct_owner,direct,,unallocated,True,False,,,,,,,1,100000000000,68567934814,100000000000,0,0,,,,,특별자산,,,,,,,,,,0,0,0,0,0,0,,,
asset_fund_link,ast_dfe3a3dedda0,에스지,,physical_asset,,,,,,경기도 연천군 중면 합수리 122,38.16781677992576,127.05340283562934,4180037026101220000,A112584008,verified,unknown,pending,,112584,이지스일반사모투자신탁435호(태양광),435호,운용,특별자산,국내,인프라전략2파트,인프라전략2파트,백다슬,백다슬,2021-08-05,2043-08-05,,100000000000,68567934814,100000000000,0,0,운용,펀드 AUM 관리_20260515.xlsx,underlying_asset,direct_owner,direct,,unallocated,True,False,,,,,,,1,100000000000,68567934814,100000000000,0,0,,,,,특별자산,,,,,,,,,,0,0,0,0,0,0,,,
asset_fund_link,ast_49a86c456d87,케이앤씨벨에포크,,physical_asset,,,,,,"전라남도 진도군 지산면 와우리 137-3, 140-1",34.42739692083895,126.14578421229645,4690035030101370003,A112584009,verified,unknown,pending,,112584,이지스일반사모투자신탁435호(태양광),435호,운용,특별자산,국내,인프라전략2파트,인프라전략2파트,백다슬,백다슬,2021-08-05,2043-08-05,,100000000000,68567934814,100000000000,0,0,운용,펀드 AUM 관리_20260515.xlsx,underlying_asset,direct_owner,direct,,unallocated,True,False,,,,,,,1,100000000000,68567934814,100000000000,0,0,,,,,특별자산,,,,,,,,,,0,0,0,0,0,0,,,
asset_fund_link,ast_181f610edf73,케이에이치테크단북1호,,physical_asset,,,,,,"경상북도 예천군 풍양면 홍천리 356, 357, 390",,,,A112584010,verified,unknown,not_checked,,112584,이지스일반사모투자신탁435호(태양광),435호,운용,특별자산,국내,인프라전략2파트,인프라전략2파트,백다슬,백다슬,2021-08-05,2043-08-05,,100000000000,68567934814,100000000000,0,0,운용,펀드 AUM 관리_20260515.xlsx,underlying_asset,direct_owner,direct,,unallocated,True,False,,,,,,,1,100000000000,68567934814,100000000000,0,0,,,,,특별자산,,,,,,,,,,0,0,0,0,0,0,,,
asset_fund_link,ast_62b8dcc42c6b,미션,,physical_asset,,,,,,경상북도 영주시 조와동 346 일원,36.873640365846036,128.6261952230854,4721011000103460000,A112584011,verified,unknown,pending,,112584,이지스일반사모투자신탁435호(태양광),435호,운용,특별자산,국내,인프라전략2파트,인프라전략2파트,백다슬,백다슬,2021-08-05,2043-08-05,,100000000000,68567934814,100000000000,0,0,운용,펀드 AUM 관리_20260515.xlsx,underlying_asset,direct_owner,direct,,unallocated,True,False,,,,,,,1,100000000000,68567934814,100000000000,0,0,,,,,특별자산,,,,,,,,,,0,0,0,0,0,0,,,
asset_fund_link,ast_cbe24d6ebb07,윈즈에너지,,physical_asset,,,,,,경상북도 영주시 조와동 346 일원,36.873640365846036,128.6261952230854,4721011000103460000,A112584012,verified,unknown,pending,,112584,이지스일반사모투자신탁435호(태양광),435호,운용,특별자산,국내,인프라전략2파트,인프라전략2파트,백다슬,백다슬,2021-08-05,2043-08-05,,100000000000,68567934814,100000000000,0,0,운용,펀드 AUM 관리_20260515.xlsx,underlying_asset,direct_owner,direct,,unallocated,True,False,,,,,,,1,100000000000,68567934814,100000000000,0,0,,,,,특별자산,,,,,,,,,,0,0,0,0,0,0,,,
asset_fund_link,ast_7672f8ce7f37,이큐에너지,,physical_asset,,,,,,경상북도 영주시 조와동 346 일원,36.873640365846036,128.6261952230854,4721011000103460000,A112584013,verified,unknown,pending,,112584,이지스일반사모투자신탁435호(태양광),435호,운용,특별자산,국내,인프라전략2파트,인프라전략2파트,백다슬,백다슬,2021-08-05,2043-08-05,,100000000000,68567934814,100000000000,0,0,운용,펀드 AUM 관리_20260515.xlsx,underlying_asset,direct_owner,direct,,unallocated,True,False,,,,,,,1,100000000000,68567934814,100000000000,0,0,,,,,특별자산,,,,,,,,,,0,0,0,0,0,0,,,
asset_fund_link,ast_dd8a51e02785,소망,,physical_asset,,,,,,"충청남도 서천군 서면 원두리 산79-1, 80",36.16880203985384,126.58134247557315,4477041025200790001,A112584014,verified,unknown,pending,,112584,이지스일반사모투자신탁435호(태양광),435호,운용,특별자산,국내,인프라전략2파트,인프라전략2파트,백다슬,백다슬,2021-08-05,2043-08-05,,100000000000,68567934814,100000000000,0,0,운용,펀드 AUM 관리_20260515.xlsx,underlying_asset,direct_owner,direct,,unallocated,True,False,,,,,,,1,100000000000,68567934814,100000000000,0,0,,,,,특별자산,,,,,,,,,,0,0,0,0,0,0,,,
asset_fund_link,ast_1a611af09927,청수,,physical_asset,,,,,,"충청남도 서천군 서면 원두리 산79-1, 80",36.16880203985384,126.58134247557315,4477041025200790001,A112584015,verified,unknown,pending,,112584,이지스일반사모투자신탁435호(태양광),435호,운용,특별자산,국내,인프라전략2파트,인프라전략2파트,백다슬,백다슬,2021-08-05,2043-08-05,,100000000000,68567934814,100000000000,0,0,운용,펀드 AUM 관리_20260515.xlsx,underlying_asset,direct_owner,direct,,unallocated,True,False,,,,,,,1,100000000000,68567934814,100000000000,0,0,,,,,특별자산,,,,,,,,,,0,0,0,0,0,0,,,
asset_fund_link,ast_b5b2968544d4,봉산햇빛,,physical_asset,,,,,,강원도 철원군 갈말읍 동막리 산166,38.239442696978195,127.31221517260187,5178025630201660001,A112584016,verified,unknown,pending,,112584,이지스일반사모투자신탁435호(태양광),435호,운용,특별자산,국내,인프라전략2파트,인프라전략2파트,백다슬,백다슬,2021-08-05,2043-08-05,,100000000000,68567934814,100000000000,0,0,운용,펀드 AUM 관리_20260515.xlsx,underlying_asset,direct_owner,direct,,unallocated,True,False,,,,,,,1,100000000000,68567934814,100000000000,0,0,,,,,특별자산,,,,,,,,,,0,0,0,0,0,0,,,
asset_fund_link,ast_fc066c8daedb,행암에너지일호,,physical_asset,,,,,,충청남도 천안시 동남구 동면 행암리 401-8 외,36.80979068210651,127.34998685109976,4413137026104010008,A112584017,verified,unknown,pending,,112584,이지스일반사모투자신탁435호(태양광),435호,운용,특별자산,국내,인프라전략2파트,인프라전략2파트,백다슬,백다슬,2021-08-05,2043-08-05,,100000000000,68567934814,100000000000,0,0,운용,펀드 AUM 관리_20260515.xlsx,underlying_asset,direct_owner,direct,,unallocated,True,False,,,,,,,1,100000000000,68567934814,100000000000,0,0,,,,,특별자산,,,,,,,,,,0,0,0,0,0,0,,,
asset_fund_link,ast_cb14a8027ca3,도원에너지,,physical_asset,,,,,,경상남도 하동군 양보면 감당리 산85-1,35.082590588221734,127.82953436791024,4885038023200850001,A112584018,verified,unknown,pending,,112584,이지스일반사모투자신탁435호(태양광),435호,운용,특별자산,국내,인프라전략2파트,인프라전략2파트,백다슬,백다슬,2021-08-05,2043-08-05,,100000000000,68567934814,100000000000,0,0,운용,펀드 AUM 관리_20260515.xlsx,underlying_asset,direct_owner,direct,,unallocated,True,False,,,,,,,1,100000000000,68567934814,100000000000,0,0,,,,,특별자산,,,,,,,,,,0,0,0,0,0,0,,,
asset_fund_link,ast_401a2a614838,솔빛에너지,,physical_asset,,,,,,"경상남도 함안군 군북면 장지리 659, 유현리 1365 일원",35.299077011920616,128.33550030293006,4873032030106590000,A112584019,verified,unknown,pending,,112584,이지스일반사모투자신탁435호(태양광),435호,운용,특별자산,국내,인프라전략2파트,인프라전략2파트,백다슬,백다슬,2021-08-05,2043-08-05,,100000000000,68567934814,100000000000,0,0,운용,펀드 AUM 관리_20260515.xlsx,underlying_asset,direct_owner,direct,,unallocated,True,False,,,,,,,1,100000000000,68567934814,100000000000,0,0,,,,,특별자산,,,,,,,,,,0,0,0,0,0,0,,,
asset_fund_link,ast_f0b3bee2e7f8,지티씨솔라13호,,physical_asset,,,,,,"강원도 화천군 사내면 용담리 602, 603, 604, 605",38.0836903595802,127.53747386662738,5179034024106020000,A112584023,verified,unknown,pending,,112584,이지스일반사모투자신탁435호(태양광),435호,운용,특별자산,국내,인프라전략2파트,인프라전략2파트,백다슬,백다슬,2021-08-05,2043-08-05,,100000000000,68567934814,100000000000,0,0,운용,펀드 AUM 관리_20260515.xlsx,underlying_asset,direct_owner,direct,,unallocated,True,False,,,,,,,1,100000000000,68567934814,100000000000,0,0,,,,,특별자산,,,,,,,,,,0,0,0,0,0,0,,,
asset_fund_link,ast_ecbd3dcd5c8a,강구16호,,physical_asset,,,,,,경북 안동시 길안면 현하리 1115-19,36.428576979692075,128.84242966640824,4717039033111150019,A112584024,verified,unknown,pending,,112584,이지스일반사모투자신탁435호(태양광),435호,운용,특별자산,국내,인프라전략2파트,인프라전략2파트,백다슬,백다슬,2021-08-05,2043-08-05,,100000000000,68567934814,100000000000,0,0,운용,펀드 AUM 관리_20260515.xlsx,underlying_asset,direct_owner,direct,,unallocated,True,False,,,,,,,1,100000000000,68567934814,100000000000,0,0,,,,,특별자산,,,,,,,,,,0,0,0,0,0,0,,,
asset_fund_link,ast_d1b08df14213,외삼1호,,physical_asset,,,,,,경상북도 봉화군 봉성면 외삼리 793 외,36.889241619576175,128.78366983407705,4792032023107930000,A112584025,verified,unknown,pending,,112584,이지스일반사모투자신탁435호(태양광),435호,운용,특별자산,국내,인프라전략2파트,인프라전략2파트,백다슬,백다슬,2021-08-05,2043-08-05,,100000000000,68567934814,100000000000,0,0,운용,펀드 AUM 관리_20260515.xlsx,underlying_asset,direct_owner,direct,,unallocated,True,False,,,,,,,1,100000000000,68567934814,100000000000,0,0,,,,,특별자산,,,,,,,,,,0,0,0,0,0,0,,,
asset_fund_link,ast_0db517682813,외삼2호,,physical_asset,,,,,,경상북도 봉화군 봉성면 외삼리 792 외,36.88894793337303,128.78385856206393,4792032023107920000,A112584026,verified,unknown,pending,,112584,이지스일반사모투자신탁435호(태양광),435호,운용,특별자산,국내,인프라전략2파트,인프라전략2파트,백다슬,백다슬,2021-08-05,2043-08-05,,100000000000,68567934814,100000000000,0,0,운용,펀드 AUM 관리_20260515.xlsx,underlying_asset,direct_owner,direct,,unallocated,True,False,,,,,,,1,100000000000,68567934814,100000000000,0,0,,,,,특별자산,,,,,,,,,,0,0,0,0,0,0,,,
asset_fund_link,ast_5d805aade4f5,솔라트리1호,,physical_asset,,,,,,충청북도 제천시 봉양읍 공전리 359-1 외,37.10790185786783,128.08112671073454,4315025034103590001,A112584027,verified,unknown,pending,,112584,이지스일반사모투자신탁435호(태양광),435호,운용,특별자산,국내,인프라전략2파트,인프라전략2파트,백다슬,백다슬,2021-08-05,2043-08-05,,100000000000,68567934814,100000000000,0,0,운용,펀드 AUM 관리_20260515.xlsx,underlying_asset,direct_owner,direct,,unallocated,True,False,,,,,,,1,100000000000,68567934814,100000000000,0,0,,,,,특별자산,,,,,,,,,,0,0,0,0,0,0,,,
asset_fund_link,ast_c22cfc14fece,김송하,,physical_asset,,,,,,강원도 영월군 상동읍 구래리 194-9번지 외 3필지,37.16785201171412,128.8106435390379,5175025322101940009,A112584028,verified,unknown,pending,,112584,이지스일반사모투자신탁435호(태양광),435호,운용,특별자산,국내,인프라전략2파트,인프라전략2파트,백다슬,백다슬,2021-08-05,2043-08-05,,100000000000,68567934814,100000000000,0,0,운용,펀드 AUM 관리_20260515.xlsx,underlying_asset,direct_owner,direct,,unallocated,True,False,,,,,,,1,100000000000,68567934814,100000000000,0,0,,,,,특별자산,,,,,,,,,,0,0,0,0,0,0,,,
asset_fund_link,ast_eb9fef2fb0a9,에스이피브,,physical_asset,,,,,,"경기 연천군 중면 합수리 661, 662, 663",38.137280787663,127.04365929330362,4180037026106610000,A112584029,verified,unknown,pending,,112584,이지스일반사모투자신탁435호(태양광),435호,운용,특별자산,국내,인프라전략2파트,인프라전략2파트,백다슬,백다슬,2021-08-05,2043-08-05,,100000000000,68567934814,100000000000,0,0,운용,펀드 AUM 관리_20260515.xlsx,underlying_asset,direct_owner,direct,,unallocated,True,False,,,,,,,1,100000000000,68567934814,100000000000,0,0,,,,,특별자산,,,,,,,,,,0,0,0,0,0,0,,,
asset_fund_link,ast_abdd62503393,케이앤씨헤르메스,,physical_asset,,,,,,"전라북도 남원시 대강면 송대리 3-7, 3-9, 3-13, 3-19, 보절면 괴양리 45-17, 4-19",35.375715961077674,127.24201471723168,5219036026100030007,A112584030,verified,unknown,pending,,112584,이지스일반사모투자신탁435호(태양광),435호,운용,특별자산,국내,인프라전략2파트,인프라전략2파트,백다슬,백다슬,2021-08-05,2043-08-05,,100000000000,68567934814,100000000000,0,0,운용,펀드 AUM 관리_20260515.xlsx,underlying_asset,direct_owner,direct,,unallocated,True,False,,,,,,,1,100000000000,68567934814,100000000000,0,0,,,,,특별자산,,,,,,,,,,0,0,0,0,0,0,,,
asset_fund_link,ast_57c1d0a7ef1e,모두에너지,,physical_asset,,,,,,"경주시 강동면 왕신리 산 141-1, 2-1, 2-2, 141-3",35.935716094766505,129.3220034184486,4713037028201410001,A112584031,verified,unknown,pending,,112584,이지스일반사모투자신탁435호(태양광),435호,운용,특별자산,국내,인프라전략2파트,인프라전략2파트,백다슬,백다슬,2021-08-05,2043-08-05,,100000000000,68567934814,100000000000,0,0,운용,펀드 AUM 관리_20260515.xlsx,underlying_asset,direct_owner,direct,,unallocated,True,False,,,,,,,1,100000000000,68567934814,100000000000,0,0,,,,,특별자산,,,,,,,,,,0,0,0,0,0,0,,,
asset_fund_link,ast_1e2221e5e270,솔라팩토리10호,,physical_asset,,,,,,"포천시 자작동 595, 596, 709-77 외 7개사 지붕",37.872222510878956,127.16457033371015,4165010300105950000,A112584032,verified,unknown,pending,,112584,이지스일반사모투자신탁435호(태양광),435호,운용,특별자산,국내,인프라전략2파트,인프라전략2파트,백다슬,백다슬,2021-08-05,2043-08-05,,100000000000,68567934814,100000000000,0,0,운용,펀드 AUM 관리_20260515.xlsx,underlying_asset,direct_owner,direct,,unallocated,True,False,,,,,,,1,100000000000,68567934814,100000000000,0,0,,,,,특별자산,,,,,,,,,,0,0,0,0,0,0,,,
asset_fund_link,ast_97b4c5674171,알이씨에너지,,physical_asset,,,,,,"경기도 가평군 설악면 천안리 21-2, 21, 19-1, 19-10, 19-11",37.630987065072574,127.49247113709464,4182031034100210002,A112584034,verified,unknown,pending,,112584,이지스일반사모투자신탁435호(태양광),435호,운용,특별자산,국내,인프라전략2파트,인프라전략2파트,백다슬,백다슬,2021-08-05,2043-08-05,,100000000000,68567934814,100000000000,0,0,운용,펀드 AUM 관리_20260515.xlsx,underlying_asset,direct_owner,direct,,unallocated,True,False,,,,,,,1,100000000000,68567934814,100000000000,0,0,,,,,특별자산,,,,,,,,,,0,0,0,0,0,0,,,
asset_fund_link,ast_fcf7c1ac3c6e,알이엔네트웍스,,physical_asset,,,,,,경기도 가평군 설악면 천안리 14-1 외,37.63228789143137,127.48993999591622,4182031034100140001,A112584035,verified,unknown,pending,,112584,이지스일반사모투자신탁435호(태양광),435호,운용,특별자산,국내,인프라전략2파트,인프라전략2파트,백다슬,백다슬,2021-08-05,2043-08-05,,100000000000,68567934814,100000000000,0,0,운용,펀드 AUM 관리_20260515.xlsx,underlying_asset,direct_owner,direct,,unallocated,True,False,,,,,,,1,100000000000,68567934814,100000000000,0,0,,,,,특별자산,,,,,,,,,,0,0,0,0,0,0,,,
asset_fund_link,ast_dafd8d7ea9a9,어량리,,physical_asset,,,,,,"전라북도 익산시 밍상면 어량리 1743-14, 906-47, 906-46, 1743-13",,,,A112584036,verified,unknown,not_checked,,112584,이지스일반사모투자신탁435호(태양광),435호,운용,특별자산,국내,인프라전략2파트,인프라전략2파트,백다슬,백다슬,2021-08-05,2043-08-05,,100000000000,68567934814,100000000000,0,0,운용,펀드 AUM 관리_20260515.xlsx,underlying_asset,direct_owner,direct,,unallocated,True,False,,,,,,,1,100000000000,68567934814,100000000000,0,0,,,,,특별자산,,,,,,,,,,0,0,0,0,0,0,,,
asset_fund_link,ast_5a8751925824,비케이솔라,,physical_asset,,,,,,충북 진천군 문백면 계산리 359-1,36.79033656758517,127.40032069640179,4375033026103590001,A112584037,verified,unknown,pending,,112584,이지스일반사모투자신탁435호(태양광),435호,운용,특별자산,국내,인프라전략2파트,인프라전략2파트,백다슬,백다슬,2021-08-05,2043-08-05,,100000000000,68567934814,100000000000,0,0,운용,펀드 AUM 관리_20260515.xlsx,underlying_asset,direct_owner,direct,,unallocated,True,False,,,,,,,1,100000000000,68567934814,100000000000,0,0,,,,,특별자산,,,,,,,,,,0,0,0,0,0,0,,,
asset_fund_link,ast_fa5c29f90c9f,와이알에너지,,physical_asset,,,,,,충북 진천군 문백면 계산리 359-1,36.79033656758517,127.40032069640179,4375033026103590001,A112584038,verified,unknown,pending,,112584,이지스일반사모투자신탁435호(태양광),435호,운용,특별자산,국내,인프라전략2파트,인프라전략2파트,백다슬,백다슬,2021-08-05,2043-08-05,,100000000000,68567934814,100000000000,0,0,운용,펀드 AUM 관리_20260515.xlsx,underlying_asset,direct_owner,direct,,unallocated,True,False,,,,,,,1,100000000000,68567934814,100000000000,0,0,,,,,특별자산,,,,,,,,,,0,0,0,0,0,0,,,
asset_fund_link,ast_71e2c09c8e7e,유현그린,,physical_asset,,,,,,충북 진천군 문백면 계산리 359-1,36.79033656758517,127.40032069640179,4375033026103590001,A112584039,verified,unknown,pending,,112584,이지스일반사모투자신탁435호(태양광),435호,운용,특별자산,국내,인프라전략2파트,인프라전략2파트,백다슬,백다슬,2021-08-05,2043-08-05,,100000000000,68567934814,100000000000,0,0,운용,펀드 AUM 관리_20260515.xlsx,underlying_asset,direct_owner,direct,,unallocated,True,False,,,,,,,1,100000000000,68567934814,100000000000,0,0,,,,,특별자산,,,,,,,,,,0,0,0,0,0,0,,,
asset_fund_link,ast_77ede44aa23a,케이앤씨그린북,,physical_asset,,,,,,"충남 논산시 은진면 용산리 296, 299-5",36.15818784836582,127.1203903784596,4423041025102960000,A112584040,verified,unknown,pending,,112584,이지스일반사모투자신탁435호(태양광),435호,운용,특별자산,국내,인프라전략2파트,인프라전략2파트,백다슬,백다슬,2021-08-05,2043-08-05,,100000000000,68567934814,100000000000,0,0,운용,펀드 AUM 관리_20260515.xlsx,underlying_asset,direct_owner,direct,,unallocated,True,False,,,,,,,1,100000000000,68567934814,100000000000,0,0,,,,,특별자산,,,,,,,,,,0,0,0,0,0,0,,,
asset_fund_link,ast_60fde6988245,디앤피상주,,physical_asset,,,,,,"경북 상주시 화동면 어산리 524-1, 524-9",36.39561220550246,128.00369432608866,4725040024105240001,A112584041,verified,unknown,pending,,112584,이지스일반사모투자신탁435호(태양광),435호,운용,특별자산,국내,인프라전략2파트,인프라전략2파트,백다슬,백다슬,2021-08-05,2043-08-05,,100000000000,68567934814,100000000000,0,0,운용,펀드 AUM 관리_20260515.xlsx,underlying_asset,direct_owner,direct,,unallocated,True,False,,,,,,,1,100000000000,68567934814,100000000000,0,0,,,,,특별자산,,,,,,,,,,0,0,0,0,0,0,,,
asset_fund_link,ast_af81a8c4e0a3,적화솔라,,physical_asset,,,,,,충남 부여군 장암면 지토리 산26번지,36.212017199702274,126.921282150808,4476042028200260000,A112584042,verified,unknown,pending,,112584,이지스일반사모투자신탁435호(태양광),435호,운용,특별자산,국내,인프라전략2파트,인프라전략2파트,백다슬,백다슬,2021-08-05,2043-08-05,,100000000000,68567934814,100000000000,0,0,운용,펀드 AUM 관리_20260515.xlsx,underlying_asset,direct_owner,direct,,unallocated,True,False,,,,,,,1,100000000000,68567934814,100000000000,0,0,,,,,특별자산,,,,,,,,,,0,0,0,0,0,0,,,
asset_fund_link,ast_ebcbfb2a0ea5,솔라시너지햇빛1호,,physical_asset,,,,,,충청남도 보령시 천북면 신죽리 645-11,36.486638152944664,126.57882930609293,4418033028106450011,A112584043,verified,unknown,pending,,112584,이지스일반사모투자신탁435호(태양광),435호,운용,특별자산,국내,인프라전략2파트,인프라전략2파트,백다슬,백다슬,2021-08-05,2043-08-05,,100000000000,68567934814,100000000000,0,0,운용,펀드 AUM 관리_20260515.xlsx,underlying_asset,direct_owner,direct,,unallocated,True,False,,,,,,,1,100000000000,68567934814,100000000000,0,0,,,,,특별자산,,,,,,,,,,0,0,0,0,0,0,,,
asset_fund_link,ast_4a41b5cdfb00,이인메가태양광,,physical_asset,,,,,,"충남 공주시 이인면 오룡리 산 2-32, 264, 265, 406-2, 219-2, 262-1, 262-2, 406-3",36.41454248340855,127.07430830981123,4415031023200020032,A112584044,verified,unknown,pending,,112584,이지스일반사모투자신탁435호(태양광),435호,운용,특별자산,국내,인프라전략2파트,인프라전략2파트,백다슬,백다슬,2021-08-05,2043-08-05,,100000000000,68567934814,100000000000,0,0,운용,펀드 AUM 관리_20260515.xlsx,underlying_asset,direct_owner,direct,,unallocated,True,False,,,,,,,1,100000000000,68567934814,100000000000,0,0,,,,,특별자산,,,,,,,,,,0,0,0,0,0,0,,,
asset_fund_link,ast_88157f8599f7,솔라팩토리22호,,physical_asset,,,,,,경북 김천시 어모면 남신리 213번지,,,,A112584045,verified,unknown,not_checked,,112584,이지스일반사모투자신탁435호(태양광),435호,운용,특별자산,국내,인프라전략2파트,인프라전략2파트,백다슬,백다슬,2021-08-05,2043-08-05,,100000000000,68567934814,100000000000,0,0,운용,펀드 AUM 관리_20260515.xlsx,underlying_asset,direct_owner,direct,,unallocated,True,False,,,,,,,1,100000000000,68567934814,100000000000,0,0,,,,,특별자산,,,,,,,,,,0,0,0,0,0,0,,,
asset_fund_link,ast_1a8c028a5e37,NY Brooklyn MF SpringCreek Tower,주거복합,physical_asset,,,,,뉴욕,,,,,A112585001,verified,unknown,not_checked,,112585,이지스글로벌일반사모부동산투자신탁427호,427호,운용,주거,해외,"281호TF, 글로벌자산관리2파트1","281호TF, 글로벌자산관리2파트1",박종덕,박종덕,2021-08-19,2036-08-19,,44499000000,42167097511,44499000000,0,0,운용,펀드 AUM 관리_20260515.xlsx,underlying_asset,direct_owner,direct,,unallocated,True,False,,,,,,,1,44499000000,42167097511,44499000000,0,0,,,,,주거,,,,,,,,,,0,0,44499000000,42167097512,0,2,NY Brooklyn MF SpringCreek Tower,,
asset_fund_link,ast_cb59978f02bf,국내 리츠,,physical_asset,,,,,,,,,,A112587001,verified,unknown,not_checked,,112587,이지스K-리츠일반사모부동산투자신탁,K-리츠,운용,지분증권,국내,대체증권투자파트,대체증권투자파트,신영찬,신영찬,2021-08-11,,,218126975278,218126975278,218126975278,0,0,운용,펀드 AUM 관리_20260515.xlsx,underlying_asset,direct_owner,direct,,unallocated,True,False,,,,,,,17,218126975278,218126975278,218126975278,0,0,,,,,기타,,,,,,,,,,0,0,0,0,0,0,,,
asset_fund_link,ast_c7abc1f4627e,Toronto The One Senior Loan (Standby Facility),오피스복합,physical_asset,,,,,Toronto,"One Bloor St. West, Toronto, Ontario",,,,A112588001,verified,unknown,not_checked,,112588,이지스글로벌일반사모부동산투자신탁434호,434호,운용,복합(오피스),해외,"글로벌자산관리1파트2, SS&C TF","글로벌자산관리1파트2, SS&C TF",윤주성,윤주성,2021-09-29,2028-12-31,,352378000000,364932138151,352378000000,0,0,운용,펀드 AUM 관리_20260515.xlsx,underlying_asset,direct_owner,direct,,unallocated,True,False,,,,,,,1,352378000000,364932138151,352378000000,0,0,,65837.41,,,오피스복합,,85,,,296,,2027-11-30,,,0,0,352378000000,364932138150,0,3,토론토 The One 주거복합시설 건설자금 대출 펀드 운용,,
asset_fund_link,ast_4a2315b88c84,"국내 리츠, 글로벌 리츠",,physical_asset,,,,,,,,,,A112596001,verified,unknown,not_checked,,112596,이지스리츠포트폴리오일반사모부동산투자신탁제2호,리츠포트폴리오 2호,운용,기타,혼합,대체증권투자파트,대체증권투자파트,신영찬,신영찬,2021-11-19,2028-11-18,,205000000000,226080700324,205000000000,0,0,운용,펀드 AUM 관리_20260515.xlsx,underlying_asset,direct_owner,direct,,unallocated,True,False,,,,,,,1,205000000000,226080700324,205000000000,0,0,,,,,기타,,,,,,,,,,0,0,379000000000,379456209795,0,8,,,
asset_fund_link,ast_d19b7e4dea84,East Alexandria Multifamily The Foundry,,physical_asset,,,,,알렉산드리아,"2470 Madeville Ln, Alexandria, VA 22314",,,,A112598001,verified,unknown,not_checked,,112598,이지스글로벌일반사모부동산투자신탁436-1호,436-1호,운용,주거,해외,글로벌자산관리2파트2,글로벌자산관리2파트2,김규식,김규식,2021-10-05,2027-04-05,,200979642481,200979642481,75939677431,125039965050,0,운용,펀드 AUM 관리_20260515.xlsx,underlying_asset,direct_owner,direct,,unallocated,True,False,,,,,,,2,401959284963,401959284963,151879354863,250079930100,0,,,4.25,,주거,,16,,,242,,,,,0,0,151879354864,151879354864,0,8,East Alaxandria Multifamily The Foundry,,
asset_fund_link,ast_d19b7e4dea84,East Alexandria Multifamily The Foundry,,physical_asset,,,,,알렉산드리아,"2470 Madeville Ln, Alexandria, VA 22314",,,,A112598001,verified,unknown,not_checked,,112599,이지스글로벌일반사모부동산투자신탁436-2호,436-2호,운용,주거,해외,글로벌자산관리2파트2,글로벌자산관리2파트2,김규식,김규식,2021-10-05,2027-04-05,,200979642482,200979642482,75939677432,125039965050,0,운용,펀드 AUM 관리_20260515.xlsx,underlying_asset,direct_owner,direct,,unallocated,True,False,,,,,,,2,401959284963,401959284963,151879354863,250079930100,0,,,4.25,,주거,,16,,,242,,,,,0,0,151879354864,151879354864,0,8,East Alaxandria Multifamily The Foundry,,
asset_fund_link,ast_a497abe03a47,Atlanta Data Center PwC,,physical_asset,,,,,조지아,"2480 Rock House Road, Lithia Springs, GA, USA",,,,A112600001,verified,unknown,not_checked,,112600,이지스글로벌일반사모부동산투자신탁438호,438호,운용,데이터센터,해외,글로벌자산관리2파트1,글로벌자산관리2파트1,이진희,이진희,2021-10-14,2026-10-14,,156000509612,156000509612,58621864612,97378645000,0,운용,펀드 AUM 관리_20260515.xlsx,underlying_asset,direct_owner,direct,,unallocated,True,False,,,,,,,1,156000509612,156000509612,58621864612,97378645000,0,,,4.75,,데이터센터,,1,,,40,,2009-01-01,,,0,0,58621864612,58621864612,0,3,Atlanta Data Center PwC,,
asset_fund_link,ast_51d42aef8752,아이에이제십삼차유동화전문 유한회사,특별자산,physical_asset,,,,,,,,,,A112602001,verified,unknown,not_checked,,112602,이지스NPL일반사모부동산투자신탁제3호,NPL3호,운용,NPL,국내,포트폴리오관리,포트폴리오관리,박유진,박유진,2021-11-30,2027-11-30,,124000000000,59447401920,124000000000,0,0,운용,펀드 AUM 관리_20260515.xlsx,underlying_asset,direct_owner,direct,,unallocated,True,False,,,,,,,1,124000000000,59447401920,124000000000,0,0,,,,,특별자산,,,,,,,,,,0,0,0,0,0,0,,,
asset_fund_link,ast_0d67a2c2d304,아이에이제십사차유동화전문 유한회사,특별자산,physical_asset,,,,,,,,,,A112602002,verified,unknown,not_checked,,112602,이지스NPL일반사모부동산투자신탁제3호,NPL3호,운용,NPL,국내,포트폴리오관리,포트폴리오관리,박유진,박유진,2021-11-30,2027-11-30,,124000000000,59447401920,124000000000,0,0,운용,펀드 AUM 관리_20260515.xlsx,underlying_asset,direct_owner,direct,,unallocated,True,False,,,,,,,1,124000000000,59447401920,124000000000,0,0,,,,,특별자산,,,,,,,,,,0,0,0,0,0,0,,,
asset_fund_link,ast_b24257eace32,주식회사 아이에이에이치에프합정,특별자산,physical_asset,,,,,,,,,,A112602003,verified,unknown,not_checked,,112602,이지스NPL일반사모부동산투자신탁제3호,NPL3호,운용,NPL,국내,포트폴리오관리,포트폴리오관리,박유진,박유진,2021-11-30,2027-11-30,,124000000000,59447401920,124000000000,0,0,운용,펀드 AUM 관리_20260515.xlsx,underlying_asset,direct_owner,direct,,unallocated,True,False,,,,,,,1,124000000000,59447401920,124000000000,0,0,,,,,특별자산,,,,,,,,,,0,0,0,0,0,0,,,
asset_fund_link,ast_5592bb858cba,아이에이와이디유동화전문 유한회사,특별자산,physical_asset,,,,,,,,,,A112602004,verified,unknown,not_checked,,112602,이지스NPL일반사모부동산투자신탁제3호,NPL3호,운용,NPL,국내,포트폴리오관리,포트폴리오관리,박유진,박유진,2021-11-30,2027-11-30,,124000000000,59447401920,124000000000,0,0,운용,펀드 AUM 관리_20260515.xlsx,underlying_asset,direct_owner,direct,,unallocated,True,False,,,,,,,1,124000000000,59447401920,124000000000,0,0,,,,,특별자산,,,,,,,,,,0,0,0,0,0,0,,,
asset_fund_link,ast_6c274653ed0b,고양삼송데이터센터,데이터센터,physical_asset,,,,,,경기도 고양시 덕양구 오금동 690,37.665509018851424,126.92121790170717,4128111000106900000,A112608001,verified,unknown,pending,,112608,이지스일반사모부동산투자신탁제439호(운용),439호,운용,데이터센터,국내,투자2그룹1파트,투자2그룹1파트,이승철,이승철,2021-10-28,2029-06-28,,1009500000000,801852415986,358500000000,651000000000,0,운용,펀드 AUM 관리_20260515.xlsx,underlying_asset,direct_owner,direct,,unallocated,True,False,,,,,,,5,1009500000000,801852415986,358500000000,651000000000,0,,78290.1,,,데이터센터,,,,,,,2026-06-04,,,4182500000000,2574999999990,4660500000000,3341000000000,13,5,고양삼송 데이터센터,,
asset_fund_link,ast_6c274653ed0b,고양삼송데이터센터,데이터센터,physical_asset,,,,,,경기도 고양시 덕양구 오금동 690,37.665509018851424,126.92121790170717,4128111000106900000,A112608001,verified,unknown,pending,,112804,이지스일반사모부동산투자신탁제439호(A종),439호(A종),운용,데이터센터,국내,투자2그룹1파트,투자2그룹1파트,이승철,이승철,2023-06-23,2029-06-28,,0,0,0,0,0,운용,펀드 AUM 관리_20260515.xlsx,underlying_asset,direct_owner,direct,,unallocated,True,False,,,,,,,5,1009500000000,801852415986,358500000000,651000000000,0,,78290.1,,,데이터센터,,,,,,,2026-06-04,,,4182500000000,2574999999990,4660500000000,3341000000000,13,5,고양삼송 데이터센터,,
asset_fund_link,ast_6c274653ed0b,고양삼송데이터센터,데이터센터,physical_asset,,,,,,경기도 고양시 덕양구 오금동 690,37.665509018851424,126.92121790170717,4128111000106900000,A112608001,verified,unknown,pending,,112805,이지스일반사모부동산투자신탁제439호(B종),439호(B종),운용,데이터센터,국내,투자2그룹1파트,투자2그룹1파트,이승철,이승철,2023-06-23,2029-06-28,,0,0,0,0,0,운용,펀드 AUM 관리_20260515.xlsx,underlying_asset,direct_owner,direct,,unallocated,True,False,,,,,,,5,1009500000000,801852415986,358500000000,651000000000,0,,78290.1,,,데이터센터,,,,,,,2026-06-04,,,4182500000000,2574999999990,4660500000000,3341000000000,13,5,고양삼송 데이터센터,,
asset_fund_link,ast_2ab8e79a6c7d,효제동 오피스텔 사업부지,주거,physical_asset,,,,KR,,서울특별시 종로구 효제동 24-3 외 26필지,37.574479157984115,127.00168517366313,1111016200100240003,A112611001,verified,unknown,pending,,112611,이지스하우징플랫폼일반사모부동산투자신탁제1호(운용),하우징플랫폼 1호,운용,지분증권,국내,CM그룹,CM그룹,홍상우,홍상우,2021-11-24,2028-11-24,,100000000000,59578550192,100000000000,0,0,운용,펀드 AUM 관리_20260515.xlsx,underlying_asset,direct_owner,direct,,unallocated,True,False,,,,,,,3,100000000000,59578550192,100000000000,0,0,,3247.5,,,주거,,,,,,,2025-10-31,,,0,0,0,0,0,0,하우징플랫폼 1호,,
asset_fund_link,ast_37199617fe59,울산KTX역 오피스텔 사업부지,주거,physical_asset,,,,,,울산광역시 울주군 삼남읍 교동리 1682-1번지,35.55447636834116,129.13541419016929,3171026521116820001,A112611003,verified,unknown,pending,,112611,이지스하우징플랫폼일반사모부동산투자신탁제1호(운용),하우징플랫폼 1호,운용,지분증권,국내,CM그룹,CM그룹,홍상우,홍상우,2021-11-24,2028-11-24,,100000000000,59578550192,100000000000,0,0,운용,펀드 AUM 관리_20260515.xlsx,underlying_asset,direct_owner,direct,,unallocated,True,False,,,,,,,1,100000000000,59578550192,100000000000,0,0,,5957.4,,,주거,,,,,,,2025-09-30,,,0,0,0,0,0,0,,,
asset_fund_link,ast_cd9937cc8678,와이디427피에프브이 주식회사,오피스복합,physical_asset,,,,,,,37.555468504,126.975599968,,A112614001,verified,unknown,not_checked,,112706,이지스일반사모부동산투자신탁421호(A종),421호(A종),운용,지분증권,국내,사업그룹2파트,사업그룹2파트,한수정,한수정,2022-12-28,2031-11-22,,0,0,0,0,0,운용,펀드 AUM 관리_20260515.xlsx,underlying_asset,direct_owner,direct,,unallocated,True,False,,,,,,,5,323000000000,323000000000,323000000000,0,0,,,,,오피스,,,,,,,,,,0,0,309000000000,309000000000,0,16,와이디427,,
asset_fund_link,ast_cd9937cc8678,와이디427피에프브이 주식회사,오피스복합,physical_asset,,,,,,,37.555468504,126.975599968,,A112614001,verified,unknown,not_checked,,112707,이지스일반사모부동산투자신탁421호(B종),421호(B종),운용,지분증권,국내,사업그룹2파트,사업그룹2파트,한수정,한수정,2022-12-29,2031-11-22,,0,0,0,0,0,운용,펀드 AUM 관리_20260515.xlsx,underlying_asset,direct_owner,direct,,unallocated,True,False,,,,,,,5,323000000000,323000000000,323000000000,0,0,,,,,오피스,,,,,,,,,,0,0,309000000000,309000000000,0,16,와이디427,,
asset_fund_link,ast_cd9937cc8678,와이디427피에프브이 주식회사,오피스복합,physical_asset,,,,,,,37.555468504,126.975599968,,A112614001,verified,unknown,not_checked,,120016,이지스일반사모부동산투자신탁421호(C종),421호(C종),운용,지분증권,국내,사업그룹2파트,사업그룹2파트,한수정,한수정,2023-12-07,2031-11-22,,0,0,0,0,0,운용,펀드 AUM 관리_20260515.xlsx,underlying_asset,direct_owner,direct,,unallocated,True,False,,,,,,,5,323000000000,323000000000,323000000000,0,0,,,,,오피스,,,,,,,,,,0,0,309000000000,309000000000,0,16,와이디427,,
asset_fund_link,ast_cd9937cc8678,와이디427피에프브이 주식회사,오피스복합,physical_asset,,,,,,,37.555468504,126.975599968,,A112614001,verified,unknown,not_checked,,112614,이지스일반사모부동산투자신탁421호(운용),421호,운용,지분증권,국내,사업그룹2파트,사업그룹2파트,한수정,한수정,2021-11-22,2031-11-22,,323000000000,323000000000,323000000000,0,0,운용,펀드 AUM 관리_20260515.xlsx,underlying_asset,direct_owner,direct,,unallocated,True,False,,,,,,,5,323000000000,323000000000,323000000000,0,0,,,,,오피스,,,,,,,,,,0,0,309000000000,309000000000,0,16,와이디427,,
asset_fund_link,ast_386a43afd1af,서초동 오피스텔 개발 사업,주거,physical_asset,,,,KR,,"서울시 서초구 서초동 1454-1, 2",,,,A112616001,verified,unknown,not_checked,,112616,이지스일반사모투자신탁446호,446호,청산,주거,국내,투자3그룹1파트,투자3그룹1파트,심동민,심동민,2021-11-18,2024-02-19,,30000000000,6428500000,30000000000,,0,청산,펀드 AUM 관리_20260515.xlsx,underlying_asset,direct_owner,direct,,unallocated,True,False,,,,,,,1,30000000000,6428500000,30000000000,0,0,,1676.9,,,주거,,,,,,,2023-11-30,,,0,0,0,0,0,0,,,
asset_fund_link,ast_334dab757ff6,Unico Core Plus Partners,,physical_asset,,,,,,,,,,A112617001,verified,unknown,not_checked,,112617,이지스글로벌일반사모부동산투자신탁447호(재간접형),447호,운용,오피스,해외,글로벌자산관리1파트2,글로벌자산관리1파트2,유진선,유진선,2018-07-26,2028-07-26,,74165000000,87655555877,74165000000,0,0,운용,펀드 AUM 관리_20260515.xlsx,underlying_asset,direct_owner,direct,,unallocated,True,False,,,,,,,1,74165000000,87655555877,74165000000,0,0,,,,,오피스복합,,,,,,,,,,0,0,74165000000,87655555877,0,1,Unico Core Plus Partners,447호 재간접,
asset_fund_link,ast_e8ad3281d39e,Enlink project patton,,physical_asset,,,,,,,,,,A112618001,verified,unknown,not_checked,,112618,이지스미국인프라일반사모투자신탁449호,449호,청산,대출채권,해외,기업&인프라파트,기업&인프라파트,오지은,오지은,2021-12-09,2025-02-25,,87162000000,48214714944,87162000000,0,0,청산,펀드 AUM 관리_20260515.xlsx,underlying_asset,direct_owner,direct,,unallocated,True,False,,,,,,,1,87162000000,48214714944,87162000000,0,0,,,,,특별자산,,,,,,,,,,0,0,0,0,0,0,,,
asset_fund_link,ast_d21464a17e8c,Hines US Property Partners,오피스복합,physical_asset,,,,,,,,,,A112621001,verified,unknown,not_checked,,112621,이지스미국일반사모부동산투자신탁448-1호,448-1호,운용,복합(오피스),해외,글로벌자산관리2파트1,글로벌자산관리2파트1,이진희,이진희,2021-12-27,2031-12-27,,114110269000,88075982169,114110269000,0,0,운용,펀드 AUM 관리_20260515.xlsx,underlying_asset,direct_owner,direct,,unallocated,True,False,,,,,,,9,261023717500,222494652484,261023717500,0,0,,,,,오피스복합,,,,,,,,,,0,0,390533717500,346374358973,0,17,Hines US Property Partners,,
asset_fund_link,ast_d21464a17e8c,Hines US Property Partners,오피스복합,physical_asset,,,,,,,,,,A112621001,verified,unknown,not_checked,,112622,이지스미국일반사모부동산투자신탁448-2호,448-2호,운용,복합(오피스),해외,글로벌자산관리2파트1,글로벌자산관리2파트1,이진희,이진희,2021-12-27,2031-12-27,,48904401000,39819598108,48904401000,0,0,운용,펀드 AUM 관리_20260515.xlsx,underlying_asset,direct_owner,direct,,unallocated,True,False,,,,,,,9,261023717500,222494652484,261023717500,0,0,,,,,오피스복합,,,,,,,,,,0,0,390533717500,346374358973,0,17,Hines US Property Partners,,
asset_fund_link,ast_d21464a17e8c,Hines US Property Partners,오피스복합,physical_asset,,,,,,,,,,A112621001,verified,unknown,not_checked,,112625,이지스미국일반사모부동산투자신탁448-5호,448-5호,운용,복합(오피스),해외,글로벌자산관리2파트1,글로벌자산관리2파트1,이진희,이진희,2021-12-27,2028-12-27,,44499000000,41907809224,44499000000,0,0,운용,펀드 AUM 관리_20260515.xlsx,underlying_asset,direct_owner,direct,,unallocated,True,False,,,,,,,9,261023717500,222494652484,261023717500,0,0,,,,,오피스복합,,,,,,,,,,0,0,390533717500,346374358973,0,17,Hines US Property Partners,,
asset_fund_link,ast_d21464a17e8c,Hines US Property Partners,오피스복합,physical_asset,,,,,,,,,,A112621001,verified,unknown,not_checked,,112659,이지스미국일반사모부동산투자신탁466-1호,466-1호,운용,기타,해외,"글로벌자산관리2파트1, 281호TF","글로벌자산관리2파트1, 281호TF",김민건,김민건,2022-07-18,2032-07-18,,16612960000,15110044656,16612960000,0,0,운용,펀드 AUM 관리_20260515.xlsx,underlying_asset,direct_owner,direct,,unallocated,True,False,,,,,,,9,261023717500,222494652484,261023717500,0,0,,,,,오피스복합,,,,,,,,,,0,0,390533717500,346374358973,0,17,Hines US Property Partners,,
asset_fund_link,ast_d21464a17e8c,Hines US Property Partners,오피스복합,physical_asset,,,,,,,,,,A112621001,verified,unknown,not_checked,,112660,이지스미국일반사모부동산투자신탁466-2호,466-2호,운용,기타,해외,"글로벌자산관리2파트1, 281호TF","글로벌자산관리2파트1, 281호TF",김민건,김민건,2022-07-18,2032-07-18,,7119840000,7705810164,7119840000,0,0,운용,펀드 AUM 관리_20260515.xlsx,underlying_asset,direct_owner,direct,,unallocated,True,False,,,,,,,9,261023717500,222494652484,261023717500,0,0,,,,,오피스복합,,,,,,,,,,0,0,390533717500,346374358973,0,17,Hines US Property Partners,,
asset_fund_link,ast_d21464a17e8c,Hines US Property Partners,오피스복합,physical_asset,,,,,,,,,,A112621001,verified,unknown,not_checked,,112685,이지스미국일반사모부동산투자신탁469-1호,469-1호,운용,기타,해외,"글로벌자산관리2파트1, 281호TF","글로벌자산관리2파트1, 281호TF",김민건,김민건,2022-07-18,2032-07-18,,20844073250,19675827924,20844073250,0,0,운용,펀드 AUM 관리_20260515.xlsx,underlying_asset,direct_owner,direct,,unallocated,True,False,,,,,,,9,261023717500,222494652484,261023717500,0,0,,,,,오피스복합,,,,,,,,,,0,0,390533717500,346374358973,0,17,Hines US Property Partners,,
asset_fund_link,ast_d21464a17e8c,Hines US Property Partners,오피스복합,physical_asset,,,,,,,,,,A112621001,verified,unknown,not_checked,,112686,이지스미국일반사모부동산투자신탁469-2호,469-2호,운용,기타,해외,"글로벌자산관리2파트1, 281호TF","글로벌자산관리2파트1, 281호TF",김민건,김민건,2022-07-18,2032-07-18,,8933174250,10199580239,8933174250,0,0,운용,펀드 AUM 관리_20260515.xlsx,underlying_asset,direct_owner,direct,,unallocated,True,False,,,,,,,9,261023717500,222494652484,261023717500,0,0,,,,,오피스복합,,,,,,,,,,0,0,390533717500,346374358973,0,17,Hines US Property Partners,,
asset_fund_link,ast_9dae37d9ddc4,글로벌 리츠,,physical_asset,,,,,,,,,,A112626001,verified,unknown,not_checked,,112626,이지스투자풀부동산일반사모부동산투자신탁11호,투자풀11호,운용,지분증권,혼합,대체증권투자파트,대체증권투자파트,신영찬,신영찬,2021-12-09,,,2326453752,2326453752,2326453752,0,0,운용,펀드 AUM 관리_20260515.xlsx,underlying_asset,direct_owner,direct,,unallocated,True,False,,,,,,,1,2326453752,2326453752,2326453752,0,0,,,,,기타,,,,,,,,,,0,0,0,0,0,0,,,
asset_fund_link,ast_8485bd818e1d,국내 리츠,,physical_asset,,,,,,,,,,A112629001,verified,unknown,not_checked,,112629,이지스리츠플랫폼일반사모부동산투자신탁,리츠플랫폼,운용,지분증권,국내,대체증권투자파트,대체증권투자파트,신영찬,신영찬,2021-12-29,,,7831773309,7831773309,7831773309,0,0,운용,펀드 AUM 관리_20260515.xlsx,underlying_asset,direct_owner,direct,,unallocated,True,False,,,,,,,7,7831773309,7831773309,7831773309,0,0,,,,,기타,,,,,,,,,,0,0,0,0,0,0,,,
asset_fund_link,ast_508cc8fee1ee,세운5구역PFV(주) 지분,오피스복합,physical_asset,,,,KR,,,37.5678706441565,126.995781621114,,A112641001,verified,unknown,not_checked,,112641,이지스일반사모부동산투자신탁제454호,454호,운용,지분증권,국내,사업그룹4파트,사업그룹4파트,유미현,유미현,2022-01-28,2030-01-28,,14100000000,14100000000,14100000000,0,0,운용,펀드 AUM 관리_20260515.xlsx,underlying_asset,direct_owner,direct,,unallocated,True,False,,,,,,,2,20700000000,20700000000,20700000000,0,0,,,,,오피스,,,,,,,,,,0,0,20700000000,20700000000,0,7,세운5구역 개발사업,,
asset_fund_link,ast_508cc8fee1ee,세운5구역PFV(주) 지분,오피스복합,physical_asset,,,,KR,,,37.5678706441565,126.995781621114,,A112641001,verified,unknown,not_checked,,112661,이지스일반사모부동산투자신탁제462호,462호,운용,지분증권,국내,사업그룹4파트,사업그룹4파트,유미현,유미현,2022-04-14,2030-07-14,,6600000000,6600000000,6600000000,0,0,운용,펀드 AUM 관리_20260515.xlsx,underlying_asset,direct_owner,direct,,unallocated,True,False,,,,,,,2,20700000000,20700000000,20700000000,0,0,,,,,오피스,,,,,,,,,,0,0,20700000000,20700000000,0,7,세운5구역 개발사업,,
asset_fund_link,ast_71e4c2f1e642,ARES Special Opportunities Fund,,physical_asset,,,,,,,,,,A112645001,verified,unknown,not_checked,,112645,이지스아레스스페셜오퍼튜니티일반사모투자신탁453호,453호,운용,기타,해외,글로벌자산관리2파트2,글로벌자산관리2파트2,석동주,석동주,2022-06-20,2032-12-20,,44499000000,37929688143,44499000000,0,0,운용,펀드 AUM 관리_20260515.xlsx,underlying_asset,direct_owner,direct,,unallocated,True,False,,,,,,,1,44499000000,37929688143,44499000000,0,0,,,,,오피스복합,,,,,,,,,,0,0,44499000000,37929688143,0,2,ARES Special Opportunities Fund,,
asset_fund_link,ast_08c6f4e86f22,군산수상태양광 PF대출,,physical_asset,,,,,,전라북도 군산시 비응도동 19,35.955445151335866,126.52600084965414,5213014800100190000,A112646001,verified,unknown,pending,,112646,이지스솔라일반사모투자신탁제5호,솔라일반사모5호,운용,특별자산,국내,인프라전략1파트,인프라전략1파트,김민경,김민경,2022-02-17,2036-02-17,,33100000000,23120170738,33100000000,0,0,운용,펀드 AUM 관리_20260515.xlsx,underlying_asset,direct_owner,direct,,unallocated,True,False,,,,,,,1,33100000000,23120170738,33100000000,0,0,,,,,특별자산,,,,,,,,,,0,0,33100000000,23120170738,0,2,,,
asset_fund_link,ast_576c45603803,신재생에너지 발전사업 PF대출,,physical_asset,,,,,,,,,,A112647001,verified,unknown,not_checked,,112647,이지스ESG일반사모투자신탁제1호,ESG일반사모1호,청산,특별자산,국내,인프라전략1파트,인프라전략1파트,금호연,금호연,2022-02-18,2024-10-31,,250000000000,15629291,250000000000,0,0,청산,펀드 AUM 관리_20260515.xlsx,underlying_asset,direct_owner,direct,,unallocated,True,False,,,,,,,1,250000000000,15629291,250000000000,0,0,,,,,특별자산,,,,,,,,,,0,0,0,0,0,0,,,
asset_fund_link,ast_3ad28593fd5f,Brookfield UK Gas Distribution Sidecar (SGN),,physical_asset,,,,,,,,,,A112648001,verified,unknown,not_checked,,112648,이지스영국코어인프라일반사모특별자산투자신탁445호(재간접형),445호,운용,특별자산,해외,글로벌자산관리2파트2,글로벌자산관리2파트2,김규식,김규식,2022-03-16,2047-03-16,,129913550000,103838107039,129913550000,0,0,운용,펀드 AUM 관리_20260515.xlsx,underlying_asset,direct_owner,direct,,unallocated,True,False,,,,,,,1,129913550000,103838107039,129913550000,0,0,,,,,오피스복합,,,,,,,,,,0,0,129913550000,103838107039,0,1,Brookfield UK Gas Distribution Sidecar (SGN),,
asset_fund_link,ast_ca6affbba270,디에스PFV 2종 종류주 및 주주대여,주거복합,physical_asset,,,,,,,,,,A112653001,verified,unknown,not_checked,,112653,이지스일반사모부동산투자신탁460호(운용),460호,운용,주거,국내,투자3그룹1파트,투자3그룹1파트,강수원,강수원,2022-03-30,2027-03-30,,25894328574,25894328574,25894328574,0,0,운용,펀드 AUM 관리_20260515.xlsx,underlying_asset,direct_owner,direct,,unallocated,True,False,,,,,,,3,51894328574,51894328574,51894328574,0,0,,,,,주거,,,,,,,,,,0,0,51894328574,51894328574,0,14,,,
asset_fund_link,ast_ca6affbba270,디에스PFV 2종 종류주 및 주주대여,주거복합,physical_asset,,,,,,,,,,A112653001,verified,unknown,not_checked,,112654,이지스일반사모부동산투자신탁460호(1종),460호(1종),운용,주거,국내,투자3그룹1파트,투자3그룹1파트,강수원,강수원,2022-03-30,2027-03-30,,20000000000,20000000000,20000000000,0,0,운용,펀드 AUM 관리_20260515.xlsx,underlying_asset,direct_owner,direct,,unallocated,True,False,,,,,,,3,51894328574,51894328574,51894328574,0,0,,,,,주거,,,,,,,,,,0,0,51894328574,51894328574,0,14,,,
asset_fund_link,ast_ca6affbba270,디에스PFV 2종 종류주 및 주주대여,주거복합,physical_asset,,,,,,,,,,A112653001,verified,unknown,not_checked,,112655,이지스일반사모부동산투자신탁460호(2종),460호(2종),운용,주거,국내,투자3그룹1파트,투자3그룹1파트,강수원,강수원,2022-03-30,2027-03-30,,6000000000,6000000000,6000000000,0,0,운용,펀드 AUM 관리_20260515.xlsx,underlying_asset,direct_owner,direct,,unallocated,True,False,,,,,,,3,51894328574,51894328574,51894328574,0,0,,,,,주거,,,,,,,,,,0,0,51894328574,51894328574,0,14,,,
asset_fund_link,ast_f58dae267b1b,을지로부림빌딩,오피스,physical_asset,,,,KR,,서울특별시 중구 을지로1가 71-9번지,37.56652357487495,126.98014049302466,1114010400100710009,A112656001,verified,unknown,pending,,112656,이지스이익참여형메자닌일반사모부동산모투자신탁제1-4호,이익참여형메자닌 1-4호,운용,오피스,국내,CM그룹,CM그룹,김지오,김지오,2022-03-29,2027-04-29,,30755500000,30755500000,30755500000,0,0,운용,펀드 AUM 관리_20260515.xlsx,underlying_asset,direct_owner,direct,,unallocated,True,False,,,,,,,1,30755500000,30755500000,30755500000,0,0,,30076.28,,,오피스,,,,,,,2028-12-01,,,0,0,0,0,1,0,,,
asset_fund_link,ast_92af696ba01e,Chicago Student Housing Illini Tower,,physical_asset,,,,,일리노이,"409E Chalmers St, Champaign, IL",,,,A112657001,verified,unknown,not_checked,,112657,이지스USCore일반사모부동산투자신탁458호,458호,운용,주거,해외,"281호TF, 글로벌자산관리2파트1","281호TF, 글로벌자산관리2파트1",박종덕,박종덕,2022-04-27,2029-04-27,,176556013843,175611371214,70653956218,105902057625,0,운용,펀드 AUM 관리_20260515.xlsx,underlying_asset,direct_owner,direct,,unallocated,True,False,,,,,,,2,303428745307,302484102678,197526687682,105902057625,0,,,5.4,,주거,,16,,,70,,1967-01-01,,,0,0,70653956218,69709313589,0,2,Chicago Student Housing Illini Tower,,
asset_fund_link,ast_92af696ba01e,Chicago Student Housing Illini Tower,,physical_asset,,,,,일리노이,"409E Chalmers St, Champaign, IL",,,,A112657001,verified,unknown,not_checked,,R00010,주식회사 이지스글로벌레지던스위탁관리부동산투자회사,R글로벌레지던스,운용,주거,해외,상장리츠파트,상장리츠파트,임수빈,임수빈,2021-12-14,,,126872731464,126872731464,126872731464,,0,운용,펀드 AUM 관리_20260515.xlsx,underlying_asset,direct_owner,direct,,unallocated,True,False,,,,,,,2,303428745307,302484102678,197526687682,105902057625,0,,,5.4,,주거,,16,,,70,,1967-01-01,,,0,0,70653956218,69709313589,0,2,Chicago Student Housing Illini Tower,,
asset_fund_link,ast_e0d705ed16ed,Clarion Gables Multifamily Fund,오피스복합,physical_asset,,,,,,,,,,A112658001,verified,unknown,not_checked,,112658,이지스미국일반사모부동산투자신탁455호(재간접형),455호,운용,기타,해외,"글로벌자산관리1파트1, 229호TF","글로벌자산관리1파트1, 229호TF",나혜윤,나혜윤,2022-10-04,2032-10-04,,73423350000,71152700000,73423350000,0,0,운용,펀드 AUM 관리_20260515.xlsx,underlying_asset,direct_owner,direct,,unallocated,True,False,,,,,,,1,73423350000,71152700000,73423350000,0,0,,,,,오피스복합,,,,,,,,,,0,0,73423350000,71152700000,0,1,Clarion Gables Multifamily Fund,,
asset_fund_link,ast_2e084a75011d,TPG Real Estate Partners IV,오피스복합,physical_asset,,,,,,,,,,A112662001,verified,unknown,not_checked,,112662,이지스글로벌일반사모부동산투자신탁457호(재간접형),457호,운용,기타,해외,글로벌자산관리2파트2,글로벌자산관리2파트2,석동주,석동주,2022-12-21,2036-06-21,,148330000000,194793898212,148330000000,0,0,운용,펀드 AUM 관리_20260515.xlsx,underlying_asset,direct_owner,direct,,unallocated,True,False,,,,,,,1,148330000000,194793898212,148330000000,0,0,,,,,오피스복합,,,,,,,,,,0,0,148330000000,194793898212,0,1,TPG Real Estate Partners IV,,
asset_fund_link,ast_92f36c01f427,DWS Four Columns Junior Capital Fund Ⅵ,오피스복합,physical_asset,,,,,,,,,,A112663001,verified,unknown,not_checked,,112663,이지스디더블유에스북미중순위크레딧일반사모투자신탁464호,464호,운용,기타,해외,글로벌자산관리1파트2,글로벌자산관리1파트2,유진선,유진선,2022-06-22,2034-06-22,,44499000000,19036358765,44499000000,0,0,운용,펀드 AUM 관리_20260515.xlsx,underlying_asset,direct_owner,direct,,unallocated,True,False,,,,,,,1,44499000000,19036358765,44499000000,0,0,,,,,오피스복합,,,,,,,,,,0,0,44499000000,19036358765,0,2,DWS Four Columns Junior Capital Fund Ⅵ,,
asset_fund_link,ast_428853fb1dec,Global REITs(삼성OCIO),,physical_asset,,,,,,,,,,A112664001,verified,unknown,not_checked,,112664,연기금글로벌리츠일반사모부동산투자신탁1호(리츠-재간접),연기금글로벌리츠1호,운용,지분증권,혼합,대체증권투자파트,대체증권투자파트,신영찬,신영찬,2022-06-23,,,41218204491,41218204491,41218204491,0,0,운용,펀드 AUM 관리_20260515.xlsx,underlying_asset,direct_owner,direct,,unallocated,True,False,,,,,,,1,41218204491,41218204491,41218204491,0,0,,,,,기타,,,,,,,,,,0,0,0,0,0,0,,,
asset_fund_link,ast_b1bc52e1340b,Erfurt Amazon Robotics Fulfillment Center Senior Mezzanine Loan,,physical_asset,,,,,에르푸르트,"Joseph-Meyer-Straße 5, 99195 Erfurt, Germany",,,,A112665001,verified,unknown,not_checked,,112665,이지스글로벌일반사모부동산투자신탁461호,461호,운용,대출채권,해외,글로벌자산관리2파트2,글로벌자산관리2파트2,석동주,석동주,2022-07-12,2026-09-12,,74274518578,74274518578,74274518578,0,0,운용,펀드 AUM 관리_20260515.xlsx,underlying_asset,direct_owner,direct,,unallocated,True,False,,,,,,,1,74274518578,74274518578,74274518578,0,0,,,3.3,,물류,,4,,,917,,2024-04-05,,,0,0,74274518578,74274518578,0,3,Erfurt Amazon Robotics Fulfillment Center Senior Mezzanine Loan,461호 독일 에르푸르트 아마존 Fulfillment Center 선순위메자닌 대출,
asset_fund_link,ast_55e5920ab1cd,당산 지식산업센터 개발사업 PF대출,,physical_asset,,,,KR,,서울특별시 영등포구 당산동5가 9-9번지 일원,37.53442357937764,126.8987185844976,1156011500100090009,A112666002,verified,unknown,pending,,112666,이지스부동산론일반사모부동산투자신탁제1호,부동산론 1호,운용,대출채권,국내,CM그룹,CM그룹,김지오,김지오,2022-06-10,2029-06-10,,221100000000,99593821977,221100000000,0,0,운용,펀드 AUM 관리_20260515.xlsx,underlying_asset,direct_owner,direct,,unallocated,True,False,,,,,,,1,221100000000,99593821977,221100000000,0,0,,83917.14,,,오피스,,,,,,,2026-02-28,,,0,0,0,0,0,0,부동산론 1호,,
asset_fund_link,ast_05fbe6b353fb,여의도 유수홀딩스부지 오피스텔 개발사업 PF대출,,physical_asset,,,,KR,,서울특별시 영등포구 여의도동 25-11,37.52352964324636,126.92543189432101,1156011000100250011,A112666003,verified,unknown,pending,,112666,이지스부동산론일반사모부동산투자신탁제1호,부동산론 1호,운용,대출채권,국내,CM그룹,CM그룹,김지오,김지오,2022-06-10,2029-06-10,,221100000000,99593821977,221100000000,0,0,운용,펀드 AUM 관리_20260515.xlsx,underlying_asset,direct_owner,direct,,unallocated,True,False,,,,,,,1,221100000000,99593821977,221100000000,0,0,,85398.29,,,주거,,,,,,,2026-11-27,,,0,0,0,0,0,0,,,
asset_fund_link,ast_0d7b28ca87e1,성수동 오피스 개발사업 선순위 브릿지론,,physical_asset,,,,KR,,서울특별시 성동구 성수동2가 279,37.54630351556979,127.0621981135995,1120011500102790000,A112666005,verified,unknown,pending,,112666,이지스부동산론일반사모부동산투자신탁제1호,부동산론 1호,운용,대출채권,국내,CM그룹,CM그룹,김지오,김지오,2022-06-10,2029-06-10,,221100000000,99593821977,221100000000,0,0,운용,펀드 AUM 관리_20260515.xlsx,underlying_asset,direct_owner,direct,,unallocated,True,False,,,,,,,1,221100000000,99593821977,221100000000,0,0,,36218.68,,,오피스,,,,,,,2026-09-30,,,0,0,0,0,0,0,,,
asset_fund_link,ast_9ea926bd721a,HSBC Senior UK Direct Lending Fund 2020 RAIF SICAV-S.A.,,physical_asset,,,,,,,,,,A112667001,verified,unknown,not_checked,,112667,이지스에이치에스비씨영국선순위크레딧일반사모투자신탁465호,465호,운용,대출채권,해외,글로벌자산관리2파트2,글로벌자산관리2파트2,오지원,오지원,2022-09-27,2030-09-27,,69953450000,40252673097,69953450000,0,0,운용,펀드 AUM 관리_20260515.xlsx,underlying_asset,direct_owner,direct,,unallocated,True,False,,,,,,,2,110326584000,62097315224,110326584000,0,0,,,,,오피스복합,,,,,,,,,,0,0,0,0,0,0,HSBC Senior UK Direct Lending Fund 2020 RAIF SICAV-S.A.,,
asset_fund_link,ast_9ea926bd721a,HSBC Senior UK Direct Lending Fund 2020 RAIF SICAV-S.A.,,physical_asset,,,,,,,,,,A112667001,verified,unknown,not_checked,,112668,이지스에이치에스비씨영국선순위크레딧일반사모투자신탁465-1호,465-1호,운용,대출채권,해외,글로벌자산관리2파트2,글로벌자산관리2파트2,오지원,오지원,2023-03-28,2031-03-28,,40373134000,21844642127,40373134000,0,0,운용,펀드 AUM 관리_20260515.xlsx,underlying_asset,direct_owner,direct,,unallocated,True,False,,,,,,,2,110326584000,62097315224,110326584000,0,0,,,,,오피스복합,,,,,,,,,,0,0,0,0,0,0,HSBC Senior UK Direct Lending Fund 2020 RAIF SICAV-S.A.,,
asset_fund_link,ast_0bab0f479396,김포DC 개발사업,데이터센터,physical_asset,,,,,,경기도 김포시 장기동 2008-6,37.6410154540659,126.68505327778573,4157010400120080006,A112669001,verified,unknown,pending,,112669,이지스제472호일반사모부동산투자회사(운용),472호,운용,데이터센터,국내,사업파트,사업파트,주현식,주현식,2022-06-16,2029-11-30,,94130000000,94130000000,42730000000,51400000000,0,운용,펀드 AUM 관리_20260515.xlsx,underlying_asset,direct_owner,direct,,unallocated,True,False,,,,,,,4,136860000000,136860000000,85460000000,51400000000,0,,47734.89,,,데이터센터,,,,,,,2026-12-31,,,308400000000,308400000000,388300000000,388300000000,5,6,김포 데이터센터 개발사업,이지스 72호 웨스틴리조트 괌,
asset_fund_link,ast_0bab0f479396,김포DC 개발사업,데이터센터,physical_asset,,,,,,경기도 김포시 장기동 2008-6,37.6410154540659,126.68505327778573,4157010400120080006,A112669001,verified,unknown,pending,,112670,이지스제472호일반사모부동산투자회사(1종),472호(1종),운용,데이터센터,국내,사업파트,사업파트,주현식,주현식,2022-07-15,2029-11-30,,27430000000,27430000000,27430000000,0,0,운용,펀드 AUM 관리_20260515.xlsx,underlying_asset,direct_owner,direct,,unallocated,True,False,,,,,,,4,136860000000,136860000000,85460000000,51400000000,0,,47734.89,,,데이터센터,,,,,,,2026-12-31,,,308400000000,308400000000,388300000000,388300000000,5,6,김포 데이터센터 개발사업,이지스 72호 웨스틴리조트 괌,
asset_fund_link,ast_0bab0f479396,김포DC 개발사업,데이터센터,physical_asset,,,,,,경기도 김포시 장기동 2008-6,37.6410154540659,126.68505327778573,4157010400120080006,A112669001,verified,unknown,pending,,112671,이지스제472호일반사모부동산투자회사(보통주),472호(보통주),운용,데이터센터,국내,사업파트,사업파트,주현식,주현식,2022-06-16,2029-11-30,,7500000000,7500000000,7500000000,0,0,운용,펀드 AUM 관리_20260515.xlsx,underlying_asset,direct_owner,direct,,unallocated,True,False,,,,,,,4,136860000000,136860000000,85460000000,51400000000,0,,47734.89,,,데이터센터,,,,,,,2026-12-31,,,308400000000,308400000000,388300000000,388300000000,5,6,김포 데이터센터 개발사업,이지스 72호 웨스틴리조트 괌,
asset_fund_link,ast_0bab0f479396,김포DC 개발사업,데이터센터,physical_asset,,,,,,경기도 김포시 장기동 2008-6,37.6410154540659,126.68505327778573,4157010400120080006,A112669001,verified,unknown,pending,,120019,이지스제472호일반사모부동산투자회사(A종),472호(A종),운용,데이터센터,국내,사업파트,사업파트,주현식,주현식,2024-01-15,2029-11-30,,7800000000,7800000000,7800000000,0,0,운용,펀드 AUM 관리_20260515.xlsx,underlying_asset,direct_owner,direct,,unallocated,True,False,,,,,,,4,136860000000,136860000000,85460000000,51400000000,0,,47734.89,,,데이터센터,,,,,,,2026-12-31,,,308400000000,308400000000,388300000000,388300000000,5,6,김포 데이터센터 개발사업,이지스 72호 웨스틴리조트 괌,
asset_fund_link,ast_431f0dbd0f1f,이지스제472호일반사모부동산투자회사의 지분증권 (재간접),데이터센터,physical_asset,,,,,,,,,,A112672001,verified,unknown,not_checked,,112672,이지스일반사모부동산투자신탁제473호(운용),473호,운용,지분증권,국내,사업파트,사업파트,주현식,주현식,2022-07-14,2030-01-14,,0,0,0,0,0,운용,펀드 AUM 관리_20260515.xlsx,underlying_asset,direct_owner,direct,,unallocated,True,False,,,,,,,3,27500000000,27500000000,27500000000,0,0,,,,,데이터센터,,,,,,,,,,0,0,55000000000,55000000000,0,15,,,
asset_fund_link,ast_431f0dbd0f1f,이지스제472호일반사모부동산투자회사의 지분증권 (재간접),데이터센터,physical_asset,,,,,,,,,,A112672001,verified,unknown,not_checked,,112673,이지스일반사모부동산투자신탁제473호(1종),473호(1종),운용,지분증권,국내,사업파트,사업파트,주현식,주현식,2022-07-14,2030-01-14,,11000000000,11000000000,11000000000,0,0,운용,펀드 AUM 관리_20260515.xlsx,underlying_asset,direct_owner,direct,,unallocated,True,False,,,,,,,3,27500000000,27500000000,27500000000,0,0,,,,,데이터센터,,,,,,,,,,0,0,55000000000,55000000000,0,15,,,
asset_fund_link,ast_431f0dbd0f1f,이지스제472호일반사모부동산투자회사의 지분증권 (재간접),데이터센터,physical_asset,,,,,,,,,,A112672001,verified,unknown,not_checked,,112674,이지스일반사모부동산투자신탁제473호(2종),473호(2종),운용,지분증권,국내,사업파트,사업파트,주현식,주현식,2022-07-14,2030-01-14,,16500000000,16500000000,16500000000,0,0,운용,펀드 AUM 관리_20260515.xlsx,underlying_asset,direct_owner,direct,,unallocated,True,False,,,,,,,3,27500000000,27500000000,27500000000,0,0,,,,,데이터센터,,,,,,,,,,0,0,55000000000,55000000000,0,15,,,
asset_fund_link,ast_c73013f20dc6,이지스 468-2호 수익증권,오피스복합,physical_asset,,,,,,,,,,A112679001,verified,unknown,not_checked,,112679,이지스랜드플랫폼일반사모부동산투자신탁제1-1호,랜드플랫폼 1-1호,운용,복합(오피스),국내,CM그룹,CM그룹,홍상우,홍상우,2022-06-24,2029-06-24,,21500000000,21500000000,21500000000,0,0,운용,펀드 AUM 관리_20260515.xlsx,underlying_asset,direct_owner,direct,,unallocated,True,False,,,,,,,2,21500000000,21500000000,21500000000,0,0,,,,,오피스,,,,,,,,,,0,0,0,0,0,0,랜드플랫폼 1호,,
asset_fund_link,ast_e3a8955cec50,이지스일반사모부동산투자신탁제468-2호(2종)의 수익증권,오피스복합,physical_asset,,,,,,,,,,A112682001,verified,unknown,not_checked,,112682,이지스일반사모부동산투자신탁제468-1호,468-1호,운용,지분증권,국내,사업그룹3파트,사업그룹3파트,임한솔,임한솔,2022-06-24,2029-06-24,,56000000000,56000000000,56000000000,0,0,운용,펀드 AUM 관리_20260515.xlsx,underlying_asset,direct_owner,direct,,unallocated,True,False,,,,,,,3,56000000000,56000000000,56000000000,0,0,,,,,오피스,,,,,,,,,,0,0,56000000000,56000000000,0,6,,,
asset_fund_link,ast_fdc6a46958de,이지스제463호부동산일반사모투자회사 주식,리테일,physical_asset,,,,,,,,,,A112693001,verified,unknown,not_checked,,112693,이지스일반사모부동산투자신탁제463-1호(운용),463-1호,청산,지분증권,국내,자산관리2파트4,자산관리2파트4,임지영,임지영,2022-07-22,2025-08-22,,40300000000,40300000000,40300000000,0,0,청산,펀드 AUM 관리_20260515.xlsx,underlying_asset,direct_owner,direct,,unallocated,True,False,,,,,,,1,40300000000,40300000000,40300000000,0,0,,,,,오피스,,,,,,,,,,0,0,0,0,0,0,,,
asset_fund_link,ast_6620a797dae4,인천 가좌동 소재 개발자산 선매입,데이터센터,physical_asset,,,,,,,37.4873230944974,126.665423811152,,A112704001,verified,unknown,not_checked,,112704,이지스제475호부동산일반사모투자회사,475호,운용,데이터센터,국내,자산관리2파트3,자산관리2파트3,이우석,이우석,2022-08-26,2032-07-28,,600000000,600000000,600000000,0,0,운용,펀드 AUM 관리_20260515.xlsx,underlying_asset,direct_owner,direct,,unallocated,True,False,,,,,,,1,600000000,600000000,600000000,0,0,,,,,데이터센터,,,,,,,,,,0,0,0,0,0,0,인천 서구 가좌동 데이터센터 선매입,,
asset_fund_link,ast_b826792d7e17,비상장 상환전환우선주,,physical_asset,,,,,,,,,,A112709001,verified,unknown,not_checked,,112709,이지스 코스닥벤처 일반사모투자신탁 제1호,코스닥벤처1호,청산,기타,국내,헤지펀드운용파트,헤지펀드운용파트,이병윤,이병윤,2022-09-13,2025-09-15,,11000000000,11000000000,11000000000,0,0,청산,펀드 AUM 관리_20260515.xlsx,underlying_asset,direct_owner,direct,,unallocated,True,False,,,,,,,1,11000000000,11000000000,11000000000,0,0,,,,,기타,,,,,,,,,,0,0,0,0,0,0,,,
asset_fund_link,ast_ac998c897426,전환사채,,physical_asset,,,,,,,,,,A112709002,verified,unknown,not_checked,,112709,이지스 코스닥벤처 일반사모투자신탁 제1호,코스닥벤처1호,청산,기타,국내,헤지펀드운용파트,헤지펀드운용파트,이병윤,이병윤,2022-09-13,2025-09-15,,11000000000,11000000000,11000000000,0,0,청산,펀드 AUM 관리_20260515.xlsx,underlying_asset,direct_owner,direct,,unallocated,True,False,,,,,,,1,11000000000,11000000000,11000000000,0,0,,,,,기타,,,,,,,,,,0,0,0,0,0,0,,,
asset_fund_link,ast_4d1430b5f175,공모주,,physical_asset,,,,,,,,,,A112709003,verified,unknown,not_checked,,112709,이지스 코스닥벤처 일반사모투자신탁 제1호,코스닥벤처1호,청산,기타,국내,헤지펀드운용파트,헤지펀드운용파트,이병윤,이병윤,2022-09-13,2025-09-15,,11000000000,11000000000,11000000000,0,0,청산,펀드 AUM 관리_20260515.xlsx,underlying_asset,direct_owner,direct,,unallocated,True,False,,,,,,,38,447319774794,447319774794,447319774794,0,0,,,,,기타,,,,,,,,,,0,0,0,0,0,0,,,
asset_fund_link,ast_4d1430b5f175,공모주,,physical_asset,,,,,,,,,,A112709003,verified,unknown,not_checked,,112710,이지스 멀티인컴 일반사모투자신탁 제1호(운용),멀티인컴1호,청산,기타,국내,헤지펀드운용파트,헤지펀드운용파트,이병윤,이병윤,2022-09-15,2024-09-19,,13191446492,13191446492,13191446492,0,0,청산,펀드 AUM 관리_20260515.xlsx,underlying_asset,direct_owner,direct,,unallocated,True,False,,,,,,,38,447319774794,447319774794,447319774794,0,0,,,,,기타,,,,,,,,,,0,0,0,0,0,0,,,
asset_fund_link,ast_f230c76d6975,"AA- 이상 채권, 국내 상장 리츠, 공모주, 스팩",,physical_asset,,,,,,,,,,A112710001,verified,unknown,not_checked,,112710,이지스 멀티인컴 일반사모투자신탁 제1호(운용),멀티인컴1호,청산,기타,국내,헤지펀드운용파트,헤지펀드운용파트,이병윤,이병윤,2022-09-15,2024-09-19,,13191446492,13191446492,13191446492,0,0,청산,펀드 AUM 관리_20260515.xlsx,underlying_asset,direct_owner,direct,,unallocated,True,False,,,,,,,5,36195427790,36195427790,36195427790,0,0,,,,,기타,,,,,,,,,,0,0,0,0,0,0,,,
asset_fund_link,ast_4ffe4ac306f2,이지스 멀티인컴 일반사모투자신탁 제1호(운용),,physical_asset,,,,,,,,,,A112710003,auto_created,unknown,not_checked,,112710,이지스 멀티인컴 일반사모투자신탁 제1호(운용),멀티인컴1호,청산,기타,국내,헤지펀드운용파트,헤지펀드운용파트,이병윤,이병윤,2022-09-15,2024-09-19,,13191446492,13191446492,13191446492,0,0,청산,펀드 AUM 관리_20260515.xlsx,underlying_asset,direct_owner,direct,,unallocated,True,False,,,,,,,1,13191446492,13191446492,13191446492,0,0,,,,,기타,,,,,,,,,,0,0,0,0,0,0,,,
asset_fund_link,ast_1bf3c754cc2c,LA Wilshire Grand Center Senior Loan,,physical_asset,,,,,Los Angeles,"900 Wilshire Boulevard, Los Angeles, California",,,,A112718001,verified,unknown,not_checked,,112718,이지스미국일반사모부동산투자신탁485호,485호,청산,복합(오피스),해외,"글로벌자산관리1파트2, SS&C TF","글로벌자산관리1파트2, SS&C TF",윤주성,윤주성,2022-10-26,2024-07-02,,24284658807,24284658807,24284658807,0,0,청산,펀드 AUM 관리_20260515.xlsx,underlying_asset,direct_owner,direct,,unallocated,True,False,,,,,,,2,24284658807,24284658807,24284658807,0,0,10941.1,,,,오피스,,73,,,1092,,2017-06-23,,,0,0,0,0,0,0,,,
asset_fund_link,ast_1bf3c754cc2c,LA Wilshire Grand Center Senior Loan,,physical_asset,,,,,Los Angeles,"900 Wilshire Boulevard, Los Angeles, California",,,,A112718001,verified,unknown,not_checked,,112523,이지스글로벌일반사모투자신탁398호,398호,청산,복합(오피스),해외,"글로벌자산관리1파트2, SS&C TF","글로벌자산관리1파트2, SS&C TF",윤주성,윤주성,2021-01-27,2022-09-30,,0,0,0,0,0,청산,펀드 AUM 관리_20260515.xlsx,underlying_asset,direct_owner,direct,,unallocated,True,False,,,,,,,2,24284658807,24284658807,24284658807,0,0,10941.1,,,,오피스,,73,,,1092,,2017-06-23,,,0,0,0,0,0,0,,,
asset_fund_link,ast_930b2bd97924,공동주택,주거,physical_asset,,,,,,부산시 해운대 중동 256-5번지 일원,35.16954320981566,129.17235662182054,2635010600102560005,A112719001,verified,unknown,pending,,112719,이지스해운대일반사모부동산투자신탁제1호,해운대1호,운용,주거,국내,투자3그룹1파트,투자3그룹1파트,심동민,심동민,2022-11-21,2028-01-21,,42500000000,42500000000,9000000000,33500000000,0,운용,펀드 AUM 관리_20260515.xlsx,underlying_asset,direct_owner,direct,,unallocated,True,False,,,,,,,1,42500000000,42500000000,9000000000,33500000000,0,,16486.0,,,주거,,,,,,,2027-09-30,,,0,0,9000000000,9000000000,0,3,오산 청학동 공동주택 개발사업 | 부산 범천동 공동주택 개발사업,,
asset_fund_link,ast_f78917a3690c,Apollo European Principal Finance Fund IV,오피스복합,physical_asset,,,,,,,,,,A11273901,auto_created,unknown,not_checked,,112739,이지스아폴로유럽디스트레스일반사모투자신탁487호,487호,운용,기타,해외,글로벌자산관리1파트2,글로벌자산관리1파트2,유진선,유진선,2023-08-02,2032-08-02,,52267442000,21723305297,52267442000,0,0,운용,펀드 AUM 관리_20260515.xlsx,underlying_asset,direct_owner,direct,,unallocated,True,False,,,,,,,1,52267442000,21723305297,52267442000,0,0,,,,,오피스복합,,,,,,,,,,0,0,0,0,0,0,Apollo European Principal Finance Fund IV,,
asset_fund_link,ast_3a760d38807f,"AA- 이상 채권, 국내 상장 리츠, 공모주, 스팩",,physical_asset,,,,,,,,,,A112740001,verified,unknown,not_checked,,112740,이지스 멀티인컴 일반사모투자신탁 제2호(운용),멀티인컴2호,청산,기타,국내,헤지펀드운용파트,헤지펀드운용파트,유윤재,유윤재,2022-12-09,2025-12-15,,20442376340,20442376340,20442376340,0,0,청산,펀드 AUM 관리_20260515.xlsx,underlying_asset,direct_owner,direct,,unallocated,True,False,,,,,,,4,41242376340,41242376340,41242376340,0,0,,,,,기타,,,,,,,,,,0,0,0,0,0,0,,,
asset_fund_link,ast_62dfd826ce2e,"공모주, 스팩",,physical_asset,,,,,,,,,,A112744001,verified,unknown,not_checked,,112744,이지스 공모주 일반사모투자신탁 제1호,공모주1호,운용,기타,국내,헤지펀드운용파트,헤지펀드운용파트,이병윤,이병윤,2022-12-09,,,8957557243,8957557243,8957557243,0,0,운용,펀드 AUM 관리_20260515.xlsx,underlying_asset,direct_owner,direct,,unallocated,True,False,,,,,,,2,22970321821,22970321821,22970321821,0,0,,,,,기타,,,,,,,,,,0,0,0,0,0,0,,,
asset_fund_link,ast_512881449c97,안산 초지동 데이터센터,데이터센터,physical_asset,,,,,,경기도 안산시 초지동 624-3,37.30366558671015,126.80134009752774,4127310700106240003,A112748001,verified,unknown,pending,,112748,이지스안산부동산일반사모모투자회사,안산,운용,데이터센터,국내,사업파트,사업파트,양진수,양진수,2022-12-23,2030-06-16,,95450000000,126451083000,10350000000,85100000000,0,운용,펀드 AUM 관리_20260515.xlsx,underlying_asset,direct_owner,direct,,unallocated,True,False,,,,,,,2,95450000000,126451083000,10350000000,85100000000,0,,,,,데이터센터,,,,,,,,,,0,0,205100000000,62100000000,0,3,안산 글로벌클라우드센터 개발,,
asset_fund_link,ast_2ee9ca3d2082,"해외 주식, 채권, ETF",,physical_asset,,,,,,,,,,A112756001,verified,unknown,not_checked,,112756,이지스T-프런티어일반사모투자신탁제1호(운용),T-프런티어1호,운용,기타,해외,헤지펀드운용파트,헤지펀드운용파트,김정훈,김정훈,2023-02-27,,,21631278909,21631278909,21631278909,0,0,운용,펀드 AUM 관리_20260515.xlsx,underlying_asset,direct_owner,direct,,unallocated,True,False,,,,,,,5,21631278909,21631278909,21631278909,0,0,,,,,기타,,,,,,,,,,0,0,10100000000,10100000000,0,5,,,
asset_fund_link,ast_2ee9ca3d2082,"해외 주식, 채권, ETF",,physical_asset,,,,,,,,,,A112756001,verified,unknown,not_checked,,112757,이지스코어멀티에셋EMP일반사모투자신탁제1호(Class A),T-프런티어1호(A),미설정,기타,해외,헤지펀드운용파트,헤지펀드운용파트,김정훈,김정훈,2023-02-27,2023-02-27,,,,,,,,펀드 AUM 관리_20260515.xlsx,underlying_asset,direct_owner,direct,,unallocated,True,False,,,,,,,5,21631278909,21631278909,21631278909,0,0,,,,,기타,,,,,,,,,,0,0,10100000000,10100000000,0,5,,,
asset_fund_link,ast_2ee9ca3d2082,"해외 주식, 채권, ETF",,physical_asset,,,,,,,,,,A112756001,verified,unknown,not_checked,,112758,이지스코어멀티에셋EMP일반사모투자신탁제1호(Class C),T-프런티어1호(C),미설정,기타,해외,헤지펀드운용파트,헤지펀드운용파트,김정훈,김정훈,2023-02-27,2023-02-27,,,,,,,,펀드 AUM 관리_20260515.xlsx,underlying_asset,direct_owner,direct,,unallocated,True,False,,,,,,,5,21631278909,21631278909,21631278909,0,0,,,,,기타,,,,,,,,,,0,0,10100000000,10100000000,0,5,,,
asset_fund_link,ast_2ee9ca3d2082,"해외 주식, 채권, ETF",,physical_asset,,,,,,,,,,A112756001,verified,unknown,not_checked,,112759,이지스T-프런티어일반사모투자신탁제1호(Class C-i),T-프런티어1호(C-i),운용,기타,해외,헤지펀드운용파트,헤지펀드운용파트,김정훈,김정훈,2023-02-27,,,0,0,0,0,0,운용,펀드 AUM 관리_20260515.xlsx,underlying_asset,direct_owner,direct,,unallocated,True,False,,,,,,,5,21631278909,21631278909,21631278909,0,0,,,,,기타,,,,,,,,,,0,0,10100000000,10100000000,0,5,,,
asset_fund_link,ast_2ee9ca3d2082,"해외 주식, 채권, ETF",,physical_asset,,,,,,,,,,A112756001,verified,unknown,not_checked,,112760,이지스T-프런티어일반사모투자신탁제1호(Class C-S),T-프런티어1호(C-S),운용,기타,해외,헤지펀드운용파트,헤지펀드운용파트,김정훈,김정훈,2023-02-27,,,0,0,0,0,0,운용,펀드 AUM 관리_20260515.xlsx,underlying_asset,direct_owner,direct,,unallocated,True,False,,,,,,,5,21631278909,21631278909,21631278909,0,0,,,,,기타,,,,,,,,,,0,0,10100000000,10100000000,0,5,,,
asset_fund_link,ast_3201a934e6fd,수익/지분증권,,physical_asset,,,,,,,,,,A112774001,verified,unknown,not_checked,,112774,이지스일반사모부동산투자신탁제508호(운용),508호(운용),운용,지분증권,국내,사업파트,사업파트,김태영,김태영,2023-03-16,2028-03-16,,0,0,0,0,0,운용,펀드 AUM 관리_20260515.xlsx,underlying_asset,direct_owner,direct,,unallocated,True,False,,,,,,,4,0,0,0,0,0,,,,,특별자산,,,,,,,,,,0,0,0,0,0,0,,,
asset_fund_link,ast_cad3ca04538a,"메자닌, 공모주, 스팩, 이벤트 드리븐",,physical_asset,,,,,,,,,,A112782001,verified,unknown,not_checked,,112782,이지스 멀티플러스 일반사모투자신탁 제1호,멀티플러스1호,청산,기타,국내,헤지펀드운용파트,헤지펀드운용파트,이병윤,이병윤,2023-03-27,2026-03-27,,9000000000,9000000000,9000000000,0,0,청산,펀드 AUM 관리_20260515.xlsx,underlying_asset,direct_owner,direct,,unallocated,True,False,,,,,,,1,9000000000,9000000000,9000000000,0,0,,,,,기타,,,,,,,,,,0,0,0,0,0,0,,,
asset_fund_link,ast_0f622a720449,"Partners Group Tactical Real Estate Fund, L.P.",,physical_asset,,,,,,,,,,A11279001,auto_created,unknown,not_checked,,112790,이지스글로벌일반사모부동산투자신탁503호(재간접형),503호,운용,기타,해외,글로벌자산관리2파트1,글로벌자산관리2파트1,이진희,이진희,2023-11-23,2036-11-23,,163163000000,46566130347,163163000000,0,0,운용,펀드 AUM 관리_20260515.xlsx,underlying_asset,direct_owner,direct,,unallocated,True,False,,,,,,,1,163163000000,46566130347,163163000000,0,0,,,,,기타,,,,,,,,,,0,0,0,0,0,0,"Partners Group Tactical Real Estate Fund, L.P.",,
asset_fund_link,ast_3f19dc443d1d,"StepStone Secondary Opportunities Fund V Offshore, L.P.",,physical_asset,,,,,,,,,,A11279501,auto_created,unknown,not_checked,,112795,이지스스텝스톤세컨더리일반사모투자신탁491호,491호,운용,기타,해외,글로벌자산관리2파트2,글로벌자산관리2파트2,김규식,김규식,2023-10-27,2034-10-27,,81581500000,28049988056,81581500000,0,0,운용,펀드 AUM 관리_20260515.xlsx,underlying_asset,direct_owner,direct,,unallocated,True,False,,,,,,,3,156933140000,57214755273,156933140000,0,0,,,,,기타,,,,,,,,,,0,0,0,0,0,0,"StepStone Secondary Opportunities Fund V Offshore, L.P.",,
asset_fund_link,ast_3f19dc443d1d,"StepStone Secondary Opportunities Fund V Offshore, L.P.",,physical_asset,,,,,,,,,,A11279501,auto_created,unknown,not_checked,,200012,이지스스텝스톤세컨더리일반사모투자신탁506호,506호,운용,기타,해외,글로벌자산관리2파트2,글로벌자산관리2파트2,김규식,김규식,2024-02-02,2039-02-02,,45537310000,15853695992,45537310000,0,0,운용,펀드 AUM 관리_20260515.xlsx,underlying_asset,direct_owner,direct,,unallocated,True,False,,,,,,,3,156933140000,57214755273,156933140000,0,0,,,,,기타,,,,,,,,,,0,0,0,0,0,0,"StepStone Secondary Opportunities Fund V Offshore, L.P.",,
asset_fund_link,ast_3f19dc443d1d,"StepStone Secondary Opportunities Fund V Offshore, L.P.",,physical_asset,,,,,,,,,,A11279501,auto_created,unknown,not_checked,,200013,이지스스텝스톤세컨더리일반사모투자신탁514호,514호,운용,지분증권,해외,글로벌자산관리2파트2,글로벌자산관리2파트2,김규식,김규식,2024-05-30,2037-05-30,,29814330000,13311071225,29814330000,0,0,운용,펀드 AUM 관리_20260515.xlsx,underlying_asset,direct_owner,direct,,unallocated,True,False,,,,,,,3,156933140000,57214755273,156933140000,0,0,,,,,기타,,,,,,,,,,0,0,0,0,0,0,"StepStone Secondary Opportunities Fund V Offshore, L.P.",,
asset_fund_link,ast_9e6791cd4061,성내동 개발부지 담보대출(브릿지론),,physical_asset,,,,KR,,,37.5365185283887,127.129002233997,,A112798001,verified,unknown,not_checked,,112799,이지스천호스페셜시츄에이션일반사모부동산투자신탁(1종),천호SS(1종),청산,NPL,국내,포트폴리오관리,포트폴리오관리,박유진,박유진,2023-05-03,2025-12-03,,36000000000,36000000000,36000000000,0,0,청산,펀드 AUM 관리_20260515.xlsx,underlying_asset,direct_owner,direct,,unallocated,True,False,,,,,,,3,120000000000,60001000000,120000000000,0,0,,,,,주거,,,,,,,,,,0,0,0,0,0,0,천호 스페셜시츄에이션,,
asset_fund_link,ast_9e6791cd4061,성내동 개발부지 담보대출(브릿지론),,physical_asset,,,,KR,,,37.5365185283887,127.129002233997,,A112798001,verified,unknown,not_checked,,112800,이지스천호스페셜시츄에이션일반사모부동산투자신탁(2종),천호SS(2종),청산,NPL,국내,포트폴리오관리,포트폴리오관리,박유진,박유진,2023-05-03,2025-12-03,,24000000000,24000000000,24000000000,0,0,청산,펀드 AUM 관리_20260515.xlsx,underlying_asset,direct_owner,direct,,unallocated,True,False,,,,,,,3,120000000000,60001000000,120000000000,0,0,,,,,주거,,,,,,,,,,0,0,0,0,0,0,천호 스페셜시츄에이션,,
asset_fund_link,ast_9e6791cd4061,성내동 개발부지 담보대출(브릿지론),,physical_asset,,,,KR,,,37.5365185283887,127.129002233997,,A112798001,verified,unknown,not_checked,,112798,이지스천호스페셜시츄에이션일반사모부동산투자신탁(운용),천호SS(운용),청산,NPL,국내,포트폴리오관리,포트폴리오관리,박유진,박유진,2023-05-03,2025-12-03,,60000000000,1000000,60000000000,0,0,청산,펀드 AUM 관리_20260515.xlsx,underlying_asset,direct_owner,direct,,unallocated,True,False,,,,,,,3,120000000000,60001000000,120000000000,0,0,,,,,주거,,,,,,,,,,0,0,0,0,0,0,천호 스페셜시츄에이션,,
asset_fund_link,ast_bd9afab36d26,이지스일반사모부동산투자신탁제439호,데이터센터,physical_asset,,,,,,경기도 고양시 덕양구 오금동 690번지,37.665509018851424,126.92121790170717,4128111000106900000,A112802001,verified,unknown,pending,,112802,이지스플랫폼케이디씨아이피2부동산일반사모투자회사,KDCIP 2호,운용,데이터센터,국내,GPI1,GPI1,황보경,황보경,2023-06-21,2030-05-23,,190000000000,109166382000,190000000000,0,0,운용,펀드 AUM 관리_20260515.xlsx,underlying_asset,direct_owner,direct,,unallocated,True,False,,,,,,,2,190000000000,109166382000,190000000000,0,0,,,,,데이터센터,,,,,,,,,,0,0,190000000000,109166382000,0,3,KDCIP 2호,,
asset_fund_link,ast_4ae20e9370ca,ARDIAN Infrastructure Fund VI,오피스복합,physical_asset,,,,,,,,,,A11280301,auto_created,unknown,not_checked,,112803,이지스아디안유럽인프라일반사모혼합자산투자신탁제494호(재간접),494호,운용,특별자산,해외,글로벌자산관리2파트2,글로벌자산관리2파트2,오지원,오지원,2023-09-01,2036-09-01,,86535500000,19111942913,86535500000,0,0,운용,펀드 AUM 관리_20260515.xlsx,underlying_asset,direct_owner,direct,,unallocated,True,False,,,,,,,1,86535500000,19111942913,86535500000,0,0,,,,,오피스복합,,,,,,,,,,0,0,0,0,0,0,ARDIAN Infrastructure Fund VI,,
asset_fund_link,ast_6c15b114075c,용산더프라임,오피스,physical_asset,,,,KR,,서울특별시 용산구 원효로1가 121-90,37.53866648630111,126.96897343509582,1117011200101210090,A12000801,auto_created,unknown,found,2026-06-01T06:59:04.501823+00:00,120009,이지스용산오피스일반사모부동산투자신탁제518호(1종),518호(1종),운용,오피스,국내,자산관리3파트2,자산관리3파트2,안정훈,안정훈,2023-08-11,2028-08-11,,0,0,0,0,0,운용,펀드 AUM 관리_20260515.xlsx,underlying_asset,direct_owner,direct,,unallocated,True,False,,,,,,,3,285452510010,284152510010,75900000000,204000000000,5552510010,66.1,88.39,74.31,133.72,제1종근린생활시설,벽돌구조,2,0,,,7.1,1997-06-14,BldRgstHubService.getBrTitleInfo,0.95,0,0,0,0,0,0,용산 더프라임,이지스 518호 용산더프라임,
asset_fund_link,ast_6c15b114075c,용산더프라임,오피스,physical_asset,,,,KR,,서울특별시 용산구 원효로1가 121-90,37.53866648630111,126.96897343509582,1117011200101210090,A12000801,auto_created,unknown,found,2026-06-01T06:59:04.501823+00:00,120010,이지스용산오피스일반사모부동산투자신탁제518호(2종),518호(2종),운용,오피스,국내,자산관리3파트2,자산관리3파트2,안정훈,안정훈,2023-08-11,2028-08-11,,0,0,0,0,0,운용,펀드 AUM 관리_20260515.xlsx,underlying_asset,direct_owner,direct,,unallocated,True,False,,,,,,,3,285452510010,284152510010,75900000000,204000000000,5552510010,66.1,88.39,74.31,133.72,제1종근린생활시설,벽돌구조,2,0,,,7.1,1997-06-14,BldRgstHubService.getBrTitleInfo,0.95,0,0,0,0,0,0,용산 더프라임,이지스 518호 용산더프라임,
asset_fund_link,ast_6c15b114075c,용산더프라임,오피스,physical_asset,,,,KR,,서울특별시 용산구 원효로1가 121-90,37.53866648630111,126.96897343509582,1117011200101210090,A12000801,auto_created,unknown,found,2026-06-01T06:59:04.501823+00:00,120008,이지스용산오피스일반사모부동산투자신탁제518호,518호,운용,오피스,국내,자산관리3파트2,자산관리3파트2,안정훈,안정훈,2023-08-11,2028-08-11,,285452510010,284152510010,75900000000,204000000000,5552510010,운용,펀드 AUM 관리_20260515.xlsx,underlying_asset,direct_owner,direct,,unallocated,True,False,,,,,,,3,285452510010,284152510010,75900000000,204000000000,5552510010,66.1,88.39,74.31,133.72,제1종근린생활시설,벽돌구조,2,0,,,7.1,1997-06-14,BldRgstHubService.getBrTitleInfo,0.95,0,0,0,0,0,0,용산 더프라임,이지스 518호 용산더프라임,
asset_fund_link,ast_db8623f6f559,에스엔에스랩,기업주식,physical_asset,,,,,,,,,,A120017001,verified,unknown,not_checked,,120017,이지스일반사모투자신탁534호,534호,운용,지분증권,국내,GPI1,GPI1,황보경,황보경,2024-01-30,2029-03-02,,4500000000,4500000000,4500000000,0,0,운용,펀드 AUM 관리_20260515.xlsx,underlying_asset,direct_owner,direct,,unallocated,True,False,,,,,,,1,4500000000,4500000000,4500000000,0,0,,,,,특별자산,,,,,,,,,,0,0,4500000000,4500000000,0,2,에스엔에스랩,,
asset_fund_link,ast_726cfaffb03f,신영문봉PFV의 대출채권 및 지분증권,데이터센터,physical_asset,,,,,,경기도 고양시 일산동구 문봉동 16-21 외,37.699487725858745,126.83479568950088,4128511200100160021,A120018001,verified,unknown,pending,,120018,이지스랜드플랫폼일반사모부동산투자신탁제1-2호,랜드플랫폼1-2호,청산,지분증권,국내,CM그룹,CM그룹,홍상우,홍상우,2023-12-28,2026-02-13,,2415665295,2415665295,2415665295,0,0,청산,펀드 AUM 관리_20260515.xlsx,underlying_asset,direct_owner,direct,,unallocated,True,False,,,,,,,1,2415665295,2415665295,2415665295,0,0,,48404.0,,,주거,,,,,,,,,,0,0,0,0,0,0,,,
asset_fund_link,ast_38527bcff111,성수동2가 268-2 업무시설 개발사업 브릿지대출,오피스,physical_asset,,,,KR,,,37.5400947390122,127.05910603422,,A120037001,verified,unknown,not_checked,,120037,이지스 성수PF재구조화 일반사모부동산투자신탁(운용),성수 PF재구조화(운용),청산,NPL,국내,스페셜시츄에이션그룹2파트,스페셜시츄에이션그룹2파트,구본혁,구본혁,2024-05-09,2024-08-02,,61000000000,61000000000,61000000000,,0,청산,펀드 AUM 관리_20260515.xlsx,underlying_asset,direct_owner,direct,,unallocated,True,False,,,,,,,3,61000000000,61000000000,61000000000,0,0,,,,,오피스,,,,,,,,,,0,0,0,0,0,0,,,
asset_fund_link,ast_8574787ff3ec,성수 빅트라이앵글B/L(이지스성수PF재구조화 2종 수익증권),오피스,physical_asset,,,,KR,,서울특별시 성동구 성수동 268-2번지 외 2필지,37.54009477675163,127.05910603421964,1120011500102680002,A120038001,verified,unknown,pending,,120038,이지스국내PF재구조화 일반사모부동산모투자신탁 제1-1호,국내PF재구조화1-1호(모),청산,NPL,국내,스페셜시츄에이션그룹2파트,스페셜시츄에이션그룹2파트,구본혁,구본혁,2024-05-08,2024-08-06,,19900000000,19900000000,19900000000,0,0,청산,펀드 AUM 관리_20260515.xlsx,underlying_asset,direct_owner,direct,,unallocated,True,False,,,,,,,1,19900000000,19900000000,19900000000,0,0,2247.0,21422.17,,,오피스,,,,,,,2027-06-30,,,0,0,0,0,0,0,,,
asset_fund_link,ast_4e15ca971054,"부실 및 부실우려 PF사업장 대출채권, 대출, 지분 등에 투자하는 모집합투자기구(모자형 블라인드 펀드)",금융상품,physical_asset,,,,,,,,,,A120039001,verified,unknown,not_checked,,120039,이지스국내PF재구조화 일반사모부동산자투자신탁 제1호,국내PF재구조화1호(자),운용,NPL,국내,CM그룹,CM그룹,박현우,박현우,2024-05-08,2032-05-08,,200000000000,101300000000,200000000000,0,0,운용,펀드 AUM 관리_20260515.xlsx,underlying_asset,direct_owner,direct,,unallocated,True,False,,,,,,,1,200000000000,101300000000,200000000000,0,0,,,,,특별자산,,,,,,,,,,0,0,200000000000,50900000000,0,6,국내 PF 재구조화 1호,,
asset_fund_link,ast_b0956b6f4029,이지스산업단지환경개선일반사모부동산투자신탁제1호,,physical_asset,,,,,,,,,,A12004401,auto_created,unknown,not_checked,,120044,이지스산업단지환경개선일반사모부동산투자신탁제1호,산단1호,운용,지분증권,국내,CM그룹,CM그룹,권종엽,권종엽,2024-07-17,2049-07-17,,0,0,0,0,0,운용,펀드 AUM 관리_20260515.xlsx,underlying_asset,direct_owner,direct,,unallocated,True,False,,,,,,,1,0,0,0,0,0,,24522.0,,,주거,,,,,,,,,,0,0,0,0,0,0,산업단지환경개선펀드 1호,,
asset_fund_link,ast_2d9d0a468e18,한림그린에너지 주식 및 대여금,,physical_asset,,,,,,,,,,A120045001,verified,unknown,not_checked,,120045,이지스코어에너지인프라일반사모투자신탁제1호,코어에너지1호,운용,특별자산,국내,인프라전략1파트,인프라전략1파트,권윤화,권윤화,2024-07-25,2031-07-25,,26030000000,22366053732,26030000000,0,0,운용,펀드 AUM 관리_20260515.xlsx,underlying_asset,direct_owner,direct,,unallocated,True,False,,,,,,,1,26030000000,22366053732,26030000000,0,0,,,,,특별자산,,,,,,,,,,0,0,0,0,0,0,,,
asset_fund_link,ast_112711a59b76,코어그린에너지 주식 및 대여금,,physical_asset,,,,,,,,,,A120045002,verified,unknown,not_checked,,120045,이지스코어에너지인프라일반사모투자신탁제1호,코어에너지1호,운용,특별자산,국내,인프라전략1파트,인프라전략1파트,권윤화,권윤화,2024-07-25,2031-07-25,,26030000000,22366053732,26030000000,0,0,운용,펀드 AUM 관리_20260515.xlsx,underlying_asset,direct_owner,direct,,unallocated,True,False,,,,,,,1,26030000000,22366053732,26030000000,0,0,,,,,특별자산,,,,,,,,,,0,0,0,0,0,0,,,
asset_fund_link,ast_667927af8983,이지스유에이치 주식 및 대여금,,physical_asset,,,,,,,,,,A120045003,verified,unknown,not_checked,,120045,이지스코어에너지인프라일반사모투자신탁제1호,코어에너지1호,운용,특별자산,국내,인프라전략1파트,인프라전략1파트,권윤화,권윤화,2024-07-25,2031-07-25,,26030000000,22366053732,26030000000,0,0,운용,펀드 AUM 관리_20260515.xlsx,underlying_asset,direct_owner,direct,,unallocated,True,False,,,,,,,2,41330000000,32494972092,41330000000,0,0,,,,,특별자산,,,,,,,,,,0,0,15300000000,10068800000,0,2,,,
asset_fund_link,ast_667927af8983,이지스유에이치 주식 및 대여금,,physical_asset,,,,,,,,,,A120045003,verified,unknown,not_checked,,120048,이지스코어에너지인프라일반사모투자신탁제1-A호,코어인프라1-A호,운용,특별자산,국내,인프라전략1파트,인프라전략1파트,권윤화,권윤화,2024-07-29,2031-07-29,,15300000000,10128918360,15300000000,0,0,운용,펀드 AUM 관리_20260515.xlsx,underlying_asset,direct_owner,direct,,unallocated,True,False,,,,,,,2,41330000000,32494972092,41330000000,0,0,,,,,특별자산,,,,,,,,,,0,0,15300000000,10068800000,0,2,,,
asset_fund_link,ast_b37ed37a3540,유에이치파워 대여금,,physical_asset,,,,,,,,,,A120045004,verified,unknown,not_checked,,120045,이지스코어에너지인프라일반사모투자신탁제1호,코어에너지1호,운용,특별자산,국내,인프라전략1파트,인프라전략1파트,권윤화,권윤화,2024-07-25,2031-07-25,,26030000000,22366053732,26030000000,0,0,운용,펀드 AUM 관리_20260515.xlsx,underlying_asset,direct_owner,direct,,unallocated,True,False,,,,,,,2,41330000000,32494972092,41330000000,0,0,,,,,특별자산,,,,,,,,,,0,0,0,0,0,0,,,
asset_fund_link,ast_b37ed37a3540,유에이치파워 대여금,,physical_asset,,,,,,,,,,A120045004,verified,unknown,not_checked,,120048,이지스코어에너지인프라일반사모투자신탁제1-A호,코어인프라1-A호,운용,특별자산,국내,인프라전략1파트,인프라전략1파트,권윤화,권윤화,2024-07-29,2031-07-29,,15300000000,10128918360,15300000000,0,0,운용,펀드 AUM 관리_20260515.xlsx,underlying_asset,direct_owner,direct,,unallocated,True,False,,,,,,,2,41330000000,32494972092,41330000000,0,0,,,,,특별자산,,,,,,,,,,0,0,0,0,0,0,,,
asset_fund_link,ast_12a2b6420432,와이에이치파워1 주식,,physical_asset,,,,,,,,,,A120045005,verified,unknown,not_checked,,120045,이지스코어에너지인프라일반사모투자신탁제1호,코어에너지1호,운용,특별자산,국내,인프라전략1파트,인프라전략1파트,권윤화,권윤화,2024-07-25,2031-07-25,,26030000000,22366053732,26030000000,0,0,운용,펀드 AUM 관리_20260515.xlsx,underlying_asset,direct_owner,direct,,unallocated,True,False,,,,,,,1,26030000000,22366053732,26030000000,0,0,,,,,특별자산,,,,,,,,,,0,0,0,0,0,0,,,
asset_fund_link,ast_0aa438f94f1a,와이에이치파워2 주식,,physical_asset,,,,,,,,,,A120045006,verified,unknown,not_checked,,120045,이지스코어에너지인프라일반사모투자신탁제1호,코어에너지1호,운용,특별자산,국내,인프라전략1파트,인프라전략1파트,권윤화,권윤화,2024-07-25,2031-07-25,,26030000000,22366053732,26030000000,0,0,운용,펀드 AUM 관리_20260515.xlsx,underlying_asset,direct_owner,direct,,unallocated,True,False,,,,,,,1,26030000000,22366053732,26030000000,0,0,,,,,특별자산,,,,,,,,,,0,0,26030000000,22475725002,0,4,,,
asset_fund_link,ast_cb72bc41c781,와이에이치파워3 주식,,physical_asset,,,,,,,,,,A120045007,verified,unknown,not_checked,,120045,이지스코어에너지인프라일반사모투자신탁제1호,코어에너지1호,운용,특별자산,국내,인프라전략1파트,인프라전략1파트,권윤화,권윤화,2024-07-25,2031-07-25,,26030000000,22366053732,26030000000,0,0,운용,펀드 AUM 관리_20260515.xlsx,underlying_asset,direct_owner,direct,,unallocated,True,False,,,,,,,1,26030000000,22366053732,26030000000,0,0,,,,,특별자산,,,,,,,,,,0,0,0,0,0,0,,,
asset_fund_link,ast_70826a89921c,와이에이치파워4 주식,,physical_asset,,,,,,,,,,A120045008,verified,unknown,not_checked,,120045,이지스코어에너지인프라일반사모투자신탁제1호,코어에너지1호,운용,특별자산,국내,인프라전략1파트,인프라전략1파트,권윤화,권윤화,2024-07-25,2031-07-25,,26030000000,22366053732,26030000000,0,0,운용,펀드 AUM 관리_20260515.xlsx,underlying_asset,direct_owner,direct,,unallocated,True,False,,,,,,,1,26030000000,22366053732,26030000000,0,0,,,,,특별자산,,,,,,,,,,0,0,0,0,0,0,,,
asset_fund_link,ast_8463e9312b39,이지스 코어에너지인프라 1호 수익증권,,physical_asset,,,,,,,,,,A120046001,verified,unknown,not_checked,,120046,이지스코어에너지인프라일반사모투자신탁제1호(1종),코어인프라1호(1종),운용,특별자산,국내,인프라전략1파트,인프라전략1파트,권윤화,권윤화,2024-07-25,2031-07-25,,22030000000,19021906331,22030000000,0,0,운용,펀드 AUM 관리_20260515.xlsx,underlying_asset,direct_owner,direct,,unallocated,True,False,,,,,,,2,26030000000,22475725002,26030000000,0,0,,,,,특별자산,,,,,,,,,,0,0,0,0,0,0,,,
asset_fund_link,ast_8463e9312b39,이지스 코어에너지인프라 1호 수익증권,,physical_asset,,,,,,,,,,A120046001,verified,unknown,not_checked,,120047,이지스코어에너지인프라일반사모투자신탁제1호(2종),코어인프라1호(2종),운용,특별자산,국내,인프라전략1파트,인프라전략1파트,권윤화,권윤화,2024-07-25,2031-07-25,,4000000000,3453818671,4000000000,0,0,운용,펀드 AUM 관리_20260515.xlsx,underlying_asset,direct_owner,direct,,unallocated,True,False,,,,,,,2,26030000000,22475725002,26030000000,0,0,,,,,특별자산,,,,,,,,,,0,0,0,0,0,0,,,
asset_fund_link,ast_71252a1db077,수서 역세권B1-3BL B/L(이지스수서PF재구조화 2종 수익증권),주거,physical_asset,,,,KR,,서울특별시 강남구 자곡동 198 (수서역세권 공공주택지구 B1-3BL),37.48088795098583,127.10611587399231,1168011200101980000,A120049001,verified,unknown,pending,,120049,이지스국내PF재구조화일반사모부동산모투자신탁제1-2호,국내PF재구조화1-2호(모),청산,NPL,국내,스페셜시츄에이션그룹2파트,스페셜시츄에이션그룹2파트,구본혁,구본혁,2024-08-12,2025-04-03,,30700000000,30650000000,30700000000,0,0,청산,펀드 AUM 관리_20260515.xlsx,underlying_asset,direct_owner,direct,,unallocated,True,False,,,,,,,1,30700000000,30650000000,30700000000,0,0,2997.0,41249.71,,,오피스,,,,,,,,,,0,0,0,0,0,0,,,
asset_fund_link,ast_53985b2bb7f9,수서역세권 공공주택지구 B1-3BL 개발사업 브릿지대출,주거,physical_asset,,,,KR,,,37.4846656060457,127.106907614329,,A120050001,verified,unknown,not_checked,,120050,이지스수서PF재구조화일반사모부동산투자신탁,수서PF,청산,NPL,국내,"SS&C TF, 스페셜시츄에이션그룹1파트, 남사물류개발TF","SS&C TF, 스페셜시츄에이션그룹1파트, 남사물류개발TF",양우영,양우영,2024-08-13,2025-04-01,,85500000000,85371584567,85500000000,,0,청산,펀드 AUM 관리_20260515.xlsx,underlying_asset,direct_owner,direct,,unallocated,True,False,,,,,,,3,85500000000,85371584567,85500000000,0,0,,,,,주거,,,,,,,,,,0,0,0,0,0,0,수서 PF재구조화펀드,,
asset_fund_link,ast_e53c191931b7,하이파킹 대여금,,physical_asset,,,,,,,,,,A120053001,verified,unknown,not_checked,,120053,이지스한국모빌리티일반사모투자신탁제1호,모빌리티1호,운용,특별자산,국내,인프라전략1파트,인프라전략1파트,김민경,김민경,2024-09-13,2030-03-13,,25500000000,16681421512,25500000000,0,0,운용,펀드 AUM 관리_20260515.xlsx,underlying_asset,direct_owner,direct,,unallocated,True,False,,,,,,,1,25500000000,16681421512,25500000000,0,0,,,,,특별자산,,,,,,,,,,0,0,25500000000,16681421513,0,7,,,
asset_fund_link,ast_fa4bc636d98d,"금융기관 등이 보유하는 담보부 부실 대출재권, 기타 부실징후자산 및 기업관련 대출 채권 등(블라인드)",,physical_asset,,,,,,,,,,A120056001,verified,unknown,not_checked,,120056,이지스NPL일반사모부동산투자신탁제4호,NPL4호,운용,NPL,국내,포트폴리오관리,포트폴리오관리,박유진,박유진,2024-11-21,2031-11-21,,124200000000,85347522340,124200000000,0,0,운용,펀드 AUM 관리_20260515.xlsx,underlying_asset,direct_owner,direct,,unallocated,True,False,,,,,,,1,124200000000,85347522340,124200000000,0,0,,,,,특별자산,,,,,,,,,,0,0,0,0,0,0,NPL 4호 | IA 16차 유동화 | IA 15차 유동화,,
asset_fund_link,ast_92f8a9036c31,아이에이제십오차유동화전문 유한회사,특별자산,physical_asset,,,,,,,,,,A120056002,verified,unknown,not_checked,,120056,이지스NPL일반사모부동산투자신탁제4호,NPL4호,운용,NPL,국내,포트폴리오관리,포트폴리오관리,박유진,박유진,2024-11-21,2031-11-21,,124200000000,85347522340,124200000000,0,0,운용,펀드 AUM 관리_20260515.xlsx,underlying_asset,direct_owner,direct,,unallocated,True,False,,,,,,,1,124200000000,85347522340,124200000000,0,0,,,,,특별자산,,,,,,,,,,0,0,0,0,0,0,,,
asset_fund_link,ast_720898f0f98d,아이에이제십육차유동화전문 유한회사,특별자산,physical_asset,,,,,,,,,,A120056003,verified,unknown,not_checked,,120056,이지스NPL일반사모부동산투자신탁제4호,NPL4호,운용,NPL,국내,포트폴리오관리,포트폴리오관리,박유진,박유진,2024-11-21,2031-11-21,,124200000000,85347522340,124200000000,0,0,운용,펀드 AUM 관리_20260515.xlsx,underlying_asset,direct_owner,direct,,unallocated,True,False,,,,,,,1,124200000000,85347522340,124200000000,0,0,,,,,특별자산,,,,,,,,,,0,0,124200000000,85347522339,0,6,,,
asset_fund_link,ast_d148de771db5,세원이앤씨(주)의 담보부 신주인수권부 사채,,physical_asset,,,,,서울,,,,,A120057001,verified,unknown,not_checked,,120057,이지스SBW턴어라운드일반사모투자신탁,SBW턴어라운드,청산,NPL,국내,포트폴리오관리,포트폴리오관리,박유진,박유진,2024-12-05,2026-03-04,,49000000000,490000000,49000000000,0,0,청산,펀드 AUM 관리_20260515.xlsx,underlying_asset,direct_owner,direct,,unallocated,True,False,,,,,,,1,49000000000,490000000,49000000000,0,0,,,,,특별자산,,,,,,,,,,0,0,0,0,0,0,SBW 턴어라운드,,
asset_fund_link,ast_02e499cf476b,서울 서초구 반포동 64-1번지 일원 개발사업장 브릿지대출,주거,physical_asset,,,,KR,서울,서울 서초구 반포동 64-1번지 일원,37.5007955335506,127.00169879220564,1165010700100640001,A120059001,verified,unknown,pending,,120060,이지스반포스페셜시츄에이션일반사모부동산투자신탁제1-1호,반포1-1호,청산,NPL,국내,스페셜시츄에이션그룹2파트,스페셜시츄에이션그룹2파트,구본혁,구본혁,2025-02-10,2025-12-02,,9500000000,9500000000,9500000000,0,0,청산,펀드 AUM 관리_20260515.xlsx,underlying_asset,direct_owner,direct,,unallocated,True,False,,,,,,,2,104000000000,104000000000,104000000000,0,0,9293.5,,,,주거,,,,,,,,,,0,0,0,0,0,0,반포 스페셜시츄에이션,,
asset_fund_link,ast_02e499cf476b,서울 서초구 반포동 64-1번지 일원 개발사업장 브릿지대출,주거,physical_asset,,,,KR,서울,서울 서초구 반포동 64-1번지 일원,37.5007955335506,127.00169879220564,1165010700100640001,A120059001,verified,unknown,pending,,120059,이지스반포스페셜시츄에이션일반사모부동산투자신탁제1호,반포1호,청산,NPL,국내,스페셜시츄에이션그룹2파트,스페셜시츄에이션그룹2파트,구본혁,구본혁,2025-01-09,2025-12-02,,94500000000,94500000000,94500000000,0,0,청산,펀드 AUM 관리_20260515.xlsx,underlying_asset,direct_owner,direct,,unallocated,True,False,,,,,,,2,104000000000,104000000000,104000000000,0,0,9293.5,,,,주거,,,,,,,,,,0,0,0,0,0,0,반포 스페셜시츄에이션,,
asset_fund_link,ast_cd234848887e,위례Senior Living 개발사업,오피스복합,physical_asset,,,,KR,서울시,서울특별시 송파구 거여동 573-1,37.49096846138515,127.15534808977841,1171011300105730001,A120062,auto_created,unknown,pending,,120062,이지스일반사모부동산모투자회사제562호,562호,운용,복합(주거),국내,투자1그룹4파트,투자1그룹4파트,김찬솔,김찬솔,2025-03-05,2045-02-14,,15500215000,15500215000,15500215000,0,0,운용,펀드 AUM 관리_20260515.xlsx,underlying_asset,direct_owner,direct,,unallocated,True,False,,,,,,,8,41500215000,41500215000,41500215000,0,0,10136.0,,,,오피스복합,,,,,,,,,,0,0,0,0,0,0,위례 시니어리빙 개발사업,,
asset_fund_link,ast_cd234848887e,위례Senior Living 개발사업,오피스복합,physical_asset,,,,KR,서울시,서울특별시 송파구 거여동 573-1,37.49096846138515,127.15534808977841,1171011300105730001,A120062,auto_created,unknown,pending,,120064,이지스일반사모부동산자투자신탁제562의1호(1종),562의1호(1종),운용,복합(주거),국내,투자1그룹4파트,투자1그룹4파트,김찬솔,김찬솔,2025-03-05,2045-02-14,,,,,,,,펀드 AUM 관리_20260515.xlsx,underlying_asset,direct_owner,direct,,unallocated,True,False,,,,,,,8,41500215000,41500215000,41500215000,0,0,10136.0,,,,오피스복합,,,,,,,,,,0,0,0,0,0,0,위례 시니어리빙 개발사업,,
asset_fund_link,ast_cd234848887e,위례Senior Living 개발사업,오피스복합,physical_asset,,,,KR,서울시,서울특별시 송파구 거여동 573-1,37.49096846138515,127.15534808977841,1171011300105730001,A120062,auto_created,unknown,pending,,120065,이지스일반사모부동산자투자신탁제562의1호(2종),562의1호(2종),운용,복합(주거),국내,투자1그룹4파트,투자1그룹4파트,김찬솔,김찬솔,2025-03-05,2045-02-14,,,,,,,,펀드 AUM 관리_20260515.xlsx,underlying_asset,direct_owner,direct,,unallocated,True,False,,,,,,,8,41500215000,41500215000,41500215000,0,0,10136.0,,,,오피스복합,,,,,,,,,,0,0,0,0,0,0,위례 시니어리빙 개발사업,,
asset_fund_link,ast_cd234848887e,위례Senior Living 개발사업,오피스복합,physical_asset,,,,KR,서울시,서울특별시 송파구 거여동 573-1,37.49096846138515,127.15534808977841,1171011300105730001,A120062,auto_created,unknown,pending,,120066,이지스일반사모부동산자투자신탁제562의1호(3종),562의1호(3종),운용,복합(주거),국내,투자1그룹4파트,투자1그룹4파트,김찬솔,김찬솔,2025-02-14,2045-02-14,,,,,,,,펀드 AUM 관리_20260515.xlsx,underlying_asset,direct_owner,direct,,unallocated,True,False,,,,,,,8,41500215000,41500215000,41500215000,0,0,10136.0,,,,오피스복합,,,,,,,,,,0,0,0,0,0,0,위례 시니어리빙 개발사업,,
asset_fund_link,ast_cd234848887e,위례Senior Living 개발사업,오피스복합,physical_asset,,,,KR,서울시,서울특별시 송파구 거여동 573-1,37.49096846138515,127.15534808977841,1171011300105730001,A120062,auto_created,unknown,pending,,120067,이지스일반사모부동산자투자신탁제562의1호(4종),562의1호(4종),운용,복합(주거),국내,투자1그룹4파트,투자1그룹4파트,김찬솔,김찬솔,2025-06-02,2045-02-14,,,,,,,,펀드 AUM 관리_20260515.xlsx,underlying_asset,direct_owner,direct,,unallocated,True,False,,,,,,,8,41500215000,41500215000,41500215000,0,0,10136.0,,,,오피스복합,,,,,,,,,,0,0,0,0,0,0,위례 시니어리빙 개발사업,,
asset_fund_link,ast_cd234848887e,위례Senior Living 개발사업,오피스복합,physical_asset,,,,KR,서울시,서울특별시 송파구 거여동 573-1,37.49096846138515,127.15534808977841,1171011300105730001,A120062,auto_created,unknown,pending,,120068,이지스일반사모부동산자투자신탁제562의1호(5종),562의1호(5종),운용,복합(주거),국내,투자1그룹4파트,투자1그룹4파트,김찬솔,김찬솔,2025-06-02,2045-02-14,,,,,,,,펀드 AUM 관리_20260515.xlsx,underlying_asset,direct_owner,direct,,unallocated,True,False,,,,,,,8,41500215000,41500215000,41500215000,0,0,10136.0,,,,오피스복합,,,,,,,,,,0,0,0,0,0,0,위례 시니어리빙 개발사업,,
asset_fund_link,ast_cd234848887e,위례Senior Living 개발사업,오피스복합,physical_asset,,,,KR,서울시,서울특별시 송파구 거여동 573-1,37.49096846138515,127.15534808977841,1171011300105730001,A120062,auto_created,unknown,pending,,120069,이지스일반사모부동산자투자신탁제562의1호(6종),562의1호(6종),설정예정,복합(주거),국내,투자1그룹4파트,투자1그룹4파트,김찬솔,김찬솔,,,,,,,,,,펀드 AUM 관리_20260515.xlsx,underlying_asset,direct_owner,direct,,unallocated,True,False,,,,,,,8,41500215000,41500215000,41500215000,0,0,10136.0,,,,오피스복합,,,,,,,,,,0,0,0,0,0,0,위례 시니어리빙 개발사업,,
asset_fund_link,ast_6df0b80f71d4,이지스10호(2종)의  수익증권,오피스,physical_asset,,,,,,,,,,A120070001,verified,unknown,not_checked,,120070,이지스제555호부동산일반사모투자회사,555호,운용,복합(오피스),국내,"자산관리1파트1, 전략펀드운용1실","자산관리1파트1, 전략펀드운용1실",이연주,이연주,2025-02-26,2030-02-28,,157600000000,157600000000,157600000000,,,운용,펀드 AUM 관리_20260515.xlsx,underlying_asset,direct_owner,direct,,unallocated,True,False,,,,,,,1,157600000000,157600000000,157600000000,0,0,,,,,오피스,,,,,,,,,,753000000000,753000000000,315199999998,315199999998,2,3,,,
asset_fund_link,ast_30efc1e2c218,이지스경산물류제1호일반사모부동산투자회사의 1종 종류주식,물류센터,physical_asset,,,,,,,35.8737058361886,128.841410657044,,A120076001,verified,unknown,not_checked,,120076,이지스경산스페셜시츄에이션일반사모부동산투자신탁제1호,경산 SS1호,운용,NPL,국내,포트폴리오관리,포트폴리오관리,박유진,박유진,2025-06-25,2028-08-25,,31200000000,31200000000,31200000000,0,0,운용,펀드 AUM 관리_20260515.xlsx,underlying_asset,direct_owner,direct,,unallocated,True,False,,,,,,,2,31200000000,31200000000,31200000000,0,0,,,,,물류,,,,,,,,,,0,0,31200000000,31200000000,0,2,경산 스페셜시츄에이션,,
asset_fund_link,ast_9c85ee271a7f,이지스경산로지스1호(보통주),물류센터,physical_asset,,,,,,,35.8737058361886,128.841410657044,,A120081001,verified,unknown,not_checked,,120081,이지스경산로지스일반사모부동산투자신탁제1-1호(운용),경산로지스1-1호,운용,물류,국내,사업그룹4파트,사업그룹4파트,이준수,이준수,2025-06-26,2028-08-26,,0,0,0,0,0,운용,펀드 AUM 관리_20260515.xlsx,underlying_asset,direct_owner,direct,,unallocated,True,False,,,,,,,3,0,0,0,0,0,,,,,물류,,,,,,,,,,0,0,0,0,0,1,,,
asset_fund_link,ast_0555a6694264,이지스제572호부동산일반사모투자회사(1종),데이터센터,physical_asset,,,,,,,,,,A120084001,verified,unknown,not_checked,,120084,이지스산업단지환경개선일반사모부동산투자신탁제2호,산단2호,운용,지분증권,국내,CM그룹,CM그룹,권종엽,권종엽,2025-05-30,2035-05-30,,0,0,0,0,0,운용,펀드 AUM 관리_20260515.xlsx,underlying_asset,direct_owner,direct,,unallocated,True,False,,,,,,,3,0,0,0,0,0,,,,,데이터센터,,,,,,,,,,0,0,0,0,0,3,산업단지환경개선펀드 2호,,
asset_fund_link,ast_bd54043679c9,"재생에너지 플랫폼회사(""HoldCo"")에 대한 지분 및 주주대여금",,physical_asset,,,,,,,,,,A120091001,verified,unknown,not_checked,,120091,이지스RE100솔라일반사모투자신탁제1호(운용),RE100솔라1호,운용,특별자산,국내,인프라전략2파트,인프라전략2파트,허승민,허승민,2025-07-11,2030-07-11,,17202000000,4822165500,17202000000,0,0,운용,펀드 AUM 관리_20260515.xlsx,underlying_asset,direct_owner,direct,,unallocated,True,False,,,,,,,3,17202000000,4822165500,17202000000,0,0,,,,,특별자산,,,,,,,,,,0,0,17202000000,4822165500,0,5,,,
asset_fund_link,ast_5804290d6389,용산라이프PFV 대여금,오피스,physical_asset,,,,KR,,서울특별시용산구청파로125 (한강로2가15-2),,,,A120099001,verified,unknown,not_checked,,120099,이지스용산PF재구조화일반사모부동산투자신탁제1호,용산PF재구조화1호,운용,오피스,국내,스페셜시츄에이션그룹1파트,스페셜시츄에이션그룹1파트,전서진,전서진,2025-08-29,2028-02-29,,190000000000,190000000000,190000000000,0,0,운용,펀드 AUM 관리_20260515.xlsx,underlying_asset,direct_owner,direct,,unallocated,True,False,,,,,,,3,380000000000,380000000000,380000000000,0,0,,,,,오피스,,,,,,,,,,0,0,330000000000,330000000000,0,5,용산PF재구조화 펀드,,
asset_fund_link,ast_b4ff0851baae,이지스국내PF재구조화일반사모부동산모투자신탁제1-3호,,physical_asset,,,,,,,,,,A120102,auto_created,unknown,not_checked,,120102,이지스국내PF재구조화일반사모부동산모투자신탁제1-3호,국내PF재구조화1-3호(모),운용,NPL,국내,스페셜시츄에이션그룹1파트,스페셜시츄에이션그룹1파트,전서진,전서진,2025-08-28,2031-08-28,,50350000000,50000000000,50350000000,0,0,운용,펀드 AUM 관리_20260515.xlsx,underlying_asset,direct_owner,direct,,unallocated,True,False,,,,,,,1,50350000000,50000000000,50350000000,0,0,,,,,오피스,,,,,,,,,,0,0,0,0,0,0,,,
asset_fund_link,ast_13b334c7bf6b,은평 시니어리빙 복합시설 개발,오피스복합,physical_asset,,,,KR,,서울특별시 은평구 진관동 160 번지 일원,37.62960668968559,126.93059220485284,1138011400101600000,A190001001,verified,unknown,pending,,190001,이지스일반사모부동산모투자회사제517호,517호,운용,복합(주거),국내,투자1그룹4파트,투자1그룹4파트,유민종,유민종,2023-07-07,2043-06-27,,58167400000,58167400000,58167400000,0,0,운용,펀드 AUM 관리_20260515.xlsx,underlying_asset,direct_owner,direct,,unallocated,True,False,,,,,,,2,58167400000,58167400000,58167400000,0,0,,,,,오피스복합,,,,,,,,,,0,0,128000000000,120005000000,0,6,은평 시니어리빙 2호,,
asset_fund_link,ast_34e35d0dff33,분당야탑물류센터,물류센터,physical_asset,,,,,,경기도 성남시 분당구 야탑동 403,37.41488168828728,127.11873273895966,4113510700104030000,A19000201,auto_created,unknown,found,2026-06-01T06:59:22.899112+00:00,190002,이지스부동산일반사모투자회사제543호,543호,운용,물류,국내,스페셜시츄에이션그룹1파트,스페셜시츄에이션그룹1파트,류지훈,류지훈,2024-05-24,2027-08-25,,265904813630,265979505630,100000000000,162400000000,3504813630,운용,펀드 AUM 관리_20260515.xlsx,underlying_asset,direct_owner,direct,,unallocated,True,False,,,,,,,3,265904813630,265979505630,100000000000,162400000000,3504813630,14192.1,70405.93,69.98323,173.06825,물류,철골철근콘크리트구조,5,3,2,옥내 93 / 옥외 105,39.8,2023-10-23,BldRgstHubService.getBrTitleInfo,0.95,0,0,0,0,0,0,분당 야탑 물류,,
asset_fund_link,ast_37df20b9e30d,가산 임대형기숙사개발사업,주거,physical_asset,,,,KR,,서울시 금천구 가산동 319-18,37.469525382965315,126.88580130232825,1154510100103190018,A190005001,verified,unknown,pending,,190006,이지스제542호부동산일반사모투자회사(제1종),542호(1종),운용,주거,국내,사업그룹3파트,사업그룹3파트,임한솔,임한솔,2024-07-18,2037-06-19,,0,0,0,0,0,운용,펀드 AUM 관리_20260515.xlsx,underlying_asset,direct_owner,direct,,unallocated,True,False,,,,,,,3,67800000000,70814786000,53000000000,14800000000,0,,24522.03,,,주거,,,,,,,,,,37000000000,37000000000,0,0,1,0,가산동 임대형 기숙사 개발사업,,
asset_fund_link,ast_37df20b9e30d,가산 임대형기숙사개발사업,주거,physical_asset,,,,KR,,서울시 금천구 가산동 319-18,37.469525382965315,126.88580130232825,1154510100103190018,A190005001,verified,unknown,pending,,190007,이지스제542호부동산일반사모투자회사(보통주식),542호(보통주식),운용,주거,국내,사업그룹3파트,사업그룹3파트,임한솔,임한솔,2024-07-18,2037-06-19,,0,0,0,0,0,운용,펀드 AUM 관리_20260515.xlsx,underlying_asset,direct_owner,direct,,unallocated,True,False,,,,,,,3,67800000000,70814786000,53000000000,14800000000,0,,24522.03,,,주거,,,,,,,,,,37000000000,37000000000,0,0,1,0,가산동 임대형 기숙사 개발사업,,
asset_fund_link,ast_37df20b9e30d,가산 임대형기숙사개발사업,주거,physical_asset,,,,KR,,서울시 금천구 가산동 319-18,37.469525382965315,126.88580130232825,1154510100103190018,A190005001,verified,unknown,pending,,190005,이지스제542호부동산일반사모투자회사,542호,운용,주거,국내,사업그룹3파트,사업그룹3파트,임한솔,임한솔,2024-07-18,2037-06-19,,67800000000,70814786000,53000000000,14800000000,0,운용,펀드 AUM 관리_20260515.xlsx,underlying_asset,direct_owner,direct,,unallocated,True,False,,,,,,,3,67800000000,70814786000,53000000000,14800000000,0,,24522.03,,,주거,,,,,,,,,,37000000000,37000000000,0,0,1,0,가산동 임대형 기숙사 개발사업,,
asset_fund_link,ast_deef81e70ae6,포천정교리물류센터,물류센터,physical_asset,,,,,경기도 포천시,경기도 포천시 가산면 정교리 272-1번지 외 12필지,37.811634408016545,127.1818132159945,4165033025102720001,A190013001,verified,unknown,pending,,190013,이지스제560호부동산일반사모투자회사,560호,운용,물류,국내,"SS&C TF, 스페셜시츄에이션그룹1파트, 남사물류개발TF","SS&C TF, 스페셜시츄에이션그룹1파트, 남사물류개발TF",양우영,양우영,2025-02-27,2030-02-07,,119660000000,34714971000,119660000000,0,0,운용,펀드 AUM 관리_20260515.xlsx,underlying_asset,direct_owner,direct,,unallocated,True,False,,,,,,,1,119660000000,34714971000,119660000000,0,0,24217.0,53927.27,,,물류,,,,,174,,2027-05-01,,,0,0,119660000000,34714971000,0,1,포천 정교리 물류,,
asset_fund_link,ast_7b9ae18fb951,명지녹산데이터센터개발사업,데이터센터,physical_asset,,,,,부산,부산광역시 강서구 송정동 1711-4번지 외 4필지,35.085979295842876,128.84124204723014,2644010900117110004,A190014001,verified,unknown,pending,,190014,이지스제572호부동산일반사모투자회사(운용),572호,운용,데이터센터,국내,투자2그룹1파트,투자2그룹1파트,윤현식,윤현식,2025-06-24,2035-06-13,,37340000000,14301108000,37340000000,0,0,운용,펀드 AUM 관리_20260515.xlsx,underlying_asset,direct_owner,direct,,unallocated,True,False,,,,,,,1,37340000000,14301108000,37340000000,0,0,6596.9,42055.22,,,데이터센터,,,,,113,,2029-11-30,,,0,0,37340000000,14301108002,0,1,부산 육양국 DC,,
asset_fund_link,ast_d139acda1f42,하남시풍산동9MW 데이터센터,데이터센터,physical_asset,,,,,경기도,경기도하남시풍산동590-4번지,,,,A190017001,verified,unknown,not_checked,,190017,이지스제574호부동산일반사모투자회사(운용),574호,운용,데이터센터,국내,사업파트,사업파트,양진수,양진수,2025-09-16,2032-06-30,,39300000000,39300000000,8000000000,31300000000,0,운용,펀드 AUM 관리_20260515.xlsx,underlying_asset,direct_owner,direct,,unallocated,True,False,,,,,,,3,39300000000,39300000000,8000000000,31300000000,0,2563.6,,,,데이터센터,,,,,,,,,,187800000000,187800000000,16000000000,16000000000,2,6,하남2IDC 개발사업,,
asset_fund_link,ast_5e6893cec720,Hines European Property Partners,,physical_asset,,,,,,,,,,A20000101,auto_created,unknown,not_checked,,200002,이지스유럽일반사모부동산투자신탁521-2호,521-2호,운용,기타,해외,"글로벌자산관리1파트1, 229호TF","글로벌자산관리1파트1, 229호TF",나혜윤,나혜윤,2023-06-28,2028-06-28,,10420604910,6716481653,10420604910,0,0,운용,펀드 AUM 관리_20260515.xlsx,underlying_asset,direct_owner,direct,,unallocated,True,False,,,,,,,2,34735349700,28451947106,34735349700,0,0,,,,,기타,,,,,,,,,,0,0,0,0,0,0,Hines European Property Partners,,
asset_fund_link,ast_5e6893cec720,Hines European Property Partners,,physical_asset,,,,,,,,,,A20000101,auto_created,unknown,not_checked,,200001,이지스유럽일반사모부동산투자신탁521-1호,521-1호,운용,기타,해외,"글로벌자산관리1파트1, 229호TF","글로벌자산관리1파트1, 229호TF",나혜윤,나혜윤,2023-06-28,2028-06-28,,24314744790,21735465453,24314744790,0,0,운용,펀드 AUM 관리_20260515.xlsx,underlying_asset,direct_owner,direct,,unallocated,True,False,,,,,,,2,34735349700,28451947106,34735349700,0,0,,,,,기타,,,,,,,,,,0,0,0,0,0,0,Hines European Property Partners,,
asset_fund_link,ast_9e287de54a5c,Pantheon PGSF VII,오피스복합,physical_asset,,,,,,,,,,A20000401,auto_created,unknown,not_checked,,200004,이지스판테온글로벌세컨더리일반사모투자신탁504호,504호,운용,특별자산,해외,"글로벌자산관리1파트2, SS&C TF","글로벌자산관리1파트2, SS&C TF",윤주성,윤주성,2023-11-15,2034-05-15,,74165000000,31360162915,74165000000,0,0,운용,펀드 AUM 관리_20260515.xlsx,underlying_asset,direct_owner,direct,,unallocated,True,False,,,,,,,2,96414500000,41093337440,96414500000,0,0,,,,,오피스복합,,,,,,,,,,0,0,0,0,0,0,Pantheon PGSF VII,,
asset_fund_link,ast_9e287de54a5c,Pantheon PGSF VII,오피스복합,physical_asset,,,,,,,,,,A20000401,auto_created,unknown,not_checked,,200005,이지스판테온글로벌세컨더리일반사모투자신탁504-1호,504-1호,운용,특별자산,해외,"글로벌자산관리1파트2, SS&C TF","글로벌자산관리1파트2, SS&C TF",윤주성,윤주성,2023-11-15,2034-05-15,,22249500000,9733174525,22249500000,0,0,운용,펀드 AUM 관리_20260515.xlsx,underlying_asset,direct_owner,direct,,unallocated,True,False,,,,,,,2,96414500000,41093337440,96414500000,0,0,,,,,오피스복합,,,,,,,,,,0,0,0,0,0,0,Pantheon PGSF VII,,
asset_fund_link,ast_1c98656c9aa6,Pantheon Viking Co-Invest LP,오피스복합,physical_asset,,,,,,,,,,A20000601,auto_created,unknown,not_checked,,200006,이지스글로벌세컨더리일반사모혼합자산투자신탁제1호,세컨더리1호,운용,특별자산,해외,"글로벌자산관리1파트2, SS&C TF","글로벌자산관리1파트2, SS&C TF",윤주성,윤주성,2023-09-22,2034-09-22,,149516640000,45683658345,149516640000,0,0,운용,펀드 AUM 관리_20260515.xlsx,underlying_asset,direct_owner,direct,,unallocated,True,False,,,,,,,2,194015640000,62967891156,194015640000,0,0,,,,,오피스복합,,,,,,,,,,0,0,0,0,0,0,"글로벌세컨더리2호 | Pantheon Viking Co-Invest LP, NMP V, PGSF VII, PSD III | Pantheon Viking Co-Invest LP, NMP V | 글로벌세컨더리1호",,
asset_fund_link,ast_1c98656c9aa6,Pantheon Viking Co-Invest LP,오피스복합,physical_asset,,,,,,,,,,A20000601,auto_created,unknown,not_checked,,200007,이지스글로벌세컨더리일반사모혼합자산투자신탁제2호,세컨더리2호,운용,특별자산,해외,"글로벌자산관리1파트2, SS&C TF","글로벌자산관리1파트2, SS&C TF",윤주성,윤주성,2023-09-21,2034-09-21,,44499000000,17284232811,44499000000,0,0,운용,펀드 AUM 관리_20260515.xlsx,underlying_asset,direct_owner,direct,,unallocated,True,False,,,,,,,2,194015640000,62967891156,194015640000,0,0,,,,,오피스복합,,,,,,,,,,0,0,0,0,0,0,"글로벌세컨더리2호 | Pantheon Viking Co-Invest LP, NMP V, PGSF VII, PSD III | Pantheon Viking Co-Invest LP, NMP V | 글로벌세컨더리1호",,
asset_fund_link,ast_917d85fb6b02,NMP V,오피스복합,physical_asset,,,,,,,,,,A20000602,auto_created,unknown,not_checked,,200006,이지스글로벌세컨더리일반사모혼합자산투자신탁제1호,세컨더리1호,운용,특별자산,해외,"글로벌자산관리1파트2, SS&C TF","글로벌자산관리1파트2, SS&C TF",윤주성,윤주성,2023-09-22,2034-09-22,,149516640000,45683658345,149516640000,0,0,운용,펀드 AUM 관리_20260515.xlsx,underlying_asset,direct_owner,direct,,unallocated,True,False,,,,,,,2,194015640000,62967891156,194015640000,0,0,,,,,오피스복합,,,,,,,,,,0,0,0,0,0,0,,,
asset_fund_link,ast_917d85fb6b02,NMP V,오피스복합,physical_asset,,,,,,,,,,A20000602,auto_created,unknown,not_checked,,200007,이지스글로벌세컨더리일반사모혼합자산투자신탁제2호,세컨더리2호,운용,특별자산,해외,"글로벌자산관리1파트2, SS&C TF","글로벌자산관리1파트2, SS&C TF",윤주성,윤주성,2023-09-21,2034-09-21,,44499000000,17284232811,44499000000,0,0,운용,펀드 AUM 관리_20260515.xlsx,underlying_asset,direct_owner,direct,,unallocated,True,False,,,,,,,2,194015640000,62967891156,194015640000,0,0,,,,,오피스복합,,,,,,,,,,0,0,0,0,0,0,,,
asset_fund_link,ast_dc11f9b4f515,이지스글로벌세컨더리일반사모혼합자산투자신탁제1호,오피스복합,physical_asset,,,,,,,,,,A20000603,auto_created,unknown,not_checked,,200006,이지스글로벌세컨더리일반사모혼합자산투자신탁제1호,세컨더리1호,운용,특별자산,해외,"글로벌자산관리1파트2, SS&C TF","글로벌자산관리1파트2, SS&C TF",윤주성,윤주성,2023-09-22,2034-09-22,,149516640000,45683658345,149516640000,0,0,운용,펀드 AUM 관리_20260515.xlsx,underlying_asset,direct_owner,direct,,unallocated,True,False,,,,,,,1,149516640000,45683658345,149516640000,0,0,,,,,오피스복합,,,,,,,,,,0,0,0,0,0,0,,,
asset_fund_link,ast_02f2fb35a743,이지스글로벌세컨더리일반사모혼합자산투자신탁제1호,오피스복합,physical_asset,,,,,,,,,,A20000604,auto_created,unknown,not_checked,,200006,이지스글로벌세컨더리일반사모혼합자산투자신탁제1호,세컨더리1호,운용,특별자산,해외,"글로벌자산관리1파트2, SS&C TF","글로벌자산관리1파트2, SS&C TF",윤주성,윤주성,2023-09-22,2034-09-22,,149516640000,45683658345,149516640000,0,0,운용,펀드 AUM 관리_20260515.xlsx,underlying_asset,direct_owner,direct,,unallocated,True,False,,,,,,,1,149516640000,45683658345,149516640000,0,0,,,,,오피스복합,,,,,,,,,,0,0,149516640000,45683658345,0,2,,,
asset_fund_link,ast_beb45fea6c85,Toronto The One Super-senior Loan (Receivership Funding),,physical_asset,,,,,Toronto,"One Bloor St. West, Toronto, Ontario",,,,A20000801,auto_created,unknown,not_checked,,200008,이지스글로벌일반사모부동산투자신탁530호,530호,운용,대출채권,해외,"글로벌자산관리1파트2, SS&C TF","글로벌자산관리1파트2, SS&C TF",윤주성,윤주성,2023-10-24,2028-12-31,,940903472000,386855746746,940903472000,0,0,운용,펀드 AUM 관리_20260515.xlsx,underlying_asset,direct_owner,direct,,unallocated,True,False,,,,,,,1,940903472000,386855746746,940903472000,0,0,,65837.4,,,기타,,85,,,296,,2027-11-30,,,0,0,0,0,0,0,Toronto The One Super-senior Loan (Receivership Funding),,
asset_fund_link,ast_468704b8269a,Bridge Debt Strategies V Green Bridge LP,오피스복합,physical_asset,,,,,,,,,,A20000901,auto_created,unknown,not_checked,,200009,이지스미국일반사모부동산투자신탁529호,529호,운용,기타,해외,"글로벌자산관리2파트1, 281호TF","글로벌자산관리2파트1, 281호TF",김민건,김민건,2023-12-07,2034-06-07,,104157326000,81247472998,104157326000,0,0,운용,펀드 AUM 관리_20260515.xlsx,underlying_asset,direct_owner,direct,,unallocated,True,False,,,,,,,1,104157326000,81247472998,104157326000,0,0,,,,,오피스복합,,,,,,,,,,0,0,0,0,0,0,Bridge Debt Strategies V Green Bridge LP,,
asset_fund_link,ast_28fa6c0336df,Blackstone Real Estate Debt Strategies V,오피스복합,physical_asset,,,,,복수 도시,,,,,A200010001,verified,unknown,not_checked,,200010,이지스BX글로벌대출일반사모부동산투자신탁제531호,531호,운용,역외재간접,해외,"글로벌자산관리1파트2, SS&C TF","글로벌자산관리1파트2, SS&C TF",윤주성,윤주성,2024-08-12,2037-02-12,,51915500000,15309147361,51915500000,0,0,운용,펀드 AUM 관리_20260515.xlsx,underlying_asset,direct_owner,direct,,unallocated,True,False,,,,,,,1,51915500000,15309147361,51915500000,0,0,,,,,오피스복합,,,,,,,,,,0,0,51915500000,15309147361,0,1,Blackstone Real Estate Debt Strategies V,,
asset_fund_link,ast_dd63895bac49,Starwood European Real Estate Debt Finance II (SEREDF II,오피스복합,physical_asset,,,,,복수 도시,,,,,A20001101,auto_created,unknown,not_checked,,200011,이지스SW유럽대출일반사모부동산투자신탁제532호,532호,운용,기타,해외,"글로벌자산관리1파트2, SS&C TF","글로벌자산관리1파트2, SS&C TF",윤주성,윤주성,2023-11-30,2032-05-30,,59960100000,27672919005,59960100000,0,0,운용,펀드 AUM 관리_20260515.xlsx,underlying_asset,direct_owner,direct,,unallocated,True,False,,,,,,,1,59960100000,27672919005,59960100000,0,0,,,,,오피스복합,,,,,,,,,,0,0,0,0,0,0,Starwood European Real Estate Debt Finance II (SEREDF II,,
asset_fund_link,ast_864ff5655978,TIKEHAU Capital이운용하는TIKEHAU Direct Lending 6L의수익증권,오피스복합,physical_asset,,,,,,,,,,A200014001,verified,unknown,not_checked,,200014,이지스TKO유럽크레딧일반사모투자신탁528호,528호,운용,특별자산,해외,글로벌자산관리2파트2,글로벌자산관리2파트2,오지원,오지원,2024-10-11,2035-10-11,,34614200000,17938753812,34614200000,0,0,운용,펀드 AUM 관리_20260515.xlsx,underlying_asset,direct_owner,direct,,unallocated,True,False,,,,,,,1,34614200000,17938753812,34614200000,0,0,,,,,오피스복합,,,,,,,,,,0,0,34614200000,17938753812,0,1,TIKEHAU Capital이운용하는TIKEHAU Direct Lending 6L의수익증권,,
asset_fund_link,ast_8fe5e8aa8a5f,"ARDIAN Infrastructure Fund VI S.C.S., SICAV-RAIF",,physical_asset,,,,,,,,,,A200016001,verified,unknown,not_checked,,200016,이지스아디안유럽인프라일반사모투자신탁547호,547호,운용,특별자산,해외,글로벌자산관리2파트2,글로벌자산관리2파트2,오지원,오지원,2024-08-20,2037-08-20,,43267750000,10097420784,43267750000,0,0,운용,펀드 AUM 관리_20260515.xlsx,underlying_asset,direct_owner,direct,,unallocated,True,False,,,,,,,2,129803250000,30685987672,129803250000,0,0,,,,,특별자산,,,,,,,,,,0,0,0,0,0,0,"ARDIAN Infrastructure Fund VI S.C.S., SICAV-RAIF",,
asset_fund_link,ast_8fe5e8aa8a5f,"ARDIAN Infrastructure Fund VI S.C.S., SICAV-RAIF",,physical_asset,,,,,,,,,,A200016001,verified,unknown,not_checked,,200024,이지스아디안유럽인프라일반사모투자신탁549호,549호,운용,특별자산,해외,글로벌자산관리2파트2,글로벌자산관리2파트2,오지원,오지원,2024-12-24,2037-12-24,,86535500000,20588566888,86535500000,0,0,운용,펀드 AUM 관리_20260515.xlsx,underlying_asset,direct_owner,direct,,unallocated,True,False,,,,,,,2,129803250000,30685987672,129803250000,0,0,,,,,특별자산,,,,,,,,,,0,0,0,0,0,0,"ARDIAN Infrastructure Fund VI S.C.S., SICAV-RAIF",,
asset_fund_link,ast_d5b7969befe3,London Canon Bridge House Senior Loan,주거,physical_asset,,,,,런던,,,,,A200017001,verified,unknown,not_checked,,200017,이지스글로벌일반사모부동산투자신탁548호,548호,운용,대출채권,해외,글로벌자산관리2파트1,글로벌자산관리2파트1,이수현,이수현,2024-08-29,2031-08-29,,302398771000,227940242712,302398771000,0,0,운용,펀드 AUM 관리_20260515.xlsx,underlying_asset,direct_owner,direct,,unallocated,True,False,,,,,,,1,302398771000,227940242712,302398771000,0,0,,,,,주거,,,,,,,,,,0,0,302398771000,227940242712,0,3,London Canon Bridge House Senior Loan,,
asset_fund_link,ast_27e81b9a9e70,"Golub Capital Partners International 11, L.P.",,physical_asset,,,,,,,,,,A200018001,verified,unknown,not_checked,,200018,이지스글로벌세컨더리일반사모혼합자산투자신탁제3호,세컨더리3호,운용,역외재간접,해외,글로벌자산관리2파트2,글로벌자산관리2파트2,석동주,석동주,2024-09-26,2028-09-26,,29666000000,23772837513,29666000000,0,0,운용,펀드 AUM 관리_20260515.xlsx,underlying_asset,direct_owner,direct,,unallocated,True,False,,,,,,,1,29666000000,23772837513,29666000000,0,0,,,,,특별자산,,,,,,,,,,0,0,29666000000,23772837513,0,2,"Golub Capital Partners International 11, L.P. | 글로벌세컨더리3호",,
asset_fund_link,ast_91459997fbb8,"CollerCredit Secondaries - Opportunities Fund II-B, L.P.",,physical_asset,,,,,,,,,,A200019001,verified,unknown,not_checked,,200019,이지스글로벌세컨더리일반사모혼합자산투자신탁제4호,세컨더리4호,운용,역외재간접,해외,글로벌자산관리2파트2,글로벌자산관리2파트2,김규식,김규식,2024-10-16,2032-10-16,,5503043000,2511161927,5503043000,0,0,운용,펀드 AUM 관리_20260515.xlsx,underlying_asset,direct_owner,direct,,unallocated,True,False,,,,,,,1,5503043000,2511161927,5503043000,0,0,,,,,특별자산,,,,,,,,,,0,0,5503043000,2511161927,0,2,"CollerCredit Secondaries - Opportunities Fund II-B, L.P.",,
asset_fund_link,ast_5b15a4c23cb4,SB Holding AB 그룹의 MidCo에 대한 중순위 대출,,physical_asset,,,,,,,,,,A200020001,verified,unknown,not_checked,,200020,이지스글로벌인프라일반사모투자신탁제4호,글로벌인프라4호,운용,대출채권,해외,기업&인프라파트,기업&인프라파트,오지은,오지은,2024-10-16,2029-10-16,,69228400000,62828614501,69228400000,0,0,운용,펀드 AUM 관리_20260515.xlsx,underlying_asset,direct_owner,direct,,unallocated,True,False,,,,,,,1,69228400000,62828614501,69228400000,0,0,,,,,특별자산,,,,,,,,,,0,0,69228400000,62828614501,0,2,,,
asset_fund_link,ast_4d35344df3a2,Abry Advanced Securities Fund III CV-A,,physical_asset,,,,,,,,,,A200021001,verified,unknown,not_checked,,200021,이지스글로벌세컨더리일반사모혼합자산투자신탁제5호,세컨더리5호,운용,역외재간접,해외,글로벌자산관리2파트2,글로벌자산관리2파트2,김규식,김규식,2024-12-16,2030-12-16,,7416500000,4780069414,7416500000,0,0,운용,펀드 AUM 관리_20260515.xlsx,underlying_asset,direct_owner,direct,,unallocated,True,False,,,,,,,1,7416500000,4780069414,7416500000,0,0,,,,,특별자산,,,,,,,,,,0,0,7416500000,4780069414,0,2,Abry Advanced Securities Fund III CV-A,,
asset_fund_link,ast_867da725ab6d,Brookfield Super-Core Infrastructure Partners Partnership L.P.,,physical_asset,,,,,,,,,,A200022001,verified,unknown,not_checked,,200022,연기금글로벌코어인프라일반사모특별자산투자신탁1호,글로벌코어1호,운용,특별자산,해외,인프라전략2파트,인프라전략2파트,허승민,허승민,2025-09-30,2030-09-30,,18386444362,18386444362,18386444362,0,0,운용,펀드 AUM 관리_20260515.xlsx,underlying_asset,direct_owner,direct,,unallocated,True,False,,,,,,,1,18386444362,18386444362,18386444362,0,0,,,,,특별자산,,,,,,,,,,0,0,18386444362,18386444362,0,1,,,
asset_fund_link,ast_1366fb10d2eb,London Office One Poultry,오피스,physical_asset,,,,,런던,London EC2R 8EJ,,,,A200023001,verified,unknown,not_checked,,200023,이지스글로벌일반사모부동산투자신탁551호,551호,운용,오피스,해외,"281호TF, 글로벌자산관리2파트1","281호TF, 글로벌자산관리2파트1",박종덕,박종덕,2025-01-17,2029-01-17,,332472524646,243147887764,332472524646,0,0,운용,펀드 AUM 관리_20260515.xlsx,underlying_asset,direct_owner,direct,,unallocated,True,False,,,,,,,1,332472524646,243147887764,332472524646,0,0,,16948.67,5.67,,오피스,,6,,,0,,1998-04-01,,,0,0,0,0,0,0,London Office One Poultry,,
asset_fund_link,ast_5c3c9c2755cf,AEW Partners Real Estate Fund X,오피스복합,physical_asset,,,,,,,,,,A200025001,verified,unknown,not_checked,,200025,이지스AEW북미일반사모부동산투자신탁556호,556호,운용,역외재간접,해외,글로벌자산관리1파트2,글로벌자산관리1파트2,유진선,유진선,2025-07-16,2036-07-16,,51915500000,11889063149,51915500000,0,0,운용,펀드 AUM 관리_20260515.xlsx,underlying_asset,direct_owner,direct,,unallocated,True,False,,,,,,,1,51915500000,11889063149,51915500000,0,0,,,,,오피스복합,,,,,,,,,,0,0,51915500000,11889063149,0,1,AEW Partners Real Estate Fund X,,
asset_fund_link,ast_4ce1803146bf,Brookfield Strategic Real Estate Partners V,,physical_asset,,,,,,,,,,A200026001,verified,unknown,not_checked,,200026,이지스Brookfield글로벌일반사모부동산투자신탁557호,557호,운용,역외재간접,해외,글로벌자산관리1파트2,글로벌자산관리1파트2,유진선,유진선,2025-09-17,2038-09-17,,51915500000,9251022245,51915500000,0,0,운용,펀드 AUM 관리_20260515.xlsx,underlying_asset,direct_owner,direct,,unallocated,True,False,,,,,,,1,51915500000,9251022245,51915500000,0,0,,,,,특별자산,,,,,,,,,,0,0,51915500000,9251022245,0,1,Brookfield Strategic Real Estate Partners V | 공무원연금관리공단 글로벌부동산 재간접펀드 (AEW / Brookfieild) 설정,,
asset_fund_link,ast_4e0ba511036c,EQT Infrastructure VI (No.1) EUR SCSp,오피스복합,physical_asset,,,,,,,,,,A200027001,verified,unknown,not_checked,,200027,이지스글로벌인프라일반사모투자신탁558호,558호,운용,역외재간접,해외,글로벌자산관리2파트2,글로벌자산관리2파트2,오지원,오지원,2025-05-09,2037-11-09,,17653242000,8171582818,17653242000,0,0,운용,펀드 AUM 관리_20260515.xlsx,underlying_asset,direct_owner,direct,,unallocated,True,False,,,,,,,1,17653242000,8171582818,17653242000,0,0,,,,,오피스복합,,,,,,,,,,0,0,17653242000,8171582818,0,2,EQT Infrastructure VI (No.1) EUR SCSp,,
asset_fund_link,ast_4273abf1dd9d,미국 뉴욕 맨하탄 소재 오피스 자산 “285 Madison Avenue”의 선순위 담보대출,오피스,physical_asset,,,,,뉴욕,"285 Madison Avenue, New York, NY 10017",,,,A200028001,verified,unknown,not_checked,,200028,이지스글로벌일반사모부동산투자신탁563호,563호,운용,대출채권,해외,글로벌자산관리2파트2,글로벌자산관리2파트2,석동주,석동주,2025-04-14,2030-10-14,,305114810000,292040187000,305114810000,0,0,운용,펀드 AUM 관리_20260515.xlsx,underlying_asset,direct_owner,direct,,unallocated,True,False,,,,,,,1,305114810000,292040187000,305114810000,0,0,,,,,오피스,,,,,,,,,,0,0,305114810000,292040187000,0,2,미국 뉴욕 맨하탄 소재 오피스 자산 “285 Madison Avenue”의 선순위 담보대출,,
asset_fund_link,ast_8c1cc2a2dfa8,PMBK가 운용하는 APAC Sustainable Infrastructure Fund LP의 수익증권,,physical_asset,,,,,,,,,,A200029001,verified,unknown,not_checked,,200029,이지스아시아인프라일반사모투자신탁제1호,아시아인프라1호,운용,특별자산,해외,인프라전략1파트,인프라전략1파트,금호연,금호연,2025-05-28,2038-05-28,,14933864400,12720072903,14933864400,0,0,운용,펀드 AUM 관리_20260515.xlsx,underlying_asset,direct_owner,direct,,unallocated,True,False,,,,,,,1,14933864400,12720072903,14933864400,0,0,,,,,특별자산,,,,,,,,,,0,0,14933864400,12720072903,0,2,,,
asset_fund_link,ast_c8a0466da702,Coller Capital이 운용하는 크레딧 세컨더리 관련 SMA의 집합투자증권,,physical_asset,,,,,,,,,,A200031001,verified,unknown,not_checked,,200031,이지스글로벌세컨더리일반사모혼합자산투자신탁제6호,세컨더리6호,운용,역외재간접,해외,기업&인프라파트,기업&인프라파트,오지은,오지은,2025-06-26,2033-06-26,,296660000000,194157442765,296660000000,0,0,운용,펀드 AUM 관리_20260515.xlsx,underlying_asset,direct_owner,direct,,unallocated,True,False,,,,,,,1,296660000000,194157442765,296660000000,0,0,,,,,특별자산,,,,,,,,,,0,0,296660000000,194157442765,0,2,,,
asset_fund_link,ast_931a2e2ed032,Partners Group Private Loan SICAV-SIF,,physical_asset,,,,,,,,,,A200033001,verified,unknown,not_checked,,200033,이지스PG글로벌크레딧일반사모투자신탁566호,566호,운용,역외재간접,해외,기업&인프라파트,기업&인프라파트,강민지,강민지,2025-08-29,2030-08-29,,32018135000,30127270551,32018135000,0,0,운용,펀드 AUM 관리_20260515.xlsx,underlying_asset,direct_owner,direct,,unallocated,True,False,,,,,,,1,32018135000,30127270551,32018135000,0,0,,,,,특별자산,,,,,,,,,,0,0,32018135000,30127270551,0,2,,,
asset_fund_link,ast_0a0e2cc5bc0e,"MRP Buyer, LLC에 대한 선순위 대출",,physical_asset,,,,,,,,,,A200034001,verified,unknown,not_checked,,200034,이지스글로벌인프라일반사모투자신탁제5호,글로벌인프라5호,운용,대출채권,해외,기업&인프라파트,기업&인프라파트,오지은,오지은,2025-07-25,2033-01-25,,148330000000,137314043000,148330000000,0,0,운용,펀드 AUM 관리_20260515.xlsx,underlying_asset,direct_owner,direct,,unallocated,True,False,,,,,,,1,148330000000,137314043000,148330000000,0,0,,,,,특별자산,,,,,,,,,,0,0,148330000000,137314043000,0,2,,,
asset_fund_link,ast_a48eb6e898c0,Nuveen C-PACE Lending Fund III,오피스복합,physical_asset,,,,,,,,,,A200035001,verified,unknown,not_checked,,200035,이지스글로벌일반사모부동산투자신탁573호(재간접형),573호,운용,역외재간접,해외,글로벌자산관리2파트2,글로벌자산관리2파트2,석동주,석동주,2025-07-29,2035-07-29,,148330000000,122151851157,148330000000,0,0,운용,펀드 AUM 관리_20260515.xlsx,underlying_asset,direct_owner,direct,,unallocated,True,False,,,,,,,1,148330000000,122151851157,148330000000,0,0,,,,,오피스복합,,,,,,,,,,0,0,148330000000,122151851157,0,2,Nuveen C-Pace Loan Fund III 재간접펀드 설정,,
asset_fund_link,ast_cbf922113fc6,판교 제2테크노밸리 C1 C2블록 I-Square 개발,오피스복합,physical_asset,,,,,,경기도 판교 제2테크노밸리 C1 C2블록,,,,AP00001001,verified,unknown,not_checked,,P00001,이지스아이스퀘어 PFV,P아이스퀘어,운용,복합(주거),국내,"전략펀드운용1실, 개발PFV TF, 사업그룹3파트","전략펀드운용1실, 개발PFV TF, 사업그룹3파트",윤용택,윤용택,2017-02-27,2032-02-27,,20000000000,20000000000,20000000000,0,0,운용,펀드 AUM 관리_20260515.xlsx,underlying_asset,direct_owner,direct,,unallocated,True,False,,,,,,,1,20000000000,20000000000,20000000000,0,0,,,,,오피스복합,,,,,,,,,,0,0,20000000000,20000000000,0,9,"판교 제2테크노밸리 C1, C2블록 아이스퀘어 개발사업",,
asset_fund_link,ast_0766c7718345,동부산 테마파크 개발사업,오피스복합,physical_asset,,,,,,부산광역시 기장군 기장읍 일원 (동부산관광단지내),,,,AP00002001,verified,unknown,not_checked,,P00002,오시리아테마파크PFV,P오시리아테마파크,운용,기타,국내,자산관리2파트3,자산관리2파트3,이우석,이우석,2016-11-28,2068-11-28,,358010000000,383710000000,20000000000,263650000000,74360000000,운용,펀드 AUM 관리_20260515.xlsx,underlying_asset,direct_owner,direct,,unallocated,True,False,,,,,,,1,358010000000,383710000000,20000000000,263650000000,74360000000,,71074.0,,,오피스복합,,,,,,,2020-01-01,,,2109200000000,2109200000000,60000000000,60000000000,3,8,동부산 테마파크 개발사업,,
asset_fund_link,ast_808ae65372f4,오시리아타워레지던스,주거,physical_asset,,,,,,,35.188692083,129.215212006,,AP00003001,verified,unknown,not_checked,,P00003,오시리아타워레지던스PFV,P오시생숙,청산,주거,국내,투자1그룹4파트,투자1그룹4파트,최정택,최정택,2018-11-07,2023-03-30,,265775000000,265775000000,10000000000,255775000000,0,청산,펀드 AUM 관리_20260515.xlsx,underlying_asset,direct_owner,direct,,unallocated,True,False,,,,,,,1,265775000000,265775000000,10000000000,255775000000,0,,,,,주거,,,,,,,,,,0,0,0,0,0,0,오시리아타워레지던스,,
asset_fund_link,ast_6d51cde27e33,해운대 L7,호텔,physical_asset,,,,,,부산광역시 해운대구 우동 626-14번지 일원,,,,AP00004001,verified,unknown,not_checked,,P00004,해운대626피에프브이 주식회사,P해운대626,청산,호텔,국내,"양재TF, 투자1그룹3파트","양재TF, 투자1그룹3파트",정현민,정현민,2019-08-19,2024-03-08,,170000000000,136000000000,5000000000,165000000000,0,청산,펀드 AUM 관리_20260515.xlsx,underlying_asset,direct_owner,direct,,unallocated,True,False,,,,,,,1,170000000000,136000000000,5000000000,165000000000,0,,,,,호텔,,,,,,,,,,0,0,0,0,0,0,해운대 L7,,
asset_fund_link,ast_a5ca6d81dcd9,서리풀개발사업,오피스복합,physical_asset,,,,KR,,서울시 서초구 서초동 1005-1 외,,,,AP00005001,verified,unknown,not_checked,,P00005,에스비씨PFV,P에스비씨,운용,복합(오피스),국내,사업그룹3파트,사업그룹3파트,최성현,최성현,2019-07-25,2029-07-29,,5570000000000,1696400000000,220000000000,5350000000000,0,운용,펀드 AUM 관리_20260515.xlsx,underlying_asset,direct_owner,direct,,unallocated,True,False,,,,,,,1,5570000000000,1696400000000,220000000000,5350000000000,0,,91597.1,,,오피스복합,,,,,,,2026-11-30,,,37450000000000,10332000000000,7700000000000,7700000000000,35,7,서리풀 개발사업,,
asset_fund_link,ast_b04e9cb1a044,세운5구역 개발사업,오피스,physical_asset,,,,KR,,"서울시 중구 산림동 190-3번지 일원 (세운지구 5-1, 5-3구역)",37.56787068192537,126.99578162111413,1114015700101900003,AP00006001,verified,unknown,pending,,P00006,세운5구역PFV,P세운5구역,운용,오피스,국내,사업그룹4파트,사업그룹4파트,유미현,유미현,2019-06-20,2029-06-20,,1145111750000,377111750000,5111750000,1140000000000,0,운용,펀드 AUM 관리_20260515.xlsx,underlying_asset,direct_owner,direct,,unallocated,True,False,,,,,,,1,1145111750000,377111750000,5111750000,1140000000000,0,,6865.0,,,오피스,,,,,,,,,,6840000000000,2232000000000,86899750000,86899750000,17,6,,,
asset_fund_link,ast_a6bdd852cbf7,부천소사 공동주택,주거,physical_asset,,,,,,경기도 부천시 소사본동 134,37.478991287811205,126.80121046564336,4119410100101340000,AP00008001,verified,unknown,pending,,P00008,부천소사PFV,P부천소사,운용,주거,국내,리빙그룹2파트,리빙그룹2파트,이종훈,이종훈,2020-06-10,2030-06-09,,170000000000,141200000000,10000000000,160000000000,0,운용,펀드 AUM 관리_20260515.xlsx,underlying_asset,direct_owner,direct,,unallocated,True,False,,,,,,,1,170000000000,141200000000,10000000000,160000000000,0,,,,,주거,,,,,,,,,,800000000000,656000000000,30000000000,30000000000,3,5,부천 소사 공동주택 개발사업,,
asset_fund_link,ast_dfa1348ddd15,효제동 오피스텔 개발사업,주거,physical_asset,,,,KR,,"서울특별시 종로구 효제동 315-1, 315-6",37.57195587021886,127.00177880816358,1111016200103150001,AP00009001,verified,unknown,pending,,P00009,효제아트PFV,P효제아트,운용,주거,국내,투자3그룹1파트,투자3그룹1파트,강수원,강수원,2020-08-10,,,12000000000,12000000000,12000000000,,,운용,펀드 AUM 관리_20260515.xlsx,underlying_asset,direct_owner,direct,,unallocated,True,False,,,,,,,1,12000000000,12000000000,12000000000,0,0,,1484.0,,,주거,,,,,,,2025-06-30,,,0,0,12000000000,12000000000,0,3,효제동 주거복합 개발사업,,
asset_fund_link,ast_fa825d8bd449,성수동 복합시설 개발사업,오피스,physical_asset,,,,KR,,"서울특별시 성동구 성수동2가 314-10, 314-11, 314-27번지",,,,AP00010001,verified,unknown,not_checked,,P00010,성수PFV1,P성수PFV1,청산,오피스,국내,자산관리2파트4,자산관리2파트4,임지영,임지영,2020-08-20,2026-04-03,,0,0,0,0,0,청산,펀드 AUM 관리_20260515.xlsx,underlying_asset,direct_owner,direct,,unallocated,True,False,,,,,,,1,0,0,0,0,0,,21150.35,,,오피스,,,,,,,,,,0,0,0,0,0,0,팩토리얼 성수,,
asset_fund_link,ast_04ce3ef6593c,오산세교2지구 M-1BL 주상복합,오피스복합,physical_asset,,,,,,경기도 오산시 오산세교2지구 M1BL,,,,AP00012001,verified,unknown,not_checked,,P00012,오산세교아트피에프브이 주식회사,P오산세교아트,운용,복합(주거),국내,투자3그룹1파트,투자3그룹1파트,강수원,강수원,2020-12-23,2030-12-03,,489540000000,315900000000,35000000000,454540000000,0,운용,펀드 AUM 관리_20260515.xlsx,underlying_asset,direct_owner,direct,,unallocated,True,False,,,,,,,1,489540000000,315900000000,35000000000,454540000000,0,,209731.6,,,오피스복합,,,,,,,2027-09-30,,,1818160000000,1123600000000,70000000000,70000000000,2,4,오산세교 주상복합 개발사업,,
asset_fund_link,ast_d9f820e5df21,안성 성은지구 물류센터,물류센터,physical_asset,,,,,,경기도 안성시 원곡면 성은리 319-1,,,,AP00014001,verified,unknown,not_checked,,P00014,안성성은물류피에프브이 주식회사,P안성성은물류,운용,물류,국내,투자1그룹4파트,투자1그룹4파트,이주영,이주영,2021-03-04,2024-12-31,,185000000000,185000000000,10000000000,175000000000,0,운용,펀드 AUM 관리_20260515.xlsx,underlying_asset,direct_owner,direct,,unallocated,True,False,,,,,,,1,185000000000,185000000000,10000000000,175000000000,0,,116845.0,,,물류센터,,,,,,,,,,1575000000000,1575000000000,50000000000,50000000000,5,9,안성 성은 물류센터,,
asset_fund_link,ast_4f18f7d89d7d,청라동 오피스텔 분양사업,주거,physical_asset,,,,,,인천광역시 서구 청라동 6-7,37.55174028672687,126.61944453830492,2826012200100060007,AP00015001,verified,unknown,pending,,P00015,청라아트프로젝트금융투자 주식회사,P청라아트,운용,주거,국내,리빙그룹2파트,리빙그룹2파트,김민석B,김민석B,2021-03-15,2025-07-31,,168000000000,168000000000,10000000000,158000000000,0,운용,펀드 AUM 관리_20260515.xlsx,underlying_asset,direct_owner,direct,,unallocated,True,False,,,,,,,1,168000000000,168000000000,10000000000,158000000000,0,,135268.08,,,주거,,,,,,,2027-08-31,,,1264000000000,1264000000000,20000000000,20000000000,2,8,청라 오피스텔 개발사업,,
asset_fund_link,ast_5e78208b8107,상봉 청년주택 개발,주거,physical_asset,,,,,,중랑구 상봉동 109-28 외,,,,AP00019001,verified,unknown,not_checked,,P00019,상봉IRD피에프브이 주식회사,P상봉IRD,운용,주거,국내,자산관리3파트1,자산관리3파트1,정준우,정준우,2020-05-22,2033-05-22,,121554943000,104206254490,5000000000,116554943000,0,운용,펀드 AUM 관리_20260515.xlsx,underlying_asset,direct_owner,direct,,unallocated,True,False,,,,,,,1,121554943000,104206254490,5000000000,116554943000,0,,50352.0,,,주거,,,,,,,2024-11-30,,,582774715000,387249572100,10000000000,10000000000,2,5,상봉동 청년주택,,
asset_fund_link,ast_7ab6aebd7878,검단 오피스텔 개발,주거,physical_asset,,,,,,"인천광역시 서구 원당동 3203-104, 105",,,,AP00020001,verified,unknown,not_checked,,P00020,검단아트에스피씨 주식회사,P검단아트,청산,주거,국내,리빙그룹2파트,리빙그룹2파트,이종훈,이종훈,2021-10-15,2023-01-25,,223526691025,18785259000,6500000000,87285259000,129741432025,청산,펀드 AUM 관리_20260515.xlsx,underlying_asset,direct_owner,direct,,unallocated,True,False,,,,,,,1,223526691025,18785259000,6500000000,87285259000,129741432025,,,,,주거,,,,,,,,,,0,0,0,0,0,0,검단 오피스텔 개발사업,,
asset_fund_link,ast_473b1c633c1b,효제동 주거용 오피스텔,주거,physical_asset,,,,KR,,서울특별시 종로구 효제동 21-3번지 일원,37.57496492446808,127.00198648886283,1111016200100210003,AP00022001,verified,unknown,pending,,P00022,효제센트럴PFV,P효제센트럴,운용,주거,국내,사업그룹3파트,사업그룹3파트,박세민,박세민,2021-11-24,2031-11-24,,171000000000,171000000000,15000000000,156000000000,0,운용,펀드 AUM 관리_20260515.xlsx,underlying_asset,direct_owner,direct,,unallocated,True,False,,,,,,,1,171000000000,171000000000,15000000000,156000000000,0,,31057.0,,,주거,,,,,,,2025-06-30,,,624000000000,624000000000,165000000000,165000000000,11,4,효제동 주거용 오피스텔,,
asset_fund_link,ast_2afd5e4b541f,안산시 고잔동 오피스텔 및 근린생활시설,주거,physical_asset,,,,,,경기도 안산시 단원구 고잔동 542-1 외 1필지,37.31694441545599,126.84175081038825,4127310100105420001,AP00024001,verified,unknown,pending,,P00024,안산센트럴피에프브이 주식회사,P안산센트럴,운용,주거,국내,리빙그룹2파트,리빙그룹2파트,김완혁,김완혁,2021-08-18,2031-08-18,,36047941737,36047941737,5000000000,31047941737,0,운용,펀드 AUM 관리_20260515.xlsx,underlying_asset,direct_owner,direct,,unallocated,True,False,,,,,,,1,36047941737,36047941737,5000000000,31047941737,0,,,,,주거,,,,,,,,,,93143825211,93143825211,30000000000,30000000000,6,3,안산시 고잔동 오피스텔 개발,,
asset_fund_link,ast_9b0de0a4a118,성수동2가오피스,오피스,physical_asset,,,,KR,,서울시 성동구 성수동2가 269-208 일원,37.54028970863492,127.06077364439588,1120011500102690208,AP00026001,verified,unknown,pending,,P00026,성수티에스피에프브이 주식회사,P성수티에스,운용,오피스,국내,투자2그룹1파트,투자2그룹1파트,이승철,이승철,2022-01-12,2025-07-21,,77000000000,75800000000,5000000000,72000000000,0,운용,펀드 AUM 관리_20260515.xlsx,underlying_asset,direct_owner,direct,,unallocated,True,False,,,,,,,2,130000000000,128800000000,10000000000,120000000000,0,,29368.19,,,오피스,,,,,,,2025-12-31,,,960000000000,950400000000,60000000000,60000000000,6,8,,,
asset_fund_link,ast_9b0de0a4a118,성수동2가오피스,오피스,physical_asset,,,,KR,,서울시 성동구 성수동2가 269-208 일원,37.54028970863492,127.06077364439588,1120011500102690208,AP00026001,verified,unknown,pending,,P00036,성수티에스2차피에프브이 주식회사,P성수티에스2차,청산,오피스,국내,투자2그룹1파트,투자2그룹1파트,김민기,김민기,2022-06-02,2026-04-14,,53000000000,53000000000,5000000000,48000000000,0,청산,펀드 AUM 관리_20260515.xlsx,underlying_asset,direct_owner,direct,,unallocated,True,False,,,,,,,2,130000000000,128800000000,10000000000,120000000000,0,,29368.19,,,오피스,,,,,,,2025-12-31,,,960000000000,950400000000,60000000000,60000000000,6,8,,,
asset_fund_link,ast_cd2c32700ef7,수서역환승센터복합개발사업,오피스,physical_asset,,,,KR,,서울시 강남구 수서동 197번지 일원,37.48319556074074,127.10574655491796,1168011500101970000,AP00027001,verified,unknown,pending,,P00027,주식회사 수서역환승센터복합개발,P수서역환승센터,운용,복합(오피스),국내,투자3그룹1파트,투자3그룹1파트,유한나,유한나,2022-02-10,2058-02-10,,1272920000000,70300000000,70300000000,1066600000000,136020000000,운용,펀드 AUM 관리_20260515.xlsx,underlying_asset,direct_owner,direct,,unallocated,True,False,,,,,,,1,1272920000000,70300000000,70300000000,1066600000000,136020000000,,516079.0,,,오피스,,,,,,,,,,8532800000000,0,70300000000,70300000000,1,8,수서역 환승센터 복합개발사업,,
asset_fund_link,ast_f5307db6bfad,제주화북상업지역 주상복합용지 C1블럭 주상복합시설,주거,physical_asset,,,,,,,,,,AP00028001,verified,unknown,not_checked,,P00028,디에스피에프브이 주식회사,P디에스,운용,주거,국내,투자3그룹1파트,투자3그룹1파트,강수원,강수원,2022-03-29,2026-12-31,,53900000000,53900000000,5250000000,48650000000,0,운용,펀드 AUM 관리_20260515.xlsx,underlying_asset,direct_owner,direct,,unallocated,True,False,,,,,,,1,53900000000,53900000000,5250000000,48650000000,0,,146278.0,,,주거,,,,,,,2026-10-31,,,243250000000,243250000000,15750000000,15750000000,3,5,제주 화북 프로젝트,,
asset_fund_link,ast_5d4460265c4e,을지로3가 도시환경정비구역 제10지구 신축 오피스,오피스,physical_asset,,,,KR,,을지로3가 95-11 일원,37.56693345250778,126.99108607235473,1114015500100950011,AP00029001,verified,unknown,pending,,P00029,을지로95피에프브이 주식회사,P을지로95,운용,오피스,국내,사업그룹3파트,사업그룹3파트,손서형,손서형,2022-03-04,2032-03-04,,360000000000,202000000000,15000000000,345000000000,0,운용,펀드 AUM 관리_20260515.xlsx,underlying_asset,direct_owner,direct,,unallocated,True,False,,,,,,,1,360000000000,202000000000,15000000000,345000000000,0,,,,,오피스,,,,,,,,,,2070000000000,1122000000000,360000000000,360000000000,24,6,을지로3가 10지구,,
asset_fund_link,ast_7dc6f67bfd0a,은평 시니어레지던스,오피스복합,physical_asset,,,,KR,,은평구 진관동 208-10 일원,37.633659053937464,126.93079985558347,1138011400102080010,AP00033001,verified,unknown,pending,,P00033,은평진관동피에프브이 주식회사,P은평진관동,운용,복합(주거),국내,투자1그룹4파트,투자1그룹4파트,김찬솔,김찬솔,2022-07-06,2026-04-30,,255000000000,115075000000,5000000000,250000000000,0,운용,펀드 AUM 관리_20260515.xlsx,underlying_asset,direct_owner,direct,,unallocated,True,False,,,,,,,1,255000000000,115075000000,5000000000,250000000000,0,,47745.63,,,오피스복합,,,,,,,,,,1250000000000,550375000000,40000000000,40000000000,8,5,은평 시니어리빙 1호,,
asset_fund_link,ast_eb6dfd75233b,KTX울산역 오피스텔 개발사업,주거,physical_asset,,,,,,울산광역시 울주군 삼남읍 교동리 1682-1번지,35.55447636834116,129.13541419016929,3171026521116820001,AP00034001,verified,unknown,pending,,P00034,울산케이티엑스센트럴포레 주식회사,P울산KTX,운용,주거,국내,투자3그룹1파트,투자3그룹1파트,유한나,유한나,2022-04-29,2026-08-31,,55000000000,55000000000,5000000000,50000000000,0,운용,펀드 AUM 관리_20260515.xlsx,underlying_asset,direct_owner,direct,,unallocated,True,False,,,,,,,1,55000000000,55000000000,5000000000,50000000000,0,,120656.0,,,주거,,,,,,,2026-08-31,,,250000000000,250000000000,85000000000,85000000000,17,5,울산역 KTX S3블럭 오피스텔 개발사업,,
asset_fund_link,ast_d4da0b74e017,해운대중동공동주택,주거,physical_asset,,,,,,부산시 해운대 중동 256-5번지 일원,35.16954320981566,129.17235662182054,2635010600102560005,AP00035001,verified,unknown,pending,,P00035,해운대센트럴PFV,P해운대센트럴,운용,주거,국내,투자3그룹1파트,투자3그룹1파트,심동민,심동민,2022-11-22,2028-01-21,,328852200000,328851000000,8501000000,320351200000,0,운용,펀드 AUM 관리_20260515.xlsx,underlying_asset,direct_owner,direct,,unallocated,True,False,,,,,,,1,328852200000,328851000000,8501000000,320351200000,0,,16486.0,,,주거,,,,,,,2027-09-30,,,1601756000000,1601750000000,68008000000,68008000000,8,5,부산 해운대구 중동 공동주택 개발,,
asset_fund_link,ast_10ad74d3885c,용답동 청년주택 개발사업,,physical_asset,,,,KR,,"서울 성동구 용답동 231,231-1번지",37.560627395430146,127.06353220730699,1120012200102310000,AR00001001,verified,unknown,pending,,R00001,이지스엠에프용답위탁관리부동산투자회사,R엠에프용답,운용,주거,국내,사모리츠파트,사모리츠파트,이길수,이길수,2019-08-26,,,331200000000,153900000000,11200000000,320000000000,0,운용,펀드 AUM 관리_20260515.xlsx,underlying_asset,direct_owner,direct,,unallocated,True,False,,,,,,,1,331200000000,153900000000,11200000000,320000000000,0,,97570.0,,,주거,,,,,,,,,,1280000000000,570800000000,78400000000,78400000000,7,4,,,
asset_fund_link,ast_45b2d66f02a6,용산구 원효로3가 역세권 청년주택,,physical_asset,,,,KR,,서울특별시 용산구 원효로3가 1-159외 3필지,37.53588955185519,126.9570674411126,1117011700100010159,AR00004001,verified,unknown,pending,,R00004,주식회사 이지스용산청년주택위탁관리부동산투자회사,R용산청년주택,운용,주거,국내,사모리츠파트,사모리츠파트,이길수,이길수,2020-07-17,,,455986423520,433486423520,60986423520,395000000000,0,운용,펀드 AUM 관리_20260515.xlsx,underlying_asset,direct_owner,direct,,unallocated,True,False,,,,,,,1,455986423520,433486423520,60986423520,395000000000,0,,99754.54,,,주거,,,,,,,2026-08-30,,,1185000000000,1117500000000,304932117600,304932117600,5,3,,,
asset_fund_link,ast_ee8fd3272e9f,북미DC포트폴리오,,physical_asset,,,,,,,37.413521277,127.124501255,,AR00006002,verified,unknown,not_checked,,R00006,이지스데이터센터위탁관리부동산투자회사 주식회사,R데이터센터,운용,기타,혼합,상장리츠파트,상장리츠파트,김현웅,김현웅,2020-11-25,,,13997168228,13997168228,10446006811,3551161417,0,운용,펀드 AUM 관리_20260515.xlsx,underlying_asset,direct_owner,direct,,unallocated,True,False,,,,,,,1,13997168228,13997168228,10446006811,3551161417,0,,,,,데이터센터,,,,,,,,,,0,0,0,0,0,0,,,
asset_fund_link,ast_31b606a68614,Spring Creek Towers,,physical_asset,,,,,,"1255 Granville Payne Ave, Brooklyn, NY",,,,AR00010001,verified,unknown,not_checked,,R00010,주식회사 이지스글로벌레지던스위탁관리부동산투자회사,R글로벌레지던스,운용,주거,해외,상장리츠파트,상장리츠파트,임수빈,임수빈,2021-12-14,,,126872731464,126872731464,126872731464,,0,운용,펀드 AUM 관리_20260515.xlsx,underlying_asset,direct_owner,direct,,unallocated,True,False,,,,,,,1,126872731464,126872731464,126872731464,0,0,,556137.0,4.74,,주거,,,,,,,,,,50000000000,50000000000,0,0,1,0,,,
asset_fund_link,ast_7f15b2995cda,신도림 디큐브시티 백화점,,physical_asset,,,,,,,37.508134461,126.888206228,,AR00014001,verified,unknown,not_checked,,R00014,주식회사타임워크웨스트기업구조조정부동산투자회사,R타임워크기업구조조정,운용,,국내,사모리츠파트,사모리츠파트,황혜원,황혜원,,,,,,,,,,펀드 AUM 관리_20260515.xlsx,underlying_asset,direct_owner,direct,,unallocated,True,False,,,,,,,1,0,0,0,0,0,,,,,오피스,,,,,,,,,,0,0,0,0,0,0,,,
asset_fund_link,ast_b2fa1e20d812,용산전자상가 특별계획구역8 개발사업,,physical_asset,,,,KR,,서울특별시 용산구 한강로2가 15-2,37.533912596241706,126.96567150810358,1117012500100150002,P00039001,auto_created,unknown,found,2026-06-01T06:59:31.235467+00:00,P00039,용산라이프시티PFV,P용산라이프,운용,,국내,사업그룹1파트,사업그룹1파트,류홍,류홍,,,,,,,,,,펀드 AUM 관리_20260515.xlsx,underlying_asset,direct_owner,direct,,unallocated,True,False,,,,,,,1,0,0,0,0,0,7737.8,14747.68,58.728385,169.6455,리테일,철근콘크리트구조,3,1,,옥내 0 / 옥외 97,0.0,1969-12-08,BldRgstHubService.getBrTitleInfo,0.95,0,0,0,0,0,0,,,
asset_fund_link,ast_498605d11e47,"용답동 231, 231-1 공동주택 및 근린생활시설",오피스,physical_asset,,,,KR,33,서울특별시 성동구 용답동 231,37.560627395430146,127.06353220730699,1120012200102310000,R00016001,auto_created,unknown,pending,,R00016,㈜하이서울147청년주택위탁관리부동산투자회사,R하이서울147,운용,,국내,사모리츠파트,사모리츠파트,이길수,이길수,,,,,,,,,,펀드 AUM 관리_20260515.xlsx,underlying_asset,direct_owner,direct,,unallocated,True,False,,,,,,,1,0,0,0,0,0,3.0,97558.0,12.0,,오피스,,3,3,,3,,2026-02-27,,,0,0,0,0,0,0,,,
asset_fund_link,ast_0eebe3722ecd,동일타워 (투자),오피스,physical_asset,,,,KR,,서울특별시 강남구 대치동 1004,37.5070703266535,127.066936103562,1168010600110040000,A112012001,auto_created,unknown,found,2026-06-01T06:58:40.430474+00:00,112012,이지스KORIF사모부동산투자신탁16호,16호,운용,오피스,국내,자산관리2파트2,자산관리2파트2,이단비,이단비,2012-11-30,2029-11-30,,219811847170,204575994248,48000000000,161000000000,10811847170,운용,펀드 AUM 관리_20260515.xlsx,underlying_asset,direct_owner,direct,,unallocated,True,False,,,,,,,1,219811847170,204575994248,48000000000,161000000000,10811847170,5431.6,43798.6,49.86,297.93,오피스,철근콘크리트구조,16,7,7,옥내 351 / 옥외 0,67.8,2012-06-29,BldRgstHubService.getBrTitleInfo,0.95,0,0,0,0,0,0,동일타워,,
asset_fund_link,ast_3e8fec277620,와이플러스빌딩 (투자),,physical_asset,,,,KR,,서울특별시 강남구 신사동 533-3,37.5221787451402,127.022430544855,1168010700105330003,A112185001,auto_created,unknown,found,2026-06-01T07:01:56.210637+00:00,112185,이지스전문투자형사모부동산투자신탁144호(운용),144호,청산,오피스,국내,"투자2그룹1파트, Growth TF","투자2그룹1파트, Growth TF",이정은,이정은,2018-03-13,2022-01-10,,17200000000,17200000000,17200000000,0,0,청산,펀드 AUM 관리_20260515.xlsx,underlying_asset,direct_owner,direct,,unallocated,True,False,,,,,,,3,17200000000,17200000000,17200000000,0,0,482.9,1838.66,5.3,298.87,오피스,철근콘크리트구조,7,1,1,옥내 0 / 옥외 0,26.85,2005-07-22,BldRgstHubService.getBrTitleInfo,0.95,0,0,0,0,0,0,,,
asset_fund_link,ast_4f5ea25eb396,피겨앤그라운드,,physical_asset,,,,KR,,서울특별시 강남구 신사동 543,37.5201803373496,127.023946746803,1168010700105430000,A112322001,auto_created,unknown,found,2026-06-01T07:01:56.507393+00:00,112322,이지스일반사모부동산투자신탁제291호,291호,청산,리테일,국내,"전략펀드운용1실, 자산관리1파트1","전략펀드운용1실, 자산관리1파트1",이병관,이병관,2019-06-27,2024-12-24,,222017457,8500000000,222017457,,,청산,펀드 AUM 관리_20260515.xlsx,underlying_asset,direct_owner,direct,,unallocated,True,False,,,,,,,1,222017457,8500000000,222017457,0,0,728.2,2404.65,59.774787,258.17495,제2종근린생활시설,철근콘크리트구조,6,1,1,옥내 0 / 옥외 2,21.21,2020-11-02,BldRgstHubService.getBrTitleInfo,0.95,0,0,0,0,0,0,피겨앤그라운드,,
asset_fund_link,ast_9a70bf0b0afd,가로골목,,physical_asset,,,,KR,,서울특별시 강남구 신사동 545-18,37.5204244504764,127.023286401923,1168010700105450018,A112153001,auto_created,unknown,found,2026-06-01T07:01:56.355952+00:00,112792,이지스일반사모부동산투자신탁149호(1종),149호(1종),운용,리테일,국내,자산관리1파트1,자산관리1파트1,정하윤,정하윤,2023-05-04,2030-09-07,,0,0,0,0,0,운용,펀드 AUM 관리_20260515.xlsx,underlying_asset,direct_owner,direct,,unallocated,True,False,,,,,,,3,23311367977,23311367977,16311367977,7000000000,0,725.6,2346.77,59.42,200.0,제1종근린생활시설,철근콘크리트구조,5,2,1,옥내 0 / 옥외 1,22.9,2019-07-12,BldRgstHubService.getBrTitleInfo,0.95,0,0,0,0,0,0,가로골목,,
asset_fund_link,ast_9a70bf0b0afd,가로골목,,physical_asset,,,,KR,,서울특별시 강남구 신사동 545-18,37.5204244504764,127.023286401923,1168010700105450018,A112153001,auto_created,unknown,found,2026-06-01T07:01:56.355952+00:00,112793,이지스일반사모부동산투자신탁149호(2종),149호(2종),운용,리테일,국내,자산관리1파트1,자산관리1파트1,정하윤,정하윤,2023-04-21,2030-09-07,,0,0,0,0,0,운용,펀드 AUM 관리_20260515.xlsx,underlying_asset,direct_owner,direct,,unallocated,True,False,,,,,,,3,23311367977,23311367977,16311367977,7000000000,0,725.6,2346.77,59.42,200.0,제1종근린생활시설,철근콘크리트구조,5,2,1,옥내 0 / 옥외 1,22.9,2019-07-12,BldRgstHubService.getBrTitleInfo,0.95,0,0,0,0,0,0,가로골목,,
asset_fund_link,ast_9a70bf0b0afd,가로골목,,physical_asset,,,,KR,,서울특별시 강남구 신사동 545-18,37.5204244504764,127.023286401923,1168010700105450018,A112153001,auto_created,unknown,found,2026-06-01T07:01:56.355952+00:00,112153,이지스일반사모부동산투자신탁149호(운용),149호,운용,리테일,국내,자산관리1파트1,자산관리1파트1,정하윤,정하윤,2017-09-07,2030-09-07,,23311367977,23311367977,16311367977,7000000000,0,운용,펀드 AUM 관리_20260515.xlsx,underlying_asset,direct_owner,direct,,unallocated,True,False,,,,,,,3,23311367977,23311367977,16311367977,7000000000,0,725.6,2346.77,59.42,200.0,제1종근린생활시설,철근콘크리트구조,5,2,1,옥내 0 / 옥외 1,22.9,2019-07-12,BldRgstHubService.getBrTitleInfo,0.95,0,0,0,0,0,0,가로골목,,
asset_fund_link,ast_a39455191564,트리스빌딩 (투자),,physical_asset,,,,KR,,서울특별시 강남구 논현동 70-6,37.5196297916596,127.034047150685,1168010800100700006,A112025003,auto_created,unknown,found,2026-06-01T06:59:33.653318+00:00,112025,이지스 KORIF 사모부동산투자신탁 22호,22호,청산,오피스,국내,"사업그룹4파트, 전략펀드운용1실","사업그룹4파트, 전략펀드운용1실",이현호,이현호,2013-07-04,2024-07-04,,3200000000,3200000000,3200000000,0,0,청산,펀드 AUM 관리_20260515.xlsx,underlying_asset,direct_owner,direct,,unallocated,True,False,,,,,,,1,3200000000,3200000000,3200000000,0,0,2245.5,13000.1,58.48,408.29,오피스,일반철골구조,13,4,3,옥내 27 / 옥외 0,54.9,2002-05-28,BldRgstHubService.getBrTitleInfo,0.95,0,0,0,0,0,0,,,
asset_fund_link,ast_31a8b3ea9c30,두산빌딩,오피스,physical_asset,,,,KR,,논현동 105-7,37.519381899,127.035197464,1168010800101050007,A112524001,auto_created,unknown,found,2026-06-01T07:01:56.671753+00:00,112524,이지스제397호전문투자형부동산사모투자회사(운용),397호,운용,오피스,국내,자산관리3파트1,자산관리3파트1,문승현,문승현,2021-02-08,2029-05-09,,402793408799,274793408799,178900000000,204000000000,19893408799,운용,펀드 AUM 관리_20260515.xlsx,underlying_asset,direct_owner,direct,,unallocated,True,False,,,,,,,3,402793408799,274793408799,178900000000,204000000000,19893408799,3757.0,31877.8,38.01,698.24,오피스,철골철근콘크리트구조,20,4,9,옥내 154 / 옥외 52,0.0,1987-03-04,BldRgstHubService.getBrTitleInfo,0.95,0,0,0,0,0,0,논현 두산빌딩,,
asset_fund_link,ast_31a8b3ea9c30,두산빌딩,오피스,physical_asset,,,,KR,,논현동 105-7,37.519381899,127.035197464,1168010800101050007,A112524001,auto_created,unknown,found,2026-06-01T07:01:56.671753+00:00,112525,이지스제397호전문투자형부동산사모투자회사(보통주),397호(보통주),운용,오피스,국내,자산관리3파트1,자산관리3파트1,문승현,문승현,2021-02-08,2029-05-09,,0,0,0,0,0,운용,펀드 AUM 관리_20260515.xlsx,underlying_asset,direct_owner,direct,,unallocated,True,False,,,,,,,3,402793408799,274793408799,178900000000,204000000000,19893408799,3757.0,31877.8,38.01,698.24,오피스,철골철근콘크리트구조,20,4,9,옥내 154 / 옥외 52,0.0,1987-03-04,BldRgstHubService.getBrTitleInfo,0.95,0,0,0,0,0,0,논현 두산빌딩,,
asset_fund_link,ast_edd6f6c3e3e5,더피나클강남 (투자),오피스,physical_asset,,,,KR,,서울특별시 강남구 논현동 119,37.5174929279988,127.040655964645,1168010800101190000,A112005001,auto_created,unknown,found,2026-06-01T07:01:57.523468+00:00,112005,이지스전문투자형사모부동산투자신탁6호,6호,운용,오피스,국내,자산관리2파트4,자산관리2파트4,김유리,김유리,2011-12-27,2031-04-17,,472067985341,414767985341,185300000000,269000000000,17767985341,운용,펀드 AUM 관리_20260515.xlsx,underlying_asset,direct_owner,direct,,unallocated,True,False,,,,,,,5,679729985341,589558360451,392962000000,269000000000,17767985341,2986.9,44410.5,6.1,999.89,오피스,철골철근콘크리트구조,20,6,14,옥내 181 / 옥외 0,85.7,2011-09-30,BldRgstHubService.getBrTitleInfo,0.95,0,0,0,0,0,0,더피나클강남,,
asset_fund_link,ast_56e6a7e4b54b,잠실새내 오피스텔 신축사업,,physical_asset,,,,KR,,서울특별시 송파구 잠실동 183-12,37.5109290334936,127.08364358314,1171010100101830012,A112298001,auto_created,unknown,found,2026-06-01T07:01:56.818184+00:00,112298,이지스부동산투자신탁280호,280호,청산,주거,국내,,,,,2019-06-21,2021-04-12,,21999937000,21999937000,21999937000,0,0,청산,펀드 AUM 관리_20260515.xlsx,underlying_asset,direct_owner,direct,,unallocated,True,False,,,,,,,1,21999937000,21999937000,21999937000,0,0,749.2,7628.0,59.98,799.78,오피스,철근콘크리트구조,16,3,3,옥내 0 / 옥외 3,49.95,2021-02-28,BldRgstHubService.getBrTitleInfo,0.95,0,0,0,0,0,0,,,
asset_fund_link,ast_f2e00117756f,B스퀘어,오피스,physical_asset,,,,KR,,범천동 863-1,35.149715457,129.058779481,2623010400108630001,A112649001,auto_created,unknown,found,2026-06-01T07:01:56.956854+00:00,112649,이지스부산특구부동산투자신탁제1호(운용),부산특구1호,운용,오피스,국내,"전략펀드운용1실, 자산관리1파트1","전략펀드운용1실, 자산관리1파트1",이병관,이병관,2022-04-28,2032-04-28,,39953877300,39509155300,17000000000,21770000000,1183877300,운용,펀드 AUM 관리_20260515.xlsx,underlying_asset,direct_owner,direct,,unallocated,True,False,,,,,,,4,39953877300,39509155300,17000000000,21770000000,1183877300,3693.9,14581.8,4.62,956.56,오피스,철골철근콘크리트구조,26,7,10,옥내 102 / 옥외 8,112.3,1988-11-12,BldRgstHubService.getBrTitleInfo,0.95,0,0,0,0,0,0,부산 초량 MDM타워,,
asset_fund_link,ast_f2e00117756f,B스퀘어,오피스,physical_asset,,,,KR,,범천동 863-1,35.149715457,129.058779481,2623010400108630001,A112649001,auto_created,unknown,found,2026-06-01T07:01:56.956854+00:00,112651,이지스부산특구부동산투자신탁제1호(C-I),부산특구1호(C-i),운용,오피스,국내,"전략펀드운용1실, 자산관리1파트1","전략펀드운용1실, 자산관리1파트1",이병관,이병관,2022-04-28,2032-04-28,,0,0,0,0,0,운용,펀드 AUM 관리_20260515.xlsx,underlying_asset,direct_owner,direct,,unallocated,True,False,,,,,,,4,39953877300,39509155300,17000000000,21770000000,1183877300,3693.9,14581.8,4.62,956.56,오피스,철골철근콘크리트구조,26,7,10,옥내 102 / 옥외 8,112.3,1988-11-12,BldRgstHubService.getBrTitleInfo,0.95,0,0,0,0,0,0,부산 초량 MDM타워,,
asset_fund_link,ast_f2e00117756f,B스퀘어,오피스,physical_asset,,,,KR,,범천동 863-1,35.149715457,129.058779481,2623010400108630001,A112649001,auto_created,unknown,found,2026-06-01T07:01:56.956854+00:00,112652,이지스부산특구부동산투자신탁제1호(C-S),부산특구1호(C-s),운용,오피스,국내,"전략펀드운용1실, 자산관리1파트1","전략펀드운용1실, 자산관리1파트1",이병관,이병관,2022-04-28,2032-04-28,,0,0,0,0,0,운용,펀드 AUM 관리_20260515.xlsx,underlying_asset,direct_owner,direct,,unallocated,True,False,,,,,,,4,39953877300,39509155300,17000000000,21770000000,1183877300,3693.9,14581.8,4.62,956.56,오피스,철골철근콘크리트구조,26,7,10,옥내 102 / 옥외 8,112.3,1988-11-12,BldRgstHubService.getBrTitleInfo,0.95,0,0,0,0,0,0,부산 초량 MDM타워,,
asset_fund_link,ast_f2e00117756f,B스퀘어,오피스,physical_asset,,,,KR,,범천동 863-1,35.149715457,129.058779481,2623010400108630001,A112649001,auto_created,unknown,found,2026-06-01T07:01:56.956854+00:00,112650,이지스부산특구부동산투자신탁제1호(C-e),부산특구1호(A-e),운용,오피스,국내,"전략펀드운용1실, 자산관리1파트1","전략펀드운용1실, 자산관리1파트1",이병관,이병관,2022-04-28,2032-04-28,,0,0,0,0,0,운용,펀드 AUM 관리_20260515.xlsx,underlying_asset,direct_owner,direct,,unallocated,True,False,,,,,,,4,39953877300,39509155300,17000000000,21770000000,1183877300,3693.9,14581.8,4.62,956.56,오피스,철골철근콘크리트구조,26,7,10,옥내 102 / 옥외 8,112.3,1988-11-12,BldRgstHubService.getBrTitleInfo,0.95,0,0,0,0,0,0,부산 초량 MDM타워,,
asset_fund_link,ast_541ce8b9c351,부산 온천동 복합시설 신축사업,,physical_asset,,,,KR,,부산광역시 동래구 온천동 1838,35.2075461086421,129.068140707613,2626010800118380000,A112306001,auto_created,unknown,found,2026-06-01T06:57:41.25157+00:00,112306,이지스전문투자형사모투자신탁285호,285호,청산,주거,국내,,,,,2019-04-17,2020-03-23,,5000000000,5000000000,5000000000,0,0,청산,펀드 AUM 관리_20260515.xlsx,underlying_asset,direct_owner,direct,,unallocated,True,False,,,,,,,1,5000000000,5000000000,5000000000,0,0,2543.0,34730.9,61.782036,999.04098,오피스,철근콘크리트구조,24,4,,옥내 172 / 옥외 0,79.6,2020-12-31,BldRgstHubService.getBrTitleInfo,0.95,0,0,0,0,0,0,,,
asset_fund_link,ast_39df6f35071a,신라스테이해운대,호텔,physical_asset,,,,KR,,부산광역시 해운대구 우동 629-6,35.159763310997,129.158728364903,2635010500106290006,A112048001,auto_created,unknown,found,2026-06-01T07:01:57.102074+00:00,112678,이지스일반사모부동산투자신탁47호(2종),47호(2종),운용,호텔,국내,자산관리2파트4,자산관리2파트4,이형철,이형철,2022-06-28,2026-07-29,,76196500000,76196500000,76196500000,0,0,운용,펀드 AUM 관리_20260515.xlsx,underlying_asset,direct_owner,direct,,unallocated,True,False,,,,,,,3,272858628220,272858628220,152393000000,120000000000,465628220,2776.0,29620.6,58.5663,781.5299,호텔,철골철근콘크리트구조,16,4,6,옥내 112 / 옥외 0,62.1,2017-02-14,BldRgstHubService.getBrTitleInfo,0.95,0,0,0,0,0,0,신라스테이 해운대,,
asset_fund_link,ast_39df6f35071a,신라스테이해운대,호텔,physical_asset,,,,KR,,부산광역시 해운대구 우동 629-6,35.159763310997,129.158728364903,2635010500106290006,A112048001,auto_created,unknown,found,2026-06-01T07:01:57.102074+00:00,112677,이지스사모부동산투자신탁47호(1종),47호(1종),미설정,호텔,국내,"People Architecture TF, 자산관리2파트4","People Architecture TF, 자산관리2파트4",이운구,이운구,2022-06-27,2022-06-28,,,,,,,,펀드 AUM 관리_20260515.xlsx,underlying_asset,direct_owner,direct,,unallocated,True,False,,,,,,,3,272858628220,272858628220,152393000000,120000000000,465628220,2776.0,29620.6,58.5663,781.5299,호텔,철골철근콘크리트구조,16,4,6,옥내 112 / 옥외 0,62.1,2017-02-14,BldRgstHubService.getBrTitleInfo,0.95,0,0,0,0,0,0,신라스테이 해운대,,
asset_fund_link,ast_39df6f35071a,신라스테이해운대,호텔,physical_asset,,,,KR,,부산광역시 해운대구 우동 629-6,35.159763310997,129.158728364903,2635010500106290006,A112048001,auto_created,unknown,found,2026-06-01T07:01:57.102074+00:00,112048,이지스일반사모부동산투자신탁47호(운용),47호,운용,호텔,국내,자산관리2파트4,자산관리2파트4,이형철,이형철,2015-05-29,2026-07-29,,196662128220,196662128220,76196500000,120000000000,465628220,운용,펀드 AUM 관리_20260515.xlsx,underlying_asset,direct_owner,direct,,unallocated,True,False,,,,,,,3,272858628220,272858628220,152393000000,120000000000,465628220,2776.0,29620.6,58.5663,781.5299,호텔,철골철근콘크리트구조,16,4,6,옥내 112 / 옥외 0,62.1,2017-02-14,BldRgstHubService.getBrTitleInfo,0.95,0,0,0,0,0,0,신라스테이 해운대,,
asset_fund_link,ast_ecd738fc0c31,홈플러스센텀시티점,리테일,physical_asset,,,,KR,,부산광역시 해운대구 우동 1499,35.1708980356299,129.133752556126,2635010500114990000,A112008003,auto_created,unknown,found,2026-06-01T07:01:57.240378+00:00,112008,이지스일반사모부동산투자신탁13호(운용),13호,운용,리테일,국내,자산관리2파트1,자산관리2파트1,이경훈,이경훈,2012-07-11,2027-08-23,,977772633469,977772633469,362228633469,580000000000,35544000000,운용,펀드 AUM 관리_20260515.xlsx,underlying_asset,direct_owner,direct,,unallocated,True,False,,,,,,,2,977772633469,977772633469,362228633469,580000000000,35544000000,17289.8,59650.9,70.11,186.26,리테일,철근콘크리트구조,5,1,2,옥내 1021 / 옥외 0,25.8,2006-06-14,BldRgstHubService.getBrTitleInfo,0.95,0,0,0,0,0,0,,,
asset_fund_link,ast_ecd738fc0c31,홈플러스센텀시티점,리테일,physical_asset,,,,KR,,부산광역시 해운대구 우동 1499,35.1708980356299,129.133752556126,2635010500114990000,A112008003,auto_created,unknown,found,2026-06-01T07:01:57.240378+00:00,112702,이지스일반사모부동산투자신탁13호(2종),13호(2종),운용,리테일,국내,자산관리2파트1,자산관리2파트1,이경훈,이경훈,2022-08-05,2027-08-23,,0,0,0,0,0,운용,펀드 AUM 관리_20260515.xlsx,underlying_asset,direct_owner,direct,,unallocated,True,False,,,,,,,2,977772633469,977772633469,362228633469,580000000000,35544000000,17289.8,59650.9,70.11,186.26,리테일,철근콘크리트구조,5,1,2,옥내 1021 / 옥외 0,25.8,2006-06-14,BldRgstHubService.getBrTitleInfo,0.95,0,0,0,0,0,0,,,
asset_fund_link,ast_6fbb0d555e87,이지스일반사모투자신탁435호(태양광),,physical_asset,,,,KR,,대저1동 1619,35.209673248,128.954717074,2644010100116190000,A112584020,auto_created,unknown,found,2026-06-01T07:01:57.389387+00:00,112584,이지스일반사모투자신탁435호(태양광),435호,운용,특별자산,국내,인프라전략2파트,인프라전략2파트,백다슬,백다슬,2021-08-05,2043-08-05,,100000000000,68567934814,100000000000,0,0,운용,펀드 AUM 관리_20260515.xlsx,underlying_asset,direct_owner,direct,,unallocated,True,False,,,,,,,1,100000000000,68567934814,100000000000,0,0,0.0,189.0,0.0,0.0,판매시설,철근콘크리트구조,1,1,,옥내 0 / 옥외 0,4.5,2007-05-09,BldRgstHubService.getBrTitleInfo,0.95,0,0,0,0,0,0,,,
asset_fund_link,ast_afb26eedbbe3,부산송정물류센터 (투자),물류센터,physical_asset,,,,KR,,부산광역시 강서구 송정동 1715-2,35.0850630397063,128.840948002681,2644010900117150002,A112109001,auto_created,unknown,found,2026-06-01T07:01:57.677791+00:00,112109,이지스제114호전문투자형사모부동산투자유한회사,114호,운용,물류,국내,사업그룹4파트,사업그룹4파트,유미현,유미현,2017-02-09,2047-01-13,,76000000000,76000000000,28000000000,48000000000,0,운용,펀드 AUM 관리_20260515.xlsx,underlying_asset,direct_owner,direct,,unallocated,True,False,,,,,,,1,76000000000,76000000000,28000000000,48000000000,0,0.0,24387.9,0.0,0.0,제2종근린생활시설,철근콘크리트구조,3,1,2,옥내 0 / 옥외 99,13.14,2015-11-16,BldRgstHubService.getBrTitleInfo,0.95,0,0,0,0,0,0,부산 송정 물류센터,이지스 114호(송정냉동물류센터),
asset_fund_link,ast_25e1a4cc6c6f,부산 수영구 광안동 98-1외 7필지 오피스텔 PF,,physical_asset,,,,KR,,부산광역시 수영구 광안동 98-1,35.1649670714848,129.115156918974,2650010400100980001,A112163001,auto_created,unknown,found,2026-06-01T07:01:57.807469+00:00,112163,이지스부동산투자신탁161호,161호,청산,복합(오피스),국내,,,,,2017-12-07,2020-03-24,,30044685000,30044685000,30044685000,0,0,청산,펀드 AUM 관리_20260515.xlsx,underlying_asset,direct_owner,direct,,unallocated,True,False,,,,,,,1,30044685000,30044685000,30044685000,0,0,2126.9,32799.3,79.96,1105.15,오피스,철근콘크리트구조,19,6,4,옥내 148 / 옥외 0,62.09,2020-01-01,BldRgstHubService.getBrTitleInfo,0.95,0,0,0,0,0,0,,,
asset_fund_link,ast_b6574cf0dc13,"부산시 사상구 괘법동 오피스텔, 도시형생활주택 및 근린생활시설 신축사업",,physical_asset,,,,KR,,부산광역시 사상구 괘법동 564-8,35.161922930757,128.982295559015,2653010400105640008,A112252002,auto_created,unknown,found,2026-06-01T07:01:57.942292+00:00,112252,이지스부동산투자신탁239호,239호,청산,복합(오피스),국내,,,,,2018-11-23,2021-04-12,,48970000000,48970000000,48970000000,0,0,청산,펀드 AUM 관리_20260515.xlsx,underlying_asset,direct_owner,direct,,unallocated,True,False,,,,,,,1,48970000000,48970000000,48970000000,0,0,1658.2,22920.8,79.34,1174.82,주거,철근콘크리트구조,20,3,5,옥내 58 / 옥외 0,71.55,2021-01-25,BldRgstHubService.getBrTitleInfo,0.95,0,0,0,0,0,0,,,
asset_fund_link,ast_1c2b0c57e8b7,대구시티센터 (투자),오피스복합,physical_asset,,,,KR,,대구광역시 중구 문화동 11-1,35.8709645189052,128.597706863321,2711012100100110001,A112033001,auto_created,unknown,found,2026-06-01T06:59:14.471648+00:00,112033,이지스티디에이치제32호사모부동산투자유한회사,32호,운용,복합(호텔),국내,자산관리2파트2,자산관리2파트2,이단비,이단비,2014-06-12,2027-12-31,,116272152179,115890272361,25000000000,91272152179,0,운용,펀드 AUM 관리_20260515.xlsx,underlying_asset,direct_owner,direct,,unallocated,True,False,,,,,,,1,116272152179,115890272361,25000000000,91272152179,0,7615.5,86892.5,45.16,508.11,호텔,일반철골구조,23,9,9,옥내 440 / 옥외 0,84.6,2001-08-17,BldRgstHubService.getBrTitleInfo,0.95,0,0,0,0,0,0,,이지스 32호 (DCC),
asset_fund_link,ast_44e362fded27,이지스리테일제55호사모부동산투자유한회사,,physical_asset,,,,KR,,인천광역시 중구 항동7가 76-2,37.4480138692455,126.622194743796,2811011800100760002,A112054003,auto_created,unknown,found,2026-06-01T07:01:58.224305+00:00,112054,이지스리테일제55호사모부동산투자유한회사,55호,청산,리테일,국내,이지스자산운용,이지스자산운용,박예준,박예준,2015-07-10,2021-12-14,,279685304114,0,179065591614,95159450000,5460262500,청산,펀드 AUM 관리_20260515.xlsx,underlying_asset,direct_owner,direct,,unallocated,True,False,,,,,,,2,279685304114,0,179065591614,95159450000,5460262500,20486.0,49778.2,6.7,183.84,리테일,철근콘크리트구조,6,1,2,옥내 625 / 옥외 7,44.65,2007-09-07,BldRgstHubService.getBrTitleInfo,0.95,0,0,0,0,0,0,,,
asset_fund_link,ast_b9718f8cb5fe,아레나스영종,물류센터,physical_asset,,,,KR,,인천광역시 중구 운북동 1328-1,37.510660397356,126.497846754351,2811014800113280001,A112235001,auto_created,unknown,found,2026-06-01T07:01:58.359613+00:00,112320,이지스아레나스케이엘아이피1사모부동산자투자회사,아레나스 1호(자),운용,물류,국내,사업그룹3파트,사업그룹3파트,최성현,최성현,2019-06-20,2028-05-15,,0,0,0,0,0,운용,펀드 AUM 관리_20260515.xlsx,underlying_asset,direct_owner,direct,,unallocated,True,False,,,,,,,7,80089240000,80089240000,80089240000,0,0,62215.7,186038.0,69.38,299.11,물류,경량철골구조,1,0,12,옥내 0 / 옥외 0,8.15,2021-01-22,BldRgstHubService.getBrTitleInfo,0.95,0,0,0,0,0,0,아레나스 영종,,
asset_fund_link,ast_b9718f8cb5fe,아레나스영종,물류센터,physical_asset,,,,KR,,인천광역시 중구 운북동 1328-1,37.510660397356,126.497846754351,2811014800113280001,A112235001,auto_created,unknown,found,2026-06-01T07:01:58.359613+00:00,112235,스카이로지스사모부동산투자회사(운용),스카이로지스,운용,물류,국내,사업그룹3파트,사업그룹3파트,최성현,최성현,2018-09-20,2028-08-23,,80089240000,80089240000,80089240000,0,0,운용,펀드 AUM 관리_20260515.xlsx,underlying_asset,direct_owner,direct,,unallocated,True,False,,,,,,,7,80089240000,80089240000,80089240000,0,0,62215.7,186038.0,69.38,299.11,물류,경량철골구조,1,0,12,옥내 0 / 옥외 0,8.15,2021-01-22,BldRgstHubService.getBrTitleInfo,0.95,0,0,0,0,0,0,아레나스 영종,,
asset_fund_link,ast_b9718f8cb5fe,아레나스영종,물류센터,physical_asset,,,,KR,,인천광역시 중구 운북동 1328-1,37.510660397356,126.497846754351,2811014800113280001,A112235001,auto_created,unknown,found,2026-06-01T07:01:58.359613+00:00,112323,이지스아레나스케이엘아이피1의1사모부동산모투자회사,아레나스1-1호(모),운용,물류,국내,사업그룹3파트,사업그룹3파트,최성현,최성현,2019-06-20,2027-05-21,,0,0,0,0,0,운용,펀드 AUM 관리_20260515.xlsx,underlying_asset,direct_owner,direct,,unallocated,True,False,,,,,,,7,80089240000,80089240000,80089240000,0,0,62215.7,186038.0,69.38,299.11,물류,경량철골구조,1,0,12,옥내 0 / 옥외 0,8.15,2021-01-22,BldRgstHubService.getBrTitleInfo,0.95,0,0,0,0,0,0,아레나스 영종,,
asset_fund_link,ast_bd308f82a818,잭니클라우스GC 단독주택부지 담보신탁 1순위 우선수익권 담보부,,physical_asset,,,,KR,,인천광역시 연수구 송도동 117-91,37.3803712229872,126.626001940722,2818510600101170091,A112255001,auto_created,unknown,found,2026-06-01T07:02:00.717936+00:00,112255,이지스전문투자형사모부동산투자신탁241호,241호,청산,특별자산,국내,,,,,2018-10-31,2019-11-01,,36000000000,36000000000,36000000000,0,0,청산,펀드 AUM 관리_20260515.xlsx,underlying_asset,direct_owner,direct,,unallocated,True,False,,,,,,,1,36000000000,36000000000,36000000000,0,0,459.7,454.21,29.77,48.9254,주거,철근콘크리트구조,2,1,,옥내 3 / 옥외 0,11.37,2024-10-22,BldRgstHubService.getBrTitleInfo,0.95,0,0,0,0,0,0,,,
asset_fund_link,ast_701635aba4fc,송도 센토피아더샵 공동주택 및 근린생활시설 개발사업 PF Refinancing,,physical_asset,,,,KR,,인천광역시 연수구 송도동 308-1,37.4120749239746,126.612069865029,2818510600103080001,A112373001,auto_created,unknown,found,2026-06-01T07:02:00.850381+00:00,112373,이지스전문투자형사모투자신탁334호,334호,청산,주거,국내,,,,,2019-10-25,2020-07-31,,40000000000,40000000000,40000000000,0,0,청산,펀드 AUM 관리_20260515.xlsx,underlying_asset,direct_owner,direct,,unallocated,True,False,,,,,,,1,40000000000,40000000000,40000000000,0,0,0.0,15887.3,0.0,0.0,주거,철근콘크리트구조,38,0,4,옥내 0 / 옥외 0,107.95,2020-07-13,BldRgstHubService.getBrTitleInfo,0.95,0,0,0,0,0,0,,,
asset_fund_link,ast_ed6a011723e2,남동테크노타워 지식산업센터 개발사업 PF,,physical_asset,,,,KR,,인천광역시 남동구 고잔동 648-1,37.4004453243097,126.70765190236,2820011100106480001,A112184001,auto_created,unknown,found,2026-06-01T07:02:01.007701+00:00,112184,이지스전문투자형사모부동산투자신탁182호,182호,청산,오피스,국내,,,,,2018-02-27,2019-12-03,,13168316835,13168316835,13168316835,0,0,청산,펀드 AUM 관리_20260515.xlsx,underlying_asset,direct_owner,direct,,unallocated,True,False,,,,,,,1,13168316835,13168316835,13168316835,0,0,5055.6,39881.1,78.38,419.68,물류,프리케스트콘크리트구조,11,2,3,옥내 234 / 옥외 0,59.7,2019-08-01,BldRgstHubService.getBrTitleInfo,0.95,0,0,0,0,0,0,,,
asset_fund_link,ast_ec5c572ce8a7,주식회사 이지스레지던스위탁관리부동산투자회사,,physical_asset,,,,KR,,인천광역시 부평구 십정동 216,37.4784053934111,126.69562913808,2823710200102160000,AR00008001,auto_created,unknown,found,2026-06-01T07:02:00.305082+00:00,R00008,주식회사 이지스레지던스위탁관리부동산투자회사,R레지던스,운용,주거,국내,상장리츠파트,상장리츠파트,임수빈,임수빈,2020-02-03,,,398500859795,398500859795,301500859795,97000000000,0,운용,펀드 AUM 관리_20260515.xlsx,underlying_asset,direct_owner,direct,,unallocated,True,False,,,,,,,1,398500859795,398500859795,301500859795,97000000000,0,4094.0,475458.0,23.15,399.68,주거,철근콘크리트구조,22,1,,옥내 71 / 옥외 42,61.0,1997-05-06,BldRgstHubService.getBrTitleInfo,0.95,0,0,0,0,0,0,,,
asset_fund_link,ast_b5b13984b5c2,부평 더샵센트럴시티 공공지원민간임대주택,주거,physical_asset,,,,KR,,십정동 630,37.474635711,126.69874579,2823710200106300000,A112149001,auto_created,unknown,found,2026-06-01T07:02:00.439366+00:00,112172,이지스제151호전문투자형사모부동산투자유한회사(운용),151호,운용,주거,국내,"리빙그룹1파트, 리빙매니지먼트","리빙그룹1파트, 리빙매니지먼트",홍지훈,홍지훈,2017-12-28,2032-08-14,,1229315975151,994381842996,164300000000,624670000000,440345975151,운용,펀드 AUM 관리_20260515.xlsx,underlying_asset,direct_owner,direct,,unallocated,True,False,,,,,,,9,1246315975151,1011381842996,181300000000,624670000000,440345975151,161812.4,756766.0,0.37,10.87,주거,철근콘크리트구조,48,0,6,옥내 0 / 옥외 0,142.84,2022-05-02,BldRgstHubService.getBrTitleInfo,0.95,0,0,0,0,0,0,십정2구역 더샵부평센트럴시티,,
asset_fund_link,ast_b5b13984b5c2,부평 더샵센트럴시티 공공지원민간임대주택,주거,physical_asset,,,,KR,,십정동 630,37.474635711,126.69874579,2823710200106300000,A112149001,auto_created,unknown,found,2026-06-01T07:02:00.439366+00:00,112181,이지스제151호전문투자형사모부동산투자유한회사(2종),151호(2종),운용,주거,국내,"리빙그룹1파트, 리빙매니지먼트","리빙그룹1파트, 리빙매니지먼트",홍지훈,홍지훈,2017-12-29,2032-08-14,,0,0,0,0,0,운용,펀드 AUM 관리_20260515.xlsx,underlying_asset,direct_owner,direct,,unallocated,True,False,,,,,,,9,1246315975151,1011381842996,181300000000,624670000000,440345975151,161812.4,756766.0,0.37,10.87,주거,철근콘크리트구조,48,0,6,옥내 0 / 옥외 0,142.84,2022-05-02,BldRgstHubService.getBrTitleInfo,0.95,0,0,0,0,0,0,십정2구역 더샵부평센트럴시티,,
asset_fund_link,ast_b5b13984b5c2,부평 더샵센트럴시티 공공지원민간임대주택,주거,physical_asset,,,,KR,,십정동 630,37.474635711,126.69874579,2823710200106300000,A112149001,auto_created,unknown,found,2026-06-01T07:02:00.439366+00:00,112149,이지스제151호전문투자형사모부동산투자유한회사(3종),151호(3종),운용,주거,국내,"리빙그룹1파트, 리빙매니지먼트","리빙그룹1파트, 리빙매니지먼트",홍지훈,홍지훈,2017-08-28,2032-08-14,,0,0,0,0,0,운용,펀드 AUM 관리_20260515.xlsx,underlying_asset,direct_owner,direct,,unallocated,True,False,,,,,,,9,1246315975151,1011381842996,181300000000,624670000000,440345975151,161812.4,756766.0,0.37,10.87,주거,철근콘크리트구조,48,0,6,옥내 0 / 옥외 0,142.84,2022-05-02,BldRgstHubService.getBrTitleInfo,0.95,0,0,0,0,0,0,십정2구역 더샵부평센트럴시티,,
asset_fund_link,ast_b5b13984b5c2,부평 더샵센트럴시티 공공지원민간임대주택,주거,physical_asset,,,,KR,,십정동 630,37.474635711,126.69874579,2823710200106300000,A112149001,auto_created,unknown,found,2026-06-01T07:02:00.439366+00:00,112169,이지스제151호전문투자형사모부동산투자유한회사(1종),151호(1종),운용,주거,국내,"리빙그룹1파트, 리빙매니지먼트","리빙그룹1파트, 리빙매니지먼트",홍지훈,홍지훈,2017-12-29,2032-08-14,,0,0,0,0,0,운용,펀드 AUM 관리_20260515.xlsx,underlying_asset,direct_owner,direct,,unallocated,True,False,,,,,,,9,1246315975151,1011381842996,181300000000,624670000000,440345975151,161812.4,756766.0,0.37,10.87,주거,철근콘크리트구조,48,0,6,옥내 0 / 옥외 0,142.84,2022-05-02,BldRgstHubService.getBrTitleInfo,0.95,0,0,0,0,0,0,십정2구역 더샵부평센트럴시티,,
asset_fund_link,ast_b5b13984b5c2,부평 더샵센트럴시티 공공지원민간임대주택,주거,physical_asset,,,,KR,,십정동 630,37.474635711,126.69874579,2823710200106300000,A112149001,auto_created,unknown,found,2026-06-01T07:02:00.439366+00:00,112175,이지스임대주택일반사모부동산투자신탁166호(재간접형),166호,운용,주거,국내,"리빙그룹1파트, 리빙매니지먼트","리빙그룹1파트, 리빙매니지먼트",홍지훈,홍지훈,2017-12-29,2032-12-29,,17000000000,17000000000,17000000000,0,0,운용,펀드 AUM 관리_20260515.xlsx,underlying_asset,direct_owner,direct,,unallocated,True,False,,,,,,,9,1246315975151,1011381842996,181300000000,624670000000,440345975151,161812.4,756766.0,0.37,10.87,주거,철근콘크리트구조,48,0,6,옥내 0 / 옥외 0,142.84,2022-05-02,BldRgstHubService.getBrTitleInfo,0.95,0,0,0,0,0,0,십정2구역 더샵부평센트럴시티,,
asset_fund_link,ast_0920c9043185,인천석남물류센터,물류센터,physical_asset,,,,KR,,인천광역시 서구 석남동 224-8,37.5080672604298,126.663419874331,2826011000102240008,A112751001,auto_created,unknown,found,2026-06-01T07:02:00.573453+00:00,120029,이지스인컴앤그로스제2의4의4호일반사모부동산자투자회사(1종),인컴앤그로스2-4-4호(1종),운용,물류,국내,로지스틱스매니지먼트,로지스틱스매니지먼트,오채은,오채은,2024-04-04,2034-03-18,,,,,,,,펀드 AUM 관리_20260515.xlsx,underlying_asset,direct_owner,direct,,unallocated,True,False,,,,,,,9,1088058966310,862783966310,737120581000,342600000000,8338385310,54193.0,299308.0,5.09,359.96036,물류,프리케스트콘크리트구조,8,1,13,옥내 1093 / 옥외 30,79.87,2023-08-14,BldRgstHubService.getBrTitleInfo,0.95,0,0,500000000000,274725000000,0,7,인천 석남 물류센터 | 장기지분형 1호,,
asset_fund_link,ast_0920c9043185,인천석남물류센터,물류센터,physical_asset,,,,KR,,인천광역시 서구 석남동 224-8,37.5080672604298,126.663419874331,2826011000102240008,A112751001,auto_created,unknown,found,2026-06-01T07:02:00.573453+00:00,120030,이지스인컴앤그로스제2의4의4호일반사모부동산자투자회사(보통주),인컴앤그로스2-4-4호(보통주),운용,물류,국내,로지스틱스매니지먼트,로지스틱스매니지먼트,오채은,오채은,2024-04-04,2034-03-18,,,,,,,,펀드 AUM 관리_20260515.xlsx,underlying_asset,direct_owner,direct,,unallocated,True,False,,,,,,,9,1088058966310,862783966310,737120581000,342600000000,8338385310,54193.0,299308.0,5.09,359.96036,물류,프리케스트콘크리트구조,8,1,13,옥내 1093 / 옥외 30,79.87,2023-08-14,BldRgstHubService.getBrTitleInfo,0.95,0,0,500000000000,274725000000,0,7,인천 석남 물류센터 | 장기지분형 1호,,
asset_fund_link,ast_0920c9043185,인천석남물류센터,물류센터,physical_asset,,,,KR,,인천광역시 서구 석남동 224-8,37.5080672604298,126.663419874331,2826011000102240008,A112751001,auto_created,unknown,found,2026-06-01T07:02:00.573453+00:00,112751,이지스인컴앤그로스제2의4호일반사모부동산모투자회사,인컴앤그로스2-4호,운용,물류,국내,로지스틱스매니지먼트,로지스틱스매니지먼트,오채은,오채은,2023-01-18,2033-07-20,,588058966310,588058966310,237120581000,342600000000,8338385310,운용,펀드 AUM 관리_20260515.xlsx,underlying_asset,direct_owner,direct,,unallocated,True,False,,,,,,,9,1088058966310,862783966310,737120581000,342600000000,8338385310,54193.0,299308.0,5.09,359.96036,물류,프리케스트콘크리트구조,8,1,13,옥내 1093 / 옥외 30,79.87,2023-08-14,BldRgstHubService.getBrTitleInfo,0.95,0,0,500000000000,274725000000,0,7,인천 석남 물류센터 | 장기지분형 1호,,
asset_fund_link,ast_0920c9043185,인천석남물류센터,물류센터,physical_asset,,,,KR,,인천광역시 서구 석남동 224-8,37.5080672604298,126.663419874331,2826011000102240008,A112751001,auto_created,unknown,found,2026-06-01T07:02:00.573453+00:00,112500,이지스인컴앤그로스일반사모부동산자투자신탁제2호,인컴앤그로스 2호,운용,복합(오피스),국내,자산관리1파트2,자산관리1파트2,이연정,이연정,2020-11-05,2033-11-05,,500000000000,274725000000,500000000000,0,0,운용,펀드 AUM 관리_20260515.xlsx,underlying_asset,direct_owner,direct,,unallocated,True,False,,,,,,,9,1088058966310,862783966310,737120581000,342600000000,8338385310,54193.0,299308.0,5.09,359.96036,물류,프리케스트콘크리트구조,8,1,13,옥내 1093 / 옥외 30,79.87,2023-08-14,BldRgstHubService.getBrTitleInfo,0.95,0,0,500000000000,274725000000,0,7,인천 석남 물류센터 | 장기지분형 1호,,
asset_fund_link,ast_f341642853ae,인천 가좌동 오피스텔 선순위 PF,,physical_asset,,,,KR,,인천광역시 서구 가좌동 212-8,37.4928049192366,126.679786160168,2826011200102120008,A112213001,auto_created,unknown,found,2026-06-01T07:02:01.159141+00:00,112213,이지스전문투자형사모부동산투자신탁197호,197호,청산,주거,국내,,,,,2018-06-29,2020-04-23,,5000000000,5000000000,5000000000,0,0,청산,펀드 AUM 관리_20260515.xlsx,underlying_asset,direct_owner,direct,,unallocated,True,False,,,,,,,1,5000000000,5000000000,5000000000,0,0,2170.8,14903.5,60.46,442.04,오피스,철근콘크리트구조,10,3,3,옥내 133 / 옥외 0,38.1,2020-03-13,BldRgstHubService.getBrTitleInfo,0.95,0,0,0,0,0,0,,,
asset_fund_link,ast_835e9f381ae3,"스카이박스1, 스카이박스2",,physical_asset,,,,KR,,인천광역시 서구 오류동 1549-4,37.5636465767383,126.60312264664,2826011900115490004,A112299001,auto_created,unknown,found,2026-06-01T07:01:58.083189+00:00,112299,이지스아레나스전문투자형사모부동산투자신탁4호,아레나스4호,운용,물류,국내,자산관리3파트2,자산관리3파트2,박동민,박동민,2019-04-22,2029-04-22,,147705990629,147705990629,72970776710,71852000000,2883213919,운용,펀드 AUM 관리_20260515.xlsx,underlying_asset,direct_owner,direct,,unallocated,True,False,,,,,,,1,147705990629,147705990629,72970776710,71852000000,2883213919,15197.1,85621.4,0.2,0.16,물류,철근콘크리트구조,1,0,2,옥내 55 / 옥외 33,3.4,2017-04-26,BldRgstHubService.getBrTitleInfo,0.95,0,0,0,0,0,0,"인천 스카이박스 1, 2",,
asset_fund_link,ast_d2b291b01082,돈의문3구역 게이트타워,,physical_asset,,,,KR,,서울특별시 종로구 평동 234,37.5667982154946,126.966399979444,1111017700102340000,A112314001,auto_created,unknown,found,2026-06-01T07:01:59.591553+00:00,112314,이지스전문투자형사모부동산투자신탁290호(운용),290호,청산,오피스,국내,,,,,2019-05-13,2020-07-28,,10000000000,10000000000,10000000000,0,0,청산,펀드 AUM 관리_20260515.xlsx,underlying_asset,direct_owner,direct,,unallocated,True,False,,,,,,,3,10000000000,10000000000,10000000000,0,0,6380.4,1605.2,53.21,849.94,공장,일반철골구조,1,7,18,옥내 0 / 옥외 0,109.8,2020-06-30,BldRgstHubService.getBrTitleInfo,0.95,0,0,0,0,0,0,,,
asset_fund_link,ast_0d034e04e91f,홈플러스 대전문화점 (투자),,physical_asset,,,,KR,,대전광역시 중구 문화동 1-17,36.3203754658686,127.407663141452,3014011600100010017,A112344002,auto_created,unknown,found,2026-06-01T06:57:40.635244+00:00,112344,이지스코어리테일부동산투자신탁302호(운용),302호,청산,리테일,국내,,,,,2019-08-22,2021-08-30,,337796276000,337796276000,117296276000,207600000000,12900000000,청산,펀드 AUM 관리_20260515.xlsx,underlying_asset,direct_owner,direct,,unallocated,True,False,,,,,,,1,337796276000,337796276000,117296276000,207600000000,12900000000,11078.0,38782.1,5.19,74.948275,리테일,철근콘크리트구조,5,2,1,옥내 0 / 옥외 0,22.1,2002-10-24,BldRgstHubService.getBrTitleInfo,0.95,0,0,0,0,0,0,,,
asset_fund_link,ast_e547d4e384c5,대전 둔산파이낸스빌딩,오피스,physical_asset,,,,KR,,대전광역시 서구 둔산동 1413,36.3510100566816,127.387126085862,3017011200114130000,A112778001,auto_created,unknown,found,2026-06-01T07:02:01.439069+00:00,112780,이지스제502호부동산일반사모투자회사(보통주),502호(보통주),운용,오피스,국내,자산관리3파트2,자산관리3파트2,박동민,박동민,2023-03-27,2029-04-06,,7000000000,7000000000,7000000000,0,0,운용,펀드 AUM 관리_20260515.xlsx,underlying_asset,direct_owner,direct,,unallocated,True,False,,,,,,,3,56138309000,56138309000,35000000000,19700000000,1438309000,1988.3,36207500.0,78.2901,1215.0925,오피스,철골철근콘크리트구조,17,8,5,옥내 278 / 옥외 0,64.8,2009-03-02,BldRgstHubService.getBrTitleInfo,0.95,0,0,0,0,0,0,둔산파이낸스센터,,
asset_fund_link,ast_e547d4e384c5,대전 둔산파이낸스빌딩,오피스,physical_asset,,,,KR,,대전광역시 서구 둔산동 1413,36.3510100566816,127.387126085862,3017011200114130000,A112778001,auto_created,unknown,found,2026-06-01T07:02:01.439069+00:00,112779,이지스제502호부동산일반사모투자회사(1종),502호(1종),운용,오피스,국내,자산관리3파트2,자산관리3파트2,박동민,박동민,2023-03-27,2029-04-06,,10500000000,10500000000,10500000000,0,0,운용,펀드 AUM 관리_20260515.xlsx,underlying_asset,direct_owner,direct,,unallocated,True,False,,,,,,,3,56138309000,56138309000,35000000000,19700000000,1438309000,1988.3,36207500.0,78.2901,1215.0925,오피스,철골철근콘크리트구조,17,8,5,옥내 278 / 옥외 0,64.8,2009-03-02,BldRgstHubService.getBrTitleInfo,0.95,0,0,0,0,0,0,둔산파이낸스센터,,
asset_fund_link,ast_e547d4e384c5,대전 둔산파이낸스빌딩,오피스,physical_asset,,,,KR,,대전광역시 서구 둔산동 1413,36.3510100566816,127.387126085862,3017011200114130000,A112778001,auto_created,unknown,found,2026-06-01T07:02:01.439069+00:00,112778,이지스제502호부동산일반사모투자회사(운용),502호,운용,오피스,국내,자산관리3파트2,자산관리3파트2,박동민,박동민,2023-03-27,2029-04-06,,38638309000,38638309000,17500000000,19700000000,1438309000,운용,펀드 AUM 관리_20260515.xlsx,underlying_asset,direct_owner,direct,,unallocated,True,False,,,,,,,3,56138309000,56138309000,35000000000,19700000000,1438309000,1988.3,36207500.0,78.2901,1215.0925,오피스,철골철근콘크리트구조,17,8,5,옥내 278 / 옥외 0,64.8,2009-03-02,BldRgstHubService.getBrTitleInfo,0.95,0,0,0,0,0,0,둔산파이낸스센터,,
asset_fund_link,ast_9e54163d0926,롯데마트대덕점,,physical_asset,,,,KR,,대전광역시 유성구 관평동 887,36.4268313379494,127.386794099901,3020014600108870000,A112592001,auto_created,unknown,found,2026-06-01T07:02:01.588989+00:00,112054,이지스리테일제55호사모부동산투자유한회사,55호,청산,리테일,국내,이지스자산운용,이지스자산운용,박예준,박예준,2015-07-10,2021-12-14,,279685304114,0,179065591614,95159450000,5460262500,청산,펀드 AUM 관리_20260515.xlsx,underlying_asset,direct_owner,direct,,unallocated,True,False,,,,,,,3,309685304114,30000000000,209065591614,95159450000,5460262500,33140.3,171315.0,49.77,165.48,리테일,철근콘크리트구조,5,1,2,옥내 689 / 옥외 144,25.7,2007-11-08,BldRgstHubService.getBrTitleInfo,0.95,0,0,0,0,0,0,,,
asset_fund_link,ast_9e54163d0926,롯데마트대덕점,,physical_asset,,,,KR,,대전광역시 유성구 관평동 887,36.4268313379494,127.386794099901,3020014600108870000,A112592001,auto_created,unknown,found,2026-06-01T07:02:01.588989+00:00,112592,이지스전문투자형사모투자신탁437호,437호,청산,리테일,국내,투자3그룹1파트,투자3그룹1파트,유한나,유한나,2021-08-30,2023-08-30,,30000000000,30000000000,30000000000,0,0,청산,펀드 AUM 관리_20260515.xlsx,underlying_asset,direct_owner,direct,,unallocated,True,False,,,,,,,3,309685304114,30000000000,209065591614,95159450000,5460262500,33140.3,171315.0,49.77,165.48,리테일,철근콘크리트구조,5,1,2,옥내 689 / 옥외 144,25.7,2007-11-08,BldRgstHubService.getBrTitleInfo,0.95,0,0,0,0,0,0,,,
asset_fund_link,ast_74fc8d406c81,신라스테이울산,호텔,physical_asset,,,,KR,,울산광역시 남구 달동 1247-1,35.5374851317199,129.329257608933,3114010500112470001,A112011001,auto_created,unknown,found,2026-06-01T07:02:01.296531+00:00,112011,이지스일반사모부동산투자신탁14호,14호,운용,호텔,국내,자산관리2파트4,자산관리2파트4,이형철,이형철,2012-09-25,2028-09-23,,89500000000,65860675862,29000000000,60500000000,0,운용,펀드 AUM 관리_20260515.xlsx,underlying_asset,direct_owner,direct,,unallocated,True,False,,,,,,,2,149500000000,68860675862,89000000000,60500000000,0,1304.5,18033.2,59.59,1071.12,호텔,철근콘크리트구조,20,4,4,옥내 65 / 옥외 0,75.0,2015-05-14,BldRgstHubService.getBrTitleInfo,0.95,0,0,0,0,0,0,신라스테이 울산,이지스 14호(신라스테이 울산),
asset_fund_link,ast_a422589fe744,업스퀘어 (투자),리테일,physical_asset,,,,KR,,울산광역시 남구 삼산동 1569-1,35.5419626590254,129.338828766319,3114010600115690001,A112080001,auto_created,unknown,found,2026-06-01T07:02:03.738903+00:00,112080,이지스제92호사모부동산투자유한회사,92호,운용,리테일,국내,자산관리2파트3,자산관리2파트3,김나현,김나현,2016-10-12,2046-09-30,,256702047476,188421176486,146588528000,98600000000,11513519476,운용,펀드 AUM 관리_20260515.xlsx,underlying_asset,direct_owner,direct,,unallocated,True,False,,,,,,,1,256702047476,188421176486,146588528000,98600000000,11513519476,7114.8,62861.2,6.1,457.1,리테일,철골철근콘크리트구조,10,6,9,옥내 495 / 옥외 0,58.0,2013-05-10,BldRgstHubService.getBrTitleInfo,0.95,0,0,0,0,0,0,울산업스퀘어,,
asset_fund_link,ast_c644d28176a4,㈜동방 보유 유엔씨티㈜ 대출채권 매입,,physical_asset,,,,KR,,황성동 830,35.458362389,129.363894699,3114011400108300000,A112687001,auto_created,unknown,found,2026-06-01T07:02:03.104982+00:00,112689,이지스울산신항인프라일반사모투자신탁(2종),울산신항인프라(2종),운용,특별자산,국내,인프라전략2파트,인프라전략2파트,신미소,신미소,2022-06-27,2029-12-27,,28200000000,28200000000,28200000000,0,0,운용,펀드 AUM 관리_20260515.xlsx,underlying_asset,direct_owner,direct,,unallocated,True,False,,,,,,,3,176400000000,110079832420,176400000000,0,0,0.0,7113.14,0.0,0.0,운수시설,철근콘크리트구조,6,0,,옥내 0 / 옥외 0,30.4,2009-05-15,BldRgstHubService.getBrTitleInfo,0.95,0,0,0,0,0,0,,,
asset_fund_link,ast_c644d28176a4,㈜동방 보유 유엔씨티㈜ 대출채권 매입,,physical_asset,,,,KR,,황성동 830,35.458362389,129.363894699,3114011400108300000,A112687001,auto_created,unknown,found,2026-06-01T07:02:03.104982+00:00,112687,이지스울산신항인프라일반사모투자신탁(운용),울산신항인프라,운용,특별자산,국내,인프라전략2파트,인프라전략2파트,신미소,신미소,2022-06-27,2029-12-27,,88200000000,21879832420,88200000000,0,0,운용,펀드 AUM 관리_20260515.xlsx,underlying_asset,direct_owner,direct,,unallocated,True,False,,,,,,,3,176400000000,110079832420,176400000000,0,0,0.0,7113.14,0.0,0.0,운수시설,철근콘크리트구조,6,0,,옥내 0 / 옥외 0,30.4,2009-05-15,BldRgstHubService.getBrTitleInfo,0.95,0,0,0,0,0,0,,,
asset_fund_link,ast_c644d28176a4,㈜동방 보유 유엔씨티㈜ 대출채권 매입,,physical_asset,,,,KR,,황성동 830,35.458362389,129.363894699,3114011400108300000,A112687001,auto_created,unknown,found,2026-06-01T07:02:03.104982+00:00,112688,이지스울산신항인프라일반사모투자신탁(1종),울산신항인프라(1종),운용,특별자산,국내,인프라전략2파트,인프라전략2파트,신미소,신미소,2022-06-27,2029-12-27,,60000000000,60000000000,60000000000,0,0,운용,펀드 AUM 관리_20260515.xlsx,underlying_asset,direct_owner,direct,,unallocated,True,False,,,,,,,3,176400000000,110079832420,176400000000,0,0,0.0,7113.14,0.0,0.0,운수시설,철근콘크리트구조,6,0,,옥내 0 / 옥외 0,30.4,2009-05-15,BldRgstHubService.getBrTitleInfo,0.95,0,0,0,0,0,0,,,
asset_fund_link,ast_f0700d6e9655,홈플러스동수원점,리테일,physical_asset,,,,KR,,경기도 수원시 팔달구 인계동 1045,37.2627396158881,127.030124186812,4111514100110450000,A112008002,auto_created,unknown,found,2026-06-01T07:02:03.246018+00:00,112008,이지스일반사모부동산투자신탁13호(운용),13호,운용,리테일,국내,자산관리2파트1,자산관리2파트1,이경훈,이경훈,2012-07-11,2027-08-23,,977772633469,977772633469,362228633469,580000000000,35544000000,운용,펀드 AUM 관리_20260515.xlsx,underlying_asset,direct_owner,direct,,unallocated,True,False,,,,,,,2,977772633469,977772633469,362228633469,580000000000,35544000000,12151.0,54975.6,78.81,257.65,리테일,철근콘크리트구조,6,1,1,옥내 830 / 옥외 0,31.63,2002-04-10,BldRgstHubService.getBrTitleInfo,0.95,0,0,0,0,0,0,,,
asset_fund_link,ast_f0700d6e9655,홈플러스동수원점,리테일,physical_asset,,,,KR,,경기도 수원시 팔달구 인계동 1045,37.2627396158881,127.030124186812,4111514100110450000,A112008002,auto_created,unknown,found,2026-06-01T07:02:03.246018+00:00,112702,이지스일반사모부동산투자신탁13호(2종),13호(2종),운용,리테일,국내,자산관리2파트1,자산관리2파트1,이경훈,이경훈,2022-08-05,2027-08-23,,0,0,0,0,0,운용,펀드 AUM 관리_20260515.xlsx,underlying_asset,direct_owner,direct,,unallocated,True,False,,,,,,,2,977772633469,977772633469,362228633469,580000000000,35544000000,12151.0,54975.6,78.81,257.65,리테일,철근콘크리트구조,6,1,1,옥내 830 / 옥외 0,31.63,2002-04-10,BldRgstHubService.getBrTitleInfo,0.95,0,0,0,0,0,0,,,
asset_fund_link,ast_90a7471e6e20,수원 이비스 앰배서더 수원 호텔 후순위,,physical_asset,,,,KR,,경기도 수원시 팔달구 인계동 1132-12,37.259179487206,127.031348877688,4111514100111320012,A112294001,auto_created,unknown,found,2026-06-01T07:02:03.858494+00:00,112294,이지스전문투자형사모부동산투자신탁270호,270호,청산,특별자산,국내,,,,,2019-02-25,2019-08-14,,8580000000,8580000000,8580000000,0,0,청산,펀드 AUM 관리_20260515.xlsx,underlying_asset,direct_owner,direct,,unallocated,True,False,,,,,,,1,8580000000,8580000000,8580000000,0,0,3364.0,39950.8,68.62,653.83,호텔,철근콘크리트구조,13,7,9,옥내 330 / 옥외 0,58.15,1995-08-30,BldRgstHubService.getBrTitleInfo,0.95,0,0,0,0,0,0,,,
asset_fund_link,ast_9b294af79693,광교 아이파크 주상복합 내 판매시설 선순위 담보,,physical_asset,,,,KR,,경기도 수원시 영통구 원천동 593,37.2737264883859,127.060945366876,4111710200105930000,A112296001,auto_created,unknown,found,2026-06-01T07:02:04.007952+00:00,112296,이지스전문투자형사모투자신탁268호,268호,청산,복합(오피스),국내,사모리츠파트,사모리츠파트,이길수,이길수,2019-03-08,2022-01-24,,10000000000,10000000000,10000000000,0,0,청산,펀드 AUM 관리_20260515.xlsx,underlying_asset,direct_owner,direct,,unallocated,True,False,,,,,,,1,10000000000,10000000000,10000000000,0,0,0.0,152.277,0.0,0.0,리테일,철근콘크리트구조,2,0,4,옥내 0 / 옥외 0,156.97,2018-09-28,BldRgstHubService.getBrTitleInfo,0.95,0,0,0,0,0,0,,,
asset_fund_link,ast_c6d650564064,"이지스411호(200호 재간접, 디어스 판교)",,physical_asset,,,,KR,,시흥동 321,37.413722553,127.099788999,4113111500103210000,AR00008004,auto_created,unknown,found,2026-06-01T07:02:03.374431+00:00,R00008,주식회사 이지스레지던스위탁관리부동산투자회사,R레지던스,운용,주거,국내,상장리츠파트,상장리츠파트,임수빈,임수빈,2020-02-03,,,398500859795,398500859795,301500859795,97000000000,0,운용,펀드 AUM 관리_20260515.xlsx,underlying_asset,direct_owner,direct,,unallocated,True,False,,,,,,,1,398500859795,398500859795,301500859795,97000000000,0,22591.5,39904.1,49.800677,227.30261,업무시설,철골철근콘크리트구조,8,2,17,옥내 635 / 옥외 0,42.9,2017-10-17,BldRgstHubService.getBrTitleInfo,0.95,0,0,0,0,0,0,,,
asset_fund_link,ast_ea83005ce057,판교아이스퀘어C1블럭상업및숙박시설,오피스복합,physical_asset,,,,KR,,경기도 성남시 수정구 시흥동 288-2,37.4121601452294,127.098257332218,4113111500102880002,A112559001,auto_created,unknown,pending,,112559,이지스제415호일반사모부동산투자신탁,415호,운용,복합(리테일),국내,자산관리3파트2,자산관리3파트2,안정훈,안정훈,2021-06-17,2028-06-17,,201100000000,201100000000,84500000000,104600000000,12000000000,운용,펀드 AUM 관리_20260515.xlsx,underlying_asset,direct_owner,direct,,unallocated,True,False,,,,,,,1,201100000000,201100000000,84500000000,104600000000,12000000000,13829.9,60021.0,69.796238,391.652,오피스복합,철근콘크리트구조,10,,,옥내 973 / 옥외 0,44.6,,building_cache.json,0.95,0,0,0,0,0,0,판교 아이스퀘어 C1블록 숙박/상업시설,,
asset_fund_link,ast_578a66328a1e,판교아이스퀘어E동,오피스복합,physical_asset,,,,KR,,시흥동 339,37.412013876,127.097831081,4113111500103390000,A112535001,auto_created,unknown,found,2026-06-01T07:02:03.580707+00:00,112535,이지스제407호전문투자형사모부동산투자신탁,407호,운용,복합(오피스),국내,자산관리2파트3,자산관리2파트3,이우석,이우석,2021-04-09,2026-06-09,,101284858500,101284858500,48100000000,50200000000,2984858500,운용,펀드 AUM 관리_20260515.xlsx,underlying_asset,direct_owner,direct,,unallocated,True,False,,,,,,,4,201474523931,201474523931,73148579431,122200000000,6125944500,0.0,20759.0,0.0,0.0,오피스복합,철근콘크리트구조,10,5,7,옥내 0 / 옥외 0,44.6,2021-04-12,BldRgstHubService.getBrTitleInfo,0.95,0,0,0,0,0,0,판교 아이스퀘어 D동 | 판교 아이스퀘어 E동,,
asset_fund_link,ast_578a66328a1e,판교아이스퀘어E동,오피스복합,physical_asset,,,,KR,,시흥동 339,37.412013876,127.097831081,4113111500103390000,A112535001,auto_created,unknown,found,2026-06-01T07:02:03.580707+00:00,112536,이지스제408호일반사모부동산투자신탁(운용),408호,운용,복합(오피스),국내,자산관리2파트3,자산관리2파트3,이우석,이우석,2021-04-09,2026-06-09,,100189665431,100189665431,25048579431,72000000000,3141086000,운용,펀드 AUM 관리_20260515.xlsx,underlying_asset,direct_owner,direct,,unallocated,True,False,,,,,,,4,201474523931,201474523931,73148579431,122200000000,6125944500,0.0,20759.0,0.0,0.0,오피스복합,철근콘크리트구조,10,5,7,옥내 0 / 옥외 0,44.6,2021-04-12,BldRgstHubService.getBrTitleInfo,0.95,0,0,0,0,0,0,판교 아이스퀘어 D동 | 판교 아이스퀘어 E동,,
asset_fund_link,ast_578a66328a1e,판교아이스퀘어E동,오피스복합,physical_asset,,,,KR,,시흥동 339,37.412013876,127.097831081,4113111500103390000,A112535001,auto_created,unknown,found,2026-06-01T07:02:03.580707+00:00,112537,이지스제408호일반사모부동산투자신탁(A종),408호(A종),운용,복합(오피스),국내,자산관리2파트3,자산관리2파트3,이우석,이우석,2021-04-09,2026-06-09,,0,0,0,0,0,운용,펀드 AUM 관리_20260515.xlsx,underlying_asset,direct_owner,direct,,unallocated,True,False,,,,,,,4,201474523931,201474523931,73148579431,122200000000,6125944500,0.0,20759.0,0.0,0.0,오피스복합,철근콘크리트구조,10,5,7,옥내 0 / 옥외 0,44.6,2021-04-12,BldRgstHubService.getBrTitleInfo,0.95,0,0,0,0,0,0,판교 아이스퀘어 D동 | 판교 아이스퀘어 E동,,
asset_fund_link,ast_578a66328a1e,판교아이스퀘어E동,오피스복합,physical_asset,,,,KR,,시흥동 339,37.412013876,127.097831081,4113111500103390000,A112535001,auto_created,unknown,found,2026-06-01T07:02:03.580707+00:00,112538,이지스제408호일반사모부동산투자신탁(B종),408호(B종),운용,복합(오피스),국내,자산관리2파트3,자산관리2파트3,이우석,이우석,2021-04-09,2026-06-09,,0,0,0,0,0,운용,펀드 AUM 관리_20260515.xlsx,underlying_asset,direct_owner,direct,,unallocated,True,False,,,,,,,4,201474523931,201474523931,73148579431,122200000000,6125944500,0.0,20759.0,0.0,0.0,오피스복합,철근콘크리트구조,10,5,7,옥내 0 / 옥외 0,44.6,2021-04-12,BldRgstHubService.getBrTitleInfo,0.95,0,0,0,0,0,0,판교 아이스퀘어 D동 | 판교 아이스퀘어 E동,,
asset_fund_link,ast_19e5bba5f247,서영빌딩 (투자),,physical_asset,,,,KR,,경기도 성남시 분당구 수내동 6-3,37.3794234903221,127.117027129071,4113510200100060003,A112025001,auto_created,unknown,found,2026-06-01T07:02:04.152097+00:00,112025,이지스 KORIF 사모부동산투자신탁 22호,22호,청산,오피스,국내,"사업그룹4파트, 전략펀드운용1실","사업그룹4파트, 전략펀드운용1실",이현호,이현호,2013-07-04,2024-07-04,,3200000000,3200000000,3200000000,0,0,청산,펀드 AUM 관리_20260515.xlsx,underlying_asset,direct_owner,direct,,unallocated,True,False,,,,,,,1,3200000000,3200000000,3200000000,0,0,1233.5,15915.9,79.82,884.28,오피스,철근콘크리트구조,12,5,3,옥내 111 / 옥외 11,55.2,2004-09-24,BldRgstHubService.getBrTitleInfo,0.95,0,0,0,0,0,0,,,
asset_fund_link,ast_dd22d6a3cb4f,티맥스수내타워,오피스,physical_asset,,,,KR,,경기도 성남시 분당구 수내동 6-4,37.3792367831701,127.116766922185,4113510200100060004,A112517001,auto_created,unknown,found,2026-06-01T07:02:04.289807+00:00,112517,이지스비즈성장공간플랫폼일반사모부동산투자신탁제1호(재간접형),비즈성장 1호,운용,오피스,국내,사업그룹4파트,사업그룹4파트,이구,이구,2020-12-10,2027-12-10,,0,0,0,0,0,운용,펀드 AUM 관리_20260515.xlsx,underlying_asset,direct_owner,direct,,unallocated,True,False,,,,,,,2,74135504900,74135504900,29000000000,43500000000,1635504900,1233.5,16578.7,79.74,889.51,오피스,철골콘크리트구조,12,5,3,옥내 120 / 옥외 0,58.0,2011-03-31,BldRgstHubService.getBrTitleInfo,0.95,0,0,0,0,0,0,티맥스 수내타워 | 비즈성장 1호,,
asset_fund_link,ast_dd22d6a3cb4f,티맥스수내타워,오피스,physical_asset,,,,KR,,경기도 성남시 분당구 수내동 6-4,37.3792367831701,127.116766922185,4113510200100060004,A112517001,auto_created,unknown,found,2026-06-01T07:02:04.289807+00:00,112518,이지스비즈성장공간플랫폼일반사모부동산투자신탁제1-1호,비즈성장1-1호,운용,오피스,국내,사업그룹4파트,사업그룹4파트,이구,이구,2020-12-10,2027-12-10,,74135504900,74135504900,29000000000,43500000000,1635504900,운용,펀드 AUM 관리_20260515.xlsx,underlying_asset,direct_owner,direct,,unallocated,True,False,,,,,,,2,74135504900,74135504900,29000000000,43500000000,1635504900,1233.5,16578.7,79.74,889.51,오피스,철골콘크리트구조,12,5,3,옥내 120 / 옥외 0,58.0,2011-03-31,BldRgstHubService.getBrTitleInfo,0.95,0,0,0,0,0,0,티맥스 수내타워 | 비즈성장 1호,,
asset_fund_link,ast_af02aac59036,롯데백화점분당점,오피스복합,physical_asset,,,,KR,,경기도 성남시 분당구 수내동 14,37.3784609106675,127.114294409918,4113510200100140000,A112490001,auto_created,unknown,found,2026-06-01T07:02:04.443739+00:00,112490,이지스전문투자형사모부동산투자신탁제389호,389호,운용,리테일,국내,사업그룹3파트,사업그룹3파트,이창준,이창준,2020-10-21,2027-04-21,,250002720172,250002720172,50000000000,189300000000,10702720172,운용,펀드 AUM 관리_20260515.xlsx,underlying_asset,direct_owner,direct,,unallocated,True,False,,,,,,,4,300002720172,300002720172,100000000000,189300000000,10702720172,10622.8,79633.9,5.45,299.3,리테일,철골철근콘크리트구조,8,6,9,옥내 764 / 옥외 0,39.2,1996-08-22,BldRgstHubService.getBrTitleInfo,0.95,0,0,0,0,0,0,롯데백화점 분당점 리모델링,,
asset_fund_link,ast_af02aac59036,롯데백화점분당점,오피스복합,physical_asset,,,,KR,,경기도 성남시 분당구 수내동 14,37.3784609106675,127.114294409918,4113510200100140000,A112490001,auto_created,unknown,found,2026-06-01T07:02:04.443739+00:00,112492,이지스전문투자형사모부동산투자신탁제389호(2종),389호(2종),운용,리테일,국내,사업그룹3파트,사업그룹3파트,이창준,이창준,2020-10-21,2027-04-21,,5000000000,5000000000,5000000000,0,0,운용,펀드 AUM 관리_20260515.xlsx,underlying_asset,direct_owner,direct,,unallocated,True,False,,,,,,,4,300002720172,300002720172,100000000000,189300000000,10702720172,10622.8,79633.9,5.45,299.3,리테일,철골철근콘크리트구조,8,6,9,옥내 764 / 옥외 0,39.2,1996-08-22,BldRgstHubService.getBrTitleInfo,0.95,0,0,0,0,0,0,롯데백화점 분당점 리모델링,,
asset_fund_link,ast_af02aac59036,롯데백화점분당점,오피스복합,physical_asset,,,,KR,,경기도 성남시 분당구 수내동 14,37.3784609106675,127.114294409918,4113510200100140000,A112490001,auto_created,unknown,found,2026-06-01T07:02:04.443739+00:00,112498,이지스전문투자형사모부동산투자신탁제389호(3종),389호(3종),운용,리테일,국내,사업그룹3파트,사업그룹3파트,이창준,이창준,2020-10-21,2027-04-21,,20000000000,20000000000,20000000000,0,0,운용,펀드 AUM 관리_20260515.xlsx,underlying_asset,direct_owner,direct,,unallocated,True,False,,,,,,,4,300002720172,300002720172,100000000000,189300000000,10702720172,10622.8,79633.9,5.45,299.3,리테일,철골철근콘크리트구조,8,6,9,옥내 764 / 옥외 0,39.2,1996-08-22,BldRgstHubService.getBrTitleInfo,0.95,0,0,0,0,0,0,롯데백화점 분당점 리모델링,,
asset_fund_link,ast_af02aac59036,롯데백화점분당점,오피스복합,physical_asset,,,,KR,,경기도 성남시 분당구 수내동 14,37.3784609106675,127.114294409918,4113510200100140000,A112490001,auto_created,unknown,found,2026-06-01T07:02:04.443739+00:00,112491,이지스전문투자형사모부동산투자신탁제389호(1종),389호(1종),운용,리테일,국내,사업그룹3파트,사업그룹3파트,이창준,이창준,2020-10-21,2027-04-21,,25000000000,25000000000,25000000000,0,0,운용,펀드 AUM 관리_20260515.xlsx,underlying_asset,direct_owner,direct,,unallocated,True,False,,,,,,,4,300002720172,300002720172,100000000000,189300000000,10702720172,10622.8,79633.9,5.45,299.3,리테일,철골철근콘크리트구조,8,6,9,옥내 764 / 옥외 0,39.2,1996-08-22,BldRgstHubService.getBrTitleInfo,0.95,0,0,0,0,0,0,롯데백화점 분당점 리모델링,,
asset_fund_link,ast_1063cfdde684,후너스빌딩 (투자),오피스,physical_asset,,,,KR,,경기도 성남시 분당구 수내동 22-2,37.377109662205,127.111078636309,4113510200100220002,A112586001,auto_created,unknown,found,2026-06-01T06:59:35.577704+00:00,112586,이지스비즈성장공간플랫폼일반사모부동산투자신탁제1-2호,비즈성장1-2호,운용,오피스,국내,사업그룹4파트,사업그룹4파트,이구,이구,2021-08-12,2027-12-10,,59753506800,59753506800,24900000000,33000000000,1853506800,운용,펀드 AUM 관리_20260515.xlsx,underlying_asset,direct_owner,direct,,unallocated,True,False,,,,,,,1,59753506800,59753506800,24900000000,33000000000,1853506800,1384.2,9914.61,66.32,636.78,오피스,철골콘크리트구조,11,2,2,옥내 0 / 옥외 9,52.3,2002-10-28,BldRgstHubService.getBrTitleInfo,0.95,0,0,0,0,0,0,후너스빌딩,,
asset_fund_link,ast_7a35fc542c9f,이지스데이터센터위탁관리부동산투자회사 주식회사,,physical_asset,,,,KR,,야탑동 343-1,37.413521277,127.124501255,4113510700103430001,AR00006001,auto_created,unknown,found,2026-06-01T07:02:05.030236+00:00,R00006,이지스데이터센터위탁관리부동산투자회사 주식회사,R데이터센터,운용,기타,혼합,상장리츠파트,상장리츠파트,김현웅,김현웅,2020-11-25,,,13997168228,13997168228,10446006811,3551161417,0,운용,펀드 AUM 관리_20260515.xlsx,underlying_asset,direct_owner,direct,,unallocated,True,False,,,,,,,1,13997168228,13997168228,10446006811,3551161417,0,3588.3,14533.4,83.28,372.52,방송통신시설,일반철골구조,5,0,3,옥내 41 / 옥외 0,28.85,2000-06-10,BldRgstHubService.getBrTitleInfo,0.95,0,0,10446006811,10446006811,0,1,,,
asset_fund_link,ast_03afde6453fc,탑빌딩,오피스,physical_asset,,,,KR,,경기도 성남시 분당구 야탑동 361-4,37.412566415335,127.129849963107,4113510700103610004,A112025002,auto_created,unknown,found,2026-06-01T07:02:05.148569+00:00,112597,이지스비즈성장공간플랫폼일반사모부동산투자신탁제1-3호,비즈성장1-3호,운용,오피스,국내,사업그룹4파트,사업그룹4파트,이구,이구,2021-10-06,2027-12-10,,63524877062,63524877062,25900000000,35800000000,1824877062,운용,펀드 AUM 관리_20260515.xlsx,underlying_asset,direct_owner,direct,,unallocated,True,False,,,,,,,2,66724877062,66724877062,29100000000,35800000000,1824877062,1349.3,12182.0,79.7747,559.4679,오피스,철근콘크리트구조,8,4,3,옥내 85 / 옥외 10,35.9,2009-11-13,BldRgstHubService.getBrTitleInfo,0.95,0,0,0,0,0,0,,,
asset_fund_link,ast_03afde6453fc,탑빌딩,오피스,physical_asset,,,,KR,,경기도 성남시 분당구 야탑동 361-4,37.412566415335,127.129849963107,4113510700103610004,A112025002,auto_created,unknown,found,2026-06-01T07:02:05.148569+00:00,112025,이지스 KORIF 사모부동산투자신탁 22호,22호,청산,오피스,국내,"사업그룹4파트, 전략펀드운용1실","사업그룹4파트, 전략펀드운용1실",이현호,이현호,2013-07-04,2024-07-04,,3200000000,3200000000,3200000000,0,0,청산,펀드 AUM 관리_20260515.xlsx,underlying_asset,direct_owner,direct,,unallocated,True,False,,,,,,,2,66724877062,66724877062,29100000000,35800000000,1824877062,1349.3,12182.0,79.7747,559.4679,오피스,철근콘크리트구조,8,4,3,옥내 85 / 옥외 10,35.9,2009-11-13,BldRgstHubService.getBrTitleInfo,0.95,0,0,0,0,0,0,,,
asset_fund_link,ast_156c375e17dc,삼성중공업판교R&D센터,,physical_asset,,,,KR,경기도,경기도 성남시 분당구 삼평동 615,37.404158966954,127.098927114743,4113510900106150000,AR00013001,auto_created,unknown,found,2026-06-01T07:02:05.898646+00:00,R00013,이지스롱웨일1호위탁관리부동산투자회사,R롱웨일1호,운용,오피스,국내,상장리츠파트,상장리츠파트,박상훈,박상훈,2024-12-30,2052-12-19,,436504000000,430504000000,177000000000,250000000000,9504000000,운용,펀드 AUM 관리_20260515.xlsx,underlying_asset,direct_owner,direct,,unallocated,True,False,,,,,,,2,560414000000,554414000000,300910000000,250000000000,9504000000,24661.49,57460.3,4.7,397.65,기타(교육),철골철근콘크리트구조,8,5,10,400,42.025,2014-10-16,BldRgstHubService.getBrTitleInfo,0.95,0,0,0,0,0,0,삼성중공업 판교R&D센터,,
asset_fund_link,ast_156c375e17dc,삼성중공업판교R&D센터,,physical_asset,,,,KR,경기도,경기도 성남시 분당구 삼평동 615,37.404158966954,127.098927114743,4113510900106150000,AR00013001,auto_created,unknown,found,2026-06-01T07:02:05.898646+00:00,120058,이지스장기지분형일반사모부동산투자신탁제1-2호,장기지분형1-2호,운용,지분증권,국내,자산관리3파트1,자산관리3파트1,문승현,문승현,2024-12-26,2052-12-20,,123910000000,123910000000,123910000000,0,0,운용,펀드 AUM 관리_20260515.xlsx,underlying_asset,direct_owner,direct,,unallocated,True,False,,,,,,,2,560414000000,554414000000,300910000000,250000000000,9504000000,24661.49,57460.3,4.7,397.65,기타(교육),철골철근콘크리트구조,8,5,10,400,42.025,2014-10-16,BldRgstHubService.getBrTitleInfo,0.95,0,0,0,0,0,0,삼성중공업 판교R&D센터,,
asset_fund_link,ast_d6b3682a1147,판교 테크원타워 (우선주),오피스,physical_asset,,,,KR,판교,경기도 성남시 분당구 백현동 534,37.3954596631609,127.112129752364,4113511000105340000,A200030001,auto_created,unknown,found,2026-06-01T07:02:06.790093+00:00,200030,이지스실물우선주일반사모부동산투자신탁제1호,실물우선주1호,운용,지분증권,국내,CM그룹,CM그룹,송낙범,송낙범,2025-09-24,2035-09-24,,125000000000,125016203362,125000000000,0,0,운용,펀드 AUM 관리_20260515.xlsx,underlying_asset,direct_owner,direct,,unallocated,True,False,,,,,,,1,125000000000,125016203362,125000000000,0,0,13352.1,197237.0,79.98,923.31,오피스,철골철근콘크리트합성구조,15,7,33,1490,66.85,2021-10-27,BldRgstHubService.getBrTitleInfo,0.95,0,0,125000000000,125016203362,0,5,삼성동빌딩 (실물우선주) | 판교테크원타워 (실물우선주) | 실물우선주 1호,,
asset_fund_link,ast_eb058774b3aa,판교 알파돔시티 비즈니스호텔 (투자),,physical_asset,,,,KR,,경기도 성남시 분당구 백현동 539,37.3933988150284,127.110688616677,4113511000105390000,A112148001,auto_created,unknown,found,2026-06-01T07:02:06.925225+00:00,112148,이지스전문투자형사모부동산투자신탁133호,133호,청산,호텔,국내,,,,,2017-08-21,2021-07-30,,160000000000,160000000000,40000000000,120000000000,0,청산,펀드 AUM 관리_20260515.xlsx,underlying_asset,direct_owner,direct,,unallocated,True,False,,,,,,,1,160000000000,160000000000,40000000000,120000000000,0,2996.0,29958.3,78.88,470.47,자동차관련시설,일반철골구조,7,4,2,옥내 752 / 옥외 0,23.813,2020-12-01,BldRgstHubService.getBrTitleInfo,0.95,0,0,0,0,0,0,,,
asset_fund_link,ast_d2b8095c4603,2001아울렛(안양) (투자),,physical_asset,,,,KR,,경기도 안양시 만안구 안양동 627-287,37.3966156352493,126.922801205467,4117110100106270287,A112001002,auto_created,unknown,found,2026-06-01T07:02:07.127564+00:00,112001,이지스전문투자형사모부동산투자신탁1호,1호,청산,리테일,국내,자산관리2파트4,자산관리2파트4,이형철,이형철,2010-08-30,2021-03-02,,222382000000,222382000000,46382000000,176000000000,0,청산,펀드 AUM 관리_20260515.xlsx,underlying_asset,direct_owner,direct,,unallocated,True,False,,,,,,,1,222382000000,222382000000,46382000000,176000000000,0,3799.0,25415.7,68.7015,429.0682,리테일,철근콘크리트구조,7,4,4,옥내 127 / 옥외 6,35.6,1985-12-04,BldRgstHubService.getBrTitleInfo,0.95,0,0,0,0,0,0,,,
asset_fund_link,ast_03b867e56a1e,평촌G스퀘어,리테일,physical_asset,,,,KR,,경기도 안양시 동안구 호계동 1039,37.3902916085713,126.950631862863,4117310400110390000,A112085001,auto_created,unknown,found,2026-06-01T07:02:06.527716+00:00,112085,이지스제103호전문투자형사모부동산투자유한회사,103호,운용,리테일,국내,"자산관리1파트2, 전략펀드운용1실","자산관리1파트2, 전략펀드운용1실",이정연,이정연,2016-11-07,2026-10-17,,896028680080,888388821080,410500000000,435000000000,50528680080,운용,펀드 AUM 관리_20260515.xlsx,underlying_asset,direct_owner,direct,,unallocated,True,False,,,,,,,3,896028680080,888388821080,410500000000,435000000000,50528680080,13467.5,238248.0,4.9,724.56276,리테일,철근콘크리트구조,28,8,27,옥내 1379 / 옥외 56,142.82,2012-03-23,BldRgstHubService.getBrTitleInfo,0.95,0,0,0,0,0,0,평촌 G스퀘어,이지스 103호(평촌 G스퀘어),
asset_fund_link,ast_03b867e56a1e,평촌G스퀘어,리테일,physical_asset,,,,KR,,경기도 안양시 동안구 호계동 1039,37.3902916085713,126.950631862863,4117310400110390000,A112085001,auto_created,unknown,found,2026-06-01T07:02:06.527716+00:00,112089,이지스제103호전문투자형사모부동산투자유한회사(Class A),103호(A),운용,리테일,국내,"자산관리1파트2, 전략펀드운용1실","자산관리1파트2, 전략펀드운용1실",이정연,이정연,2016-11-07,2026-10-17,,0,0,0,0,0,운용,펀드 AUM 관리_20260515.xlsx,underlying_asset,direct_owner,direct,,unallocated,True,False,,,,,,,3,896028680080,888388821080,410500000000,435000000000,50528680080,13467.5,238248.0,4.9,724.56276,리테일,철근콘크리트구조,28,8,27,옥내 1379 / 옥외 56,142.82,2012-03-23,BldRgstHubService.getBrTitleInfo,0.95,0,0,0,0,0,0,평촌 G스퀘어,이지스 103호(평촌 G스퀘어),
asset_fund_link,ast_03b867e56a1e,평촌G스퀘어,리테일,physical_asset,,,,KR,,경기도 안양시 동안구 호계동 1039,37.3902916085713,126.950631862863,4117310400110390000,A112085001,auto_created,unknown,found,2026-06-01T07:02:06.527716+00:00,112090,이지스제103호전문투자형사모부동산투자유한회사(Class B),103호(B),운용,리테일,국내,"자산관리1파트2, 전략펀드운용1실","자산관리1파트2, 전략펀드운용1실",이정연,이정연,2016-11-11,2026-10-17,,0,0,0,0,0,운용,펀드 AUM 관리_20260515.xlsx,underlying_asset,direct_owner,direct,,unallocated,True,False,,,,,,,3,896028680080,888388821080,410500000000,435000000000,50528680080,13467.5,238248.0,4.9,724.56276,리테일,철근콘크리트구조,28,8,27,옥내 1379 / 옥외 56,142.82,2012-03-23,BldRgstHubService.getBrTitleInfo,0.95,0,0,0,0,0,0,평촌 G스퀘어,이지스 103호(평촌 G스퀘어),
asset_fund_link,ast_223bae23bf93,뉴코아아울렛(평촌),,physical_asset,,,,KR,,경기도 안양시 동안구 호계동 1039-3,37.3892636743481,126.951236487881,4117310400110390003,A112081002,auto_created,unknown,found,2026-06-01T07:02:06.657017+00:00,112155,이지스전문투자형사모투자신탁154호,154호,청산,리테일,국내,,,,,2017-10-10,2018-10-10,,20000000000,20000000000,20000000000,0,0,청산,펀드 AUM 관리_20260515.xlsx,underlying_asset,direct_owner,direct,,unallocated,True,False,,,,,,,2,77500000000,77500000000,77500000000,0,0,5745.9,70154.7,54.08,615.63,리테일,철근콘크리트구조,12,7,8,옥내 600 / 옥외 4,54.0,1998-04-06,BldRgstHubService.getBrTitleInfo,0.95,0,0,0,0,0,0,,,
asset_fund_link,ast_223bae23bf93,뉴코아아울렛(평촌),,physical_asset,,,,KR,,경기도 안양시 동안구 호계동 1039-3,37.3892636743481,126.951236487881,4117310400110390003,A112081002,auto_created,unknown,found,2026-06-01T07:02:06.657017+00:00,112081,이지스E코크렙6호전문투자형사모투자신탁102호,102호,청산,리테일,국내,,,,,2016-10-07,2017-10-10,,57500000000,57500000000,57500000000,0,0,청산,펀드 AUM 관리_20260515.xlsx,underlying_asset,direct_owner,direct,,unallocated,True,False,,,,,,,2,77500000000,77500000000,77500000000,0,0,5745.9,70154.7,54.08,615.63,리테일,철근콘크리트구조,12,7,8,옥내 600 / 옥외 4,54.0,1998-04-06,BldRgstHubService.getBrTitleInfo,0.95,0,0,0,0,0,0,,,
asset_fund_link,ast_6526b194cc13,부천카스퀘어담보대출,,physical_asset,,,,KR,,경기도 부천시 삼정동 366-1,37.5230864154501,126.761660703782,4119012300103660001,A112720001,auto_created,unknown,pending,,112720,이지스카스퀘어NPL일반사모부동산투자신탁,카스퀘어NPL,청산,NPL,국내,포트폴리오관리,포트폴리오관리,박유진,박유진,2023-04-06,2025-08-26,,41000000000,35000000000,41000000000,0,0,청산,펀드 AUM 관리_20260515.xlsx,underlying_asset,direct_owner,direct,,unallocated,True,False,,,,,,,1,41000000000,35000000000,41000000000,0,0,13329.6,87314.2,48.4797,297.086,자동차관련시설,철근콘크리트구조,9,,,옥내 482 / 옥외 39,34.8,,building_cache.json,0.95,0,0,0,0,0,0,카스퀘어 NPL,,
asset_fund_link,ast_5eda17cd5cf3,광명 역세권지구 복합시설 신축 (투자),,physical_asset,,,,KR,,경기도 광명시 일직동 508-4,37.4209325818682,126.881860407082,4121010600105080004,A112136001,auto_created,unknown,found,2026-06-01T07:02:07.273195+00:00,112136,이지스광명역세권전문투자형사모부동산투자신탁140호,140호,청산,복합(오피스),국내,,,,,2017-06-16,2019-08-16,,10918114171,10918114171,10918114171,0,0,청산,펀드 AUM 관리_20260515.xlsx,underlying_asset,direct_owner,direct,,unallocated,True,False,,,,,,,1,10918114171,10918114171,10918114171,0,0,2090.2,21739.2,63.802028,699.88039,오피스,철근콘크리트구조,15,5,5,옥내 125 / 옥외 0,58.65,2019-05-01,BldRgstHubService.getBrTitleInfo,0.95,0,0,0,0,0,0,,,
asset_fund_link,ast_2652e06dfeaa,평택아디다스물류센터,물류센터,physical_asset,,,,KR,,도일동 1175-3,37.037935439,127.106727114,4122010600111750003,A112500002,auto_created,unknown,found,2026-06-01T07:02:07.407942+00:00,112604,이지스인컴앤그로스일반사모부동산모투자신탁제2-2호,인컴앤그로스2-2호,운용,물류,국내,로지스틱스매니지먼트,로지스틱스매니지먼트,오채은,오채은,2021-10-29,2032-08-29,,137600000000,137600000000,66100000000,71500000000,0,운용,펀드 AUM 관리_20260515.xlsx,underlying_asset,direct_owner,direct,,unallocated,True,False,,,,,,,2,637600000000,412325000000,566100000000,71500000000,0,63516.7,50825.9,3.2,0.05,물류센터,철근콘크리트구조,1,0,2,옥내 0 / 옥외 143,4.5,2012-05-23,BldRgstHubService.getBrTitleInfo,0.95,0,0,0,0,0,0,평택 아디다스 물류센터,,
asset_fund_link,ast_2652e06dfeaa,평택아디다스물류센터,물류센터,physical_asset,,,,KR,,도일동 1175-3,37.037935439,127.106727114,4122010600111750003,A112500002,auto_created,unknown,found,2026-06-01T07:02:07.407942+00:00,112500,이지스인컴앤그로스일반사모부동산자투자신탁제2호,인컴앤그로스 2호,운용,복합(오피스),국내,자산관리1파트2,자산관리1파트2,이연정,이연정,2020-11-05,2033-11-05,,500000000000,274725000000,500000000000,0,0,운용,펀드 AUM 관리_20260515.xlsx,underlying_asset,direct_owner,direct,,unallocated,True,False,,,,,,,2,637600000000,412325000000,566100000000,71500000000,0,63516.7,50825.9,3.2,0.05,물류센터,철근콘크리트구조,1,0,2,옥내 0 / 옥외 143,4.5,2012-05-23,BldRgstHubService.getBrTitleInfo,0.95,0,0,0,0,0,0,평택 아디다스 물류센터,,
asset_fund_link,ast_30c376cd6730,이지스312호 수익증권,,physical_asset,,,,KR,,사동 1422-15,37.284593483,126.849272116,4127110300114220015,A112532001,auto_created,unknown,found,2026-06-01T07:02:08.090073+00:00,112533,이지스일반사모부동산투자신탁409호(Class A),409호(1종),운용,복합(오피스),국내,사업그룹3파트,사업그룹3파트,최성현,최성현,2021-04-05,2035-04-05,,0,0,0,0,0,운용,펀드 AUM 관리_20260515.xlsx,underlying_asset,direct_owner,direct,,unallocated,True,False,,,,,,,3,15000000000,15000000000,15000000000,0,0,251.9,91597.1,59.59,208.31,공동주택,철근콘크리트구조,5,0,,옥내 4 / 옥외 4,14.7,2026-11-30,BldRgstHubService.getBrTitleInfo,0.95,0,0,0,0,0,0,,,
asset_fund_link,ast_30c376cd6730,이지스312호 수익증권,,physical_asset,,,,KR,,사동 1422-15,37.284593483,126.849272116,4127110300114220015,A112532001,auto_created,unknown,found,2026-06-01T07:02:08.090073+00:00,112534,이지스일반사모부동산투자신탁409호(Class C),409호(2종),운용,복합(오피스),국내,사업그룹3파트,사업그룹3파트,최성현,최성현,2021-04-05,2035-04-05,,0,0,0,0,0,운용,펀드 AUM 관리_20260515.xlsx,underlying_asset,direct_owner,direct,,unallocated,True,False,,,,,,,3,15000000000,15000000000,15000000000,0,0,251.9,91597.1,59.59,208.31,공동주택,철근콘크리트구조,5,0,,옥내 4 / 옥외 4,14.7,2026-11-30,BldRgstHubService.getBrTitleInfo,0.95,0,0,0,0,0,0,,,
asset_fund_link,ast_30c376cd6730,이지스312호 수익증권,,physical_asset,,,,KR,,사동 1422-15,37.284593483,126.849272116,4127110300114220015,A112532001,auto_created,unknown,found,2026-06-01T07:02:08.090073+00:00,112532,이지스일반사모부동산투자신탁409호(운용),409호,운용,복합(오피스),국내,사업그룹3파트,사업그룹3파트,최성현,최성현,2021-04-05,2035-04-05,,15000000000,15000000000,15000000000,0,0,운용,펀드 AUM 관리_20260515.xlsx,underlying_asset,direct_owner,direct,,unallocated,True,False,,,,,,,3,15000000000,15000000000,15000000000,0,0,251.9,91597.1,59.59,208.31,공동주택,철근콘크리트구조,5,0,,옥내 4 / 옥외 4,14.7,2026-11-30,BldRgstHubService.getBrTitleInfo,0.95,0,0,0,0,0,0,,,
asset_fund_link,ast_53a61027bef6,스타필드(고양) (투자),리테일,physical_asset,,,,KR,,경기도 고양시 덕양구 동산동 370,37.6470520789327,126.894685838314,4128111200103700000,A112100001,auto_created,unknown,found,2026-06-01T06:57:12.251998+00:00,112100,이지스일반사모투자신탁87호,87호,운용,지분증권,국내,"자산관리1파트2, 전략펀드운용1실","자산관리1파트2, 전략펀드운용1실",이정연,이정연,2016-12-22,2027-09-22,,372100000000,363353018089,372100000000,0,0,운용,펀드 AUM 관리_20260515.xlsx,underlying_asset,direct_owner,direct,,unallocated,True,False,,,,,,,1,372100000000,363353018089,372100000000,0,0,90999.9,364806.0,12.86,159.42,리테일,일반철골구조,6,2,20,옥내 4218 / 옥외 0,27.7,2017-07-05,BldRgstHubService.getBrTitleInfo,0.95,0,0,0,0,0,0,스타필드 고양,,
asset_fund_link,ast_6e943e2850e9,고양시 화정동 아이씨티일산,,physical_asset,,,,KR,,경기도 고양시 덕양구 화정동 1148-6,37.6269627105124,126.830699242747,4128112300111480006,A112194001,auto_created,unknown,found,2026-06-01T07:02:08.398755+00:00,112194,이지스부동산투자신탁187호,187호,청산,주거,국내,,,,,2018-04-20,2020-10-06,,33630530000,33630530000,33630530000,0,0,청산,펀드 AUM 관리_20260515.xlsx,underlying_asset,direct_owner,direct,,unallocated,True,False,,,,,,,1,33630530000,33630530000,33630530000,0,0,1400.0,19707.0,73.35,864.45,오피스,철근콘크리트구조,15,7,4,옥내 155 / 옥외 0,59.9,2020-05-01,BldRgstHubService.getBrTitleInfo,0.95,0,0,0,0,0,0,,,
asset_fund_link,ast_cf7655c37f5e,일산CLC,,physical_asset,,,,KR,,경기도 고양시 일산동구 장항동 889,37.6542178160599,126.775960673561,4128510400108890000,A112414001,auto_created,unknown,found,2026-06-01T06:56:42.488197+00:00,112414,이지스일반사모부동산투자신탁제336호,336호,청산,리테일,국내,자산관리1파트2,자산관리1파트2,이연정,이연정,2020-05-12,2025-06-30,,53639230500,53639230500,15600000000,35000000000,3039230500,청산,펀드 AUM 관리_20260515.xlsx,underlying_asset,direct_owner,direct,,unallocated,True,False,,,,,,,4,53639230500,53639230500,15600000000,35000000000,3039230500,5707.2,19855.8,69.5,614.0,의료시설,철골철근콘크리트구조,13,8,16,옥내 581 / 옥외 0,71.9,2019-11-29,BldRgstHubService.getBrTitleInfo,0.95,0,0,0,0,0,0,일산 CLC,,
asset_fund_link,ast_c9b5f50bc992,뉴코아아울렛(일산),,physical_asset,,,,KR,,경기도 고양시 일산동구 마두동 797,37.6548242991912,126.777078006297,4128510500107970000,A112081003,auto_created,unknown,found,2026-06-01T07:02:09.221194+00:00,112081,이지스E코크렙6호전문투자형사모투자신탁102호,102호,청산,리테일,국내,,,,,2016-10-07,2017-10-10,,57500000000,57500000000,57500000000,0,0,청산,펀드 AUM 관리_20260515.xlsx,underlying_asset,direct_owner,direct,,unallocated,True,False,,,,,,,2,77500000000,77500000000,77500000000,0,0,5712.1,60148.0,50.9,502.35,리테일,철근콘크리트구조,10,7,6,옥내 501 / 옥외 24,48.95,1996-01-01,BldRgstHubService.getBrTitleInfo,0.95,0,0,0,0,0,0,,,
asset_fund_link,ast_c9b5f50bc992,뉴코아아울렛(일산),,physical_asset,,,,KR,,경기도 고양시 일산동구 마두동 797,37.6548242991912,126.777078006297,4128510500107970000,A112081003,auto_created,unknown,found,2026-06-01T07:02:09.221194+00:00,112155,이지스전문투자형사모투자신탁154호,154호,청산,리테일,국내,,,,,2017-10-10,2018-10-10,,20000000000,20000000000,20000000000,0,0,청산,펀드 AUM 관리_20260515.xlsx,underlying_asset,direct_owner,direct,,unallocated,True,False,,,,,,,2,77500000000,77500000000,77500000000,0,0,5712.1,60148.0,50.9,502.35,리테일,철근콘크리트구조,10,7,6,옥내 501 / 옥외 24,48.95,1996-01-01,BldRgstHubService.getBrTitleInfo,0.95,0,0,0,0,0,0,,,
asset_fund_link,ast_ee5b4d0511ec,구리시 수택동 주거용 오피스텔 (투자),주거,physical_asset,,,,KR,,경기도 구리시 수택동 370,37.6002599263288,127.136231130136,4131010500103700000,A112611002,auto_created,unknown,found,2026-06-01T07:02:09.7719+00:00,112611,이지스하우징플랫폼일반사모부동산투자신탁제1호(운용),하우징플랫폼 1호,운용,지분증권,국내,CM그룹,CM그룹,홍상우,홍상우,2021-11-24,2028-11-24,,100000000000,59578550192,100000000000,0,0,운용,펀드 AUM 관리_20260515.xlsx,underlying_asset,direct_owner,direct,,unallocated,True,False,,,,,,,2,116000000000,75578550192,105000000000,11000000000,0,1956.6,2553.4,47.38,94.76,제1종근린생활시설,철근콘크리트구조,2,1,,옥내 0 / 옥외 23,0.0,2027-01-31,BldRgstHubService.getBrTitleInfo,0.95,0,0,100000000000,59578550192,0,9,구리시 수택동 주거용 오피스텔 개발사업,,
asset_fund_link,ast_ee5b4d0511ec,구리시 수택동 주거용 오피스텔 (투자),주거,physical_asset,,,,KR,,경기도 구리시 수택동 370,37.6002599263288,127.136231130136,4131010500103700000,A112611002,auto_created,unknown,found,2026-06-01T07:02:09.7719+00:00,P00031,수택센트럴 PFV,P수택센트럴,운용,주거,국내,사업그룹3파트,사업그룹3파트,박세민,박세민,2022-04-20,2027-01-31,,16000000000,16000000000,5000000000,11000000000,0,운용,펀드 AUM 관리_20260515.xlsx,underlying_asset,direct_owner,direct,,unallocated,True,False,,,,,,,2,116000000000,75578550192,105000000000,11000000000,0,1956.6,2553.4,47.38,94.76,제1종근린생활시설,철근콘크리트구조,2,1,,옥내 0 / 옥외 23,0.0,2027-01-31,BldRgstHubService.getBrTitleInfo,0.95,0,0,100000000000,59578550192,0,9,구리시 수택동 주거용 오피스텔 개발사업,,
asset_fund_link,ast_288840e4c692,하남미사우성르보아파크,,physical_asset,,,,KR,,경기도 하남시 망월동 1079,37.5667539801001,127.189250585753,4145010900110790000,A112099001,auto_created,unknown,found,2026-06-01T07:02:09.358034+00:00,112099,이지스하남미사전문투자형사모부동산투자신탁113호,113호,청산,주거,국내,,,,,2016-12-16,2018-03-27,,28000000000,28000000000,28000000000,0,0,청산,펀드 AUM 관리_20260515.xlsx,underlying_asset,direct_owner,direct,,unallocated,True,False,,,,,,,2,56000199405,56000199405,56000199405,0,0,3638.4,49689.0,77.12,799.25,오피스,철근콘크리트구조,18,6,9,옥내 627 / 옥외 0,64.9,2018-05-30,BldRgstHubService.getBrTitleInfo,0.95,0,0,0,0,0,0,,83호 미국 워싱턴 D.C. Atlantic building 선순위 대출,
asset_fund_link,ast_288840e4c692,하남미사우성르보아파크,,physical_asset,,,,KR,,경기도 하남시 망월동 1079,37.5667539801001,127.189250585753,4145010900110790000,A112099001,auto_created,unknown,found,2026-06-01T07:02:09.358034+00:00,112189,이지스전문투자형사모부동산투자신탁183호,183호,청산,주거,국내,,,,,2018-03-29,2018-07-02,,28000199405,28000199405,28000199405,0,0,청산,펀드 AUM 관리_20260515.xlsx,underlying_asset,direct_owner,direct,,unallocated,True,False,,,,,,,2,56000199405,56000199405,56000199405,0,0,3638.4,49689.0,77.12,799.25,오피스,철근콘크리트구조,18,6,9,옥내 627 / 옥외 0,64.9,2018-05-30,BldRgstHubService.getBrTitleInfo,0.95,0,0,0,0,0,0,,83호 미국 워싱턴 D.C. Atlantic building 선순위 대출,
asset_fund_link,ast_84491d5860d7,하남데이터센터,,physical_asset,,,,KR,,경기도 하남시 풍산동 607-2,37.5513139678438,127.194934476745,4145011000106070002,A112442001,auto_created,unknown,found,2026-06-01T07:02:09.505424+00:00,112594,이지스전문투자형사모부동산투자신탁제354호(A종),354호(A종),운용,데이터센터,국내,사업파트,사업파트,주현식,주현식,2021-09-28,2026-05-22,,115250000000,91850000000,115250000000,0,0,운용,펀드 AUM 관리_20260515.xlsx,underlying_asset,direct_owner,direct,,unallocated,True,False,,,,,,,9,358701800000,183781084282,358701800000,0,0,6637.5,41919.4,58.89,497.46,데이터센터,철근콘크리트구조,10,2,5,옥내 177 / 옥외 0,71.1,2023-11-28,BldRgstHubService.getBrTitleInfo,0.95,0,0,0,0,0,0,KDCIP 1호,,
asset_fund_link,ast_84491d5860d7,하남데이터센터,,physical_asset,,,,KR,,경기도 하남시 풍산동 607-2,37.5513139678438,127.194934476745,4145011000106070002,A112442001,auto_created,unknown,found,2026-06-01T07:02:09.505424+00:00,112595,이지스전문투자형사모부동산투자신탁제354호(B종),354호(B종),운용,데이터센터,국내,사업파트,사업파트,주현식,주현식,2021-09-28,2026-05-22,,1150000000,1150000000,1150000000,0,0,운용,펀드 AUM 관리_20260515.xlsx,underlying_asset,direct_owner,direct,,unallocated,True,False,,,,,,,9,358701800000,183781084282,358701800000,0,0,6637.5,41919.4,58.89,497.46,데이터센터,철근콘크리트구조,10,2,5,옥내 177 / 옥외 0,71.1,2023-11-28,BldRgstHubService.getBrTitleInfo,0.95,0,0,0,0,0,0,KDCIP 1호,,
asset_fund_link,ast_84491d5860d7,하남데이터센터,,physical_asset,,,,KR,,경기도 하남시 풍산동 607-2,37.5513139678438,127.194934476745,4145011000106070002,A112442001,auto_created,unknown,found,2026-06-01T07:02:09.505424+00:00,112569,이지스플랫폼케이디씨아이피1부동산전문투자형사모투자회사(운용),KDCIP 1호,운용,데이터센터,국내,GPI1,GPI1,김유진,김유진,2021-09-27,2026-06-24,,125901800000,88686182643,125901800000,0,0,운용,펀드 AUM 관리_20260515.xlsx,underlying_asset,direct_owner,direct,,unallocated,True,False,,,,,,,9,358701800000,183781084282,358701800000,0,0,6637.5,41919.4,58.89,497.46,데이터센터,철근콘크리트구조,10,2,5,옥내 177 / 옥외 0,71.1,2023-11-28,BldRgstHubService.getBrTitleInfo,0.95,0,0,0,0,0,0,KDCIP 1호,,
asset_fund_link,ast_84491d5860d7,하남데이터센터,,physical_asset,,,,KR,,경기도 하남시 풍산동 607-2,37.5513139678438,127.194934476745,4145011000106070002,A112442001,auto_created,unknown,found,2026-06-01T07:02:09.505424+00:00,112442,이지스전문투자형사모부동산투자신탁제354호(운용),354호,운용,데이터센터,국내,사업파트,사업파트,주현식,주현식,2020-04-29,2026-05-22,,116400000000,2094901639,116400000000,0,0,운용,펀드 AUM 관리_20260515.xlsx,underlying_asset,direct_owner,direct,,unallocated,True,False,,,,,,,9,358701800000,183781084282,358701800000,0,0,6637.5,41919.4,58.89,497.46,데이터센터,철근콘크리트구조,10,2,5,옥내 177 / 옥외 0,71.1,2023-11-28,BldRgstHubService.getBrTitleInfo,0.95,0,0,0,0,0,0,KDCIP 1호,,
asset_fund_link,ast_b1a009f2fa36,이지스전문투자형사모부동산투자신탁제404호,물류센터,physical_asset,,,,KR,,경기도 용인시 처인구 백암면 백봉리 767-13,37.151060940719,127.389087896527,4146135023107670013,A112527003,auto_created,unknown,found,2026-06-01T07:02:09.639062+00:00,112527,이지스전문투자형사모부동산투자신탁제404호,404호,운용,물류,국내,로지스틱스매니지먼트,로지스틱스매니지먼트,이정훈B,이정훈B,2021-03-05,2031-03-05,,214359785594,214359785594,211600000000,0,2759785594,운용,펀드 AUM 관리_20260515.xlsx,underlying_asset,direct_owner,direct,,unallocated,True,False,,,,,,,1,214359785594,214359785594,211600000000,0,2759785594,19604.0,29980.0,4.0,39.92,물류,철골철근콘크리트구조,2,4,2,옥내 0 / 옥외 76,16.5,2016-11-04,BldRgstHubService.getBrTitleInfo,0.95,0,0,0,0,0,0,"물류 3개 포트폴리오(동산물류센터, 부국물류센터, 에이블로지스물류센터)",,
asset_fund_link,ast_8d2911b657d8,파주 운정지구 오피스 개발사업,,physical_asset,,,,KR,,경기도 파주시 와동동 1433,37.7277254475286,126.761311088248,4148012200114330000,A112277001,auto_created,unknown,found,2026-06-01T07:02:08.255016+00:00,112277,이지스전문투자형사모부동산투자신탁259호,259호,청산,주거,국내,,,,,2019-01-18,2021-03-09,,8514851486,8514851486,8514851486,0,0,청산,펀드 AUM 관리_20260515.xlsx,underlying_asset,direct_owner,direct,,unallocated,True,False,,,,,,,1,8514851486,8514851486,8514851486,0,0,1995.8,22922.2,69.69,699.93,오피스,철근콘크리트구조,23,2,5,옥내 133 / 옥외 0,89.3,2021-01-08,BldRgstHubService.getBrTitleInfo,0.95,0,0,0,0,0,0,,,
asset_fund_link,ast_6f4f44b4c3aa,도지물류센터 (투자),,physical_asset,,,,KR,,경기도 이천시 백사면 조읍리 25,37.3152043797974,127.485775199591,4150032028100250000,A112245001,auto_created,unknown,found,2026-06-01T07:02:09.940211+00:00,112245,이지스전문투자형230호사모부동산투자유한회사(운용),230호,청산,물류,국내,,,,,2018-12-03,2021-03-09,,70000000000,70000000000,14000000000,56000000000,0,청산,펀드 AUM 관리_20260515.xlsx,underlying_asset,direct_owner,direct,,unallocated,True,False,,,,,,,3,70000000000,70000000000,14000000000,56000000000,0,39757.0,46527.0,36.13,56.52,물류,일반철골구조,2,2,,옥내 30 / 옥외 174,8.45,2020-04-15,BldRgstHubService.getBrTitleInfo,0.95,0,0,0,0,0,0,도지 물류센터,,
asset_fund_link,ast_0264aa763175,덕평CJ물류센터 (투자),,physical_asset,,,,KR,,경기도 이천시 호법면 매곡리 118-2,37.2150393456074,127.37429531445,4150033025101180002,A112328001,auto_created,unknown,found,2026-06-01T07:02:10.105145+00:00,112328,이지스전문투자형사모부동산투자신탁286호(운용),286호,청산,물류,국내,사업그룹4파트,사업그룹4파트,이구,이구,2019-06-27,2022-02-18,,75675800000,75675800000,24300000000,50000000000,1375800000,청산,펀드 AUM 관리_20260515.xlsx,underlying_asset,direct_owner,direct,,unallocated,True,False,,,,,,,3,75675800000,75675800000,24300000000,50000000000,1375800000,25327.0,58552.1,38.61,78.83,물류,일반철골구조,4,2,1,옥내 0 / 옥외 133,32.5,2006-08-09,BldRgstHubService.getBrTitleInfo,0.95,0,0,0,0,0,0,,,
asset_fund_link,ast_5afa53495f87,이지스전문투자형사모부동산투자신탁제404호,물류센터,physical_asset,,,,KR,,경기도 이천시 호법면 매곡리 977-5,37.1902612412431,127.37547805478,4150033025109770005,A112527001,auto_created,unknown,found,2026-06-01T07:02:10.240373+00:00,112527,이지스전문투자형사모부동산투자신탁제404호,404호,운용,물류,국내,로지스틱스매니지먼트,로지스틱스매니지먼트,이정훈B,이정훈B,2021-03-05,2031-03-05,,214359785594,214359785594,211600000000,0,2759785594,운용,펀드 AUM 관리_20260515.xlsx,underlying_asset,direct_owner,direct,,unallocated,True,False,,,,,,,1,214359785594,214359785594,211600000000,0,2759785594,54990.0,55338.9,4.0,59.88,물류,프리케스트콘크리트구조,4,1,,옥내 0 / 옥외 150,35.46,2017-09-27,BldRgstHubService.getBrTitleInfo,0.95,0,0,0,0,0,0,,,
asset_fund_link,ast_349f44ccfd1f,이지스전문투자형사모부동산투자신탁제404호,물류센터,physical_asset,,,,KR,,경기도 이천시 대월면 도리리 3-2,37.2102637027627,127.49375551117,4150035029100030002,A112527002,auto_created,unknown,found,2026-06-01T07:02:10.376415+00:00,112527,이지스전문투자형사모부동산투자신탁제404호,404호,운용,물류,국내,로지스틱스매니지먼트,로지스틱스매니지먼트,이정훈B,이정훈B,2021-03-05,2031-03-05,,214359785594,214359785594,211600000000,0,2759785594,운용,펀드 AUM 관리_20260515.xlsx,underlying_asset,direct_owner,direct,,unallocated,True,False,,,,,,,1,214359785594,214359785594,211600000000,0,2759785594,22559.0,18706.2,4.0,82.92,물류,철근콘크리트구조,3,0,,옥내 0 / 옥외 50,23.15,2016-06-03,BldRgstHubService.getBrTitleInfo,0.95,0,0,211600000000,211600000000,0,2,,,
asset_fund_link,ast_52adbb346181,안성홈플러스물류센터,물류센터,physical_asset,,,,KR,,경기도 안성시 원곡면 칠곡리 941,37.0487098936769,127.167397723634,4155038022109410000,A112703001,auto_created,unknown,found,2026-06-01T07:02:10.606396+00:00,112500,이지스인컴앤그로스일반사모부동산자투자신탁제2호,인컴앤그로스 2호,운용,복합(오피스),국내,자산관리1파트2,자산관리1파트2,이연정,이연정,2020-11-05,2033-11-05,,500000000000,274725000000,500000000000,0,0,운용,펀드 AUM 관리_20260515.xlsx,underlying_asset,direct_owner,direct,,unallocated,True,False,,,,,,,2,677800000000,452525000000,611000000000,56800000000,10000000000,101271.0,32824.0,4.03,32.18,물류,일반철골구조,1,1,2,옥내 0 / 옥외 0,8.3,2012-10-05,BldRgstHubService.getBrTitleInfo,0.95,0,0,0,0,0,0,안성 홈플러스 물류센터,,
asset_fund_link,ast_52adbb346181,안성홈플러스물류센터,물류센터,physical_asset,,,,KR,,경기도 안성시 원곡면 칠곡리 941,37.0487098936769,127.167397723634,4155038022109410000,A112703001,auto_created,unknown,found,2026-06-01T07:02:10.606396+00:00,112703,이지스인컴앤그로스제2의3호일반사모부동산모투자회사,인컴앤그로스2-3호,운용,물류,국내,로지스틱스매니지먼트,로지스틱스매니지먼트,오채은,오채은,2022-08-11,2032-07-25,,177800000000,177800000000,111000000000,56800000000,10000000000,운용,펀드 AUM 관리_20260515.xlsx,underlying_asset,direct_owner,direct,,unallocated,True,False,,,,,,,2,677800000000,452525000000,611000000000,56800000000,10000000000,101271.0,32824.0,4.03,32.18,물류,일반철골구조,1,1,2,옥내 0 / 옥외 0,8.3,2012-10-05,BldRgstHubService.getBrTitleInfo,0.95,0,0,0,0,0,0,안성 홈플러스 물류센터,,
asset_fund_link,ast_109318d66df6,화성 석포리 물류센터,물류센터,physical_asset,,,,KR,,경기도 화성시 장안면 석포리 147-12,37.1208726377762,126.835957149717,4159037022101470012,A112642001,auto_created,unknown,pending,,112642,이지스일반사모부동산투자신탁제451호(운용),451호(운용),운용,물류,국내,사업그룹4파트,사업그룹4파트,유미현,유미현,2022-02-14,2028-03-14,,237894893070,237894893070,61500000000,169500000000,6894893070,운용,펀드 AUM 관리_20260515.xlsx,underlying_asset,direct_owner,direct,,unallocated,True,False,,,,,,,5,237894893070,237894893070,61500000000,169500000000,6894893070,0.0,79103.0,0.0,0.0,물류,철골철근콘크리트합성구조,2,,,옥내 0 / 옥외 0,28.92,2023-10-31,building_cache.json,0.95,0,0,0,0,0,0,화성 석포리 물류,이지스 451호(화성 석포리 물류센터),
asset_fund_link,ast_75c6cda594b3,타임테라스동탄,리테일,physical_asset,,,,KR,,경기도 화성시 동탄구 반송동 96,37.2049769572119,127.068884158537,4159710200100960000,A112290001,auto_created,unknown,found,2026-06-01T07:02:10.757522+00:00,112290,이지스스트래티직제1의3호일반사모부동산모투자유한회사,스트래티직1-3호,운용,리테일,국내,자산관리3파트2,자산관리3파트2,정승우,정승우,2019-02-28,2026-10-05,,296124833619,296124833619,114384822144,170185000000,11555011475,운용,펀드 AUM 관리_20260515.xlsx,underlying_asset,direct_owner,direct,,unallocated,True,False,,,,,,,3,711124833619,711124833619,529384822144,170185000000,11555011475,0.0,142156.0,4.8,0.0,리테일,철근콘크리트구조,6,4,7,옥내 663 / 옥외 0,29.2,2010-09-03,BldRgstHubService.getBrTitleInfo,0.95,0,0,0,0,0,0,타임테라스 동탄,,
asset_fund_link,ast_75c6cda594b3,타임테라스동탄,리테일,physical_asset,,,,KR,,경기도 화성시 동탄구 반송동 96,37.2049769572119,127.068884158537,4159710200100960000,A112290001,auto_created,unknown,found,2026-06-01T07:02:10.757522+00:00,112237,이지스스트래티직일반사모부동산자투자신탁제1호,스트래티직 1호,운용,복합(오피스),국내,"전략펀드운용1실, 개발PFV TF, 사업그룹3파트","전략펀드운용1실, 개발PFV TF, 사업그룹3파트",윤용택,윤용택,2018-10-04,2026-10-05,,400000000000,400000000000,400000000000,0,0,운용,펀드 AUM 관리_20260515.xlsx,underlying_asset,direct_owner,direct,,unallocated,True,False,,,,,,,3,711124833619,711124833619,529384822144,170185000000,11555011475,0.0,142156.0,4.8,0.0,리테일,철근콘크리트구조,6,4,7,옥내 663 / 옥외 0,29.2,2010-09-03,BldRgstHubService.getBrTitleInfo,0.95,0,0,0,0,0,0,타임테라스 동탄,,
asset_fund_link,ast_75c6cda594b3,타임테라스동탄,리테일,physical_asset,,,,KR,,경기도 화성시 동탄구 반송동 96,37.2049769572119,127.068884158537,4159710200100960000,A112290001,auto_created,unknown,found,2026-06-01T07:02:10.757522+00:00,112291,이지스스트래티직 일반사모부동산자투자신탁 제1-3-3호,스트래티직1-3-3호,운용,리테일,국내,자산관리3파트2,자산관리3파트2,정승우,정승우,2019-02-27,2026-10-05,,15000000000,15000000000,15000000000,0,0,운용,펀드 AUM 관리_20260515.xlsx,underlying_asset,direct_owner,direct,,unallocated,True,False,,,,,,,3,711124833619,711124833619,529384822144,170185000000,11555011475,0.0,142156.0,4.8,0.0,리테일,철근콘크리트구조,6,4,7,옥내 663 / 옥외 0,29.2,2010-09-03,BldRgstHubService.getBrTitleInfo,0.95,0,0,0,0,0,0,타임테라스 동탄,,
asset_fund_link,ast_8f4a16aa66fa,여주쿠팡물류센터,,physical_asset,,,,KR,,경기도 여주시 점봉동 204-3,37.2493874799395,127.640067408447,4167011500102040003,AR00007001,auto_created,unknown,found,2026-06-01T07:02:12.316592+00:00,R00007,이지스로지스틱스리츠,R로지스틱스,청산,물류,국내,상장리츠파트,상장리츠파트,김현웅,김현웅,2021-01-14,2022-11-29,,9048476262,9048476262,9048476262,0,0,청산,펀드 AUM 관리_20260515.xlsx,underlying_asset,direct_owner,direct,,unallocated,True,False,,,,,,,1,9048476262,9048476262,9048476262,0,0,28879.0,49632.6,37.8678,76.7048,물류,철골철근콘크리트합성구조,4,2,1,옥내 0 / 옥외 110,26.47,2017-05-16,BldRgstHubService.getBrTitleInfo,0.95,0,0,0,0,0,0,,,
asset_fund_link,ast_3f3767149c5b,여주 본두리 물류센터 (투자),물류센터,physical_asset,,,,KR,,경기도 여주시 가남읍 본두리 18-3,37.2495928536339,127.589580464765,4167025032100180003,A112606001,auto_created,unknown,found,2026-06-01T06:59:35.73143+00:00,112606,이지스제440호부동산일반사모투자회사,440호,운용,물류,국내,로지스틱스매니지먼트,로지스틱스매니지먼트,이정훈B,이정훈B,2021-12-16,2028-10-05,,180901725000,183601578000,55100000000,122500000000,3301725000,운용,펀드 AUM 관리_20260515.xlsx,underlying_asset,direct_owner,direct,,unallocated,True,False,,,,,,,1,180901725000,183601578000,55100000000,122500000000,3301725000,65249.0,65307.0,39.7,90.4,물류,프리케스트콘크리트구조,4,2,9,옥내 0 / 옥외 421,44.5,2024-01-31,BldRgstHubService.getBrTitleInfo,0.95,0,0,0,0,0,0,여주 본두리 물류센터,,
asset_fund_link,ast_3a33a41d444e,충북 청주시 서원구 잠두봉근린공원 공동주택 개발사업 PF,,physical_asset,,,,KR,,충청북도 청주시 서원구 수곡동 산 22,36.614102730784,127.48242742293,4311210700200220000,A112387001,auto_created,unknown,found,2026-06-01T07:02:14.560757+00:00,112387,이지스전문투자형사모투자신탁326호,326호,청산,기타,국내,,,,,2019-11-22,2021-04-20,,30000000000,30000000000,30000000000,0,0,청산,펀드 AUM 관리_20260515.xlsx,underlying_asset,direct_owner,direct,,unallocated,True,False,,,,,,,1,30000000000,30000000000,30000000000,0,0,0.0,65.39,0.0,0.0,제1종근린생활시설,철근콘크리트구조,1,0,,옥내 0 / 옥외 0,4.25,2020-07-30,BldRgstHubService.getBrTitleInfo,0.95,0,0,0,0,0,0,,,
asset_fund_link,ast_0bbbe8c5910d,이지스일반사모투자신탁435호(태양광),,physical_asset,,,,KR,,충청북도 충주시 대소원면 완오리 1165,36.9983951162712,127.837297354945,4313033530111650000,A112584046,auto_created,unknown,found,2026-06-01T07:02:12.455511+00:00,112584,이지스일반사모투자신탁435호(태양광),435호,운용,특별자산,국내,인프라전략2파트,인프라전략2파트,백다슬,백다슬,2021-08-05,2043-08-05,,100000000000,68567934814,100000000000,0,0,운용,펀드 AUM 관리_20260515.xlsx,underlying_asset,direct_owner,direct,,unallocated,True,False,,,,,,,1,100000000000,68567934814,100000000000,0,0,0.0,660.0,0.0,0.0,공장,일반철골구조,1,0,,옥내 0 / 옥외 0,8.8,2016-07-06,BldRgstHubService.getBrTitleInfo,0.95,0,0,100000000000,73881000000,0,2,,,
asset_fund_link,ast_e6eadbaa08bd,클럽디 속리산,,physical_asset,,,,KR,,충청북도 보은군 탄부면 상장리 643-3,36.4471156384991,127.782249596482,4372034027106430003,A112279001,auto_created,unknown,found,2026-06-01T06:56:47.110122+00:00,112279,이지스일반사모부동산투자신탁232호(운용),232호,청산,특별자산,국내,투자3그룹1파트,투자3그룹1파트,유한나,유한나,2019-02-07,2024-08-09,,66300000000,66300000000,13300000000,53000000000,0,청산,펀드 AUM 관리_20260515.xlsx,underlying_asset,direct_owner,direct,,unallocated,True,False,,,,,,,4,66300000000,66300000000,13300000000,53000000000,0,8693.0,828506.0,7.1,37.16,운동시설,철근콘크리트구조,2,2,1,옥내 0 / 옥외 213,13.81,2013-09-02,BldRgstHubService.getBrTitleInfo,0.95,0,0,0,0,0,0,,,
asset_fund_link,ast_8bd8d91c9bb8,천안성성7지구공동주택,주거,physical_asset,,,,KR,,충청남도 천안시 서북구 성성동 366-3,36.8447388115237,127.124036411942,4413310500103660003,AP00017001,auto_created,unknown,found,2026-06-01T07:02:10.892135+00:00,P00017,천안성성동피에프브이주식회사,P천안성성동,운용,주거,국내,투자3그룹1파트,투자3그룹1파트,심동민,심동민,2021-10-19,2027-04-18,,10300003000,10300003000,10300003000,0,0,운용,펀드 AUM 관리_20260515.xlsx,underlying_asset,direct_owner,direct,,unallocated,True,False,,,,,,,1,10300003000,10300003000,10300003000,0,0,0.0,38851.0,0.0,0.0,주거,일반철골구조,1,0,,옥내 0 / 옥외 13,7.7,2026-10-18,BldRgstHubService.getBrTitleInfo,0.95,0,0,0,0,0,0,천안 성성7지구 공동주택 개발사업,,
asset_fund_link,ast_d3958acf9d57,아레나스안성,물류센터,physical_asset,,,,KR,,입장면 용정리 116-5,36.921094845,127.187055018,4413331032101160005,A112505001,auto_created,unknown,found,2026-06-01T07:02:13.360925+00:00,112505,이지스아레나스케이엘아이피1의2사모부동산모투자회사,아레나스1-2호(모),운용,물류,국내,사업그룹3파트,사업그룹3파트,황정호,황정호,2020-12-08,2028-05-10,,197603918260,197603918260,54449350000,140597938000,2556630260,운용,펀드 AUM 관리_20260515.xlsx,underlying_asset,direct_owner,direct,,unallocated,True,False,,,,,,,2,197603918260,197603918260,54449350000,140597938000,2556630260,312.0,124554.0,39.92,53.51,물류센터,벽돌구조,2,0,,옥내 0 / 옥외 1,6.2,2014-09-17,BldRgstHubService.getBrTitleInfo,0.95,0,0,0,0,0,0,아레나스 안성,,
asset_fund_link,ast_d3958acf9d57,아레나스안성,물류센터,physical_asset,,,,KR,,입장면 용정리 116-5,36.921094845,127.187055018,4413331032101160005,A112505001,auto_created,unknown,found,2026-06-01T07:02:13.360925+00:00,112320,이지스아레나스케이엘아이피1사모부동산자투자회사,아레나스 1호(자),운용,물류,국내,사업그룹3파트,사업그룹3파트,최성현,최성현,2019-06-20,2028-05-15,,0,0,0,0,0,운용,펀드 AUM 관리_20260515.xlsx,underlying_asset,direct_owner,direct,,unallocated,True,False,,,,,,,2,197603918260,197603918260,54449350000,140597938000,2556630260,312.0,124554.0,39.92,53.51,물류센터,벽돌구조,2,0,,옥내 0 / 옥외 1,6.2,2014-09-17,BldRgstHubService.getBrTitleInfo,0.95,0,0,0,0,0,0,아레나스 안성,,
asset_fund_link,ast_acf1169ec73d,공주시 웅진동 공동주택,주거,physical_asset,,,,KR,,충청남도 공주시 웅진동 1-1,36.4716427027985,127.113472384628,4415010700103000009,AP00025001,auto_created,unknown,found,2026-06-01T07:02:14.412454+00:00,P00025,주식회사 트리니티공주,P트리니티공주,운용,주거,국내,리빙그룹2파트,리빙그룹2파트,김완혁,김완혁,2021-12-10,2028-12-15,,37500000000,17000000000,9000000000,28500000000,0,운용,펀드 AUM 관리_20260515.xlsx,underlying_asset,direct_owner,direct,,unallocated,True,False,,,,,,,1,37500000000,17000000000,9000000000,28500000000,0,0.0,53329.0,0.0,0.0,주거,일반철골구조,2,1,,옥내 0 / 옥외 0,0.0,2025-02-28,BldRgstHubService.getBrTitleInfo,0.95,0,0,0,0,0,0,공주시 공동주택 개발사업,,
asset_fund_link,ast_668935b47b6b,롯데마트(나주),,physical_asset,,,,KR,,전라남도 나주시 송월동 1106-2,35.0132323136267,126.713118507568,4617010200111060002,A112007001,auto_created,unknown,found,2026-06-01T07:02:18.125671+00:00,112007,이지스KORIF사모부동산 투자신탁12호,12호,청산,리테일,국내,,,,,2012-06-29,2020-03-04,,16700000000,16700000000,15700000000,0,1000000000,청산,펀드 AUM 관리_20260515.xlsx,underlying_asset,direct_owner,direct,,unallocated,True,False,,,,,,,1,16700000000,16700000000,15700000000,0,1000000000,5481.4,5963.07,74.44,108.87,판매시설,철근콘크리트구조,3,0,,옥내 83 / 옥외 0,16.0,2012-04-26,BldRgstHubService.getBrTitleInfo,0.95,0,0,0,0,0,0,,,
asset_fund_link,ast_d4d0f0ff0926,이지스일반사모투자신탁435호(태양광),,physical_asset,,,,KR,,전라남도 광양시 광양읍 세풍리 2224,34.8966187216681,127.596397155015,4623025034122240000,A112584022,auto_created,unknown,found,2026-06-01T07:02:15.177834+00:00,112584,이지스일반사모투자신탁435호(태양광),435호,운용,특별자산,국내,인프라전략2파트,인프라전략2파트,백다슬,백다슬,2021-08-05,2043-08-05,,100000000000,68567934814,100000000000,0,0,운용,펀드 AUM 관리_20260515.xlsx,underlying_asset,direct_owner,direct,,unallocated,True,False,,,,,,,1,100000000000,68567934814,100000000000,0,0,0.0,49.5,0.0,0.0,공장,경량철골구조,1,0,,옥내 0 / 옥외 0,4.95,2015-10-08,BldRgstHubService.getBrTitleInfo,0.95,0,0,0,0,0,0,,,
asset_fund_link,ast_e2fd03212beb,남악신도시 복합쇼핑몰 (투자),,physical_asset,,,,KR,,전라남도 무안군 삼향읍 남악리 2622,34.8023209569853,126.46507824583,4684025622126220000,A112047001,auto_created,unknown,found,2026-06-01T06:59:35.876586+00:00,112047,이지스사모부동산투자신탁48호,48호,청산,리테일,국내,자산관리2파트4,자산관리2파트4,이형철,이형철,2015-04-29,2022-05-26,,113000000000,23000000000,23000000000,67000000000,23000000000,청산,펀드 AUM 관리_20260515.xlsx,underlying_asset,direct_owner,direct,,unallocated,True,False,,,,,,,1,113000000000,23000000000,23000000000,67000000000,23000000000,64922.66,47054.7,5.2,72.48,판매시설,철근콘크리트구조,4,0,10,옥내 0 / 옥외 1010,21.62,2016-11-25,BldRgstHubService.getBrTitleInfo,0.95,0,0,0,0,0,0,,,
asset_fund_link,ast_2599313d9083,롯데마트(포항) (투자),,physical_asset,,,,KR,,경상북도 포항시 남구 지곡동 481-1,36.027576779256,129.324699955606,4711111500104810001,A112056001,auto_created,unknown,found,2026-06-01T07:02:19.190782+00:00,112056,이지스사모부동산투자신탁64호,64호,청산,리테일,국내,자산관리2파트1,자산관리2파트1,이경훈,이경훈,2015-09-17,2020-09-11,,19100000000,19100000000,6200000000,12000000000,900000000,청산,펀드 AUM 관리_20260515.xlsx,underlying_asset,direct_owner,direct,,unallocated,True,False,,,,,,,1,19100000000,19100000000,6200000000,12000000000,900000000,9667.6,5497.3,5.1,49.56,판매시설,일반철골구조,3,1,,옥내 0 / 옥외 72,12.3,1999-09-02,BldRgstHubService.getBrTitleInfo,0.95,0,0,0,0,0,0,,,
asset_fund_link,ast_1f446ce9025d,홈플러스죽도점 (투자),리테일,physical_asset,,,,KR,,경상북도 포항시 북구 죽도동 50-1,36.0308993275045,129.365099982428,4711311600100500001,A112018003,auto_created,unknown,found,2026-06-01T07:02:19.332403+00:00,112018,이지스KORIF사모부동산투자신탁19호,19호,운용,리테일,국내,자산관리3파트2,자산관리3파트2,박동민,박동민,2013-02-15,2027-09-30,,236500000000,160500000000,107500000000,118000000000,11000000000,운용,펀드 AUM 관리_20260515.xlsx,underlying_asset,direct_owner,direct,,unallocated,True,False,,,,,,,5,236500000000,160500000000,107500000000,118000000000,11000000000,5089.0,20254.0,79.19,398.0,리테일,일반철골구조,6,0,,옥내 205 / 옥외 82,25.7,2001-01-02,BldRgstHubService.getBrTitleInfo,0.95,708000000000,252000000000,322500000000,322500000000,3,6,홈플러스 3개소 | 홈플러스 전주효자,이지스 19호 홈플러스 삼천포/포항죽도/진주점,
asset_fund_link,ast_021767a7f029,강동 성내 역세권 청년주택,,physical_asset,,,,KR,,성내동 190-11,36.119721124,128.122146053,4715010400101900011,A112287001,auto_created,unknown,found,2026-06-01T07:02:18.747461+00:00,120011,이지스전문투자형사모부동산투자신탁263호 3종,263호(3종),운용,주거,국내,"리빙그룹1파트, 리빙매니지먼트","리빙그룹1파트, 리빙매니지먼트",홍지훈,홍지훈,2023-08-09,2034-02-15,,0,0,0,0,0,운용,펀드 AUM 관리_20260515.xlsx,underlying_asset,direct_owner,direct,,unallocated,True,False,,,,,,,5,225662163215,225662163215,24923963215,152500000000,48238200000,0.0,190.51,0.0,0.0,제1종근린생활시설,철근콘크리트구조,3,1,,옥내 0 / 옥외 0,0.0,1974-12-23,BldRgstHubService.getBrTitleInfo,0.95,0,0,0,0,0,0,강동 성내 역세권 청년주택,,
asset_fund_link,ast_021767a7f029,강동 성내 역세권 청년주택,,physical_asset,,,,KR,,성내동 190-11,36.119721124,128.122146053,4715010400101900011,A112287001,auto_created,unknown,found,2026-06-01T07:02:18.747461+00:00,R00012,이지스청년주택제1호위탁관리부동산투자회사,R청년주택1호,운용,주거,국내,사모리츠파트,사모리츠파트,남궁준,남궁준,2019-01-29,2031-05-31,,213438200000,213438200000,12700000000,152500000000,48238200000,운용,펀드 AUM 관리_20260515.xlsx,underlying_asset,direct_owner,direct,,unallocated,True,False,,,,,,,5,225662163215,225662163215,24923963215,152500000000,48238200000,0.0,190.51,0.0,0.0,제1종근린생활시설,철근콘크리트구조,3,1,,옥내 0 / 옥외 0,0.0,1974-12-23,BldRgstHubService.getBrTitleInfo,0.95,0,0,0,0,0,0,강동 성내 역세권 청년주택,,
asset_fund_link,ast_021767a7f029,강동 성내 역세권 청년주택,,physical_asset,,,,KR,,성내동 190-11,36.119721124,128.122146053,4715010400101900011,A112287001,auto_created,unknown,found,2026-06-01T07:02:18.747461+00:00,112287,이지스전문투자형사모투자신탁263호,263호(운용),운용,주거,국내,"리빙그룹1파트, 리빙매니지먼트","리빙그룹1파트, 리빙매니지먼트",홍지훈,홍지훈,2019-02-15,2034-02-15,,12223963215,12223963215,12223963215,0,0,운용,펀드 AUM 관리_20260515.xlsx,underlying_asset,direct_owner,direct,,unallocated,True,False,,,,,,,5,225662163215,225662163215,24923963215,152500000000,48238200000,0.0,190.51,0.0,0.0,제1종근린생활시설,철근콘크리트구조,3,1,,옥내 0 / 옥외 0,0.0,1974-12-23,BldRgstHubService.getBrTitleInfo,0.95,0,0,0,0,0,0,강동 성내 역세권 청년주택,,
asset_fund_link,ast_357127c88355,이지스일반사모투자신탁435호(태양광),,physical_asset,,,,KR,,진량읍 신상리 1186-7,35.876417663,128.831477243,4729025321111860007,A112584033,auto_created,unknown,found,2026-06-01T07:02:18.895427+00:00,112584,이지스일반사모투자신탁435호(태양광),435호,운용,특별자산,국내,인프라전략2파트,인프라전략2파트,백다슬,백다슬,2021-08-05,2043-08-05,,100000000000,68567934814,100000000000,0,0,운용,펀드 AUM 관리_20260515.xlsx,underlying_asset,direct_owner,direct,,unallocated,True,False,,,,,,,1,100000000000,68567934814,100000000000,0,0,4958.2,104.94,62.93,80.7,공장,일반철골구조,1,0,1,옥내 0 / 옥외 13,6.15,1997-04-22,BldRgstHubService.getBrTitleInfo,0.95,0,0,0,0,0,0,,,
asset_fund_link,ast_616c3d79da75,경산 쿠팡물류센터,물류센터,physical_asset,,,,KR,경상북도 경산시,경상북도 경산시 진량읍 문천리 903,35.8737058361886,128.841410657044,4729025330109030000,A120085001,auto_created,unknown,found,2026-06-01T07:02:18.010382+00:00,120085,이지스경산로지스제1호일반사모부동산투자회사(운용),경산로지스1호,운용,물류,국내,사업그룹4파트,사업그룹4파트,한원석,한원석,2025-06-26,2028-05-29,,189228456200,189228456200,53500000000,130000000000,5728456200,운용,펀드 AUM 관리_20260515.xlsx,underlying_asset,direct_owner,direct,,unallocated,True,False,,,,,,,4,189228456200,189228456200,53500000000,130000000000,5728456200,17813.6,98673.6,69.88,298.23,물류센터,철근콘크리트구조,12,2,5,옥내 419 / 옥외 18,69.0,2024-08-23,BldRgstHubService.getBrTitleInfo,0.95,0,0,0,0,0,0,대구 경산 쿠팡센터,,
asset_fund_link,ast_9bedafe14895,두동 LG전자 통합물류센터 (투자),물류센터,physical_asset,,,,KR,,경상남도 창원시 진해구 두동 1875,35.119851103815,128.802346237999,4812916100118750000,A112755001,auto_created,unknown,found,2026-06-01T07:02:19.451001+00:00,112755,이지스제505호부동산일반사모투자회사,505호,운용,물류,국내,로지스틱스매니지먼트,로지스틱스매니지먼트,이정훈B,이정훈B,2023-02-22,2028-02-01,,120540000000,120540000000,60590000000,59950000000,0,운용,펀드 AUM 관리_20260515.xlsx,underlying_asset,direct_owner,direct,,unallocated,True,False,,,,,,,1,120540000000,120540000000,60590000000,59950000000,0,47028.9,54566.2,67.87,116.03,물류센터,철근콘크리트구조,4,0,2,옥내 0 / 옥외 185,25.6,2019-11-25,BldRgstHubService.getBrTitleInfo,0.95,0,0,0,0,0,0,창원 두동 물류센터,,
asset_fund_link,ast_282ed30bb789,홈플러스진주점 (투자),리테일,physical_asset,,,,KR,,경상남도 진주시 상대동 181-1,35.1875328352662,128.117709610606,4817011900101810001,A112018002,auto_created,unknown,found,2026-06-01T06:58:40.563013+00:00,112018,이지스KORIF사모부동산투자신탁19호,19호,운용,리테일,국내,자산관리3파트2,자산관리3파트2,박동민,박동민,2013-02-15,2027-09-30,,236500000000,160500000000,107500000000,118000000000,11000000000,운용,펀드 AUM 관리_20260515.xlsx,underlying_asset,direct_owner,direct,,unallocated,True,False,,,,,,,1,236500000000,160500000000,107500000000,118000000000,11000000000,7104.0,52055.0,68.42,229.24,리테일,철골철근콘크리트구조,8,3,6,옥내 628 / 옥외 0,32.98,2007-03-26,BldRgstHubService.getBrTitleInfo,0.95,0,0,0,0,0,0,,,
asset_fund_link,ast_93fedc1f0d0f,홈플러스삼천포점 (투자),리테일,physical_asset,,,,KR,,경상남도 사천시 벌리동 58-3,34.9404217621935,128.079954657679,4824010800100580003,A112018001,auto_created,unknown,found,2026-06-01T07:02:19.590254+00:00,112018,이지스KORIF사모부동산투자신탁19호,19호,운용,리테일,국내,자산관리3파트2,자산관리3파트2,박동민,박동민,2013-02-15,2027-09-30,,236500000000,160500000000,107500000000,118000000000,11000000000,운용,펀드 AUM 관리_20260515.xlsx,underlying_asset,direct_owner,direct,,unallocated,True,False,,,,,,,1,236500000000,160500000000,107500000000,118000000000,11000000000,5565.4,23228.0,6.6,161.35,리테일,철근콘크리트구조,6,2,2,옥내 222 / 옥외 0,29.34,2007-07-11,BldRgstHubService.getBrTitleInfo,0.95,0,0,0,0,0,0,,,
asset_fund_link,ast_4a2972f3fd4f,양산 유산동 물류센터,,physical_asset,,,,KR,,경상남도 양산시 유산동 509,35.3628771385706,129.026686856465,4833011100105090000,S00002001,auto_created,unknown,found,2026-06-01T07:02:17.874429+00:00,S00002,주식회사 석암물류(SPC),석암물류(SPC),운용,,국내,투자1그룹4파트,투자1그룹4파트,최정택,최정택,,,,,,,,,,펀드 AUM 관리_20260515.xlsx,underlying_asset,direct_owner,direct,,unallocated,True,False,,,,,,,1,0,0,0,0,0,23945.6,52739.7,60.0,129.61,창고시설,프리케스트콘크리트구조,3,1,3,옥내 97 / 옥외 43,32.69,2024-07-23,BldRgstHubService.getBrTitleInfo,0.95,0,0,0,0,0,0,양산 석암 물류센터,,
asset_fund_link,ast_8f63f7ec9170,이지스리테일제55호사모부동산투자유한회사,,physical_asset,,,,KR,,제주특별자치도 제주시 노형동 708,33.4824685214112,126.481404912937,5011012200107080000,A112054002,auto_created,unknown,found,2026-06-01T07:02:19.078156+00:00,112054,이지스리테일제55호사모부동산투자유한회사,55호,청산,리테일,국내,이지스자산운용,이지스자산운용,박예준,박예준,2015-07-10,2021-12-14,,279685304114,0,179065591614,95159450000,5460262500,청산,펀드 AUM 관리_20260515.xlsx,underlying_asset,direct_owner,direct,,unallocated,True,False,,,,,,,2,279685304114,0,179065591614,95159450000,5460262500,4364.9,24520.1,6.7,399.36,제2종근린생활시설,일반철골구조,6,2,4,옥내 173 / 옥외 0,32.14,2002-04-16,BldRgstHubService.getBrTitleInfo,0.95,0,0,0,0,0,0,,,
asset_fund_link,ast_3ac68d303b60,이지스부동산투자신탁187호,,physical_asset,,,,KR,,제주특별자치도 제주시 연동 261-23,33.4895164122842,126.488655050865,5011013700102610023,A112194002,auto_created,unknown,found,2026-06-01T07:02:19.778125+00:00,112194,이지스부동산투자신탁187호,187호,청산,주거,국내,,,,,2018-04-20,2020-10-06,,33630530000,33630530000,33630530000,0,0,청산,펀드 AUM 관리_20260515.xlsx,underlying_asset,direct_owner,direct,,unallocated,True,False,,,,,,,1,33630530000,33630530000,33630530000,0,0,1851.7,24248.4,75.26,998.17,오피스,철근콘크리트구조,17,4,5,옥내 83 / 옥외 0,54.45,2020-08-01,BldRgstHubService.getBrTitleInfo,0.95,0,0,0,0,0,0,,,
asset_fund_link,ast_dd6e846e65f4,신라스테이제주,호텔,physical_asset,,,,KR,,제주특별자치도 제주시 연동 274-16,33.4856507636801,126.490902880826,5011013700102740016,A112034001,auto_created,unknown,found,2026-06-01T07:02:19.923204+00:00,112034,이지스일반사모부동산투자신탁33호(운용),33호,운용,호텔,국내,자산관리2파트4,자산관리2파트4,김유리,김유리,2014-05-30,2028-08-25,,90813758372,90813758372,27313758372,60000000000,3500000000,운용,펀드 AUM 관리_20260515.xlsx,underlying_asset,direct_owner,direct,,unallocated,True,False,,,,,,,5,90813758372,90813758372,27313758372,60000000000,3500000000,2631.5,19994.2,7.3,538.28,호텔,철근콘크리트구조,11,3,4,옥내 82 / 옥외 4,44.85,2014-12-23,BldRgstHubService.getBrTitleInfo,0.95,0,0,0,0,0,0,신라스테이 제주,,
asset_fund_link,ast_dd6e846e65f4,신라스테이제주,호텔,physical_asset,,,,KR,,제주특별자치도 제주시 연동 274-16,33.4856507636801,126.490902880826,5011013700102740016,A112034001,auto_created,unknown,found,2026-06-01T07:02:19.923204+00:00,112404,이지스일반사모부동산투자신탁33호(1종),33호(1종),운용,호텔,국내,자산관리2파트4,자산관리2파트4,김유리,김유리,2020-02-25,2028-08-25,,0,0,0,0,0,운용,펀드 AUM 관리_20260515.xlsx,underlying_asset,direct_owner,direct,,unallocated,True,False,,,,,,,5,90813758372,90813758372,27313758372,60000000000,3500000000,2631.5,19994.2,7.3,538.28,호텔,철근콘크리트구조,11,3,4,옥내 82 / 옥외 4,44.85,2014-12-23,BldRgstHubService.getBrTitleInfo,0.95,0,0,0,0,0,0,신라스테이 제주,,
asset_fund_link,ast_dd6e846e65f4,신라스테이제주,호텔,physical_asset,,,,KR,,제주특별자치도 제주시 연동 274-16,33.4856507636801,126.490902880826,5011013700102740016,A112034001,auto_created,unknown,found,2026-06-01T07:02:19.923204+00:00,112405,이지스일반사모부동산투자신탁33호(2종),33호(2종),운용,호텔,국내,자산관리2파트4,자산관리2파트4,김유리,김유리,2020-02-25,2028-08-25,,0,0,0,0,0,운용,펀드 AUM 관리_20260515.xlsx,underlying_asset,direct_owner,direct,,unallocated,True,False,,,,,,,5,90813758372,90813758372,27313758372,60000000000,3500000000,2631.5,19994.2,7.3,538.28,호텔,철근콘크리트구조,11,3,4,옥내 82 / 옥외 4,44.85,2014-12-23,BldRgstHubService.getBrTitleInfo,0.95,0,0,0,0,0,0,신라스테이 제주,,
asset_fund_link,ast_dd6e846e65f4,신라스테이제주,호텔,physical_asset,,,,KR,,제주특별자치도 제주시 연동 274-16,33.4856507636801,126.490902880826,5011013700102740016,A112034001,auto_created,unknown,found,2026-06-01T07:02:19.923204+00:00,112406,이지스일반사모부동산투자신탁33호(3종),33호(3종),운용,호텔,국내,자산관리2파트4,자산관리2파트4,김유리,김유리,2020-02-25,2028-08-25,,0,0,0,0,0,운용,펀드 AUM 관리_20260515.xlsx,underlying_asset,direct_owner,direct,,unallocated,True,False,,,,,,,5,90813758372,90813758372,27313758372,60000000000,3500000000,2631.5,19994.2,7.3,538.28,호텔,철근콘크리트구조,11,3,4,옥내 82 / 옥외 4,44.85,2014-12-23,BldRgstHubService.getBrTitleInfo,0.95,0,0,0,0,0,0,신라스테이 제주,,
asset_fund_link,ast_f5e665f7cf35,제주올레리조트,호텔,physical_asset,,,,KR,,제주특별자치도 제주시 애월읍 신엄리 2808,33.476474097551,126.354844384117,5011025326128080000,A112310001,auto_created,unknown,pending,,112310,이지스일반사모부동산투자신탁294호,294호,운용,호텔,국내,자산관리3파트1,자산관리3파트1,정준우,정준우,2015-03-05,2030-12-31,,26137552503,26137552503,25737552503,0,400000000,운용,펀드 AUM 관리_20260515.xlsx,underlying_asset,direct_owner,direct,,unallocated,True,False,,,,,,,1,26137552503,26137552503,25737552503,0,400000000,0.0,6098.0,0.0,0.0,호텔,철근콘크리트구조,0,,,옥내 0 / 옥외 0,2.4,,building_cache.json,0.95,0,0,0,0,0,0,제주 올레리조트,이지스 294호 제주올레리조트,
asset_fund_link,ast_8870b9567bcd,애월 복합관광단지 개발,오피스복합,physical_asset,,,,KR,,제주특별자치도 제주시 애월읍 상가리 17-6,33.3994609829231,126.377418321576,5011025331100170006,A12002301,auto_created,unknown,found,2026-06-01T07:02:20.175544+00:00,120024,애월엔터테인먼트일반사모투자신탁(1종),애월엔터1종,운용,지분증권,국내,투자1그룹4파트,투자1그룹4파트,이하영,이하영,2024-01-29,2044-01-29,,0,0,0,0,0,운용,펀드 AUM 관리_20260515.xlsx,underlying_asset,direct_owner,direct,,unallocated,True,False,,,,,,,4,17161271024,17161271024,17161271024,0,0,0.0,330800.0,0.0,0.0,동물및식물관련시설,경량철골구조,1,0,,옥내 0 / 옥외 0,3.0,2026-07-01,BldRgstHubService.getBrTitleInfo,0.95,0,0,0,0,0,0,애월 복합관광단지 개발사업,,
asset_fund_link,ast_8870b9567bcd,애월 복합관광단지 개발,오피스복합,physical_asset,,,,KR,,제주특별자치도 제주시 애월읍 상가리 17-6,33.3994609829231,126.377418321576,5011025331100170006,A12002301,auto_created,unknown,found,2026-06-01T07:02:20.175544+00:00,P00038,애월포레스트PFV,애월PFV,운용,기타,국내,투자1그룹4파트,투자1그룹4파트,이하영,이하영,2024-01-31,2036-07-30,,10000000000,10000000000,10000000000,0,0,운용,펀드 AUM 관리_20260515.xlsx,underlying_asset,direct_owner,direct,,unallocated,True,False,,,,,,,4,17161271024,17161271024,17161271024,0,0,0.0,330800.0,0.0,0.0,동물및식물관련시설,경량철골구조,1,0,,옥내 0 / 옥외 0,3.0,2026-07-01,BldRgstHubService.getBrTitleInfo,0.95,0,0,0,0,0,0,애월 복합관광단지 개발사업,,
asset_fund_link,ast_8870b9567bcd,애월 복합관광단지 개발,오피스복합,physical_asset,,,,KR,,제주특별자치도 제주시 애월읍 상가리 17-6,33.3994609829231,126.377418321576,5011025331100170006,A12002301,auto_created,unknown,found,2026-06-01T07:02:20.175544+00:00,120023,애월엔터테인먼트일반사모투자신탁,애월엔터,운용,지분증권,국내,투자1그룹4파트,투자1그룹4파트,이하영,이하영,2024-01-29,2044-01-29,,7161271024,7161271024,7161271024,0,0,운용,펀드 AUM 관리_20260515.xlsx,underlying_asset,direct_owner,direct,,unallocated,True,False,,,,,,,4,17161271024,17161271024,17161271024,0,0,0.0,330800.0,0.0,0.0,동물및식물관련시설,경량철골구조,1,0,,옥내 0 / 옥외 0,3.0,2026-07-01,BldRgstHubService.getBrTitleInfo,0.95,0,0,0,0,0,0,애월 복합관광단지 개발사업,,
asset_fund_link,ast_8870b9567bcd,애월 복합관광단지 개발,오피스복합,physical_asset,,,,KR,,제주특별자치도 제주시 애월읍 상가리 17-6,33.3994609829231,126.377418321576,5011025331100170006,A12002301,auto_created,unknown,found,2026-06-01T07:02:20.175544+00:00,120025,애월엔터테인먼트일반사모투자신탁(2종),애월엔터2종,운용,지분증권,국내,투자1그룹4파트,투자1그룹4파트,이하영,이하영,2024-01-29,2044-01-29,,0,0,0,0,0,운용,펀드 AUM 관리_20260515.xlsx,underlying_asset,direct_owner,direct,,unallocated,True,False,,,,,,,4,17161271024,17161271024,17161271024,0,0,0.0,330800.0,0.0,0.0,동물및식물관련시설,경량철골구조,1,0,,옥내 0 / 옥외 0,3.0,2026-07-01,BldRgstHubService.getBrTitleInfo,0.95,0,0,0,0,0,0,애월 복합관광단지 개발사업,,
asset_fund_link,ast_e3779cfe5ab2,켄싱턴 제주호텔 부동산담보신탁 1종 수익권,,physical_asset,,,,KR,,제주특별자치도 서귀포시 색달동 2785,33.2523552040119,126.407910658529,5013011900127850000,A112226001,auto_created,unknown,found,2026-06-01T07:02:20.275219+00:00,112226,이지스전문투자형사모투자신탁214호(운용),214호,청산,호텔,국내,,,,,2018-08-09,2019-08-09,,15000000000,15000000000,15000000000,0,0,청산,펀드 AUM 관리_20260515.xlsx,underlying_asset,direct_owner,direct,,unallocated,True,False,,,,,,,3,15000000000,15000000000,15000000000,0,0,33002.0,31750.5,24.85,59.85,호텔,철골철근콘크리트구조,4,2,5,옥내 0 / 옥외 269,19.61,2014-03-17,BldRgstHubService.getBrTitleInfo,0.95,0,0,0,0,0,0,,,
asset_fund_link,ast_58e37903d5ef,원주AK,,physical_asset,,,,KR,,강원특별자치도 원주시 단계동 1123,37.3456623047375,127.927519495026,5113011000111230000,A112004001,auto_created,unknown,found,2026-06-01T07:02:21.864097+00:00,112004,피에스KORIF사모부동산투자신탁5호,5호,청산,리테일,국내,자산관리2파트1,자산관리2파트1,이경훈,이경훈,2011-10-25,2021-07-13,,114500000000,114500000000,31500000000,71000000000,12000000000,청산,펀드 AUM 관리_20260515.xlsx,underlying_asset,direct_owner,direct,,unallocated,True,False,,,,,,,8,114500000000,114500000000,31500000000,71000000000,12000000000,14047.0,83531.7,44.21,208.14,리테일,철근콘크리트구조,7,5,14,옥내 921 / 옥외 0,36.23,2012-03-27,BldRgstHubService.getBrTitleInfo,0.95,0,0,0,0,0,0,NPL 5호,,
asset_fund_link,ast_db3bfd1b4baf,이지스일반사모투자신탁435호(태양광),,physical_asset,,,,KR,,강원특별자치도 원주시 문막읍 반계리 2255-2,37.2977862965336,127.798699187274,5113025029122550002,A112584021,auto_created,unknown,found,2026-06-01T07:02:20.426871+00:00,112584,이지스일반사모투자신탁435호(태양광),435호,운용,특별자산,국내,인프라전략2파트,인프라전략2파트,백다슬,백다슬,2021-08-05,2043-08-05,,100000000000,68567934814,100000000000,0,0,운용,펀드 AUM 관리_20260515.xlsx,underlying_asset,direct_owner,direct,,unallocated,True,False,,,,,,,1,100000000000,68567934814,100000000000,0,0,20738.7,13226.8,23.1,63.78,물류,철근콘크리트구조,3,0,,옥내 0 / 옥외 69,17.05,2016-08-19,BldRgstHubService.getBrTitleInfo,0.95,0,0,0,0,0,0,,,
asset_fund_link,ast_8a93d35b0890,디오션259피에프브이 주식회사,,physical_asset,,,,KR,,강원특별자치도 강릉시 송정동 259,37.7854795011601,128.928248082138,5115011400102590000,AP00011001,auto_created,unknown,found,2026-06-01T07:02:20.560777+00:00,P00011,디오션259피에프브이 주식회사,P디오션259,청산,복합(호텔),국내,투자1그룹3파트,투자1그룹3파트,이준기,이준기,2020-11-23,2025-03-28,,674400000000,529547176000,11000000000,663400000000,0,청산,펀드 AUM 관리_20260515.xlsx,underlying_asset,direct_owner,direct,,unallocated,True,False,,,,,,,1,674400000000,529547176000,11000000000,663400000000,0,50565.0,0.1,26.42,141.94,호텔,일반철골구조,1,1,17,옥내 0 / 옥외 0,5.0,2025-04-29,BldRgstHubService.getBrTitleInfo,0.95,0,0,0,0,0,0,,,
asset_fund_link,ast_222407c92192,이지스일반사모투자신탁392호(태양광),,physical_asset,,,,KR,,남양동 330-3,37.443710839,129.1683588,5123012000103300003,A112504005,auto_created,unknown,found,2026-06-01T07:02:21.459575+00:00,112504,이지스일반사모투자신탁392호(태양광),392호,운용,특별자산,국내,인프라전략2파트,인프라전략2파트,신미소,신미소,2020-11-13,2042-11-13,,60000000000,44306796466,60000000000,0,0,운용,펀드 AUM 관리_20260515.xlsx,underlying_asset,direct_owner,direct,,unallocated,True,False,,,,,,,1,60000000000,44306796466,60000000000,0,0,0.0,135.27,0.0,0.0,단독주택,벽돌구조,1,1,,옥내 0 / 옥외 0,0.0,1980-11-19,BldRgstHubService.getBrTitleInfo,0.95,0,0,60000000000,45925000000,0,2,,,
asset_fund_link,ast_765cc3a1898a,이지스코어리테일부동산투자신탁302호(운용),,physical_asset,,,,KR,,전북특별자치도 전주시 완산구 중노송동 495-6,35.823561447076,127.150069862002,5211112000104950006,A112344003,auto_created,unknown,found,2026-06-01T07:02:21.574622+00:00,112344,이지스코어리테일부동산투자신탁302호(운용),302호,청산,리테일,국내,,,,,2019-08-22,2021-08-30,,337796276000,337796276000,117296276000,207600000000,12900000000,청산,펀드 AUM 관리_20260515.xlsx,underlying_asset,direct_owner,direct,,unallocated,True,False,,,,,,,1,337796276000,337796276000,117296276000,207600000000,12900000000,9245.0,49461.8,5.32,141.93,리테일,철골철근콘크리트구조,7,2,2,옥내 754 / 옥외 0,38.5,2005-08-11,BldRgstHubService.getBrTitleInfo,0.95,0,0,0,0,0,0,,,
asset_fund_link,ast_db8fd17c8890,홈플러스전주효자점,,physical_asset,,,,KR,,전북특별자치도 전주시 완산구 효자동1가 431-5,35.8065988520875,127.113976610906,5211114000104310005,A112132001,auto_created,unknown,found,2026-06-01T07:02:21.72378+00:00,112133,이지스코어리테일부동산투자신탁126호(Class A),126호(A),운용,리테일,국내,자산관리2파트1,자산관리2파트1,이경훈,이경훈,2017-06-26,2028-06-26,,0,0,0,0,0,운용,펀드 AUM 관리_20260515.xlsx,underlying_asset,direct_owner,direct,,unallocated,True,False,,,,,,,3,183603398000,176503398000,60603398000,109500000000,13500000000,9703.0,47617.9,5.4,102.3,리테일,일반철골구조,6,3,2,옥내 677 / 옥외 0,30.0,2011-07-07,BldRgstHubService.getBrTitleInfo,0.95,0,0,0,0,0,0,,이지스 126호(공모) 홈플러스 전주효자점,
asset_fund_link,ast_db8fd17c8890,홈플러스전주효자점,,physical_asset,,,,KR,,전북특별자치도 전주시 완산구 효자동1가 431-5,35.8065988520875,127.113976610906,5211114000104310005,A112132001,auto_created,unknown,found,2026-06-01T07:02:21.72378+00:00,112132,이지스코어리테일부동산투자신탁126호,126호,운용,리테일,국내,자산관리2파트1,자산관리2파트1,이경훈,이경훈,2017-06-26,2028-06-26,,183603398000,176503398000,60603398000,109500000000,13500000000,운용,펀드 AUM 관리_20260515.xlsx,underlying_asset,direct_owner,direct,,unallocated,True,False,,,,,,,3,183603398000,176503398000,60603398000,109500000000,13500000000,9703.0,47617.9,5.4,102.3,리테일,일반철골구조,6,3,2,옥내 677 / 옥외 0,30.0,2011-07-07,BldRgstHubService.getBrTitleInfo,0.95,0,0,0,0,0,0,,이지스 126호(공모) 홈플러스 전주효자점,
asset_fund_link,ast_db8fd17c8890,홈플러스전주효자점,,physical_asset,,,,KR,,전북특별자치도 전주시 완산구 효자동1가 431-5,35.8065988520875,127.113976610906,5211114000104310005,A112132001,auto_created,unknown,found,2026-06-01T07:02:21.72378+00:00,112134,이지스코어리테일부동산투자신탁126호(Class C-i),126호(C-i),운용,리테일,국내,자산관리2파트1,자산관리2파트1,이경훈,이경훈,2017-06-26,2028-06-26,,0,0,0,0,0,운용,펀드 AUM 관리_20260515.xlsx,underlying_asset,direct_owner,direct,,unallocated,True,False,,,,,,,3,183603398000,176503398000,60603398000,109500000000,13500000000,9703.0,47617.9,5.4,102.3,리테일,일반철골구조,6,3,2,옥내 677 / 옥외 0,30.0,2011-07-07,BldRgstHubService.getBrTitleInfo,0.95,0,0,0,0,0,0,,이지스 126호(공모) 홈플러스 전주효자점,
asset_fund_link,ast_58e37903d5ef,원주AK,,physical_asset,,,,KR,,강원특별자치도 원주시 단계동 1123,37.3456623047375,127.927519495026,5113011000111230000,A112004001,auto_created,unknown,found,2026-06-01T07:02:21.864097+00:00,112040,이지스KORIF45호,45호,미설정,,,,,,,,,,,,,,,,펀드 AUM 관리_20260515.xlsx,inferred_underlying_asset,direct_owner,inferred_direct,,unallocated,True,False,,,,,,,8,114500000000,114500000000,31500000000,71000000000,12000000000,14047.0,83531.7,44.21,208.14,리테일,철근콘크리트구조,7,5,14,옥내 921 / 옥외 0,36.23,2012-03-27,BldRgstHubService.getBrTitleInfo,0.95,0,0,0,0,0,0,NPL 5호,,
asset_fund_link,ast_edd6f6c3e3e5,더피나클강남 (투자),오피스,physical_asset,,,,KR,,서울특별시 강남구 논현동 119,37.5174929279988,127.040655964645,1168010800101190000,A112005001,auto_created,unknown,found,2026-06-01T07:01:57.523468+00:00,112060,이지스KORIF66호,66호,미설정,,,,,,,,,,,,,,,,펀드 AUM 관리_20260515.xlsx,inferred_underlying_asset,direct_owner,inferred_direct,,unallocated,True,False,,,,,,,5,679729985341,589558360451,392962000000,269000000000,17767985341,2986.9,44410.5,6.1,999.89,오피스,철골철근콘크리트구조,20,6,14,옥내 181 / 옥외 0,85.7,2011-09-30,BldRgstHubService.getBrTitleInfo,0.95,0,0,0,0,0,0,더피나클강남,,
asset_fund_link,ast_6d4a384539b2,Hines Poland Sustainable Income Fund,오피스복합,physical_asset,,,,,,,,,,A112051001,verified,unknown,not_checked,,112084,이지스전문투자형사모부동산투자신탁제95-2호,95-2호,미설정,,,"229호TF, 글로벌자산관리1파트1, 글로벌자산관리1파트","229호TF, 글로벌자산관리1파트1, 글로벌자산관리1파트",신소현,신소현,,,,,,,,,,펀드 AUM 관리_20260515.xlsx,inferred_underlying_asset,direct_owner,inferred_direct,,unallocated,True,False,,,,,,,4,43285057100,15184928920,43285057100,0,0,,,,,오피스복합,,,,,,,,,,0,0,43285057100,15184928920,0,2,Hines Poland Sustainable Income Fund,,
asset_fund_link,ast_edd6f6c3e3e5,더피나클강남 (투자),오피스,physical_asset,,,,KR,,서울특별시 강남구 논현동 119,37.5174929279988,127.040655964645,1168010800101190000,A112005001,auto_created,unknown,found,2026-06-01T07:01:57.523468+00:00,112091,이지스전문사모부동산투자신탁96호,96호,미설정,,,,,,,,,,,,,,,,펀드 AUM 관리_20260515.xlsx,inferred_underlying_asset,direct_owner,inferred_direct,,unallocated,True,False,,,,,,,5,679729985341,589558360451,392962000000,269000000000,17767985341,2986.9,44410.5,6.1,999.89,오피스,철골철근콘크리트구조,20,6,14,옥내 181 / 옥외 0,85.7,2011-09-30,BldRgstHubService.getBrTitleInfo,0.95,0,0,0,0,0,0,더피나클강남,,
asset_fund_link,ast_58e37903d5ef,원주AK,,physical_asset,,,,KR,,강원특별자치도 원주시 단계동 1123,37.3456623047375,127.927519495026,5113011000111230000,A112004001,auto_created,unknown,found,2026-06-01T07:02:21.864097+00:00,112119,이지스전문투자형사모부동산투자신탁105호 (운용),105호(운용),미설정,,,,,,,,,,,,,,,,펀드 AUM 관리_20260515.xlsx,inferred_underlying_asset,direct_owner,inferred_direct,,unallocated,True,False,,,,,,,8,114500000000,114500000000,31500000000,71000000000,12000000000,14047.0,83531.7,44.21,208.14,리테일,철근콘크리트구조,7,5,14,옥내 921 / 옥외 0,36.23,2012-03-27,BldRgstHubService.getBrTitleInfo,0.95,0,0,0,0,0,0,NPL 5호,,
asset_fund_link,ast_bd9afab36d26,이지스일반사모부동산투자신탁제439호,데이터센터,physical_asset,,,,,,경기도 고양시 덕양구 오금동 690번지,37.665509018851424,126.92121790170717,4128111000106900000,A112802001,verified,unknown,pending,,112762,Korea Data Center Investment Platform II (기획),KDCIP 2호(기획),미설정,데이터센터,,이지스자산운용,이지스자산운용,전선경,전선경,,,,,,,,,,펀드 AUM 관리_20260515.xlsx,inferred_underlying_asset,direct_owner,inferred_direct,,unallocated,True,False,,,,,,,2,190000000000,109166382000,190000000000,0,0,,,,,데이터센터,,,,,,,,,,0,0,190000000000,109166382000,0,3,KDCIP 2호,,
asset_fund_link,ast_58e37903d5ef,원주AK,,physical_asset,,,,KR,,강원특별자치도 원주시 단계동 1123,37.3456623047375,127.927519495026,5113011000111230000,A112004001,auto_created,unknown,found,2026-06-01T07:02:21.864097+00:00,112120,이지스전문투자형사모부동산투자신탁105호 (Class A),105호(A),미설정,,,,,,,,,,,,,,,,펀드 AUM 관리_20260515.xlsx,inferred_underlying_asset,direct_owner,inferred_direct,,unallocated,True,False,,,,,,,8,114500000000,114500000000,31500000000,71000000000,12000000000,14047.0,83531.7,44.21,208.14,리테일,철근콘크리트구조,7,5,14,옥내 921 / 옥외 0,36.23,2012-03-27,BldRgstHubService.getBrTitleInfo,0.95,0,0,0,0,0,0,NPL 5호,,
asset_fund_link,ast_58e37903d5ef,원주AK,,physical_asset,,,,KR,,강원특별자치도 원주시 단계동 1123,37.3456623047375,127.927519495026,5113011000111230000,A112004001,auto_created,unknown,found,2026-06-01T07:02:21.864097+00:00,112121,이지스전문투자형사모부동산투자신탁105호 (Class C1),105호(C1),미설정,,,,,,,,,,,,,,,,펀드 AUM 관리_20260515.xlsx,inferred_underlying_asset,direct_owner,inferred_direct,,unallocated,True,False,,,,,,,8,114500000000,114500000000,31500000000,71000000000,12000000000,14047.0,83531.7,44.21,208.14,리테일,철근콘크리트구조,7,5,14,옥내 921 / 옥외 0,36.23,2012-03-27,BldRgstHubService.getBrTitleInfo,0.95,0,0,0,0,0,0,NPL 5호,,
asset_fund_link,ast_58e37903d5ef,원주AK,,physical_asset,,,,KR,,강원특별자치도 원주시 단계동 1123,37.3456623047375,127.927519495026,5113011000111230000,A112004001,auto_created,unknown,found,2026-06-01T07:02:21.864097+00:00,112122,이지스전문투자형사모부동산투자신탁105호 (Class C2),105호(C2),미설정,,,,,,,,,,,,,,,,펀드 AUM 관리_20260515.xlsx,inferred_underlying_asset,direct_owner,inferred_direct,,unallocated,True,False,,,,,,,8,114500000000,114500000000,31500000000,71000000000,12000000000,14047.0,83531.7,44.21,208.14,리테일,철근콘크리트구조,7,5,14,옥내 921 / 옥외 0,36.23,2012-03-27,BldRgstHubService.getBrTitleInfo,0.95,0,0,0,0,0,0,NPL 5호,,
asset_fund_link,ast_58e37903d5ef,원주AK,,physical_asset,,,,KR,,강원특별자치도 원주시 단계동 1123,37.3456623047375,127.927519495026,5113011000111230000,A112004001,auto_created,unknown,found,2026-06-01T07:02:21.864097+00:00,112123,이지스전문투자형사모부동산투자신탁105호 (Class C3),105호(C3),미설정,,,,,,,,,,,,,,,,펀드 AUM 관리_20260515.xlsx,inferred_underlying_asset,direct_owner,inferred_direct,,unallocated,True,False,,,,,,,8,114500000000,114500000000,31500000000,71000000000,12000000000,14047.0,83531.7,44.21,208.14,리테일,철근콘크리트구조,7,5,14,옥내 921 / 옥외 0,36.23,2012-03-27,BldRgstHubService.getBrTitleInfo,0.95,0,0,0,0,0,0,NPL 5호,,
asset_fund_link,ast_6d4a384539b2,Hines Poland Sustainable Income Fund,오피스복합,physical_asset,,,,,,,,,,A112051001,verified,unknown,not_checked,,112151,이지스전문투자형사모투자신탁152호(재간접형),152호,청산,,국내,,,,,2017-08-31,2017-11-21,,0,0,,,,청산,펀드 AUM 관리_20260515.xlsx,inferred_underlying_asset,direct_owner,inferred_direct,,unallocated,True,False,,,,,,,4,43285057100,15184928920,43285057100,0,0,,,,,오피스복합,,,,,,,,,,0,0,43285057100,15184928920,0,2,Hines Poland Sustainable Income Fund,,
asset_fund_link,ast_73f09d84ccfa,한남동 외국인아파트부지 재개발사업 PF대출,주거,physical_asset,,,,KR,,서울특별시 용산구 한남동 680-1,,,,A112166001,verified,unknown,not_checked,,112167,이지스전문투자형사모투자신탁162호(Class P),162호(P),청산,,국내,,,,,2017-11-30,2018-05-03,,0,0,,,,청산,펀드 AUM 관리_20260515.xlsx,inferred_underlying_asset,direct_owner,inferred_direct,,unallocated,True,False,,,,,,,3,20400000000,20400000000,20400000000,0,0,,,,,주거,,,,,,,2019-10-01,,,0,0,0,0,0,0,,,
asset_fund_link,ast_73f09d84ccfa,한남동 외국인아파트부지 재개발사업 PF대출,주거,physical_asset,,,,KR,,서울특별시 용산구 한남동 680-1,,,,A112166001,verified,unknown,not_checked,,112168,이지스전문투자형사모투자신탁162호(Class C),162호(C),청산,,국내,,,,,2017-11-30,2018-05-03,,0,0,,,,청산,펀드 AUM 관리_20260515.xlsx,inferred_underlying_asset,direct_owner,inferred_direct,,unallocated,True,False,,,,,,,3,20400000000,20400000000,20400000000,0,0,,,,,주거,,,,,,,2019-10-01,,,0,0,0,0,0,0,,,
asset_fund_link,ast_b5b13984b5c2,부평 더샵센트럴시티 공공지원민간임대주택,주거,physical_asset,,,,KR,,십정동 630,37.474635711,126.69874579,2823710200106300000,A112149001,auto_created,unknown,found,2026-06-01T07:02:00.439366+00:00,112176,이지스임대주택일반사모부동산투자신탁166호(재간접형) A종,166호(A종),운용,주거,국내,"리빙그룹1파트, 리빙매니지먼트","리빙그룹1파트, 리빙매니지먼트",홍지훈,홍지훈,2017-12-29,2032-12-29,,,,,,,,펀드 AUM 관리_20260515.xlsx,inferred_underlying_asset,direct_owner,inferred_direct,,unallocated,True,False,,,,,,,9,1246315975151,1011381842996,181300000000,624670000000,440345975151,161812.4,756766.0,0.37,10.87,주거,철근콘크리트구조,48,0,6,옥내 0 / 옥외 0,142.84,2022-05-02,BldRgstHubService.getBrTitleInfo,0.95,0,0,0,0,0,0,십정2구역 더샵부평센트럴시티,,
asset_fund_link,ast_b5b13984b5c2,부평 더샵센트럴시티 공공지원민간임대주택,주거,physical_asset,,,,KR,,십정동 630,37.474635711,126.69874579,2823710200106300000,A112149001,auto_created,unknown,found,2026-06-01T07:02:00.439366+00:00,112177,이지스임대주택전문투자형사모부동산투자신탁166호(재간접형) (B종),166호(B종),미설정,주거,,"리빙그룹1파트, 리빙매니지먼트","리빙그룹1파트, 리빙매니지먼트",홍지훈,홍지훈,,,,,,,,,,펀드 AUM 관리_20260515.xlsx,inferred_underlying_asset,direct_owner,inferred_direct,,unallocated,True,False,,,,,,,9,1246315975151,1011381842996,181300000000,624670000000,440345975151,161812.4,756766.0,0.37,10.87,주거,철근콘크리트구조,48,0,6,옥내 0 / 옥외 0,142.84,2022-05-02,BldRgstHubService.getBrTitleInfo,0.95,0,0,0,0,0,0,십정2구역 더샵부평센트럴시티,,
asset_fund_link,ast_b5b13984b5c2,부평 더샵센트럴시티 공공지원민간임대주택,주거,physical_asset,,,,KR,,십정동 630,37.474635711,126.69874579,2823710200106300000,A112149001,auto_created,unknown,found,2026-06-01T07:02:00.439366+00:00,112178,이지스임대주택전문투자형사모부동산투자신탁166호(재간접형) (C종),166호(C종),미설정,주거,,"리빙그룹1파트, 리빙매니지먼트","리빙그룹1파트, 리빙매니지먼트",홍지훈,홍지훈,,,,,,,,,,펀드 AUM 관리_20260515.xlsx,inferred_underlying_asset,direct_owner,inferred_direct,,unallocated,True,False,,,,,,,9,1246315975151,1011381842996,181300000000,624670000000,440345975151,161812.4,756766.0,0.37,10.87,주거,철근콘크리트구조,48,0,6,옥내 0 / 옥외 0,142.84,2022-05-02,BldRgstHubService.getBrTitleInfo,0.95,0,0,0,0,0,0,십정2구역 더샵부평센트럴시티,,
asset_fund_link,ast_b5b13984b5c2,부평 더샵센트럴시티 공공지원민간임대주택,주거,physical_asset,,,,KR,,십정동 630,37.474635711,126.69874579,2823710200106300000,A112149001,auto_created,unknown,found,2026-06-01T07:02:00.439366+00:00,112179,이지스임대주택전문투자형사모부동산투자신탁166호(재간접형) (D종),166호(D종),미설정,주거,,"리빙그룹1파트, 리빙매니지먼트","리빙그룹1파트, 리빙매니지먼트",홍지훈,홍지훈,,,,,,,,,,펀드 AUM 관리_20260515.xlsx,inferred_underlying_asset,direct_owner,inferred_direct,,unallocated,True,False,,,,,,,9,1246315975151,1011381842996,181300000000,624670000000,440345975151,161812.4,756766.0,0.37,10.87,주거,철근콘크리트구조,48,0,6,옥내 0 / 옥외 0,142.84,2022-05-02,BldRgstHubService.getBrTitleInfo,0.95,0,0,0,0,0,0,십정2구역 더샵부평센트럴시티,,
asset_fund_link,ast_3e8fec277620,와이플러스빌딩 (투자),,physical_asset,,,,KR,,서울특별시 강남구 신사동 533-3,37.5221787451402,127.022430544855,1168010700105330003,A112185001,auto_created,unknown,found,2026-06-01T07:01:56.210637+00:00,112186,이지스전문투자형사모부동산투자신탁144호(Class A),144호(A),청산,,국내,,,,,2018-03-13,2022-01-10,,,,,,,,펀드 AUM 관리_20260515.xlsx,inferred_underlying_asset,direct_owner,inferred_direct,,unallocated,True,False,,,,,,,3,17200000000,17200000000,17200000000,0,0,482.9,1838.66,5.3,298.87,오피스,철근콘크리트구조,7,1,1,옥내 0 / 옥외 0,26.85,2005-07-22,BldRgstHubService.getBrTitleInfo,0.95,0,0,0,0,0,0,,,
asset_fund_link,ast_3e8fec277620,와이플러스빌딩 (투자),,physical_asset,,,,KR,,서울특별시 강남구 신사동 533-3,37.5221787451402,127.022430544855,1168010700105330003,A112185001,auto_created,unknown,found,2026-06-01T07:01:56.210637+00:00,112187,이지스전문투자형사모부동산투자신탁144호(Class C-i),144호(C-i),청산,,국내,,,,,2018-03-13,2022-01-10,,,,,,,,펀드 AUM 관리_20260515.xlsx,inferred_underlying_asset,direct_owner,inferred_direct,,unallocated,True,False,,,,,,,3,17200000000,17200000000,17200000000,0,0,482.9,1838.66,5.3,298.87,오피스,철근콘크리트구조,7,1,1,옥내 0 / 옥외 0,26.85,2005-07-22,BldRgstHubService.getBrTitleInfo,0.95,0,0,0,0,0,0,,,
asset_fund_link,ast_0264aa763175,덕평CJ물류센터 (투자),,physical_asset,,,,KR,,경기도 이천시 호법면 매곡리 118-2,37.2150393456074,127.37429531445,4150033025101180002,A112328001,auto_created,unknown,found,2026-06-01T07:02:10.105145+00:00,112329,이지스전문투자형사모부동산투자신탁286호(1종),286호(1종),청산,물류,국내,사업그룹4파트,사업그룹4파트,이구,이구,2019-06-27,2022-02-18,,,,,,,,펀드 AUM 관리_20260515.xlsx,inferred_underlying_asset,direct_owner,inferred_direct,,unallocated,True,False,,,,,,,3,75675800000,75675800000,24300000000,50000000000,1375800000,25327.0,58552.1,38.61,78.83,물류,일반철골구조,4,2,1,옥내 0 / 옥외 133,32.5,2006-08-09,BldRgstHubService.getBrTitleInfo,0.95,0,0,0,0,0,0,,,
asset_fund_link,ast_72434a85fc8f,강서 마곡지구 근린생활시설 개발사업 PF대출,리테일,physical_asset,,,,KR,,서울특별시 마곡지구 지원시설용지 DS9BL,,,,A112199001,verified,unknown,not_checked,,112203,이지스부동산투자신탁196호(Class C-P),196호(C-p),청산,,국내,,,,,2018-06-11,2018-06-11,,0,0,,,,청산,펀드 AUM 관리_20260515.xlsx,inferred_underlying_asset,direct_owner,inferred_direct,,unallocated,True,False,,,,,,,3,64511693000,64511693000,64511693000,0,0,,,,,오피스,,,,,,,,,,0,0,0,0,0,0,,,
asset_fund_link,ast_72434a85fc8f,강서 마곡지구 근린생활시설 개발사업 PF대출,리테일,physical_asset,,,,KR,,서울특별시 마곡지구 지원시설용지 DS9BL,,,,A112199001,verified,unknown,not_checked,,112204,이지스부동산투자신탁196호(Class A),196호(A),청산,,국내,,,,,2018-06-11,2020-11-02,,0,0,,,,청산,펀드 AUM 관리_20260515.xlsx,inferred_underlying_asset,direct_owner,inferred_direct,,unallocated,True,False,,,,,,,3,64511693000,64511693000,64511693000,0,0,,,,,오피스,,,,,,,,,,0,0,0,0,0,0,,,
asset_fund_link,ast_f541715b8374,Barcelona Office Nestle HQ,오피스,physical_asset,,,,,바르셀로나,"Av. dels Països Catalans, 51, 08950 Esplugues de Llobregat, Barcelona, Spain",,,,A112216001,verified,unknown,not_checked,,112221,이지스글로벌부동산투자신탁204호 (파생형) Class C-i,204호(C-p),청산,오피스,해외,,,,,2018-09-10,2018-09-10,,,,,,,,펀드 AUM 관리_20260515.xlsx,inferred_underlying_asset,direct_owner,inferred_direct,,unallocated,True,False,,,,,,,3,194182483000,194182483000,108723109000,85459374000,0,,27606.0,5.01,,오피스,,8,,,579,,1974-01-01,,,0,0,0,0,0,0,,,
asset_fund_link,ast_230b908af3f7,프랑스 Orange Telecome 오피스,오피스,physical_asset,,,,,Arcueil,"59 avenue Vladimir Ilitch Lénine, ARCEUIL",,,,A112046001,verified,unknown,not_checked,,112224,이지스미국전문투자형사모부동산투자신탁215호,215호,미설정,,,,,,,,,,,,,,,,펀드 AUM 관리_20260515.xlsx,inferred_underlying_asset,direct_owner,inferred_direct,,unallocated,True,False,,,,,,,2,100700304147,100700304147,38299839147,62400465000,0,9880.0,32510.0,7.2,,오피스,,10,,,253,,1969-01-01,,,0,0,0,0,0,0,,,
asset_fund_link,ast_1f446ce9025d,홈플러스죽도점 (투자),리테일,physical_asset,,,,KR,,경상북도 포항시 북구 죽도동 50-1,36.0308993275045,129.365099982428,4711311600100500001,A112018003,auto_created,unknown,found,2026-06-01T07:02:19.332403+00:00,112225,이지스전문투자형사모부동산투자신탁219호,219호,미설정,,,,,,,,,,,,,,,,펀드 AUM 관리_20260515.xlsx,inferred_underlying_asset,direct_owner,inferred_direct,,unallocated,True,False,,,,,,,5,236500000000,160500000000,107500000000,118000000000,11000000000,5089.0,20254.0,79.19,398.0,리테일,일반철골구조,6,0,,옥내 205 / 옥외 82,25.7,2001-01-02,BldRgstHubService.getBrTitleInfo,0.95,708000000000,252000000000,322500000000,322500000000,3,6,홈플러스 3개소 | 홈플러스 전주효자,이지스 19호 홈플러스 삼천포/포항죽도/진주점,
asset_fund_link,ast_e3779cfe5ab2,켄싱턴 제주호텔 부동산담보신탁 1종 수익권,,physical_asset,,,,KR,,제주특별자치도 서귀포시 색달동 2785,33.2523552040119,126.407910658529,5013011900127850000,A112226001,auto_created,unknown,found,2026-06-01T07:02:20.275219+00:00,112227,이지스전문투자형사모투자신탁214호(Class C),214호(C),청산,,국내,,,,,2018-08-09,2019-08-09,,0,0,,,,청산,펀드 AUM 관리_20260515.xlsx,inferred_underlying_asset,direct_owner,inferred_direct,,unallocated,True,False,,,,,,,3,15000000000,15000000000,15000000000,0,0,33002.0,31750.5,24.85,59.85,호텔,철골철근콘크리트구조,4,2,5,옥내 0 / 옥외 269,19.61,2014-03-17,BldRgstHubService.getBrTitleInfo,0.95,0,0,0,0,0,0,,,
asset_fund_link,ast_e3779cfe5ab2,켄싱턴 제주호텔 부동산담보신탁 1종 수익권,,physical_asset,,,,KR,,제주특별자치도 서귀포시 색달동 2785,33.2523552040119,126.407910658529,5013011900127850000,A112226001,auto_created,unknown,found,2026-06-01T07:02:20.275219+00:00,112228,이지스전문투자형사모투자신탁214호(Class P),214호(P),청산,,국내,,,,,2018-08-09,2019-08-09,,0,0,,,,청산,펀드 AUM 관리_20260515.xlsx,inferred_underlying_asset,direct_owner,inferred_direct,,unallocated,True,False,,,,,,,3,15000000000,15000000000,15000000000,0,0,33002.0,31750.5,24.85,59.85,호텔,철골철근콘크리트구조,4,2,5,옥내 0 / 옥외 269,19.61,2014-03-17,BldRgstHubService.getBrTitleInfo,0.95,0,0,0,0,0,0,,,
asset_fund_link,ast_6f4f44b4c3aa,도지물류센터 (투자),,physical_asset,,,,KR,,경기도 이천시 백사면 조읍리 25,37.3152043797974,127.485775199591,4150032028100250000,A112245001,auto_created,unknown,found,2026-06-01T07:02:09.940211+00:00,112265,이지스전문투자형230호사모부동산투자유한회사(1종),230호(1종),청산,,국내,,,,,2019-01-03,2020-12-29,,0,0,,,,청산,펀드 AUM 관리_20260515.xlsx,inferred_underlying_asset,direct_owner,inferred_direct,,unallocated,True,False,,,,,,,3,70000000000,70000000000,14000000000,56000000000,0,39757.0,46527.0,36.13,56.52,물류,일반철골구조,2,2,,옥내 30 / 옥외 174,8.45,2020-04-15,BldRgstHubService.getBrTitleInfo,0.95,0,0,0,0,0,0,도지 물류센터,,
asset_fund_link,ast_6f4f44b4c3aa,도지물류센터 (투자),,physical_asset,,,,KR,,경기도 이천시 백사면 조읍리 25,37.3152043797974,127.485775199591,4150032028100250000,A112245001,auto_created,unknown,found,2026-06-01T07:02:09.940211+00:00,112266,이지스전문투자형230호사모부동산투자유한회사(2종),230호(2종),청산,,국내,,,,,2018-12-03,2021-03-09,,0,0,,,,청산,펀드 AUM 관리_20260515.xlsx,inferred_underlying_asset,direct_owner,inferred_direct,,unallocated,True,False,,,,,,,3,70000000000,70000000000,14000000000,56000000000,0,39757.0,46527.0,36.13,56.52,물류,일반철골구조,2,2,,옥내 30 / 옥외 174,8.45,2020-04-15,BldRgstHubService.getBrTitleInfo,0.95,0,0,0,0,0,0,도지 물류센터,,
asset_fund_link,ast_e6eadbaa08bd,클럽디 속리산,,physical_asset,,,,KR,,충청북도 보은군 탄부면 상장리 643-3,36.4471156384991,127.782249596482,4372034027106430003,A112279001,auto_created,unknown,found,2026-06-01T06:56:47.110122+00:00,112280,이지스일반사모부동산투자신탁232호(1종),232호(1종),청산,특별자산,국내,투자3그룹1파트,투자3그룹1파트,유한나,유한나,2019-04-01,2024-08-09,,,,,,,,펀드 AUM 관리_20260515.xlsx,inferred_underlying_asset,direct_owner,inferred_direct,,unallocated,True,False,,,,,,,4,66300000000,66300000000,13300000000,53000000000,0,8693.0,828506.0,7.1,37.16,운동시설,철근콘크리트구조,2,2,1,옥내 0 / 옥외 213,13.81,2013-09-02,BldRgstHubService.getBrTitleInfo,0.95,0,0,0,0,0,0,,,
asset_fund_link,ast_e6eadbaa08bd,클럽디 속리산,,physical_asset,,,,KR,,충청북도 보은군 탄부면 상장리 643-3,36.4471156384991,127.782249596482,4372034027106430003,A112279001,auto_created,unknown,found,2026-06-01T06:56:47.110122+00:00,112281,이지스일반사모부동산투자신탁232호(2종),232호(2종),청산,특별자산,국내,투자3그룹1파트,투자3그룹1파트,유한나,유한나,2019-02-07,2024-08-09,,,,,,,,펀드 AUM 관리_20260515.xlsx,inferred_underlying_asset,direct_owner,inferred_direct,,unallocated,True,False,,,,,,,4,66300000000,66300000000,13300000000,53000000000,0,8693.0,828506.0,7.1,37.16,운동시설,철근콘크리트구조,2,2,1,옥내 0 / 옥외 213,13.81,2013-09-02,BldRgstHubService.getBrTitleInfo,0.95,0,0,0,0,0,0,,,
asset_fund_link,ast_e6eadbaa08bd,클럽디 속리산,,physical_asset,,,,KR,,충청북도 보은군 탄부면 상장리 643-3,36.4471156384991,127.782249596482,4372034027106430003,A112279001,auto_created,unknown,found,2026-06-01T06:56:47.110122+00:00,112282,이지스일반사모부동산투자신탁232호(3종),232호(3종),청산,특별자산,국내,투자3그룹1파트,투자3그룹1파트,유한나,유한나,2019-02-07,2024-08-09,,,,,,,,펀드 AUM 관리_20260515.xlsx,inferred_underlying_asset,direct_owner,inferred_direct,,unallocated,True,False,,,,,,,4,66300000000,66300000000,13300000000,53000000000,0,8693.0,828506.0,7.1,37.16,운동시설,철근콘크리트구조,2,2,1,옥내 0 / 옥외 213,13.81,2013-09-02,BldRgstHubService.getBrTitleInfo,0.95,0,0,0,0,0,0,,,
asset_fund_link,ast_021767a7f029,강동 성내 역세권 청년주택,,physical_asset,,,,KR,,성내동 190-11,36.119721124,128.122146053,4715010400101900011,A112287001,auto_created,unknown,found,2026-06-01T07:02:18.747461+00:00,112288,이지스전문투자형사모부동산투자신탁263호 1종,263호(1종),운용,주거,국내,"리빙그룹1파트, 리빙매니지먼트","리빙그룹1파트, 리빙매니지먼트",홍지훈,홍지훈,2019-03-15,2034-02-15,,,,,,,,펀드 AUM 관리_20260515.xlsx,inferred_underlying_asset,direct_owner,inferred_direct,,unallocated,True,False,,,,,,,5,225662163215,225662163215,24923963215,152500000000,48238200000,0.0,190.51,0.0,0.0,제1종근린생활시설,철근콘크리트구조,3,1,,옥내 0 / 옥외 0,0.0,1974-12-23,BldRgstHubService.getBrTitleInfo,0.95,0,0,0,0,0,0,강동 성내 역세권 청년주택,,
asset_fund_link,ast_021767a7f029,강동 성내 역세권 청년주택,,physical_asset,,,,KR,,성내동 190-11,36.119721124,128.122146053,4715010400101900011,A112287001,auto_created,unknown,found,2026-06-01T07:02:18.747461+00:00,112289,이지스전문투자형사모부동산투자신탁263호 2종,263호(2종),운용,주거,국내,"리빙그룹1파트, 리빙매니지먼트","리빙그룹1파트, 리빙매니지먼트",홍지훈,홍지훈,2019-02-15,2034-02-15,,,,,,,,펀드 AUM 관리_20260515.xlsx,inferred_underlying_asset,direct_owner,inferred_direct,,unallocated,True,False,,,,,,,5,225662163215,225662163215,24923963215,152500000000,48238200000,0.0,190.51,0.0,0.0,제1종근린생활시설,철근콘크리트구조,3,1,,옥내 0 / 옥외 0,0.0,1974-12-23,BldRgstHubService.getBrTitleInfo,0.95,0,0,0,0,0,0,강동 성내 역세권 청년주택,,
asset_fund_link,ast_d27d2be05580,US BioMed Portfolio Senior Loan,오피스복합,physical_asset,,,,,,16개 자산 포트폴리오,,,,A112076001,verified,unknown,not_checked,,112302,이지스전문투자형사모투자신탁284호,284호,미설정,,,,,,,,,,,,,,,,펀드 AUM 관리_20260515.xlsx,inferred_underlying_asset,direct_owner,inferred_direct,,unallocated,True,False,,,,,,,2,171211080,171211080,171211080,0,0,,,5.19,,오피스,,,,,,,,,,0,0,0,0,0,0,,,
asset_fund_link,ast_d2b291b01082,돈의문3구역 게이트타워,,physical_asset,,,,KR,,서울특별시 종로구 평동 234,37.5667982154946,126.966399979444,1111017700102340000,A112314001,auto_created,unknown,found,2026-06-01T07:01:59.591553+00:00,112315,이지스전문투자형사모부동산투자신탁290호(Class A),290호(A),청산,,국내,,,,,2019-05-13,2020-07-28,,,,,,,,펀드 AUM 관리_20260515.xlsx,inferred_underlying_asset,direct_owner,inferred_direct,,unallocated,True,False,,,,,,,3,10000000000,10000000000,10000000000,0,0,6380.4,1605.2,53.21,849.94,공장,일반철골구조,1,7,18,옥내 0 / 옥외 0,109.8,2020-06-30,BldRgstHubService.getBrTitleInfo,0.95,0,0,0,0,0,0,,,
asset_fund_link,ast_d2b291b01082,돈의문3구역 게이트타워,,physical_asset,,,,KR,,서울특별시 종로구 평동 234,37.5667982154946,126.966399979444,1111017700102340000,A112314001,auto_created,unknown,found,2026-06-01T07:01:59.591553+00:00,112316,이지스전문투자형사모부동산투자신탁290호(Class C),290호(C),청산,,국내,,,,,2019-05-13,2020-07-28,,,,,,,,펀드 AUM 관리_20260515.xlsx,inferred_underlying_asset,direct_owner,inferred_direct,,unallocated,True,False,,,,,,,3,10000000000,10000000000,10000000000,0,0,6380.4,1605.2,53.21,849.94,공장,일반철골구조,1,7,18,옥내 0 / 옥외 0,109.8,2020-06-30,BldRgstHubService.getBrTitleInfo,0.95,0,0,0,0,0,0,,,
asset_fund_link,ast_0bed91ccb4ec,부실채권을 기초자산으로 하는 SPC의 사채,,physical_asset,,,,,,,,,,A112318001,verified,unknown,not_checked,,112318,이지스NPL전문투자형사모부동산투자신탁제2-1호,NPL2-1호,청산,NPL,국내,,,,,2019-06-27,2021-07-27,,,,,,,,펀드 AUM 관리_20260515.xlsx,inferred_underlying_asset,direct_owner,inferred_direct,,unallocated,True,False,,,,,,,4,154000000000,59807401920,154000000000,0,0,,,,,특별자산,,,,,,,,,,150000000000,150000000000,124000000000,59447401920,1,6,IAYD | IA13차 유동화 | NPL 3호 | IA 14차 유동화 | IAHF 합정,,
asset_fund_link,ast_44e362fded27,이지스리테일제55호사모부동산투자유한회사,,physical_asset,,,,KR,,인천광역시 중구 항동7가 76-2,37.4480138692455,126.622194743796,2811011800100760002,A112054003,auto_created,unknown,found,2026-06-01T07:01:58.224305+00:00,112319,이지스리테일전문투자형사모부동산투자신탁255호,255호,미설정,,,,,,,,,,,,,,,,펀드 AUM 관리_20260515.xlsx,inferred_underlying_asset,direct_owner,inferred_direct,,unallocated,True,False,,,,,,,2,279685304114,0,179065591614,95159450000,5460262500,20486.0,49778.2,6.7,183.84,리테일,철근콘크리트구조,6,1,2,옥내 625 / 옥외 7,44.65,2007-09-07,BldRgstHubService.getBrTitleInfo,0.95,0,0,0,0,0,0,,,
asset_fund_link,ast_713f8b4e24da,Paris Logistics Amazon,물류센터,physical_asset,,,,,파리,"Base Aerienne 217, 91220 Bretigny-sur-Orge, Paris, France",,,,A112324001,verified,unknown,not_checked,,112327,이지스글로벌공모부동산투자신탁281호(파생형) (Class C-I),281호(C-I),청산,물류,해외,,,,,2019-07-12,2019-07-12,,,,,,,,펀드 AUM 관리_20260515.xlsx,inferred_underlying_asset,direct_owner,inferred_direct,,unallocated,True,False,,,,,,,4,681730353901,681730353901,259334876000,422395477901,0,,491468.0,3.83,,물류,,3,,,1268,,2019-03-01,,,0,0,0,0,0,0,"Paris Logistics Amazon , Bristol Logistics Amazon , Barcelona Logistics Amazon | Paris Logistics Amazon , Barcelona Logistics Amazon , Bristol Logistics Amazon | Paris Logistics Amazon",281호,
asset_fund_link,ast_0264aa763175,덕평CJ물류센터 (투자),,physical_asset,,,,KR,,경기도 이천시 호법면 매곡리 118-2,37.2150393456074,127.37429531445,4150033025101180002,A112328001,auto_created,unknown,found,2026-06-01T07:02:10.105145+00:00,112330,이지스전문투자형사모부동산투자신탁286호(2종),286호(2종),청산,물류,국내,사업그룹4파트,사업그룹4파트,이구,이구,2019-06-27,2022-02-18,,,,,,,,펀드 AUM 관리_20260515.xlsx,inferred_underlying_asset,direct_owner,inferred_direct,,unallocated,True,False,,,,,,,3,75675800000,75675800000,24300000000,50000000000,1375800000,25327.0,58552.1,38.61,78.83,물류,일반철골구조,4,2,1,옥내 0 / 옥외 133,32.5,2006-08-09,BldRgstHubService.getBrTitleInfo,0.95,0,0,0,0,0,0,,,
asset_fund_link,ast_7689cf60369b,글로벌 리츠,오피스,physical_asset,,,,,,,,,,A112334001,verified,unknown,not_checked,,112336,이지스글로벌시그니처리츠전문투자형사모부동산투자신탁 Class C,시그니처리츠(C),미설정,기타,,,,,,,,,,,,,,,펀드 AUM 관리_20260515.xlsx,inferred_underlying_asset,direct_owner,inferred_direct,,unallocated,True,False,,,,,,,4,871884998,871884998,871884998,0,0,,,,,기타,,,,,,,,,,0,0,0,0,0,0,,,
asset_fund_link,ast_7689cf60369b,글로벌 리츠,오피스,physical_asset,,,,,,,,,,A112334001,verified,unknown,not_checked,,112337,이지스글로벌시그니처리츠전문투자형사모부동산투자신탁 Class C-I,시그니처리츠(C-I),미설정,기타,,,,,,,,,,,,,,,펀드 AUM 관리_20260515.xlsx,inferred_underlying_asset,direct_owner,inferred_direct,,unallocated,True,False,,,,,,,4,871884998,871884998,871884998,0,0,,,,,기타,,,,,,,,,,0,0,0,0,0,0,,,
asset_fund_link,ast_db35eead7a91,홈플러스 인천인하점,리테일,physical_asset,,,,,,인천광역시 미추홀구 용현동 648,,,,A112344001,verified,unknown,not_checked,,112345,이지스코어리테일부동산투자신탁302호(Class A),302호(A),청산,,국내,,,,,2019-08-22,2021-08-30,,0,0,,,,청산,펀드 AUM 관리_20260515.xlsx,inferred_underlying_asset,direct_owner,inferred_direct,,unallocated,True,False,,,,,,,4,337796276000,337796276000,117296276000,207600000000,12900000000,,48618.5,5.06,,리테일,,,,,,,2005-05-12,,,0,0,0,0,0,0,,,
asset_fund_link,ast_db35eead7a91,홈플러스 인천인하점,리테일,physical_asset,,,,,,인천광역시 미추홀구 용현동 648,,,,A112344001,verified,unknown,not_checked,,112346,이지스코어리테일부동산투자신탁302호(Class C-I),302호(C-I),청산,,국내,,,,,2019-08-22,2021-08-30,,0,0,,,,청산,펀드 AUM 관리_20260515.xlsx,inferred_underlying_asset,direct_owner,inferred_direct,,unallocated,True,False,,,,,,,4,337796276000,337796276000,117296276000,207600000000,12900000000,,48618.5,5.06,,리테일,,,,,,,2005-05-12,,,0,0,0,0,0,0,,,
asset_fund_link,ast_db35eead7a91,홈플러스 인천인하점,리테일,physical_asset,,,,,,인천광역시 미추홀구 용현동 648,,,,A112344001,verified,unknown,not_checked,,112348,이지스코어리테일부동산투자신탁302호(Class C-P),302호(C-P),미설정,,,,,,,,,,,,,,,,펀드 AUM 관리_20260515.xlsx,inferred_underlying_asset,direct_owner,inferred_direct,,unallocated,True,False,,,,,,,4,337796276000,337796276000,117296276000,207600000000,12900000000,,48618.5,5.06,,리테일,,,,,,,2005-05-12,,,0,0,0,0,0,0,,,
asset_fund_link,ast_1b09ced3f5a7,호수빌딩,오피스,physical_asset,,,,,,대구광역시 중구 동인동2가 50-3,35.86922954976167,128.60120426938542,2711010200100500003,A112025004,verified,unknown,pending,,112380,이지스기회추구일반사모부동산자투자신탁제2호(운용),기회추구 2호,운용,지분증권,국내,CM그룹,CM그룹,홍상우,홍상우,2019-11-27,2026-11-27,,0,0,0,0,0,운용,펀드 AUM 관리_20260515.xlsx,inferred_underlying_asset,direct_owner,inferred_direct,,unallocated,True,False,,,,,,,3,3200000000,3200000000,3200000000,0,0,,42967.0,,,오피스,,,,,,,2006-12-01,,,0,0,137700000000,102030528641,0,5,기회추구2호,,
asset_fund_link,ast_ff8a69b5d1fd,San Mauro Torinese,물류센터,physical_asset,,,,,Torino,"Piedmont, Torino, Italy",,,,A112401001,verified,unknown,not_checked,,112402,이지스글로벌부동산투자신탁335호(파생형) (Class A),335호(A),미설정,,,"글로벌자산관리2파트2, 229호TF","글로벌자산관리2파트2, 229호TF",노선호,노선호,,,,,,,,,,펀드 AUM 관리_20260515.xlsx,inferred_underlying_asset,direct_owner,inferred_direct,,unallocated,True,False,,,,,,,3,188680731,188680731,188680731,0,0,,,,,물류,,,,,,,2015-01-01,,,0,0,0,0,0,0,,,
asset_fund_link,ast_ff8a69b5d1fd,San Mauro Torinese,물류센터,physical_asset,,,,,Torino,"Piedmont, Torino, Italy",,,,A112401001,verified,unknown,not_checked,,112403,이지스글로벌부동산투자신탁335호(파생형) (Class F),335호(F),미설정,,,"글로벌자산관리2파트2, 229호TF","글로벌자산관리2파트2, 229호TF",노선호,노선호,,,,,,,,,,펀드 AUM 관리_20260515.xlsx,inferred_underlying_asset,direct_owner,inferred_direct,,unallocated,True,False,,,,,,,3,188680731,188680731,188680731,0,0,,,,,물류,,,,,,,2015-01-01,,,0,0,0,0,0,0,,,
asset_fund_link,ast_0bed91ccb4ec,부실채권을 기초자산으로 하는 SPC의 사채,,physical_asset,,,,,,,,,,A112318001,verified,unknown,not_checked,,112412,이지스NPL전문투자형사모부동산투자신탁제2-2호,NPL2-2호,청산,NPL,국내,,,,,2020-09-24,2021-07-27,,,,,,,,펀드 AUM 관리_20260515.xlsx,inferred_underlying_asset,direct_owner,inferred_direct,,unallocated,True,False,,,,,,,4,154000000000,59807401920,154000000000,0,0,,,,,특별자산,,,,,,,,,,150000000000,150000000000,124000000000,59447401920,1,6,IAYD | IA13차 유동화 | NPL 3호 | IA 14차 유동화 | IAHF 합정,,
asset_fund_link,ast_cf7655c37f5e,일산CLC,,physical_asset,,,,KR,,경기도 고양시 일산동구 장항동 889,37.6542178160599,126.775960673561,4128510400108890000,A112414001,auto_created,unknown,found,2026-06-01T06:56:42.488197+00:00,112415,이지스전문투자형사모부동산투자신탁제336호 (1종),336호(1종),미설정,,,,,,,,,,,,,,,,펀드 AUM 관리_20260515.xlsx,inferred_underlying_asset,direct_owner,inferred_direct,,unallocated,True,False,,,,,,,4,53639230500,53639230500,15600000000,35000000000,3039230500,5707.2,19855.8,69.5,614.0,의료시설,철골철근콘크리트구조,13,8,16,옥내 581 / 옥외 0,71.9,2019-11-29,BldRgstHubService.getBrTitleInfo,0.95,0,0,0,0,0,0,일산 CLC,,
asset_fund_link,ast_cf7655c37f5e,일산CLC,,physical_asset,,,,KR,,경기도 고양시 일산동구 장항동 889,37.6542178160599,126.775960673561,4128510400108890000,A112414001,auto_created,unknown,found,2026-06-01T06:56:42.488197+00:00,112416,이지스전문투자형사모부동산투자신탁제336호 (2종),336호(2종),미설정,,,,,,,,,,,,,,,,펀드 AUM 관리_20260515.xlsx,inferred_underlying_asset,direct_owner,inferred_direct,,unallocated,True,False,,,,,,,4,53639230500,53639230500,15600000000,35000000000,3039230500,5707.2,19855.8,69.5,614.0,의료시설,철골철근콘크리트구조,13,8,16,옥내 581 / 옥외 0,71.9,2019-11-29,BldRgstHubService.getBrTitleInfo,0.95,0,0,0,0,0,0,일산 CLC,,
asset_fund_link,ast_cf7655c37f5e,일산CLC,,physical_asset,,,,KR,,경기도 고양시 일산동구 장항동 889,37.6542178160599,126.775960673561,4128510400108890000,A112414001,auto_created,unknown,found,2026-06-01T06:56:42.488197+00:00,112417,이지스전문투자형사모부동산투자신탁제336호 (3종),336호(3종),미설정,,,,,,,,,,,,,,,,펀드 AUM 관리_20260515.xlsx,inferred_underlying_asset,direct_owner,inferred_direct,,unallocated,True,False,,,,,,,4,53639230500,53639230500,15600000000,35000000000,3039230500,5707.2,19855.8,69.5,614.0,의료시설,철골철근콘크리트구조,13,8,16,옥내 581 / 옥외 0,71.9,2019-11-29,BldRgstHubService.getBrTitleInfo,0.95,0,0,0,0,0,0,일산 CLC,,
asset_fund_link,ast_c010b7ae021c,글로벌 리츠,,physical_asset,,,,,,,,,,A112425001,verified,unknown,not_checked,,112428,이지스글로벌고배당리츠플러스부동산투자신탁(리츠-재간접형) Class A-G,고배당리츠(A-G),미설정,,해외,,,,,2021-06-08,2021-06-08,,,,,,,,펀드 AUM 관리_20260515.xlsx,inferred_underlying_asset,direct_owner,inferred_direct,,unallocated,True,False,,,,,,,17,8004787878,8004787878,8004787878,0,0,,,,,기타,,,,,,,,,,0,0,0,0,0,0,,,
asset_fund_link,ast_c010b7ae021c,글로벌 리츠,,physical_asset,,,,,,,,,,A112425001,verified,unknown,not_checked,,112431,이지스글로벌고배당리츠플러스부동산투자신탁(리츠-재간접형) Class C-G,고배당리츠(C-G),미설정,,해외,,,,,2021-06-08,2021-06-08,,,,,,,,펀드 AUM 관리_20260515.xlsx,inferred_underlying_asset,direct_owner,inferred_direct,,unallocated,True,False,,,,,,,17,8004787878,8004787878,8004787878,0,0,,,,,기타,,,,,,,,,,0,0,0,0,0,0,,,
asset_fund_link,ast_c010b7ae021c,글로벌 리츠,,physical_asset,,,,,,,,,,A112425001,verified,unknown,not_checked,,112433,이지스글로벌고배당리츠플러스부동산투자신탁(리츠-재간접형) Class C-I,고배당리츠(C-I),미설정,,해외,,,,,2021-06-08,2021-06-08,,,,,,,,펀드 AUM 관리_20260515.xlsx,inferred_underlying_asset,direct_owner,inferred_direct,,unallocated,True,False,,,,,,,17,8004787878,8004787878,8004787878,0,0,,,,,기타,,,,,,,,,,0,0,0,0,0,0,,,
asset_fund_link,ast_84491d5860d7,하남데이터센터,,physical_asset,,,,KR,,경기도 하남시 풍산동 607-2,37.5513139678438,127.194934476745,4145011000106070002,A112442001,auto_created,unknown,found,2026-06-01T07:02:09.505424+00:00,112443,이지스전문투자형사모부동산투자신탁제354호(1종),354호(1종),청산,데이터센터,국내,,,,,2020-04-29,2021-09-28,,,,,,,,펀드 AUM 관리_20260515.xlsx,inferred_underlying_asset,direct_owner,inferred_direct,,unallocated,True,False,,,,,,,9,358701800000,183781084282,358701800000,0,0,6637.5,41919.4,58.89,497.46,데이터센터,철근콘크리트구조,10,2,5,옥내 177 / 옥외 0,71.1,2023-11-28,BldRgstHubService.getBrTitleInfo,0.95,0,0,0,0,0,0,KDCIP 1호,,
asset_fund_link,ast_84491d5860d7,하남데이터센터,,physical_asset,,,,KR,,경기도 하남시 풍산동 607-2,37.5513139678438,127.194934476745,4145011000106070002,A112442001,auto_created,unknown,found,2026-06-01T07:02:09.505424+00:00,112444,이지스전문투자형사모부동산투자신탁제354호(2종),354호(2종),청산,데이터센터,국내,,,,,2020-04-29,2021-09-28,,,,,,,,펀드 AUM 관리_20260515.xlsx,inferred_underlying_asset,direct_owner,inferred_direct,,unallocated,True,False,,,,,,,9,358701800000,183781084282,358701800000,0,0,6637.5,41919.4,58.89,497.46,데이터센터,철근콘크리트구조,10,2,5,옥내 177 / 옥외 0,71.1,2023-11-28,BldRgstHubService.getBrTitleInfo,0.95,0,0,0,0,0,0,KDCIP 1호,,
asset_fund_link,ast_64855a473d9f,맹그로브 신촌,오피스복합,physical_asset,,,,KR,,서울특별시 마포구 노고산동 56-68 외,37.554071041984244,126.93367665942435,1144011000100560068,A112445001,verified,unknown,pending,,112445,이지스리빙플랫폼일반사모부동산자투자신탁제1호(운용),리빙플랫폼 1호,운용,지분증권,국내,CM그룹,CM그룹,권종엽,권종엽,2020-04-13,2040-04-13,,0,0,0,0,0,운용,펀드 AUM 관리_20260515.xlsx,inferred_underlying_asset,direct_owner,inferred_direct,,unallocated,True,False,,,,,,,2,88978350000,88116864000,23560000000,64500000000,918350000,,13502.2,,,오피스복합,,,,,,,2023-01-06,,,322500000000,322500000000,225180000000,225180000000,3,5,맹그로브 신촌 | 리빙플랫폼 1호,,
asset_fund_link,ast_fbe13b6b1e0a,글로벌 리츠,,physical_asset,,,,,,,,,,A112260001,verified,unknown,not_checked,,112452,이지스글로벌리츠목표전환전문투자형사모부동산투자신탁,글로벌리츠목표전환,청산,,해외,,,,,2020-05-22,2020-09-23,,0,0,,,,청산,펀드 AUM 관리_20260515.xlsx,inferred_underlying_asset,direct_owner,inferred_direct,,unallocated,True,False,,,,,,,7,164155106596,150479933309,164155106596,0,0,,,,,기타,,,,,,,,,,0,0,0,0,0,0,POBA 글로벌리츠위탁운용펀드,,
asset_fund_link,ast_e2910b24e5e7,원효로3가 공공지원민간임대주택,주거,physical_asset,,,,KR,,서울특별시 용산구 원효로3가 1-159번지 외 3필지,37.53588955185519,126.9570674411126,1117011700100010159,A112456001,verified,unknown,pending,,112457,이지스전문투자형사모투자신탁370호(Class A),370호(A),청산,,국내,,,,,2020-05-29,2020-09-24,,0,0,,,,청산,펀드 AUM 관리_20260515.xlsx,inferred_underlying_asset,direct_owner,inferred_direct,,unallocated,True,False,,,,,,,3,33000000000,33000000000,33000000000,0,0,,16836.2,,,주거,,,,,,,,,,0,0,0,0,0,0,,,
asset_fund_link,ast_e2910b24e5e7,원효로3가 공공지원민간임대주택,주거,physical_asset,,,,KR,,서울특별시 용산구 원효로3가 1-159번지 외 3필지,37.53588955185519,126.9570674411126,1117011700100010159,A112456001,verified,unknown,pending,,112458,이지스전문투자형사모투자신탁370호(Class C),370호(C),청산,,국내,,,,,2020-05-29,2020-09-24,,0,0,,,,청산,펀드 AUM 관리_20260515.xlsx,inferred_underlying_asset,direct_owner,inferred_direct,,unallocated,True,False,,,,,,,3,33000000000,33000000000,33000000000,0,0,,16836.2,,,주거,,,,,,,,,,0,0,0,0,0,0,,,
asset_fund_link,ast_f2df751470ee,Nuveen UK Enhanced Debt Fund,오피스복합,physical_asset,,,,,London,7개 포트폴리오,,,,A112072001,verified,unknown,not_checked,,112460,이지스전문투자형사모부동산투자신탁373호,373호,미설정,,국내,,,,,2020-06-23,2020-06-24,,,,,,,,펀드 AUM 관리_20260515.xlsx,inferred_underlying_asset,direct_owner,inferred_direct,,unallocated,True,False,,,,,,,3,130258669260,130258669260,130258669260,0,0,,,,,오피스,,,,,,,,,,0,0,0,0,0,0,,,
asset_fund_link,ast_1b09ced3f5a7,호수빌딩,오피스,physical_asset,,,,,,대구광역시 중구 동인동2가 50-3,35.86922954976167,128.60120426938542,2711010200100500003,A112025004,verified,unknown,pending,,112471,이지스기회추구전문투자형사모부동산자투자신탁제2-2-1호(운용),기회추구2-2-1호,운용,지분증권,국내,CM그룹,CM그룹,홍상우,홍상우,2020-08-04,2026-11-04,,0,0,0,0,0,운용,펀드 AUM 관리_20260515.xlsx,inferred_underlying_asset,direct_owner,inferred_direct,,unallocated,True,False,,,,,,,3,3200000000,3200000000,3200000000,0,0,,42967.0,,,오피스,,,,,,,2006-12-01,,,0,0,137700000000,102030528641,0,5,기회추구2호,,
asset_fund_link,ast_aefd81e93778,Colony Distressed Credit Fund IV,오피스,physical_asset,,,,,"파리, 더블린, 니스",,,,,A112057001,verified,unknown,not_checked,,112472,이지스기회추구전문투자형사모부동산자투자신탁제2-2-1호(C1),기회추구2-2-1호(C1),운용,지분증권,국내,CM그룹,CM그룹,홍상우,홍상우,2020-08-04,2026-11-04,,,,,,,,펀드 AUM 관리_20260515.xlsx,inferred_underlying_asset,direct_owner,inferred_direct,,unallocated,True,False,,,,,,,3,222495000000,86159144031,222495000000,0,0,,,,,오피스,,,,,,,,,,0,0,222495000000,86159144031,0,5,421호펀드 | Colony Distressed Credit Fund IV,21호 재간접,
asset_fund_link,ast_aefd81e93778,Colony Distressed Credit Fund IV,오피스,physical_asset,,,,,"파리, 더블린, 니스",,,,,A112057001,verified,unknown,not_checked,,112473,이지스기회추구전문투자형사모부동산자투자신탁제2-2-1호(C2),기회추구2-2-1호(C2),운용,지분증권,국내,CM그룹,CM그룹,홍상우,홍상우,2021-09-01,2026-11-04,,,,,,,,펀드 AUM 관리_20260515.xlsx,inferred_underlying_asset,direct_owner,inferred_direct,,unallocated,True,False,,,,,,,3,222495000000,86159144031,222495000000,0,0,,,,,오피스,,,,,,,,,,0,0,222495000000,86159144031,0,5,421호펀드 | Colony Distressed Credit Fund IV,21호 재간접,
asset_fund_link,ast_f7a36f9524d4,뉴멕시코주 아마존 물류센터,물류센터,physical_asset,,,,,,,,,,A112502001,verified,unknown,not_checked,,112506,이지스지엘아이피일반사모투자신탁1-1호(1종),지엘아이피1-1호(1종),청산,물류,해외,사업그룹3파트,사업그룹3파트,최성현,최성현,2020-12-18,2026-02-25,,,,,,,,펀드 AUM 관리_20260515.xlsx,inferred_underlying_asset,direct_owner,inferred_direct,,unallocated,True,False,,,,,,,6,471652175000,2322009829,201026175000,270626000000,0,,,,,물류,,,,,,,,,,0,0,0,0,0,0,뉴멕시코 아마존물류센터 개발,,
asset_fund_link,ast_f7a36f9524d4,뉴멕시코주 아마존 물류센터,물류센터,physical_asset,,,,,,,,,,A112502001,verified,unknown,not_checked,,112507,이지스지엘아이피일반사모투자신탁1-1호(2종),지엘아이피1-1호(2종),청산,물류,해외,사업그룹3파트,사업그룹3파트,최성현,최성현,2020-12-18,2026-02-25,,,,,,,,펀드 AUM 관리_20260515.xlsx,inferred_underlying_asset,direct_owner,inferred_direct,,unallocated,True,False,,,,,,,6,471652175000,2322009829,201026175000,270626000000,0,,,,,물류,,,,,,,,,,0,0,0,0,0,0,뉴멕시코 아마존물류센터 개발,,
asset_fund_link,ast_f7a36f9524d4,뉴멕시코주 아마존 물류센터,물류센터,physical_asset,,,,,,,,,,A112502001,verified,unknown,not_checked,,112508,이지스지엘아이피일반사모투자신탁1-2호(1종),지엘아이피1-2호(1종),청산,물류,해외,사업그룹3파트,사업그룹3파트,최성현,최성현,2020-12-18,2026-02-25,,,,,,,,펀드 AUM 관리_20260515.xlsx,inferred_underlying_asset,direct_owner,inferred_direct,,unallocated,True,False,,,,,,,6,471652175000,2322009829,201026175000,270626000000,0,,,,,물류,,,,,,,,,,0,0,0,0,0,0,뉴멕시코 아마존물류센터 개발,,
asset_fund_link,ast_f7a36f9524d4,뉴멕시코주 아마존 물류센터,물류센터,physical_asset,,,,,,,,,,A112502001,verified,unknown,not_checked,,112509,이지스지엘아이피일반사모투자신탁1-2호(2종),지엘아이피1-2호(2종),청산,물류,해외,사업그룹3파트,사업그룹3파트,최성현,최성현,2020-12-18,2026-02-25,,,,,,,,펀드 AUM 관리_20260515.xlsx,inferred_underlying_asset,direct_owner,inferred_direct,,unallocated,True,False,,,,,,,6,471652175000,2322009829,201026175000,270626000000,0,,,,,물류,,,,,,,,,,0,0,0,0,0,0,뉴멕시코 아마존물류센터 개발,,
asset_fund_link,ast_31a8b3ea9c30,두산빌딩,오피스,physical_asset,,,,KR,,논현동 105-7,37.519381899,127.035197464,1168010800101050007,A112524001,auto_created,unknown,found,2026-06-01T07:01:56.671753+00:00,112526,이지스제397호전문투자형부동산사모투자회사(1종),397호(1종),미설정,오피스,국내,자산관리3파트1,자산관리3파트1,문승현,문승현,2021-02-08,2021-02-08,,,,,,,,펀드 AUM 관리_20260515.xlsx,inferred_underlying_asset,direct_owner,inferred_direct,,unallocated,True,False,,,,,,,3,402793408799,274793408799,178900000000,204000000000,19893408799,3757.0,31877.8,38.01,698.24,오피스,철골철근콘크리트구조,20,4,9,옥내 154 / 옥외 52,0.0,1987-03-04,BldRgstHubService.getBrTitleInfo,0.95,0,0,0,0,0,0,논현 두산빌딩,,
asset_fund_link,ast_7b6e6d2a39c2,완장리 물류센터,물류센터,physical_asset,,,,,,경기도 용인시 처인구 남사읍 완장리 산100번지 일원,37.178913305279046,127.1773942851344,4146125931201000000,A112547001,verified,unknown,pending,,112548,이지스제403호전문투자형사모부동산투자유한회사(1종),403호(1종),미설정,물류,국내,"남사물류개발TF, 자산관리","남사물류개발TF, 자산관리",김재동,김재동,2021-05-26,2021-05-27,,,,,,,,펀드 AUM 관리_20260515.xlsx,inferred_underlying_asset,direct_owner,inferred_direct,,unallocated,True,False,,,,,,,4,265700000000,60000000000,75000000000,190700000000,0,,116130.0,,,물류센터,,,,,,,,,,762800000000,160000000000,150000000000,40000000000,2,4,용인 남사 물류센터,,
asset_fund_link,ast_7b6e6d2a39c2,완장리 물류센터,물류센터,physical_asset,,,,,,경기도 용인시 처인구 남사읍 완장리 산100번지 일원,37.178913305279046,127.1773942851344,4146125931201000000,A112547001,verified,unknown,pending,,112549,이지스제403호전문투자형사모부동산투자유한회사(2종),403호(2종),운용,물류,국내,"남사물류개발TF, 자산관리","남사물류개발TF, 자산관리",김재동,김재동,2021-05-27,2028-05-07,,,,,,,,펀드 AUM 관리_20260515.xlsx,inferred_underlying_asset,direct_owner,inferred_direct,,unallocated,True,False,,,,,,,4,265700000000,60000000000,75000000000,190700000000,0,,116130.0,,,물류센터,,,,,,,,,,762800000000,160000000000,150000000000,40000000000,2,4,용인 남사 물류센터,,
asset_fund_link,ast_7b6e6d2a39c2,완장리 물류센터,물류센터,physical_asset,,,,,,경기도 용인시 처인구 남사읍 완장리 산100번지 일원,37.178913305279046,127.1773942851344,4146125931201000000,A112547001,verified,unknown,pending,,112550,이지스제403호전문투자형사모부동산투자유한회사(3종),403호(3종),운용,물류,국내,"남사물류개발TF, 자산관리","남사물류개발TF, 자산관리",김재동,김재동,2021-05-27,2028-05-07,,,,,,,,펀드 AUM 관리_20260515.xlsx,inferred_underlying_asset,direct_owner,inferred_direct,,unallocated,True,False,,,,,,,4,265700000000,60000000000,75000000000,190700000000,0,,116130.0,,,물류센터,,,,,,,,,,762800000000,160000000000,150000000000,40000000000,2,4,용인 남사 물류센터,,
asset_fund_link,ast_58e37903d5ef,원주AK,,physical_asset,,,,KR,,강원특별자치도 원주시 단계동 1123,37.3456623047375,127.927519495026,5113011000111230000,A112004001,auto_created,unknown,found,2026-06-01T07:02:21.864097+00:00,112565,이지스글로벌전문투자형사모부동산모투자신탁405호,405호,미설정,,,,,,,,,,,,,,,,펀드 AUM 관리_20260515.xlsx,inferred_underlying_asset,direct_owner,inferred_direct,,unallocated,True,False,,,,,,,8,114500000000,114500000000,31500000000,71000000000,12000000000,14047.0,83531.7,44.21,208.14,리테일,철근콘크리트구조,7,5,14,옥내 921 / 옥외 0,36.23,2012-03-27,BldRgstHubService.getBrTitleInfo,0.95,0,0,0,0,0,0,NPL 5호,,
asset_fund_link,ast_1f446ce9025d,홈플러스죽도점 (투자),리테일,physical_asset,,,,KR,,경상북도 포항시 북구 죽도동 50-1,36.0308993275045,129.365099982428,4711311600100500001,A112018003,auto_created,unknown,found,2026-06-01T07:02:19.332403+00:00,112567,이지스제419호전문투자형사모부동산투자회사,419호,미설정,,,,,,,,,,,,,,,,펀드 AUM 관리_20260515.xlsx,inferred_underlying_asset,direct_owner,inferred_direct,,unallocated,True,False,,,,,,,5,236500000000,160500000000,107500000000,118000000000,11000000000,5089.0,20254.0,79.19,398.0,리테일,일반철골구조,6,0,,옥내 205 / 옥외 82,25.7,2001-01-02,BldRgstHubService.getBrTitleInfo,0.95,708000000000,252000000000,322500000000,322500000000,3,6,홈플러스 3개소 | 홈플러스 전주효자,이지스 19호 홈플러스 삼천포/포항죽도/진주점,
asset_fund_link,ast_84491d5860d7,하남데이터센터,,physical_asset,,,,KR,,경기도 하남시 풍산동 607-2,37.5513139678438,127.194934476745,4145011000106070002,A112442001,auto_created,unknown,found,2026-06-01T07:02:09.505424+00:00,112570,이지스플랫폼케이디씨아이피1부동산전문투자형사모투자회사(보통주),KDCIP1(보통주),운용,데이터센터,국내,GPI1,GPI1,김유진,김유진,2021-09-27,2026-06-24,,,,,,,,펀드 AUM 관리_20260515.xlsx,inferred_underlying_asset,direct_owner,inferred_direct,,unallocated,True,False,,,,,,,9,358701800000,183781084282,358701800000,0,0,6637.5,41919.4,58.89,497.46,데이터센터,철근콘크리트구조,10,2,5,옥내 177 / 옥외 0,71.1,2023-11-28,BldRgstHubService.getBrTitleInfo,0.95,0,0,0,0,0,0,KDCIP 1호,,
asset_fund_link,ast_84491d5860d7,하남데이터센터,,physical_asset,,,,KR,,경기도 하남시 풍산동 607-2,37.5513139678438,127.194934476745,4145011000106070002,A112442001,auto_created,unknown,found,2026-06-01T07:02:09.505424+00:00,112571,이지스플랫폼케이디씨아이피1부동산전문투자형사모투자회사(1종),KDCIP1(1종),운용,데이터센터,국내,GPI1,GPI1,김유진,김유진,2021-09-27,2026-06-24,,,,,,,,펀드 AUM 관리_20260515.xlsx,inferred_underlying_asset,direct_owner,inferred_direct,,unallocated,True,False,,,,,,,9,358701800000,183781084282,358701800000,0,0,6637.5,41919.4,58.89,497.46,데이터센터,철근콘크리트구조,10,2,5,옥내 177 / 옥외 0,71.1,2023-11-28,BldRgstHubService.getBrTitleInfo,0.95,0,0,0,0,0,0,KDCIP 1호,,
asset_fund_link,ast_84491d5860d7,하남데이터센터,,physical_asset,,,,KR,,경기도 하남시 풍산동 607-2,37.5513139678438,127.194934476745,4145011000106070002,A112442001,auto_created,unknown,found,2026-06-01T07:02:09.505424+00:00,112572,이지스플랫폼케이디씨아이피1부동산전문투자형사모투자회사(2종),KDCIP1(2종),운용,데이터센터,국내,GPI1,GPI1,김유진,김유진,2021-09-27,2026-06-24,,,,,,,,펀드 AUM 관리_20260515.xlsx,inferred_underlying_asset,direct_owner,inferred_direct,,unallocated,True,False,,,,,,,9,358701800000,183781084282,358701800000,0,0,6637.5,41919.4,58.89,497.46,데이터센터,철근콘크리트구조,10,2,5,옥내 177 / 옥외 0,71.1,2023-11-28,BldRgstHubService.getBrTitleInfo,0.95,0,0,0,0,0,0,KDCIP 1호,,
asset_fund_link,ast_73e5216b97f6,이천 마장면 물류센터,물류센터,physical_asset,,,,,,경기도 이천시 마장면 회억리 104,,,,A112573001,verified,unknown,not_checked,,112574,이지스일반사모부동산투자신탁제426호(1종),426호(1종),운용,물류,국내,사업그룹4파트,사업그룹4파트,이준수,이준수,2025-01-22,2028-01-22,,,,,,,,펀드 AUM 관리_20260515.xlsx,inferred_underlying_asset,direct_owner,inferred_direct,,unallocated,True,False,,,,,,,4,95489000000,95495739782,44500000000,46500000000,4489000000,,44730.0,,,물류센터,,,,,,,,,,232500000000,232500000000,44500000000,44500000000,1,5,이천 마장면 회억리 물류센터,이지스 426호(이천 마장면 회억리 물류센터),
asset_fund_link,ast_73e5216b97f6,이천 마장면 물류센터,물류센터,physical_asset,,,,,,경기도 이천시 마장면 회억리 104,,,,A112573001,verified,unknown,not_checked,,112575,이지스일반사모부동산투자신탁제426호(2종),426호(2종),운용,물류,국내,사업그룹4파트,사업그룹4파트,이준수,이준수,2021-07-16,2028-01-22,,,,,,,,펀드 AUM 관리_20260515.xlsx,inferred_underlying_asset,direct_owner,inferred_direct,,unallocated,True,False,,,,,,,4,95489000000,95495739782,44500000000,46500000000,4489000000,,44730.0,,,물류센터,,,,,,,,,,232500000000,232500000000,44500000000,44500000000,1,5,이천 마장면 회억리 물류센터,이지스 426호(이천 마장면 회억리 물류센터),
asset_fund_link,ast_bfb1c5d3da5c,마곡 명소화부지 개발사업,오피스복합,physical_asset,,,,KR,,"서울 강서구 마곡동 지원시설용지 DSP1, DSP2",,,,A112579001,verified,unknown,not_checked,,112580,이지스제420호전문투자형사모부동산투자회사(보통주),420호(보통주),운용,복합(오피스),국내,사업그룹3파트,사업그룹3파트,이창준,이창준,2021-08-11,2037-07-29,,,,,,,,펀드 AUM 관리_20260515.xlsx,inferred_underlying_asset,direct_owner,inferred_direct,,unallocated,True,False,,,,,,,3,41704022000,41704022000,41704022000,0,0,,,,,오피스복합,,,,,,,2026-07-31,,,1524000000000,392345492120,1918385012000,1918385012000,46,4,마곡 명소화 부지 개발사업,,
asset_fund_link,ast_bfb1c5d3da5c,마곡 명소화부지 개발사업,오피스복합,physical_asset,,,,KR,,"서울 강서구 마곡동 지원시설용지 DSP1, DSP2",,,,A112579001,verified,unknown,not_checked,,112581,이지스제420호전문투자형사모부동산투자회사(1종),420호(1종),청산,복합(오피스),국내,사업그룹3파트,사업그룹3파트,이창준,이창준,2023-08-11,2023-08-11,,,,,,,,펀드 AUM 관리_20260515.xlsx,inferred_underlying_asset,direct_owner,inferred_direct,,unallocated,True,False,,,,,,,3,41704022000,41704022000,41704022000,0,0,,,,,오피스복합,,,,,,,2026-07-31,,,1524000000000,392345492120,1918385012000,1918385012000,46,4,마곡 명소화 부지 개발사업,,
asset_fund_link,ast_6c274653ed0b,고양삼송데이터센터,데이터센터,physical_asset,,,,,,경기도 고양시 덕양구 오금동 690,37.665509018851424,126.92121790170717,4128111000106900000,A112608001,verified,unknown,pending,,112609,이지스일반사모부동산투자신탁제439호(1종),439호(1종),청산,데이터센터,국내,투자2그룹1파트,투자2그룹1파트,이승철,이승철,2021-10-28,2023-06-23,,,,,,,,펀드 AUM 관리_20260515.xlsx,inferred_underlying_asset,direct_owner,inferred_direct,,unallocated,True,False,,,,,,,5,1009500000000,801852415986,358500000000,651000000000,0,,78290.1,,,데이터센터,,,,,,,2026-06-04,,,4182500000000,2574999999990,4660500000000,3341000000000,13,5,고양삼송 데이터센터,,
asset_fund_link,ast_6c274653ed0b,고양삼송데이터센터,데이터센터,physical_asset,,,,,,경기도 고양시 덕양구 오금동 690,37.665509018851424,126.92121790170717,4128111000106900000,A112608001,verified,unknown,pending,,112610,이지스일반사모부동산투자신탁제439호(2종),439호(2종),청산,데이터센터,국내,투자2그룹1파트,투자2그룹1파트,이승철,이승철,2021-10-28,2023-06-23,,,,,,,,펀드 AUM 관리_20260515.xlsx,inferred_underlying_asset,direct_owner,inferred_direct,,unallocated,True,False,,,,,,,5,1009500000000,801852415986,358500000000,651000000000,0,,78290.1,,,데이터센터,,,,,,,2026-06-04,,,4182500000000,2574999999990,4660500000000,3341000000000,13,5,고양삼송 데이터센터,,
asset_fund_link,ast_2ab8e79a6c7d,효제동 오피스텔 사업부지,주거,physical_asset,,,,KR,,서울특별시 종로구 효제동 24-3 외 26필지,37.574479157984115,127.00168517366313,1111016200100240003,A112611001,verified,unknown,pending,,112612,이지스하우징플랫폼일반사모부동산투자신탁제1호(1종),하우징플랫폼1호(1종),운용,지분증권,국내,CM그룹,CM그룹,홍상우,홍상우,2021-11-24,2028-11-24,,0,0,0,0,0,운용,펀드 AUM 관리_20260515.xlsx,inferred_underlying_asset,direct_owner,inferred_direct,,unallocated,True,False,,,,,,,3,100000000000,59578550192,100000000000,0,0,,3247.5,,,주거,,,,,,,2025-10-31,,,0,0,0,0,0,0,하우징플랫폼 1호,,
asset_fund_link,ast_2ab8e79a6c7d,효제동 오피스텔 사업부지,주거,physical_asset,,,,KR,,서울특별시 종로구 효제동 24-3 외 26필지,37.574479157984115,127.00168517366313,1111016200100240003,A112611001,verified,unknown,pending,,112613,이지스하우징플랫폼일반사모부동산투자신탁제1호(2종),하우징플랫폼1호(2종),운용,지분증권,국내,CM그룹,CM그룹,홍상우,홍상우,2021-11-24,2028-11-24,,0,0,0,0,0,운용,펀드 AUM 관리_20260515.xlsx,inferred_underlying_asset,direct_owner,inferred_direct,,unallocated,True,False,,,,,,,3,100000000000,59578550192,100000000000,0,0,,3247.5,,,주거,,,,,,,2025-10-31,,,0,0,0,0,0,0,하우징플랫폼 1호,,
asset_fund_link,ast_8e254bfe7df1,런던원우드스트리트 Prime오피스,오피스,physical_asset,,,,,London,"One Wood Street, London, EC2",,,,A112010001,verified,unknown,not_checked,,112009,이지스KORIF사모부동산 투자신탁 11-1호,11-1호,청산,오피스,혼합,"229호TF, 글로벌자산관리1파트1, 글로벌자산관리1파트","229호TF, 글로벌자산관리1파트1, 글로벌자산관리1파트",신소현,신소현,2012-08-10,2018-07-31,,0,0,,,,청산,펀드 AUM 관리_20260515.xlsx,inferred_underlying_asset,direct_owner,inferred_direct,,unallocated,True,False,,,,,,,2,2276796638,2276796638,10000,2276786638,0,2751.7,,5.0,,오피스,,8,,,,,2007-01-01,,,0,0,0,0,0,0,,,
asset_fund_link,ast_5cb81c5d6700,Goldman Sachs West Street Infrastructure Partner IV,,physical_asset,,,,,,,,,,A112578001,verified,unknown,not_checked,,112620,이지스미국전문투자형사모부동산투자신탁 441호,441호,미설정,,,,,,,,,,,,,,,,펀드 AUM 관리_20260515.xlsx,inferred_underlying_asset,direct_owner,inferred_direct,,unallocated,True,False,,,,,,,3,148330000000,88805391757,148330000000,0,0,,,,,특별자산,,,,,,,,,,0,0,0,0,0,0,Goldman Sachs West Street Infrastructure Partner IV,,
asset_fund_link,ast_d21464a17e8c,Hines US Property Partners,오피스복합,physical_asset,,,,,,,,,,A112621001,verified,unknown,not_checked,,112623,이지스미국일반사모부동산투자신탁448-3호,448-3호,운용,복합(오피스),해외,글로벌자산관리2파트1,글로벌자산관리2파트1,이진희,이진희,2021-12-27,2031-12-27,,0,0,0,0,0,운용,펀드 AUM 관리_20260515.xlsx,inferred_underlying_asset,direct_owner,inferred_direct,,unallocated,True,False,,,,,,,9,261023717500,222494652484,261023717500,0,0,,,,,오피스복합,,,,,,,,,,0,0,390533717500,346374358973,0,17,Hines US Property Partners,,
asset_fund_link,ast_d21464a17e8c,Hines US Property Partners,오피스복합,physical_asset,,,,,,,,,,A112621001,verified,unknown,not_checked,,112624,이지스미국일반사모부동산투자신탁448-4호,448-4호,운용,복합(오피스),해외,글로벌자산관리2파트1,글로벌자산관리2파트1,이진희,이진희,2021-12-27,2031-12-27,,0,0,0,0,0,운용,펀드 AUM 관리_20260515.xlsx,inferred_underlying_asset,direct_owner,inferred_direct,,unallocated,True,False,,,,,,,9,261023717500,222494652484,261023717500,0,0,,,,,오피스복합,,,,,,,,,,0,0,390533717500,346374358973,0,17,Hines US Property Partners,,
asset_fund_link,ast_8485bd818e1d,국내 리츠,,physical_asset,,,,,,,,,,A112629001,verified,unknown,not_checked,,112631,이지스리츠플랫폼일반사모부동산투자신탁 Class A,리츠플랫폼(A),미설정,,국내,,,,,2022-04-25,2022-04-25,,,,,,,,펀드 AUM 관리_20260515.xlsx,inferred_underlying_asset,direct_owner,inferred_direct,,unallocated,True,False,,,,,,,7,7831773309,7831773309,7831773309,0,0,,,,,기타,,,,,,,,,,0,0,0,0,0,0,,,
asset_fund_link,ast_8485bd818e1d,국내 리츠,,physical_asset,,,,,,,,,,A112629001,verified,unknown,not_checked,,112632,이지스리츠플랫폼일반사모부동산투자신탁 Class C,리츠플랫폼(C),운용,지분증권,국내,대체증권투자파트,대체증권투자파트,신영찬,신영찬,2022-04-26,,,0,0,0,0,0,운용,펀드 AUM 관리_20260515.xlsx,inferred_underlying_asset,direct_owner,inferred_direct,,unallocated,True,False,,,,,,,7,7831773309,7831773309,7831773309,0,0,,,,,기타,,,,,,,,,,0,0,0,0,0,0,,,
asset_fund_link,ast_8485bd818e1d,국내 리츠,,physical_asset,,,,,,,,,,A112629001,verified,unknown,not_checked,,112633,이지스리츠플랫폼일반사모부동산투자신탁 Class C-f,리츠플랫폼(C-i),미설정,,국내,,,,,2022-04-25,2022-04-25,,,,,,,,펀드 AUM 관리_20260515.xlsx,inferred_underlying_asset,direct_owner,inferred_direct,,unallocated,True,False,,,,,,,7,7831773309,7831773309,7831773309,0,0,,,,,기타,,,,,,,,,,0,0,0,0,0,0,,,
asset_fund_link,ast_8485bd818e1d,국내 리츠,,physical_asset,,,,,,,,,,A112629001,verified,unknown,not_checked,,112634,이지스리츠플랫폼일반사모부동산투자신탁 Class C-g,리츠플랫폼(C-f),운용,지분증권,국내,대체증권투자파트,대체증권투자파트,신영찬,신영찬,2021-12-29,,,0,0,0,0,0,운용,펀드 AUM 관리_20260515.xlsx,inferred_underlying_asset,direct_owner,inferred_direct,,unallocated,True,False,,,,,,,7,7831773309,7831773309,7831773309,0,0,,,,,기타,,,,,,,,,,0,0,0,0,0,0,,,
asset_fund_link,ast_8485bd818e1d,국내 리츠,,physical_asset,,,,,,,,,,A112629001,verified,unknown,not_checked,,112635,이지스리츠플랫폼일반사모부동산투자신탁 Class C-i,리츠플랫폼(C-g),미설정,,국내,,,,,2022-04-25,2022-04-25,,,,,,,,펀드 AUM 관리_20260515.xlsx,inferred_underlying_asset,direct_owner,inferred_direct,,unallocated,True,False,,,,,,,7,7831773309,7831773309,7831773309,0,0,,,,,기타,,,,,,,,,,0,0,0,0,0,0,,,
asset_fund_link,ast_8485bd818e1d,국내 리츠,,physical_asset,,,,,,,,,,A112629001,verified,unknown,not_checked,,112636,이지스리츠플랫폼일반사모부동산투자신탁 Class C-w,리츠플랫폼(C-w),미설정,,국내,,,,,2021-12-29,2021-12-29,,,,,,,,펀드 AUM 관리_20260515.xlsx,inferred_underlying_asset,direct_owner,inferred_direct,,unallocated,True,False,,,,,,,7,7831773309,7831773309,7831773309,0,0,,,,,기타,,,,,,,,,,0,0,0,0,0,0,,,
asset_fund_link,ast_6d4a384539b2,Hines Poland Sustainable Income Fund,오피스복합,physical_asset,,,,,,,,,,A112051001,verified,unknown,not_checked,,112640,이지스제452호일반사모부동산투자회사,452호,청산,데이터센터,국내,투자1그룹4파트,투자1그룹4파트,이하영,이하영,2022-01-21,2022-06-20,,,,,,,,펀드 AUM 관리_20260515.xlsx,inferred_underlying_asset,direct_owner,inferred_direct,,unallocated,True,False,,,,,,,4,43285057100,15184928920,43285057100,0,0,,,,,오피스복합,,,,,,,,,,0,0,43285057100,15184928920,0,2,Hines Poland Sustainable Income Fund,,
asset_fund_link,ast_109318d66df6,화성 석포리 물류센터,물류센터,physical_asset,,,,KR,,경기도 화성시 장안면 석포리 147-12,37.1208726377762,126.835957149717,4159037022101470012,A112642001,auto_created,unknown,pending,,112643,이지스일반사모부동산투자신탁제451호(1종),451호(1종),운용,물류,국내,사업그룹4파트,사업그룹4파트,유미현,유미현,2024-03-13,2028-03-14,,,,,,,,펀드 AUM 관리_20260515.xlsx,inferred_underlying_asset,direct_owner,inferred_direct,,unallocated,True,False,,,,,,,5,237894893070,237894893070,61500000000,169500000000,6894893070,0.0,79103.0,0.0,0.0,물류,철골철근콘크리트합성구조,2,,,옥내 0 / 옥외 0,28.92,2023-10-31,building_cache.json,0.95,0,0,0,0,0,0,화성 석포리 물류,이지스 451호(화성 석포리 물류센터),
asset_fund_link,ast_109318d66df6,화성 석포리 물류센터,물류센터,physical_asset,,,,KR,,경기도 화성시 장안면 석포리 147-12,37.1208726377762,126.835957149717,4159037022101470012,A112642001,auto_created,unknown,pending,,112644,이지스일반사모부동산투자신탁제451호(2종),451호(2종),운용,물류,국내,사업그룹4파트,사업그룹4파트,유미현,유미현,2022-02-14,2028-03-14,,,,,,,,펀드 AUM 관리_20260515.xlsx,inferred_underlying_asset,direct_owner,inferred_direct,,unallocated,True,False,,,,,,,5,237894893070,237894893070,61500000000,169500000000,6894893070,0.0,79103.0,0.0,0.0,물류,철골철근콘크리트합성구조,2,,,옥내 0 / 옥외 0,28.92,2023-10-31,building_cache.json,0.95,0,0,0,0,0,0,화성 석포리 물류,이지스 451호(화성 석포리 물류센터),
asset_fund_link,ast_e3a8955cec50,이지스일반사모부동산투자신탁제468-2호(2종)의 수익증권,오피스복합,physical_asset,,,,,,,,,,A112682001,verified,unknown,not_checked,,112675,이지스일반사모부동산투자신탁제468-1호(Class A),468-1호(A),미설정,,,사업그룹1파트,사업그룹1파트,윤주형,윤주형,2022-06-24,,,,,,,,,펀드 AUM 관리_20260515.xlsx,inferred_underlying_asset,direct_owner,inferred_direct,,unallocated,True,False,,,,,,,3,56000000000,56000000000,56000000000,0,0,,,,,오피스,,,,,,,,,,0,0,56000000000,56000000000,0,6,,,
asset_fund_link,ast_e3a8955cec50,이지스일반사모부동산투자신탁제468-2호(2종)의 수익증권,오피스복합,physical_asset,,,,,,,,,,A112682001,verified,unknown,not_checked,,112676,이지스일반사모부동산투자신탁제468-1호(Class C-I),468-1호(C-I),미설정,,,사업그룹1파트,사업그룹1파트,윤주형,윤주형,2022-06-24,,,,,,,,,펀드 AUM 관리_20260515.xlsx,inferred_underlying_asset,direct_owner,inferred_direct,,unallocated,True,False,,,,,,,3,56000000000,56000000000,56000000000,0,0,,,,,오피스,,,,,,,,,,0,0,56000000000,56000000000,0,6,,,
asset_fund_link,ast_4d1430b5f175,공모주,,physical_asset,,,,,,,,,,A112709003,verified,unknown,not_checked,,112711,이지스 멀티인컴 일반사모투자신탁 제1호(Class A),멀티인컴1호(A),청산,기타,국내,헤지펀드운용파트,헤지펀드운용파트,이병윤,이병윤,2022-09-15,2022-09-15,,0,0,,,,청산,펀드 AUM 관리_20260515.xlsx,inferred_underlying_asset,direct_owner,inferred_direct,,unallocated,True,False,,,,,,,38,447319774794,447319774794,447319774794,0,0,,,,,기타,,,,,,,,,,0,0,0,0,0,0,,,
asset_fund_link,ast_4d1430b5f175,공모주,,physical_asset,,,,,,,,,,A112709003,verified,unknown,not_checked,,112712,이지스 멀티인컴 일반사모투자신탁 제1호(Class C),멀티인컴1호(C),청산,기타,국내,헤지펀드운용파트,헤지펀드운용파트,이병윤,이병윤,2022-09-15,2024-09-19,,300000000,300000000,300000000,0,0,청산,펀드 AUM 관리_20260515.xlsx,inferred_underlying_asset,direct_owner,inferred_direct,,unallocated,True,False,,,,,,,38,447319774794,447319774794,447319774794,0,0,,,,,기타,,,,,,,,,,0,0,0,0,0,0,,,
asset_fund_link,ast_4d1430b5f175,공모주,,physical_asset,,,,,,,,,,A112709003,verified,unknown,not_checked,,112713,이지스 멀티인컴 일반사모투자신탁 제1호(Class C-i),멀티인컴1호(C-i),청산,기타,국내,헤지펀드운용파트,헤지펀드운용파트,이병윤,이병윤,2022-09-15,2022-09-15,,0,0,,,,청산,펀드 AUM 관리_20260515.xlsx,inferred_underlying_asset,direct_owner,inferred_direct,,unallocated,True,False,,,,,,,38,447319774794,447319774794,447319774794,0,0,,,,,기타,,,,,,,,,,0,0,0,0,0,0,,,
asset_fund_link,ast_4d1430b5f175,공모주,,physical_asset,,,,,,,,,,A112709003,verified,unknown,not_checked,,112714,이지스 멀티인컴 일반사모투자신탁 제1호(Class C-g),멀티인컴1호(C-g),청산,기타,국내,헤지펀드운용파트,헤지펀드운용파트,이병윤,이병윤,2022-09-15,2024-09-19,,13000000000,13000000000,13000000000,0,0,청산,펀드 AUM 관리_20260515.xlsx,inferred_underlying_asset,direct_owner,inferred_direct,,unallocated,True,False,,,,,,,38,447319774794,447319774794,447319774794,0,0,,,,,기타,,,,,,,,,,0,0,0,0,0,0,,,
asset_fund_link,ast_0920c9043185,인천석남물류센터,물류센터,physical_asset,,,,KR,,인천광역시 서구 석남동 224-8,37.5080672604298,126.663419874331,2826011000102240008,A112751001,auto_created,unknown,found,2026-06-01T07:02:00.573453+00:00,112717,이지스장기지분형전문투자형사모부동산집합투자기구,장기지분형1호,운용,,국내,CM그룹,CM그룹,정은비,정은비,2022-12-20,2052-12-20,,,,,,,,펀드 AUM 관리_20260515.xlsx,inferred_underlying_asset,direct_owner,inferred_direct,,unallocated,True,False,,,,,,,9,1088058966310,862783966310,737120581000,342600000000,8338385310,54193.0,299308.0,5.09,359.96036,물류,프리케스트콘크리트구조,8,1,13,옥내 1093 / 옥외 30,79.87,2023-08-14,BldRgstHubService.getBrTitleInfo,0.95,0,0,500000000000,274725000000,0,7,인천 석남 물류센터 | 장기지분형 1호,,
asset_fund_link,ast_0920c9043185,인천석남물류센터,물류센터,physical_asset,,,,KR,,인천광역시 서구 석남동 224-8,37.5080672604298,126.663419874331,2826011000102240008,A112751001,auto_created,unknown,found,2026-06-01T07:02:00.573453+00:00,112721,이지스장기지분형일반사모부동산자투자신탁제1-1호(운용),장기지분형1-1호(운용),운용,물류,국내,로지스틱스매니지먼트,로지스틱스매니지먼트,오채은,오채은,2022-12-20,2052-12-20,,0,0,0,0,0,운용,펀드 AUM 관리_20260515.xlsx,inferred_underlying_asset,direct_owner,inferred_direct,,unallocated,True,False,,,,,,,9,1088058966310,862783966310,737120581000,342600000000,8338385310,54193.0,299308.0,5.09,359.96036,물류,프리케스트콘크리트구조,8,1,13,옥내 1093 / 옥외 30,79.87,2023-08-14,BldRgstHubService.getBrTitleInfo,0.95,0,0,500000000000,274725000000,0,7,인천 석남 물류센터 | 장기지분형 1호,,
asset_fund_link,ast_f230c76d6975,"AA- 이상 채권, 국내 상장 리츠, 공모주, 스팩",,physical_asset,,,,,,,,,,A112710001,verified,unknown,not_checked,,112722,이지스 라이징 K리츠 부동산투자신탁(리츠-재간접형),라이징K리츠,청산,지분증권,국내,대체증권투자파트,대체증권투자파트,신영찬,신영찬,2023-08-09,2025-05-29,,241571411,241571411,241571411,0,0,청산,펀드 AUM 관리_20260515.xlsx,inferred_underlying_asset,direct_owner,inferred_direct,,unallocated,True,False,,,,,,,5,36195427790,36195427790,36195427790,0,0,,,,,기타,,,,,,,,,,0,0,0,0,0,0,,,
asset_fund_link,ast_cb59978f02bf,국내 리츠,,physical_asset,,,,,,,,,,A112587001,verified,unknown,not_checked,,112723,이지스 라이징 K리츠 부동산투자신탁(리츠-재간접형)A class,라이징K리츠(A),청산,지분증권,국내,대체증권투자파트,대체증권투자파트,신영찬,신영찬,2023-08-18,2023-12-19,,0,0,0,0,0,청산,펀드 AUM 관리_20260515.xlsx,inferred_underlying_asset,direct_owner,inferred_direct,,unallocated,True,False,,,,,,,17,218126975278,218126975278,218126975278,0,0,,,,,기타,,,,,,,,,,0,0,0,0,0,0,,,
asset_fund_link,ast_cb59978f02bf,국내 리츠,,physical_asset,,,,,,,,,,A112587001,verified,unknown,not_checked,,112724,이지스 라이징 K리츠 부동산투자신탁(리츠-재간접형)A-e class,라이징K리츠(A-e),청산,지분증권,국내,대체증권투자파트,대체증권투자파트,신영찬,신영찬,2023-08-09,2025-05-29,,0,0,0,0,0,청산,펀드 AUM 관리_20260515.xlsx,inferred_underlying_asset,direct_owner,inferred_direct,,unallocated,True,False,,,,,,,17,218126975278,218126975278,218126975278,0,0,,,,,기타,,,,,,,,,,0,0,0,0,0,0,,,
asset_fund_link,ast_cb59978f02bf,국내 리츠,,physical_asset,,,,,,,,,,A112587001,verified,unknown,not_checked,,112725,이지스 라이징 K리츠 부동산투자신탁(리츠-재간접형)A-G class,라이징K리츠(A-G),청산,지분증권,국내,대체증권투자파트,대체증권투자파트,박준우,박준우,2023-07-28,2023-07-28,,0,0,,,,청산,펀드 AUM 관리_20260515.xlsx,inferred_underlying_asset,direct_owner,inferred_direct,,unallocated,True,False,,,,,,,17,218126975278,218126975278,218126975278,0,0,,,,,기타,,,,,,,,,,0,0,0,0,0,0,,,
asset_fund_link,ast_cb59978f02bf,국내 리츠,,physical_asset,,,,,,,,,,A112587001,verified,unknown,not_checked,,112726,이지스 라이징 K리츠 부동산투자신탁(리츠-재간접형)C class,라이징K리츠(C),청산,지분증권,국내,대체증권투자파트,대체증권투자파트,박준우,박준우,2023-07-28,2023-07-28,,0,0,,,,청산,펀드 AUM 관리_20260515.xlsx,inferred_underlying_asset,direct_owner,inferred_direct,,unallocated,True,False,,,,,,,17,218126975278,218126975278,218126975278,0,0,,,,,기타,,,,,,,,,,0,0,0,0,0,0,,,
asset_fund_link,ast_cb59978f02bf,국내 리츠,,physical_asset,,,,,,,,,,A112587001,verified,unknown,not_checked,,112727,이지스 라이징 K리츠 부동산투자신탁(리츠-재간접형)C-e class,라이징K리츠(C-e),청산,지분증권,국내,대체증권투자파트,대체증권투자파트,신영찬,신영찬,2023-08-11,2025-05-29,,0,0,0,0,0,청산,펀드 AUM 관리_20260515.xlsx,inferred_underlying_asset,direct_owner,inferred_direct,,unallocated,True,False,,,,,,,17,218126975278,218126975278,218126975278,0,0,,,,,기타,,,,,,,,,,0,0,0,0,0,0,,,
asset_fund_link,ast_cb59978f02bf,국내 리츠,,physical_asset,,,,,,,,,,A112587001,verified,unknown,not_checked,,112728,이지스 라이징 K리츠 부동산투자신탁(리츠-재간접형)C-G class,라이징K리츠(C-G),청산,지분증권,국내,대체증권투자파트,대체증권투자파트,박준우,박준우,2023-07-28,2023-07-28,,0,0,,,,청산,펀드 AUM 관리_20260515.xlsx,inferred_underlying_asset,direct_owner,inferred_direct,,unallocated,True,False,,,,,,,17,218126975278,218126975278,218126975278,0,0,,,,,기타,,,,,,,,,,0,0,0,0,0,0,,,
asset_fund_link,ast_cb59978f02bf,국내 리츠,,physical_asset,,,,,,,,,,A112587001,verified,unknown,not_checked,,112729,이지스 라이징 K리츠 부동산투자신탁(리츠-재간접형)C-F class,라이징K리츠(C-F),청산,지분증권,국내,대체증권투자파트,대체증권투자파트,신영찬,신영찬,2023-08-09,2025-05-29,,0,0,0,0,0,청산,펀드 AUM 관리_20260515.xlsx,inferred_underlying_asset,direct_owner,inferred_direct,,unallocated,True,False,,,,,,,17,218126975278,218126975278,218126975278,0,0,,,,,기타,,,,,,,,,,0,0,0,0,0,0,,,
asset_fund_link,ast_cb59978f02bf,국내 리츠,,physical_asset,,,,,,,,,,A112587001,verified,unknown,not_checked,,112730,이지스 라이징 K리츠 부동산투자신탁(리츠-재간접형)C-I class,라이징K리츠(C-I),청산,지분증권,국내,대체증권투자파트,대체증권투자파트,박준우,박준우,2023-07-28,2023-07-28,,0,0,,,,청산,펀드 AUM 관리_20260515.xlsx,inferred_underlying_asset,direct_owner,inferred_direct,,unallocated,True,False,,,,,,,17,218126975278,218126975278,218126975278,0,0,,,,,기타,,,,,,,,,,0,0,0,0,0,0,,,
asset_fund_link,ast_cb59978f02bf,국내 리츠,,physical_asset,,,,,,,,,,A112587001,verified,unknown,not_checked,,112731,이지스 라이징 K리츠 부동산투자신탁(리츠-재간접형)C-P class,라이징K리츠(C-P),청산,지분증권,국내,대체증권투자파트,대체증권투자파트,박준우,박준우,2023-07-28,2023-07-28,,0,0,,,,청산,펀드 AUM 관리_20260515.xlsx,inferred_underlying_asset,direct_owner,inferred_direct,,unallocated,True,False,,,,,,,17,218126975278,218126975278,218126975278,0,0,,,,,기타,,,,,,,,,,0,0,0,0,0,0,,,
asset_fund_link,ast_cb59978f02bf,국내 리츠,,physical_asset,,,,,,,,,,A112587001,verified,unknown,not_checked,,112732,이지스 라이징 K리츠 부동산투자신탁(리츠-재간접형)C-Pe class,라이징K리츠(C-Pe),청산,지분증권,국내,대체증권투자파트,대체증권투자파트,박준우,박준우,2023-12-08,2023-12-08,,0,0,,,,청산,펀드 AUM 관리_20260515.xlsx,inferred_underlying_asset,direct_owner,inferred_direct,,unallocated,True,False,,,,,,,17,218126975278,218126975278,218126975278,0,0,,,,,기타,,,,,,,,,,0,0,0,0,0,0,,,
asset_fund_link,ast_cb59978f02bf,국내 리츠,,physical_asset,,,,,,,,,,A112587001,verified,unknown,not_checked,,112733,이지스 라이징 K리츠 부동산투자신탁(리츠-재간접형)C-P2 class,라이징K리츠(C-P2),청산,지분증권,국내,대체증권투자파트,대체증권투자파트,박준우,박준우,2023-07-28,2023-07-28,,0,0,,,,청산,펀드 AUM 관리_20260515.xlsx,inferred_underlying_asset,direct_owner,inferred_direct,,unallocated,True,False,,,,,,,17,218126975278,218126975278,218126975278,0,0,,,,,기타,,,,,,,,,,0,0,0,0,0,0,,,
asset_fund_link,ast_cb59978f02bf,국내 리츠,,physical_asset,,,,,,,,,,A112587001,verified,unknown,not_checked,,112734,이지스 라이징 K리츠 부동산투자신탁(리츠-재간접형)C-P2e class,라이징K리츠(C-P2e),청산,지분증권,국내,대체증권투자파트,대체증권투자파트,박준우,박준우,2023-07-28,2023-07-28,,0,0,,,,청산,펀드 AUM 관리_20260515.xlsx,inferred_underlying_asset,direct_owner,inferred_direct,,unallocated,True,False,,,,,,,17,218126975278,218126975278,218126975278,0,0,,,,,기타,,,,,,,,,,0,0,0,0,0,0,,,
asset_fund_link,ast_cb59978f02bf,국내 리츠,,physical_asset,,,,,,,,,,A112587001,verified,unknown,not_checked,,112735,이지스 라이징 K리츠 부동산투자신탁(리츠-재간접형)C-W class,라이징K리츠(C-W),청산,지분증권,국내,대체증권투자파트,대체증권투자파트,박준우,박준우,2023-07-28,2023-07-28,,0,0,,,,청산,펀드 AUM 관리_20260515.xlsx,inferred_underlying_asset,direct_owner,inferred_direct,,unallocated,True,False,,,,,,,17,218126975278,218126975278,218126975278,0,0,,,,,기타,,,,,,,,,,0,0,0,0,0,0,,,
asset_fund_link,ast_cb59978f02bf,국내 리츠,,physical_asset,,,,,,,,,,A112587001,verified,unknown,not_checked,,112736,이지스 라이징 K리츠 부동산투자신탁(리츠-재간접형)S class,라이징K리츠(S),청산,지분증권,국내,대체증권투자파트,대체증권투자파트,박준우,박준우,2023-07-28,2023-07-28,,0,0,,,,청산,펀드 AUM 관리_20260515.xlsx,inferred_underlying_asset,direct_owner,inferred_direct,,unallocated,True,False,,,,,,,17,218126975278,218126975278,218126975278,0,0,,,,,기타,,,,,,,,,,0,0,0,0,0,0,,,
asset_fund_link,ast_cb59978f02bf,국내 리츠,,physical_asset,,,,,,,,,,A112587001,verified,unknown,not_checked,,112737,이지스 라이징 K리츠 부동산투자신탁(리츠-재간접형)S-P class,라이징K리츠(S-P),청산,지분증권,국내,대체증권투자파트,대체증권투자파트,박준우,박준우,2023-07-28,2023-07-28,,0,0,,,,청산,펀드 AUM 관리_20260515.xlsx,inferred_underlying_asset,direct_owner,inferred_direct,,unallocated,True,False,,,,,,,17,218126975278,218126975278,218126975278,0,0,,,,,기타,,,,,,,,,,0,0,0,0,0,0,,,
asset_fund_link,ast_cb59978f02bf,국내 리츠,,physical_asset,,,,,,,,,,A112587001,verified,unknown,not_checked,,112738,이지스 라이징 K리츠 부동산투자신탁(리츠-재간접형)S-P2 class,라이징K리츠(S-P2),청산,지분증권,국내,대체증권투자파트,대체증권투자파트,박준우,박준우,2023-07-28,2023-07-28,,0,0,,,,청산,펀드 AUM 관리_20260515.xlsx,inferred_underlying_asset,direct_owner,inferred_direct,,unallocated,True,False,,,,,,,17,218126975278,218126975278,218126975278,0,0,,,,,기타,,,,,,,,,,0,0,0,0,0,0,,,
asset_fund_link,ast_3a760d38807f,"AA- 이상 채권, 국내 상장 리츠, 공모주, 스팩",,physical_asset,,,,,,,,,,A112740001,verified,unknown,not_checked,,112741,이지스 멀티인컴 일반사모투자신탁 제2호 Class A,멀티인컴2호(A),청산,기타,국내,헤지펀드운용파트,헤지펀드운용파트,유윤재,유윤재,2022-12-09,2022-12-09,,0,0,,,,청산,펀드 AUM 관리_20260515.xlsx,inferred_underlying_asset,direct_owner,inferred_direct,,unallocated,True,False,,,,,,,4,41242376340,41242376340,41242376340,0,0,,,,,기타,,,,,,,,,,0,0,0,0,0,0,,,
asset_fund_link,ast_3a760d38807f,"AA- 이상 채권, 국내 상장 리츠, 공모주, 스팩",,physical_asset,,,,,,,,,,A112740001,verified,unknown,not_checked,,112742,이지스 멀티인컴 일반사모투자신탁 제2호 Class C,멀티인컴2호(C),청산,기타,국내,헤지펀드운용파트,헤지펀드운용파트,유윤재,유윤재,2022-12-09,2025-12-15,,300000000,300000000,300000000,0,0,청산,펀드 AUM 관리_20260515.xlsx,inferred_underlying_asset,direct_owner,inferred_direct,,unallocated,True,False,,,,,,,4,41242376340,41242376340,41242376340,0,0,,,,,기타,,,,,,,,,,0,0,0,0,0,0,,,
asset_fund_link,ast_3a760d38807f,"AA- 이상 채권, 국내 상장 리츠, 공모주, 스팩",,physical_asset,,,,,,,,,,A112740001,verified,unknown,not_checked,,112743,이지스 멀티인컴 일반사모투자신탁 제2호 Class C-I,멀티인컴2호(C-I),청산,기타,국내,헤지펀드운용파트,헤지펀드운용파트,유윤재,유윤재,2022-12-09,2025-12-15,,20500000000,20500000000,20500000000,0,0,청산,펀드 AUM 관리_20260515.xlsx,inferred_underlying_asset,direct_owner,inferred_direct,,unallocated,True,False,,,,,,,4,41242376340,41242376340,41242376340,0,0,,,,,기타,,,,,,,,,,0,0,0,0,0,0,,,
asset_fund_link,ast_512881449c97,안산 초지동 데이터센터,데이터센터,physical_asset,,,,,,경기도 안산시 초지동 624-3,37.30366558671015,126.80134009752774,4127310700106240003,A112748001,verified,unknown,pending,,112745,이지스일반사모부동산자투자신탁제501호(운용),501호,운용,데이터센터,국내,사업파트,사업파트,양진수,양진수,2022-12-16,2030-06-16,,0,0,0,0,0,운용,펀드 AUM 관리_20260515.xlsx,inferred_underlying_asset,direct_owner,inferred_direct,,unallocated,True,False,,,,,,,2,95450000000,126451083000,10350000000,85100000000,0,,,,,데이터센터,,,,,,,,,,0,0,205100000000,62100000000,0,3,안산 글로벌클라우드센터 개발,,
asset_fund_link,ast_0920c9043185,인천석남물류센터,물류센터,physical_asset,,,,KR,,인천광역시 서구 석남동 224-8,37.5080672604298,126.663419874331,2826011000102240008,A112751001,auto_created,unknown,found,2026-06-01T07:02:00.573453+00:00,112749,이지스장기지분형일반사모부동산자투자신탁제1-1호(1종),장기지분형1-1호(1종),운용,물류,국내,로지스틱스매니지먼트,로지스틱스매니지먼트,오채은,오채은,2022-12-20,2052-12-20,,,,,,,,펀드 AUM 관리_20260515.xlsx,inferred_underlying_asset,direct_owner,inferred_direct,,unallocated,True,False,,,,,,,9,1088058966310,862783966310,737120581000,342600000000,8338385310,54193.0,299308.0,5.09,359.96036,물류,프리케스트콘크리트구조,8,1,13,옥내 1093 / 옥외 30,79.87,2023-08-14,BldRgstHubService.getBrTitleInfo,0.95,0,0,500000000000,274725000000,0,7,인천 석남 물류센터 | 장기지분형 1호,,
asset_fund_link,ast_0920c9043185,인천석남물류센터,물류센터,physical_asset,,,,KR,,인천광역시 서구 석남동 224-8,37.5080672604298,126.663419874331,2826011000102240008,A112751001,auto_created,unknown,found,2026-06-01T07:02:00.573453+00:00,112750,이지스장기지분형일반사모부동산자투자신탁제1-1호(2종),장기지분형1-1호(2종),청산,물류,국내,로지스틱스매니지먼트,로지스틱스매니지먼트,오채은,오채은,2023-01-18,2024-04-01,,,,,,,,펀드 AUM 관리_20260515.xlsx,inferred_underlying_asset,direct_owner,inferred_direct,,unallocated,True,False,,,,,,,9,1088058966310,862783966310,737120581000,342600000000,8338385310,54193.0,299308.0,5.09,359.96036,물류,프리케스트콘크리트구조,8,1,13,옥내 1093 / 옥외 30,79.87,2023-08-14,BldRgstHubService.getBrTitleInfo,0.95,0,0,500000000000,274725000000,0,7,인천 석남 물류센터 | 장기지분형 1호,,
asset_fund_link,ast_4d1430b5f175,공모주,,physical_asset,,,,,,,,,,A112709003,verified,unknown,not_checked,,112763,이지스 멀티인컴 일반사모투자신탁 제3호,멀티인컴3호,청산,기타,국내,헤지펀드운용파트,헤지펀드운용파트,유윤재,유윤재,2023-03-06,2026-03-18,,20999510240,20999510240,20999510240,0,0,청산,펀드 AUM 관리_20260515.xlsx,inferred_underlying_asset,direct_owner,inferred_direct,,unallocated,True,False,,,,,,,38,447319774794,447319774794,447319774794,0,0,,,,,기타,,,,,,,,,,0,0,0,0,0,0,,,
asset_fund_link,ast_3201a934e6fd,수익/지분증권,,physical_asset,,,,,,,,,,A112774001,verified,unknown,not_checked,,112775,이지스일반사모부동산투자신탁제508호(1종),508호(1종),운용,지분증권,국내,사업파트,사업파트,김태영,김태영,2023-03-16,2028-03-16,,,,,,,,펀드 AUM 관리_20260515.xlsx,inferred_underlying_asset,direct_owner,inferred_direct,,unallocated,True,False,,,,,,,4,0,0,0,0,0,,,,,특별자산,,,,,,,,,,0,0,0,0,0,0,,,
asset_fund_link,ast_3201a934e6fd,수익/지분증권,,physical_asset,,,,,,,,,,A112774001,verified,unknown,not_checked,,112776,이지스일반사모부동산투자신탁제508호(2종),508호(2종),운용,지분증권,국내,사업파트,사업파트,김태영,김태영,2023-03-16,2028-03-16,,,,,,,,펀드 AUM 관리_20260515.xlsx,inferred_underlying_asset,direct_owner,inferred_direct,,unallocated,True,False,,,,,,,4,0,0,0,0,0,,,,,특별자산,,,,,,,,,,0,0,0,0,0,0,,,
asset_fund_link,ast_3201a934e6fd,수익/지분증권,,physical_asset,,,,,,,,,,A112774001,verified,unknown,not_checked,,112777,이지스일반사모부동산투자신탁제508호(3종),508호(3종),운용,지분증권,국내,사업파트,사업파트,김태영,김태영,2023-03-16,2028-03-16,,,,,,,,펀드 AUM 관리_20260515.xlsx,inferred_underlying_asset,direct_owner,inferred_direct,,unallocated,True,False,,,,,,,4,0,0,0,0,0,,,,,특별자산,,,,,,,,,,0,0,0,0,0,0,,,
asset_fund_link,ast_13b334c7bf6b,은평 시니어리빙 복합시설 개발,오피스복합,physical_asset,,,,KR,,서울특별시 은평구 진관동 160 번지 일원,37.62960668968559,126.93059220485284,1138011400101600000,A190001001,verified,unknown,pending,,120001,이지스일반사모부동산자투자신탁제517의1호,517-1호,운용,복합(주거),국내,투자1그룹4파트,투자1그룹4파트,유민종,유민종,2023-06-27,2043-06-27,,0,0,0,0,0,운용,펀드 AUM 관리_20260515.xlsx,inferred_underlying_asset,direct_owner,inferred_direct,,unallocated,True,False,,,,,,,2,58167400000,58167400000,58167400000,0,0,,,,,오피스복합,,,,,,,,,,0,0,128000000000,120005000000,0,6,은평 시니어리빙 2호,,
asset_fund_link,ast_c73013f20dc6,이지스 468-2호 수익증권,오피스복합,physical_asset,,,,,,,,,,A112679001,verified,unknown,not_checked,,120022,이지스랜드플랫폼일반사모부동산투자신탁,랜드플랫폼,운용,,국내,CM그룹,CM그룹,홍상우,홍상우,2022-06-24,2029-06-24,,,,,,,,펀드 AUM 관리_20260515.xlsx,inferred_underlying_asset,direct_owner,inferred_direct,,unallocated,True,False,,,,,,,2,21500000000,21500000000,21500000000,0,0,,,,,오피스,,,,,,,,,,0,0,0,0,0,0,랜드플랫폼 1호,,
asset_fund_link,ast_109318d66df6,화성 석포리 물류센터,물류센터,physical_asset,,,,KR,,경기도 화성시 장안면 석포리 147-12,37.1208726377762,126.835957149717,4159037022101470012,A112642001,auto_created,unknown,pending,,120027,이지스일반사모부동산투자신탁제451호(3종),451호(3종),운용,물류,국내,사업그룹4파트,사업그룹4파트,유미현,유미현,2024-03-13,2028-03-14,,,,,,,,펀드 AUM 관리_20260515.xlsx,inferred_underlying_asset,direct_owner,inferred_direct,,unallocated,True,False,,,,,,,5,237894893070,237894893070,61500000000,169500000000,6894893070,0.0,79103.0,0.0,0.0,물류,철골철근콘크리트합성구조,2,,,옥내 0 / 옥외 0,28.92,2023-10-31,building_cache.json,0.95,0,0,0,0,0,0,화성 석포리 물류,이지스 451호(화성 석포리 물류센터),
asset_fund_link,ast_0920c9043185,인천석남물류센터,물류센터,physical_asset,,,,KR,,인천광역시 서구 석남동 224-8,37.5080672604298,126.663419874331,2826011000102240008,A112751001,auto_created,unknown,found,2026-06-01T07:02:00.573453+00:00,120028,이지스인컴앤그로스제2의4의4호일반사모부동산자투자회사,인컴앤그로스2-4-4호,운용,물류,국내,로지스틱스매니지먼트,로지스틱스매니지먼트,오채은,오채은,2024-04-04,2034-03-18,,0,0,0,0,0,운용,펀드 AUM 관리_20260515.xlsx,inferred_underlying_asset,direct_owner,inferred_direct,,unallocated,True,False,,,,,,,9,1088058966310,862783966310,737120581000,342600000000,8338385310,54193.0,299308.0,5.09,359.96036,물류,프리케스트콘크리트구조,8,1,13,옥내 1093 / 옥외 30,79.87,2023-08-14,BldRgstHubService.getBrTitleInfo,0.95,0,0,500000000000,274725000000,0,7,인천 석남 물류센터 | 장기지분형 1호,,
asset_fund_link,ast_38527bcff111,성수동2가 268-2 업무시설 개발사업 브릿지대출,오피스,physical_asset,,,,KR,,,37.5400947390122,127.05910603422,,A120037001,verified,unknown,not_checked,,120040,이지스 성수PF재구조화 일반사모부동산투자신탁(1종),성수 PF재구조화(1종),청산,NPL,국내,스페셜시츄에이션그룹2파트,스페셜시츄에이션그룹2파트,구본혁,구본혁,2024-05-09,2024-08-02,,0,0,0,0,0,청산,펀드 AUM 관리_20260515.xlsx,inferred_underlying_asset,direct_owner,inferred_direct,,unallocated,True,False,,,,,,,3,61000000000,61000000000,61000000000,0,0,,,,,오피스,,,,,,,,,,0,0,0,0,0,0,,,
asset_fund_link,ast_38527bcff111,성수동2가 268-2 업무시설 개발사업 브릿지대출,오피스,physical_asset,,,,KR,,,37.5400947390122,127.05910603422,,A120037001,verified,unknown,not_checked,,120041,이지스 성수PF재구조화 일반사모부동산투자신탁(2종),성수 PF재구조화(2종),청산,NPL,국내,스페셜시츄에이션그룹2파트,스페셜시츄에이션그룹2파트,구본혁,구본혁,2024-05-09,2024-08-02,,0,0,0,0,0,청산,펀드 AUM 관리_20260515.xlsx,inferred_underlying_asset,direct_owner,inferred_direct,,unallocated,True,False,,,,,,,3,61000000000,61000000000,61000000000,0,0,,,,,오피스,,,,,,,,,,0,0,0,0,0,0,,,
asset_fund_link,ast_53985b2bb7f9,수서역세권 공공주택지구 B1-3BL 개발사업 브릿지대출,주거,physical_asset,,,,KR,,,37.4846656060457,127.106907614329,,A120050001,verified,unknown,not_checked,,120051,이지스수서PF재구조화일반사모부동산투자신탁(1종),수서PF(1종),청산,NPL,국내,"SS&C TF, 스페셜시츄에이션그룹1파트, 남사물류개발TF","SS&C TF, 스페셜시츄에이션그룹1파트, 남사물류개발TF",양우영,양우영,2024-08-13,2025-04-01,,0,0,0,0,0,청산,펀드 AUM 관리_20260515.xlsx,inferred_underlying_asset,direct_owner,inferred_direct,,unallocated,True,False,,,,,,,3,85500000000,85371584567,85500000000,0,0,,,,,주거,,,,,,,,,,0,0,0,0,0,0,수서 PF재구조화펀드,,
asset_fund_link,ast_53985b2bb7f9,수서역세권 공공주택지구 B1-3BL 개발사업 브릿지대출,주거,physical_asset,,,,KR,,,37.4846656060457,127.106907614329,,A120050001,verified,unknown,not_checked,,120052,이지스수서PF재구조화일반사모부동산투자신탁(2종),수서PF(2종),청산,NPL,국내,"SS&C TF, 스페셜시츄에이션그룹1파트, 남사물류개발TF","SS&C TF, 스페셜시츄에이션그룹1파트, 남사물류개발TF",양우영,양우영,2024-08-13,2025-04-01,,0,0,0,0,0,청산,펀드 AUM 관리_20260515.xlsx,inferred_underlying_asset,direct_owner,inferred_direct,,unallocated,True,False,,,,,,,3,85500000000,85371584567,85500000000,0,0,,,,,주거,,,,,,,,,,0,0,0,0,0,0,수서 PF재구조화펀드,,
asset_fund_link,ast_cd234848887e,위례Senior Living 개발사업,오피스복합,physical_asset,,,,KR,서울시,서울특별시 송파구 거여동 573-1,37.49096846138515,127.15534808977841,1171011300105730001,A120062,auto_created,unknown,pending,,120063,이지스일반사모부동산자투자신탁제562의1호,562의1호,운용,복합(주거),국내,투자1그룹4파트,투자1그룹4파트,김찬솔,김찬솔,2025-02-14,2045-02-14,,26000000000,26000000000,26000000000,0,0,운용,펀드 AUM 관리_20260515.xlsx,inferred_underlying_asset,direct_owner,inferred_direct,,unallocated,True,False,,,,,,,8,41500215000,41500215000,41500215000,0,0,10136.0,,,,오피스복합,,,,,,,,,,0,0,0,0,0,0,위례 시니어리빙 개발사업,,
asset_fund_link,ast_dd6e846e65f4,신라스테이제주,호텔,physical_asset,,,,KR,,제주특별자치도 제주시 연동 274-16,33.4856507636801,126.490902880826,5011013700102740016,A112034001,auto_created,unknown,found,2026-06-01T07:02:19.923204+00:00,120075,이지스일반사모부동산자투자신탁43-3호,43-3호,설정예정,호텔,국내,자산관리2파트4,자산관리2파트4,김유리,김유리,,,,,,,,,,펀드 AUM 관리_20260515.xlsx,inferred_underlying_asset,direct_owner,inferred_direct,,unallocated,True,False,,,,,,,5,90813758372,90813758372,27313758372,60000000000,3500000000,2631.5,19994.2,7.3,538.28,호텔,철근콘크리트구조,11,3,4,옥내 82 / 옥외 4,44.85,2014-12-23,BldRgstHubService.getBrTitleInfo,0.95,0,0,0,0,0,0,신라스테이 제주,,
asset_fund_link,ast_30efc1e2c218,이지스경산물류제1호일반사모부동산투자회사의 1종 종류주식,물류센터,physical_asset,,,,,,,35.8737058361886,128.841410657044,,A120076001,verified,unknown,not_checked,,120077,이지스경산물류제1호일반사모부동산투자회사,경산물류1호,미설정,물류,,사업그룹4파트,사업그룹4파트,강성호,강성호,2025-06-29,,,,,,,,,펀드 AUM 관리_20260515.xlsx,inferred_underlying_asset,direct_owner,inferred_direct,,unallocated,True,False,,,,,,,2,31200000000,31200000000,31200000000,0,0,,,,,물류,,,,,,,,,,0,0,31200000000,31200000000,0,2,경산 스페셜시츄에이션,,
asset_fund_link,ast_9c85ee271a7f,이지스경산로지스1호(보통주),물류센터,physical_asset,,,,,,,35.8737058361886,128.841410657044,,A120081001,verified,unknown,not_checked,,120082,이지스경산로지스일반사모부동산투자신탁제1-1호(1종),경산로지스1-1호(1종),운용,물류,국내,사업그룹4파트,사업그룹4파트,이준수,이준수,2025-06-26,2028-08-26,,0,0,0,0,0,운용,펀드 AUM 관리_20260515.xlsx,inferred_underlying_asset,direct_owner,inferred_direct,,unallocated,True,False,,,,,,,3,0,0,0,0,0,,,,,물류,,,,,,,,,,0,0,0,0,0,1,,,
asset_fund_link,ast_9c85ee271a7f,이지스경산로지스1호(보통주),물류센터,physical_asset,,,,,,,35.8737058361886,128.841410657044,,A120081001,verified,unknown,not_checked,,120083,이지스경산로지스일반사모부동산투자신탁제1-1호(2종),경산로지스1-1호(2종),청산,물류,국내,사업그룹4파트,사업그룹4파트,이준수,이준수,2025-06-26,2025-07-01,,0,0,0,0,0,청산,펀드 AUM 관리_20260515.xlsx,inferred_underlying_asset,direct_owner,inferred_direct,,unallocated,True,False,,,,,,,3,0,0,0,0,0,,,,,물류,,,,,,,,,,0,0,0,0,0,1,,,
asset_fund_link,ast_616c3d79da75,경산 쿠팡물류센터,물류센터,physical_asset,,,,KR,경상북도 경산시,경상북도 경산시 진량읍 문천리 903,35.8737058361886,128.841410657044,4729025330109030000,A120085001,auto_created,unknown,found,2026-06-01T07:02:18.010382+00:00,120086,이지스경산로지스제1호일반사모부동산투자회사(보통주),경산로지스1호(보통주식),운용,물류,국내,사업그룹4파트,사업그룹4파트,한원석,한원석,2025-06-26,2028-05-29,,0,0,0,0,0,운용,펀드 AUM 관리_20260515.xlsx,inferred_underlying_asset,direct_owner,inferred_direct,,unallocated,True,False,,,,,,,4,189228456200,189228456200,53500000000,130000000000,5728456200,17813.6,98673.6,69.88,298.23,물류센터,철근콘크리트구조,12,2,5,옥내 419 / 옥외 18,69.0,2024-08-23,BldRgstHubService.getBrTitleInfo,0.95,0,0,0,0,0,0,대구 경산 쿠팡센터,,
asset_fund_link,ast_616c3d79da75,경산 쿠팡물류센터,물류센터,physical_asset,,,,KR,경상북도 경산시,경상북도 경산시 진량읍 문천리 903,35.8737058361886,128.841410657044,4729025330109030000,A120085001,auto_created,unknown,found,2026-06-01T07:02:18.010382+00:00,120087,이지스경산로지스제1호일반사모부동산투자회사(1종),경산로지스1호(1종),운용,물류,국내,사업그룹4파트,사업그룹4파트,한원석,한원석,2025-06-30,2028-05-29,,0,0,0,0,0,운용,펀드 AUM 관리_20260515.xlsx,inferred_underlying_asset,direct_owner,inferred_direct,,unallocated,True,False,,,,,,,4,189228456200,189228456200,53500000000,130000000000,5728456200,17813.6,98673.6,69.88,298.23,물류센터,철근콘크리트구조,12,2,5,옥내 419 / 옥외 18,69.0,2024-08-23,BldRgstHubService.getBrTitleInfo,0.95,0,0,0,0,0,0,대구 경산 쿠팡센터,,
asset_fund_link,ast_616c3d79da75,경산 쿠팡물류센터,물류센터,physical_asset,,,,KR,경상북도 경산시,경상북도 경산시 진량읍 문천리 903,35.8737058361886,128.841410657044,4729025330109030000,A120085001,auto_created,unknown,found,2026-06-01T07:02:18.010382+00:00,120088,이지스경산로지스제1호일반사모부동산투자회사(2종),경산로지스1호(2종),청산,물류,국내,사업그룹4파트,사업그룹4파트,한원석,한원석,2025-06-26,2025-06-30,,0,0,,,,청산,펀드 AUM 관리_20260515.xlsx,inferred_underlying_asset,direct_owner,inferred_direct,,unallocated,True,False,,,,,,,4,189228456200,189228456200,53500000000,130000000000,5728456200,17813.6,98673.6,69.88,298.23,물류센터,철근콘크리트구조,12,2,5,옥내 419 / 옥외 18,69.0,2024-08-23,BldRgstHubService.getBrTitleInfo,0.95,0,0,0,0,0,0,대구 경산 쿠팡센터,,
asset_fund_link,ast_146d3e80165b,"신동해빌딩, NICE2사옥",주거,physical_asset,,,,KR,,"서울특별시 영등포구 여의도동 15-3, 15-28",37.52902329914359,126.91934137150355,1156011000100150003,A112514001,verified,unknown,pending,,120089,이지스제395호전문투자형사모부동산투자유한회사(1-1종),395호(1-1종),운용,주거,국내,사업그룹3파트,사업그룹3파트,임한솔,임한솔,2025-06-30,2034-02-27,,0,0,0,0,0,운용,펀드 AUM 관리_20260515.xlsx,inferred_underlying_asset,direct_owner,inferred_direct,,unallocated,True,False,,,,,,,5,305000000000,237000000000,66000000000,239000000000,0,,19927.65,,,주거,,,,,,,,,,956000000000,614000000000,594000000000,594000000000,9,4,서여의도 임대주택 개발사업,,
asset_fund_link,ast_146d3e80165b,"신동해빌딩, NICE2사옥",주거,physical_asset,,,,KR,,"서울특별시 영등포구 여의도동 15-3, 15-28",37.52902329914359,126.91934137150355,1156011000100150003,A112514001,verified,unknown,pending,,120090,이지스제395호전문투자형사모부동산투자유한회사(2-1종),395호(2-1종),운용,주거,국내,사업그룹3파트,사업그룹3파트,임한솔,임한솔,2025-06-30,2034-02-27,,0,0,0,0,0,운용,펀드 AUM 관리_20260515.xlsx,inferred_underlying_asset,direct_owner,inferred_direct,,unallocated,True,False,,,,,,,5,305000000000,237000000000,66000000000,239000000000,0,,19927.65,,,주거,,,,,,,,,,956000000000,614000000000,594000000000,594000000000,9,4,서여의도 임대주택 개발사업,,
asset_fund_link,ast_bd54043679c9,"재생에너지 플랫폼회사(""HoldCo"")에 대한 지분 및 주주대여금",,physical_asset,,,,,,,,,,A120091001,verified,unknown,not_checked,,120092,이지스RE100솔라일반사모투자신탁제1호(1종),RE100솔라1호(1종),운용,특별자산,국내,인프라전략2파트,인프라전략2파트,허승민,허승민,2025-07-11,2030-07-11,,0,0,0,0,0,운용,펀드 AUM 관리_20260515.xlsx,inferred_underlying_asset,direct_owner,inferred_direct,,unallocated,True,False,,,,,,,3,17202000000,4822165500,17202000000,0,0,,,,,특별자산,,,,,,,,,,0,0,17202000000,4822165500,0,5,,,
asset_fund_link,ast_bd54043679c9,"재생에너지 플랫폼회사(""HoldCo"")에 대한 지분 및 주주대여금",,physical_asset,,,,,,,,,,A120091001,verified,unknown,not_checked,,120093,이지스RE100솔라일반사모투자신탁제1호(2종),RE100솔라1호(2종),운용,특별자산,국내,인프라전략2파트,인프라전략2파트,허승민,허승민,2025-07-11,2030-07-11,,0,0,0,0,0,운용,펀드 AUM 관리_20260515.xlsx,inferred_underlying_asset,direct_owner,inferred_direct,,unallocated,True,False,,,,,,,3,17202000000,4822165500,17202000000,0,0,,,,,특별자산,,,,,,,,,,0,0,17202000000,4822165500,0,5,,,
asset_fund_link,ast_5804290d6389,용산라이프PFV 대여금,오피스,physical_asset,,,,KR,,서울특별시용산구청파로125 (한강로2가15-2),,,,A120099001,verified,unknown,not_checked,,120100,이지스용산PF재구조화일반사모부동산투자신탁제1호(1종),용산PF재구조화1호(1종),운용,오피스,국내,스페셜시츄에이션그룹1파트,스페셜시츄에이션그룹1파트,전서진,전서진,2025-08-29,2028-02-29,,140000000000,140000000000,140000000000,0,0,운용,펀드 AUM 관리_20260515.xlsx,inferred_underlying_asset,direct_owner,inferred_direct,,unallocated,True,False,,,,,,,3,380000000000,380000000000,380000000000,0,0,,,,,오피스,,,,,,,,,,0,0,330000000000,330000000000,0,5,용산PF재구조화 펀드,,
asset_fund_link,ast_5804290d6389,용산라이프PFV 대여금,오피스,physical_asset,,,,KR,,서울특별시용산구청파로125 (한강로2가15-2),,,,A120099001,verified,unknown,not_checked,,120101,이지스용산PF재구조화일반사모부동산투자신탁제1호(2종),용산PF재구조화1호(2종),운용,오피스,국내,스페셜시츄에이션그룹1파트,스페셜시츄에이션그룹1파트,전서진,전서진,2025-08-29,2028-02-29,,50000000000,50000000000,50000000000,0,0,운용,펀드 AUM 관리_20260515.xlsx,inferred_underlying_asset,direct_owner,inferred_direct,,unallocated,True,False,,,,,,,3,380000000000,380000000000,380000000000,0,0,,,,,오피스,,,,,,,,,,0,0,330000000000,330000000000,0,5,용산PF재구조화 펀드,,
asset_fund_link,ast_a60db5e30056,이지스 330호 (OPUS407/舊뉴욕제과빌딩),오피스복합,physical_asset,,,,,,,37.499001807,127.026591153,,A112379001,verified,unknown,not_checked,,120105,이지스일반사모부동산투자신탁제330호(F1종),제330호(F1종),운용,복합(리테일),국내,"전략펀드운용1실, 자산관리1파트1","전략펀드운용1실, 자산관리1파트1",이병관,이병관,2025-11-05,2026-11-27,,0,0,0,0,0,운용,펀드 AUM 관리_20260515.xlsx,inferred_underlying_asset,direct_owner,inferred_direct,,unallocated,True,False,,,,,,,2,0,0,0,0,0,,,,,오피스,,,,,,,,,,0,0,0,0,0,0,,,
asset_fund_link,ast_e0a9abed71bf,롯데수원역쇼핑타운토지,오피스복합,physical_asset,,,,,,경기도 수원시 권선구 서둔동 296-77 외 2필지,,,,A112037001,verified,unknown,not_checked,,120106,이지스일반사모부동산자투자신탁제130-4호,130-4호,청산,오피스,국내,자산관리1파트1,자산관리1파트1,김수현,김수현,2025-11-19,2026-04-15,,0,0,0,0,0,청산,펀드 AUM 관리_20260515.xlsx,inferred_underlying_asset,direct_owner,inferred_direct,,unallocated,True,False,,,,,,,3,283800000000,283800000000,133800000000,150000000000,0,,43444.0,5.14,,리테일,,,,,,,,,,450000000000,450000000000,133800000000,133800000000,1,3,롯데 수원역 쇼핑타운 토지,,
asset_fund_link,ast_e0a9abed71bf,롯데수원역쇼핑타운토지,오피스복합,physical_asset,,,,,,경기도 수원시 권선구 서둔동 296-77 외 2필지,,,,A112037001,verified,unknown,not_checked,,120107,이지스일반사모부동산자투자신탁제130-5호,130-5호,청산,오피스,국내,자산관리1파트1,자산관리1파트1,김수현,김수현,2025-11-19,2026-04-15,,0,0,0,0,0,청산,펀드 AUM 관리_20260515.xlsx,inferred_underlying_asset,direct_owner,inferred_direct,,unallocated,True,False,,,,,,,3,283800000000,283800000000,133800000000,150000000000,0,,43444.0,5.14,,리테일,,,,,,,,,,450000000000,450000000000,133800000000,133800000000,1,3,롯데 수원역 쇼핑타운 토지,,
asset_fund_link,ast_cd9937cc8678,와이디427피에프브이 주식회사,오피스복합,physical_asset,,,,,,,37.555468504,126.975599968,,A112614001,verified,unknown,not_checked,,120113,이지스일반사모부동산투자신탁421호(C-1종),421호(C-1종),운용,지분증권,국내,사업그룹2파트,사업그룹2파트,한수정,한수정,2026-01-19,2031-11-22,,0,0,0,0,0,운용,펀드 AUM 관리_20260515.xlsx,inferred_underlying_asset,direct_owner,inferred_direct,,unallocated,True,False,,,,,,,5,323000000000,323000000000,323000000000,0,0,,,,,오피스,,,,,,,,,,0,0,309000000000,309000000000,0,16,와이디427,,
asset_fund_link,ast_b9718f8cb5fe,아레나스영종,물류센터,physical_asset,,,,KR,,인천광역시 중구 운북동 1328-1,37.510660397356,126.497846754351,2811014800113280001,A112235001,auto_created,unknown,found,2026-06-01T07:01:58.359613+00:00,120114,스카이로지스사모부동산투자회사(보통주),스카이로지스(보통주),운용,물류,국내,사업그룹3파트,사업그룹3파트,최성현,최성현,2026-03-11,2028-08-23,,,,,,,,펀드 AUM 관리_20260515.xlsx,inferred_underlying_asset,direct_owner,inferred_direct,,unallocated,True,False,,,,,,,7,80089240000,80089240000,80089240000,0,0,62215.7,186038.0,69.38,299.11,물류,경량철골구조,1,0,12,옥내 0 / 옥외 0,8.15,2021-01-22,BldRgstHubService.getBrTitleInfo,0.95,0,0,0,0,0,0,아레나스 영종,,
asset_fund_link,ast_b9718f8cb5fe,아레나스영종,물류센터,physical_asset,,,,KR,,인천광역시 중구 운북동 1328-1,37.510660397356,126.497846754351,2811014800113280001,A112235001,auto_created,unknown,found,2026-06-01T07:01:58.359613+00:00,120115,스카이로지스사모부동산투자회사(1종),스카이로지스(1종),운용,물류,국내,사업그룹3파트,사업그룹3파트,최성현,최성현,2026-03-13,2028-08-23,,,,,,,,펀드 AUM 관리_20260515.xlsx,inferred_underlying_asset,direct_owner,inferred_direct,,unallocated,True,False,,,,,,,7,80089240000,80089240000,80089240000,0,0,62215.7,186038.0,69.38,299.11,물류,경량철골구조,1,0,12,옥내 0 / 옥외 0,8.15,2021-01-22,BldRgstHubService.getBrTitleInfo,0.95,0,0,0,0,0,0,아레나스 영종,,
asset_fund_link,ast_b9718f8cb5fe,아레나스영종,물류센터,physical_asset,,,,KR,,인천광역시 중구 운북동 1328-1,37.510660397356,126.497846754351,2811014800113280001,A112235001,auto_created,unknown,found,2026-06-01T07:01:58.359613+00:00,120116,스카이로지스사모부동산투자회사(2종),스카이로지스(2종),운용,물류,국내,사업그룹3파트,사업그룹3파트,최성현,최성현,2026-03-13,2028-08-23,,,,,,,,펀드 AUM 관리_20260515.xlsx,inferred_underlying_asset,direct_owner,inferred_direct,,unallocated,True,False,,,,,,,7,80089240000,80089240000,80089240000,0,0,62215.7,186038.0,69.38,299.11,물류,경량철골구조,1,0,12,옥내 0 / 옥외 0,8.15,2021-01-22,BldRgstHubService.getBrTitleInfo,0.95,0,0,0,0,0,0,아레나스 영종,,
asset_fund_link,ast_b9718f8cb5fe,아레나스영종,물류센터,physical_asset,,,,KR,,인천광역시 중구 운북동 1328-1,37.510660397356,126.497846754351,2811014800113280001,A112235001,auto_created,unknown,found,2026-06-01T07:01:58.359613+00:00,120117,스카이로지스사모부동산투자회사(3종),스카이로지스(3종),운용,물류,국내,사업그룹3파트,사업그룹3파트,최성현,최성현,2026-03-13,2028-08-23,,,,,,,,펀드 AUM 관리_20260515.xlsx,inferred_underlying_asset,direct_owner,inferred_direct,,unallocated,True,False,,,,,,,7,80089240000,80089240000,80089240000,0,0,62215.7,186038.0,69.38,299.11,물류,경량철골구조,1,0,12,옥내 0 / 옥외 0,8.15,2021-01-22,BldRgstHubService.getBrTitleInfo,0.95,0,0,0,0,0,0,아레나스 영종,,
asset_fund_link,ast_109318d66df6,화성 석포리 물류센터,물류센터,physical_asset,,,,KR,,경기도 화성시 장안면 석포리 147-12,37.1208726377762,126.835957149717,4159037022101470012,A112642001,auto_created,unknown,pending,,120118,이지스일반사모부동산투자신탁제451호(최우선),451호(최우선),운용,물류,국내,사업그룹4파트,사업그룹4파트,유미현,유미현,2026-03-13,2028-03-14,,0,0,0,0,0,운용,펀드 AUM 관리_20260515.xlsx,inferred_underlying_asset,direct_owner,inferred_direct,,unallocated,True,False,,,,,,,5,237894893070,237894893070,61500000000,169500000000,6894893070,0.0,79103.0,0.0,0.0,물류,철골철근콘크리트합성구조,2,,,옥내 0 / 옥외 0,28.92,2023-10-31,building_cache.json,0.95,0,0,0,0,0,0,화성 석포리 물류,이지스 451호(화성 석포리 물류센터),
asset_fund_link,ast_74fc8d406c81,신라스테이울산,호텔,physical_asset,,,,KR,,울산광역시 남구 달동 1247-1,35.5374851317199,129.329257608933,3114010500112470001,A112011001,auto_created,unknown,found,2026-06-01T07:02:01.296531+00:00,120119,이지스국내PF재구조화일반사모부동산모투자신탁제1-4호,국내PF재구조화1-4호(모),운용,물류,국내,스페셜시츄에이션그룹1파트,스페셜시츄에이션그룹1파트,전서진,전서진,2026-04-17,2031-09-17,,60000000000,3000000000,60000000000,0,0,운용,펀드 AUM 관리_20260515.xlsx,inferred_underlying_asset,direct_owner,inferred_direct,,unallocated,True,False,,,,,,,2,149500000000,68860675862,89000000000,60500000000,0,1304.5,18033.2,59.59,1071.12,호텔,철근콘크리트구조,20,4,4,옥내 65 / 옥외 0,75.0,2015-05-14,BldRgstHubService.getBrTitleInfo,0.95,0,0,0,0,0,0,신라스테이 울산,이지스 14호(신라스테이 울산),
asset_fund_link,ast_34e35d0dff33,분당야탑물류센터,물류센터,physical_asset,,,,,,경기도 성남시 분당구 야탑동 403,37.41488168828728,127.11873273895966,4113510700104030000,A19000201,auto_created,unknown,found,2026-06-01T06:59:22.899112+00:00,190003,이지스부동산일반사모투자회사제543호(제1종),543호(1종),미설정,,국내,,,,,2024-05-24,2024-05-24,,,,,,,,펀드 AUM 관리_20260515.xlsx,inferred_underlying_asset,direct_owner,inferred_direct,,unallocated,True,False,,,,,,,3,265904813630,265979505630,100000000000,162400000000,3504813630,14192.1,70405.93,69.98323,173.06825,물류,철골철근콘크리트구조,5,3,2,옥내 93 / 옥외 105,39.8,2023-10-23,BldRgstHubService.getBrTitleInfo,0.95,0,0,0,0,0,0,분당 야탑 물류,,
asset_fund_link,ast_34e35d0dff33,분당야탑물류센터,물류센터,physical_asset,,,,,,경기도 성남시 분당구 야탑동 403,37.41488168828728,127.11873273895966,4113510700104030000,A19000201,auto_created,unknown,found,2026-06-01T06:59:22.899112+00:00,190004,이지스부동산일반사모투자회사제543호(보통주식),543호(보통주),운용,물류,국내,스페셜시츄에이션그룹1파트,스페셜시츄에이션그룹1파트,류지훈,류지훈,2024-05-24,2027-08-25,,0,0,0,0,0,운용,펀드 AUM 관리_20260515.xlsx,inferred_underlying_asset,direct_owner,inferred_direct,,unallocated,True,False,,,,,,,3,265904813630,265979505630,100000000000,162400000000,3504813630,14192.1,70405.93,69.98323,173.06825,물류,철골철근콘크리트구조,5,3,2,옥내 93 / 옥외 105,39.8,2023-10-23,BldRgstHubService.getBrTitleInfo,0.95,0,0,0,0,0,0,분당 야탑 물류,,
asset_fund_link,ast_73e5216b97f6,이천 마장면 물류센터,물류센터,physical_asset,,,,,,경기도 이천시 마장면 회억리 104,,,,A112573001,verified,unknown,not_checked,,190010,이지스일반사모부동산투자회사제426의1호,426-1호,운용,물류,국내,사업그룹4파트,사업그룹4파트,이준수,이준수,2025-01-22,2028-01-22,,0,0,0,0,0,운용,펀드 AUM 관리_20260515.xlsx,inferred_underlying_asset,direct_owner,inferred_direct,,unallocated,True,False,,,,,,,4,95489000000,95495739782,44500000000,46500000000,4489000000,,44730.0,,,물류센터,,,,,,,,,,232500000000,232500000000,44500000000,44500000000,1,5,이천 마장면 회억리 물류센터,이지스 426호(이천 마장면 회억리 물류센터),
asset_fund_link,ast_0555a6694264,이지스제572호부동산일반사모투자회사(1종),데이터센터,physical_asset,,,,,,,,,,A120084001,verified,unknown,not_checked,,190015,이지스제572호부동산일반사모투자회사(보통주),572호(보통주),운용,데이터센터,국내,투자2그룹1파트,투자2그룹1파트,윤현식,윤현식,2025-06-24,2035-06-13,,0,0,0,0,0,운용,펀드 AUM 관리_20260515.xlsx,inferred_underlying_asset,direct_owner,inferred_direct,,unallocated,True,False,,,,,,,3,0,0,0,0,0,,,,,데이터센터,,,,,,,,,,0,0,0,0,0,3,산업단지환경개선펀드 2호,,
asset_fund_link,ast_0555a6694264,이지스제572호부동산일반사모투자회사(1종),데이터센터,physical_asset,,,,,,,,,,A120084001,verified,unknown,not_checked,,190016,이지스제572호부동산일반사모투자회사(1종),572호(1종),운용,데이터센터,국내,투자2그룹1파트,투자2그룹1파트,윤현식,윤현식,2025-07-23,2035-06-13,,0,0,0,0,0,운용,펀드 AUM 관리_20260515.xlsx,inferred_underlying_asset,direct_owner,inferred_direct,,unallocated,True,False,,,,,,,3,0,0,0,0,0,,,,,데이터센터,,,,,,,,,,0,0,0,0,0,3,산업단지환경개선펀드 2호,,
asset_fund_link,ast_d139acda1f42,하남시풍산동9MW 데이터센터,데이터센터,physical_asset,,,,,경기도,경기도하남시풍산동590-4번지,,,,A190017001,verified,unknown,not_checked,,190018,이지스제574호부동산일반사모투자회사(보통주),574호(보통주),운용,데이터센터,국내,사업파트,사업파트,양진수,양진수,2025-09-16,2032-06-30,,0,0,0,0,0,운용,펀드 AUM 관리_20260515.xlsx,inferred_underlying_asset,direct_owner,inferred_direct,,unallocated,True,False,,,,,,,3,39300000000,39300000000,8000000000,31300000000,0,2563.6,,,,데이터센터,,,,,,,,,,187800000000,187800000000,16000000000,16000000000,2,6,하남2IDC 개발사업,,
asset_fund_link,ast_d139acda1f42,하남시풍산동9MW 데이터센터,데이터센터,physical_asset,,,,,경기도,경기도하남시풍산동590-4번지,,,,A190017001,verified,unknown,not_checked,,190019,이지스제574호부동산일반사모투자회사(1종),574호(1종),운용,데이터센터,국내,사업파트,사업파트,양진수,양진수,2026-01-15,2032-06-30,,0,0,0,0,0,운용,펀드 AUM 관리_20260515.xlsx,inferred_underlying_asset,direct_owner,inferred_direct,,unallocated,True,False,,,,,,,3,39300000000,39300000000,8000000000,31300000000,0,2563.6,,,,데이터센터,,,,,,,,,,187800000000,187800000000,16000000000,16000000000,2,6,하남2IDC 개발사업,,
asset_fund_link,ast_1f446ce9025d,홈플러스죽도점 (투자),리테일,physical_asset,,,,KR,,경상북도 포항시 북구 죽도동 50-1,36.0308993275045,129.365099982428,4711311600100500001,A112018003,auto_created,unknown,found,2026-06-01T07:02:19.332403+00:00,200003,이지스유럽포트폴리오일반사모부동산투자신탁제519호(대출),519호,설정예정,,,,,,,,,,,,,,,,펀드 AUM 관리_20260515.xlsx,inferred_underlying_asset,direct_owner,inferred_direct,,unallocated,True,False,,,,,,,5,236500000000,160500000000,107500000000,118000000000,11000000000,5089.0,20254.0,79.19,398.0,리테일,일반철골구조,6,0,,옥내 205 / 옥외 82,25.7,2001-01-02,BldRgstHubService.getBrTitleInfo,0.95,708000000000,252000000000,322500000000,322500000000,3,6,홈플러스 3개소 | 홈플러스 전주효자,이지스 19호 홈플러스 삼천포/포항죽도/진주점,
asset_fund_link,ast_edd6f6c3e3e5,더피나클강남 (투자),오피스,physical_asset,,,,KR,,서울특별시 강남구 논현동 119,37.5174929279988,127.040655964645,1168010800101190000,A112005001,auto_created,unknown,found,2026-06-01T07:01:57.523468+00:00,200036,이지스글로벌일반사모부동산투자신탁576호,576호,운용,역외재간접,해외,글로벌자산관리2파트1,글로벌자산관리2파트1,이진희,이진희,2025-11-24,2035-05-24,,148330000000,116429788610,148330000000,0,0,운용,펀드 AUM 관리_20260515.xlsx,inferred_underlying_asset,direct_owner,inferred_direct,,unallocated,True,False,,,,,,,5,679729985341,589558360451,392962000000,269000000000,17767985341,2986.9,44410.5,6.1,999.89,오피스,철골철근콘크리트구조,20,6,14,옥내 181 / 옥외 0,85.7,2011-09-30,BldRgstHubService.getBrTitleInfo,0.95,0,0,0,0,0,0,더피나클강남,,
asset_fund_link,ast_edd6f6c3e3e5,더피나클강남 (투자),오피스,physical_asset,,,,KR,,서울특별시 강남구 논현동 119,37.5174929279988,127.040655964645,1168010800101190000,A112005001,auto_created,unknown,found,2026-06-01T07:01:57.523468+00:00,200037,이지스글로벌인프라일반사모투자신탁제6호,글로벌인프라6호,운용,대출채권,해외,기업&인프라파트,기업&인프라파트,민건호,민건호,2025-11-27,2031-11-27,,59332000000,58360586500,59332000000,0,0,운용,펀드 AUM 관리_20260515.xlsx,inferred_underlying_asset,direct_owner,inferred_direct,,unallocated,True,False,,,,,,,5,679729985341,589558360451,392962000000,269000000000,17767985341,2986.9,44410.5,6.1,999.89,오피스,철골철근콘크리트구조,20,6,14,옥내 181 / 옥외 0,85.7,2011-09-30,BldRgstHubService.getBrTitleInfo,0.95,0,0,0,0,0,0,더피나클강남,,
asset_fund_link,ast_c77b0263f7c6,PFV_Westwood 지분증권,물류센터,physical_asset,,,,,,,,,,A112066001,verified,unknown,not_checked,,200038,이지스DWS유럽인프라일반사모투자신탁제577호,577호,운용,역외재간접,해외,글로벌자산관리1파트2,글로벌자산관리1파트2,신윤아,신윤아,2026-01-20,2040-01-20,,86535500000,11450000000,86535500000,0,0,운용,펀드 AUM 관리_20260515.xlsx,inferred_underlying_asset,direct_owner,inferred_direct,,unallocated,True,False,,,,,,,2,86535500000,11450000000,86535500000,0,0,,,,,물류,,,,,,,,,,0,0,0,0,0,0,,,
asset_fund_link,ast_3575c5ffffe0,Dallas KPMG Plaza Senior Loan,오피스,physical_asset,,,,,Dallas,"2323 Ross Avenue, Dallas, Texas 75201",,,,A112073001,verified,unknown,not_checked,,200039,이지스InfraVia유럽인프라일반사모투자신탁제578호,578호,운용,역외재간접,해외,"글로벌자산관리1파트2, SS&C TF","글로벌자산관리1파트2, SS&C TF",윤주성,윤주성,2026-01-08,2037-01-08,,86535500000,9207000000,86535500000,0,0,운용,펀드 AUM 관리_20260515.xlsx,inferred_underlying_asset,direct_owner,inferred_direct,,unallocated,True,False,,,,,,,2,162998381677,85669881677,162998381677,0,0,6609.68,,4.92,,오피스,,18,,,2109,,2015-10-01,,,0,0,0,0,0,0,,,
asset_fund_link,ast_b1f5f079a694,Miami Courvoisier Center Senior Loan,오피스,physical_asset,,,,,마이애미,"501 Brickell Key Drive, Miami, Florida 33131",,,,A112065001,verified,unknown,not_checked,,200044,이지스미국일반사모부동산투자신탁575호,575호,운용,대출채권,해외,글로벌투자그룹2파트,글로벌투자그룹2파트,주현도,주현도,2026-03-27,2029-03-27,,133497000000,134910000000,133497000000,0,0,운용,펀드 AUM 관리_20260515.xlsx,inferred_underlying_asset,direct_owner,inferred_direct,,unallocated,True,False,,,,,,,2,135505930724,136918930724,135505930724,0,0,,,4.2,,오피스,,7,,,996,,1986-01-01,,,0,0,0,0,0,0,Miami Courvoisier Center Senior Loan,,
asset_fund_link,ast_4d1430b5f175,공모주,,physical_asset,,,,,,,,,,A112709003,verified,unknown,not_checked,,300006,이지스 하이일드 공모주 일반사모투자신탁 제1호,하이일드공모주1호,청산,기타,국내,헤지펀드운용파트,헤지펀드운용파트,이병윤,이병윤,2023-08-25,2025-03-25,,10991330327,10991330327,10991330327,0,0,청산,펀드 AUM 관리_20260515.xlsx,inferred_underlying_asset,direct_owner,inferred_direct,,unallocated,True,False,,,,,,,38,447319774794,447319774794,447319774794,0,0,,,,,기타,,,,,,,,,,0,0,0,0,0,0,,,
asset_fund_link,ast_4d1430b5f175,공모주,,physical_asset,,,,,,,,,,A112709003,verified,unknown,not_checked,,300007,이지스 하이일드 공모주 일반사모투자신탁 제1호(Class A),하이일드공모주1호(A),미설정,기타,국내,헤지펀드운용파트,헤지펀드운용파트,이병윤,이병윤,2023-08-24,2023-08-24,,,,,,,,펀드 AUM 관리_20260515.xlsx,inferred_underlying_asset,direct_owner,inferred_direct,,unallocated,True,False,,,,,,,38,447319774794,447319774794,447319774794,0,0,,,,,기타,,,,,,,,,,0,0,0,0,0,0,,,
asset_fund_link,ast_4d1430b5f175,공모주,,physical_asset,,,,,,,,,,A112709003,verified,unknown,not_checked,,300008,이지스 하이일드 공모주 일반사모투자신탁 제1호(Class C),하이일드공모주1호(C),미설정,기타,국내,헤지펀드운용파트,헤지펀드운용파트,이병윤,이병윤,2023-08-24,2023-08-24,,,,,,,,펀드 AUM 관리_20260515.xlsx,inferred_underlying_asset,direct_owner,inferred_direct,,unallocated,True,False,,,,,,,38,447319774794,447319774794,447319774794,0,0,,,,,기타,,,,,,,,,,0,0,0,0,0,0,,,
asset_fund_link,ast_4d1430b5f175,공모주,,physical_asset,,,,,,,,,,A112709003,verified,unknown,not_checked,,300009,이지스 하이일드 공모주 일반사모투자신탁 제1호(Class C-i),하이일드공모주1호(C-i),청산,기타,국내,헤지펀드운용파트,헤지펀드운용파트,이병윤,이병윤,2023-08-25,2025-03-25,,10996224123,10996224123,10996224123,0,0,청산,펀드 AUM 관리_20260515.xlsx,inferred_underlying_asset,direct_owner,inferred_direct,,unallocated,True,False,,,,,,,38,447319774794,447319774794,447319774794,0,0,,,,,기타,,,,,,,,,,0,0,0,0,0,0,,,
asset_fund_link,ast_fbe13b6b1e0a,글로벌 리츠,,physical_asset,,,,,,,,,,A112260001,verified,unknown,not_checked,,300010,이지스다이나믹글로벌리츠일반사모투자신탁2호,다이나믹글로벌2호,청산,기타,해외,대체증권투자파트,대체증권투자파트,신영찬,신영찬,2021-06-25,2026-03-24,,10000000000,10000000000,10000000000,0,0,청산,펀드 AUM 관리_20260515.xlsx,inferred_underlying_asset,direct_owner,inferred_direct,,unallocated,True,False,,,,,,,7,164155106596,150479933309,164155106596,0,0,,,,,기타,,,,,,,,,,0,0,0,0,0,0,POBA 글로벌리츠위탁운용펀드,,
asset_fund_link,ast_f230c76d6975,"AA- 이상 채권, 국내 상장 리츠, 공모주, 스팩",,physical_asset,,,,,,,,,,A112710001,verified,unknown,not_checked,,300011,이지스K-리츠올인원일반사모투자신탁,올인원K리츠,청산,기타,혼합,대체증권투자파트,대체증권투자파트,신영찬,신영찬,2021-03-26,2026-04-28,,13680150440,13680150440,13680150440,0,0,청산,펀드 AUM 관리_20260515.xlsx,inferred_underlying_asset,direct_owner,inferred_direct,,unallocated,True,False,,,,,,,5,36195427790,36195427790,36195427790,0,0,,,,,기타,,,,,,,,,,0,0,0,0,0,0,,,
asset_fund_link,ast_4d1430b5f175,공모주,,physical_asset,,,,,,,,,,A112709003,verified,unknown,not_checked,,300012,이지스 멀티인컴 일반사모투자신탁 제4호,멀티인컴4호,청산,기타,국내,헤지펀드운용파트,헤지펀드운용파트,유윤재,유윤재,2023-08-31,2024-02-01,,6064353843,6064353843,6064353843,0,0,청산,펀드 AUM 관리_20260515.xlsx,inferred_underlying_asset,direct_owner,inferred_direct,,unallocated,True,False,,,,,,,38,447319774794,447319774794,447319774794,0,0,,,,,기타,,,,,,,,,,0,0,0,0,0,0,,,
asset_fund_link,ast_99b63c12cc89,국내 리츠,,physical_asset,,,,,,,,,,A112495001,verified,unknown,not_checked,,300015,이지스K리츠포커스일반사모부동산투자신탁,K리츠포커스,운용,지분증권,국내,대체증권투자파트,대체증권투자파트,신영찬,신영찬,2023-09-08,2036-09-08,,122215565705,122215565705,122215565705,0,0,운용,펀드 AUM 관리_20260515.xlsx,inferred_underlying_asset,direct_owner,inferred_direct,,unallocated,True,False,,,,,,,3,296215565705,275591075176,296215565705,0,0,,,,,기타,,,,,,,,,,0,0,0,0,0,0,,,
asset_fund_link,ast_f230c76d6975,"AA- 이상 채권, 국내 상장 리츠, 공모주, 스팩",,physical_asset,,,,,,,,,,A112710001,verified,unknown,not_checked,,300016,이지스 멀티인컴 일반사모투자신탁 제5호,멀티인컴5호,운용,기타,국내,헤지펀드운용파트,헤지펀드운용파트,유윤재,유윤재,2024-02-02,2027-02-28,,4827586216,4827586216,4827586216,0,0,운용,펀드 AUM 관리_20260515.xlsx,inferred_underlying_asset,direct_owner,inferred_direct,,unallocated,True,False,,,,,,,5,36195427790,36195427790,36195427790,0,0,,,,,기타,,,,,,,,,,0,0,0,0,0,0,,,
asset_fund_link,ast_62dfd826ce2e,"공모주, 스팩",,physical_asset,,,,,,,,,,A112744001,verified,unknown,not_checked,,300017,이지스 공모주 일반사모투자신탁제2호,공모주2호,운용,기타,국내,헤지펀드운용파트,헤지펀드운용파트,이병윤,이병윤,2024-02-06,,,14012764578,14012764578,14012764578,0,0,운용,펀드 AUM 관리_20260515.xlsx,inferred_underlying_asset,direct_owner,inferred_direct,,unallocated,True,False,,,,,,,2,22970321821,22970321821,22970321821,0,0,,,,,기타,,,,,,,,,,0,0,0,0,0,0,,,
asset_fund_link,ast_4d1430b5f175,공모주,,physical_asset,,,,,,,,,,A112709003,verified,unknown,not_checked,,300018,이지스멀티드래곤일반사모투자신탁제1호,멀티드래곤1호,운용,기타,국내,헤지펀드운용파트,헤지펀드운용파트,김유진A,김유진A,2024-02-05,2028-02-05,,10200000000,10200000000,10200000000,0,0,운용,펀드 AUM 관리_20260515.xlsx,inferred_underlying_asset,direct_owner,inferred_direct,,unallocated,True,False,,,,,,,38,447319774794,447319774794,447319774794,0,0,,,,,기타,,,,,,,,,,0,0,0,0,0,0,,,
asset_fund_link,ast_4d1430b5f175,공모주,,physical_asset,,,,,,,,,,A112709003,verified,unknown,not_checked,,300019,이지스 인컴플러스 일반사모투자신탁 제2호,인컴플러스2호,운용,기타,국내,헤지펀드운용파트,헤지펀드운용파트,유윤재,유윤재,2024-02-06,2027-03-08,,15500000000,15500000000,15500000000,0,0,운용,펀드 AUM 관리_20260515.xlsx,inferred_underlying_asset,direct_owner,inferred_direct,,unallocated,True,False,,,,,,,38,447319774794,447319774794,447319774794,0,0,,,,,기타,,,,,,,,,,0,0,0,0,0,0,,,
asset_fund_link,ast_4d1430b5f175,공모주,,physical_asset,,,,,,,,,,A112709003,verified,unknown,not_checked,,300020,이지스 인컴플러스 일반사모투자신탁 제3호,인컴플러스3호,청산,기타,국내,헤지펀드운용파트,헤지펀드운용파트,이병윤,이병윤,2024-03-14,2024-07-30,,55000000000,55000000000,55000000000,0,0,청산,펀드 AUM 관리_20260515.xlsx,inferred_underlying_asset,direct_owner,inferred_direct,,unallocated,True,False,,,,,,,38,447319774794,447319774794,447319774794,0,0,,,,,기타,,,,,,,,,,0,0,0,0,0,0,,,
asset_fund_link,ast_4d1430b5f175,공모주,,physical_asset,,,,,,,,,,A112709003,verified,unknown,not_checked,,300028,이지스K본드알파일반사모투자신탁제2호,K본드알파2호,청산,기타,국내,헤지펀드운용파트,헤지펀드운용파트,라진성,라진성,2024-05-24,2025-06-02,,1958823193,1958823193,1958823193,0,0,청산,펀드 AUM 관리_20260515.xlsx,inferred_underlying_asset,direct_owner,inferred_direct,,unallocated,True,False,,,,,,,38,447319774794,447319774794,447319774794,0,0,,,,,기타,,,,,,,,,,0,0,0,0,0,0,,,
asset_fund_link,ast_4d1430b5f175,공모주,,physical_asset,,,,,,,,,,A112709003,verified,unknown,not_checked,,300032,이지스하이일드공모주일반사모투자신탁제2호,하이일드2호,청산,기타,국내,헤지펀드운용파트,헤지펀드운용파트,이병윤,이병윤,2024-08-19,2026-03-19,,10682314673,10682314673,10682314673,0,0,청산,펀드 AUM 관리_20260515.xlsx,inferred_underlying_asset,direct_owner,inferred_direct,,unallocated,True,False,,,,,,,38,447319774794,447319774794,447319774794,0,0,,,,,기타,,,,,,,,,,0,0,0,0,0,0,,,
asset_fund_link,ast_4d1430b5f175,공모주,,physical_asset,,,,,,,,,,A112709003,verified,unknown,not_checked,,300033,이지스하이일드공모주일반사모투자신탁제2호(Class A),하이일드2호(A),청산,기타,국내,헤지펀드운용파트,헤지펀드운용파트,이병윤,이병윤,2024-08-19,2026-03-19,,0,0,0,0,0,청산,펀드 AUM 관리_20260515.xlsx,inferred_underlying_asset,direct_owner,inferred_direct,,unallocated,True,False,,,,,,,38,447319774794,447319774794,447319774794,0,0,,,,,기타,,,,,,,,,,0,0,0,0,0,0,,,
asset_fund_link,ast_4d1430b5f175,공모주,,physical_asset,,,,,,,,,,A112709003,verified,unknown,not_checked,,300034,이지스하이일드공모주일반사모투자신탁제2호(Class C1),하이일드2호(C1),미설정,기타,국내,헤지펀드운용파트,헤지펀드운용파트,이병윤,이병윤,2024-08-19,2024-08-19,,,,,,,,펀드 AUM 관리_20260515.xlsx,inferred_underlying_asset,direct_owner,inferred_direct,,unallocated,True,False,,,,,,,38,447319774794,447319774794,447319774794,0,0,,,,,기타,,,,,,,,,,0,0,0,0,0,0,,,
asset_fund_link,ast_4d1430b5f175,공모주,,physical_asset,,,,,,,,,,A112709003,verified,unknown,not_checked,,300035,이지스하이일드공모주일반사모투자신탁제2호(Class C2),하이일드2호(C2),청산,기타,국내,헤지펀드운용파트,헤지펀드운용파트,이병윤,이병윤,2024-08-19,2026-03-19,,0,0,0,0,0,청산,펀드 AUM 관리_20260515.xlsx,inferred_underlying_asset,direct_owner,inferred_direct,,unallocated,True,False,,,,,,,38,447319774794,447319774794,447319774794,0,0,,,,,기타,,,,,,,,,,0,0,0,0,0,0,,,
asset_fund_link,ast_4d1430b5f175,공모주,,physical_asset,,,,,,,,,,A112709003,verified,unknown,not_checked,,300036,이지스셀렉트K리츠목표달성형일반사모투자신탁,셀렉K리츠목표달성형,청산,기타,국내,대체증권투자파트,대체증권투자파트,신영찬,신영찬,2024-09-30,2025-10-22,,5003020211,5003020211,5003020211,0,0,청산,펀드 AUM 관리_20260515.xlsx,inferred_underlying_asset,direct_owner,inferred_direct,,unallocated,True,False,,,,,,,38,447319774794,447319774794,447319774794,0,0,,,,,기타,,,,,,,,,,0,0,0,0,0,0,,,
asset_fund_link,ast_4d1430b5f175,공모주,,physical_asset,,,,,,,,,,A112709003,verified,unknown,not_checked,,300037,이지스블루ON일반사모투자신탁제1호,블루ON1호,운용,기타,국내,헤지펀드운용파트,헤지펀드운용파트,유윤재,유윤재,2024-10-04,2031-10-31,,16000000000,16000000000,16000000000,0,0,운용,펀드 AUM 관리_20260515.xlsx,inferred_underlying_asset,direct_owner,inferred_direct,,unallocated,True,False,,,,,,,38,447319774794,447319774794,447319774794,0,0,,,,,기타,,,,,,,,,,0,0,0,0,0,0,,,
asset_fund_link,ast_4d1430b5f175,공모주,,physical_asset,,,,,,,,,,A112709003,verified,unknown,not_checked,,300039,이지스멀티드래곤일반사모투자신탁제2호,멀티드래곤2호,운용,기타,국내,헤지펀드운용파트,헤지펀드운용파트,문석호,문석호,2024-10-15,2029-10-15,,20500000000,20500000000,20500000000,0,0,운용,펀드 AUM 관리_20260515.xlsx,inferred_underlying_asset,direct_owner,inferred_direct,,unallocated,True,False,,,,,,,38,447319774794,447319774794,447319774794,0,0,,,,,기타,,,,,,,,,,0,0,0,0,0,0,,,
asset_fund_link,ast_f230c76d6975,"AA- 이상 채권, 국내 상장 리츠, 공모주, 스팩",,physical_asset,,,,,,,,,,A112710001,verified,unknown,not_checked,,300040,이지스그린ON일반사모투자신탁제1호,그린ON1호,청산,기타,국내,헤지펀드운용파트,헤지펀드운용파트,유윤재,유윤재,2024-11-08,2025-06-24,,4254673231,4254673231,4254673231,0,0,청산,펀드 AUM 관리_20260515.xlsx,inferred_underlying_asset,direct_owner,inferred_direct,,unallocated,True,False,,,,,,,5,36195427790,36195427790,36195427790,0,0,,,,,기타,,,,,,,,,,0,0,0,0,0,0,,,
asset_fund_link,ast_4d1430b5f175,공모주,,physical_asset,,,,,,,,,,A112709003,verified,unknown,not_checked,,300044,이지스코스닥벤처일반사모투자신탁제2호,코스닥벤처2호,운용,기타,국내,헤지펀드운용파트,헤지펀드운용파트,김유진A,김유진A,2024-11-06,2027-11-06,,12999190219,12999190219,12999190219,0,0,운용,펀드 AUM 관리_20260515.xlsx,inferred_underlying_asset,direct_owner,inferred_direct,,unallocated,True,False,,,,,,,38,447319774794,447319774794,447319774794,0,0,,,,,기타,,,,,,,,,,0,0,0,0,0,0,,,
asset_fund_link,ast_4d1430b5f175,공모주,,physical_asset,,,,,,,,,,A112709003,verified,unknown,not_checked,,300047,이지스그린ON일반사모투자신탁제2호,그린ON2호,청산,기타,국내,헤지펀드운용파트,헤지펀드운용파트,이병윤,이병윤,2025-02-27,2025-12-05,,16099078097,16099078097,16099078097,0,0,청산,펀드 AUM 관리_20260515.xlsx,inferred_underlying_asset,direct_owner,inferred_direct,,unallocated,True,False,,,,,,,38,447319774794,447319774794,447319774794,0,0,,,,,기타,,,,,,,,,,0,0,0,0,0,0,,,
asset_fund_link,ast_4d1430b5f175,공모주,,physical_asset,,,,,,,,,,A112709003,verified,unknown,not_checked,,300050,이지스멀티드래곤일반사모투자신탁제4호,멀티드래곤4호,운용,기타,국내,헤지펀드운용파트,헤지펀드운용파트,이병윤,이병윤,2025-02-27,2026-09-27,,13903849353,13903849353,13903849353,0,0,운용,펀드 AUM 관리_20260515.xlsx,inferred_underlying_asset,direct_owner,inferred_direct,,unallocated,True,False,,,,,,,38,447319774794,447319774794,447319774794,0,0,,,,,기타,,,,,,,,,,0,0,0,0,0,0,,,
asset_fund_link,ast_4d1430b5f175,공모주,,physical_asset,,,,,,,,,,A112709003,verified,unknown,not_checked,,300051,이지스BDC플러스일반사모투자신탁1호,BDC1호,운용,기타,해외,채권투자파트,채권투자파트,강신규,강신규,2025-05-14,2026-05-14,,2999961788,2999961788,2999961788,0,0,운용,펀드 AUM 관리_20260515.xlsx,inferred_underlying_asset,direct_owner,inferred_direct,,unallocated,True,False,,,,,,,38,447319774794,447319774794,447319774794,0,0,,,,,기타,,,,,,,,,,0,0,0,0,0,0,,,
asset_fund_link,ast_4d1430b5f175,공모주,,physical_asset,,,,,,,,,,A112709003,verified,unknown,not_checked,,300052,이지스멀티드래곤일반사모투자신탁제5호,멀티드래곤5호,운용,기타,국내,헤지펀드운용파트,헤지펀드운용파트,김유진A,김유진A,2025-05-30,2031-05-30,,11500000000,11500000000,11500000000,0,0,운용,펀드 AUM 관리_20260515.xlsx,inferred_underlying_asset,direct_owner,inferred_direct,,unallocated,True,False,,,,,,,38,447319774794,447319774794,447319774794,0,0,,,,,기타,,,,,,,,,,0,0,0,0,0,0,,,
asset_fund_link,ast_fbe13b6b1e0a,글로벌 리츠,,physical_asset,,,,,,,,,,A112260001,verified,unknown,not_checked,,300053,이지스글로벌리츠섹터포커스SMA일반사모부동산투자신탁2호,리츠섹터SMA2호,운용,지분증권,해외,대체증권투자파트,대체증권투자파트,신영찬,신영찬,2025-07-02,2035-07-02,,148330000000,134654826713,148330000000,0,0,운용,펀드 AUM 관리_20260515.xlsx,inferred_underlying_asset,direct_owner,inferred_direct,,unallocated,True,False,,,,,,,7,164155106596,150479933309,164155106596,0,0,,,,,기타,,,,,,,,,,0,0,0,0,0,0,POBA 글로벌리츠위탁운용펀드,,
asset_fund_link,ast_4d1430b5f175,공모주,,physical_asset,,,,,,,,,,A112709003,verified,unknown,not_checked,,300054,이지스그린ON일반사모투자신탁제3호,그린ON3호,청산,기타,국내,헤지펀드운용파트,헤지펀드운용파트,문석호,문석호,2025-07-30,2025-11-05,,6101329120,6101329120,6101329120,0,0,청산,펀드 AUM 관리_20260515.xlsx,inferred_underlying_asset,direct_owner,inferred_direct,,unallocated,True,False,,,,,,,38,447319774794,447319774794,447319774794,0,0,,,,,기타,,,,,,,,,,0,0,0,0,0,0,,,
asset_fund_link,ast_4d1430b5f175,공모주,,physical_asset,,,,,,,,,,A112709003,verified,unknown,not_checked,,300057,이지스 멀티플러스 일반사모투자신탁 제2호(운용),멀티플러스2호,운용,기타,국내,헤지펀드운용파트,헤지펀드운용파트,김유진A,김유진A,2025-07-17,2028-07-17,,13239147480,13239147480,13239147480,0,0,운용,펀드 AUM 관리_20260515.xlsx,inferred_underlying_asset,direct_owner,inferred_direct,,unallocated,True,False,,,,,,,38,447319774794,447319774794,447319774794,0,0,,,,,기타,,,,,,,,,,0,0,0,0,0,0,,,
asset_fund_link,ast_4d1430b5f175,공모주,,physical_asset,,,,,,,,,,A112709003,verified,unknown,not_checked,,300061,이지스블랙ON일반사모투자신탁제1호,블랙ON1호,운용,기타,혼합,헤지펀드운용파트,헤지펀드운용파트,문석호,문석호,2025-07-22,2027-07-22,,20200000000,20200000000,20200000000,0,0,운용,펀드 AUM 관리_20260515.xlsx,inferred_underlying_asset,direct_owner,inferred_direct,,unallocated,True,False,,,,,,,38,447319774794,447319774794,447319774794,0,0,,,,,기타,,,,,,,,,,0,0,0,0,0,0,,,
asset_fund_link,ast_4d1430b5f175,공모주,,physical_asset,,,,,,,,,,A112709003,verified,unknown,not_checked,,300063,이지스 K-프런티어 일반사모투자신탁 제1호,K-프런티어1호,운용,기타,국내,헤지펀드운용파트,헤지펀드운용파트,김정훈,김정훈,2025-08-07,,,7911239108,7911239108,7911239108,0,0,운용,펀드 AUM 관리_20260515.xlsx,inferred_underlying_asset,direct_owner,inferred_direct,,unallocated,True,False,,,,,,,38,447319774794,447319774794,447319774794,0,0,,,,,기타,,,,,,,,,,0,0,0,0,0,0,,,
asset_fund_link,ast_4d1430b5f175,공모주,,physical_asset,,,,,,,,,,A112709003,verified,unknown,not_checked,,300073,이지스레포플러스일반사모투자신탁제1호,레포플러스1호,운용,기타,국내,채권투자파트,채권투자파트,강신규,강신규,2026-01-20,,,60000000000,60000000000,60000000000,0,0,운용,펀드 AUM 관리_20260515.xlsx,inferred_underlying_asset,direct_owner,inferred_direct,,unallocated,True,False,,,,,,,38,447319774794,447319774794,447319774794,0,0,,,,,기타,,,,,,,,,,0,0,0,0,0,0,,,
asset_fund_link,ast_4d1430b5f175,공모주,,physical_asset,,,,,,,,,,A112709003,verified,unknown,not_checked,,300074,이지스코스닥벤처일반사모투자신탁제3호,코스닥벤처3호,운용,기타,국내,헤지펀드운용파트,헤지펀드운용파트,김유진A,김유진A,2025-10-30,2028-10-30,,11000000000,11000000000,11000000000,0,0,운용,펀드 AUM 관리_20260515.xlsx,inferred_underlying_asset,direct_owner,inferred_direct,,unallocated,True,False,,,,,,,38,447319774794,447319774794,447319774794,0,0,,,,,기타,,,,,,,,,,0,0,0,0,0,0,,,
asset_fund_link,ast_4d1430b5f175,공모주,,physical_asset,,,,,,,,,,A112709003,verified,unknown,not_checked,,300075,이지스하이일드공모주일반사모투자신탁제3호,하이일드공모주3호,운용,기타,국내,헤지펀드운용파트,헤지펀드운용파트,이병윤,이병윤,2026-01-26,2027-08-26,,14000150023,14000150023,14000150023,0,0,운용,펀드 AUM 관리_20260515.xlsx,inferred_underlying_asset,direct_owner,inferred_direct,,unallocated,True,False,,,,,,,38,447319774794,447319774794,447319774794,0,0,,,,,기타,,,,,,,,,,0,0,0,0,0,0,,,
asset_fund_link,ast_4d1430b5f175,공모주,,physical_asset,,,,,,,,,,A112709003,verified,unknown,not_checked,,300076,이지스그린ON 일반사모투자신탁제4호(운용),그린ON4호,운용,기타,국내,헤지펀드운용파트,헤지펀드운용파트,문석호,문석호,2026-01-28,2027-07-28,,13489108911,13489108911,13489108911,0,0,운용,펀드 AUM 관리_20260515.xlsx,inferred_underlying_asset,direct_owner,inferred_direct,,unallocated,True,False,,,,,,,38,447319774794,447319774794,447319774794,0,0,,,,,기타,,,,,,,,,,0,0,0,0,0,0,,,
asset_fund_link,ast_4d1430b5f175,공모주,,physical_asset,,,,,,,,,,A112709003,verified,unknown,not_checked,,300079,이지스멀티드래곤일반사모투자신탁제6호,멀티드래곤6호,운용,기타,국내,헤지펀드운용파트,헤지펀드운용파트,김유진A,김유진A,2026-02-23,2030-02-23,,11500000000,11500000000,11500000000,0,0,운용,펀드 AUM 관리_20260515.xlsx,inferred_underlying_asset,direct_owner,inferred_direct,,unallocated,True,False,,,,,,,38,447319774794,447319774794,447319774794,0,0,,,,,기타,,,,,,,,,,0,0,0,0,0,0,,,
asset_fund_link,ast_4d1430b5f175,공모주,,physical_asset,,,,,,,,,,A112709003,verified,unknown,not_checked,,300080,이지스블루ON 일반사모투자신탁제2호(운용),블루ON2호,운용,기타,국내,헤지펀드운용파트,헤지펀드운용파트,문석호,문석호,2026-03-09,,,10989697593,10989697593,10989697593,0,0,운용,펀드 AUM 관리_20260515.xlsx,inferred_underlying_asset,direct_owner,inferred_direct,,unallocated,True,False,,,,,,,38,447319774794,447319774794,447319774794,0,0,,,,,기타,,,,,,,,,,0,0,0,0,0,0,,,
asset_fund_link,ast_1f446ce9025d,홈플러스죽도점 (투자),리테일,physical_asset,,,,KR,,경상북도 포항시 북구 죽도동 50-1,36.0308993275045,129.365099982428,4711311600100500001,A112018003,auto_created,unknown,found,2026-06-01T07:02:19.332403+00:00,R00002,이지스수익형부동산제319호위탁관리부동산투자회사,R수익형319호,미설정,,,,,,,,,,,,,,,,펀드 AUM 관리_20260515.xlsx,inferred_underlying_asset,direct_owner,inferred_direct,,unallocated,True,False,,,,,,,5,236500000000,160500000000,107500000000,118000000000,11000000000,5089.0,20254.0,79.19,398.0,리테일,일반철골구조,6,0,,옥내 205 / 옥외 82,25.7,2001-01-02,BldRgstHubService.getBrTitleInfo,0.95,708000000000,252000000000,322500000000,322500000000,3,6,홈플러스 3개소 | 홈플러스 전주효자,이지스 19호 홈플러스 삼천포/포항죽도/진주점,
